# Fix print output for fix 2
10000 2.1303126830442e-28 1.23006399199128e-32 1.4057874194186e-32 2.13057626818535e-28
11000 0.88698732681125 0.890288628290159 0.888535376267803 2.66581133136921
12000 1.47790002612456 1.46710822441508 1.46087877996211 4.40588703050175
13000 2.02362355437485 2.03207639871298 2.00840474881122 6.06410470189905
14000 2.58535008122789 2.57687653861802 2.55752214459629 7.7197487644422
15000 3.14250359449843 3.11344483453811 3.07044053105945 9.32638896009599
16000 3.66033977804728 3.64117989935176 3.59863842552705 10.9001581029261
17000 4.20175240289169 4.17526422555687 4.1244236724315 12.5014403008801
18000 4.74126462230379 4.67081138755088 4.62241067467376 14.0344866845284
19000 5.27724593025321 5.21739068232705 5.17287764390876 15.667514256489
20000 5.83107725640534 5.76300986529263 5.68102655102768 17.2751136727257
21000 6.35839567373513 6.28653877517724 6.21242166536647 18.8573561142788
22000 6.8692531909901 6.76340379940137 6.74319416997849 20.37585116037
23000 7.37843844656631 7.25227627524448 7.21354660632898 21.8442613281398
24000 7.90758948247339 7.74732338706494 7.69168569468561 23.3465985642239
25000 8.38926763229926 8.28158785126703 8.1935763961535 24.8644318797198
26000 8.89104815903099 8.7857796535126 8.70372836935734 26.3805561819009
27000 9.40356943193918 9.28373785718557 9.21828011366691 27.9055874027917
28000 9.91300647997479 9.76948450607736 9.75331143801502 29.4358024240672
29000 10.4591776370097 10.2599199861021 10.2268043868721 30.9459020099839
30000 10.956301305831 10.7266357917033 10.6983165039477 32.381253601482
31000 11.4779264481843 11.240529385889 11.1931738532296 33.9116296873028
32000 11.9702489721678 11.7054740647164 11.6770190090574 35.3527420459416
33000 12.5046060541332 12.2543466715171 12.1565989763029 36.9155517019532
34000 12.9967329138486 12.7559723453264 12.6846362790143 38.4373415381893
35000 13.4600140142086 13.251787082321 13.1668476050051 39.8786487015347
36000 13.9288940489116 13.7238624524094 13.6165863883323 41.2693428896532
37000 14.4001761181919 14.1884565389775 14.0610953387272 42.6497279958966
38000 14.8848298172917 14.6892200739994 14.5583267765599 44.132376667851
39000 15.4170804008318 15.1527801232164 15.0461068113377 45.6159673353859
40000 15.8709449614915 15.6148957071021 15.5234542952229 47.0092949638166
41000 16.3775420493572 16.1161535761961 16.0144942307212 48.5081898562745
42000 16.8666161597283 16.5776571086426 16.4377680464396 49.8820413148105
43000 17.3554697556168 17.0955982493104 16.9190985434159 51.3701665483431
44000 17.8198777158828 17.5455558657264 17.3869463550162 52.7523799366254
45000 18.3354994534459 18.0840308341172 17.8991408098395 54.3186710974025
46000 18.8755509993634 18.6183102572542 18.3700810596552 55.8639423162727
47000 19.3987009106323 19.0622414691183 18.8321621445475 57.2931045242981
48000 19.9149969412397 19.4947601184275 19.3330640860713 58.7428211457384
49000 20.4055289215791 19.9430943478191 19.783762391237 60.1323856606352
50000 20.8819909387358 20.4016958099052 20.255589043684 61.539275792325
51000 21.357986118945 20.843214097097 20.7274561577417 62.9286563737837
52000 21.8280197069228 21.2769735677731 21.2045320279261 64.309525302622
53000 22.3929348413073 21.7613545288879 21.7023531978514 65.8566425680466
54000 22.8805985943459 22.2158829461169 22.1845664482902 67.281047988753
55000 23.4052552039246 22.7294686700687 22.6619778805716 68.7967017545649
56000 23.8592789792665 23.2026874346141 23.1290350265933 70.1910014404739
57000 24.3083305936214 23.6663043292359 23.6433523577134 71.6179872805706
58000 24.8193487363781 24.1326395423995 24.0993745952975 73.0513628740751
59000 25.3284513792548 24.6119144088659 24.5321663266111 74.4725321147317
60000 25.7655313102446 25.0912292119998 24.9568899574245 75.8136504796689
61000 26.2457573972301 25.5328581049747 25.3982120769643 77.1768275791691
62000 26.7694101555825 26.023149347516 25.9047766360582 78.6973361391567
63000 27.227636798297 26.4838374231771 26.3300320732513 80.0415062947255
64000 27.6498992462304 26.9910953449455 26.776168461576 81.4171630527519
65000 28.2016960262445 27.4575143655286 27.3039200764846 82.9631304682577
66000 28.6917718191124 27.9804643764621 27.7344542182244 84.4066904137989
67000 29.1683865759975 28.4364713601288 28.1799719254191 85.7848298615453
68000 29.6328343304015 28.940480772171 28.6267103150035 87.200025417576
69000 30.084766935239 29.4146549587819 29.0857396978327 88.5851615918536
70000 30.5905143441478 29.8180004345104 29.5663391665203 89.9748539451784
71000 31.04250871773 30.3109345750472 30.0263511864341 91.3797944792113
72000 31.50756522285 30.7232315327799 30.5057740333559 92.7365707889858
73000 31.9206650455324 31.2225489888435 30.9607689161142 94.1039829504901
74000 32.4322234746068 31.6796647011778 31.4159321825999 95.5278203583846
75000 32.879246201588 32.1292598438595 31.9219646634588 96.9304707089063
76000 33.3259498785754 32.6194655295877 32.3421785496034 98.2875939577665
77000 33.7637456425762 33.1198654840076 32.8234044912193 99.707015617803
78000 34.2662109105226 33.5117498730786 33.2684801711274 101.046440954729
79000 34.7515782031341 33.9360737703108 33.7537072212948 102.44135919474
80000 35.1499138079491 34.4036191872196 34.2456797479457 103.799212743114
81000 35.6219994124176 34.8543979341408 34.7034744760566 105.179871822615
82000 36.1468192217078 35.2773811047471 35.0801343636093 106.504334690064
83000 36.6361524236791 35.7485319405162 35.5483701362556 107.933054500451
84000 37.1888583748275 36.2437657005845 35.9836856833126 109.416309758725
85000 37.6409057939045 36.6585221553671 36.4469732590449 110.746401208316
86000 38.1615804304655 37.1224398630637 36.9633803994296 112.247400692959
87000 38.6389736993592 37.5998209375038 37.3412719421686 113.580066579032
88000 39.1417515161937 38.0277968847601 37.7927014923469 114.962249893301
89000 39.6413306112779 38.5387032599707 38.2274359895398 116.407469860788
90000 40.168913234261 39.0379857908934 38.6227482135673 117.829647238722
91000 40.5964063470059 39.4704760089487 39.0393340437088 119.106216399663
92000 41.1211548610368 39.9635039185579 39.4146048218847 120.499263601479
93000 41.6156077993771 40.4522733084714 39.8785820083594 121.946463116208
94000 42.0667149335906 40.9489037175934 40.4067987228659 123.42241737405
95000 42.5842980392936 41.4583632639883 40.8403554866447 124.883016789927
96000 43.0279339378291 41.8877107810323 41.2977123929028 126.213357111764
97000 43.5689797625323 42.2540508604533 41.6944451535197 127.517475776505
98000 44.0651298546433 42.7982534340445 42.1931699066869 129.056553195375
99000 44.4865771410857 43.2919838890675 42.6757102584132 130.454271288566
100000 44.9347153902923 43.7788023098256 43.2034518274917 131.91696952761
101000 45.41808410039 44.2393551344422 43.6366869378731 133.294126172705
102000 45.8797770038274 44.7381520949281 44.1262723513089 134.744201450064
103000 46.3650235739992 45.1845124717424 44.6101191148251 136.159655160567
104000 46.9010283798616 45.6309379122268 45.078270907048 137.610237199136
105000 47.3436964190312 46.0569917776728 45.5557704687019 138.956458665406
106000 47.7963950826837 46.48437503282 46.0393553283399 140.320125443844
107000 48.2922212585455 46.9184208343646 46.4222098209544 141.632851913865
108000 48.7505743664722 47.3892633853122 46.848170718261 142.988008470045
109000 49.1631862652675 47.7957114793131 47.3002554935572 144.259153238138
110000 49.6428248008298 48.255659369658 47.7643933703599 145.662877540848
111000 50.0898552507208 48.7566288181213 48.2626982527821 147.109182321624
112000 50.6074345129111 49.2005702208711 48.7413651096319 148.549369843414
113000 51.0950998433872 49.7182262113584 49.1709350496594 149.984261104405
114000 51.5636952245762 50.1962548570641 49.6476225700464 151.407572651687
115000 52.091000419726 50.5759603621423 50.1025019704023 152.769462752271
116000 52.5269750113182 51.0624588368198 50.5379232240774 154.127357072215
117000 52.9797102888894 51.5005943522375 50.9745514026201 155.454856043747
118000 53.4773929383395 51.9941791281834 51.4390707830326 156.910642849555
119000 53.8751955105284 52.421137575814 51.8694917339721 158.165824820315
120000 54.3370028638342 52.8876803227503 52.3636794268829 159.588362613467
121000 54.8173714912974 53.4517573911207 52.8561026063122 161.12523148873
122000 55.3454721137998 53.9368267599336 53.4039332170998 162.686232090833
123000 55.7387523360965 54.332998459871 53.8850562530644 163.956807049032
124000 56.2294877313938 54.7830035217638 54.306883572841 165.319374825999
125000 56.6580377416845 55.2590123869253 54.7070942013919 166.624144330002
126000 57.1781370742915 55.6240367762563 55.1547914476418 167.95696529819
127000 57.6507056823506 56.1228769973826 55.6160194306187 169.389602110352
128000 58.0926094841992 56.6449681545227 56.1088498650191 170.846427503741
129000 58.5902662401984 57.1064971256578 56.5501097039328 172.246873069789
130000 59.1323491820981 57.5361239693722 57.0166291293676 173.685102280838
131000 59.6038081429709 57.9925331729939 57.4742427820743 175.070584098039
132000 60.057629912346 58.5274886859663 57.9479529356718 176.533071533984
133000 60.5089857181841 59.0043905295169 58.3533987774526 177.866775025154
134000 60.9274450059648 59.4109585722784 58.7847824571099 179.123186035353
135000 61.33165633374 59.8782495949954 59.2729635632015 180.482869491937
136000 61.7413009386469 60.2830464240672 59.6825050370949 181.706852399809
137000 62.1516660678615 60.734057232497 60.1151396705329 183.000862970891
138000 62.6243913244456 61.1748677477445 60.544255741729 184.343514813919
139000 63.1061944951918 61.6566472395615 61.0195650179355 185.782406752689
140000 63.5495799331434 62.0721610710674 61.5604997342643 187.182240738475
141000 64.0369296996404 62.4844476711377 61.9385378936848 188.459915264463
142000 64.5632465381882 63.0833347442393 62.3877316154298 190.034312897857
143000 64.9931816837999 63.5524552895905 62.7980748816245 191.343711855015
144000 65.4746490882831 63.8984849541233 63.2007432533253 192.573877295732
145000 65.9228800332162 64.3298162147481 63.6185682380025 193.871264485967
146000 66.4248265048365 64.778408003298 64.1052558943859 195.30849040252
147000 66.8614276196982 65.2305329980291 64.5926904877647 196.684651105492
148000 67.2948264773667 65.6493209592483 65.0344351757536 197.978582612369
149000 67.8561865069249 66.0352050447748 65.4959460198392 199.387337571539
150000 68.2596242858735 66.5543682356296 65.9323716858451 200.746364207348
151000 68.6989093484632 67.003165063387 66.4105453695088 202.112619781359
152000 69.1261360914508 67.3853535671221 66.9137258223944 203.425215480967
153000 69.5729999549607 67.7858548768261 67.4302205815492 204.789075413336
154000 70.0524377575377 68.3023744796334 67.7967556177431 206.151567854914
155000 70.4481597559699 68.7300130890317 68.2529383929306 207.431111237932
156000 70.8901635158413 69.1939744481529 68.7257224144725 208.809860378467
157000 71.2613945506571 69.6304451635893 69.0590415881588 209.950881302405
158000 71.7861379218351 70.1922394137034 69.5425574067983 211.520934742337
159000 72.1966617259883 70.643040667076 70.0353956961073 212.875098089172
160000 72.663836772362 71.0688049002236 70.4017491711756 214.134390843761
161000 73.135640312707 71.525904028384 70.8130610811223 215.474605422213
162000 73.5799139154883 71.9353374278519 71.288623524666 216.803874868006
163000 73.9844768538417 72.3889668076979 71.6811391366139 218.054582798153
164000 74.5175902772255 72.8329317493848 72.0706577659169 219.421179792527
165000 75.0284485293332 73.2563098088947 72.4484474120791 220.733205750307
166000 75.496837990259 73.731106094742 72.9119273091265 222.139871394128
167000 75.9678027987451 74.1823005885441 73.3638731204743 223.513976507763
168000 76.3336368321686 74.6893398799658 73.7994949778615 224.822471689996
169000 76.9204546493799 75.1563798717487 74.1436470291946 226.220481550323
170000 77.3169411061868 75.5142674895549 74.6954536503248 227.526662246066
171000 77.7491363905967 75.9525394832862 75.1311550826421 228.832830956525
172000 78.1267466983073 76.3848866639899 75.5677044832364 230.079337845534
173000 78.5507490323007 76.8138681383848 75.9943566391253 231.358973809811
174000 79.0087630174509 77.3182816045539 76.4455917566303 232.772636378635
175000 79.4562950165215 77.7494084989232 77.0053878576133 234.211091373058
176000 79.9182208266955 78.221011368212 77.4723742850249 235.611606479932
177000 80.3215274478815 78.5615991941076 77.9384138676911 236.82154050968
178000 80.8304207955927 79.1016505829307 78.4281123315472 238.360183710071
179000 81.4007765659382 79.4938081594436 78.8064855299472 239.701070255329
180000 81.8055212966408 79.9494173137146 79.26056080734 241.015499417695
181000 82.3161833688642 80.3707408455557 79.7232672157751 242.410191430195
182000 82.7690724406203 80.8946554401336 80.2274898239604 243.891217704714
183000 83.2720933988517 81.4166359702229 80.6662993857467 245.355028754821
184000 83.6880601143531 81.771106921314 81.1251626541109 246.584329689778
185000 84.1426333557811 82.2415900277379 81.5687380144176 247.952961397937
186000 84.551660493222 82.6259388302466 82.0993739431098 249.276973266578
187000 84.9002714444367 83.1633418268219 82.5472097932614 250.61082306452
188000 85.3225291992131 83.5248228735784 82.9212877335767 251.768639806368
189000 85.701379757955 84.0449435613577 83.3576565962995 253.103979915612
190000 86.2353278950505 84.3985466038482 83.7841627601311 254.41803725903
191000 86.7578170801329 84.8131389223795 84.2215354120792 255.792491414592
192000 87.2711004926609 85.3188484181769 84.6931371949779 257.283086105816
193000 87.6858481690576 85.840735503382 85.2387783070903 258.76536197953
194000 88.1623669081925 86.3387867119002 85.7261252998476 260.22727891994
195000 88.611846423369 86.7376769936335 86.164932056958 261.51445547396
196000 89.1007534425888 87.131832257337 86.546639038547 262.779224738473
197000 89.4364036867585 87.654523371187 87.0034911986617 264.094418256607
198000 89.8677663529608 88.0501804178447 87.4525589380905 265.370505708896
199000 90.3516207691936 88.5175356316849 87.8840411477366 266.753197548615
200000 90.8151349292804 88.918773179111 88.3354619033803 268.069370011772
201000 91.2767994443611 89.3873135342583 88.788782152766 269.452895131385
202000 91.7411993720571 89.8902690093398 89.2165723779466 270.848040759344
203000 92.2774472879018 90.3462771794882 89.6822687071874 272.305993174577
204000 92.7590114215594 90.7874493836392 90.1264545477963 273.672915352995
205000 93.2206278226282 91.2468208975227 90.5520768629982 275.019525583149
206000 93.5966871997851 91.7057990260754 90.9261906936799 276.22867691954
207000 94.0765041785752 92.216976686804 91.3342485074154 277.627729372795
208000 94.5589938068937 92.6805568494554 91.8756286224684 279.115179278818
209000 95.0400617467194 93.0686123556606 92.3302821669868 280.438956269367
210000 95.5441264636834 93.5664930519626 92.7740637171563 281.884683232802
211000 96.0237480456398 94.0272321464841 93.2620676080902 283.313047800214
212000 96.4306013284844 94.4709559994102 93.6267009242969 284.528258252192
213000 96.911615139024 94.9944464661622 94.0938661213009 285.999927726487
214000 97.3663528138498 95.5233644269455 94.569777489013 287.459494729808
215000 97.8363769939844 95.8831341269238 95.043975455416 288.763486576324
216000 98.272311381253 96.3448832255125 95.4126588811038 290.029853487869
217000 98.5881979990759 96.6999542123218 95.7507313754198 291.038883586818
218000 99.0786914706687 97.176226781216 96.2389103766785 292.493828628563
219000 99.6141677194916 97.6166249926237 96.6009884267279 293.831781138843
220000 99.9764415777643 98.1491906581156 97.0351890951821 295.160821331062
221000 100.51188293756 98.6055958469388 97.5548056317019 296.672284416201
222000 100.975183485392 99.0284821790187 97.8628624191222 297.866528083533
223000 101.466961569893 99.5107378823223 98.3456617121522 299.323361164368
224000 101.96547651852 100.004683691536 98.6790932933184 300.649253503374
225000 102.311910803597 100.466973413709 99.1522281237249 301.931112341031
226000 102.728974314311 100.890435439308 99.6221884192728 303.241598172892
227000 103.159907721012 101.251770345669 100.018213477461 304.429891544141
228000 103.695427393002 101.631109968354 100.420128583951 305.746665945307
229000 104.103546352411 101.988513683019 100.957604801074 307.049664836504
230000 104.668887452215 102.475761698007 101.392771651888 308.53742080211
231000 105.061825710019 103.008279459946 101.839509904609 309.909615074574
232000 105.548539855944 103.581855770116 102.395570174557 311.525965800616
233000 106.077884778267 103.94482347208 102.810714182187 312.833422432534
234000 106.394714644383 104.428163200948 103.197070773038 314.019948618368
235000 106.86818172961 104.926588081136 103.588406302092 315.383176112839
236000 107.372596190374 105.292159037907 103.964592368156 316.629347596437
237000 107.751721040086 105.73212603731 104.474533913345 317.958380990741
238000 108.238399376417 106.1450682792 104.938668006653 319.32213566227
239000 108.665787097738 106.684366113821 105.35099644519 320.701149656749
240000 109.118159133255 107.117285604665 105.726315339602 321.961760077523
241000 109.538847383058 107.618064023199 106.277844983317 323.434756389574
242000 109.95793439096 108.080937872681 106.691809849093 324.730682112734
243000 110.492872187977 108.543136413355 107.133985122824 326.169993724157
244000 111.026169766373 108.880270112023 107.586032334603 327.492472212999
245000 111.374681341112 109.406181360572 107.997531744845 328.778394446529
246000 111.810911654333 109.920127245419 108.4145349617 330.145573861451
247000 112.286658073682 110.2845947587 108.858588135011 331.429840967393
248000 112.726330725267 110.699469231008 109.301544761813 332.727344718089
249000 113.190389379768 111.149741923048 109.798575894313 334.138707197129
250000 113.759492452664 111.575732363886 110.074704443919 335.40992926047
251000 114.195033326032 111.947097602644 110.566410392815 336.708541321491
252000 114.651951149833 112.393080159718 111.09117866697 338.136209976521
253000 115.042075440893 112.858222808156 111.499984245738 339.400282494787
254000 115.47149721553 113.345328872144 111.972194154972 340.789020242647
255000 115.95690399803 113.840516985231 112.332919151134 342.130340134395
256000 116.454862981446 114.238415000372 112.787275661163 343.480553642981
257000 116.963281748754 114.663611433184 113.329960848692 344.95685403063
258000 117.46480965519 115.028123571637 113.734054606336 346.226987833162
259000 117.859826153628 115.443282143591 114.214724842991 347.517833140209
260000 118.366315776601 115.843549932551 114.551426699512 348.761292408664
261000 118.824126152597 116.192444500383 114.887577078536 349.904147731516
262000 119.269272507681 116.707592785782 115.324128970992 351.300994264455
263000 119.7300168286 117.13880932423 115.682164671834 352.550990824663
264000 120.291627877412 117.610568554291 116.125224812624 354.027421244327
265000 120.74417765734 118.095822467642 116.458737441439 355.298737566421
266000 121.095718152198 118.479627781083 116.844171035581 356.419516968861
267000 121.448098405282 118.967148840289 117.228232186514 357.643479432085
268000 121.977344754002 119.377683372833 117.738254861313 359.093282988148
269000 122.385208955911 119.932208713565 118.21192156231 360.529339231787
270000 122.864148016702 120.360821766381 118.579782891558 361.804752674642
271000 123.231685745486 120.700986248725 119.065411743195 362.998083737406
272000 123.657456156448 121.214503629611 119.569862786644 364.441822572703
273000 124.057833987084 121.570677728502 119.966811185185 365.595322900772
274000 124.531219532116 122.056088219288 120.326630342509 366.913938093913
275000 125.049139331611 122.592413510837 120.838869664784 368.480422507233
276000 125.472716500915 123.026858099234 121.30814287286 369.807717473009
277000 125.940599360586 123.568118530179 121.700165675877 371.208883566642
278000 126.420203961487 123.966883799749 122.187119035232 372.574206796469
279000 126.874212393274 124.41716211545 122.517912262939 373.809286771664
280000 127.245588730696 124.923594544287 123.010770473814 375.179953748796
281000 127.71050484034 125.295106211809 123.395823579958 376.401434632107
282000 128.196410635251 125.679278416047 123.894633832656 377.770322883954
283000 128.673629630149 126.086323755165 124.266682757079 379.026636142392
284000 129.161508743965 126.525822909114 124.714490680707 380.401822333785
285000 129.578595751872 127.038423332345 125.226252966685 381.843272050902
286000 129.893799041069 127.486133946566 125.541259351647 382.921192339282
287000 130.431506854097 127.936166901367 125.893518709155 384.261192464618
288000 130.985943276778 128.396959012108 126.299592923567 385.682495212453
289000 131.316756865491 128.693478919873 126.729858919469 386.740094704832
290000 131.750548461541 129.12949910008 127.028555460187 387.908603021808
291000 132.160108927573 129.641818650594 127.384781569691 389.186709147858
292000 132.484165731235 130.08122056579 127.811923819435 390.37731011646
293000 132.904554287943 130.476462394221 128.268100565265 391.64911724743
294000 133.352153733001 131.066887644518 128.698665671619 393.117707049137
295000 133.812610862229 131.476535716539 129.012859762237 394.302006341005
296000 134.185132212861 131.924584420067 129.536607722913 395.646324355841
297000 134.565633307682 132.424719483409 130.050557652744 397.040910443836
298000 134.977301140248 132.863295209925 130.498115311898 398.338711662072
299000 135.46352820964 133.308496250846 130.91471970245 399.686744162936
300000 136.025906445537 133.834699456754 131.429593297788 401.29019920008
301000 136.481134263637 134.412245285678 131.95584901901 402.849228568324
302000 136.878178402169 134.771245768948 132.354310032671 404.003734203788
303000 137.375777929394 135.193451611617 132.82741401479 405.396643555801
304000 137.665645399046 135.716243872086 133.267364858929 406.649254130061
305000 138.131952939993 136.212631478037 133.665900564209 408.010484982239
306000 138.580471052129 136.618318921227 134.097189325828 409.295979299184
307000 139.121792938406 137.079829486152 134.58462927708 410.786251701638
308000 139.447447603857 137.541532902668 135.000309563625 411.98929007015
309000 139.90030366044 137.937249974241 135.396701654909 413.23425528959
310000 140.353495407401 138.502334213822 135.79162940281 414.647459024033
311000 140.718563833992 138.824393583464 136.230660761469 415.773618178926
312000 141.1398903266 139.226313775622 136.747060669899 417.113264772121
313000 141.555130786115 139.696512404378 137.245965975727 418.49760916622
314000 142.037150043792 140.237645502954 137.696915857412 419.971711404158
315000 142.452914355341 140.529765587926 138.271912566113 421.25459250938
316000 142.932697899463 140.934045931216 138.724883180393 422.591627011072
317000 143.291637367737 141.413885483177 139.14897414305 423.854496993964
318000 143.819780424913 142.041883406323 139.512827630974 425.374491462211
319000 144.259555906434 142.388197105634 139.886811580598 426.534564592667
320000 144.785167164095 142.805607721124 140.424715319132 428.015490204351
321000 145.127076315436 143.32597579688 140.785113124635 429.238165236951
322000 145.565353450584 143.936233301101 141.268096434157 430.769683185842
323000 146.047512856024 144.272425139959 141.766728288218 432.0866662842
324000 146.495282078674 144.639596022385 142.233769660944 433.368647762002
325000 146.856144131182 145.089067860281 142.648320920032 434.593532911495
326000 147.37653124887 145.461450798887 143.033373076815 435.871355124572
327000 147.876754740589 145.740790640024 143.540347983962 437.157893364574
328000 148.446809888563 146.193757189095 143.926373517342 438.566940595
329000 148.890352685297 146.628022753201 144.449367554081 439.967742992578
330000 149.167976322399 147.064517436274 144.878959734702 441.111453493375
331000 149.593216118785 147.334820232507 145.30014870527 442.228185056562
332000 149.953091296005 147.786113546464 145.899826273406 443.639031115875
333000 150.54779482682 148.264123338368 146.300340436016 445.112258601205
334000 150.945758973782 148.693351853755 146.664702045659 446.303812873196
335000 151.328766597099 148.972596701071 147.003989794624 447.305353092794
336000 151.812544272649 149.529887558703 147.410858034571 448.753289865923
337000 152.253597152275 150.059502580001 147.800578891251 450.113678623527
338000 152.706206782141 150.453209248462 148.299940437758 451.45935646836
339000 153.044705431506 150.937118549434 148.73549503481 452.71731901575
340000 153.5216696075 151.398896802174 149.059107037386 453.979673447061
341000 153.885592755134 151.844679378609 149.584542089094 455.314814222836
342000 154.481883147309 152.280311705177 149.934508449948 456.696703302434
343000 154.936598938267 152.776334969258 150.273325512964 457.986259420489
344000 155.31525015252 153.109223440374 150.659980158735 459.084453751629
345000 155.827673861954 153.551463035114 151.110824985072 460.48996188214
346000 156.217463508819 154.008103113794 151.643734129932 461.869300752545
347000 156.76892941291 154.335177315441 152.066988040049 463.171094768399
348000 157.22151358882 154.844372702209 152.619269342271 464.6851556333
349000 157.707963490661 155.286540562506 152.975655080179 465.970159133346
350000 158.099265578867 155.664163382652 153.38673886085 467.150167822369
351000 158.558733238595 156.136841543582 153.642344958996 468.337919741173
352000 158.978143517813 156.583855477832 154.131075521419 469.693074517063
353000 159.519728806829 156.970573376749 154.557549843034 471.047852026612
354000 160.001834135984 157.39755168456 154.915610488122 472.314996308665
355000 160.465465310765 157.786368186134 155.386734355827 473.638567852725
356000 160.813891764906 158.283384539477 155.716622906567 474.813899210949
357000 161.295571839995 158.746634529805 156.158431885126 476.200638254925
358000 161.784863285329 159.155538197871 156.709285231421 477.649686714622
359000 162.242102399171 159.563745286237 157.16989469505 478.975742380458
360000 162.701569603271 159.931783556918 157.492726951074 480.126080111262
361000 163.152236176716 160.462575652417 158.035112165676 481.649923994809
362000 163.575038233548 160.848172712932 158.327953727703 482.751164674182
363000 163.921902242234 161.327199721191 158.85728654985 484.106388513276
364000 164.273794507491 161.742248290304 159.273881419056 485.289924216851
365000 164.69472868464 162.22269680559 159.734050821084 486.651476311315
366000 165.221064069325 162.545623218981 160.029037432121 487.795724720427
367000 165.676278972518 162.926116128889 160.471366419118 489.073761520526
368000 166.126209293335 163.120198319368 160.917912563386 490.164320176089
369000 166.581651395075 163.521371898991 161.378047266769 491.481070560834
370000 167.005855342138 164.007947910037 161.760730722576 492.774533974752
371000 167.47110029134 164.500773013907 162.204004221325 494.175877526572
372000 167.974611353395 165.000094146814 162.701341802969 495.676047303178
373000 168.325739806652 165.419488387222 163.167852825841 496.913081019715
374000 168.713134339967 165.870749445445 163.607781339085 498.191665124496
375000 169.260028337639 166.226507497615 164.002831573414 499.489367408668
376000 169.58742509699 166.496877260955 164.529297266572 500.613599624517
377000 170.148905295441 166.885075056802 164.861728418958 501.895708771201
378000 170.587230142813 167.360824713687 165.264136186013 503.212191042513
379000 171.059590463136 167.909268793492 165.592402624027 504.561261880655
380000 171.55727311179 168.318436627741 166.047086850913 505.922796590445
381000 172.021284864865 168.765106920935 166.476211470634 507.262603256434
382000 172.417156210484 169.144082298925 166.887841826657 508.449080336067
383000 172.870223184178 169.675284475816 167.346133693145 509.891641353139
384000 173.3769186816 170.072328037753 167.65599619789 511.105242917243
385000 173.852399826969 170.564495378698 168.180617117761 512.597512323428
386000 174.223434961635 171.032076580515 168.547988964772 513.803500506922
387000 174.688490877302 171.453069012568 169.065308926591 515.206868816461
388000 175.240103300109 171.952891220288 169.488855166849 516.681849687246
389000 175.712464753991 172.229458205411 169.874896749983 517.816819709385
390000 176.189560820014 172.721882581773 170.323350000561 519.234793402347
391000 176.762702306964 173.260254363585 170.766685808602 520.78964247915
392000 177.099687205098 173.687698241589 171.362746959934 522.150132406621
393000 177.642209040039 174.191477388416 171.734536902503 523.568223330958
394000 178.015368098885 174.615507862741 172.335051148149 524.965927109775
395000 178.55979868829 175.029881492226 172.789658536132 526.379338716647
396000 179.035546594752 175.367214513396 173.185467942283 527.58822905043
397000 179.569567516437 175.645930312419 173.546490961795 528.761988790651
398000 180.040035822433 176.148371018284 173.972425223631 530.160832064348
399000 180.469495650316 176.695920327693 174.454742947913 531.620158925923
400000 180.825150578975 177.118390851744 174.962312752042 532.905854182762
401000 181.331671434261 177.497910273929 175.378786454543 534.208368162733
402000 181.68511190545 177.924561945381 175.743464322047 535.353138172878
403000 182.135701398222 178.399535052517 176.185628599772 536.720865050511
404000 182.642457076878 178.859337327275 176.637722536693 538.139516940845
405000 183.102272039285 179.234655374104 176.942108433368 539.279035846756
406000 183.493413153229 179.84654688632 177.331246391628 540.671206431177
407000 183.957458231954 180.253939845786 177.61490171986 541.826299797599
408000 184.428920941677 180.697357909583 177.995147051414 543.121425902674
409000 184.775488667847 181.180807062373 178.391502223144 544.347797953364
410000 185.308109828599 181.664867662285 178.864795996674 545.837773487558
411000 185.679356791462 181.985741377312 179.256299977498 546.921398146271
412000 186.188753793319 182.41829371554 179.639211320316 548.246258829175
413000 186.672063392043 182.873586052577 179.907701716243 549.453351160863
414000 187.179956139737 183.40232825453 180.276720167908 550.859004562175
415000 187.734172436667 183.835017132462 180.844339013877 552.413528583006
416000 188.117589391588 184.216737097549 181.190751281642 553.525077770779
417000 188.533456056601 184.834132723865 181.520270111191 554.887858891657
418000 188.955782664831 185.220025009162 181.870161027611 556.045968701603
419000 189.385818240037 185.731218944838 182.385664438333 557.502701623208
420000 189.834485799638 186.295118258566 182.713506367322 558.843110425527
421000 190.186128385932 186.684250218788 183.097185329177 559.967563933897
422000 190.536578552768 187.211570133354 183.534406266247 561.28255495237
423000 191.067010245016 187.58476630294 183.993565395702 562.645341943658
424000 191.400317519858 187.935141491162 184.531660667328 563.867119678349
425000 191.903682143966 188.351407185084 184.893505352155 565.148594681206
426000 192.557647280823 188.85433712368 185.385170008919 566.797154413421
427000 192.917201978593 189.261454464058 185.880088597185 568.058745039836
428000 193.406584982235 189.683478791745 186.260859797654 569.350923571635
429000 193.824451289165 189.98693882188 186.781146307373 570.592536418418
430000 194.304367012872 190.371073130422 187.162547443119 571.837987586413
431000 194.675946583252 190.829996211134 187.654420514395 573.160363308781
432000 195.040068236003 191.274237152056 187.949918600435 574.264223988495
433000 195.484033625695 191.628189597386 188.473171570317 575.585394793399
434000 195.942278861274 191.914678436122 188.829148386117 576.686105683512
435000 196.381449028627 192.257923963694 189.359643122111 577.999016114432
436000 196.861998733311 192.639009294798 189.778365926416 579.279373954525
437000 197.28641585168 193.176046902117 190.349195258763 580.81165801256
438000 197.724273065583 193.451972129852 190.725466102055 581.901711297489
439000 198.20036982024 193.933409177555 191.131951214163 583.265730211958
440000 198.478533400258 194.478341597356 191.259673397222 584.216548394836
441000 199.057912704091 195.014012542604 191.820286455165 585.892211701861
442000 199.487795099282 195.437648576933 192.218657304573 587.144100980788
443000 199.766112201083 195.834908027631 192.610872605759 588.211892834473
444000 200.33766025716 196.350504010971 192.9134245297 589.60158879783
445000 200.747288963536 196.828637361132 193.201141944815 590.777068269483
446000 201.208720188845 197.127778411807 193.715148040771 592.051646641423
447000 201.690183303212 197.565747256763 194.082472452427 593.338403012401
448000 202.162226006718 197.96871933874 194.511841773071 594.642787118529
449000 202.532244637801 198.403222385533 194.870929693186 595.80639671652
450000 203.005541808201 198.910639827828 195.231750593035 597.147932229064
451000 203.43424368824 199.31839805023 195.764148129388 598.516789867858
452000 203.830743886694 199.818386193338 196.201191044916 599.850321124949
453000 204.374472130978 200.269152763178 196.573626328488 601.217251222644
454000 204.714802630427 200.607467855316 197.091687805217 602.41395829096
455000 205.281458791927 201.141668933564 197.513391410099 603.93651913559
456000 205.74423356947 201.614006908746 197.859811773371 605.218052251588
457000 206.164258189645 202.050372021171 198.232934951375 606.447565162191
458000 206.594387818009 202.405245936188 198.595082824891 607.594716579087
459000 207.060851239984 202.847711595291 199.105365494076 609.01392832935
460000 207.456461949031 203.180349941005 199.508474759211 610.145286649246
461000 207.803808884808 203.666017468034 199.908724481199 611.37855083404
462000 208.281482153295 204.045527501946 200.369117891089 612.696127546329
463000 208.754791607777 204.516335098356 200.756245404311 614.027372110444
464000 209.186106304555 204.853384411774 201.342872316833 615.382363033162
465000 209.500305590491 205.253680681171 201.785594495443 616.539580767106
466000 210.039859587442 205.727362872648 202.149799261179 617.91702172127
467000 210.367564354434 206.254586279348 202.436905776921 619.059056410703
468000 210.873547323497 206.659153130682 203.026833877848 620.559534332027
469000 211.377519787617 207.149058485386 203.352953574684 621.879531847687
470000 211.800403987867 207.51320560438 203.655884366865 622.969493959112
471000 212.137374358357 207.877810905058 204.094774339286 624.109959602701
472000 212.534984707399 208.108215962853 204.485559800739 625.128760470991
473000 212.862955353683 208.599680731138 204.940867718377 626.403503803198
474000 213.352187625296 209.142177618778 205.467426366069 627.961791610143
475000 213.868382984415 209.548008008641 205.859960290319 629.276351283375
476000 214.268351650432 210.00915066356 206.138297835539 630.415800149531
477000 214.504342118102 210.392766237253 206.469849023843 631.366957379197
478000 214.950336867241 210.755663455878 206.869847169817 632.575847492936
479000 215.278327080616 211.130090368616 207.419875456213 633.828292905444
480000 215.86891178058 211.738725642474 207.799509219071 635.407146642125
481000 216.129474140269 212.269122455882 208.164230408416 636.562827004567
482000 216.537416809922 212.714379721982 208.55890014558 637.810696677484
483000 217.096104195131 213.112881270911 209.077932260321 639.286917726364
484000 217.531273484882 213.406681788523 209.549772989363 640.487728262768
485000 217.976814931059 213.810351235029 209.897848090369 641.685014256456
486000 218.325335842418 214.218182824452 210.143730324687 642.687248991558
487000 218.722373465104 214.715149727184 210.518633975209 643.956157167497
488000 219.113469112646 215.119340101128 210.929956164477 645.162765378252
489000 219.513080286967 215.480321986961 211.376996059666 646.370398333593
490000 219.916718612476 215.815192039014 211.90640857269 647.63831922418
491000 220.333254438038 216.319025777795 212.264358473373 648.916638689207
492000 220.740270520369 216.81328340241 212.666996715317 650.220550638096
493000 221.259877524527 217.244584323568 213.175354543771 651.679816391866
494000 221.68217734455 217.722231007848 213.490160196821 652.894568549219
495000 222.062726196862 218.171279617683 213.969740361198 654.203746175743
496000 222.516572381041 218.569601813778 214.218400309995 655.304574504814
497000 222.88411753424 218.989443918576 214.586125254876 656.459686707692
498000 223.39965885981 219.345160644718 214.952062791573 657.696882296101
499000 223.965896392709 219.745012774462 215.38879123062 659.099700397791
500000 224.2860479411 220.177811905318 215.673716516643 660.13757636306
501000 224.724691956616 220.783139607143 216.088076213107 661.595907776865
502000 225.247462309245 221.277476758344 216.529074241795 663.054013309384
503000 225.607301396604 221.756237609415 216.944605206593 664.308144212612
504000 226.145524530433 222.069478495392 217.281561316781 665.496564342606
505000 226.696380796454 222.48204604668 217.695905143374 666.874331986508
506000 227.198802610226 222.953796139268 218.068350004462 668.220948753956
507000 227.581274999708 223.505220019783 218.510750212446 669.597245231937
508000 228.152562993639 223.950188827748 218.893222805341 670.995974626728
509000 228.554224809848 224.378317469092 219.344795527579 672.277337806519
510000 229.111785328128 224.807411431084 219.928956451572 673.848153210784
511000 229.63718066113 225.323097648226 220.390101196693 675.35037950605
512000 230.049552234016 225.791930477739 220.953012868848 676.794495580603
513000 230.306457613684 226.120125759325 221.326328648056 677.752912021066
514000 230.766726933385 226.548743657544 221.784456133464 679.099926724393
515000 231.344298944479 227.017457656982 222.18248721664 680.544243818102
516000 231.737782560523 227.461109545761 222.581355506241 681.780247612525
517000 232.042149747279 227.976519069109 222.936775832866 682.955444649255
518000 232.447648845974 228.401384677729 223.472353247185 684.321386770888
519000 232.960139199631 228.885466210833 223.866639211713 685.712244622178
520000 233.399080554711 229.515032159557 224.372088112198 687.286200826465
521000 233.888248845729 230.005154776133 224.755448070372 688.648851692235
522000 234.300263272856 230.285785747611 225.19237628118 689.778425301646
523000 234.64393550981 230.828944899649 225.558801656742 691.031682066201
524000 235.086316314209 231.291585390736 226.101322735132 692.479224440076
525000 235.701114486567 231.672530583717 226.457015879748 693.830660950032
526000 236.204397440467 232.019975201127 226.943352460896 695.16772510249
527000 236.581164112679 232.458632687011 227.255768747524 696.295565547213
528000 237.084874781717 232.854797958588 227.712992515423 697.652665255729
529000 237.524916905195 233.451144720559 228.193828502886 699.16989012864
530000 238.172722462754 233.812679304068 228.600180969606 700.585582736428
531000 238.665362898834 234.124535755562 229.063522413471 701.853421067867
532000 238.993711427742 234.5173286277 229.448935878288 702.95997593373
533000 239.358424303872 234.955808841206 229.838614171211 704.152847316288
534000 239.783649436382 235.200479405196 230.256602713542 705.24073155512
535000 240.307717068964 235.688929998844 230.699385443055 706.696032510863
536000 240.7084052147 236.091217672132 231.254073043794 708.053695930626
537000 241.054726424707 236.505825409148 231.732457196914 709.293009030769
538000 241.652371237415 236.847820317412 232.227272516483 710.72746407131
539000 242.0510481043 237.314230464816 232.512160577443 711.877439146559
540000 242.457162995257 237.779330485622 232.773032928923 713.009526409802
541000 242.854054096789 238.299766162516 233.110988169279 714.264808428583
542000 243.439091730871 238.70484942195 233.522981413917 715.666922566738
543000 243.804200907518 239.301101312995 234.016465427741 717.121767648254
544000 244.336169543406 239.602136028822 234.418002576858 718.356308149086
545000 244.782714301569 239.990042956686 234.917974530279 719.690731788534
546000 245.157285146241 240.560500174366 235.195606069937 720.913391390545
547000 245.623070113994 241.134583099401 235.675382980137 722.433036193532
548000 246.235152317711 241.457929943519 236.055766386822 723.748848648051
549000 246.669082895426 242.060705561164 236.413882867343 725.143671323933
550000 247.04181275228 242.489639957363 236.886577523319 726.418030232963
551000 247.402921548255 242.827194416525 237.194219600692 727.424335565472
552000 247.845354834111 243.319868965751 237.605736615597 728.770960415459
553000 248.382376134199 243.735677898565 237.961810334309 730.079864367073
554000 248.786706450292 244.127144535306 238.397083396693 731.310934382292
555000 249.09303154552 244.395523526216 238.901235239414 732.38979031115
556000 249.438618110717 244.871604019214 239.32350869373 733.633730823662
557000 250.046954732992 245.268055000955 239.731256333975 735.046266067922
558000 250.517546637472 245.616530777785 240.189541883782 736.32361929904
559000 251.129915482079 246.051006107078 240.716965263601 737.897886852758
560000 251.4915752524 246.526045278534 241.149035582714 739.166656113648
561000 251.790389192451 246.835836783296 241.576579233703 740.20280520945
562000 252.092528151859 247.11392299981 241.988750959281 741.19520211095
563000 252.487219216492 247.486358140139 242.298971867583 742.272549224214
564000 252.932807075914 247.913581308081 242.770076329029 743.616464713023
565000 253.409485944261 248.384835567414 243.111674883465 744.90599639514
566000 253.90118870684 248.985876445637 243.519754710665 746.406819863142
567000 254.383530922297 249.421135128622 244.057163540937 747.861829591856
568000 254.783279358001 249.836652648861 244.435339220693 749.055271227554
569000 255.266460090925 250.277759161713 244.843665019191 750.387884271829
570000 255.841538239161 250.587374417975 245.381457397513 751.810370054649
571000 256.318286104348 251.130579717697 245.620716208468 753.069582030513
572000 256.719943741728 251.692003142405 245.978262085542 754.390208969675
573000 257.14711048919 252.253368003993 246.441524443562 755.842002936745
574000 257.577913501014 252.497262654289 246.895842194764 756.971018350066
575000 257.949859131016 252.991863720718 247.326162981852 758.267885833585
576000 258.251430689055 253.435062935705 247.738526988999 759.425020613759
577000 258.678031808511 253.851624787818 248.29654035437 760.826196950698
578000 259.183742450166 254.33001875342 248.802233583032 762.315994786617
579000 259.636482853283 254.788640282272 249.352239153742 763.777362289298
580000 260.170291271393 255.187664867966 249.665804564762 765.023760704121
581000 260.582854442026 255.529396785102 250.082449604284 766.194700831411
582000 261.033337975366 256.025777178386 250.53153670488 767.590651858632
583000 261.461782974297 256.455608985417 250.893910895917 768.811302855631
584000 261.857841352034 256.962520147056 251.418535585168 770.238897084257
585000 262.172688078418 257.341642832676 251.978212267881 771.492543178975
586000 262.543598877784 257.753601509962 252.429799617077 772.727000004823
587000 263.012723021513 258.216233887673 252.945417188395 774.174374097581
588000 263.551629690736 258.542078351528 253.461268499817 775.554976542081
589000 263.736742715681 258.895114384644 253.839857232681 776.471714333005
590000 264.170758888609 259.278278120405 254.054407457436 777.50344446645
591000 264.57506645115 259.767929719176 254.498553584995 778.841549755321
592000 264.819085496929 260.167258227081 254.919734174206 779.906077898216
593000 265.196965207023 260.42430058597 255.486313215659 781.107579008652
594000 265.384242394136 260.893118067456 256.027617623281 782.304978084873
595000 265.916034912284 261.379932717112 256.31687093821 783.612838567605
596000 266.330040551533 261.788415937209 256.911187150254 785.029643638996
597000 266.759096679799 262.237305865443 257.324498489124 786.320901034365
598000 267.152890362074 262.740085317201 257.666244675114 787.559220354389
599000 267.637524989156 263.114383092178 258.060021960463 788.811930041797
600000 268.168231514786 263.463759456125 258.697966704221 790.329957675133
601000 268.54201953633 263.860627734576 259.180675206243 791.583322477149
602000 269.045402476522 264.214341584311 259.704345536731 792.964089597565
603000 269.477804228363 264.546633013469 260.064289689628 794.08872693146
604000 269.88585447277 264.916308493583 260.587992747494 795.390155713846
605000 270.445615073673 265.403401896952 260.998379421476 796.847396392101
606000 271.024570076126 265.720618510369 261.414562432297 798.159751018792
607000 271.546315153039 266.169236373993 261.88984526561 799.605396792642
608000 272.009561226067 266.547662924125 262.240391318722 800.797615468914
609000 272.35689915049 266.943578904575 262.656703930845 801.95718198591
610000 272.607233962888 267.463595465923 263.101880810569 803.17271023938
611000 273.102500509335 268.002505060218 263.436235222347 804.5412407919
612000 273.609126936922 268.521149727941 263.873643423319 806.003920088182
613000 274.148390883596 268.911809320584 264.447754000472 807.507954204652
614000 274.473801181641 269.29487013854 264.872977471009 808.641648791189
615000 274.83030219613 269.830262997038 265.389787169245 810.050352362414
616000 275.380755618357 270.034547137111 265.877684515339 811.292987270807
617000 275.716509428509 270.520643471254 266.333756154552 812.570909054315
618000 276.162441664474 270.76470735017 266.736704159563 813.663853174207
619000 276.472531398046 271.379140815404 267.049772269769 814.90144448322
620000 276.858876558989 271.994058517248 267.564398618252 816.417333694489
621000 277.374157446105 272.351030579487 268.04112586919 817.766313894782
622000 277.789012559267 272.592091281527 268.41183795266 818.792941793453
623000 278.088799099549 273.14768546314 268.869584162867 820.106068725557
624000 278.707179834988 273.512480483253 269.346453124468 821.56611344271
625000 279.110000430894 273.816439784415 269.771692325769 822.698132541078
626000 279.487914295484 274.274241154324 270.219870872317 823.982026322125
627000 279.8872439236 274.76603823368 270.653084734365 825.306366891644
628000 280.198228620108 275.031625796212 271.095083483803 826.324937900123
629000 280.728534584583 275.474396451632 271.507341496009 827.710272532225
630000 281.108920375623 276.09700009499 271.999898893165 829.205819363779
631000 281.538506226504 276.515790054951 272.431622104526 830.485918385981
632000 282.121794475143 276.897459513355 273.055913703623 832.075167692121
633000 282.617879539351 277.327845541435 273.388137843717 833.333862924503
634000 282.996257284938 277.53600771111 273.661792060782 834.194057056831
635000 283.479701112194 277.919473620165 273.912749066052 835.311923798412
636000 283.964422462071 278.443276473931 274.298106341413 836.705805277415
637000 284.663857893467 278.846763774477 274.714611393146 838.225233061089
638000 284.890862028825 279.280209323422 275.146384901952 839.317456254199
639000 285.334654619342 279.587635517241 275.641648485646 840.563938622229
640000 285.735518017414 279.983579977238 276.125278096664 841.844376091315
641000 286.074290261166 280.4506109046 276.624089966989 843.148991132754
642000 286.72075111941 280.811564559428 277.033673981348 844.565989660186
643000 287.105374562018 281.156709261717 277.529300841343 845.791384665079
644000 287.494034185965 281.620309530979 277.796683380699 846.911027097643
645000 287.848961000496 281.995614268265 278.195607605105 848.040182873865
646000 288.366509776451 282.444332442814 278.715155358395 849.525997577661
647000 288.762067903779 282.755443951347 279.061922096068 850.579433951194
648000 289.187423959827 283.064469495601 279.630609010652 851.88250246608
649000 289.753958943542 283.700752748841 280.061598264722 853.516309957105
650000 290.087753844252 283.859882512133 280.389726122782 854.337362479167
651000 290.501536281922 284.279596447285 280.724418840566 855.505551569772
652000 290.748539365481 284.762300631366 281.132395828722 856.643235825568
653000 291.097232872312 285.134234177298 281.671310672145 857.902777721754
654000 291.525504144747 285.634023304294 281.845595883673 859.005123332714
655000 291.903265285241 285.908169762497 282.329463406528 860.140898454266
656000 292.259952781448 286.263664529645 282.742437208525 861.266054519617
657000 292.693650410724 286.728361915788 283.139396562965 862.561408889476
658000 293.102148880238 287.12077592429 283.440107831579 863.663032636107
659000 293.464951829507 287.420741927054 283.887751672371 864.773445428933
660000 293.826154396566 287.751292112936 284.118745442249 865.696191951751
661000 294.205535974401 288.389617123308 284.606656640015 867.201809737723
662000 294.639886801795 288.870980297982 285.044081763635 868.554948863411
663000 295.021484717824 289.366131283515 285.442272068815 869.829888070154
664000 295.585105389566 289.796381165754 285.98717370965 871.36866026497
665000 296.073855975863 290.197197759353 286.473534353653 872.744588088869
666000 296.350586820174 290.780729317629 286.845760186407 873.97707632421
667000 296.797673067955 291.040032973349 287.355053404273 875.192759445578
668000 297.08646033369 291.314963089357 287.816097368548 876.217520791595
669000 297.493575234333 291.962776130029 288.1849381264 877.641289490762
670000 297.877887532912 292.383249468407 288.535911896908 878.797048898227
671000 298.387297951356 292.648745760726 288.921228409532 879.957272121614
672000 298.674253457782 293.220309771575 289.322227616929 881.216790846286
673000 299.222309755599 293.452664061425 289.750026136637 882.424999953661
674000 299.705162727062 293.953743753077 290.103936656504 883.762843136643
675000 299.984580668616 294.463288298406 290.56319388669 885.011062853712
676000 300.315207481512 294.898008555547 290.934502470833 886.147718507892
677000 300.755701499245 295.267737502542 291.381509329273 887.40494833106
678000 301.329561986798 295.714531384453 291.954385295167 888.998478666419
679000 301.71942424781 296.210807507424 292.214626383587 890.14485813882
680000 302.237651900062 296.71444810986 292.670391062606 891.622491072528
681000 302.648147900393 297.106159823595 293.197313162914 892.951620886902
682000 303.145403950703 297.702869033004 293.54781730659 894.396090290297
683000 303.577036266572 298.120241235167 294.022035138682 895.719312640422
684000 304.096294534794 298.552690505201 294.376347419597 897.025332459592
685000 304.536468174948 298.840667163453 294.834945426051 898.212080764453
686000 304.975389374883 299.428077679601 295.238035161212 899.641502215696
687000 305.454163504897 299.588527250202 295.517765715633 900.560456470732
688000 305.81294846873 300.233484726323 295.995011518828 902.041444713881
689000 306.27180527943 300.685786645832 296.504018967241 903.461610892503
690000 306.799821012521 301.043084837624 297.010837148012 904.853742998157
691000 307.089847677654 301.687913366951 297.561835136233 906.339596180838
692000 307.566355053651 302.062517407627 298.049175140675 907.678047601953
693000 308.055691243874 302.530272554317 298.343308396803 908.929272194994
694000 308.50807693382 302.848687383744 298.654881566567 910.011645884131
695000 309.100446108706 303.208291553606 298.964361682983 911.273099345295
696000 309.514783140579 303.542960606845 299.351606072056 912.40934981948
697000 310.0916808903 303.908855290272 299.901535817131 913.902071997703
698000 310.448414257615 304.511802651146 300.335616850891 915.295833759652
699000 310.989234359144 305.066725542462 300.99203245837 917.047992359975
700000 311.468053236887 305.481342222961 301.537951431404 918.487346891252
701000 311.971081472046 305.794693768048 302.030953636727 919.796728876821
702000 312.161656162193 306.212278131823 302.450117246166 920.824051540181
703000 312.712719386367 306.549786856714 302.834709991557 922.097216234637
704000 312.964075334149 306.956059325517 303.110468407325 923.03060306699
705000 313.352192065466 307.368233678668 303.471475180823 924.191900924957
706000 313.796056991498 307.745672195186 303.84151438117 925.383243567853
707000 314.179549118538 308.187558204987 304.299437500153 926.666544823679
708000 314.838643618179 308.585574140739 304.748663196886 928.172880955804
709000 315.30692816331 309.068909075657 305.136759798208 929.512597037175
710000 315.716121418811 309.356122902957 305.49329899795 930.565543319718
711000 316.24146980044 309.786301529882 305.726328377849 931.75409970817
712000 316.652539006635 310.241314955388 306.065257659763 932.959111621786
713000 316.985205914827 310.70242992628 306.349414450524 934.037050291632
714000 317.427968213803 311.15266849767 306.849688494733 935.430325206207
715000 317.854384106574 311.617532643566 307.278920275008 936.750837025148
716000 318.208486749721 311.925676626367 307.746676571463 937.880839947552
717000 318.620832091183 312.542677931691 308.152858871485 939.316368894358
718000 319.12714828617 312.76916656219 308.539957460974 940.436272309335
719000 319.521497639434 313.035286574625 308.786997015916 941.343781229975
720000 320.020567174077 313.60369283981 309.111414510468 942.735674524354
721000 320.462704941992 314.031983981367 309.499644552387 943.994333475746
722000 321.100337847439 314.432760394789 309.921836668088 945.454934910316
723000 321.383077356934 315.054653046506 310.487692389226 946.925422792667
724000 321.897398753207 315.249614750989 310.749509346478 947.896522850674
725000 322.361274362458 315.569808639327 310.992752067722 948.923835069507
726000 322.911829351701 316.170313535687 311.46364437409 950.545787261478
727000 323.402089193856 316.522502683451 311.914785927888 951.839377805195
728000 323.754171902717 316.94647672812 312.239174277139 952.939822907977
729000 324.389213079045 317.565405862008 312.47704784494 954.431666785992
730000 324.814256306347 317.891528134651 312.892665458522 955.59844989952
731000 325.172886199138 318.360993569256 313.225116887283 956.758996655677
732000 325.598783505696 318.81091547346 313.758964220288 958.168663199444
733000 326.155661947744 319.235541596662 314.159763483002 959.550967027408
734000 326.652028794951 319.635470043888 314.662698271634 960.950197110473
735000 326.978066223151 320.038455442224 315.245615777283 962.262137442658
736000 327.509892981815 320.526575481769 315.656681201767 963.693149665351
737000 327.801892687876 320.925823955774 315.958076808568 964.685793452219
738000 328.340068651528 321.387861265514 316.33454360216 966.062473519202
739000 328.803447572697 321.747946930225 316.980601302181 967.531995805103
740000 329.121542764638 322.202639993972 317.511868408521 968.836051167131
741000 329.462000309681 322.859157222638 317.984932268455 970.306089800775
742000 329.964912763352 323.321488662912 318.339977808311 971.626379234575
743000 330.508990534877 323.80518023459 318.797213851997 973.111384621464
744000 330.724073618647 324.101660533098 319.233345435853 974.059079587598
745000 331.16334576477 324.525386332779 319.616620200974 975.305352298522
746000 331.477856463923 324.842639013369 320.151414746794 976.471910224087
747000 331.942343364163 325.17685544969 320.682926800561 977.802125614414
748000 332.423488507278 325.709745617012 320.996201349416 979.129435473707
749000 333.010831764419 326.174889999331 321.318061464942 980.503783228691
750000 333.316359148232 326.634665077661 321.791020299909 981.742044525803
751000 333.635288767763 327.040975426365 322.30819753984 982.984461733968
752000 334.083257932712 327.394144833733 322.742356623962 984.219759390408
753000 334.348605058865 327.741268764368 323.16918408698 985.259057910213
754000 334.763524223129 328.02005850522 323.652605567181 986.43618829553
755000 335.118028651075 328.536710754478 324.042874260388 987.697613665941
756000 335.554706228212 329.025927566995 324.39282532633 988.973459121537
757000 335.86292057859 329.575227891952 324.834382552009 990.272531022552
758000 336.304699122507 329.792891985977 325.169066886485 991.266657994969
759000 336.725732059232 330.360479623764 325.547910578815 992.634122261811
760000 337.175114751637 330.675883395772 326.087728831741 993.938726979151
761000 337.707304680842 330.975535432059 326.679869605096 995.362709717997
762000 338.224042316004 331.43280394305 327.161226288604 996.818072547657
763000 338.631293097228 331.595327830628 327.60582290707 997.832443834926
764000 339.07713973182 332.15926233831 328.013692716296 999.250094786426
765000 339.721747729946 332.569778333442 328.477607788266 1000.76913385165
766000 340.233216843516 333.052555211127 328.911022913772 1002.19679496842
767000 340.658190520246 333.40608276882 329.362123015566 1003.42639630463
768000 341.192490946289 334.029566906575 329.854472228611 1005.07653008148
769000 341.553874500179 334.40087473629 330.426137575677 1006.38088681215
770000 342.091509924096 334.822631301396 330.680604659748 1007.59474588524
771000 342.556585428937 335.224338917056 331.131892363992 1008.91281670998
772000 342.897809936713 335.648930082859 331.5940544587 1010.14079447827
773000 343.478449001149 336.358310757831 332.206479667238 1012.04323942622
774000 343.913658274091 336.670750176959 332.595801013864 1013.18020946491
775000 344.323574100236 336.969632309105 333.070042252875 1014.36324866222
776000 344.821041104766 337.678461372575 333.576031871782 1016.07553434912
777000 345.190079555432 338.023070239851 333.932319719837 1017.14546951512
778000 345.364702275851 338.428457783451 334.393044916035 1018.18620497534
779000 345.943132665784 338.883207506597 334.868750521723 1019.6950906941
780000 346.522418924783 339.323627466451 335.424454375117 1021.27050076635
781000 347.011120447996 339.62139907735 335.84898025987 1022.48149978522
782000 347.426632350408 340.136850738022 336.2365430977 1023.80002618613
783000 347.814304521506 340.45245160564 336.662768039093 1024.92952416624
784000 348.162689408831 340.949673787809 337.003240610828 1026.11560380747
785000 348.685404614833 341.45658549313 337.432249608486 1027.57423971645
786000 349.133843972477 341.857333395337 337.844969537332 1028.83614690515
787000 349.654078580915 342.31085433578 338.323545481973 1030.28847839867
788000 350.192520908204 342.678058878803 338.927015668508 1031.79759545551
789000 350.608540477496 342.941337935049 339.172638099651 1032.7225165122
790000 351.012643681504 343.49785848009 339.68604955225 1034.19655171384
791000 351.310209554317 343.752865868328 340.028246716342 1035.09132213899
792000 351.881517802208 344.194186614245 340.504789059488 1036.58049347594
793000 352.197892799245 344.63135733008 340.763217033785 1037.59246716311
794000 352.732749856392 345.034392542014 341.30255710253 1039.06969950094
795000 353.204362077109 345.19449414922 341.805244564941 1040.20410079127
796000 353.536466997786 345.575610626907 342.175668706741 1041.28774633143
797000 353.856809870232 346.180779005597 342.959778149782 1042.99736702561
798000 354.38023339599 346.467192254677 343.30740937538 1044.15483502605
799000 354.792218771954 346.902082384779 343.917244929986 1045.61154608672
800000 355.273994143058 347.400741300519 344.30704826195 1046.98178370553
801000 355.749978106894 347.699555174784 344.856912819246 1048.30644610092
802000 356.31126488618 348.084024817855 345.352676127475 1049.74796583151
803000 356.863090723642 348.575235466831 345.736384407267 1051.17471059774
804000 357.282796941082 348.997689121121 346.049590158418 1052.33007622062
805000 357.812511750468 349.478648712167 346.533059879043 1053.82422034168
806000 358.089651156976 349.908163146327 347.013922571483 1055.01173687479
807000 358.362589894987 350.42556023503 347.527705891386 1056.3158560214
808000 358.937135387672 350.686430120723 347.864268430206 1057.4878339386
809000 359.466674505594 351.261478979532 348.318181445533 1059.04633493066
810000 359.862370650731 351.743826202582 348.647267134744 1060.25346398806
811000 360.324847991057 352.227512639596 349.009478989563 1061.56183962022
812000 360.735104395224 352.590956237689 349.656948546297 1062.98300917921
813000 361.151335201178 352.925108708243 350.000939673045 1064.07738358247
814000 361.734131322697 353.213874651542 350.433747946475 1065.38175392071
815000 362.138099124367 353.607169682387 350.908995768272 1066.65426457503
816000 362.573016556017 353.997881199931 351.288567593471 1067.85946534942
817000 363.119283735432 354.260139186819 351.895139190008 1069.27456211226
818000 363.543509921435 354.726132826867 352.368762002135 1070.63840475044
819000 363.788524985039 355.263805422725 352.643761908874 1071.69609231664
820000 364.293773119822 355.713112430247 353.047779539842 1073.05466508991
821000 364.66140012532 356.138922281071 353.640170947541 1074.44049335393
822000 365.136847283668 356.60412684347 354.245465770308 1075.98643989745
823000 365.6622449972 356.955523334703 354.517068367069 1077.13483669897
824000 365.879122830346 357.373182555718 354.998264305765 1078.25056969183
825000 366.204066073193 357.686878468742 355.468086545579 1079.35903108751
826000 366.656430942465 358.055982843722 355.965471951302 1080.67788573749
827000 366.89193271493 358.458809807691 356.375520824631 1081.72626334725
828000 367.353197638109 358.83343177969 356.836322309807 1083.02295172761
829000 367.68772263372 359.228032855042 357.231622458307 1084.14737794707
830000 368.070885808352 359.716810434259 357.593650154406 1085.38134639702
831000 368.506883586944 360.039827857779 357.968553028907 1086.51526447363
832000 369.028585548559 360.513512652972 358.472046990856 1088.01414519239
833000 369.199946701757 360.847415350232 358.929423117817 1088.97678516981
834000 369.745949119403 361.165615678245 359.323942713875 1090.23550751152
835000 370.345017715453 361.572897154802 359.845402547811 1091.76331741807
836000 370.73324994459 361.868903977547 360.380528349682 1092.98268227182
837000 371.181155948938 362.282056799709 360.664921261834 1094.12813401048
838000 371.660195979487 362.744153259515 361.127467610608 1095.53181684961
839000 371.801146790234 363.247782243797 361.576391367731 1096.62532040176
840000 372.30651756695 363.709674351401 361.90660907023 1097.92280098858
841000 372.831799640634 364.032399768993 362.509587968319 1099.37378737795
842000 373.287114942851 364.413430786606 362.901672869329 1100.60221859879
843000 373.845141146839 364.802735061776 363.330670979586 1101.9785471882
844000 374.180588393859 365.128952628872 363.853777493956 1103.16331851669
845000 374.777270185806 365.566492584905 364.317704057552 1104.66146682826
846000 374.876270103749 366.085093921805 364.962126867447 1105.923490893
847000 375.315070663657 366.509323254985 365.409800134819 1107.23419405346
848000 375.773791455547 367.103081984833 365.800141845019 1108.6770152854
849000 376.162680102402 367.337680835745 366.224005609011 1109.72436654716
850000 376.60650755616 367.830306955692 366.764864419317 1111.20167893117
851000 377.278630395782 368.17847807491 367.09706216296 1112.55417063365
852000 377.702046324734 368.587422294506 367.465980494875 1113.75544911411
853000 378.059828771873 369.122331165162 367.910519485119 1115.09267942215
854000 378.467453696527 369.514551480953 368.247557233279 1116.22956241076
855000 378.914052877973 370.007737625304 368.782901282714 1117.70469178599
856000 379.412667390483 370.584015082653 369.132087383406 1119.12876985654
857000 379.83669604311 370.825021485132 369.595725155651 1120.25744268389
858000 380.262916439979 371.291762612498 370.056392738081 1121.61107179056
859000 380.600497782795 371.711127261778 370.431654182621 1122.74327922719
860000 381.023950906377 372.26463984947 370.795624528227 1124.08421528407
861000 381.35386173302 372.746261232689 371.216992425317 1125.31711539103
862000 381.744565090937 373.263971434036 371.693216327951 1126.70175285292
863000 381.916659852713 373.550472951993 372.063590159606 1127.53072296431
864000 382.285610854947 373.995843063579 372.606600657067 1128.88805457559
865000 383.018836015155 374.38725396809 372.839949928452 1130.2460399117
866000 383.680316247854 374.900631395954 373.45153881248 1132.03248645629
867000 384.097818240925 375.169596970612 373.823861047408 1133.09127625895
868000 384.440401467248 375.593848992211 374.174787363891 1134.20903782335
869000 384.724587253527 375.799183619194 374.602162955103 1135.12593382783
870000 385.111283661921 376.418189991408 375.063911095093 1136.59338474842
871000 385.569052091913 376.819507030306 375.41781377105 1137.80637289327
872000 386.202780813233 377.128669580595 375.826252699566 1139.15770309339
873000 386.67622399285 377.560777378687 376.129451963 1140.36645333454
874000 387.043759330219 377.942816239201 376.699455167235 1141.68603073665
875000 387.441643121078 378.178851108487 376.92793772242 1142.54843195198
876000 387.886342457763 378.708864488189 377.430284517975 1144.02549146393
877000 388.126680265979 379.003384195269 377.929757822899 1145.05982228415
878000 388.698325460836 379.51356609723 378.355374959327 1146.56726651739
879000 388.979100150503 379.927432704031 378.732414928197 1147.63894778273
880000 389.665460090881 380.332369003011 379.426863327126 1149.42469242102
881000 390.069283784095 380.765628674282 379.696510156987 1150.53142261536
882000 390.520452617061 381.125759508986 380.119383647631 1151.76559577368
883000 390.862657256823 381.522448415498 380.486083072473 1152.87118874479
884000 391.250275241062 381.914865592516 380.917236794359 1154.08237762794
885000 391.523469022056 382.270506393615 381.275507272545 1155.06948268822
886000 391.907019692578 382.743854344895 381.731126550422 1156.3820005879
887000 392.395126506527 383.043419235853 382.28572455768 1157.72427030006
888000 392.734825788026 383.541704262956 382.643531766912 1158.92006181789
889000 393.263742951066 383.834504990579 382.914792783788 1160.01304072543
890000 393.794652431646 384.464783319797 383.491814753618 1161.75125050506
891000 394.269786743868 384.827591607619 383.882151008555 1162.97952936004
892000 394.728981313813 385.286382378969 384.390792717287 1164.40615641007
893000 395.178394295049 385.541439586742 384.699601739629 1165.41943562142
894000 395.581880367093 386.217359921644 384.997837265959 1166.7970775547
895000 395.763962668531 386.464367081979 385.537610460938 1167.76594021145
896000 396.336021887238 386.811261074049 385.90091269559 1169.04819565688
897000 396.850676125914 387.32701645366 386.365178791599 1170.54287137117
898000 397.127434749015 387.618969161135 386.635508426331 1171.38191233648
899000 397.477727893248 387.972701422921 387.074307911773 1172.52473722794
900000 397.873287130406 388.772743562387 387.620379213462 1174.26640990625
901000 398.233443066004 389.21006150172 387.97795968557 1175.42146425329
902000 398.753132274115 389.64556511335 388.429755506974 1176.82845289444
903000 399.365694068547 390.23449234172 388.935386718989 1178.53557312926
904000 399.851469491972 390.675425086833 389.332355810045 1179.85925038885
905000 400.2355134062 391.010059418965 389.704757522208 1180.95033034737
906000 400.756162776407 391.298338122838 390.233918568821 1182.28841946807
907000 401.056685410477 391.877051300172 390.347682490538 1183.28141920119
908000 401.358819480211 392.303515749664 390.660519733497 1184.32285496337
909000 401.852121424937 392.831226884367 390.976271592869 1185.65961990217
910000 402.439599327344 393.280239396173 391.379917667006 1187.09975639052
911000 402.706896395859 393.643540006195 391.759864674385 1188.11030107644
912000 402.95865113868 394.162568469112 392.329192689672 1189.45041229746
913000 403.478187844111 394.609589650713 392.566369016077 1190.6541465109
914000 403.955337093165 395.071542836923 393.106992896229 1192.13387282632
915000 404.26478574852 395.52294526148 393.484564273942 1193.27229528394
916000 404.753352599718 395.978143918818 393.720390178739 1194.45188669727
917000 405.049987308517 396.364011723155 394.194675915107 1195.60867494678
918000 405.339700940163 396.847742517634 394.730650798331 1196.91809425613
919000 405.830137688453 397.284628320411 394.963391204849 1198.07815721371
920000 406.292491857591 397.805937355451 395.425103757906 1199.52353297095
921000 406.792417003167 398.441974680757 395.898228058558 1201.13261974248
922000 407.430279229359 398.874713561138 396.176310979085 1202.48130376958
923000 407.857817585533 399.154178421314 396.469157551431 1203.48115355828
924000 408.161378574357 399.517843568231 396.893178092662 1204.57240023525
925000 408.786316533047 399.850732685758 397.394118741856 1206.03116796066
926000 409.034922965088 400.074930937117 397.879605310866 1206.98945921307
927000 409.192764450933 400.399045981083 398.069014742056 1207.66082517407
928000 409.701647637316 400.749381193492 398.458344357587 1208.90937318839
929000 410.250872281207 401.18332022014 399.035559764883 1210.46975226623
930000 410.530599365338 401.919970504772 399.584021011062 1212.03459088117
931000 410.941495312687 402.307012030548 400.105809131909 1213.35431647514
932000 411.317231602917 402.694851238078 400.444490176692 1214.45657301769
933000 411.720343204483 403.239129636431 400.80962451587 1215.76909735678
934000 412.261710057349 403.538041307759 401.264610273144 1217.06436163825
935000 412.611519642924 404.067325530769 401.664465111446 1218.34331028514
936000 412.983193996491 404.405984378462 401.907377826472 1219.29655620143
937000 413.585650587923 404.911376134977 402.319566163657 1220.81659288656
938000 413.930128565803 405.252191989556 402.860056912571 1222.04237746793
939000 414.428887141182 405.950853891357 403.326375588731 1223.70611662127
940000 414.936698711448 406.438162715888 403.638787945035 1225.01364937237
941000 415.28041297455 406.761510230322 404.007452270649 1226.04937547552
942000 415.64520335517 407.072139577804 404.464773574732 1227.18211650771
943000 416.182506474867 407.31031971018 404.927886231266 1228.42071241631
944000 416.590419765674 407.640704378642 405.269070016968 1229.50019416128
945000 417.33129748943 408.00542945245 405.721870831487 1231.05859777337
946000 417.760150583335 408.698378709992 406.095504977283 1232.55403427061
947000 418.08368610138 409.240259398214 406.502670623122 1233.82661612272
948000 418.710935066027 409.530659180125 406.872435009752 1235.1140292559
949000 418.864372554423 409.991576618476 407.404505482028 1236.26045465493
950000 419.336068592013 410.389117047386 407.560632996349 1237.28581863575
951000 419.591590370338 410.569472506026 408.01833996939 1238.17940284575
952000 420.020336446713 411.131235795369 408.342688932837 1239.49426117492
953000 420.632068103715 411.630131891923 408.876919301506 1241.13911929714
954000 420.843755011011 411.858409842376 409.484706265246 1242.18687111863
955000 421.306646601985 412.216161514393 410.005552118486 1243.52836023486
956000 421.718060001398 412.584820800118 410.470500934514 1244.77338173603
957000 422.159596126965 412.964166163725 410.909334310122 1246.03309660081
958000 422.637387438452 413.549354098819 411.416881104039 1247.60362264131
959000 422.954599350728 414.113241225919 411.613515593196 1248.68135616984
960000 423.369083144745 414.385628276288 412.15920879437 1249.9139202154
961000 423.90067256361 414.8861482631 412.609343284837 1251.39616411155
962000 424.230116252556 415.131030314863 413.02388532744 1252.38503189486
963000 424.68671365849 415.503388139284 413.431155488848 1253.62125728662
964000 425.130913880897 416.042252599213 413.840036630612 1255.01320311072
965000 425.531024256229 416.341124985975 414.11898179286 1255.99113103506
966000 426.15292252182 416.858423272976 414.811669977269 1257.82301577206
967000 426.474420306527 417.126810060162 415.086218602714 1258.6874489694
968000 426.943687885703 417.516021313802 415.600770066829 1260.06047926633
969000 427.391284435141 417.951320743258 415.954038798972 1261.29664397737
970000 428.004703240017 418.374442266243 416.475471290499 1262.85461679676
971000 428.306670921218 418.718879902643 416.850328226142 1263.87587905
972000 428.980320126242 419.117786500358 417.311757903157 1265.40986452976
973000 429.309002065721 419.387438642457 417.616519350217 1266.3129600584
974000 429.871450336197 419.967863107739 418.149430404715 1267.98874384865
975000 430.287803922009 420.309289557125 418.604589579526 1269.20168305866
976000 430.715609910417 420.587039876003 418.94379262181 1270.24644240823
977000 431.100694926079 420.901556107047 419.342895352538 1271.34514638566
978000 431.686834092598 421.579277478341 419.791811676185 1273.05792324712
979000 432.139989590973 422.016233243183 420.077974663668 1274.23419749782
980000 432.455422149011 422.44239931468 420.529198274139 1275.42701973783
981000 433.115717234569 422.975928837207 421.041172982009 1277.13281905379
982000 433.777962917456 423.164847899677 421.271803778319 1278.21461459545
983000 433.995515158877 423.613527618627 421.639963744378 1279.24900652188
984000 434.395027206788 424.052370014941 422.078160150272 1280.525557372
985000 434.996719370583 424.326556010947 422.426009716696 1281.74928509823
986000 435.534818832852 424.676863662661 422.863105798158 1283.07478829367
987000 435.985006707941 425.239184097777 423.258535155701 1284.48272596142
988000 436.3733031208 425.407755602011 423.774969889619 1285.55602861243
989000 436.722646102964 425.868866654434 424.142920461621 1286.73443321902
990000 437.006974456968 426.331721506598 424.41004339318 1287.74873935675
991000 437.330850998154 426.830043290979 424.782183660069 1288.9430779492
992000 437.855744377355 427.450618899594 425.1006264193 1290.40698969625
993000 438.157876008576 427.602439280639 425.498187421712 1291.25850271093
994000 438.47143672573 428.157853614399 426.004080171988 1292.63337051212
995000 438.99960682438 428.555415121005 426.659677583331 1294.21469952872
996000 439.41546177227 428.760297185332 427.060427149797 1295.2361861074
997000 439.535861120453 428.929311832095 427.49710973002 1295.96228268257
998000 439.865209415366 429.500230965807 428.110057178878 1297.47549756005
999000 440.162121212224 429.715671438827 428.549125152831 1298.42691780388
1000000 440.696274785749 430.317896565941 428.801152415543 1299.81532376723
1001000 441.075156800491 430.873586434687 429.065789148322 1301.0145323835
1002000 441.473913086082 431.265339485591 429.73196942615 1302.47122199782
1003000 441.655236664883 431.773940513285 430.078629150837 1303.50780632901
1004000 442.213819204081 432.05749051368 430.554610190687 1304.82591990845
1005000 442.477528773668 432.567863375683 431.00950266576 1306.05489481511
1006000 443.053661360685 432.733757625002 431.179005656109 1306.9664246418
1007000 443.394216423885 433.044675240342 431.699443896711 1308.13833556094
1008000 443.818460825825 433.679027887784 431.962861109665 1309.46034982327
1009000 444.19593398405 434.01358279878 432.673689394075 1310.88320617691
1010000 444.641233346686 434.425326623833 433.052550097517 1312.11911006804
1011000 445.014935188301 435.125100209028 433.374019573002 1313.51405497033
1012000 445.511150335979 435.479585512124 433.810836514545 1314.80157236265
1013000 445.88279466567 435.992672103602 434.124282406444 1315.99974917572
1014000 446.381640157075 436.379499111989 434.738622162083 1317.49976143115
1015000 446.657365986559 436.856637758144 434.998709765881 1318.51271351058
1016000 447.0589578204 437.127777295016 435.395107174534 1319.58184228995
1017000 447.326359595061 437.647721877516 435.78562938573 1320.75971085831
1018000 447.864127704141 437.951039243338 436.207787668548 1322.02295461603
1019000 448.123460594516 438.367424609496 436.574206607231 1323.06509181124
1020000 448.815758289582 438.521530974323 437.054501923582 1324.39179118749
1021000 449.139361075558 439.064433073676 437.339812837807 1325.54360698704
1022000 449.691934658087 439.241262284671 437.548620361925 1326.48181730468
1023000 450.078609401109 439.663697937641 438.002571255171 1327.74487859392
1024000 450.412636715635 440.313407049366 438.424905680659 1329.15094944566
1025000 450.83655751935 440.844707880582 438.744135540123 1330.42540094006
1026000 451.078931144607 441.302820642682 439.072669564795 1331.45442135208
1027000 451.608786115632 441.599110404568 439.443232008279 1332.65112852848
1028000 452.093403987777 441.758385893155 439.620923487531 1333.47271336846
1029000 452.605480813941 442.235340643594 440.144666306344 1334.98548776388
1030000 453.082587819731 442.718808036874 440.557680477377 1336.35907633398
1031000 453.450792931408 443.137742510791 441.157062901974 1337.74559834417
1032000 453.835057260499 443.53665540709 441.763373598245 1339.13508626583
1033000 454.108650492769 443.826944213149 442.197445858735 1340.13304056465
1034000 454.461557431091 444.220192723344 442.659793700172 1341.34154385461
1035000 454.829100557164 444.531390448989 443.108957034723 1342.46944804088
1036000 455.107516691579 444.858238669133 443.614071028545 1343.57982638926
1037000 455.409474079246 445.187535599146 444.047669240085 1344.64467891848
1038000 456.034869330919 445.572677518917 444.642795393606 1346.25034224344
1039000 456.455951865129 446.139918885623 444.986347986406 1347.58221873716
1040000 456.863545788633 446.289211147929 445.35167007794 1348.5044270145
1041000 457.34945022054 446.737436501204 445.779127006323 1349.86601372807
1042000 457.885654774928 447.458203832608 446.309510243724 1351.65336885126
1043000 458.360680429506 447.811944564594 446.624483685387 1352.79710867949
1044000 458.520609230342 448.120528350604 446.90667378436 1353.54781136531
1045000 459.018012270513 448.721418125947 447.363805799812 1355.10323619627
1046000 459.486802730584 449.155467825185 447.664630427039 1356.30690098281
1047000 459.976697698865 449.756909972026 448.051217811742 1357.78482548263
1048000 460.195431499678 450.021915568507 448.558528615554 1358.77587568374
1049000 460.749532069796 450.621433387478 449.047459186988 1360.41842464426
1050000 461.271966233176 450.882775334127 449.441632792636 1361.59637435994
1051000 461.605127525265 451.588144868364 449.815212895499 1363.00848528913
1052000 462.229677148317 451.945785983129 450.395916140443 1364.57137927189
1053000 462.429613640969 452.383910104696 450.54120267414 1365.3547264198
1054000 462.925403981183 452.934385299744 451.12558567989 1366.98537496082
1055000 463.372657703213 453.291310808456 451.253003495422 1367.91697200709
1056000 464.071325620407 453.7730653539 451.617222272461 1369.46161324677
1057000 464.316644244779 454.228027159615 451.95959363451 1370.5042650389
1058000 464.500181129858 454.628082663496 452.472153760287 1371.60041755364
1059000 464.822388981786 455.147322496451 452.844914675895 1372.81462615413
1060000 465.154188947003 455.38172041786 453.291890173255 1373.82779953812
1061000 465.469967292859 455.72199435094 453.611473253374 1374.80343489717
1062000 465.971314820673 456.323185658771 454.165743417006 1376.46024389645
1063000 466.294694121086 456.825064633367 454.468344497711 1377.58810325216
1064000 466.795516689376 457.35028823318 454.990261735501 1379.13606665806
1065000 467.141747152794 457.550202287188 455.449737887939 1380.14168732792
1066000 467.601282907633 457.866756010447 455.864289284045 1381.33232820212
1067000 467.957330193644 458.478548202655 456.121045184522 1382.55692358082
1068000 468.386148508758 459.005046046425 456.66526837825 1384.05646293343
1069000 468.746578451962 459.492085346719 456.706696578385 1384.94536037707
1070000 469.235682290273 459.901634888573 457.18905392849 1386.32637110734
1071000 469.614921772587 460.270025994561 457.448401031908 1387.33334879906
1072000 470.146177350917 460.900135753174 457.896781810314 1388.9430949144
1073000 470.580046852897 461.465421116445 458.481382044316 1390.52685001366
1074000 471.162233581694 461.85687252553 458.88628499235 1391.90539109957
1075000 471.460748308554 462.451918410869 459.454808828434 1393.36747554786
1076000 471.962677424998 462.977793075157 459.997170280054 1394.93764078021
1077000 472.575534671467 463.379039541148 460.416079136713 1396.37065334933
1078000 473.018196468959 463.686434234195 460.893729663907 1397.59836036706
1079000 473.560841046301 464.26636227429 461.315093804853 1399.14229712544
1080000 474.089563917512 464.782582113485 461.941854322602 1400.8140003536
1081000 474.294860400932 465.117725384178 462.373120422239 1401.78570620735
1082000 474.681414102538 465.460795761071 462.943151125223 1403.08536098883
1083000 475.145413740529 465.987858023793 463.215372806148 1404.34864457047
1084000 475.611295435568 466.277620718906 463.662212230847 1405.55112838532
1085000 476.107211635706 466.751218242556 464.219520804213 1407.07795068247
1086000 476.459413397331 467.23951806492 464.584632019573 1408.28356348182
1087000 476.984364982135 467.425644633819 464.99403500546 1409.40404462141
1088000 477.239946979905 467.838651916266 465.561489813962 1410.64008871013
1089000 477.711390044213 468.432207162336 465.907801129728 1412.05139833628
1090000 478.2596174048 468.777686488093 466.190137691284 1413.22744158418
1091000 478.701498902474 469.010826938734 466.661657222573 1414.37398306378
1092000 479.058070219229 469.548683913671 467.191178163478 1415.79793229638
1093000 479.534207672324 469.831789041301 467.777276668166 1417.14327338179
1094000 479.972203341894 470.37393391493 468.021198079065 1418.36733533589
1095000 480.353038182796 470.877111831935 468.501999976445 1419.73214999118
1096000 480.787778904587 471.423383658262 468.909218532003 1421.12038109485
1097000 481.214314491882 471.701787323977 469.14206958116 1422.05817139702
1098000 481.657144824021 472.166705720789 469.508436602851 1423.33228714766
1099000 482.00491420018 472.681970261867 469.829514328942 1424.51639879099
1100000 482.457357935946 473.055765489956 470.069659569035 1425.58278299494
1101000 483.222820311676 473.338241076023 470.317974711107 1426.87903609881
1102000 483.587831479748 473.869040161265 470.853829032227 1428.31070067324
1103000 484.20321651118 474.518518704975 471.355091168132 1430.07682638429
1104000 484.41187432701 474.839180967532 471.654850717306 1430.90590601185
1105000 484.772116911863 475.327100176688 472.100617146664 1432.19983423522
1106000 485.22504733203 475.78663343541 472.475606503701 1433.48728727114
1107000 485.588084547316 475.969072771168 472.945887444089 1434.50304476257
1108000 486.184131300608 476.560505414068 473.23154195593 1435.97617867061
1109000 486.801470427224 476.948936313013 473.786204261609 1437.53661100185
1110000 487.229717856325 477.058413942603 474.044879553924 1438.33301135285
1111000 487.548408676013 477.773988550314 474.46959139832 1439.79198862465
1112000 488.007558196404 478.264409796138 474.871430978331 1441.14339897087
1113000 488.235796595102 478.570772019616 475.22384301989 1442.03041163461
1114000 488.539830255219 479.142753981285 475.397023263498 1443.0796075
1115000 489.113049898341 479.262254167336 475.778776429552 1444.15408049523
1116000 489.421303593068 479.582986870414 476.113227003879 1445.11751746736
1117000 489.913990712681 480.055437630596 476.735920024181 1446.70534836746
1118000 490.27027927333 480.636572598292 477.18515855439 1448.09201042601
1119000 490.71335239377 481.112809816539 477.567988829065 1449.39415103937
1120000 491.263081428472 481.607057428285 477.859113356947 1450.7292522137
1121000 491.810071197081 482.069327544672 478.409535972597 1452.28893471435
1122000 492.20317434813 482.435548352912 478.898244703647 1453.53696740469
1123000 492.464287269201 482.96073388301 479.341238556657 1454.76625970887
1124000 492.874987825169 483.407256000957 479.750375226293 1456.03261905242
1125000 493.397638269844 483.811022937438 480.227502204155 1457.43616341144
1126000 493.697275623741 484.186894897353 480.495393810634 1458.37956433173
1127000 493.962275291742 484.560963387629 480.914300404813 1459.43753908418
1128000 494.450082912855 484.796774445809 481.324868865056 1460.57172622372
1129000 494.800248588259 485.360932486943 481.571771862867 1461.73295293807
1130000 495.403752649779 485.749523471398 481.764971761661 1462.91824788284
1131000 495.771345583751 486.00443886863 482.461514270523 1464.2372987229
1132000 496.199294627751 486.665686715606 482.847857167898 1465.71283851125
1133000 496.560273163113 486.996393041308 483.327722732578 1466.884388937
1134000 497.07402570446 487.571121294673 483.836466215308 1468.48161321444
1135000 497.326274772721 488.14969819045 483.971699608899 1469.44767257207
1136000 497.742714773706 488.422361797763 484.482456733826 1470.6475333053
1137000 498.299277521258 488.807079311911 485.09550067263 1472.2018575058
1138000 498.926201321285 489.151957394408 485.234804332172 1473.31296304786
1139000 499.27853749026 489.71982166713 485.667463117393 1474.66582227478
1140000 499.541685869615 490.091230366863 486.187535541664 1475.82045177814
1141000 499.667022062632 490.458525259539 486.613376818889 1476.73892414106
1142000 500.281423016508 490.785021151223 487.144479902436 1478.21092407017
1143000 500.393561308745 491.008309654008 487.7881855334 1479.19005649615
1144000 500.830548987349 491.448269928994 487.978333255277 1480.25715217162
1145000 501.132469534831 491.894378651962 488.429184092092 1481.45603227888
1146000 501.641901600191 492.278659086186 488.798617664555 1482.71917835093
1147000 502.03397320376 492.889281247219 489.31158372068 1484.23483817166
1148000 502.550413496487 493.24478090841 489.700044378754 1485.49523878365
1149000 502.953662075639 493.722237763128 490.08787584449 1486.76377568326
1150000 503.374246349538 494.343309859994 490.567475007624 1488.28503121716
1151000 503.808464343075 494.832410013953 490.720571639282 1489.36144599631
1152000 504.468916409512 495.105501307697 491.16127177888 1490.73568949609
1153000 504.837076557362 495.325050014383 491.49298047859 1491.65510705033
1154000 505.222467795954 495.627873948906 491.971974746869 1492.82231649173
1155000 505.724354889281 496.076737921803 492.387348552836 1494.18844136392
1156000 506.227036011208 496.466414713391 492.85114575508 1495.54459647968
1157000 506.5125548313 497.09944642166 493.318718144598 1496.93071939756
1158000 506.975193319784 497.534545908718 493.698331114831 1498.20807034333
1159000 507.259793880949 497.897785631795 494.177708954952 1499.3352884677
1160000 507.608932216168 498.404798860242 494.369497204757 1500.38322828117
1161000 508.046497036087 498.806700547609 494.86663745594 1501.71983503964
1162000 508.369194404151 499.106660085791 495.310324975208 1502.78617946515
1163000 508.776803179029 499.774907003163 495.774354762131 1504.32606494432
1164000 509.32084782476 499.907893339036 496.249899354646 1505.47864051844
1165000 509.698505536407 500.376071218743 496.919142563949 1506.9937193191
1166000 509.965239617782 500.644930402314 497.526298883041 1508.13646890314
1167000 510.44710795446 500.845455463902 497.739690116179 1509.03225353454
1168000 510.806411739158 501.461503114202 498.220799160283 1510.48871401364
1169000 511.520489969145 502.006384698556 498.583247012603 1512.1101216803
1170000 511.825506351494 502.334555282334 499.164645360858 1513.32470699469
1171000 512.204188012863 502.787883114441 499.581795801264 1514.57386692857
1172000 512.525338022395 503.144071452917 500.029728711886 1515.6991381872
1173000 513.025885311335 503.433424119603 500.461379680074 1516.92068911101
1174000 513.163525925329 503.963102502798 501.09301710916 1518.21964553729
1175000 513.708878823316 504.67117328183 501.507405356916 1519.88745746206
1176000 514.22909352537 504.891734382804 501.833439714244 1520.95426762242
1177000 514.851025637521 505.383997516705 502.323350774689 1522.55837392892
1178000 515.151962762089 505.639835706814 502.683968537657 1523.47576700656
1179000 515.501797721939 506.086693899321 503.115967744658 1524.70445936592
1180000 515.942764614837 506.42705283795 503.58379969616 1525.95361714895
1181000 516.430333719333 506.929276900248 503.813628173661 1527.17323879324
1182000 516.899522216062 507.262796925739 504.097164630346 1528.25948377215
1183000 517.591912260299 507.267360005536 504.535690464818 1529.39496273065
1184000 517.990392289035 507.82166182677 505.005790781939 1530.81784489774
1185000 518.682576163921 508.271032281368 505.550355913747 1532.50396435904
1186000 519.108888051145 508.492120368166 505.979739800149 1533.58074821946
1187000 519.457542768611 508.931112028444 506.49934500087 1534.88799979793
1188000 520.272529354063 509.325260484513 506.966174514746 1536.56396435332
1189000 520.51197489785 509.808627159979 507.199526725465 1537.52012878329
1190000 521.164251796848 510.206711364274 507.484578566632 1538.85554172775
1191000 521.380326708031 510.506248877681 507.945866419049 1539.83244200476
1192000 521.847939079042 511.002278947907 508.238274623501 1541.08849265045
1193000 522.123719182581 511.551168001804 508.4721841248 1542.14707130918
1194000 522.457682307112 512.030424761597 508.987151693545 1543.47525876225
1195000 522.925698758796 512.602743647287 509.403428673252 1544.93187107934
1196000 523.486977586422 513.027634392389 509.760800902561 1546.27541288137
1197000 523.904974204358 513.427737384143 510.193204182666 1547.52591577117
1198000 524.296039492206 513.729347030263 510.671927523952 1548.69731404642
1199000 524.526469867167 514.190227091753 510.920918130935 1549.63761508985
1200000 525.106191342631 514.496707596186 511.330847072446 1550.93374601126
1201000 525.364442028085 514.811834474691 511.645202281709 1551.82147878448
1202000 526.056614648722 515.350295865587 512.070932243075 1553.47784275738
1203000 526.303803847439 515.836508751458 512.779887386569 1554.92019998547
1204000 526.875848731329 516.273578233484 513.164421608807 1556.31384857362
1205000 527.261275584164 516.633156428016 513.659193957841 1557.55362597002
1206000 527.626603026984 517.090532454151 514.000031285215 1558.71716676635
1207000 528.025827160089 517.548457299175 514.6303979768 1560.20468243606
1208000 528.301714260744 518.002212372832 514.998267483644 1561.30219411722
1209000 528.431251351596 518.52121766788 515.427050622696 1562.37951964217
1210000 528.949811714005 518.785066117372 515.756705730071 1563.49158356145
1211000 529.228069561776 519.400180966663 516.064652961008 1564.69290348945
1212000 529.6215477569 519.918876267857 516.532796335281 1566.07322036004
1213000 530.073027842044 520.256432274171 517.025665749177 1567.35512586539
1214000 530.650163115504 520.877725671785 517.450850767056 1568.97873955434
1215000 530.807296984713 521.265076616769 517.831010429143 1569.90338403063
1216000 531.332839668612 521.642331912601 518.164709805514 1571.13988138673
1217000 531.662339647965 522.205597074586 518.602646441573 1572.47058316412
1218000 532.198546494044 522.765217226957 519.165356549657 1574.12912027066
1219000 532.600426575915 523.015829992388 519.666195720324 1575.28245228863
1220000 533.159327081768 523.459064959709 520.041425248063 1576.65981728954
1221000 533.475854153906 523.960641209041 520.534443225361 1577.97093858831
1222000 533.799737906132 524.375026499828 521.009533312791 1579.18429771875
1223000 534.281860695765 524.839943344856 521.51670169272 1580.63850573334
1224000 534.669756611009 525.273253149066 521.888902912536 1581.83191267261
1225000 534.983443015849 525.774490571484 522.372817138101 1583.13075072543
1226000 535.394127689479 525.935803110629 522.659030216466 1583.98896101657
1227000 535.900434709372 526.365380467337 523.088329258496 1585.3541444352
1228000 536.219119828918 526.640848929754 523.331077767015 1586.19104652569
1229000 536.841630127387 527.107148574608 523.938886469855 1587.88766517185
1230000 537.259168976992 527.431187595411 524.538829851644 1589.22918642405
1231000 537.641941769467 527.928091265407 524.974333764943 1590.54436679982
1232000 538.082371715621 528.473037491768 525.13286116737 1591.68827037476
1233000 538.479833954037 528.984825633534 525.60349505928 1593.06815464685
1234000 539.057704519718 529.500413331718 525.861448007461 1594.4195658589
1235000 539.64600038058 530.074519908601 526.274653914837 1595.99517420402
1236000 540.151149192926 530.298442419057 526.691775266537 1597.14136687852
1237000 540.640183292521 530.750663580269 526.969461523629 1598.36030839642
1238000 541.151448629489 531.232800505729 527.36524895655 1599.74949809177
1239000 541.465376019924 531.723967900356 527.545862546316 1600.7352064666
1240000 541.969298073239 532.282665878634 527.964528524672 1602.21649247654
1241000 542.17413006809 532.773210828503 528.332048014994 1603.27938891159
1242000 542.822995194982 533.018947606163 528.63254469791 1604.47448749906
1243000 543.274708591571 533.51865009069 528.879943305477 1605.67330198774
1244000 543.799671240989 534.012077849065 529.211706107672 1607.02345519773
1245000 543.983615728189 534.315937269426 529.574754949844 1607.87430794746
1246000 544.702771943889 534.631087346506 530.067355640831 1609.40121493123
1247000 544.887045103691 535.276990260948 530.306695503931 1610.47073086857
1248000 545.388066023505 535.712714143545 530.633369583641 1611.73414975069
1249000 545.846466192988 536.399748663171 531.158727445229 1613.40494230139
1250000 546.283752762169 536.766048075356 531.516192914753 1614.56599375228
1251000 546.71441229094 536.98729579404 531.862431053849 1615.56413913883
1252000 547.083472247657 537.373230810219 532.325966067367 1616.78266912524
1253000 547.508260733374 537.826239960906 532.637213772192 1617.97171446647
1254000 547.928453071919 538.288522486529 533.006692933192 1619.22366849164
1255000 548.329017452159 538.622349774341 533.265013812642 1620.21638103914
1256000 548.835684735115 538.834507245475 533.589577177263 1621.25976915785
1257000 549.406061071109 539.299145232089 534.037562843582 1622.74276914678
1258000 549.961322382345 539.737678762151 534.285672246889 1623.98467339138
1259000 550.407154843191 540.233622992795 534.790251910309 1625.4310297463
1260000 550.683362496731 540.639577951822 535.165387238341 1626.48832768689
1261000 551.196869578245 541.12740749054 535.663751819189 1627.98802888797
1262000 551.776184374794 541.571392774681 536.10218637317 1629.44976352264
1263000 551.939532256638 541.857875119368 536.524998363127 1630.32240573913
1264000 552.302492859372 542.189810271271 536.879998607686 1631.37230173833
1265000 552.813968097881 542.584504284037 537.403766447912 1632.80223882983
1266000 553.026075499428 543.169264691538 537.621444509608 1633.81678470057
1267000 553.43288622637 543.35338446704 537.995701491149 1634.78197218456
1268000 553.887900054991 543.675226077029 538.445239085325 1636.00836521735
1269000 554.429481674026 543.848601129205 539.010301093665 1637.2883838969
1270000 554.907831162636 544.269290021593 539.259655731376 1638.4367769156
1271000 555.264190992541 544.769838630735 539.702238992291 1639.73626861557
1272000 555.631697279323 545.339003320515 540.239393343605 1641.21009394344
1273000 556.079494953108 545.71091411526 540.62024966752 1642.41065873589
1274000 556.421489137626 546.134141345439 541.057727591618 1643.61335807468
1275000 556.974220853237 546.352644567336 541.550621229124 1644.8774866497
1276000 557.517775104038 546.757547182328 541.972191087979 1646.24751337434
1277000 557.999780978013 547.160009825651 542.534551796718 1647.69434260038
1278000 558.415980121295 547.510095309245 543.065852954963 1648.9919283855
1279000 558.682820020303 548.156906353603 543.83157587948 1650.67130225339
1280000 558.883306051549 548.279744344667 544.189296084222 1651.35234648044
1281000 559.289034865851 548.642092971919 544.625577772173 1652.55670560994
1282000 559.591416322302 549.057278201366 545.222796581076 1653.87149110474
1283000 560.262146915495 549.42535611119 545.535356410498 1655.22285943718
1284000 560.605721093107 549.768941360335 545.685555729286 1656.06021818273
1285000 561.066948349807 550.298514847368 546.286257447263 1657.65172064444
1286000 561.614520191477 550.698604796575 546.830178540348 1659.1433035284
1287000 561.771108976035 551.147544845984 547.292588632235 1660.21124245425
1288000 561.925160770115 551.576338798798 547.67058856067 1661.17208812958
1289000 562.48932957166 551.813687070096 548.22392256003 1662.52693920179
1290000 563.064249221638 552.304465256183 548.649706438117 1664.01842091594
1291000 563.479934949103 552.868837891713 548.985902155621 1665.33467499644
1292000 564.012189171259 553.005307164746 549.641675734827 1666.65917207083
1293000 564.550334529886 553.314163681843 550.183115947899 1668.04761415963
1294000 564.857759430103 553.917290786357 550.567605286924 1669.34265550338
1295000 565.224851522356 554.398331464655 551.072649858567 1670.69583284558
1296000 565.618880334411 554.936685426453 551.667553042353 1672.22311880322
1297000 566.068245814266 555.348525902027 551.965638064018 1673.38240978031
1298000 566.385540061627 555.984087160424 552.460681306547 1674.8303085286
1299000 567.082374359158 556.307532593123 553.002573439286 1676.39248039157
1300000 567.261102608952 556.629799618168 553.441615619881 1677.332517847
1301000 567.652132620102 557.186843173763 553.861613818302 1678.70058961217
1302000 568.380482253298 557.55566883669 554.178549386218 1680.11470047621
1303000 568.573966114102 558.199652025249 554.701688676021 1681.47530681537
1304000 569.196012938541 558.611350685265 554.897091920001 1682.70445554381
1305000 569.687639081628 558.916546126294 555.252541708907 1683.85672691683
1306000 570.03173781717 559.308023199616 555.473408275921 1684.81316929271
1307000 570.281639898244 559.623511796835 556.131019708801 1686.03617140388
1308000 570.606008614551 559.910260577404 556.493537266475 1687.00980645843
1309000 571.201262089198 560.156048923285 556.823730533786 1688.18104154627
1310000 571.5225007793 560.53416957756 557.256675035573 1689.31334539243
1311000 572.036162294896 560.65120881921 557.493385521557 1690.18075663566
1312000 572.280449329427 561.037860920719 558.001845532161 1691.32015578231
1313000 572.509153753182 561.524972610307 558.568858150016 1692.6029845135
1314000 572.996426732567 562.012493647046 558.881080839443 1693.89000121906
1315000 573.516391523561 562.430464936493 559.184427358459 1695.13128381851
1316000 573.89681888658 562.984373820148 559.630921393754 1696.51211410048
1317000 574.204968917658 563.171717216219 559.987319202608 1697.36400533648
1318000 574.322252314697 563.462006639565 560.436347397922 1698.22060635218
1319000 574.706763051059 563.938353742818 560.725378770187 1699.37049556406
1320000 575.255203530956 564.381529205379 561.159541086485 1700.79627382282
1321000 575.86343153309 564.678140516797 561.60758155684 1702.14915360673
1322000 576.277982517354 565.040219987042 562.124265888537 1703.44246839293
1323000 576.7563304352 565.467473271388 562.595207439386 1704.81901114597
1324000 577.298516398853 566.096674704339 563.04529880413 1706.44048990732
1325000 577.570581781561 566.673981241275 563.210292481633 1707.45485550447
1326000 577.871249816279 566.910614463443 563.57647793808 1708.3583422178
1327000 578.33369376421 567.321167946735 563.778175395856 1709.4330371068
1328000 578.561334299169 568.012892352472 564.342464162586 1710.91669081423
1329000 578.892198964768 568.459311549228 564.972816225479 1712.32432673948
1330000 579.466020949971 568.968176896767 565.255270489449 1713.68946833619
1331000 579.676458233938 569.377363568689 565.600853908658 1714.65467571128
1332000 580.391032976088 569.825474765318 565.789982927101 1716.00649066851
1333000 580.953134991397 570.237405260871 566.035789779844 1717.22633003211
1334000 581.256402156981 570.41132541133 566.457076764917 1718.12480433323
1335000 581.911638881866 570.849667292849 566.930240664148 1719.69154683886
1336000 582.269805113572 571.19354988016 567.291464802669 1720.7548197964
1337000 582.497434693068 571.575801643311 567.631020700546 1721.70425703693
1338000 583.097803767345 571.861396500258 567.915738317232 1722.87493858484
1339000 583.32752720372 572.209907041614 568.561067597736 1724.09850184307
1340000 583.805820527434 572.384076675063 568.678670690686 1724.86856789318
1341000 584.221908577673 572.8162274257 568.922472072859 1725.96060807623
1342000 584.674478640179 573.242612722821 569.249417266585 1727.16650862958
1343000 585.119559561414 573.726815458413 569.755239465699 1728.60161448553
1344000 585.531185869614 574.393736823095 570.185409775828 1730.11033246854
1345000 585.730578112374 574.741624842124 570.560859253405 1731.0330622079
1346000 586.006073992383 575.261266779453 570.842564265083 1732.10990503692
1347000 586.293161292135 575.61367738675 571.19713150264 1733.10397018152
1348000 586.566417326274 576.159419409739 571.95963638743 1734.68547312344
1349000 586.973622132926 576.581025728474 572.421870221156 1735.97651808256
1350000 587.490938692694 576.789207698288 572.628385293021 1736.908531684
1351000 587.813350548387 577.230563503286 573.237314516289 1738.28122856796
1352000 588.536431788593 577.713913988683 573.629106885229 1739.8794526625
1353000 588.901251003374 577.807350301969 574.116944215158 1740.8255455205
1354000 589.462035017901 578.243429384499 574.288939722912 1741.99440412531
1355000 589.882915135474 578.762957044863 574.656764303065 1743.3026364834
1356000 590.27002158885 579.203548345587 575.390777449746 1744.86434738418
1357000 590.794762420679 579.376196568587 575.823239549049 1745.99419853832
1358000 591.465224176507 580.086789494851 576.161547038718 1747.71356071008
1359000 591.96788306926 580.529768257823 576.428900363089 1748.92655169017
1360000 592.383627757068 580.844391141296 576.735457369524 1749.96347626789
1361000 593.022524830125 581.399569813333 577.053042339144 1751.4751369826
1362000 593.208988196566 581.607507108476 577.519608007367 1752.33610331241
1363000 593.619104490206 582.032779375566 577.918602083102 1753.57048594887
1364000 593.936802600701 582.384683636199 578.261234021482 1754.58272025838
1365000 594.175731383082 582.862369499846 578.568436590304 1755.60653747323
1366000 594.685058910991 583.486677698223 579.130492545001 1757.30222915421
1367000 595.047753202404 583.995379984514 579.465669084181 1758.5088022711
1368000 595.310065281581 584.237226413148 579.876799462574 1759.4240911573
1369000 595.827974656955 585.004292627912 580.25239182114 1761.08465910601
1370000 596.195449340165 585.463101780175 580.693723834617 1762.35227495496
1371000 596.390194394664 585.909473981299 581.130390643553 1763.43005901952
1372000 597.065863070147 586.31836980401 581.569032933047 1764.9532658072
1373000 597.439739505629 586.603261124908 582.024853107261 1766.0678537378
1374000 597.603013876082 586.770371052214 582.191253311479 1766.56463823978
1375000 598.016449170912 587.1524936841 582.786338177192 1767.9552810322
1376000 598.388912338715 587.688147446935 583.151757743345 1769.22881752899
1377000 598.752020344705 588.032640999223 583.51398158774 1770.29864293167
1378000 599.315230508293 588.602868965005 583.995899015063 1771.91399848836
1379000 599.539803887327 588.92342347647 584.427940637816 1772.89116800161
1380000 600.020902586916 589.360964370082 584.906881560533 1774.28874851753
1381000 600.584376922572 589.794535541043 585.364839154766 1775.74375161838
1382000 600.966334388822 590.216763188563 585.710192945574 1776.89329052296
1383000 601.641343179656 590.544644404162 586.30897113654 1778.49495872036
1384000 602.331713591127 590.968378185894 586.770992005873 1780.07108378289
1385000 602.679114078961 591.533062081606 587.340691220968 1781.55286738153
1386000 603.108078349962 592.019049009652 587.693344374693 1782.82047173431
1387000 603.475625307869 592.347886851994 587.995605015611 1783.81911717547
1388000 604.009408338111 592.564801526851 588.528381304844 1785.10259116981
1389000 604.449953578477 593.021448059003 588.987818296496 1786.45921993398
1390000 604.836783573229 593.495503261068 589.467929202952 1787.80021603725
1391000 605.477952863171 593.747907656337 589.728345848176 1788.95420636768
1392000 605.909725312199 594.187829800828 590.172155389203 1790.26971050223
1393000 606.472788329398 594.706812811631 590.517542394465 1791.69714353549
1394000 606.635212872389 595.12116266526 590.842306510833 1792.59868204848
1395000 606.952680993329 595.657788812374 591.238663719723 1793.84913352543
1396000 607.542880322523 596.14778219916 591.67944543033 1795.37010795201
1397000 607.965097759614 596.691329089242 592.209806966801 1796.86623381566
1398000 608.390379290227 597.164289946446 593.087442116134 1798.64211135281
1399000 608.761488878531 597.561170661462 593.442454260747 1799.76511380074
1400000 609.326699394123 597.982474758035 593.852241720519 1801.16141587268
1401000 609.666163917329 598.244002825385 594.297707010707 1802.20787375342
1402000 610.004031768181 598.596247648779 594.675842641754 1803.27612205871
1403000 610.299180231827 598.795441747585 594.804380284819 1803.89900226423
1404000 610.681062038364 599.025640153978 595.268563858963 1804.97526605131
1405000 611.144656034789 599.466727297703 595.788932598659 1806.40031593115
1406000 611.579253966711 599.989751082207 596.087835861767 1807.65684091068
1407000 612.282888037616 600.494050831322 596.603857360509 1809.38079622945
1408000 612.778587780675 600.649861183231 596.830510474211 1810.25895943812
1409000 613.24816933888 600.978170974343 597.425642667958 1811.65198298118
1410000 613.693911419589 601.333283795581 597.590296458721 1812.61749167389
1411000 614.103532957273 601.633103524342 597.885718634284 1813.6223551159
1412000 614.758125791995 601.751004068813 598.504353616891 1815.0134834777
1413000 614.980624788971 602.442966782433 598.718358050594 1816.141949622
1414000 615.477256184024 602.728497228476 598.916499911298 1817.1222533238
1415000 616.012201294334 603.216496411309 599.623166674132 1818.85186437978
1416000 616.414341599981 603.571321789206 599.846548177996 1819.83221156718
1417000 616.672993709717 603.899147851526 600.206884064779 1820.77902562602
1418000 617.29602872769 604.031550086192 600.433512633253 1821.76109144714
1419000 617.487343337113 604.508331682623 600.93962657368 1822.93530159342
1420000 617.908442961395 604.871896787118 601.389828061592 1824.1701678101
1421000 618.179716607618 605.240382577299 601.690071318441 1825.11017050336
1422000 618.872642329994 605.452115620418 602.081400148092 1826.4061580985
1423000 619.254417986269 606.083003042669 602.475759724615 1827.81318075355
1424000 619.645675231348 606.540781568383 602.821068526563 1829.00752532629
1425000 620.319563751984 607.102286666278 603.345582798301 1830.76743321656
1426000 620.915654195976 607.464983145907 603.570544342332 1831.95118168422
1427000 621.106991364541 607.848638264899 604.032325705997 1832.98795533544
1428000 621.566148377443 608.567358617934 604.607551317359 1834.74105831274
1429000 622.054271925834 609.154799566248 605.223676641099 1836.43274813318
1430000 622.487559049856 609.632245455081 605.435960518275 1837.55576502321
1431000 622.953130405781 609.95714312726 605.658575377399 1838.56884891044
1432000 623.258014418346 610.318501851981 606.148863373523 1839.72537964385
1433000 623.499654433528 611.02982514652 606.699120689873 1841.22860026992
1434000 623.826243243658 611.323741034056 607.046586863611 1842.19657114133
1435000 624.134028492118 611.809494284773 607.481452194794 1843.42497497169
1436000 624.465207149474 612.539706772647 607.955778796498 1844.96069271862
1437000 625.032442231309 613.100489667641 608.25200460786 1846.38493650681
1438000 625.470193020339 613.279184225684 608.653035436871 1847.40241268289
1439000 625.664982055627 613.79701876782 608.953883293882 1848.41588411733
1440000 626.194279212986 614.136220651579 609.392879816095 1849.72337968066
1441000 626.544131030944 614.589585828453 609.860649382548 1850.99436624195
1442000 627.088091352058 615.089290248835 610.139627623894 1852.31700922479
1443000 627.33248241219 615.39344925083 610.570323669599 1853.29625533262
1444000 627.926781571504 615.803351285187 610.984174171265 1854.71430702796
1445000 628.297139006879 616.10072152387 611.70336080855 1856.1012213393
1446000 628.345036943046 616.46092790362 612.026061324602 1856.83202617127
1447000 628.757908228181 616.961899860625 612.524427781891 1858.2442358707
1448000 629.165782389559 617.616801071655 613.141520188014 1859.92410364923
1449000 629.594214003227 618.05689406192 613.554815620981 1861.20592368613
1450000 629.915730225677 618.601188687229 614.052531655482 1862.56945056839
1451000 630.243289742679 618.831818908523 614.500460986189 1863.57556963739
1452000 630.983395351876 619.189325978259 615.124340215525 1865.29706154566
1453000 631.346513139044 619.582689043388 615.311175228942 1866.24037741137
1454000 631.882361233212 620.020819132814 615.646528724312 1867.54970909034
1455000 632.178600201886 620.560127512374 616.114232561468 1868.85296027573
1456000 632.801782348763 620.907329347297 616.335794037629 1870.04490573369
1457000 633.059895801613 621.356501103788 616.949311910928 1871.36570881633
1458000 633.46259548834 621.667213527333 617.335898156258 1872.46570717193
1459000 634.10591061209 622.102523510153 617.729597010699 1873.93803113294
1460000 634.374775418208 622.344363784271 618.19533937142 1874.9144785739
1461000 634.893169705669 622.589579926115 618.262921718092 1875.74567134988
1462000 635.294112561849 622.964067227877 618.848095276348 1877.10627506607
1463000 635.986312722574 623.244810410681 619.082818286709 1878.31394141996
1464000 636.453270496171 623.667475230579 619.598083509582 1879.71882923633
1465000 636.958547606468 623.936107925562 619.931681495227 1880.82633702726
1466000 637.063126727795 624.335246049966 620.429473621294 1881.82784639905
1467000 637.703975820091 624.91169823549 620.710893420553 1883.32656747613
1468000 638.114390783212 625.250307681455 621.115136359236 1884.4798348239
1469000 638.68661275158 625.447313654385 621.46277412685 1885.59670053282
1470000 639.0812015491 625.826888517237 621.805815330201 1886.71390539654
1471000 639.452027004147 626.211795919809 622.225470413994 1887.88929333795
1472000 639.852578082605 626.424990759783 622.617812711737 1888.89538155413
1473000 640.377748439398 626.894538117647 623.149770613727 1890.42205717077
1474000 640.671947915281 627.266387733998 623.683243435575 1891.62157908485
1475000 641.096824194214 627.868054478281 624.387845699451 1893.35272437195
1476000 641.435619558958 628.106988561406 624.552482994683 1894.09509111505
1477000 641.737751456346 628.499371647109 624.788506580609 1895.02562968406
1478000 642.375802872145 629.149299409298 625.227460405955 1896.7525626874
1479000 642.950318468547 629.229563459812 625.752554126924 1897.93243605528
1480000 643.347569195452 630.033063140453 626.165586657145 1899.54621899305
1481000 643.627987518079 630.376924548637 626.534027771183 1900.5389398379
1482000 644.239965982706 630.803423544499 627.233626141138 1902.27701566834
1483000 644.735857963741 631.116217011808 627.556720649707 1903.40879562526
1484000 645.033282693382 631.447783737123 628.028926910701 1904.50999334121
1485000 645.487318482319 632.167829272367 628.478222365927 1906.13337012061
1486000 646.008974585964 632.506719634885 628.993084385521 1907.50877860637
1487000 646.488207316659 632.989856812353 629.289831383764 1908.76789551278
1488000 647.16175769686 633.317652453475 629.684043081844 1910.16345323218
1489000 647.559289947687 633.744046027766 630.272696988475 1911.57603296393
1490000 648.134351169729 634.075968026162 630.530809630443 1912.74112882633
1491000 648.277277430159 634.590193015469 630.973107597616 1913.84057804324
1492000 648.833927951478 634.881463139598 631.407849003093 1915.12324009417
1493000 649.25227136801 635.145924627683 631.770347091535 1916.16854308723
1494000 649.82146936245 635.365339151553 631.962606081059 1917.14941459506
1495000 650.372759124056 635.897287404873 632.188976519761 1918.45902304869
1496000 650.893445384909 636.405295147613 632.625672359874 1919.9244128924
1497000 651.346325616552 636.870248483521 633.006424030778 1921.22299813085
1498000 652.020205365996 637.488054655617 633.520480840368 1923.02874086198
1499000 652.3318645359 638.046116799442 634.008090635101 1924.38607197044
1500000 652.693928650969 638.515471747306 634.237788858529 1925.4471892568
1501000 653.308919784703 638.726279280507 634.734954117761 1926.77015318297
1502000 654.034248296186 639.375064486676 635.225867530237 1928.6351803131
1503000 654.245911861551 639.880794888246 635.61284127265 1929.73954802245
1504000 654.723780564087 640.362387511596 635.83730903045 1930.92347710613
1505000 654.833561437635 640.635930344649 636.230031034476 1931.69952281676
1506000 655.392219793806 640.978447141819 636.610513650806 1932.98118058643
1507000 655.899451942585 641.388203509839 637.120538461524 1934.40819391395
1508000 656.382289881247 641.992859540584 637.341409676278 1935.71655909811
1509000 656.623462100228 642.536171189759 637.825848247201 1936.98548153719
1510000 656.985309421998 642.577276592603 638.280481905045 1937.84306791965
1511000 657.49670863148 643.00182655012 639.034499035034 1939.53303421663
1512000 657.925857058594 643.281685808434 639.16749170729 1940.37503457432
1513000 658.235892277865 643.861495734279 639.394303333545 1941.49169134569
1514000 658.605033587118 644.076675445425 639.960108138864 1942.64181717141
1515000 659.03226889499 644.47070112476 640.328729232192 1943.83169925194
1516000 659.456967506187 644.977679803391 640.708268078367 1945.14291538794
1517000 659.713545929564 645.475704880907 641.097647692787 1946.28689850326
1518000 660.139663443397 645.68699350323 641.672298533575 1947.4989554802
1519000 660.61130302089 646.208720277747 642.194777736532 1949.01480103517
1520000 660.981518098301 646.700789396631 642.539164978765 1950.2214724737
1521000 661.568010855349 647.063342297428 643.149201425275 1951.78055457805
1522000 661.902920509506 647.299196030981 643.511020137141 1952.71313667763
1523000 662.350940373559 647.909609360569 643.850254358917 1954.11080409304
1524000 662.895560499722 648.38096732069 644.22510419951 1955.50163201992
1525000 663.207591713687 648.973483013336 644.612364801222 1956.79343952824
1526000 663.674694651084 649.167224287703 645.164644747708 1958.0065636865
1527000 663.88456093516 649.558371903515 645.404708533178 1958.84764137185
1528000 664.567531976021 650.062557946269 645.887124843027 1960.51721476532
1529000 664.886434563059 650.705003024328 646.300501463897 1961.89193905128
1530000 665.677472248531 651.20209781034 646.810082768148 1963.68965282702
1531000 666.096619816053 651.555676311537 647.163467469927 1964.81576359752
1532000 666.170696010623 652.0334266803 647.40694382923 1965.61106652015
1533000 666.561524015538 652.56725841894 647.743374245764 1966.87215668024
1534000 666.947611907734 652.907916407299 648.212545280807 1968.06807359584
1535000 667.105104477093 653.408878863111 648.770830078202 1969.28481341841
1536000 667.415000847553 653.830859328839 649.226630993687 1970.47249117008
1537000 667.838209527864 654.002430624864 649.484409006708 1971.32504915944
1538000 668.390996541066 654.282771662546 649.935521073145 1972.60928927676
1539000 668.712934668065 654.96390386968 650.318145645191 1973.99498418294
1540000 669.220522275142 655.473543190627 650.940875881573 1975.63494134734
1541000 669.716977325666 655.920039112298 651.569393184501 1977.20640962247
1542000 670.552432944642 656.203867682233 652.081622526019 1978.83792315289
1543000 671.287969275436 656.385694447759 652.342622873067 1980.01628659626
1544000 671.589750968715 656.686818671035 652.821539317153 1981.0981089569
1545000 672.142518267677 656.947437058794 653.099126226573 1982.18908155304
1546000 672.400496714817 657.398006780542 653.17921287193 1982.97771636729
1547000 672.736152317135 657.852860563634 653.911199339759 1984.50021222053
1548000 673.064743434714 658.198371523352 654.161088484426 1985.42420344249
1549000 673.525378554242 658.805198803812 654.71095369558 1987.04153105363
1550000 673.710529929443 659.037176157513 655.124365390538 1987.87207147749
1551000 674.336438029015 659.286246709235 655.734484145568 1989.35716888382
1552000 674.632735163262 659.76344299841 656.140685374578 1990.53686353625
1553000 674.871074868407 660.172081230975 656.289289688499 1991.33244578788
1554000 675.144704882678 660.541105718159 656.631797488456 1992.31760808929
1555000 675.564163512939 661.006594266578 657.048368370359 1993.61912614988
1556000 676.068209549281 661.255473751049 657.409674080132 1994.73335738046
1557000 676.594820713955 661.906207996159 658.105238998235 1996.60626770835
1558000 676.92609876752 662.419498485568 658.433176548378 1997.77877380147
1559000 677.366160082565 662.744151455561 658.929483479236 1999.03979501736
1560000 677.918402516059 663.304661327311 659.519832045415 2000.74289588878
1561000 678.334120504491 663.558293372455 659.873085892264 2001.76549976921
1562000 678.983789344587 663.917428087394 660.147257060587 2003.04847449257
1563000 679.180453214634 664.252071406554 660.384210098776 2003.81673471996
1564000 679.443426076415 664.827706831351 660.890642342098 2005.16177524986
1565000 680.104646417898 665.401054549359 661.260250874932 2006.76595184219
1566000 680.664964842976 665.862286714722 661.804644700495 2008.33189625819
1567000 681.22891456408 666.268852357166 662.117053833617 2009.61482075486
1568000 681.6402790544 666.677647072801 662.607854660384 2010.92578078758
1569000 682.305771480563 666.931706413951 662.956217706051 2012.19369560056
1570000 682.465366997729 667.490568022671 663.332110168456 2013.28804518886
1571000 683.337997388705 667.866886439379 663.864036108543 2015.06891993663
1572000 683.847489801333 668.354323215068 664.311553095 2016.5133661114
1573000 684.096395192104 668.877360755592 664.707473080786 2017.68122902848
1574000 684.564244275707 669.184823677656 665.324303337057 2019.07337129042
1575000 684.876585262788 669.489528763103 665.780777486675 2020.14689151257
1576000 685.309026279283 669.726383778301 666.189320921906 2021.22473097949
1577000 685.82218728063 670.404341708014 666.642112862431 2022.86864185107
1578000 686.090225417123 670.818551623262 667.090693420974 2023.99947046136
1579000 686.642401309972 671.326106797886 667.620867174522 2025.58937528238
1580000 687.248496112988 671.681171667519 667.705016336721 2026.63468411723
1581000 687.543652127757 672.129119284714 668.23016534423 2027.9029367567
1582000 687.952353542214 672.552011855723 668.869076875595 2029.37344227353
1583000 688.323349571016 673.048344167716 669.693290847215 2031.06498458595
1584000 688.641712897743 673.642779888576 669.94025101337 2032.22474379969
1585000 689.034120712815 674.205599728351 670.324902464502 2033.56462290567
1586000 689.661433239624 674.501369256859 670.655587802576 2034.81839029906
1587000 690.191001097019 674.844298282471 671.169714431528 2036.20501381102
1588000 690.637518853575 675.279546767053 671.411925382487 2037.32899100312
1589000 691.190113340628 675.835572749475 671.892972805014 2038.91865889512
1590000 691.562619661898 675.990736443148 672.309720217223 2039.86307632227
1591000 692.058818791669 676.471530753407 672.823032088771 2041.35338163385
1592000 692.383773385032 676.734764492544 673.32482068199 2042.44335855957
1593000 692.761546797458 677.311400385037 673.611739634023 2043.68468681652
1594000 693.195668985338 677.597613381718 673.975985703337 2044.76926807039
1595000 693.572619739534 677.910997277215 674.264169787555 2045.7477868043
1596000 693.919368470145 678.147836791442 674.858727053447 2046.92593231503
1597000 694.631940502088 678.680612005744 675.178944718108 2048.49149722594
1598000 694.970002090088 679.203023518343 675.616154286489 2049.78917989492
1599000 695.389295873539 679.641617208675 675.785095877716 2050.81600895993
1600000 695.699722913336 680.154739603179 675.982042471733 2051.83650498825
1601000 695.863664897126 680.549615198682 676.304651251921 2052.71793134773
1602000 696.504251203656 680.824857748243 676.789231265621 2054.11834021752
1603000 696.974102757969 681.310693765765 677.17685681175 2055.46165333548
1604000 697.362402948691 681.689814786229 677.712325741663 2056.76454347658
1605000 698.185339715752 682.019533505922 678.15792246183 2058.3627956835
1606000 698.507190995475 682.50735099588 678.450489288687 2059.46503128004
1607000 698.953675589449 682.842985024796 678.86962906787 2060.66628968212
1608000 699.495777154105 683.151882759104 679.278138839282 2061.92579875249
1609000 699.869587363817 683.294018421699 679.728775715849 2062.89238150137
1610000 700.123589769096 683.53383685096 680.02314107703 2063.68056769709
1611000 700.615154631848 684.020346082357 680.39470006407 2065.03020077828
1612000 700.992962542816 684.32462839228 680.708490703709 2066.0260816388
1613000 701.47993044101 684.808102329554 681.319111743404 2067.60714451397
1614000 702.081090934982 685.196757938195 681.783170524788 2069.06101939796
1615000 702.745926348604 685.618722127987 682.154988659101 2070.51963713569
1616000 703.085433852274 686.002973077299 682.744086089639 2071.83249301921
1617000 703.404511658988 686.739793053865 683.317044710552 2073.4613494234
1618000 703.855869276159 687.135121219323 683.44949303859 2074.44048353407
1619000 704.250981971314 687.283018654092 683.774871307612 2075.30887193302
1620000 704.531526650206 687.691480821456 683.974277992869 2076.19728546453
1621000 704.90310974702 688.208510981948 684.599391972406 2077.71101270137
1622000 705.563238063439 688.285325591135 684.995528722358 2078.84409237693
1623000 706.007379260562 688.790505322361 685.20437571379 2080.00226029671
1624000 706.335475376982 689.084160438539 685.484339669074 2080.90397548459
1625000 707.01759941126 689.66625707916 685.647005552466 2082.33086204289
1626000 707.381591216065 690.196898829405 686.206025702473 2083.78451574794
1627000 708.255177071311 690.510790874959 686.722029439544 2085.48799738581
1628000 708.575256514859 691.15335249459 687.221411506923 2086.95002051637
1629000 708.803726733038 691.385455178121 687.898056359729 2088.08723827089
1630000 709.312421308608 691.662153755509 688.22450892965 2089.19908399377
1631000 709.827802857836 692.105532906065 688.465278236033 2090.39861399993
1632000 710.314816699246 692.6941685247 689.117606414447 2092.12659163839
1633000 710.734355242296 692.973359454514 689.512333108689 2093.2200478055
1634000 710.942520057741 693.403524746114 690.254136213481 2094.60018101734
1635000 711.305373945737 693.994857277643 690.377878379534 2095.67810960291
1636000 711.62221564136 694.252863014152 690.802180084251 2096.67725873976
1637000 711.785898492303 694.746843057394 691.127380886365 2097.66012243606
1638000 712.387933064901 695.118326669659 691.643926247063 2099.15018598162
1639000 712.785657010894 695.367060849063 692.075446871592 2100.22816473155
1640000 713.313290677571 695.610864199412 692.428952673769 2101.35310755075
1641000 713.903486696684 696.018479312315 692.792788750598 2102.7147547596
1642000 714.417744093777 696.229393362443 692.907530186239 2103.55466764246
1643000 714.509695037399 696.542435425633 693.472187629084 2104.52431809212
1644000 715.212538123031 697.022145370273 693.733436288283 2105.96811978159
1645000 715.564617237186 697.556978965932 693.993256725614 2107.11485292873
1646000 715.841608169385 697.819755438186 694.229500275565 2107.89086388314
1647000 716.46183012844 698.060770873062 694.669162117508 2109.19176311901
1648000 716.951275409095 698.524349978582 695.232881265365 2110.70850665304
1649000 717.479857852277 698.708190345433 695.779653195726 2111.96770139344
1650000 717.98316310853 698.957931961326 696.08877980013 2113.02987486999
1651000 718.631798806199 699.264853350464 696.775372448692 2114.67202460536
1652000 718.931859224937 699.678074380414 696.874120831207 2115.48405443656
1653000 719.175686638082 699.960510625553 697.575300412594 2116.71149767623
1654000 719.529363594078 700.494820963916 698.077249711126 2118.10143426912
1655000 720.067812580222 700.797269381784 698.343363839618 2119.20844580162
1656000 720.378208953511 701.458663557581 698.76618534514 2120.60305785623
1657000 720.867891967392 701.712473156803 699.06494606545 2121.64531118964
1658000 721.554922546151 702.183658228694 699.40797131894 2123.14655209378
1659000 721.723310350086 702.520067378623 699.788028606353 2124.03140633506
1660000 722.330648379942 703.129657496699 700.218189192656 2125.6784950693
1661000 722.511479435935 703.596834982986 700.680310752604 2126.78862517153
1662000 723.100935528931 704.183751310631 701.064386517944 2128.34907335751
1663000 723.573135192037 704.323462290691 701.493820764794 2129.39041824752
1664000 723.828827439761 704.973868386802 701.995545544109 2130.79824137067
1665000 724.44623522222 705.307054299909 702.185395770008 2131.93868529214
1666000 724.764215115703 705.815685344696 702.636030404335 2133.21593086473
1667000 725.109019409642 706.132057671435 703.153909054816 2134.39498613589
1668000 725.857784307484 706.47690026742 703.513117826228 2135.84780240113
1669000 726.151964294955 707.131051958624 704.007606480544 2137.29062273412
1670000 726.743098672125 707.557040188576 704.240688203786 2138.54082706449
1671000 726.95797934422 708.110372365041 704.902661776007 2139.97101348527
1672000 727.51233664808 708.410450005726 705.347333128385 2141.27011978219
1673000 727.834733807843 708.721465090705 705.566165793628 2142.12236469218
1674000 728.411815645602 709.086876952584 706.019016737876 2143.51770933606
1675000 728.809501392115 709.341031687945 706.31935334721 2144.46988642727
1676000 729.073418125452 709.596776610874 706.787078593124 2145.45727332945
1677000 729.406311344749 709.948121371648 707.231389440073 2146.58582215647
1678000 729.739155700269 710.463733091229 707.898744814512 2148.10163360601
1679000 730.162669234002 711.122970649692 708.09063239296 2149.37627227665
1680000 730.869497298803 711.513125339637 708.269761365309 2150.65238400375
1681000 731.375282022748 712.111210435961 708.584350812658 2152.07084327137
1682000 732.003525533298 712.476175607231 709.102719692983 2153.58242083351
1683000 732.297442282479 713.024435042766 709.32192901182 2154.64380633706
1684000 732.759735586362 713.559487234443 709.826191268815 2156.14541408962
1685000 733.04765085144 713.719812573101 710.353484220722 2157.12094764526
1686000 733.672570633378 714.284016878794 710.770223186452 2158.72681069862
1687000 733.916858968464 714.58581897989 711.033902212919 2159.53658016127
1688000 734.361197502567 715.245445318235 711.418470355549 2161.02511317635
1689000 734.715548011142 715.648332426608 711.848995159495 2162.21287559724
1690000 735.297302398138 715.996977699346 712.1714789661 2163.46575906358
1691000 735.639291028849 716.178500464318 712.683667952198 2164.50145944537
1692000 735.938777332306 716.318910441156 712.941070007357 2165.19875778082
1693000 736.423885634918 716.948122208736 713.336210257853 2166.70821810151
1694000 736.866600084473 717.303746316487 713.760341661126 2167.93068806209
1695000 737.355190272598 717.723038146096 713.999398676251 2169.07762709495
1696000 737.88860922744 718.349004458503 714.493208363219 2170.73082204916
1697000 738.336504236211 718.879884983581 714.729976184446 2171.94636540424
1698000 738.771690456782 719.034799040108 715.002293499506 2172.8087829964
1699000 739.183398392284 719.485498496087 715.232708814791 2173.90160570316
1700000 739.733918932201 719.972321047149 715.67014657074 2175.37638655009
1701000 739.953392652229 720.30341644113 716.219817610552 2176.47662670391
1702000 740.368666799585 720.974461794155 716.632424280239 2177.97555287398
1703000 741.210248082672 721.268853331013 716.948161861758 2179.42726327544
1704000 741.201196924328 721.892498379841 717.645600149705 2180.73929545387
1705000 741.834859358919 722.66206091355 718.226851602923 2182.72377187539
1706000 742.219478708425 722.775866776617 718.61207717811 2183.60742266315
1707000 742.562855268505 723.468406952526 718.920917179629 2184.95217940066
1708000 742.980436092966 723.85850550563 719.199293343748 2186.03823494234
1709000 743.459773299392 724.120284450305 719.52478699151 2187.10484474121
1710000 743.701167738415 724.580707477294 720.263386385816 2188.54526160152
1711000 744.229444064676 725.320860664902 720.571241352924 2190.1215460825
1712000 744.478720535343 725.451389001414 720.802454929586 2190.73256446634
1713000 745.056106967412 726.105786166546 721.424560922565 2192.58645405652
1714000 745.299152172173 726.203469175129 721.53393958338 2193.03656093068
1715000 745.577068828818 726.677012403568 721.913915901936 2194.16799713432
1716000 746.163487014653 726.930063778799 722.432714095305 2195.52626488876
1717000 746.414417725465 727.29154986916 722.955809299052 2196.66177689368
1718000 746.753859990833 727.741687128474 723.299465906984 2197.79501302629
1719000 747.406613867402 728.024465365346 723.431991356004 2198.86307058875
1720000 747.561291275728 728.794923388777 724.03329507244 2200.38950973694
1721000 747.977025866264 729.059332558878 724.562173546992 2201.59853197213
1722000 748.518999452502 729.704878980353 724.887753142757 2203.11163157561
1723000 749.113401656704 729.902576456194 725.452873285808 2204.46885139871
1724000 749.577608386655 730.238019315433 725.773263952753 2205.58889165484
1725000 750.015390197085 730.519315102797 726.295249473489 2206.82995477337
1726000 750.480395318471 730.970639237369 726.504084211759 2207.9551187676
1727000 750.857870958044 731.629868110423 726.979643428312 2209.46738249678
1728000 751.435199947495 731.726303279969 727.319755427307 2210.48125865477
1729000 751.963342142581 732.200468328567 727.881540003764 2212.04535047491
1730000 752.249277308275 732.590229480354 728.350987410585 2213.19049419921
1731000 752.738699749729 732.878261720865 728.92804047085 2214.54500194144
1732000 752.772197481864 733.60485524368 729.394582205926 2215.77163493147
1733000 753.303626347232 734.260039113856 730.057115044869 2217.62078050596
1734000 753.65802026142 734.529249721723 730.516804746996 2218.70407473014
1735000 754.315876650371 735.03156522823 730.836603546776 2220.18404542538
1736000 754.58166684232 735.168509401403 731.228212295941 2220.97838853966
1737000 754.942098512384 735.666486639314 731.722829831148 2222.33141498285
1738000 755.362280845779 735.984690578264 731.989144457816 2223.33611588186
1739000 755.817485356616 736.327754899307 732.312602664611 2224.45784292053
1740000 756.066301391958 736.778800406087 732.675763459555 2225.5208652576
1741000 756.777812821211 737.194060878507 733.036682668252 2227.00855636797
1742000 756.80813165821 737.618188670643 733.333258007724 2227.75957833658
1743000 757.182728377029 738.000075961967 733.722034807738 2228.90483914673
1744000 757.395971580332 738.328712131107 734.238128443313 2229.96281215475
1745000 757.662749028986 738.554510790359 734.520216394519 2230.73747621386
1746000 757.843759260038 738.970162598069 734.722644959232 2231.53656681734
1747000 758.293700930668 739.483289032613 735.183614314494 2232.96060427777
1748000 758.736162618001 739.801316532481 735.790031678168 2234.32751082865
1749000 759.39137889577 740.118054554714 736.108421408672 2235.61785485916
1750000 759.837286795917 740.548031870518 736.242387780745 2236.62770644718
1751000 760.418478886902 740.888979021839 736.465471535102 2237.77292944384
1752000 760.882371980412 741.277798418583 736.844792280536 2239.00496267953
1753000 761.476984626117 741.927640243353 737.056863857833 2240.4614887273
1754000 761.734532279879 742.235322652856 737.696332034037 2241.66618696677
1755000 762.083678035523 742.455947220206 737.889003130796 2242.42862838652
1756000 762.6756459155 743.086661343676 738.180715376179 2243.94302263535
1757000 763.131636074159 743.451960970955 738.72755693785 2245.31115398296
1758000 763.40638295832 744.220127846684 739.296813844597 2246.9233246496
1759000 764.047882788636 744.579310627471 739.569824672143 2248.19701808825
1760000 764.443733132838 744.915742795394 740.170886995969 2249.5303629242
1761000 764.909166033523 745.619290010073 740.362724721866 2250.89118076546
1762000 765.11914908383 745.900009780064 740.440786345711 2251.45994520961
1763000 765.675075335421 746.377328455172 740.856637196646 2252.90904098724
1764000 766.171619787627 746.870201951217 741.552304072014 2254.59412581086
1765000 766.584125203874 747.363157407046 742.021923512524 2255.96920612345
1766000 767.011692014244 747.689367702097 742.240902722861 2256.9419624392
1767000 767.555858934778 748.086136036994 742.618870855661 2258.26086582743
1768000 768.132218479139 748.752623145541 742.820956105429 2259.70579773011
1769000 768.699401621146 748.766842209955 743.405223518674 2260.87146734977
1770000 769.076995337366 749.023595592558 743.567990347766 2261.66858127769
1771000 769.340434949875 749.243558420534 743.94982245918 2262.53381582959
1772000 769.83592558924 749.953042639112 744.256049788653 2264.04501801701
1773000 770.354856464047 750.665154453404 744.665519992447 2265.6855309099
1774000 770.660527568455 751.138934930479 745.051269678289 2266.85073217722
1775000 771.270127617442 751.455483223726 745.317696974883 2268.04330781605
1776000 771.781650185019 751.989780695901 745.735599395183 2269.5070302761
1777000 772.273792617586 752.447434946366 746.157339980651 2270.8785675446
1778000 772.772863117348 752.654971774744 746.670814810234 2272.09864970233
1779000 773.371965530853 753.180437236462 747.219755562097 2273.77215832941
1780000 773.853096328592 753.385663380099 747.623508115882 2274.86226782457
1781000 774.122769918666 753.832454193144 748.08263730655 2276.03786141836
1782000 774.79308098523 754.432030806273 748.294863716431 2277.51997550793
1783000 775.052223774118 754.708801084686 748.658675791131 2278.41970064994
1784000 775.443978248297 755.196000750785 749.07487844293 2279.71485744201
1785000 775.80793491414 755.524863273176 749.435357697884 2280.7681558852
1786000 776.194990846544 756.138910673056 749.691361332883 2282.02526285248
1787000 776.368467468583 756.638999376329 750.287177542788 2283.2946443877
1788000 776.732770410907 757.015225749038 750.592899684985 2284.34089584493
1789000 777.287368210297 757.355644502494 751.16389041433 2285.80690312712
1790000 777.533666368529 757.982986192447 751.779302531166 2287.29595509214
1791000 777.747741903993 758.559792288791 752.146901325363 2288.45443551815
1792000 778.254988897837 759.01945978282 752.281107562958 2289.55555624361
1793000 778.504457417533 759.44745073527 752.926822450997 2290.8787306038
1794000 779.219074591206 759.750327393335 752.984567788578 2291.95396977312
1795000 779.603087463164 760.19777916058 753.366127599875 2293.16699422362
1796000 780.269967315549 760.557997603802 753.811292088594 2294.63925700795
1797000 780.251515673043 761.122591875166 754.351375299334 2295.72548284754
1798000 780.874468344918 761.770774707408 754.525030067133 2297.17027311946
1799000 781.175105828851 762.036726573256 755.025683759367 2298.23751616147
1800000 781.759240457394 762.399051610725 755.462311141832 2299.62060320995
1801000 782.298952065807 762.943342914453 755.799216553372 2301.04151153363
1802000 782.584295498377 763.220447386159 756.182709645891 2301.98745253043
1803000 782.864910526889 763.673711993683 756.597840529795 2303.13646305037
1804000 783.136131692709 764.190663932603 757.209158771959 2304.53595439727
1805000 783.415272064628 764.424544571511 757.506630388578 2305.34644702472
1806000 783.939933354626 764.832258329329 757.573897994771 2306.34608967873
1807000 784.333680716639 765.278222193153 758.124071324613 2307.7359742344
1808000 785.178006660944 765.708805910565 758.591684541258 2309.47849711277
1809000 785.397304580773 766.067221314336 758.867238595322 2310.33176449043
1810000 785.933068801411 766.356199701858 759.191299411354 2311.48056791462
1811000 786.269287269918 766.776642874512 759.408529899961 2312.45446004439
1812000 786.454141840005 767.120558996858 759.711621779745 2313.28632261661
1813000 787.215574472011 767.433636762665 760.28642719968 2314.93563843436
1814000 787.588062570782 768.088754288266 760.658363316565 2316.33518017561
1815000 788.356127248446 768.582024452318 761.08272549195 2318.02087719271
1816000 788.641422023424 769.108905868833 761.519443830925 2319.26977172318
1817000 789.125543969212 769.466223632716 762.022732193149 2320.61449979508
1818000 789.729617574689 769.907000627711 762.53321727673 2322.16983547913
1819000 789.788753424073 770.371433796649 762.661475543596 2322.82166276432
1820000 790.332026081567 770.788432320019 763.019825677209 2324.1402840788
1821000 791.026018051427 771.402191946267 763.725863930058 2326.15407392775
1822000 791.397375889201 771.757425944055 763.961972440721 2327.11677427398
1823000 791.576811865449 772.186587936564 764.428823622548 2328.19222342456
1824000 792.054878954453 772.34510774986 764.55004967478 2328.95003637909
1825000 792.294586346801 772.973096080857 764.749483077526 2330.01716550518
1826000 792.946809514455 773.585952464596 765.099724489612 2331.63248646866
1827000 793.418056587391 773.85379957601 765.763898396939 2333.03575456034
1828000 793.974717041418 774.244278989591 766.124356880781 2334.34335291179
1829000 794.293238823616 774.748473765034 766.594637187518 2335.63634977617
1830000 794.666261221219 775.167474217853 766.963328315373 2336.79706375444
1831000 795.259447270144 775.511123846404 767.238259865422 2338.00883098197
1832000 795.883448433569 775.883969976831 767.884569433634 2339.65198784403
1833000 796.179600824114 776.352789553 768.24369203894 2340.77608241605
1834000 796.613046386858 776.923776815443 768.594921729121 2342.13174493142
1835000 796.951487128743 777.326234326011 768.851738795701 2343.12946025045
1836000 797.305435869894 777.909694027815 769.458204390976 2344.67333428868
1837000 797.461440339174 778.136114259368 769.834418613915 2345.43197321246
1838000 797.858995614043 778.578894122263 770.206988390934 2346.64487812724
1839000 798.136782606639 778.800927100919 770.421473096171 2347.35918280373
1840000 798.321850390797 779.068280682406 770.664337740657 2348.05446881386
1841000 798.833719439479 779.62003375653 771.080769662844 2349.53452285885
1842000 799.122771455756 780.030473708895 771.356948294201 2350.51019345885
1843000 799.483579351969 780.355928675762 771.536006575897 2351.37551460363
1844000 800.095555853251 780.973801022891 772.006476229928 2353.07583310607
1845000 800.634415657183 781.500676928509 772.428190860116 2354.56328344581
1846000 800.945311323423 781.690297815621 772.998564419025 2355.63417355807
1847000 801.673186456994 782.289700619703 773.407288066293 2357.37017514299
1848000 801.981645997681 782.595821714874 773.880597529197 2358.45806524175
1849000 802.50206957603 782.974911135822 774.462629083417 2359.93960979527
1850000 802.801795918755 783.453783714965 774.710821954277 2360.966401588
1851000 803.406550114263 783.850924324447 775.243157559232 2362.50063199794
1852000 803.622841006111 784.183711123819 775.464644603589 2363.27119673352
1853000 804.356153836055 784.818598504524 775.665317591849 2364.84006993243
1854000 804.978735916974 784.914221033432 776.096135079752 2365.98909203016
1855000 805.263641997516 785.382134591136 776.639504763003 2367.28528135166
1856000 805.77276732397 785.8408894525 777.083248370412 2368.69690514688
1857000 806.306031448505 785.914939302395 777.545667257301 2369.7666380082
1858000 806.750571469581 786.608185853421 778.014705321494 2371.3734626445
1859000 806.997056508177 787.201168510831 778.617459231116 2372.81568425012
1860000 807.573505653222 787.454299296254 778.939657231708 2373.96746218119
1861000 807.933668231793 788.016173993933 779.565306801237 2375.51514902696
1862000 808.265424285536 788.435521575078 780.251298720848 2376.95224458146
1863000 808.456196201157 788.818260551645 780.496318949661 2377.77077570246
1864000 809.038104038505 789.569581648969 780.795885978721 2379.4035716662
1865000 809.335052635994 790.088893792241 781.203977964624 2380.62792439286
1866000 809.67319846136 790.509625793711 781.395502786344 2381.57832704141
1867000 810.36201737646 790.894721868062 781.83583441518 2383.0925736597
1868000 810.567581983228 791.332014373977 782.042835828487 2383.94243218569
1869000 811.175107526926 791.692007746842 782.511705925167 2385.37882119893
1870000 811.396331438579 791.994446142607 782.723751380617 2386.1145289618
1871000 812.14053618658 792.540970789185 783.122241911484 2387.80374888725
1872000 812.33937465126 792.991219178902 783.192341497156 2388.52293532732
1873000 812.556659936361 793.280470520463 783.640303395346 2389.47743385217
1874000 812.86995471042 793.619687065113 784.060476329165 2390.5501181047
1875000 813.701374147567 794.160529486179 784.530290797603 2392.39219443135
1876000 814.084416464822 794.4422310647 784.868697363933 2393.39534489346
1877000 814.832664511482 794.811034532096 785.174334751733 2394.81803379531
1878000 815.425806210941 794.884403438114 785.667594055777 2395.97780370483
1879000 815.868321737449 795.422165734027 785.953964097504 2397.24445156898
1880000 816.338253477118 795.72315279676 786.201436086654 2398.26284236053
1881000 816.552261913295 795.997072038615 786.776746763091 2399.326080715
1882000 817.177443156256 796.27894852507 787.033136105427 2400.48952778675
1883000 817.598200763318 796.930137938177 787.298562604247 2401.82690130574
1884000 818.137316700968 797.480677220377 787.784055800224 2403.40204972157
1885000 818.69897326284 797.772790858693 788.361264643404 2404.83302876494
1886000 818.789499990749 797.968429414216 788.931454645954 2405.68938405092
1887000 819.320197084688 798.239359334972 789.046740880196 2406.60629729986
1888000 819.404269857959 798.693224539055 789.567822914689 2407.6653173117
1889000 820.279410199162 799.214941633824 790.023110107277 2409.51746194026
1890000 821.028595626413 799.774142181736 790.487873030818 2411.29061083897
1891000 821.233109763204 800.173170079355 790.680783312136 2412.08706315469
1892000 821.825652061838 800.257763561572 791.114223492698 2413.19763911611
1893000 821.912024295898 800.581046922444 791.605675041085 2414.09874625943
1894000 822.3530791603 801.056685424185 792.131648127165 2415.54141271165
1895000 822.525019351845 801.257594161353 792.46905940339 2416.25167291659
1896000 822.604755763877 801.631542066307 793.009305233375 2417.24560306356
1897000 822.900560984882 802.037216528088 793.486343482483 2418.42412099545
1898000 823.441189738071 802.312427467702 793.850517148635 2419.60413435441
1899000 823.624232229841 802.622844731641 794.18477817541 2420.43185513689
1900000 824.330678572236 803.219525695858 794.466103856755 2422.01630812485
1901000 824.677446612223 803.679087267106 795.000030608635 2423.35656448796
1902000 825.269296683385 804.173005355723 795.610695531546 2425.05299757065
1903000 825.633695126479 804.694540994064 795.498327825807 2425.82656394635
1904000 826.065472000074 805.33091656173 795.871526495257 2427.26791505706
1905000 826.627414881682 805.802249111196 796.39116980321 2428.82083379609
1906000 827.140638469366 806.071690454837 796.676544919979 2429.88887384418
1907000 827.735801236185 806.336048566839 796.90328255344 2430.97513235646
1908000 828.322881132633 806.883323142404 797.450700477132 2432.65690475217
1909000 828.533127687799 807.617530975342 797.821787505064 2433.9724461682
1910000 828.58886197647 808.055468717402 798.268094253268 2434.91242494714
1911000 829.002916161785 808.455833056126 798.251916619997 2435.71066583791
1912000 829.435794180854 808.711679524984 798.931950565472 2437.07942427131
1913000 829.957918453021 808.868366601836 799.361502962888 2438.18778801775
1914000 830.17623343334 809.401148575045 799.7130831762 2439.29046518459
1915000 830.363747680969 809.799541724524 800.579523429749 2440.74281283524
1916000 830.819679599319 810.22850688298 800.874779668895 2441.92296615119
1917000 831.099414152834 810.84379100192 800.872257050575 2442.81546220533
1918000 831.616249474641 811.082516845385 801.291344489524 2443.99011080955
1919000 832.022811589958 811.609220974027 801.700991399633 2445.33302396362
1920000 832.528769791949 812.061500105734 802.127226623655 2446.71749652134
1921000 832.927626437397 812.534214655025 802.441724536235 2447.90356562866
1922000 833.345682341251 812.836245228716 803.107312819755 2449.28924038972
1923000 833.778080575566 813.396994926967 803.461162553573 2450.63623805611
1924000 834.349934843785 814.202741278141 803.887762418656 2452.44043854058
1925000 834.640580917713 814.40506934538 804.008999038545 2453.05464930164
1926000 835.044100663905 814.813063827421 804.367750710782 2454.22491520211
1927000 835.404185703377 815.226157025116 805.196932211849 2455.82727494034
1928000 835.721540901662 815.776255593084 805.477516417558 2456.9753129123
1929000 836.047011602318 816.125929480345 805.742416852278 2457.91535793494
1930000 836.398244889266 816.732267660817 806.031836102439 2459.16234865252
1931000 837.093762237805 816.929291805334 806.521114226717 2460.54416826986
1932000 837.405191261587 817.578336158103 806.957395323688 2461.94092274338
1933000 838.089452358566 818.092059448922 807.550422014104 2463.73193382159
1934000 838.590460807237 818.53019873918 807.650616924571 2464.77127647099
1935000 838.918996084603 819.205789992003 808.184278813184 2466.30906488979
1936000 839.637178807467 819.418400854938 808.785251138099 2467.8408308005
1937000 839.982687097043 819.75982050931 809.087409712312 2468.82991731866
1938000 840.330089500678 820.169195822673 809.425151476785 2469.92443680014
1939000 840.768529160696 820.624480391063 809.723491355897 2471.11650090766
1940000 841.291753594451 821.033251770733 809.920264322538 2472.24526968772
1941000 841.653687637856 821.460865710069 810.459094716379 2473.5736480643
1942000 841.827328509785 821.808061929979 810.741972826313 2474.37736326608
1943000 842.332216371362 822.18091599632 811.195209475444 2475.70834184313
1944000 842.764922753913 822.522678476423 811.624264225154 2476.91186545549
1945000 843.067846912006 823.266708520125 812.195725960745 2478.53028139288
1946000 843.567635952386 823.681702969122 812.575751323673 2479.82509024518
1947000 843.911958955282 823.840564711631 813.378303639911 2481.13082730682
1948000 844.13106659433 824.217137308355 813.671436350751 2482.01964025344
1949000 844.70413328281 824.801286576302 813.799424910158 2483.30484476927
1950000 845.026719977633 825.034728599669 814.628596744638 2484.69004532194
1951000 845.130832545516 825.478023068758 815.254960739437 2485.86381635371
1952000 845.787769372341 826.14024253895 815.68990746447 2487.61791937576
1953000 846.355721749679 826.258046972386 816.399845300502 2489.01361402257
1954000 846.658304157983 826.385845382437 816.437992626998 2489.48214216742
1955000 847.144395864577 827.062417800324 816.88628134976 2491.09309501466
1956000 847.728056935118 827.639555810414 817.332539712527 2492.70015245806
1957000 847.942543271483 827.803740354325 817.833783904899 2493.58006753071
1958000 848.255043848305 828.364671036731 818.262097761248 2494.88181264628
1959000 848.813715029698 828.612168114167 818.866476903286 2496.29236004715
1960000 849.322425074847 829.173042868088 818.924838997567 2497.4203069405
1961000 849.465084088447 829.326821228713 819.336051326922 2498.12795664408
1962000 849.852349034221 829.75159991832 819.764260868907 2499.36820982145
1963000 850.37681267722 830.071023382697 820.007922714113 2500.45575877403
1964000 850.705429927735 830.321358299237 820.47602432401 2501.50281255098
1965000 851.039407480036 830.616798764729 820.991372035447 2502.64757828021
1966000 851.472405879443 830.684285824993 821.30833644971 2503.46502815415
1967000 851.922667748905 831.305730347792 821.856533762931 2505.08493185963
1968000 852.374242577628 831.517150823674 822.423529143969 2506.31492254527
1969000 852.768651541906 831.874004942592 822.526601915111 2507.16925839961
1970000 853.148986025706 832.211735773517 823.094466740946 2508.45518854017
1971000 853.53512732024 832.59492001788 823.378342359506 2509.50838969763
1972000 854.233269823235 832.666203342951 823.696541615236 2510.59601478142
1973000 854.793898547704 833.385293761571 824.08628485064 2512.26547715991
1974000 855.194415585788 834.047043406625 824.422720515997 2513.66417950841
1975000 855.349377635399 834.267739121194 824.79006103778 2514.40717779437
1976000 855.634717326365 834.724432432046 824.892701011141 2515.25185076955
1977000 855.710010698678 835.045498536065 825.210704246288 2515.96621348103
1978000 856.243705889756 835.220087163309 825.589562927077 2517.05335598014
1979000 856.442509292789 835.771155169244 825.989550720457 2518.20321518249
1980000 857.019628967876 836.22361472702 826.386465698201 2519.6297093931
1981000 857.573556887434 836.482527632591 826.738142251087 2520.79422677111
1982000 858.415320903709 836.809416035771 827.442098484525 2522.666835424
1983000 858.607140058004 837.296864532104 827.702863408957 2523.60686799907
1984000 859.236582402525 837.821889409073 828.125136326417 2525.18360813802
1985000 859.769135975381 838.3245929638 828.695265544992 2526.78899448417
1986000 860.137011616695 838.684603914004 829.338759512755 2528.16037504345
1987000 860.684599087727 839.045569834633 829.540821994547 2529.27099091691
1988000 860.640366639107 839.293403721525 830.139085929092 2530.07285628972
1989000 861.407590425929 840.116251146797 830.455301106133 2531.97914267886
1990000 861.796987697516 840.706360481842 830.893013858715 2533.39636203807
1991000 862.002731570449 841.031638910632 831.163515664574 2534.19788614565
1992000 862.329438147498 841.512934639449 831.38892991156 2535.23130269851
1993000 862.998939429091 841.746625159391 831.640929331143 2536.38649391963
1994000 863.265603745479 842.083876889366 832.054571265392 2537.40405190024
1995000 863.680929947526 842.397157125304 832.613849455861 2538.69193652869
1996000 864.073691201679 843.178528763587 833.077723205795 2540.32994317106
1997000 864.412900383325 843.516269676218 833.65533536923 2541.58450542877
1998000 864.969786789839 843.87256894791 834.264450344487 2543.10680608224
1999000 865.269679556858 844.460149338674 834.463419131814 2544.19324802735
2000000 865.917019992214 844.692167530877 835.053989761977 2545.66317728507
2001000 866.279646781668 845.043097989757 835.17381020161 2546.49655497304
2002000 866.724439084872 845.486210324985 835.597121109064 2547.80777051892
2003000 866.912197243227 845.96959731524 835.758886623907 2548.64068118237
2004000 867.228062367554 846.393167271999 836.297984826466 2549.91921446602
2005000 867.653079817472 846.879600709456 837.058173964513 2551.59085449144
2006000 868.613283672519 847.414583024901 837.402478828941 2553.43034552636
2007000 869.150193929597 847.660531524093 837.680790370971 2554.49151582466
2008000 869.417530398617 848.148379819926 838.159825830881 2555.72573604942
2009000 869.988951503199 848.509651417061 838.768769459184 2557.26737237944
2010000 870.481857121425 849.132588579088 839.293853503756 2558.90829920427
2011000 870.888771792477 849.282295452572 839.741165513137 2559.91223275819
2012000 871.410006481944 849.727830395044 840.338450369938 2561.47628724693
2013000 871.597786210869 849.843685781359 840.832517168313 2562.27398916054
2014000 872.060124971803 850.347438254293 841.186161195118 2563.59372442121
2015000 872.333475966904 850.617168290997 841.613869097502 2564.5645133554
2016000 872.526197947462 851.464652246582 841.819241382433 2565.81009157648
2017000 872.819099164507 851.774693600086 842.14851490595 2566.74230767054
2018000 873.085590477997 851.988538152194 842.861171170099 2567.93529980029
2019000 873.689861273541 852.463072171635 843.401844892527 2569.5547783377
2020000 874.299947155989 852.865855863618 843.832242202895 2570.9980452225
2021000 874.456782883983 853.152729118952 844.039538993792 2571.64905099673
2022000 875.024651032004 853.542830804341 844.543012322643 2573.11049415899
2023000 875.653561516927 854.029681099684 845.086407943107 2574.76965055972
2024000 875.768766526576 854.093297881128 845.129374021204 2574.99143842891
2025000 876.420694915158 854.510380210985 845.639331634813 2576.57040676096
2026000 876.910390110323 854.925890373726 845.988790191838 2577.82507067589
2027000 877.44404947263 855.202594907315 846.564618131781 2579.21126251173
2028000 877.974320232082 855.804101999304 846.919863629509 2580.69828586089
2029000 878.147114423508 856.479475873157 847.464081149569 2582.09067144623
2030000 878.423915929463 857.061844576354 847.541651328376 2583.02741183419
2031000 878.714836958544 857.462829121359 847.894079215448 2584.07174529535
2032000 879.172085728136 857.952713362913 848.230699076048 2585.3554981671
2033000 879.556329469606 858.187403007399 848.810599093594 2586.5543315706
2034000 880.19051637527 858.709556304217 849.0846176398 2587.98469031929
2035000 880.444538400904 859.13776198489 849.713827024362 2589.29612741016
2036000 880.910383480393 859.510727817154 849.939631521955 2590.3607428195
2037000 881.231941218782 859.723446942059 850.084716705128 2591.04010486597
2038000 881.690894737582 860.319123700629 850.592216353027 2592.60223479124
2039000 881.991256981197 860.778315974969 850.795667471025 2593.56524042719
2040000 882.247552662737 861.275868093559 851.294436737154 2594.81785749345
2041000 882.785473529754 861.700018829048 851.708416784584 2596.19390914339
2042000 883.365827467427 861.828790209023 851.932469412002 2597.12708708845
2043000 883.763976780898 862.332814396364 852.487238304465 2598.58402948173
2044000 884.157985866732 862.832886959183 852.954533324004 2599.94540614992
2045000 884.614028838444 863.244880757985 853.185788579866 2601.04469817629
2046000 884.947943688341 863.215078365944 853.675308835794 2601.83833089008
2047000 885.106807851795 863.392819828295 853.948184164575 2602.44781184466
2048000 885.544312572007 863.954506839837 854.626472391337 2604.12529180318
2049000 885.995609918923 864.533936793727 855.122730182911 2605.65227689556
2050000 886.678843121201 864.777132383004 855.60432895252 2607.06030445672
2051000 887.156402473607 864.841086679302 856.033362119381 2608.03085127229
2052000 887.609584244799 865.506659607397 856.161348575244 2609.27759242744
2053000 887.953115003453 866.042657184997 856.72880912047 2610.72458130892
2054000 888.282167811865 866.473655237216 857.060404206188 2611.81622725527
2055000 888.610780221921 866.881366381366 857.477647228123 2612.96979383141
2056000 888.793807340164 867.577395736231 857.805963970705 2614.1771670471
2057000 889.472949123234 868.103561987968 858.084375461822 2615.66088657302
2058000 889.942227631324 868.49847858021 858.721692192898 2617.16239840443
2059000 890.203382562585 869.240174397699 859.30082878502 2618.7443857453
2060000 890.830830289731 869.293497868156 859.606097121774 2619.73042527966
2061000 891.304152965622 869.856328083716 860.153326957658 2621.313808007
2062000 891.718960763582 870.371282937591 860.586844643548 2622.67708834472
2063000 892.035345652068 870.962032710703 860.451080073554 2623.44845843632
2064000 892.887074691913 871.22816760698 860.845727118204 2624.9609694171
2065000 893.513563520486 871.778149338244 861.169110306276 2626.46082316501
2066000 893.750397350429 872.567102546773 861.850735826444 2628.16823572365
2067000 894.125286141911 872.676024548356 862.034588835705 2628.83589952597
2068000 894.643234515683 872.91061520452 862.425833119475 2629.97968283968
2069000 895.01643642789 873.406384682936 862.767183127496 2631.19000423832
2070000 895.388710615 874.062591683845 863.351617683724 2632.80291998257
2071000 895.73116873685 874.280034926082 863.557279443533 2633.56848310647
2072000 896.285794976571 874.727275672598 863.946458252171 2634.95952890134
2073000 896.920045515172 875.524479902164 864.093283105076 2636.53780852241
2074000 897.419156670018 875.875559584463 864.84528951899 2638.14000577347
2075000 898.095638373001 876.107759035469 865.24541794409 2639.44881535256
2076000 898.402817888823 876.586242601995 865.301692367544 2640.29075285836
2077000 898.652389881437 876.907445505555 865.883399347404 2641.4432347344
2078000 899.145173897297 877.501648452895 866.433459676264 2643.08028202646
2079000 899.336308955132 878.169232019247 866.683984823068 2644.18952579745
2080000 899.845690370909 878.557790865647 867.178192739117 2645.58167397567
2081000 900.004903280362 878.99253971304 867.942163338982 2646.93960633238
2082000 900.665436539954 879.449684268134 868.439537992955 2648.55465880104
2083000 901.301596901907 879.937315587474 869.005972029654 2650.24488451903
2084000 901.448946401501 880.128508588014 869.33607101926 2650.91352600878
2085000 902.0303226732 880.713437453458 869.700816392408 2652.44457651906
2086000 902.547648348464 881.164803022991 870.097034738434 2653.80948610989
2087000 902.976233913771 881.532909743237 870.530427744856 2655.03957140186
2088000 903.410445099331 881.996890395716 870.866381913453 2656.2737174085
2089000 903.610907634233 882.472623239829 871.186854227168 2657.27038510123
2090000 904.207043402964 882.809137444368 871.605287203261 2658.62146805059
2091000 904.697711267433 882.979937198099 872.1773173344 2659.85496579993
2092000 905.216695867255 883.378197802678 872.671328138415 2661.26622180835
2093000 905.579950720725 883.932463086768 872.844575522014 2662.35698932951
2094000 905.906583592489 884.087936588553 873.135230778996 2663.12975096004
2095000 906.067706980803 884.699939362848 873.493201281273 2664.26084762492
2096000 906.6162961382 885.186307900885 874.023532067023 2665.82613610611
2097000 907.114560990108 885.743589172181 874.296700277214 2667.1548504395
2098000 907.614269465545 886.262165610489 874.831038023243 2668.70747309928
2099000 908.105881808342 886.786795511736 875.251633010122 2670.1443103302
2100000 908.742685926574 887.223510231305 875.413529230788 2671.37972538867
2101000 909.17311456539 887.433886260075 875.943176845164 2672.55017767063
2102000 909.660167763813 887.919206780098 876.40769200348 2673.98706654739
2103000 910.235741153446 888.68418575561 876.588940527231 2675.50886743629
2104000 910.727240147558 888.764402651396 877.254099575362 2676.74574237432
2105000 911.233063910224 889.249564253306 877.703009528544 2678.18563769207
2106000 911.570085675315 889.669199759794 877.754733625718 2678.99401906083
2107000 912.264154612634 890.165073128183 878.437999493137 2680.86722723395
2108000 912.795851462973 890.332385937543 879.058049598536 2682.18628699905
2109000 912.952681599857 891.03271513726 879.512618120475 2683.49801485759
2110000 913.481420466031 891.387548525268 879.95116077108 2684.82012976238
2111000 913.76131926392 891.437674113007 880.699548328093 2685.89854170502
2112000 913.803408524437 892.242796010053 881.042553634444 2687.08875816893
2113000 914.465726914237 892.585417553224 881.277152269115 2688.32829673658
2114000 914.804555991592 893.012560435526 881.697309279743 2689.51442570686
2115000 915.370871360903 893.575439169877 882.390305587066 2691.33661611785
2116000 915.630099655338 893.800948167221 882.66549252361 2692.09654034617
2117000 916.200319098683 894.444942372302 883.009554032173 2693.65481550316
2118000 916.483215893209 894.434118194019 883.439576724945 2694.35691081217
2119000 917.245548154768 894.784907725121 884.111470229207 2696.1419261091
2120000 917.44919124629 894.996896992382 884.289998584494 2696.73608682316
2121000 917.857234127021 895.460127527019 884.800869240955 2698.11823089499
2122000 918.094502929261 895.908344455379 885.300156656848 2699.30300404149
2123000 918.581447779585 896.173013170693 885.653323204085 2700.40778415436
2124000 919.061189136791 896.723329022217 885.9999107033 2701.78442886231
2125000 919.189234381879 896.694270481449 886.184051872888 2702.06755673622
2126000 919.805138145527 897.318144327391 886.88708116495 2704.01036363787
2127000 920.183670808682 897.787971487939 887.038225990625 2705.00986828725
2128000 920.601849022756 898.148711922298 887.15723738924 2705.90779833429
2129000 920.754819580119 898.765124687341 887.798220383948 2707.31816465141
2130000 921.484768393018 899.221920556368 888.316790498177 2709.02347944756
2131000 922.045315965712 899.49355581333 888.884796692062 2710.4236684711
2132000 922.254065865967 900.104348607046 889.132276688709 2711.49069116172
2133000 922.826441463014 900.2609639492 889.718050007071 2712.80545541929
2134000 923.459054092002 900.541192035635 889.998597259855 2713.99884338749
2135000 923.86067254405 900.483269116135 890.335160840426 2714.67910250061
2136000 924.378421110931 901.181059536442 890.486579780451 2716.04606042782
2137000 924.728858390714 901.54412353129 890.948400365809 2717.22138228781
2138000 925.09350218389 901.914772168406 891.4690718201 2718.4773461724
2139000 925.489338389714 902.221862038638 891.866451237283 2719.57765166564
2140000 925.928097484279 902.677625802674 892.471548800772 2721.07727208772
2141000 926.400167692033 902.898964564524 892.93977175747 2722.23890401403
2142000 926.775020503456 903.482455104199 893.301501541754 2723.55897714941
2143000 927.107756767884 903.794694975727 893.617567024172 2724.52001876778
2144000 927.628146385791 904.388769706707 894.061315526161 2726.07823161866
2145000 928.264828522818 905.016201166593 894.517069279554 2727.79809896897
2146000 928.606184958395 905.783410781656 894.904003526065 2729.29359926612
2147000 928.913815656748 906.094393927128 895.156269552884 2730.16447913676
2148000 929.488316180343 906.57217345855 895.676863128103 2731.737352767
2149000 929.872636050062 906.886148528678 896.142561871298 2732.90134645004
2150000 930.131488721245 907.265683520755 896.242658996357 2733.63983123836
2151000 930.582367341074 907.718993969877 896.800973304367 2735.10233461532
2152000 930.868187848595 907.983632665549 897.414723564063 2736.26654407821
2153000 931.482227055288 908.582351371504 897.733225682299 2737.79780410909
2154000 932.014111618228 909.004788641062 898.251921705364 2739.27082196465
2155000 932.771105925048 909.576646642179 899.024673076047 2741.37242564327
2156000 933.080391312336 910.008335867011 899.733107607396 2742.82183478674
2157000 933.300460497454 910.564040077199 899.956205054418 2743.82070562907
2158000 933.862860356622 911.064048201146 900.313188556496 2745.24009711426
2159000 934.494805730443 911.460175938332 901.081731401044 2747.03671306982
2160000 935.1469424861 912.226317786882 901.28406295276 2748.65732322574
2161000 935.557632628688 912.657734166195 901.46054136902 2749.6759081639
2162000 936.036265271753 912.92849233962 901.472353888463 2750.43711149984
2163000 936.478694188842 913.408212382884 902.211092839044 2752.09799941077
2164000 937.006735348351 913.944032653177 902.460169122753 2753.41093712428
2165000 937.556591700231 914.390405799355 902.742061681222 2754.68905918081
2166000 937.883943129231 914.642809050316 903.20820827414 2755.73496045369
2167000 938.33614092298 914.792475829951 903.486858840664 2756.6154755936
2168000 938.760290566223 915.156436432843 903.802729316873 2757.71945631594
2169000 939.040692263316 915.537926813828 904.423634122682 2759.00225319982
2170000 939.053790569651 916.340213884703 904.869571413706 2760.26357586806
2171000 939.444502025813 916.555968775918 905.3121175464 2761.31258834813
2172000 940.14685555717 917.06111212932 905.548978453667 2762.75694614016
2173000 941.020900990344 917.597507696532 906.18050652552 2764.7989152124
2174000 941.168757355743 917.955781565653 906.462498451508 2765.5870373729
2175000 941.769056632403 918.314461368019 906.797004560038 2766.88052256046
2176000 942.112248362454 918.641700914793 907.460286798019 2768.21423607527
2177000 942.492191848115 919.017789709383 907.741092595372 2769.25107415287
2178000 942.868824779656 919.744203622043 908.153138490538 2770.76616689224
2179000 943.182445020181 920.437146840642 908.755558789548 2772.37515065037
2180000 943.560971666904 920.877429335466 909.104136595996 2773.54253759837
2181000 944.000731423397 921.245267520487 909.477907937248 2774.72390688113
2182000 944.516623512592 921.844017630246 910.015871378044 2776.37651252088
2183000 945.10906154096 922.089680840743 910.425356865587 2777.62409924729
2184000 945.392432997057 922.459896224494 910.824958575924 2778.67728779748
2185000 945.927493804857 922.888017351742 911.079042580291 2779.89455373689
2186000 946.34840467974 923.297046277741 911.345858223576 2780.99130918106
2187000 946.787683187655 923.618432653637 911.913123826147 2782.31923966744
2188000 947.370595906281 924.056148370243 912.231410473339 2783.65815474986
2189000 947.643068861596 924.48959884547 912.871682267802 2785.00434997487
2190000 948.107491083948 924.955769250652 913.460044273178 2786.52330460778
2191000 948.475015309212 925.234547307013 913.792926162079 2787.5024887783
2192000 949.046020936184 925.646615683256 914.024417756784 2788.71705437622
2193000 949.479611863877 926.249732275285 914.209781936028 2789.93912607519
2194000 949.960339534781 926.529433725682 914.493635794086 2790.98340905455
2195000 950.46890243009 926.884439622331 914.955490497901 2792.30883255032
2196000 950.905540514877 927.290129165094 915.79923860746 2793.99490828743
2197000 951.472818768762 927.610916657112 916.401332444253 2795.48506787013
2198000 952.069844047324 928.153177231118 916.877539239364 2797.10056051781
2199000 952.303249574052 928.8567348722 916.988250097158 2798.14823454341
2200000 952.674754065874 929.16706525143 917.138683892804 2798.98050321011
2201000 953.144852389781 929.39441444555 917.477418498346 2800.01668533368
2202000 953.82864899742 930.042167736116 917.990059152798 2801.86087588633
2203000 954.154360828604 930.164722730705 918.496931078691 2802.816014638
2204000 955.068852738516 930.975657680772 918.747333670271 2804.79184408956
2205000 955.574424351949 931.411672241012 919.067471605258 2806.05356819822
2206000 955.911592135693 931.854387208853 919.504302816274 2807.27028216082
2207000 956.139173158612 932.298822584459 919.826997762019 2808.26499350509
2208000 956.867307002367 932.727741639353 919.996972833476 2809.5920214752
2209000 957.333309826518 933.174271880779 920.422927514135 2810.93050922143
2210000 957.51552244662 933.454020794181 921.158920716197 2812.128463957
2211000 957.932450358077 933.818502604623 921.530907743432 2813.28186070613
2212000 958.516929268723 934.085753774318 922.140670745252 2814.74335378829
2213000 958.943492417623 934.442696748636 922.397671906383 2815.78386107264
2214000 959.259008285046 934.670798123292 922.632874862458 2816.5626812708
2215000 959.860426679103 935.297746340611 923.065614484248 2818.22378750396
2216000 959.85954511227 935.287069948996 923.563629202217 2818.71024426348
2217000 960.279972886629 935.685093080857 924.146788439281 2820.11185440677
2218000 961.009883921084 936.238202070159 924.389289360906 2821.63737535215
2219000 961.228717348879 936.538706789012 924.897546078668 2822.66497021656
2220000 961.65370602665 936.717262291643 925.074562155099 2823.44553047339
2221000 962.031776179062 937.30037153558 925.698260525762 2825.0304082404
2222000 962.538015871217 937.556384591274 926.040217912618 2826.13461837511
2223000 962.998191547367 938.23744135617 926.399772863206 2827.63540576674
2224000 963.406169869921 938.546841509814 926.768095373979 2828.72110675371
2225000 963.915627050265 939.140642323744 927.117858376868 2830.17412775088
2226000 964.004756507606 939.563815474444 927.360097528769 2830.92866951082
2227000 964.616025943091 939.829289739696 928.045284004941 2832.49059968773
2228000 964.80335509791 940.259192042741 928.613377187713 2833.67592432836
2229000 965.040211083618 940.642157778145 928.941358796349 2834.62372765811
2230000 965.429017323991 940.82450163619 929.223556890499 2835.47707585068
2231000 965.692356217453 941.181831272076 929.686374631807 2836.56056212134
2232000 966.290715091756 941.684420258964 930.354589337581 2838.3297246883
2233000 966.708328067984 941.778899958299 930.77343512171 2839.26066314799
2234000 967.386768374957 941.969391366685 930.826115509719 2840.18227525136
2235000 967.543887987087 942.707452551518 931.49636939327 2841.74770993188
2236000 968.185059797569 943.23436412022 931.724317046997 2843.14374096479
2237000 968.65668939216 943.440723239531 932.214205802479 2844.31161843417
2238000 969.07346335558 944.04355412343 932.657775083744 2845.77479256275
2239000 969.552192585484 944.394647931102 933.41969696955 2847.36653748614
2240000 970.007867559667 944.921919781802 933.750274495502 2848.68006183697
2241000 970.669601190403 945.407872435176 934.046336144228 2850.12380976981
2242000 970.942536135736 945.732101690612 934.35920592312 2851.03384374947
2243000 971.262732785839 945.931935060372 934.858156221701 2852.05282406791
2244000 971.778965906738 946.492639036514 935.399389737509 2853.67099468076
2245000 972.171825369876 946.767395924688 935.695993678512 2854.63521497308
2246000 972.998102158082 947.247223289607 936.155710787297 2856.40103623499
2247000 973.469203657553 947.227028242793 936.554485043792 2857.25071694414
2248000 973.513295644391 947.806330396431 936.847820223459 2858.16744626428
2249000 973.983672296218 948.209731173247 937.303806403767 2859.49720987323
2250000 974.359871947405 948.939144074949 937.768127203795 2861.06714322615
2251000 975.252723060968 949.383152388539 938.079309726447 2862.71518517595
2252000 975.862911059426 950.038242895139 938.488060693368 2864.38921464793
2253000 976.053002559476 950.459851328691 939.067061369509 2865.57991525768
2254000 976.628088557669 951.396390716722 939.574961930091 2867.59944120448
2255000 976.970987376253 951.863676171486 939.982582538623 2868.81724608636
2256000 977.305925226459 952.458134381057 940.531728068534 2870.29578767605
2257000 977.930158340735 952.929109302555 940.996772035928 2871.85603967922
2258000 978.081171938259 953.57323409511 941.276654880934 2872.9310609143
2259000 978.655042705776 953.991559422022 941.677338578907 2874.3239407067
2260000 979.033924364182 954.435747281944 942.332531534393 2875.80220318052
2261000 979.473009163704 955.126767369855 942.584432116392 2877.18420864995
2262000 979.925284147098 955.278244019603 942.974915053383 2878.17844322008
2263000 980.298866479816 955.953224375673 943.348628646769 2879.60071950226
2264000 980.614865080722 956.550298113671 944.075587770158 2881.24075096455
2265000 981.025106696432 956.716343433076 944.447627674991 2882.1890778045
2266000 981.720965971167 957.100444851818 944.891563000452 2883.71297382344
2267000 982.517146109207 957.820588773015 945.51055490858 2885.8482897908
2268000 983.045877910417 958.43350763287 945.841721829391 2887.32110737268
2269000 983.500901085244 958.413689042731 946.246917185899 2888.16150731387
2270000 983.807827474045 958.919644436548 946.592429880461 2889.31990179105
2271000 984.219893224857 959.419119213791 946.911717973999 2890.55073041265
2272000 984.220595493574 959.843530684236 947.289290096719 2891.35341627453
2273000 984.995567404482 960.427072584145 947.499021473841 2892.92166146247
2274000 985.403111634516 960.585176933166 948.070782761734 2894.05907132942
2275000 985.800889917608 961.379090822113 948.763309887516 2895.94329062724
2276000 986.246297058055 961.649810758908 948.980151257015 2896.87625907398
2277000 986.667270369984 962.390001724541 949.772560476286 2898.82983257081
2278000 987.017308754164 963.027018501137 950.021551343397 2900.0658785987
2279000 987.246956417037 963.737717913629 950.526179401157 2901.51085373182
2280000 987.806754699774 964.282332141714 951.100336843013 2903.1894236845
2281000 988.166365204018 964.388096048016 951.411233377284 2903.96569462932
2282000 988.867852953495 964.674221925467 951.456669187026 2904.99874406599
2283000 989.326758986718 965.006885504298 951.531763874753 2905.86540836577
2284000 989.713281509845 965.424517177876 951.815942005597 2906.95374069332
2285000 990.169553183312 965.750822689915 952.188820705911 2908.10919657914
2286000 990.560064189567 966.309547996244 952.435208219181 2909.30482040499
2287000 990.56147914825 966.903284171503 952.829913854723 2910.29467717448
2288000 991.005484753696 967.485989261338 953.362432962905 2911.85390697794
2289000 991.390904804641 967.516972552153 953.984229542721 2912.89210689952
2290000 991.964775285146 968.17464861678 954.25764937068 2914.39707327261
2291000 992.436584136594 968.739926714881 955.076109097221 2916.2526199487
2292000 992.87593858301 969.062737695227 955.503925244778 2917.44260152302
2293000 993.585139006674 969.455320444152 955.728287710739 2918.76874716156
2294000 993.858240036237 970.018921021165 955.998189284904 2919.87535034231
2295000 994.238150810179 970.012581570355 956.185303864773 2920.43603624531
2296000 994.536399851089 970.260104043938 956.889598925095 2921.68610282012
2297000 994.595900432524 970.502265737028 957.287089605608 2922.38525577516
2298000 995.177411603096 970.841530153426 957.813099860506 2923.83204161703
2299000 995.497990730682 971.267875004182 958.072566975946 2924.83843271081
2300000 995.799257038309 971.634411740861 958.395411426489 2925.82908020566
2301000 996.309042197729 972.182079007149 959.19543283537 2927.68655404025
2302000 996.699567186917 972.428747721828 959.496033084237 2928.62434799298
2303000 997.112848233347 972.689538930924 959.987122363444 2929.78950952771
2304000 997.575837954521 972.875518824644 960.552890978713 2931.00424775788
2305000 998.073237812016 973.42587536568 961.290280126917 2932.78939330461
2306000 998.439018993842 973.510779525587 961.760877539498 2933.71067605893
2307000 999.21465011099 974.028388921309 962.032685833065 2935.27572486536
2308000 999.527057629003 974.4343626618 962.233263800281 2936.19468409108
2309000 999.972858051555 975.152325138725 962.71370214375 2937.83888533403
2310000 1000.21824423741 975.578314055167 963.289215987516 2939.0857742801
2311000 1000.87462545332 976.066876983282 963.606164850726 2940.54766728732
2312000 1001.48311434187 976.334798579711 964.041296136478 2941.85920905806
2313000 1001.89702664845 977.019267323256 964.136515366874 2943.05280933858
2314000 1002.5004740588 977.432928458763 964.685176934636 2944.6185794522
2315000 1002.97132108794 977.879229061015 965.296637681272 2946.14718783023
2316000 1003.42068790891 978.311662027843 965.836808459008 2947.56915839576
2317000 1003.88521363852 978.566306319889 966.103687586165 2948.55520754458
2318000 1004.2108415583 979.105013897956 966.819661096479 2950.13551655274
2319000 1004.68297995502 979.670367607696 967.060177039619 2951.41352460233
2320000 1005.01706194748 980.072662790439 967.273628022073 2952.36335276
2321000 1005.4748521785 980.657421934902 967.678774539078 2953.81104865248
2322000 1005.72830952025 980.847560200808 968.341558798466 2954.91742851953
2323000 1005.96689758947 981.306685509894 968.673966007653 2955.94754910702
2324000 1006.63017508383 981.82311166547 968.862647588995 2957.31593433829
2325000 1006.96248345708 982.403353815424 969.319588563738 2958.68542583624
2326000 1007.43772941906 982.553493024351 969.839609749625 2959.83083219304
2327000 1007.86419859668 983.130552299356 970.359707338734 2961.35445823477
2328000 1008.32913863856 983.250552063255 971.12804887438 2962.7077395762
2329000 1008.6260297339 983.746462855055 971.16517009145 2963.5376626804
2330000 1009.14413419351 984.121670534652 971.661558295634 2964.9273630238
2331000 1009.40771082516 984.397493305309 972.350057965993 2966.15526209647
2332000 1009.88402727615 985.063282682148 972.62049564132 2967.56780559962
2333000 1010.4373476128 985.497199808465 972.979335330213 2968.91388275148
2334000 1011.02110145631 986.056882918194 973.16341820006 2970.24140257457
2335000 1011.60414788207 986.550997614441 973.601839851763 2971.75698534827
2336000 1012.08330116492 986.449247522275 974.054551245586 2972.58709993278
2337000 1012.28734293147 987.122703685277 974.250868896701 2973.66091551345
2338000 1012.51636434346 987.444498580722 974.723322786884 2974.68418571107
2339000 1013.06339321343 988.070352911722 974.803399557735 2975.93714568289
2340000 1013.526839117 988.350694402062 975.227070135081 2977.10460365414
2341000 1013.66068577203 988.387778450669 975.502034963193 2977.55049918589
2342000 1013.88111455161 988.753514452893 975.668013374924 2978.30264237943
2343000 1014.27666113307 988.997681585212 976.146548530615 2979.4208912489
2344000 1014.65918500549 989.24431873148 976.490181092738 2980.3936848297
2345000 1015.34115006228 990.094803165278 977.20656768751 2982.64252091507
2346000 1015.69456566947 990.563379137714 977.78954047186 2984.04748527905
2347000 1015.98143654806 990.920818351509 978.397338417401 2985.29959331697
2348000 1016.43715473608 991.037519324989 978.544953834938 2986.01962789601
2349000 1017.04661201228 991.819719460743 979.088635275786 2987.95496674881
2350000 1017.37719104561 992.389626285197 979.362599704699 2989.12941703551
2351000 1017.7959865453 992.911216932205 979.719887931912 2990.42709140942
2352000 1018.19995561062 993.298380496375 980.041709652406 2991.5400457594
2353000 1018.59961881906 993.780469903735 980.277796142726 2992.65788486552
2354000 1018.90392476987 994.018972793295 980.868881645663 2993.79177920883
2355000 1019.4857001851 994.433336797067 980.971498596653 2994.89053557882
2356000 1019.54537327794 995.012278223202 981.569134699099 2996.12678620024
2357000 1020.00620901595 995.408862710471 981.911209532958 2997.32628125938
2358000 1020.42779847857 995.899431252474 982.421522765514 2998.74875249655
2359000 1020.98790953144 996.310903066656 982.977059249202 3000.2758718473
2360000 1021.0848977474 996.980473514991 983.763882217782 3001.82925348017
2361000 1021.29726540932 997.056924088195 983.873754695103 3002.22794419262
2362000 1022.21264218002 997.560608398319 984.321761083135 3004.09501166147
2363000 1022.58824303771 997.835556186956 984.646012957544 3005.06981218221
2364000 1023.09091134644 998.327646219279 985.213602096482 3006.63215966221
2365000 1023.11016075331 998.873133867222 985.826993480191 3007.81028810072
2366000 1023.59866523961 999.253447820033 985.899715728341 3008.75182878798
2367000 1024.05450646225 999.322872179166 986.371097222473 3009.74847586389
2368000 1024.52372240988 999.864632971774 986.645825875217 3011.03418125687
2369000 1025.07114533915 1000.09714148091 986.91485130741 3012.08313812747
2370000 1025.40609322649 1000.63456432167 987.202441558418 3013.24309910658
2371000 1025.6450210541 1001.33302610448 987.364970389674 3014.34301754824
2372000 1025.96084995764 1001.44700445289 987.835145113465 3015.242999524
2373000 1026.37160362743 1001.86031149261 988.454932691169 3016.68684781121
2374000 1026.82070246916 1002.27715840245 988.711250243121 3017.80911111473
2375000 1027.42125429569 1003.00462306424 989.202579034703 3019.62845639463
2376000 1027.51319425198 1003.62670338926 989.486763150872 3020.62666079211
2377000 1027.96651486089 1004.1507339456 989.814854457236 3021.93210326373
2378000 1028.14279497673 1004.53770036464 989.872894864619 3022.553390206
2379000 1028.7642059243 1005.05549254325 990.342954460837 3024.16265292839
2380000 1029.17159390016 1005.38151649046 990.594862967669 3025.1479733583
2381000 1029.55146398684 1005.80287843839 991.03075316377 3026.385095589
2382000 1029.91735201972 1006.43289069907 991.436035030364 3027.78627774915
2383000 1030.22984782349 1006.93622110223 991.737012663454 3028.90308158917
2384000 1030.68400433376 1007.25428087313 991.975272724336 3029.91355793122
2385000 1031.27109705235 1007.59236566156 992.265794481253 3031.12925719516
2386000 1031.49984187014 1008.11750608466 992.642825712746 3032.26017366754
2387000 1032.24917536334 1008.53961145714 992.931541774817 3033.7203285953
2388000 1032.7449957331 1009.14580320724 993.459008627899 3035.34980756824
2389000 1033.21346181318 1009.45088796613 993.896496056859 3036.56084583617
2390000 1033.33104381751 1009.58446636112 994.452540384379 3037.36805056301
2391000 1033.73726200782 1010.27720382659 994.787654532135 3038.80212036654
2392000 1034.21297891744 1010.87653273396 995.14847525685 3040.23798690825
2393000 1034.59169467383 1011.2655617547 995.326048846 3041.18330527453
2394000 1035.18891528664 1011.8920654005 995.90862499132 3042.98960567847
2395000 1035.49719462251 1012.04441478495 996.238799463453 3043.7804088709
2396000 1035.93030459952 1012.48953291114 996.926796858562 3045.34663436922
2397000 1036.140161424 1012.88431666285 997.207112502859 3046.23159058972
2398000 1036.7800172472 1013.36027539521 997.507194481276 3047.64748712369
2399000 1037.54142666003 1013.9269944167 998.021626782398 3049.49004785913
2400000 1037.85413010152 1014.23808906498 998.385657406798 3050.47787657329
2401000 1038.21876719694 1014.68510000795 998.784649062574 3051.68851626746
2402000 1038.75778490004 1015.22752956542 999.321453331224 3053.30676779668
2403000 1039.14276821214 1015.62050220328 999.851320319492 3054.6145907349
2404000 1039.99602221683 1015.83902775632 1000.7317123026 3056.56676227574
2405000 1040.10863113734 1016.62241369904 1000.68149722358 3057.41254205996
2406000 1040.19684485281 1017.23006659401 1001.15695011464 3058.58386156146
2407000 1040.63934675717 1017.55720110039 1001.36092137798 3059.55746923554
2408000 1041.13934069524 1017.9753675789 1001.45156437284 3060.56627264698
2409000 1041.56585992672 1017.99692387737 1002.01509416104 3061.57787796513
2410000 1042.03353267282 1017.95513829445 1002.30723082034 3062.29590178761
2411000 1042.57101224387 1018.49400007538 1002.75287504554 3063.81788736479
2412000 1043.08650464684 1019.17616534742 1003.14631430928 3065.40898430355
2413000 1043.49648923662 1019.39774765928 1003.16157599176 3066.05581288767
2414000 1044.03137169177 1019.88742778818 1003.84682426213 3067.76562374208
2415000 1044.64683021186 1020.37902275536 1004.33918513949 3069.36503810671
2416000 1045.0692408366 1021.06610227735 1004.4784625397 3070.61380565366
2417000 1045.55535631566 1021.55050897335 1004.96118761618 3072.06705290518
2418000 1045.79049272663 1021.60841070539 1005.42043213994 3072.81933557197
2419000 1046.34063047358 1022.00613301951 1005.87050393483 3074.21726742792
2420000 1046.70590309732 1022.42003065898 1006.29183676647 3075.41777052277
2421000 1047.10762641419 1022.78212818676 1006.79107937311 3076.68083397406
2422000 1047.48213995464 1023.25726237422 1006.90497259782 3077.64437492669
2423000 1048.03540882124 1023.78536390996 1007.17016817109 3078.99094090229
2424000 1048.17306694924 1024.29340608206 1007.66476490919 3080.13123794049
2425000 1048.70912183509 1024.87726954537 1007.87421221646 3081.46060359692
2426000 1048.96707493527 1025.34365704528 1008.38795486911 3082.69868684966
2427000 1049.24280560724 1025.46347205622 1008.9716978756 3083.67797553907
2428000 1049.94307774033 1025.77701250614 1009.47180804239 3085.19189828886
2429000 1050.27711507789 1026.04882641824 1009.86361765175 3086.18955914788
2430000 1050.75735949449 1026.64753693696 1010.43349082629 3087.83838725775
2431000 1051.39731890377 1026.87271526258 1011.00437140139 3089.27440556775
2432000 1051.70323169136 1027.41302176644 1011.37996566625 3090.49621912406
2433000 1052.06517364339 1028.02915165058 1011.71141878931 3091.80574408328
2434000 1052.24830668838 1028.47800425718 1011.96346183661 3092.68977278217
2435000 1052.97336730459 1028.79433418052 1012.26320977318 3094.0309112583
2436000 1053.46451685861 1029.01497104775 1012.62587721532 3095.10536512167
2437000 1054.06668152112 1029.49086037709 1012.98235548101 3096.53989737922
2438000 1054.84071911219 1029.59575981425 1013.39223206593 3097.82871099236
2439000 1055.4674117115 1030.10090764232 1013.75563558556 3099.32395493939
2440000 1056.15516413943 1030.57193603992 1014.30031302423 3101.02741320358
2441000 1056.42158811846 1031.08571425895 1014.60042274397 3102.10772512139
2442000 1056.85491103415 1031.88091196697 1015.0652503219 3103.80107332302
2443000 1057.01987473041 1032.54103987144 1015.59842530121 3105.15933990306
2444000 1057.29578717369 1032.89703154845 1016.22495482143 3106.41777354357
2445000 1057.84451114531 1033.25114887082 1016.20642237839 3107.30208239452
2446000 1058.3820695399 1033.4745957631 1016.81736444022 3108.67402974323
2447000 1059.11684100681 1033.78159332343 1017.17791744413 3110.07635177437
2448000 1059.21965415799 1034.0849034901 1017.8950271068 3111.19958475489
2449000 1059.5394805517 1034.38714004019 1017.82533482307 3111.75195541496
2450000 1059.73293194964 1035.06566999442 1018.19606261822 3112.99466456228
2451000 1060.31643344531 1035.44213363847 1018.61387361357 3114.37244069734
2452000 1060.75917179704 1035.58937941894 1018.97693626514 3115.32548748112
2453000 1061.22827493851 1036.18520257596 1019.62924203242 3117.04271954689
2454000 1061.55110622062 1036.40992161572 1020.02065640232 3117.98168423866
2455000 1062.02898843141 1037.00705651413 1020.2777585918 3119.31380353734
2456000 1062.45348388783 1037.58031856341 1020.84048604139 3120.87428849263
2457000 1062.82088337257 1038.11528799982 1021.08016471019 3122.01633608258
2458000 1063.17578978378 1038.59033358138 1021.50076696502 3123.26689033018
2459000 1063.84771911034 1038.93918723891 1022.0036005881 3124.79050693735
2460000 1064.28093577008 1039.20365380143 1022.49299730814 3125.97758687965
2461000 1064.60422032636 1039.84254210081 1023.10302890936 3127.54979133653
2462000 1064.79072588386 1040.15475043496 1023.49000611477 3128.43548243359
2463000 1065.18427325636 1040.46331916937 1023.71951824799 3129.36711067372
2464000 1065.53925908377 1040.8724985217 1023.87969739934 3130.29145500481
2465000 1065.74866247945 1040.99696667169 1024.39602064881 3131.14164979996
2466000 1066.23763221319 1041.27047876365 1025.12356572067 3132.6316766975
2467000 1066.4869239512 1041.77513316053 1025.37548109159 3133.63753820332
2468000 1066.99229779579 1042.37865319737 1026.01794497216 3135.38889596532
2469000 1066.80342214164 1042.95441094405 1026.4593942056 3136.21722729129
2470000 1067.34406236312 1043.49767445728 1026.90273439495 3137.74447121535
2471000 1067.72240718115 1044.06084562552 1027.35385333734 3139.13710614401
2472000 1068.14490286449 1044.57628666169 1027.51033269717 3140.23152222335
2473000 1068.92576744168 1045.18654349355 1027.82331129702 3141.93562223226
2474000 1069.59681146936 1045.7085741993 1028.02489336186 3143.33027903052
2475000 1069.88824465098 1046.18549956091 1028.41192129467 3144.48566550657
2476000 1070.15436407791 1046.79228953196 1028.73573787697 3145.68239148684
2477000 1070.69764718922 1046.94128132065 1029.30022840547 3146.93915691535
2478000 1070.61804267752 1047.58903054735 1029.75182435803 3147.95889758289
2479000 1071.12753571391 1048.09988320231 1030.2352596318 3149.46267854801
2480000 1071.77696089421 1048.4572020009 1030.30469286064 3150.53885575575
2481000 1071.87483977895 1048.848873757 1030.84476703353 3151.56848056949
2482000 1072.29898523114 1049.22682798076 1031.20977633355 3152.73558954545
2483000 1072.52106007887 1049.38394175103 1031.90431755068 3153.80931938058
2484000 1072.99905871963 1050.01985630106 1032.36630729623 3155.38522231691
2485000 1073.32906510568 1050.41339231198 1032.81418969636 3156.55664711402
2486000 1073.52984765499 1050.46024415481 1033.20074812913 3157.19083993893
2487000 1073.85656163093 1051.07627985905 1033.47709614655 3158.40993763653
2488000 1074.5695017758 1051.67721548122 1033.80090016199 3160.04761741901
2489000 1075.38370176383 1052.01086506451 1034.44000940085 3161.83457622919
2490000 1075.83651515933 1052.47941126055 1034.71645021321 3163.03237663309
2491000 1076.31299749629 1052.89088353521 1035.08643071995 3164.29031175146
2492000 1076.74044974998 1053.06822734948 1035.63881777161 3165.44749487108
2493000 1077.16302609237 1053.28420629969 1035.62415106238 3166.07138345444
2494000 1077.87012418566 1053.64606048139 1036.26330234663 3167.77948701368
2495000 1078.00389672825 1054.17460514896 1036.54101363507 3168.71951551229
2496000 1078.45792274828 1054.33168553655 1036.68146334026 3169.47107162508
2497000 1078.96920785087 1054.91511244802 1037.36491872603 3171.24923902492
2498000 1079.44951974286 1055.20691812198 1037.67087171718 3172.32730958202
2499000 1079.82049388936 1055.72055129419 1037.85616513471 3173.39721031827
2500000 1080.56221054931 1056.11986151265 1038.34057534254 3175.02264740451
2501000 1080.82219790614 1056.65108851384 1038.52220279656 3175.99548921654
2502000 1081.42196554102 1056.88608312126 1039.03461108897 3177.34265975126
2503000 1082.02814193994 1057.62927178408 1039.3117581202 3178.96917184422
2504000 1082.81021544239 1058.23798635833 1040.08216775554 3181.13036955626
2505000 1083.39860019416 1058.56238415885 1040.25087502485 3182.21185937786
2506000 1083.56602215344 1059.01383763608 1040.54511999536 3183.12497978488
2507000 1083.78862891522 1059.61950304844 1041.19648383811 3184.60461580177
2508000 1084.24279382178 1060.22359353946 1041.52883501207 3185.99522237331
2509000 1084.64293482777 1060.37145842628 1041.75885175939 3186.77324501344
2510000 1085.21490978327 1060.9933652803 1041.77899847296 3187.98727353652
