# Fix print output for fix 2
10000 2.08074586916568e-28 3.60082005093394e-33 2.40054670062263e-33 2.0808058828332e-28
11000 0.309918230508994 0.307868527247018 0.309580397471024 0.927367155227037
12000 0.442774864189994 0.440342455303173 0.447137415888113 1.33025473538128
13000 0.578216915471012 0.577601018230073 0.578746851040146 1.73456478474123
14000 0.715334733796939 0.707091653625027 0.709875301029999 2.13230168845197
15000 0.845453095488775 0.835420999440461 0.835947200955659 2.51682129588489
16000 0.971028047858035 0.97169228702711 0.966710428301011 2.90943076318616
17000 1.09821385713929 1.09312353537401 1.08727099446424 3.27860838697754
18000 1.21280742592665 1.21750153330967 1.2068800958923 3.63718905512861
19000 1.3398399803781 1.33738538068069 1.33447455683314 4.01169991789193
20000 1.46446403538435 1.45206558182963 1.4493439744128 4.36587359162678
21000 1.58494610226789 1.57039590668836 1.56932763668323 4.72466964563948
22000 1.7144994331946 1.70352066121554 1.70444717446218 5.12246726887232
23000 1.83265656347911 1.81212802240917 1.81795334674469 5.46273793263298
24000 1.9449322603898 1.93109872859953 1.93386423123174 5.80989522022107
25000 2.06507281130571 2.04459339956952 2.05338561319807 6.1630518240733
26000 2.18617528001378 2.16662577484573 2.18118190792837 6.53398296278788
27000 2.30593393340258 2.28919829007507 2.30438420460298 6.89951642808062
28000 2.42299744892798 2.40455599060662 2.41517680434807 7.24273024388268
29000 2.54555471384483 2.52288637277195 2.52732034719055 7.59576143380734
30000 2.66126285123013 2.64627888622538 2.65357220100726 7.96111393846277
31000 2.77925575253375 2.76051322859833 2.76664618331136 8.30641516444345
32000 2.89981157228133 2.87366951661357 2.88665763155102 8.66013872044593
33000 3.0016113019867 2.98667500458436 3.00723939118378 8.99552569775484
34000 3.12274929878016 3.10605849950268 3.12165876572674 9.35046656400958
35000 3.23340615578596 3.22721621183522 3.2427377904816 9.70336015810278
36000 3.35495047551843 3.3320478344412 3.36110637924089 10.0481046892005
37000 3.47229566013723 3.44478008310704 3.47456697069282 10.3916427139371
38000 3.60410082119636 3.57515133605646 3.59000367246347 10.7692558297163
39000 3.71272758896251 3.68658739918268 3.71700551190477 11.1163205000499
40000 3.83615043144731 3.80413026958525 3.84549221450328 11.4857729155358
41000 3.94642311368159 3.91662308896744 3.96992963201058 11.8329758346596
42000 4.06930900526 4.0423076296841 4.0837869286066 12.1954035635507
43000 4.19362615336328 4.15806568338301 4.19536741613852 12.5470592528848
44000 4.2918766794643 4.2761764530786 4.31878470744736 12.8868378399903
45000 4.4035935755206 4.37010084154281 4.41512336844455 13.188817785508
46000 4.51946915297192 4.49044264374779 4.52766436242207 13.5375761591418
47000 4.63132442846157 4.60776629086383 4.64469434948355 13.8837850688089
48000 4.74048261257609 4.71485213251079 4.76115532971868 14.2164900748056
49000 4.85108976954159 4.83278763286569 4.87388526648707 14.5577626688943
50000 4.96011299688991 4.94206471974038 4.98840553221064 14.8905832488409
51000 5.0629749828291 5.04905981259202 5.10238140946478 15.2144162048859
52000 5.201889616574 5.16426939010815 5.22234360583934 15.5885026125215
53000 5.30097515287909 5.27093510346838 5.33405966343735 15.9059699197848
54000 5.40926079198295 5.39287221736428 5.44470448902854 16.2468374983758
55000 5.53479120826258 5.50099087026682 5.55893864367642 16.5947207222058
56000 5.65456024855372 5.61573135475262 5.66618581444713 16.9364774177535
57000 5.75132461184042 5.73363176681281 5.78015277283147 17.2651091514847
58000 5.86065504458942 5.8488485235213 5.88566227528143 17.5951658433921
59000 5.97196660001692 5.96258566635458 6.00511040800196 17.9396626743735
60000 6.06870207407118 6.06397153123502 6.12314167340134 18.2558152787075
61000 6.17539139682321 6.1948380520429 6.2451304417961 18.6153598906622
62000 6.30132337427654 6.29714479653074 6.35142990170513 18.9498980725124
63000 6.42822348131183 6.41915503734975 6.46676066069435 19.3141391793559
64000 6.55930737197197 6.53292778861928 6.59560254532424 19.6878377059155
65000 6.66421190766643 6.63397975023611 6.69807331536285 19.9962649732654
66000 6.78038020523687 6.74460538521722 6.81933106358379 20.3443166540379
67000 6.88089089636675 6.84356827324072 6.93060819888966 20.6550673684971
68000 6.98939264801898 6.95776230871607 7.03206494976231 20.9792199064974
69000 7.10975602715378 7.07211197887376 7.14926742510612 21.3311354311337
70000 7.21079507847231 7.16898150561278 7.248494170578 21.6282707546631
71000 7.32730194065021 7.29296598247882 7.3716705566974 21.9919384798264
72000 7.44113611275086 7.39332804744383 7.48487729048779 22.3193414506825
73000 7.55057832739236 7.50899365814629 7.59484832523041 22.6544203107691
74000 7.66194657044296 7.62497452625367 7.72493728855775 23.0118583852544
75000 7.79334533007888 7.75549990408176 7.8364791788755 23.3853244130361
76000 7.91953244539058 7.88174337337463 7.96664275952303 23.7679185782882
77000 8.02617442970693 7.99892643541319 8.06619910126947 24.0912999663896
78000 8.12230778557329 8.10523110819147 8.17774919231629 24.4052880860811
79000 8.23240656049733 8.20197843721026 8.27795460742959 24.7123396051372
80000 8.34460847755204 8.31961902163058 8.40434733196683 25.0685748311494
81000 8.46375452668073 8.43073126676822 8.51720374953354 25.4116895429825
82000 8.57031859852109 8.54480233678009 8.60649074000689 25.7216116753081
83000 8.6866536937546 8.62866114693536 8.70093164491034 26.0162464856003
84000 8.78769739266559 8.740616393695 8.81173425627491 26.3400480426355
85000 8.89430729700454 8.86110959247735 8.93935548991619 26.6947723793981
86000 8.99923716611919 8.95414993500679 9.03109308830225 26.9844801894282
87000 9.10268753229149 9.07934713209423 9.16892136103326 27.350956025419
88000 9.21699712652142 9.19718249729653 9.27074622128034 27.6849258450983
89000 9.32543658852444 9.30052781199166 9.38603018097439 28.0119945814905
90000 9.44853194863701 9.39801427773818 9.50489819071393 28.3514444170891
91000 9.56778716969971 9.53082886939974 9.60529297805588 28.7039090171553
92000 9.66900488312662 9.62303285002655 9.71375199655872 29.0057897297119
93000 9.77433089605735 9.75238865886296 9.8117236419272 29.3384431968475
94000 9.87679507515034 9.85758371004751 9.92973873228352 29.6641175174814
95000 9.98576530113418 9.97699067784918 10.0342578709091 29.9970138498925
96000 10.0983915177762 10.1011174147408 10.1474395551458 30.3469484876628
97000 10.2105157087919 10.2101319955161 10.2608239134284 30.6814716177363
98000 10.3137823815211 10.3042923870379 10.3713740685975 30.9894488371565
99000 10.4197131000497 10.4172210065825 10.4670154554085 31.3039495620407
100000 10.5349016822047 10.5345586951064 10.5715518650301 31.6410122423413
101000 10.622036934385 10.6463261076622 10.6930322219957 31.9613952640429
102000 10.7378682660368 10.7548181341774 10.8126997983413 32.3053861985555
103000 10.8467972506031 10.8453670594202 10.9030076571739 32.5951719671971
104000 10.9734873230918 10.9597819233834 11.0290464136127 32.9623156600878
105000 11.0799505400531 11.0648766683046 11.12831117758 33.2731383859377
106000 11.1681417942783 11.163819995733 11.2459261192571 33.5778879092684
107000 11.2822063025314 11.2786387662977 11.3500285157776 33.9108735846067
108000 11.3684478830531 11.3770405806386 11.4535177896683 34.19900625336
109000 11.4834275045342 11.4969921141156 11.5684044027563 34.5488240214061
110000 11.5784665011493 11.602225221911 11.6941063841716 34.8747981072319
111000 11.6842333526623 11.7149371920802 11.8168697973351 35.2160403420776
112000 11.7987406910154 11.8249804150782 11.9251966051169 35.5489177112105
113000 11.8886001986304 11.914325935722 12.0278623178637 35.8307884522161
114000 12.0104222212024 12.0230964216607 12.1314723119971 36.1649909548602
115000 12.1120429086072 12.1424035310098 12.2309152805522 36.4853617201692
116000 12.2217342146875 12.2596261489524 12.3302291234184 36.8115894870583
117000 12.3248458871356 12.3719894091614 12.4602998342291 37.1571351305261
118000 12.4300609510035 12.4691336070111 12.5704692098372 37.4696637678518
119000 12.5328817522326 12.6041026302507 12.6840346299478 37.8210190124311
120000 12.6381792825419 12.6952094777189 12.786899492124 38.1202882523848
121000 12.7447181223088 12.7903639729863 12.9085379497996 38.4436200450947
122000 12.838298329636 12.9202844202635 13.0108790943949 38.7694618442945
123000 12.9550306391747 13.0340648203134 13.1247698405917 39.1138653000798
124000 13.0588684974217 13.1488314171201 13.2186136345557 39.4263135490974
125000 13.1648052219658 13.2444415977405 13.3305005141265 39.7397473338329
126000 13.2626895511879 13.3572122817609 13.4567091435998 40.0766109765486
127000 13.3624472242888 13.4685980436035 13.5590062090398 40.3900514769321
128000 13.4261981348519 13.5781574441693 13.6629303910727 40.6672859700939
129000 13.5653234752837 13.6947910714884 13.7525385965377 41.0126531433098
130000 13.6686688933271 13.7870194927833 13.863132571273 41.3188209573833
131000 13.7674124714063 13.875044846062 13.9711422575905 41.6135995750588
132000 13.8835873960005 13.9877191087721 14.0805392087274 41.9518457135001
133000 13.9825749293763 14.0968110241183 14.1863015966657 42.2656875501603
134000 14.0802836109376 14.2214237197864 14.3097894639402 42.6114967946643
135000 14.1907248281079 14.3124405702901 14.4000943533479 42.9032597517459
136000 14.2990495628268 14.4223617008155 14.5146590859957 43.236070349638
137000 14.3896897936664 14.5232756039312 14.6159360021519 43.5289013997495
138000 14.5076222407011 14.6362656343481 14.7485589846301 43.8924468596794
139000 14.612549700812 14.7500238155924 14.8547580855144 44.2173316019187
140000 14.7162100172958 14.8423325551702 14.9485735830963 44.5071161555623
141000 14.833314601425 14.9555160449171 15.0688112734859 44.857641919828
142000 14.9123691294257 15.0697816125989 15.1818331172754 45.1639838592999
143000 15.0121661968992 15.1955178963622 15.2914998234549 45.4991839167163
144000 15.1240054616396 15.3052658783371 15.4027458233938 45.8320171633705
145000 15.2325797640987 15.3916222556543 15.5177344833631 46.1419365031161
146000 15.3494054847793 15.5179112779716 15.6500402975925 46.5173570603434
147000 15.460343746935 15.6217262567388 15.7490302362153 46.8311002398892
148000 15.5613773332893 15.7366235878386 15.8272732397709 47.1252741608989
149000 15.6628961318657 15.8369807163248 15.9410444918678 47.4409213400583
150000 15.7771181052374 15.9551279186915 16.0605250820224 47.7927711059513
151000 15.874656640575 16.046409138747 16.1654920434326 48.0865578227546
152000 15.995420373457 16.1572838858846 16.2975047232857 48.4502089826274
153000 16.1107298701561 16.3001037105996 16.403499241316 48.8143328220717
154000 16.2331505103259 16.3932429721044 16.4885047001352 49.1148981825654
155000 16.3353706654712 16.4731475388764 16.5867554710757 49.3952736754232
156000 16.4370035845621 16.5474730049213 16.684941817965 49.6694184074485
157000 16.5469434738827 16.6716682215778 16.8039854207839 50.0225971162444
158000 16.6616881624059 16.7865936010794 16.8996551234882 50.3479368869735
159000 16.7528906294344 16.8711951188319 17.0261030078193 50.6501887560856
160000 16.8641343660036 16.9985093949844 17.157591349909 51.020235110897
161000 16.979531627526 17.1127934219707 17.2832745277261 51.3755995772228
162000 17.0994560996107 17.225895055514 17.38929527181 51.7146464269348
163000 17.2125671076458 17.3257802363031 17.5001813676139 52.0385287115628
164000 17.3240202840808 17.4261070183953 17.6146409398054 52.3647682422814
165000 17.4445984363164 17.5252680788271 17.713619913348 52.6834864284915
166000 17.5274158819026 17.6383978003866 17.8320955434749 52.9979092257642
167000 17.6256662715767 17.7304938381326 17.9381250575255 53.2942851672349
168000 17.7334281484039 17.8588749712093 18.0544970434952 53.6468001631085
169000 17.8371948804178 17.9566887219472 18.2030091343106 53.9968927366755
170000 17.9253351988004 18.0553127866821 18.2784213493569 54.2590693348394
171000 18.0105967416614 18.1690116990407 18.3997281146535 54.5793365553556
172000 18.1060517812396 18.2697860594763 18.5059109989522 54.8817488396681
173000 18.1989277210693 18.3593377227301 18.6129517784076 55.1712172222071
174000 18.3006716937103 18.4678390537748 18.6909663065992 55.4594770540843
175000 18.436910395065 18.5748275287161 18.8155094248333 55.8272473486144
176000 18.5474509365769 18.6947804254734 18.9063549485057 56.148586310556
177000 18.6472434864928 18.790625259142 19.0148081576088 56.4526769032435
178000 18.7642608124331 18.9109034727033 19.1225973008041 56.7977615859405
179000 18.8514182403682 19.0145824121122 19.2402741232337 57.1062747757141
180000 18.9679279955843 19.0963265027797 19.3545881950685 57.4188426934325
181000 19.0785842140898 19.2188147840224 19.46996032285 57.7673593209622
182000 19.1842480663979 19.31386437325 19.5553354158561 58.0534478555041
183000 19.3085391163015 19.4351420364003 19.6911620452541 58.4348431979559
184000 19.3896717576593 19.5366605440521 19.7957483307311 58.7220806324424
185000 19.5052292255602 19.6494281844099 19.9312576920732 59.0859151020434
186000 19.6090711125261 19.7353247393946 20.0335989240992 59.3779947760199
187000 19.728116025646 19.8121697633881 20.132757208585 59.6730429976191
188000 19.8424722478824 19.9177464177415 20.2562460354979 60.0164647011218
189000 19.9186787725586 20.0427442655513 20.3794665956619 60.3408896337718
190000 20.0239080673382 20.1322969067768 20.4731595966322 60.6293645707472
191000 20.1316534175798 20.2513483545094 20.5803150493345 60.9633168214237
192000 20.2296708295728 20.3644961186766 20.6953351251524 61.2895020734018
193000 20.3209675826455 20.4830020871785 20.8065564143997 61.6105260842237
194000 20.4269982741196 20.5933241290334 20.8950501646082 61.9153725677612
195000 20.5162344994614 20.6805830751703 21.0065284345389 62.2033460091707
196000 20.6142169136461 20.796565034238 21.1129197515102 62.5237016993943
197000 20.7003938503614 20.9056866605918 21.210309481589 62.8163899925422
198000 20.8084963853724 21.0203279459168 21.3045116554032 63.1333359866924
199000 20.9117590365951 21.1135126289951 21.3989354578374 63.4242071234275
200000 21.0257700601441 21.2390193659244 21.5151493306841 63.7799387567526
201000 21.125973047874 21.3444384862161 21.6231636448987 64.0935751789887
202000 21.2126644594716 21.4491782302073 21.7492904358728 64.4111331255517
203000 21.3079551873801 21.5367103683107 21.8522227009652 64.696888256656
204000 21.4250949958287 21.6316601864812 21.9319798752149 64.9887350575248
205000 21.5171042258432 21.7319380850618 22.0465189009369 65.2955612118419
206000 21.6268761564649 21.8638974495895 22.1717909438474 65.6625645499018
207000 21.7346702154213 21.9393485183024 22.2842551226048 65.9582738563285
208000 21.8186862914228 22.0568716667655 22.3882424979567 66.2638004561451
209000 21.9344237557364 22.1572300393206 22.4836451736169 66.5752989686739
210000 22.030681123194 22.2434574386058 22.592838064594 66.8669766263937
211000 22.1545325354615 22.3433248592555 22.6901675066464 67.1880249013634
212000 22.2388393434332 22.4285257349639 22.8020280941787 67.4693931725758
213000 22.3263304632017 22.5460339388346 22.8914423460971 67.7638067481334
214000 22.423365530519 22.6735386083257 22.9913463060455 68.0882504448902
215000 22.5185732055548 22.7604214842197 23.1075421069757 68.3865367967501
216000 22.6531806698803 22.8529243209698 23.2361133377577 68.7422183286078
217000 22.7418039310134 22.9333207838249 23.3435276565077 69.0186523713461
218000 22.8472311883659 23.0388591605341 23.4466306233818 69.3327209722818
219000 22.93382220842 23.1492903536688 23.553834595856 69.6369471579448
220000 23.021613267831 23.2411352407498 23.6706662960515 69.9334148046324
221000 23.1505559496498 23.3764810119408 23.7547439137387 70.2817808753292
222000 23.288732037655 23.488635764633 23.8709613207782 70.6483291230661
223000 23.3862046057982 23.5909419119305 23.9805800410534 70.9577265587821
224000 23.5186291329744 23.6795981605467 24.0946356290364 71.2928629225575
225000 23.6178963176067 23.7918752028097 24.1900687895383 71.5998403099548
226000 23.7050694415228 23.915359727652 24.2810004640578 71.9014296332326
227000 23.8021755446692 24.0248604491494 24.409932253258 72.2369682470766
228000 23.9104467681358 24.1382859925746 24.4980356175142 72.5467683782247
229000 24.0270671139417 24.2621932856301 24.5870323195691 72.8762927191409
230000 24.1393650619116 24.3858000796247 24.7394740167891 73.2646391583254
231000 24.2616231572499 24.5069641977246 24.8556077758302 73.6241951308047
232000 24.3439189816334 24.6013761770403 24.9687378709821 73.9140330296558
233000 24.4868767917244 24.7178944346337 25.0715637449739 74.276334971332
234000 24.5819789015281 24.8195054800623 25.170410236522 74.5718946181124
235000 24.7051859323858 24.9372760691962 25.2793780728902 74.9218400744722
236000 24.8046161027105 25.0330917617006 25.3984212123237 75.2361290767348
237000 24.884910907164 25.1288918650847 25.5012673083805 75.5150700806292
238000 24.9878841499858 25.2248894386468 25.6039108229048 75.8166844115373
239000 25.1092994175824 25.3375897477723 25.7129363890102 76.1598255543649
240000 25.2473224002863 25.4496651305813 25.8256649835828 76.5226525144504
241000 25.3499183608597 25.5628717652489 25.8992207480829 76.8120108741914
242000 25.4543753385845 25.6778998062989 26.0376764693545 77.1699516142379
243000 25.560519985686 25.7675358953469 26.1428507944588 77.4709066754917
244000 25.6573557028048 25.8781028600895 26.2546439332035 77.7901024960979
245000 25.7581792158761 25.9933540163259 26.346142333003 78.097675565205
246000 25.8538528732418 26.106226641214 26.460415921482 78.4204954359378
247000 25.9587347634769 26.1974753948894 26.5850528760664 78.7412630344328
248000 26.0896960976056 26.3088552428339 26.6640525144011 79.0626038548406
249000 26.1906480983027 26.3900057357169 26.7683416492975 79.348995483317
250000 26.275597879653 26.492457484778 26.8417183390544 79.6097737034854
251000 26.3977706191883 26.5853652161611 26.9702004304871 79.9533362658365
252000 26.5013145092387 26.6942176917665 27.0748080495415 80.2703402505467
253000 26.5983096659491 26.8139935444026 27.2181326071187 80.6304358174704
254000 26.6930395066781 26.9391237608715 27.3291350333746 80.9612983009241
255000 26.8054984133824 27.0233809183186 27.434005274166 81.262884605867
256000 26.917633912161 27.1516666229456 27.5540020569895 81.6233025920961
257000 27.0205923257628 27.2657897283432 27.6495852779624 81.9359673320684
258000 27.1346368953522 27.350688822206 27.7603066673557 82.245632384914
259000 27.2347089252596 27.466908823703 27.8855078148539 82.5871255638164
260000 27.3360133020932 27.5628116958014 27.9991968018789 82.8980217997735
261000 27.4420652655386 27.6620008909702 28.098798651738 83.2028648082468
262000 27.5547999216778 27.8018630671412 28.2151640869991 83.5718270758181
263000 27.6585764973676 27.9313507526757 28.3102139526042 83.9001412026476
264000 27.7657912864378 28.021635516598 28.4321584510265 84.2195852540623
265000 27.8510970621215 28.1442750248607 28.5263676638278 84.52173975081
266000 27.9863513213542 28.2258365000485 28.6332145213493 84.8454023427519
267000 28.090107859122 28.3136127002837 28.7408184819887 85.1445390413945
268000 28.2192737492977 28.398624960055 28.8422439239097 85.4601426332624
269000 28.3312929912908 28.5194716617805 28.9610802426253 85.8118448956966
270000 28.4406719403794 28.609905797619 29.0780956871191 86.1286734251175
271000 28.5426557955707 28.7374289292705 29.1815088610962 86.4615935859374
272000 28.6523099160476 28.8304733026287 29.2692653165387 86.7520485352149
273000 28.7462850508469 28.9537965700117 29.3829889416415 87.0830705625001
274000 28.845766751971 29.0382502001967 29.4879950275626 87.3720119797302
275000 28.9336187759327 29.1414929824742 29.5792180520599 87.6543298104667
276000 28.9993930629049 29.238849493188 29.6870777394532 87.9253202955461
277000 29.1105201990525 29.3560791987625 29.7962390763836 88.2628384741986
278000 29.2300714638962 29.4543237264876 29.9018948057124 88.5862899960962
279000 29.3264648275854 29.5458782133499 30.0026382214329 88.8749812623682
280000 29.4257300642644 29.6587584625998 30.0972158379261 89.1817043647903
281000 29.5156579853308 29.719955453795 30.2202525609617 89.4558660000875
282000 29.6237601321607 29.8088828141584 30.3156318434317 89.7482747897508
283000 29.702813062315 29.9475413287133 30.4539977569192 90.1043521479475
284000 29.8131248004088 30.050445315241 30.5777900084251 90.4413601240749
285000 29.9349999348791 30.1613165254252 30.6826857391216 90.7790021994259
286000 30.0259625737094 30.2515964372227 30.75232629689 91.029885307822
287000 30.1204861963154 30.3840054864471 30.8611025156393 91.3655941984019
288000 30.2323706019308 30.4796275915497 30.992259286874 91.7042574803546
289000 30.3289764083776 30.5902224953098 31.0894436091805 92.0086425128679
290000 30.4184248320762 30.6675295633889 31.1937221578422 92.2796765533073
291000 30.5577898078163 30.7626961407541 31.3129984475508 92.6334843961212
292000 30.6554397702845 30.890163083947 31.4317317247237 92.9773345789552
293000 30.7530805430485 31.0037317081691 31.5143420879868 93.2711543392043
294000 30.8762359969066 31.1156107602896 31.6163972832593 93.6082440404555
295000 30.9817961281216 31.1882728582075 31.714363253995 93.884432240324
296000 31.0996133584894 31.2942268537161 31.7924589404878 94.1862991526934
297000 31.1954772246813 31.4017715812698 31.9283550965813 94.5256039025324
298000 31.3090720421999 31.4714131127502 32.0174036307495 94.7978887856996
299000 31.4106341675634 31.5870669416933 32.1329181620918 95.1306192713484
300000 31.5202255053445 31.7120033199671 32.2411650680257 95.4733938933373
301000 31.6298804938927 31.8271875999686 32.356355974442 95.8134240683033
302000 31.7188607020046 31.9382496513467 32.480402213768 96.1375125671192
303000 31.8296909255749 32.0391673601001 32.5886613406279 96.4575196263028
304000 31.9578964610615 32.165957703835 32.7463995804629 96.8702537453594
305000 32.073224357187 32.2543678706777 32.8544065977703 97.1819988256351
306000 32.192752189913 32.3656152459963 32.9763328301103 97.5347002660197
307000 32.2871520886263 32.4525314155793 33.0651442130013 97.8048277172069
308000 32.3878997704349 32.5552008764581 33.1972139844389 98.1403146313319
309000 32.4706043649495 32.6893989234909 33.2861608722017 98.4461641606421
310000 32.5735158944252 32.7519621251429 33.400455700197 98.7259337197652
311000 32.6922918790813 32.8416745500439 33.4913580519349 99.0253244810601
312000 32.7884622963635 32.9689852426391 33.5988940017378 99.3563415407404
313000 32.9227059053731 33.094401769141 33.6998659166142 99.7169735911284
314000 33.0183752696349 33.2028756483671 33.7938387397509 100.015089657753
315000 33.1362386969905 33.3127660630665 33.9110790853232 100.36008384538
316000 33.2149386256039 33.3983176086417 33.9979917105619 100.611247944808
317000 33.3168386023584 33.4865187526307 34.0959851766774 100.899342531667
318000 33.4329064063406 33.6036072259463 34.2071276065367 101.243641238824
319000 33.542902646465 33.7038492693885 34.3081919764414 101.554943892295
320000 33.6242324370574 33.8178304275266 34.4146741509098 101.856737015494
321000 33.7504764794045 33.8875298768968 34.514622745368 102.152629101669
322000 33.8736859845942 33.9937210329608 34.6396298228331 102.507036840388
323000 33.9695074733225 34.0770879638996 34.7136249599888 102.760220397211
324000 34.091687821205 34.1942695642419 34.8022308517639 103.088188237211
325000 34.1724761129825 34.3019427535708 34.8935872637309 103.368006130284
326000 34.2913106451906 34.3924835059877 34.9664560434205 103.650250194599
327000 34.3904327041544 34.4833124743394 35.1046812583574 103.978426436851
328000 34.4911142634893 34.5784111974072 35.2421152600907 104.311640720987
329000 34.5559399042105 34.6807047895091 35.3356705862907 104.57231528001
330000 34.6592623622556 34.7686464471136 35.4271499083687 104.855058717738
331000 34.7651600387721 34.8945069695692 35.5228445917552 105.182511600097
332000 34.8599882484718 34.9703155220887 35.667066269149 105.497370039709
333000 34.9558839371933 35.0897227730561 35.7975793615328 105.843186071782
334000 35.0706784120839 35.1757092326361 35.8881065644204 106.13449420914
335000 35.1950093480086 35.2604666827993 35.9950082241101 106.450484254918
336000 35.3154647044267 35.3801844924635 36.066276072399 106.761925269289
337000 35.4020189388848 35.4807392982879 36.1769754871468 107.05973372432
338000 35.4968050801289 35.612167936779 36.2657349532173 107.374707970125
339000 35.6136358413632 35.7179547469846 36.3942327730457 107.725823361394
340000 35.6887986987627 35.8308273423868 36.4993940426057 108.019020083755
341000 35.8052950176474 35.9387785355726 36.6062503259195 108.35032387914
342000 35.9223069417117 36.0375752726573 36.7306459596735 108.690528174042
343000 36.0461223347935 36.1359121810635 36.8280187246587 109.010053240516
344000 36.1335592276098 36.2148805355132 36.9506686822323 109.299108445355
345000 36.2723860286183 36.3356062225884 37.0320282154314 109.640020466638
346000 36.3458791980958 36.4426268247086 37.1564193944858 109.94492541729
347000 36.4397048733851 36.5259192444835 37.2533841735816 110.21900829145
348000 36.5028264929581 36.6338161742507 37.3563476245083 110.492990291717
349000 36.6112040404714 36.7585138982254 37.4664200111835 110.83613794988
350000 36.7021806731687 36.8739040375229 37.5805259647086 111.1566106754
351000 36.7872604436641 37.0182197389979 37.7279853907529 111.533465573415
352000 36.8886676432499 37.1107679302611 37.8168004143501 111.816235987861
353000 36.9778573080797 37.1884964001637 37.9083796005878 112.074733308831
354000 37.0830664063773 37.2895640447014 38.0267035948527 112.399334045931
355000 37.1731198065456 37.3977608176303 38.1292511227713 112.700131746947
356000 37.2771415455813 37.4768000781324 38.228270437228 112.982212060942
357000 37.393792111657 37.6006783961397 38.3372767252479 113.331747233045
358000 37.4781271869897 37.6976521088676 38.4137398428099 113.589519138667
359000 37.6071011236549 37.8400119413081 38.5319788117855 113.979091876748
360000 37.6969050384475 37.8956131693801 38.6433497815532 114.235867989381
361000 37.782269363439 37.995596864369 38.7620033245918 114.5398695524
362000 37.9073810895037 38.0792504946606 38.8661698352629 114.852801419427
363000 37.9877717138616 38.194992730491 38.9634478686986 115.146212313051
364000 38.0928895838332 38.3031532825906 39.050452675484 115.446495541908
365000 38.2151077528554 38.4152951590888 39.1870415523148 115.817444464259
366000 38.3253859719133 38.5205136682784 39.2839867898296 116.129886430021
367000 38.4232224858849 38.6276460867691 39.3939423740736 116.444810946728
368000 38.5106370110765 38.7385285409012 39.489559549466 116.738725101444
369000 38.6099414236577 38.7895156859989 39.6000539053835 116.99951101504
370000 38.6662008824488 38.9071211916866 39.7323667016899 117.305688775825
371000 38.8068605577396 39.0467842881763 39.8278719917811 117.681516837697
372000 38.9025210225963 39.1690516841481 39.924611051781 117.996183758525
373000 39.0012712589239 39.2682290625129 40.0423584898355 118.311858811272
374000 39.1266019434812 39.3706346556563 40.1598563287943 118.657092927932
375000 39.2362818915964 39.4600056495572 40.2874337507421 118.983721291896
376000 39.3328655756606 39.553874179475 40.3917174953266 119.278457250462
377000 39.4167393046618 39.6511998779359 40.4799280261884 119.547867208786
378000 39.5147851217954 39.7356659710953 40.5895777562777 119.840028849168
379000 39.602875591867 39.8689712291119 40.6981692270046 120.170016047984
380000 39.7232726352846 39.977504019141 40.8334978209417 120.534274475367
381000 39.819133542996 40.0701916232449 40.9304662457408 120.819791411982
382000 39.9276302118532 40.1531268372102 41.0164752712606 121.097232320324
383000 40.0500111167561 40.2367463129639 41.1424259598954 121.429183389615
384000 40.1420532958565 40.3145243885198 41.2174731372791 121.674050821655
385000 40.2393476171762 40.4550233721258 41.3596170077118 122.053987997014
386000 40.362468257079 40.5620721620734 41.4547921020869 122.379332521239
387000 40.4613433958433 40.6631467985869 41.5610487577239 122.685538952154
388000 40.5827555908742 40.7860237546401 41.6673779033111 123.036157248825
389000 40.6835823433315 40.8925017499367 41.7936766599365 123.369760753205
390000 40.7874825257951 40.9715743684843 41.8853544317084 123.644411325988
391000 40.9100280905775 41.073672980146 42.0010125534442 123.984713624168
392000 41.0026264771355 41.1917662731803 42.1129299518584 124.307322702174
393000 41.0830029761891 41.3022510519851 42.1916473694091 124.576901397583
394000 41.1972710837516 41.4137553392525 42.2965869567823 124.907613379786
395000 41.2931572333039 41.529883527677 42.4150613132977 125.238102074279
396000 41.3783295103455 41.6054644885415 42.5429799469653 125.526773945852
397000 41.4871770138232 41.7008143733709 42.6473357673667 125.835327154561
398000 41.5497932429062 41.8079523020078 42.7469562673144 126.104701812228
399000 41.6468300784336 41.8966466811615 42.8490468429847 126.39252360258
400000 41.7463757121674 41.9706537833969 42.9780734678807 126.695102963445
401000 41.8734059246077 42.1057784321246 43.0692983610204 127.048482717753
402000 41.9842585608157 42.1838805536577 43.1446631643143 127.312802278788
403000 42.1038671166177 42.3051320472343 43.265970470053 127.674969633905
404000 42.2328777267481 42.4287988006203 43.3524611918183 128.014137719187
405000 42.3494310105586 42.5201146140438 43.4648659552663 128.334411579869
406000 42.446151364063 42.6189408167676 43.5648904424605 128.629982623291
407000 42.5603750045984 42.7405356812328 43.6874030098435 128.988313695675
408000 42.6602732807436 42.8568244975721 43.8147113606984 129.331809139014
409000 42.7864971799843 42.9327678875865 43.9408994557914 129.660164523362
410000 42.8898279091446 43.0770219221978 44.0739519383947 130.040801769737
411000 43.0130006314549 43.2008044175439 44.190413885314 130.404218934313
412000 43.1436639668949 43.2882580184803 44.2953796635747 130.72730164895
413000 43.2442515464781 43.3936815743363 44.4603047963579 131.098237917172
414000 43.3056875791267 43.5054393548305 44.5429527748821 131.354079708839
415000 43.4165398699421 43.6056882807135 44.6692696492161 131.691497799872
416000 43.5449483477249 43.7327645314656 44.7681494448597 132.04586232405
417000 43.6337214398916 43.8266899076513 44.8777811310477 132.338192478591
418000 43.7298916646484 43.9306088120122 44.9628220483307 132.623322524991
419000 43.8068451444885 44.0149078698057 45.075714933782 132.897467948076
420000 43.9246986616642 44.1336394421829 45.1838162573723 133.242154361219
421000 44.0233872867441 44.2282973501628 45.3117251488789 133.563409785786
422000 44.0835364022689 44.3529187252838 45.3683504015565 133.804805529109
423000 44.1787930874393 44.4320831438699 45.488898638482 134.099774869791
424000 44.2822668124941 44.5380927533401 45.5743942520888 134.394753817923
425000 44.3894433352557 44.6149728410246 45.7182384013369 134.722654577617
426000 44.472266007275 44.7360061236463 45.8401116137648 135.048383744686
427000 44.5984802226212 44.8186661426606 45.9401787057655 135.357325071047
428000 44.7077410083568 44.9075237334322 46.0486111011592 135.663875842948
429000 44.813231952589 45.0068353766321 46.1415256414105 135.961592970632
430000 44.9229949969598 45.0902444127173 46.2577108743206 136.270950283998
431000 45.027919787816 45.1870241741763 46.3275371060496 136.542481068042
432000 45.1366376960507 45.3055945700236 46.4163023312734 136.858534597348
433000 45.2433853394847 45.405600467637 46.557476815637 137.206462622759
434000 45.3514254545573 45.5252771526943 46.6579887580155 137.534691365267
435000 45.4677567734506 45.6158093206752 46.7523934228797 137.835959517006
436000 45.5658438402503 45.7087523005634 46.8674171396311 138.142013280445
437000 45.6281278134373 45.7906947419468 46.9658329024227 138.384655457807
438000 45.7259509355418 45.8855306652131 47.058137501676 138.669619102431
439000 45.8157929117011 45.9584372139895 47.1896254287841 138.963855554475
440000 45.9032517478179 46.0647432950204 47.2840978805477 139.252092923386
441000 46.0054921944859 46.1626472679693 47.3648761709272 139.533015633382
442000 46.1160834829292 46.2604149160411 47.4828637917331 139.859362190703
443000 46.2228910573424 46.3193418203748 47.5880703232355 140.130303200953
444000 46.3417190967921 46.4509987160904 47.718251911674 140.510969724556
445000 46.4466403938805 46.5640314405121 47.797087645687 140.80775948008
446000 46.5407789429859 46.669212440249 47.9530052384352 141.16299662167
447000 46.6581186075958 46.757850338069 48.0511090042223 141.467077949887
448000 46.7729535740955 46.8627542729941 48.1894767405259 141.825184587615
449000 46.8685671868641 46.9887619334585 48.2753888457851 142.132717966108
450000 46.9449734856187 47.0529354203128 48.3695228505788 142.36743175651
451000 47.0568286130544 47.1774518293379 48.4561849377236 142.690465380116
452000 47.1568763862002 47.3075733993346 48.5948220000492 143.059271785584
453000 47.2726049696757 47.3868101346988 48.7192799435523 143.378695047927
454000 47.3636721338547 47.4927535318299 48.8190320715508 143.675457737235
455000 47.4827350022737 47.6113249948485 48.9287949931927 144.022854990315
456000 47.5745136579259 47.7459706959889 49.0065732444643 144.327057598379
457000 47.6702765817649 47.8481790079566 49.1377820565969 144.656237646318
458000 47.7465407915668 47.9162255327379 49.2040871979536 144.866853522258
459000 47.8381154005 48.0342498039947 49.352752133241 145.225117337736
460000 47.9673023503615 48.130393267561 49.4442381159335 145.541933733856
461000 48.0477740074808 48.260653411898 49.5598174826057 145.868244901984
462000 48.1423233554081 48.3355568532949 49.6821805966717 146.160060805375
463000 48.233767444911 48.4514455347576 49.7756704024141 146.460883382083
464000 48.3525871023898 48.525186068979 49.857566325469 146.735339496838
465000 48.4538394844913 48.6541050369664 49.9623502817771 147.070294803235
466000 48.5468119665897 48.7571847011729 50.0761925556316 147.380189223394
467000 48.6240072798404 48.8456941626753 50.1815948434381 147.651296285954
468000 48.7232760255944 48.9736529596256 50.2484265740464 147.945355559266
469000 48.8409528759323 49.0585084387317 50.3581299566951 148.257591271359
470000 48.9737650262859 49.1942002519067 50.4738592327161 148.641824510909
471000 49.0365635197951 49.3268934501327 50.58296888483 148.946425854758
472000 49.1400429410864 49.4216814150247 50.6646774147915 149.226401770903
473000 49.2438840227417 49.5355410251592 50.7684664614975 149.547891509398
474000 49.3504686231876 49.6545695196508 50.881559280421 149.886597423259
475000 49.4638114567461 49.7491544891926 50.9813808035783 150.194346749517
476000 49.5444168516882 49.876370236013 51.1068303118019 150.527617399503
477000 49.6631827359015 49.9784711697483 51.1802383604231 150.821892266073
478000 49.7531263625552 50.0945986455401 51.2794371998173 151.127162207913
479000 49.8461557245996 50.1723615929908 51.4047140042597 151.42323132185
480000 49.9756900320283 50.2696676122242 51.4867506273931 151.732108271646
481000 50.0809191964652 50.3913969175518 51.5890592967491 152.061375410766
482000 50.2183417464498 50.4770448562053 51.7030557362377 152.398442338893
483000 50.3149153859536 50.5650186145309 51.8073985851443 152.687332585629
484000 50.454704867802 50.6991120063293 51.9209930600985 153.07480993423
485000 50.4825332095733 50.8092073489808 51.998944293403 153.290684851957
486000 50.6237232567405 50.9157141759214 52.1268885666904 153.666325999352
487000 50.7299808487831 51.0343751683714 52.2166495263989 153.981005543553
488000 50.8251634195786 51.1003308883487 52.3592686516604 154.284762959588
489000 50.9174275699623 51.2136245250977 52.4491794552143 154.580231550274
490000 50.9759109575952 51.3422313678344 52.536264922517 154.854407247947
491000 51.1013038756709 51.425895373919 52.6700411032952 155.197240352885
492000 51.1755308285642 51.534608521001 52.7407448592319 155.450884208797
493000 51.2655164541542 51.6114187044465 52.8345100416012 155.711445200202
494000 51.3487985596029 51.727243625139 52.9596470806032 156.035689265345
495000 51.4583555741876 51.8278726974493 53.0676494811086 156.353877752745
496000 51.5484295194493 51.9337697655666 53.1885392775346 156.670738562551
497000 51.6770652359924 52.0439567866437 53.2863864377475 157.007408460384
498000 51.7735507574556 52.1522310315625 53.3663567722535 157.292138561272
499000 51.9026443410465 52.2576992857262 53.4572953319025 157.617638958675
500000 51.9708618000364 52.3539027757363 53.5872130534687 157.911977629241
501000 52.0937521903153 52.4591994471194 53.6924110110757 158.24536264851
502000 52.1963404165536 52.5571564166368 53.8125108646096 158.5660076978
503000 52.2893620890345 52.6468672097339 53.9211830856216 158.85741238439
504000 52.3897853992829 52.7889681749992 54.0074611323119 159.186214706594
505000 52.4626595991226 52.8940318226035 54.0973353846901 159.454026806416
506000 52.5960732689088 52.9942652504501 54.2125834512299 159.802921970589
507000 52.7293158338235 53.0840766882606 54.3091155033473 160.122508025431
508000 52.8202574446713 53.2197162506614 54.4515612414734 160.491534936806
509000 52.9184119730442 53.3036353466939 54.5625644347568 160.784611754495
510000 52.9847765116139 53.4143576614031 54.6730321588189 161.072166331836
511000 53.0800541225338 53.5097043997856 54.7704755537654 161.360234076085
512000 53.1739008704482 53.613894567757 54.9245036823013 161.712299120506
513000 53.2504713747608 53.7021113998616 55.0139340429453 161.966516817568
514000 53.3654428993916 53.7959712506093 55.1174003353842 162.278814485385
515000 53.4870013326376 53.8985608606303 55.1607774067051 162.546339599973
516000 53.553326278376 53.9676810274332 55.2725133730047 162.793520678814
517000 53.6668237158553 54.0869667753914 55.3892244877259 163.143014978973
518000 53.7667655425003 54.1855873521819 55.5090293560299 163.461382250712
519000 53.8791633566144 54.315620521436 55.6268039206092 163.82158779866
520000 53.9879905666657 54.4220974102073 55.7076468885439 164.117734865417
521000 54.0811979650285 54.5101685536582 55.8027201465806 164.394086665267
522000 54.1820719866485 54.5872216404992 55.8969158521912 164.666209479339
523000 54.2592031918125 54.6985591932782 56.0288421271338 164.986604512225
524000 54.3948498719515 54.7783616596637 56.1525468418212 165.325758373436
525000 54.5166720267157 54.8852046772849 56.2788589090327 165.680735613033
526000 54.5723783852923 54.9799222856618 56.4038237148542 165.956124385808
527000 54.6858570761571 55.045456401719 56.4848299107602 166.216143388636
528000 54.7806374949696 55.171267215627 56.6238281176538 166.57573282825
529000 54.876662476244 55.2503602764433 56.7162348606163 166.843257613304
530000 54.9778585217814 55.3443663702492 56.8549782228375 167.177203114868
531000 55.121294431529 55.4898569026213 56.8902455843276 167.501396918478
532000 55.1694481034169 55.564642839771 57.0311281854092 167.765219128597
533000 55.2850043200106 55.6518264722152 57.1153117527207 168.052142544946
534000 55.3861089304662 55.7778297202347 57.198576020559 168.36251467126
535000 55.5059566801859 55.8309360718898 57.280344108281 168.617236860357
536000 55.5742300196586 55.9541260024689 57.4019098874511 168.930265909579
537000 55.666447782218 56.0232070677581 57.5219598212934 169.211614671269
538000 55.7789949347708 56.1347246348339 57.6186803198563 169.532399889461
539000 55.8698705051297 56.243613166751 57.7264742323794 169.83995790426
540000 55.9744221609163 56.3607322423716 57.8435119660094 170.178666369297
541000 56.0667254179064 56.4585081806428 57.9463327238729 170.471566322422
542000 56.1923422267976 56.5690780148146 58.0767764423619 170.838196683974
543000 56.284281900762 56.6934165294503 58.194611253955 171.172309684167
544000 56.36192273465 56.7784690732542 58.2910337982526 171.431425606157
545000 56.4556541899297 56.9175321130831 58.3901117208411 171.763298023854
546000 56.5714621368818 56.9867161906355 58.5188510694817 172.077029396999
547000 56.6650119303267 57.1074512843566 58.6091248780467 172.38158809273
548000 56.7740787452116 57.2095323340132 58.7536407008765 172.737251780101
549000 56.8757380153756 57.3031357463905 58.8684998467586 173.047373608525
550000 56.9775504102015 57.4017891683144 58.9594001657241 173.33873974424
551000 57.0540154680559 57.5057051723928 59.0832981324599 173.643018772909
552000 57.1807084297366 57.6066539781271 59.1619877210016 173.949350128865
553000 57.2712530728647 57.7313568725004 59.2571998006978 174.259809746063
554000 57.3741923189465 57.8300552046591 59.3650287250209 174.569276248626
555000 57.4728104276988 57.9365479625937 59.459769528429 174.869127918721
556000 57.5839167928539 58.0434019680599 59.5823299129803 175.209648673894
557000 57.6563518412631 58.1458050219576 59.7145140252052 175.516670888426
558000 57.7643540794611 58.2328339677107 59.8298516415664 175.827039688738
559000 57.8819288407912 58.3644460574163 59.9438505944087 176.190225492616
560000 58.0057150848679 58.4574042955461 60.0350355676626 176.498154948077
561000 58.1057750792293 58.5136552777922 60.1133062160752 176.732736573097
562000 58.2189420670938 58.6025721636763 60.2250650958219 177.046579326592
563000 58.2833613685799 58.686416772874 60.3681959121398 177.337974053594
564000 58.4162279194474 58.8186028830986 60.493740486097 177.728571288643
565000 58.5019325452559 58.9070640734693 60.5935988868683 178.002595505594
566000 58.6023379982536 59.0163422602111 60.6986703592347 178.317350617699
567000 58.7126195666213 59.1272651930167 60.7695197527879 178.609404512426
568000 58.8278376326692 59.2071211386295 60.8646908827959 178.899649654095
569000 58.9143680684318 59.3557648790303 60.9994792263554 179.269612173818
570000 59.0152491134335 59.4220517059444 61.0840488703375 179.521349689715
571000 59.1101100877652 59.5417854124563 61.1776894162642 179.829584916486
572000 59.1889215032214 59.6658075452342 61.3199412679806 180.174670316436
573000 59.3218478298234 59.7800256081507 61.4278666205372 180.529740058511
574000 59.3928437802575 59.8607189218833 61.5045566722115 180.758119374352
575000 59.4514071214932 59.9420715244767 61.5962473941131 180.989726040083
576000 59.5779801746807 60.043534331193 61.6975520064239 181.319066512298
577000 59.6421647443791 60.1298926418884 61.8236076332755 181.595665019543
578000 59.7205056433261 60.21686676526 61.9001627027127 181.837535111299
579000 59.8251944325569 60.3083337149145 61.9833559393829 182.116884086854
580000 59.9515499229648 60.4367390037938 62.0919880545974 182.480276981356
581000 60.0153819035109 60.5216885618556 62.165101221273 182.70217168664
582000 60.0908745260818 60.6039560583666 62.3173433054743 183.012173889923
583000 60.1545333882755 60.6964795573292 62.4321431883869 183.283156133992
584000 60.2820159925393 60.8172213237018 62.5396208654605 183.638858181702
585000 60.3685490063249 60.9382518605061 62.6190104124449 183.925811279276
586000 60.4653143505961 61.0417361035059 62.7166298598217 184.223680313924
587000 60.5730083325224 61.1537143905015 62.839883454777 184.566606177801
588000 60.6663181457853 61.2415194679494 62.9393358582714 184.847173472006
589000 60.7503692219264 61.3437414893777 63.0754136961225 185.169524407427
590000 60.8675272949861 61.449634905272 63.1800913383363 185.497253538594
591000 60.9824897699524 61.5361273172192 63.2480560281719 185.766673115343
592000 61.0804679889168 61.6602528197203 63.3797358277124 186.120456636349
593000 61.2052018717667 61.7600634297486 63.4664974066541 186.431762708169
594000 61.2912082847009 61.8517694801855 63.560785910834 186.70376367572
595000 61.3762885615291 61.9494354368641 63.6908938637367 187.01661786213
596000 61.4898494148756 62.008651576332 63.7823259086063 187.280826899814
597000 61.5715195550899 62.1244519717605 63.8747445163658 187.570716043216
598000 61.6896473185173 62.2126685814577 63.9550938730498 187.857409773025
599000 61.8124936387659 62.287778398086 64.0578884961875 188.158160533039
600000 61.9043320300195 62.4067464508702 64.2022712533826 188.513349734272
601000 61.9701196213888 62.4969529756916 64.3034576847191 188.7705302818
602000 62.0819142895623 62.5876383397037 64.4095190914201 189.079071720686
603000 62.2185907139206 62.6866377195213 64.5370290792674 189.442257512709
604000 62.318935716678 62.835106970537 64.6385028589083 189.792545546123
605000 62.3947148939901 62.9030001427387 64.7038427272435 190.001557763972
606000 62.4571231842504 62.9963497519589 64.8541835844336 190.307656520643
607000 62.5546590527307 63.0908149411799 64.9631894889882 190.608663482899
608000 62.6521053437542 63.1815269297751 65.0937053580946 190.927337631624
609000 62.7338516220754 63.2966936471951 65.226155237629 191.2567005069
610000 62.8921998026109 63.4022527177559 65.3674128674545 191.661865387821
611000 63.0096851590189 63.5281440342084 65.4562284054692 191.994057598697
612000 63.1243550249448 63.6077418957843 65.590042688239 192.322139608968
613000 63.200549887356 63.6993626229261 65.6807629299742 192.580675440256
614000 63.3362996358253 63.7961349706377 65.7512566006043 192.883691207067
615000 63.4151415308 63.9092847294904 65.8980138499514 193.222440110242
616000 63.539812175779 64.0099842397655 65.9489708611222 193.498767276667
617000 63.6155807099605 64.0971182534564 66.0673211749906 193.780020138407
618000 63.6930840527036 64.2056120034072 66.1892125321024 194.087908588213
619000 63.8080507681487 64.2785081626055 66.3197438362209 194.406302766975
620000 63.9131321608095 64.3726025099178 66.4014749980601 194.687209668787
621000 64.0274039656995 64.4999187889564 66.5352633483829 195.062586103039
622000 64.115191780639 64.6199199011752 66.6586152080884 195.393726889903
623000 64.2376951168448 64.7197809350029 66.7146021537249 195.672078205573
624000 64.3332746725708 64.8356273914151 66.8984275726158 196.067329636602
625000 64.4556351231376 64.9355150592542 66.9574019719893 196.348552154381
626000 64.5444596566766 65.0168442608654 67.0704016932902 196.631705610832
627000 64.6418365156632 65.0977152420784 67.190200049657 196.929751807399
628000 64.6960445671472 65.2177710318684 67.3153591263929 197.229174725408
629000 64.7883707822174 65.3313257596849 67.3739138213487 197.493610363251
630000 64.9268186358816 65.4797133222422 67.4873871601544 197.893919118278
631000 65.0224825728675 65.5608070757499 67.6063614529329 198.18965110155
632000 65.1499667537323 65.6560151989007 67.7222068607823 198.528188813415
633000 65.2405565753169 65.7793168385912 67.8032373526869 198.823110766595
634000 65.3622943961695 65.8936355521067 67.8856078316968 199.141537779973
635000 65.4560684792866 65.9850013952916 67.984130763023 199.425200637601
636000 65.557064334643 66.0601792795369 68.0714430529977 199.688686667178
637000 65.7186209148815 66.1546769470609 68.1885265276154 200.061824389558
638000 65.7767324631222 66.2796256433279 68.3062272689811 200.362585375431
639000 65.8863457561845 66.3922441173358 68.4075496828172 200.686139556337
640000 65.9210320307768 66.4546206611163 68.5117357186039 200.887388410497
641000 66.0182815312326 66.5736170477237 68.6276583655905 201.219556944547
642000 66.1265172318785 66.6900977835816 68.7244518725057 201.541066887966
643000 66.1893999503445 66.8033737226619 68.8583788585892 201.851152531596
644000 66.2838614540579 66.8803103024961 68.9435704614214 202.107742217975
645000 66.4276646983793 67.0059880402243 69.0731715635331 202.506824302137
646000 66.5080877918995 67.0874808175988 69.2198157048245 202.815384314323
647000 66.6027157707977 67.2044931024125 69.3116853352437 203.118894208454
648000 66.7583926866648 67.2885545911719 69.4309582575476 203.477905535384
649000 66.8738160974715 67.4077674013698 69.5002821220475 203.781865620889
650000 66.9667153150876 67.4798945971133 69.5970001170836 204.043610029285
651000 67.0633570928125 67.5448502544309 69.6828626129458 204.291069960189
652000 67.1455867709885 67.6399836154292 69.8125357594427 204.59810614586
653000 67.2742728127623 67.7389324695396 69.8929393974753 204.906144679777
654000 67.3737092424276 67.849301770526 69.9738619119795 205.196872924933
655000 67.4818477301436 67.9734333086098 70.1362990253095 205.591580064063
656000 67.5760373989638 68.1008114475476 70.2286202162767 205.905469062788
657000 67.6867682049326 68.223724031041 70.2992980254804 206.209790261454
658000 67.7612294423713 68.3263604756187 70.4107227756719 206.498312693662
659000 67.8580309160732 68.4597039106826 70.5437078081961 206.861442634952
660000 67.9703639037131 68.538015087749 70.6515325768035 207.159911568266
661000 68.0684475991268 68.5904877927236 70.7494692723834 207.408404664234
662000 68.1685001829389 68.7190601718176 70.8626649604169 207.750225315173
663000 68.2364562837621 68.8432678556195 70.9188126147817 207.998536754163
664000 68.3484806764839 68.9121170477591 71.0327806750374 208.29337839928
665000 68.4130538079889 68.9947674443794 71.183857939154 208.591679191522
666000 68.4911709521095 69.1033226110204 71.2857846843779 208.880278247508
667000 68.6059515372685 69.2209936657524 71.3498990687041 209.176844271725
668000 68.6791471464423 69.3145381004053 71.4517801025084 209.445465349356
669000 68.7568906154914 69.3941139807939 71.5826263780553 209.733630974341
670000 68.8825970776755 69.4810397359799 71.6551301715402 210.018766985196
671000 69.0221113745141 69.5593268585268 71.7492005623645 210.330638795405
672000 69.09364417034 69.6373638665763 71.8221135308965 210.553121567813
673000 69.2096217819334 69.7720600271647 71.9466055408137 210.928287349912
674000 69.3199857333441 69.8838297961618 72.066884372748 211.270699902254
675000 69.3701708902864 69.9813987418179 72.1857336880061 211.53730332011
676000 69.4995754832936 70.0976088687154 72.2559733111897 211.853157663199
677000 69.6215602728636 70.2006082906905 72.3586811057099 212.180849669264
678000 69.7229212991634 70.3229447935388 72.4760704773529 212.521936570055
679000 69.7897933314254 70.4066065683267 72.550188733897 212.746588633649
680000 69.9176823151797 70.5411121871947 72.6607246784758 213.11951918085
681000 70.0013291227456 70.6586606061007 72.74192653121 213.401916260056
682000 70.1374119449375 70.7744973531494 72.9025540572683 213.814463355355
683000 70.2746948980813 70.8607237330552 73.0067011784993 214.142119809636
684000 70.3578517250818 70.9807028574262 73.1508536862992 214.489408268807
685000 70.4551402486103 71.1047741082512 73.259255868754 214.819170225616
686000 70.5636385907468 71.2363065727016 73.359557058506 215.159502221954
687000 70.6197142406893 71.3158375080534 73.4660096437173 215.40156139246
688000 70.7411003343973 71.4131624375527 73.5730004407318 215.727263212682
689000 70.8547444419821 71.5098150121705 73.6796158717025 216.044175325855
690000 70.9449790049277 71.5663004861036 73.7879444857996 216.299223976831
691000 71.0537737136232 71.6848638462921 73.870485360198 216.609122920113
692000 71.141197195431 71.7430913144915 73.9835284717128 216.867816981635
693000 71.2493851932579 71.8569096615912 74.1026857157528 217.208980570602
694000 71.3381833094902 71.9551839313824 74.1936488614087 217.487016102281
695000 71.4438154824002 72.0632799252718 74.310778746161 217.817874153833
696000 71.5069066475848 72.1572538278331 74.4151926378484 218.079353113266
697000 71.6255958173684 72.2654131097695 74.5484253286052 218.439434255743
698000 71.7217470457934 72.3776882590994 74.6304821750316 218.729917479924
699000 71.7789061679143 72.4758928673708 74.7259247392539 218.980723774539
700000 71.8668216561582 72.5825434094992 74.8225650139428 219.2719300796
701000 72.0284312728767 72.7002551417979 74.8830118797048 219.611698294379
702000 72.0979650243242 72.8020970502893 75.0095244281992 219.909586502813
703000 72.1774754808965 72.8859498440116 75.109667812145 220.173093137053
704000 72.278271236229 72.9950511935781 75.2299064520805 220.503228881888
705000 72.4073854905697 73.1061701221668 75.3383843949209 220.851940007657
706000 72.5606176890747 73.1748390473101 75.4387591869026 221.174215923287
707000 72.6262940215974 73.3010263088192 75.5483892343414 221.475709564758
708000 72.7468128194517 73.3792858408799 75.65433783327 221.780436493602
709000 72.8290901839917 73.4595549218593 75.7841578089963 222.072802914847
710000 72.9660589818192 73.561123680265 75.8558969618363 222.38307962392
711000 73.0252962263721 73.6512973511754 75.9491537003948 222.625747277942
712000 73.1673530443222 73.7441338661955 76.0957606828449 223.007247593363
713000 73.2364913052689 73.8327013996708 76.1782561288318 223.247448833772
714000 73.3574798945934 73.925626664612 76.29608073152 223.579187290725
715000 73.3948821439211 74.0135276881501 76.3823912500613 223.790801082132
716000 73.5145040258741 74.0996586902705 76.4682827794212 224.082445495566
717000 73.6543479163714 74.2331345560417 76.5355021761743 224.422984648587
718000 73.7567083209426 74.3011316518955 76.6609562115368 224.718796184375
719000 73.888806494134 74.3930765940947 76.7501626834876 225.032045771716
720000 73.972918444998 74.5035423715933 76.8521092944725 225.328570111064
721000 74.0791405630788 74.6521075877539 76.9052550210753 225.636503171908
722000 74.1883918706569 74.7430163057121 76.9826221345299 225.914030310899
723000 74.3091982551049 74.7966092648274 77.0771836441978 226.18299116413
724000 74.4193146867369 74.8951115312706 77.22095338615 226.535379604157
725000 74.4891982449369 74.9888626569884 77.3071304810047 226.78519138293
726000 74.6314301584428 75.050982536849 77.3866708481242 227.069083543416
727000 74.7179546460149 75.1380280024262 77.4787317146824 227.334714363124
728000 74.8784649330118 75.2880408517578 77.5884744779219 227.754980262692
729000 74.9376845608274 75.3599000087889 77.714990026036 228.012574595652
730000 75.0569340689807 75.4891940499589 77.7565274684946 228.302655587434
731000 75.1782962617981 75.5717233334149 77.8644286743284 228.614448269541
732000 75.2979525677806 75.6626296421695 77.971948788778 228.932530998728
733000 75.4253364687445 75.7532816234487 78.0332177822745 229.211835874468
734000 75.5110611556638 75.8619583976682 78.120226227735 229.493245781067
735000 75.5930441174193 75.9560308752457 78.2471304406705 229.796205433336
736000 75.678568461388 76.0361330364942 78.3263705949861 230.041072092868
737000 75.7486939307416 76.1543432475745 78.4325162489314 230.335553427248
738000 75.8606118982507 76.2140818413885 78.5479830942463 230.622676833885
739000 75.9296316936849 76.3138473166698 78.629320759243 230.872799769598
740000 76.0218749304304 76.3966608214919 78.7564884758007 231.175024227723
741000 76.0979341640862 76.4607851080528 78.8567745942483 231.415493866387
742000 76.213432850112 76.5460291398451 78.9648371120071 231.724299101964
743000 76.3509182281812 76.6394684376168 79.0507936791551 232.041180344953
744000 76.4213008963612 76.7366699943353 79.1458675769817 232.303838467678
745000 76.559138864968 76.833739665258 79.2326165201956 232.625495050422
746000 76.6603722275903 76.9408168502606 79.332245744249 232.9334348221
747000 76.7446217004279 77.0306837957507 79.4650822013423 233.240387697521
748000 76.8768208391839 77.1528365416738 79.5881574107542 233.617814791612
749000 76.9565524016133 77.2632892947687 79.6912945858062 233.911136282188
750000 77.0659195729944 77.3484863003518 79.712132459067 234.126538332413
751000 77.1761099491382 77.5127066586319 79.8224363239203 234.51125293169
752000 77.2649137423688 77.5719589031463 79.9050249753964 234.741897620911
753000 77.407142738634 77.7096178874702 79.9696693066645 235.086429932769
754000 77.5294552151219 77.8531091655882 80.1347764903559 235.517340871066
755000 77.5879543073348 77.9322691643524 80.2240120331304 235.744235504818
756000 77.7081842645142 78.0889352311474 80.3623400088134 236.159459504475
757000 77.7859795465042 78.2304078544024 80.4632781938491 236.479665594756
758000 77.868779238015 78.3115235119927 80.570794712161 236.751097462169
759000 77.9813665386695 78.4528680856441 80.7103229994668 237.14455762378
760000 78.0754046313293 78.5303519157727 80.8023519878882 237.40810853499
761000 78.1538402186229 78.6149224666155 80.9285778272363 237.697340512475
762000 78.2597575398839 78.7324430151815 81.0209673935677 238.013167948633
763000 78.335406611522 78.8558532719028 81.1569091413021 238.348169024727
764000 78.4449302028303 78.9201354405612 81.2790558201322 238.644121463524
765000 78.5649887729757 79.0495819415284 81.4301036279037 239.044674342408
766000 78.6623107591435 79.1176515216043 81.4967167795878 239.276679060336
767000 78.7436411858892 79.2576097870657 81.5586469437089 239.559897916664
768000 78.8360211205342 79.3522574188119 81.7329664049332 239.921244944279
769000 78.9122359708917 79.4638781266014 81.8246203605824 240.200734458076
770000 79.0290158326572 79.5692571172613 81.9302114307882 240.528484380707
771000 79.0926755515435 79.6383586047141 82.0164991538293 240.747533310087
772000 79.1633203905512 79.7482726938108 82.1143989792987 241.025992063661
773000 79.3057223816473 79.8790928574722 82.1923257328886 241.377140972008
774000 79.3901334857125 80.0065257457403 82.2568472517893 241.653506483242
775000 79.5066741533053 80.1463493169597 82.3713115246792 242.024334994944
776000 79.5951608765643 80.2154542992017 82.4642721985253 242.274887374291
777000 79.6948600763935 80.3040083086679 82.5833995542516 242.582267939313
778000 79.7932212582134 80.4168741836093 82.6850278517491 242.895123293572
779000 79.8585618851852 80.4827717339959 82.7817993246605 243.123132943842
780000 79.9738689592445 80.6001312613485 82.8859043716354 243.459904592228
781000 80.0793073436103 80.6562306548115 82.9433735417603 243.678911540182
782000 80.2066548521672 80.7403950870762 83.0726783261519 244.019728265395
783000 80.3157309532884 80.8867696653996 83.1574319529339 244.359932571622
784000 80.3794416107201 80.9132739382973 83.3148037218468 244.607519270864
785000 80.4594279506626 81.0302503392663 83.407538531602 244.897216821531
786000 80.5688653237597 81.1070515489445 83.527329248825 245.203246121529
787000 80.6660149736735 81.2056465644361 83.6626067332381 245.534268271348
788000 80.793870259808 81.3104916081488 83.7409040234211 245.845265891378
789000 80.9128792713096 81.4040200337312 83.8359819752706 246.152881280311
790000 81.0117728845331 81.4679487343085 83.9637936177491 246.443515236591
791000 81.146417923364 81.5658298912738 84.0224915030091 246.734739317647
792000 81.2421453096578 81.6571876074175 84.1595976085171 247.058930525592
793000 81.3205262031115 81.7459981820244 84.2426597144972 247.309184099633
794000 81.4009470979459 81.8767247750244 84.330213926789 247.607885799759
795000 81.5193873187113 81.9559932721247 84.4798118013922 247.955192392228
796000 81.6632974749536 82.0261883083124 84.6141413812523 248.303627164518
797000 81.775477998223 82.118217015961 84.72080288839 248.614497902574
798000 81.8075978205218 82.1764794772754 84.8318062159698 248.815883513767
799000 81.9187260436517 82.2622760036098 84.8913662106487 249.07236825791
800000 81.9840929728514 82.3193648834553 84.9985383849815 249.301996241288
801000 82.0731824396134 82.4527246188538 85.0937696972208 249.619676755688
802000 82.1936043138526 82.5138745261802 85.1838555616422 249.891334401675
803000 82.27077922044 82.6398026160969 85.3242946180658 250.234876454603
804000 82.3744777880856 82.7487625675949 85.4261202958191 250.5493606515
805000 82.4392784305369 82.8364734946756 85.5495602223166 250.825312147529
806000 82.5221608131038 82.9240711626039 85.6546682947538 251.100900270461
807000 82.6786974834504 83.0272197212181 85.7955135662994 251.501430770968
808000 82.7736839952029 83.1232554415108 85.8691532695672 251.766092706281
809000 82.8395035715673 83.2472715452018 85.9971284038525 252.083903520622
810000 82.9511001714912 83.3934710557204 86.0145175333828 252.359088760594
811000 83.0327319847215 83.4845855410759 86.1384024426774 252.655719968475
812000 83.1760955238287 83.6335566440672 86.2906427957367 253.100294963633
813000 83.2554014375034 83.7078811249399 86.366491719362 253.329774281805
814000 83.2926648480079 83.8367087245082 86.4332985155371 253.562672088053
815000 83.4112226612495 83.9450183370166 86.5078384732099 253.864079471476
816000 83.4966407334388 84.012458817676 86.6113319997528 254.120431550868
817000 83.5690374199312 84.1125074645515 86.7441518890367 254.425696773519
818000 83.6974698210096 84.2646712711087 86.8581211259111 254.820262218029
819000 83.7909490615478 84.3429164602286 86.9692783575719 255.103143879348
820000 83.9271296885604 84.4479284228026 87.1278632673582 255.502921378721
821000 84.0355192657459 84.5935794600089 87.2175257099663 255.846624435721
822000 84.1253342782826 84.6836997476514 87.3307678967464 256.13980192268
823000 84.2268071797454 84.7980424328814 87.4166677440496 256.441517356676
824000 84.3316629429047 84.9356528756608 87.5255967520191 256.792912570585
825000 84.4260185109039 85.011905852735 87.6631601130775 257.101084476716
826000 84.573229496259 85.1115406634019 87.7572917814613 257.442061941122
827000 84.6374963123753 85.2215098889351 87.8427658592274 257.701772060538
828000 84.78882182342 85.3160284741748 87.9317732003416 258.036623497936
829000 84.8867549981003 85.3854411994834 88.015518306075 258.287714503659
830000 85.020147701327 85.5212641642574 88.1351062481948 258.676518113779
831000 85.0796353399413 85.6268876287483 88.2508483109404 258.95737127963
832000 85.1645002094078 85.7416825593339 88.330103612649 259.236286381391
833000 85.270976180866 85.8402564981927 88.4639205121185 259.575153191177
834000 85.3666318875325 85.9629307807958 88.5388462208325 259.868408889161
835000 85.4431980543391 86.026273988381 88.6466239278734 260.116095970593
836000 85.5297606963723 86.165043943781 88.7380451691657 260.432849809319
837000 85.6857890862593 86.2312022883529 88.8166647517779 260.73365612639
838000 85.7297209742766 86.3383990449026 88.8916582347861 260.959778253965
839000 85.8358095393937 86.4338034439629 89.0424962972354 261.312109280592
840000 85.9305979931618 86.497467146978 89.205107501714 261.633172641854
841000 86.0058599726372 86.5694089639803 89.2697815308649 261.845050467482
842000 86.1280562874015 86.6936748839877 89.3935694448405 262.21530061623
843000 86.2348979968845 86.7934960889146 89.485756885383 262.514150971182
844000 86.3388824953107 86.9085621589042 89.5583549414505 262.805799595666
845000 86.3975123727929 87.0831033092531 89.6739443061703 263.154559988216
846000 86.5144621717768 87.1997215241964 89.8006127645708 263.514796460544
847000 86.5705532436573 87.3034815575782 89.8428851417784 263.716919943014
848000 86.7294691428618 87.3781984081802 89.9001182487528 264.007785799795
849000 86.8119157887693 87.4716146736415 90.0348331547975 264.318363617208
850000 86.8873790181588 87.5955807332836 90.1624640601955 264.645423811638
851000 86.9780089636274 87.7067434218353 90.2997405148222 264.984492900285
852000 87.088336433557 87.780231656178 90.4101913425637 265.278759432299
853000 87.2018929967064 87.9024187788904 90.5115214310957 265.615833206693
854000 87.2521207867291 87.9988794169581 90.6358256215022 265.886825825189
855000 87.3485584154221 88.0569936848781 90.7411729349218 266.146725035222
856000 87.4352042498651 88.1867341539584 90.8772004414007 266.499138845224
857000 87.5558388460653 88.2301524651746 90.9155132447361 266.701504555976
858000 87.684651252674 88.3406573168213 91.0173323112886 267.042640880784
859000 87.7363832514695 88.4158270985548 91.1014563447377 267.253666694762
860000 87.8216624887189 88.5031735753446 91.2124260519137 267.537262115977
861000 87.8880940991634 88.5932170159056 91.3326158337465 267.813926948815
862000 87.9790694613154 88.6921963148859 91.431969063935 268.103234840136
863000 88.0727534537497 88.7999828619626 91.5459924583452 268.418728774057
864000 88.1891722838575 88.8833680843537 91.6618027058417 268.734343074053
865000 88.2803025475013 89.0293910504514 91.8152614542976 269.12495505225
866000 88.3802088099477 89.0952571359596 91.8872449638904 269.362710909798
867000 88.4693111583826 89.1930349639576 91.9649127513452 269.627258873685
868000 88.5723247928331 89.2554486000361 92.0736810903959 269.901454483265
869000 88.6618733286047 89.3308595835044 92.1475163452 270.140249257309
870000 88.7961422536984 89.4779067622822 92.2326122905074 270.506661306488
871000 88.9242112427681 89.5686962353512 92.3857491858697 270.878656663989
872000 89.0206996451511 89.6632892637844 92.4295343648598 271.113523273795
873000 89.1035508125762 89.6956370576094 92.4988285995172 271.298016469703
874000 89.2313654005376 89.7948479098754 92.6067383853656 271.632951695779
875000 89.3288015996653 89.8657086947484 92.7709375610866 271.9654478555
876000 89.4496105962837 89.9594029319481 92.8352268058781 272.24424033411
877000 89.5779224090651 90.0202876207535 92.9440537250856 272.542263754904
878000 89.6920434663132 90.1732698033039 93.0418459647515 272.907159234369
879000 89.8530602330774 90.2640755098036 93.1451022357031 273.262237978584
880000 89.9692802828447 90.3791722941831 93.2303439528168 273.578796529845
881000 90.0569832118761 90.4869675582167 93.3379024339455 273.881853204038
882000 90.1418771220262 90.6040791737029 93.4348353477777 274.180791643507
883000 90.2337932994837 90.705100373382 93.5632315737879 274.502125246654
884000 90.335509482879 90.8414205514829 93.6394646892616 274.816394723624
885000 90.4720071249405 90.9125050972251 93.7571769773721 275.141689199538
886000 90.5425481582344 91.0117094410276 93.8379828386603 275.392240437922
887000 90.6515449248139 91.0884088174436 93.9626662231192 275.702619965377
888000 90.6934321502496 91.1955763519045 94.0819408261731 275.970949328327
889000 90.8221390247634 91.2855652925931 94.1649300086107 276.272634325967
890000 90.9117816048406 91.3890970034179 94.2837802814579 276.584658889716
891000 90.9618004464671 91.5242176441584 94.3838228561625 276.869840946788
892000 91.0964706617748 91.6021367712166 94.4677868252266 277.166394258218
893000 91.2182636111719 91.683800904171 94.5773163659652 277.479380881308
894000 91.3263437984839 91.7987022440852 94.7186601774247 277.843706219994
895000 91.4011480767794 91.9298550095706 94.7971130044433 278.128116090793
896000 91.5012558078805 91.9798704291029 94.9236106897521 278.404736926736
897000 91.6062172033063 92.0729513527161 95.0080552379095 278.687223793932
898000 91.7094145545663 92.2147784033229 95.1792243461989 279.103417304088
899000 91.8099467984411 92.3288803234324 95.2788583923799 279.417685514253
900000 91.9365304406796 92.4352940644709 95.3369717415238 279.708796246674
901000 92.050179864424 92.4783237755926 95.4534860381461 279.981989678163
902000 92.1336906400981 92.6156903670408 95.5187894806921 280.268170487831
903000 92.263993766064 92.7167196129504 95.6366023636737 280.617315742688
904000 92.3206483282479 92.8690827575857 95.7428499511615 280.932581036995
905000 92.4673846823902 92.9829820236629 95.8402752296275 281.290641935681
906000 92.5591396026402 93.0687110181685 95.9559172354023 281.583767856211
907000 92.6117326822257 93.1441984858738 96.0430830404613 281.799014208561
908000 92.6576367391535 93.2827069953173 96.1092297677734 282.049573502244
909000 92.7408005177263 93.3335111400723 96.2317939360011 282.3061055938
910000 92.8684932360138 93.4314871804679 96.3029746553991 282.602955071881
911000 92.9499224153214 93.5411685948196 96.3936166181306 282.884707628272
912000 93.0356580807862 93.6013173475919 96.5428324677179 283.179807896096
913000 93.1785012664609 93.6749789190422 96.6914331540726 283.544913339576
914000 93.2638723309897 93.8092806304562 96.7415356534019 283.814688614848
915000 93.3954106291512 93.9030001712652 96.8360282841991 284.134439084615
916000 93.4976606653975 94.0539513848561 96.9615477530946 284.513159803348
917000 93.6267566360925 94.1051307072694 97.1315881495523 284.863475492914
918000 93.6919869158273 94.2197774147496 97.2568552529162 285.168619583493
919000 93.836453683287 94.2664214882266 97.3841261617249 285.487001333239
920000 93.9334179639614 94.4137108417798 97.4553556494478 285.802484455189
921000 94.0394268012107 94.5159867550456 97.5505550761899 286.105968632446
922000 94.1320420782714 94.6035030647045 97.6132081246613 286.348753267637
923000 94.261444188686 94.6946782255752 97.7416321938829 286.697754608144
924000 94.3680322335224 94.7987000873237 97.8307760269456 286.997508347792
925000 94.4734015690288 94.9039649209156 97.9464262058941 287.323792695839
926000 94.594078845083 94.9584439484293 98.0994714593389 287.651994252851
927000 94.6670850249686 95.0364728549512 98.1815052244844 287.885063104404
928000 94.7533598298722 95.1460657145583 98.3089463158868 288.208371860317
929000 94.8960666171323 95.2606184289929 98.4323621496338 288.589047195759
930000 94.9968250738764 95.3507385013295 98.4786763739021 288.826239949108
931000 95.0978138774401 95.4618776833451 98.6314568675228 289.191148428308
932000 95.1949516310955 95.5833989836141 98.7018508793936 289.480201494103
933000 95.302091090526 95.6707080547508 98.8222292763212 289.795028421598
934000 95.3985131953025 95.8209664017904 98.8829930092825 290.102472606375
935000 95.5249032982331 95.9558826840739 99.0198020903482 290.500588072655
936000 95.6371377559691 96.0511181861258 99.1374845172498 290.825740459345
937000 95.7529760891205 96.1749561366279 99.2219834359365 291.149915661685
938000 95.8674185772763 96.2358705344971 99.2952167337849 291.398505845558
939000 95.9689280312662 96.3178653983626 99.4166427095146 291.703436139143
940000 96.0564359909008 96.4162145120645 99.4871799467664 291.959830449732
941000 96.1425897964458 96.5181849308053 99.6087364201582 292.269511147409
942000 96.227122615832 96.6651507289265 99.6979067357559 292.590180080514
943000 96.3503335156836 96.7577712261901 99.794560666813 292.902665408687
944000 96.4444596029013 96.8595794884488 99.8836548719583 293.187693963308
945000 96.4812332971154 96.9675221256838 99.9656438593378 293.414399282137
946000 96.5344042770537 97.0607776744942 100.082519429038 293.677701380586
947000 96.6560998511287 97.1661744089118 100.161518294296 293.983792554336
948000 96.7740003152623 97.217184526774 100.28971508766 294.280899929696
949000 96.8559476718771 97.3467195263613 100.380580062035 294.583247260273
950000 96.965369024931 97.4641675356954 100.482952961415 294.912489522042
951000 97.0599520346385 97.5619551294641 100.606645486722 295.228552650825
952000 97.1707859293776 97.6941333835987 100.655657553023 295.520576865999
953000 97.2825158620188 97.7812672550657 100.790603332512 295.854386449596
954000 97.3452370855721 97.8784719772939 100.873153061178 296.096862124044
955000 97.448027011466 97.987602807164 101.02360004638 296.45922986501
956000 97.5026447181718 98.0721832809296 101.131342067724 296.706170066825
957000 97.5724594339164 98.158823669498 101.237946822198 296.969229925613
958000 97.6732630870539 98.2258566500577 101.347844593334 297.246964330445
959000 97.8335712339577 98.3058211685077 101.404904443938 297.544296846404
960000 97.8522879408576 98.4141429932837 101.4951643845 297.761595318641
961000 98.0266857891404 98.5397270766882 101.626132066143 298.192544931971
962000 98.0833244725369 98.6328834755451 101.723649814491 298.439857762573
963000 98.1792897303945 98.7551344053588 101.779334570229 298.713758705982
964000 98.3014731700349 98.863319424598 101.872276869822 299.037069464455
965000 98.3731972667577 98.9627652083075 101.974409696491 299.310372171557
966000 98.4161829546642 99.0356104991965 102.071976538671 299.523769992532
967000 98.4947682851059 99.1373069362246 102.161212193323 299.793287414654
968000 98.6208651251427 99.2284160115043 102.248678339537 300.097959476184
969000 98.687637125057 99.3300561645209 102.319576927655 300.337270217232
970000 98.7979346819985 99.3987899961811 102.405990887362 300.602715565542
971000 98.8943223562799 99.5013772224083 102.497368136058 300.893067714746
972000 99.0445242858057 99.6113947840691 102.645045081232 301.300964151107
973000 99.1635090783615 99.7580924865977 102.73099024328 301.652591808239
974000 99.2916461049139 99.8708871413763 102.83904931834 302.00158256463
975000 99.3687274174366 99.9919689709457 102.937955003812 302.298651392194
976000 99.4660618227462 100.114590377789 103.045403794233 302.626055994768
977000 99.5301446448473 100.221126536674 103.124386430577 302.875657612098
978000 99.6816484514811 100.317834481033 103.194682400367 303.194165332881
979000 99.75470748948 100.399646891417 103.314962356576 303.469316737474
980000 99.8753838588894 100.535628571893 103.397572674039 303.808585104822
981000 100.031805243881 100.58810183674 103.575311683002 304.195218763623
982000 100.096558662434 100.623633722483 103.62450207916 304.344694464077
983000 100.179256919828 100.705773949763 103.72322542759 304.608256297181
984000 100.331448813577 100.808753771544 103.895698872664 305.035901457785
985000 100.412427572157 100.877542112504 103.946467013328 305.236436697989
986000 100.518479075476 100.968851987619 104.068520463604 305.555851526699
987000 100.62898805911 101.103483354582 104.180603072298 305.913074485991
988000 100.708961755775 101.173636052191 104.222304257216 306.104902065182
989000 100.748728229063 101.283396040903 104.285309175682 306.317433445648
990000 100.870135801772 101.340300497985 104.427562056533 306.63799835629
991000 101.00173826223 101.418940147903 104.566057077507 306.98673548764
992000 101.108031500965 101.529155302198 104.65163114742 307.288817950583
993000 101.21960177153 101.588328882391 104.768020583321 307.575951237242
994000 101.34754992578 101.707024721783 104.853830181478 307.908404829041
995000 101.522297705025 101.824090645227 104.941732980084 308.288121330336
996000 101.554450422726 101.899890946001 105.033332413071 308.487673781799
997000 101.653147262347 101.968279154492 105.185917866827 308.807344283667
998000 101.75446166819 102.089128029394 105.270647749252 309.114237446837
999000 101.852023573623 102.22066072093 105.353044402186 309.425728696739
1000000 101.937731937575 102.316130951958 105.443252644476 309.697115534008
1001000 101.998575612738 102.449521970413 105.51032027654 309.958417859691
1002000 102.099287814352 102.542500413083 105.61930207865 310.261090306085
1003000 102.227591228946 102.65214917569 105.745440726994 310.625181131631
1004000 102.335002072878 102.761076051749 105.866491729705 310.962569854332
1005000 102.430502797165 102.834726089778 105.948291916033 311.213520802976
1006000 102.536463048084 102.935403025116 106.129869172164 311.601735245364
1007000 102.638752296048 103.029829500363 106.223477664621 311.892059461032
1008000 102.751937278717 103.141222196499 106.308740287023 312.201899762238
1009000 102.922725861427 103.256171871577 106.418069028755 312.596966761758
1010000 103.02368975777 103.325314711548 106.531730673958 312.880735143275
1011000 103.037556101168 103.439154246497 106.59777051314 313.074480860805
1012000 103.138062643463 103.543439511553 106.730628293175 313.412130448191
1013000 103.242588587918 103.647380265759 106.828693457352 313.718662311028
1014000 103.360950574743 103.689147541473 106.897003950354 313.94710206657
1015000 103.513331862429 103.723382909131 106.971094136114 314.207808907674
1016000 103.6081446301 103.856235142246 107.116080517612 314.580460289958
1017000 103.685126362328 103.946220678785 107.235966258485 314.867313299598
1018000 103.823949099106 104.004314899734 107.308952220399 315.137216219239
1019000 103.866314029668 104.128453267719 107.411120513093 315.405887810479
1020000 103.961977999308 104.172074228579 107.524583638238 315.658635866125
1021000 104.062195044345 104.284408959352 107.574470477238 315.921074480935
1022000 104.168303486118 104.380438683279 107.733385709416 316.282127878813
1023000 104.284254581993 104.43953031692 107.852891144422 316.576676043336
1024000 104.383554571478 104.579394243139 107.939916904555 316.902865719173
1025000 104.467057711973 104.690399414911 107.979564438544 317.137021565428
1026000 104.572137139589 104.813525975927 108.077024411679 317.462687527196
1027000 104.677806831342 104.881476155598 108.164158987531 317.72344197447
1028000 104.771512557843 104.994680344149 108.275884088083 318.042076990075
1029000 104.93166452341 105.069259989262 108.355034294793 318.355958807465
1030000 105.009276007958 105.181264771705 108.494267160743 318.684807940406
1031000 105.155310123469 105.279450638538 108.609589273455 319.044350035462
1032000 105.235869523876 105.390149188802 108.749668840122 319.3756875528
1033000 105.318367071707 105.549992209978 108.841797392628 319.710156674312
1034000 105.470067484034 105.619140809087 108.957998422368 320.047206715489
1035000 105.54244412534 105.722755563285 109.054024529245 320.319224217871
1036000 105.654031546895 105.853358939869 109.165714098209 320.673104584972
1037000 105.756207348761 105.930891334405 109.256113300224 320.94321198339
1038000 105.8319928362 106.068301767417 109.346711423146 321.247006026763
1039000 105.911920621396 106.148927160602 109.464910081167 321.525757863165
1040000 106.074613896554 106.298468393277 109.538905759638 321.911988049469
1041000 106.187936557241 106.376285174309 109.62714901109 322.19137074264
1042000 106.339405515583 106.507998830434 109.753219540608 322.600623886625
1043000 106.398666100292 106.598601871324 109.820315294088 322.817583265704
1044000 106.499772546217 106.714546050014 109.958668948347 323.172987544578
1045000 106.562723501699 106.813208930362 110.041589762266 323.417522194328
1046000 106.663203863761 106.913454956749 110.1319195956 323.70857841611
1047000 106.808554642133 107.023127855987 110.189522162406 324.021204660525
1048000 106.835273304885 107.112221170507 110.310850681176 324.258345156568
1049000 106.912528575237 107.211283454672 110.443254807808 324.567066837716
1050000 107.015231011686 107.326629909086 110.605858926476 324.947719847248
1051000 107.105081208716 107.424167236709 110.688660578624 325.217909024049
1052000 107.217480779837 107.587434702325 110.80480856815 325.609724050312
1053000 107.335931405591 107.711992564972 110.899945826181 325.947869796744
1054000 107.407116031949 107.747299598956 110.962778046234 326.117193677139
1055000 107.500273097428 107.912075923656 111.099224748172 326.511573769256
1056000 107.586920763629 107.990161226212 111.16868877193 326.745770761771
1057000 107.721477653793 108.048948963162 111.273221821377 327.043648438332
1058000 107.820206308109 108.212895338104 111.380743910762 327.413845556975
1059000 107.916958664951 108.291425534503 111.434197215389 327.642581414842
1060000 108.021978128173 108.375373981257 111.555842668175 327.953194777605
1061000 108.138767320322 108.447602337194 111.639568754475 328.225938411991
1062000 108.197430437133 108.551226260051 111.746251608673 328.494908305858
1063000 108.304233750414 108.646145134887 111.83348588141 328.783864766711
1064000 108.339487985559 108.751630188876 111.928117410272 329.019235584708
1065000 108.429506127714 108.845010226513 112.023165896897 329.297682251124
1066000 108.560664886655 108.910932610461 112.174736767082 329.646334264197
1067000 108.656593166641 109.05470801027 112.251108450174 329.962409627085
1068000 108.770378377464 109.133406368165 112.399749404782 330.30353415041
1069000 108.820723381167 109.200564698856 112.483832921508 330.505121001531
1070000 108.956701981408 109.3114649642 112.575228784018 330.843395729626
1071000 109.102360194913 109.396317444809 112.666788503549 331.16546614327
1072000 109.162885812823 109.519746862841 112.743141464439 331.425774140102
1073000 109.241784457089 109.564104691418 112.840686846905 331.646575995412
1074000 109.331965781641 109.672023192715 112.932562706404 331.93655168076
1075000 109.419840736614 109.778634180403 112.992868687253 332.19134360427
1076000 109.486195190561 109.889976748589 113.101001458457 332.477173397608
1077000 109.616021131508 109.981250434901 113.17140828968 332.768679856089
1078000 109.745127537528 110.061032572633 113.269752861022 333.075912971183
1079000 109.838548768401 110.266754427476 113.377437220535 333.482740416411
1080000 109.975395442193 110.302117187441 113.47121471117 333.748727340805
1081000 110.032715873404 110.459889140918 113.598125581429 334.090730595751
1082000 110.172048558969 110.529811788521 113.690272392376 334.392132739866
1083000 110.269304191854 110.568794068137 113.804927165041 334.643025425032
1084000 110.41444412529 110.693318510308 113.897745384189 335.005508019788
1085000 110.571111204273 110.778192838498 113.970887190341 335.320191233112
1086000 110.681882968706 110.864389001893 114.056677082628 335.602949053227
1087000 110.759558792384 110.9706100961 114.181124817072 335.911293705556
1088000 110.838247648973 111.160481547237 114.305971446235 336.304700642445
1089000 110.916014630853 111.272864038245 114.422145684576 336.611024353674
1090000 111.010381458634 111.382631482914 114.469952893717 336.862965835265
1091000 111.14210596346 111.502034960556 114.568224154178 337.212365078193
1092000 111.25047332103 111.588158485926 114.708867990204 337.54749979716
1093000 111.340888041157 111.713094222468 114.767920808738 337.821903072363
1094000 111.461660082228 111.796290561109 114.869990798875 338.127941442211
1095000 111.532475510391 111.894601320418 114.96945400105 338.396530831859
1096000 111.672271988916 111.949893869502 115.115045525343 338.73721138376
1097000 111.756139498992 112.050997871077 115.220605760567 339.027743130637
1098000 111.823846043463 112.136973372663 115.337943682003 339.298763098128
1099000 111.896097442651 112.223511988922 115.477795263417 339.59740469499
1100000 111.986011700648 112.304569088957 115.611554502065 339.902135291669
1101000 112.034142291068 112.42071189387 115.651328777779 340.106182962717
1102000 112.171753532091 112.473578773036 115.753219298833 340.39855160396
1103000 112.237023328947 112.559897173118 115.92546762068 340.722388122746
1104000 112.344623202068 112.65958713444 116.006316603648 341.010526940155
1105000 112.410395993252 112.729866078794 116.101425607194 341.24168767924
1106000 112.521965973124 112.878904473203 116.237272759667 341.638143205994
1107000 112.604501281169 112.98411417335 116.324758935905 341.913374390424
1108000 112.721075015975 112.94581802728 116.411597246378 342.078490289634
1109000 112.80295218668 113.095113724518 116.455312157912 342.353378069109
1110000 112.920653084593 113.15735744658 116.525980626673 342.603991157847
1111000 113.030624792008 113.239024982833 116.665124298114 342.934774072955
1112000 113.102476929443 113.318713797803 116.765926439495 343.187117166742
1113000 113.247005997049 113.459320209617 116.899169181523 343.605495388189
1114000 113.265321935575 113.531356628287 116.967422146173 343.764100710035
1115000 113.35503493393 113.652534573721 117.130374493237 344.137944000889
1116000 113.412667571425 113.694465449269 117.186888193809 344.294021214502
1117000 113.507871686589 113.765281149427 117.338652885454 344.61180572147
1118000 113.608304557708 113.838098881679 117.459647012957 344.906050452344
1119000 113.680977663788 113.940872238153 117.502610228551 345.124460130492
1120000 113.759629285818 114.056431004856 117.622902303961 345.438962594634
1121000 113.959864151015 114.157434569257 117.724190218069 345.84148893834
1122000 114.062847468743 114.269346866183 117.843997311886 346.176191646812
1123000 114.150281937919 114.35799611465 117.954464780658 346.462742833226
1124000 114.291106889913 114.426028298666 118.031098592832 346.748233781411
1125000 114.321160794629 114.494934621065 118.164230455844 346.980325871538
1126000 114.453070567995 114.615631366006 118.22462395664 347.29332589064
1127000 114.527785500872 114.747303055844 118.306603958276 347.581692514992
1128000 114.649496572632 114.831948327521 118.371840101628 347.853285001782
1129000 114.786169172989 114.935411672411 118.465762583947 348.187343429346
1130000 114.875754855819 115.0176322913 118.567489213214 348.460876360334
1131000 114.994463095224 115.100257155573 118.656869407285 348.751589658081
1132000 115.112098324711 115.213411864667 118.793796797516 349.119306986894
1133000 115.204010168018 115.326122611621 118.893925006454 349.424057786093
1134000 115.295476507441 115.419613511849 119.009019220446 349.724109239736
1135000 115.410880006401 115.541933524154 119.117766033879 350.070579564434
1136000 115.501800839008 115.668746056171 119.230826092297 350.401372987475
1137000 115.594586058032 115.715110574055 119.29773124986 350.607427881947
1138000 115.659158805029 115.819636704565 119.416411508211 350.895207017805
1139000 115.733527402589 115.925073161816 119.548006648725 351.20660721313
1140000 115.89959508822 116.078644911752 119.660684820657 351.638924820629
1141000 115.974962498457 116.162382543467 119.744944046529 351.882289088453
1142000 116.114735485734 116.245644368356 119.855549473473 352.215929327563
1143000 116.263484656106 116.340777808593 119.928355577356 352.532618042055
1144000 116.362928990883 116.430206311555 120.040316050281 352.83345135272
1145000 116.47598145045 116.485218779221 120.117701488189 353.07890171786
1146000 116.587712238248 116.567261524417 120.212645148791 353.367618911456
1147000 116.718352658592 116.671346193177 120.296502329546 353.686201181315
1148000 116.834485048826 116.781384107848 120.411374901454 354.027244058128
1149000 116.901194080191 116.892384654831 120.496398045828 354.289976780851
1150000 117.031614062782 116.965828189626 120.575326304031 354.572768556438
1151000 117.07985654752 117.094583979325 120.67440402211 354.848844548955
1152000 117.19286283327 117.171078392262 120.757765209732 355.121706435264
1153000 117.293015047267 117.212136567573 120.867068653707 355.372220268547
1154000 117.372173206048 117.333771760523 120.988909716873 355.694854683444
1155000 117.463546205038 117.423540297779 121.046552531661 355.933639034478
1156000 117.532339698325 117.509319332403 121.205623002396 356.247282033124
1157000 117.637284503522 117.642795202702 121.289281342973 356.569361049196
1158000 117.713405334965 117.703561250963 121.440793951774 356.857760537701
1159000 117.803095784152 117.800661943385 121.574331297041 357.178089024578
1160000 117.883931230764 117.912878968333 121.660040363655 357.456850562752
1161000 117.931854686461 117.989005703238 121.763753237712 357.684613627411
1162000 118.046343885619 118.135314319709 121.844068980859 358.025727186187
1163000 118.112685335253 118.211855252092 121.951765911 358.276306498345
1164000 118.210895668209 118.296174890434 122.011992862789 358.519063421433
1165000 118.333823830176 118.443080220665 122.06896307439 358.845867125231
1166000 118.444709050458 118.58487381704 122.268210318487 359.297793185984
1167000 118.53112707418 118.662210061148 122.368304185781 359.561641321109
1168000 118.637554069352 118.744732171133 122.461065868153 359.843352108637
1169000 118.732345097476 118.86727448396 122.576231323856 360.175850905293
1170000 118.800890911099 118.972110666886 122.677941148354 360.450942726339
1171000 118.918449378918 119.025879948105 122.766074107902 360.710403434925
1172000 118.97006653759 119.181782405884 122.835938917292 360.987787860765
1173000 119.124076891781 119.294296806271 122.964981878182 361.383355576234
1174000 119.233314425895 119.359366977491 123.063533545851 361.656214949237
1175000 119.331715866135 119.462739510044 123.171376144813 361.965831520992
1176000 119.485191198023 119.530343695091 123.236923558484 362.252458451598
1177000 119.588602955624 119.601657292968 123.367991260439 362.558251509031
1178000 119.67005076856 119.73819047398 123.492258068234 362.900499310773
1179000 119.78925816849 119.834438119288 123.584310722696 363.208007010473
1180000 119.91447567867 119.950654514871 123.665712370512 363.530842564053
1181000 120.040637690505 120.079871640579 123.754592802794 363.875102133877
1182000 120.115363090812 120.144878778088 123.846433240926 364.106675109826
1183000 120.23064814576 120.327694156565 123.925366709756 364.483709012081
1184000 120.341884667287 120.404434533876 124.046047335996 364.792366537159
1185000 120.442295603307 120.516850761533 124.14091951479 365.10006587963
1186000 120.49035542053 120.621196071482 124.213685767766 365.325237259778
1187000 120.589780139423 120.669385311204 124.392146329457 365.651311780084
1188000 120.709730473306 120.792183754796 124.476470656464 365.978384884566
1189000 120.782784391195 120.890769306897 124.567125501406 366.240679199498
1190000 120.861816485532 120.90841264464 124.682616660841 366.452845791012
1191000 120.996479872109 121.040234234649 124.757360710693 366.794074817451
1192000 121.090051183722 121.202596908233 124.84373261252 367.136380704475
1193000 121.173096391019 121.293118090518 124.858165495743 367.32437997728
1194000 121.320322975695 121.405964140697 124.965235284877 367.69152240127
1195000 121.387255063056 121.500485702902 125.150229927158 368.037970693116
1196000 121.453644154969 121.599040563871 125.202472728417 368.255157447257
1197000 121.556643734553 121.732627656322 125.330320731967 368.619592122841
1198000 121.686857124533 121.844396740525 125.439810564694 368.971064429752
1199000 121.763104637451 122.008119898834 125.573023088686 369.34424762497
1200000 121.873587986291 122.027304783223 125.6973502998 369.598243069315
1201000 121.930559322121 122.118482329695 125.779747115066 369.828788766882
1202000 122.001382714735 122.233087662018 125.797599584026 370.032069960778
1203000 122.082615256359 122.354257762814 125.947006340984 370.383879360157
1204000 122.200305599168 122.433383812476 126.013539368039 370.647228779683
1205000 122.301634586382 122.529620981957 126.097118198804 370.928373767143
1206000 122.411582580093 122.589704921569 126.261566322401 371.262853824063
1207000 122.589392350771 122.703379908111 126.320823689673 371.613595948555
1208000 122.66047745326 122.832226603681 126.388183209168 371.880887266109
1209000 122.788322775048 122.898724709119 126.493263232091 372.180310716258
1210000 122.827773843472 123.046653461948 126.614869927648 372.489297233068
1211000 122.976136987275 123.100442349897 126.762814469956 372.839393807129
1212000 123.063326438647 123.225747212262 126.880596697709 373.169670348617
1213000 123.178920867087 123.29540081614 126.954616607005 373.428938290232
1214000 123.315606711763 123.401226805528 127.058491025389 373.77532454268
1215000 123.337006336688 123.4663236953 127.104563245699 373.907893277687
1216000 123.460460925173 123.595495840121 127.240911978749 374.296868744043
1217000 123.557340053714 123.687983554746 127.270624112052 374.515947720512
1218000 123.61165947827 123.722294298651 127.376609816882 374.710563593803
1219000 123.762277015376 123.874279719911 127.416082236897 375.052638972184
1220000 123.834594345553 123.983979705082 127.569685517157 375.388259567792
1221000 123.970002472492 124.052517470062 127.702824447507 375.725344390061
1222000 124.06357551724 124.086523923185 127.785404528398 375.935503968823
1223000 124.09826635872 124.201068051815 127.971311590376 376.270646000911
1224000 124.272707909099 124.310382892712 128.020309950422 376.603400752233
1225000 124.36041786915 124.40031343053 128.101862978736 376.862594278416
1226000 124.460544694678 124.422939684775 128.184132405739 377.067616785193
1227000 124.54697539958 124.58346216747 128.325577581587 377.456015148638
1228000 124.62833704476 124.652665153558 128.440579219232 377.721581417549
1229000 124.762258543913 124.797459691336 128.53216038258 378.091878617828
1230000 124.843588126383 124.847786639833 128.623437369492 378.314812135708
1231000 124.900852316358 124.946131038051 128.728857885377 378.575841239786
1232000 124.986087605695 125.05060907411 128.891501539396 378.928198219201
1233000 125.093222743397 125.133056430091 128.93095306203 379.157232235518
1234000 125.241240922726 125.292005463119 129.064490418127 379.597736803972
1235000 125.316805545456 125.423865663529 129.208528583635 379.94919979262
1236000 125.424092852275 125.522745578787 129.280177192293 380.227015623356
1237000 125.568208889172 125.62135056654 129.37673322948 380.566292685192
1238000 125.671521132783 125.664685426001 129.518870136897 380.85507669568
1239000 125.803763820467 125.76969673056 129.58977895229 381.163239503317
1240000 125.85053919005 125.886596176393 129.698058833248 381.435194199692
1241000 126.049090690242 126.020692157183 129.850013333002 381.919796180427
1242000 126.132231414691 126.064231334646 129.930206506019 382.126669255356
1243000 126.231652478556 126.153055525313 130.005949140776 382.390657144645
1244000 126.277931174597 126.243853067527 130.146399557989 382.668183800114
1245000 126.380699195097 126.38343802852 130.307581340151 383.071718563768
1246000 126.439638578335 126.482075890054 130.32506161702 383.246776085409
1247000 126.585782272618 126.587375711871 130.470988735478 383.644146719966
1248000 126.696918325481 126.655138377192 130.538462802667 383.890519505341
1249000 126.861184155769 126.796718259762 130.634916010923 384.292818426454
1250000 126.927173930128 126.852929895194 130.807479006107 384.587582831429
1251000 127.046136032154 126.936505149001 130.890136398407 384.872777579562
1252000 127.168572268101 127.034672939812 130.994618001617 385.19786320953
1253000 127.233674385458 127.177247082245 131.125124007178 385.53604547488
1254000 127.378193112138 127.269703736553 131.21724866183 385.865145510521
1255000 127.46188236032 127.313292274249 131.281763219663 386.056937854232
1256000 127.537658579273 127.450595190867 131.440166914247 386.428420684388
1257000 127.618868305688 127.53031042449 131.546092983442 386.69527171362
1258000 127.73429433128 127.63892046554 131.659581787511 387.032796584331
1259000 127.856357235324 127.787188206626 131.710169403545 387.353714845494
1260000 127.929607165819 127.875970362346 131.84667605771 387.652253585875
1261000 128.009454263753 127.987108162701 131.969479669699 387.966042096153
1262000 128.100723640201 128.06035100369 132.074258026049 388.235332669941
1263000 128.231072586931 128.124734906754 132.201432347749 388.557239841434
1264000 128.292359949218 128.245080353679 132.276738662304 388.814178965202
1265000 128.397402813305 128.30923931581 132.405384215512 389.112026344627
1266000 128.503190601681 128.464130690619 132.500732040282 389.468053332581
1267000 128.649204751568 128.527474370335 132.547056678208 389.723735800111
1268000 128.672331532011 128.611184871535 132.691126338603 389.974642742148
1269000 128.833739666693 128.762382860769 132.754673843875 390.350796371337
1270000 128.889040521467 128.811011484177 132.924774603349 390.624826608993
1271000 129.016227273189 128.935525525634 133.01977174818 390.971524547004
1272000 129.133279199261 129.043016656409 133.072301545042 391.248597400712
1273000 129.189816225114 129.113187992236 133.167784477909 391.47078869526
1274000 129.253553812376 129.172335866844 133.312642023913 391.738531703133
1275000 129.383614857227 129.301769996775 133.34502380858 392.030408662582
1276000 129.476805944772 129.389327302659 133.468419161989 392.334552409419
1277000 129.579253546011 129.495609737487 133.570379145087 392.645242428584
1278000 129.686562494801 129.553746378745 133.693984473428 392.934293346974
1279000 129.781579357443 129.592415988747 133.825487343218 393.199482689407
1280000 129.902944353359 129.707916236604 133.878020597121 393.488881187084
1281000 129.996548379167 129.846772467828 133.956671204574 393.799992051569
1282000 130.056137787947 129.955135012472 134.071603134132 394.082875934551
1283000 130.226825930201 130.084694285688 134.134022269265 394.445542485154
1284000 130.394183796205 130.212825379892 134.284129170729 394.891138346826
1285000 130.482925424797 130.346697928463 134.358234766177 395.187858119438
1286000 130.634920782932 130.452467757143 134.500250570152 395.587639110227
1287000 130.757504453537 130.48202387189 134.620860343336 395.860388668763
1288000 130.863979785408 130.625370267792 134.737013993743 396.226364046943
1289000 130.927314690256 130.713823232862 134.826542174178 396.467680097296
1290000 131.068191762309 130.814416799937 134.920185968255 396.802794530501
1291000 131.189406344781 130.973731508355 135.00401306706 397.167150920196
1292000 131.245237495565 131.048852466044 135.113235518808 397.407325480418
1293000 131.347659324131 131.132696954723 135.184320930382 397.664677209237
1294000 131.436192994738 131.262509936498 135.305237599006 398.003940530242
1295000 131.54170823097 131.286694486939 135.452211476267 398.280614194176
1296000 131.654781722447 131.388280687304 135.528436352905 398.571498762656
1297000 131.717058669881 131.457944509714 135.636810116882 398.811813296477
1298000 131.809721136132 131.53986082216 135.733326440434 399.082908398725
1299000 131.996824254815 131.686553369616 135.892840612824 399.576218237255
1300000 132.097521532164 131.744717821046 136.007611870413 399.849851223624
1301000 132.191906453434 131.840073227073 136.072901749192 400.104881429699
1302000 132.303756297605 131.95858498441 136.189858167501 400.452199449517
1303000 132.363574916612 132.085443590332 136.269003523864 400.718022030808
1304000 132.539545506856 132.131866980787 136.385260134337 401.05667262198
1305000 132.649108857348 132.234460738152 136.471495403125 401.355064998625
1306000 132.749809577062 132.309491049848 136.606563062778 401.665863689688
1307000 132.848109296122 132.410785252636 136.684259687189 401.943154235947
1308000 132.893201332207 132.564714151952 136.767391444561 402.22530692872
1309000 132.984502718106 132.629292143582 136.879050234479 402.492845096168
1310000 133.101726185514 132.731954753172 136.967461582253 402.80114252094
1311000 133.233257470925 132.772585184466 137.098085275324 403.103927930716
1312000 133.308295965897 132.864746299583 137.242522925605 403.415565191086
1313000 133.396659193062 132.928306706735 137.32283110604 403.647797005837
1314000 133.496672204745 132.975481965045 137.422293418468 403.894447588258
1315000 133.626062078837 133.055658361088 137.500534640904 404.182255080829
1316000 133.685790643918 133.219359507343 137.636736209176 404.541886360437
1317000 133.809795453592 133.269761974645 137.762010213392 404.841567641629
1318000 133.929505102221 133.466147294625 137.873417852792 405.269070249638
1319000 134.008827291412 133.536487692412 137.942689512834 405.488004496658
1320000 134.132141249411 133.696040310021 138.022130475414 405.850312034846
1321000 134.224067756135 133.781414493979 138.130397693864 406.135879943978
1322000 134.31153618371 133.789014714209 138.25757615165 406.358127049569
1323000 134.436475004942 133.895196908109 138.345549922863 406.677221835913
1324000 134.516209826066 134.024384039413 138.42875151494 406.969345380419
1325000 134.601014947722 134.135988028158 138.540191232421 407.277194208301
1326000 134.751713728178 134.169958600156 138.676689458993 407.598361787327
1327000 134.85234068684 134.277889103394 138.783998907867 407.914228698102
1328000 134.971091049784 134.386759704056 138.87985612064 408.23770687448
1329000 135.07951333317 134.447356653326 138.960548407476 408.487418393971
1330000 135.166672061866 134.55695533986 139.049996594632 408.773623996358
1331000 135.310335771632 134.637415037198 139.154517505066 409.102268313896
1332000 135.399806861531 134.728800182652 139.26451521439 409.393122258573
1333000 135.484114949585 134.830999656668 139.393741959089 409.708856565342
1334000 135.578977523071 134.905396963607 139.44407450231 409.928448988989
1335000 135.699918310434 135.004905866234 139.519764518927 410.224588695595
1336000 135.790090033216 135.139563014061 139.656863142421 410.586516189698
1337000 135.931280226572 135.2412314631 139.751127092973 410.923638782645
1338000 136.050624490321 135.31882351385 139.848064642074 411.217512646245
1339000 136.08203331115 135.454197835084 139.958436177648 411.494667323883
1340000 136.164821194307 135.521748633852 139.99011970988 411.676689538039
1341000 136.366236979213 135.63497065861 140.179802786518 412.18101042434
1342000 136.426251596005 135.677126899122 140.284325936726 412.387704431854
1343000 136.535939073725 135.753155419402 140.378922550497 412.668017043623
1344000 136.664973546761 135.836727049862 140.551121607256 413.052822203879
1345000 136.721384275547 135.96161678817 140.633975877029 413.316976940746
1346000 136.803768435382 136.015980817493 140.7317014166 413.551450669474
1347000 136.881628344933 136.057448801196 140.854899002074 413.793976148204
1348000 136.898470435166 136.189104069122 140.93925184926 414.026826353549
1349000 137.02243739057 136.276495743846 141.048483257771 414.347416392188
1350000 137.16227055355 136.385662555654 141.196241454964 414.744174564168
1351000 137.204873223099 136.467556025517 141.3186393997 414.991068648316
1352000 137.280928618842 136.543116110756 141.380579310478 415.204624040076
1353000 137.341671747495 136.58765938511 141.544082220844 415.473413353449
1354000 137.450802926419 136.663245551843 141.634720653928 415.74876913219
1355000 137.574794517681 136.771639391355 141.764230240036 416.110664149072
1356000 137.696098598896 136.886497241473 141.829495431772 416.412091272141
1357000 137.759966744356 136.958822100401 141.896137279423 416.61492612418
1358000 137.825664401997 137.069301891218 142.042200740081 416.937167033296
1359000 137.940019167945 137.14178310783 142.143651027021 417.225453302796
1360000 138.04671873045 137.242369953624 142.227186570574 417.516275254649
1361000 138.136301285063 137.346028938907 142.331981538829 417.814311762799
1362000 138.207443606295 137.487571802273 142.414926755502 418.10994216407
1363000 138.322068861873 137.633100704885 142.616729529588 418.571899096346
1364000 138.410392118684 137.66550122733 142.726379365608 418.802272711622
1365000 138.544277931222 137.759398519491 142.818418109875 419.122094560589
1366000 138.644962625329 137.860116149526 142.872532996895 419.37761177175
1367000 138.771754179045 138.006206286106 142.960217331054 419.738177796205
1368000 138.855129173517 138.104062980415 143.143915814285 420.103107968218
1369000 138.960909748661 138.187466314261 143.282797250886 420.431173313808
1370000 139.04409011363 138.303320711475 143.372170533208 420.719581358313
1371000 139.112100400223 138.465856538172 143.456173591895 421.034130530289
1372000 139.254173095485 138.570643165845 143.510257631893 421.335073893222
1373000 139.367811172043 138.683913365393 143.567616532444 421.619341069881
1374000 139.450386897994 138.797190471058 143.696540423564 421.944117792617
1375000 139.535060647463 138.842328487728 143.77359459808 422.150983733271
1376000 139.602543676129 138.911648648346 143.937006127432 422.451198451906
1377000 139.68353581611 139.032447125017 144.080136296198 422.796119237325
1378000 139.798055978594 139.084166210473 144.156149582825 423.038371771893
1379000 139.905817624736 139.177680114244 144.233409275716 423.316907014696
1380000 140.026317416121 139.288631121018 144.322100392048 423.637048929187
1381000 140.093188153839 139.358186532382 144.421318139723 423.872692825944
1382000 140.195424111508 139.485201293108 144.551493987327 424.232119391943
1383000 140.255845916136 139.565557223613 144.634275966034 424.455679105783
1384000 140.374021839857 139.635708520516 144.768813492642 424.778543853015
1385000 140.484164079031 139.735355579273 144.876566115542 425.096085773847
1386000 140.555072778681 139.801293832581 144.987781946363 425.344148557625
1387000 140.658057356871 139.905329080334 145.036356036052 425.599742473257
1388000 140.769190392589 140.00825624304 145.152876271202 425.930322906832
1389000 140.884719956143 140.170915797473 145.279638006926 426.335273760542
1390000 141.021666417598 140.307234959685 145.375958655701 426.704860032984
1391000 141.050587315182 140.395133464509 145.463782520188 426.909503299878
1392000 141.153517679032 140.502036660628 145.51952947155 427.175083811211
1393000 141.269511225399 140.60687085161 145.690107397367 427.566489474377
1394000 141.375653736744 140.711717293472 145.710345000258 427.797716030474
1395000 141.424946650485 140.855326586931 145.80474930994 428.085022547355
1396000 141.569866570097 140.928979909922 145.920901638355 428.419748118374
1397000 141.684728450649 141.040439319572 146.009592509515 428.734760279735
1398000 141.763787594837 141.148811454689 146.06625813214 428.978857181666
1399000 141.859656910698 141.19956155601 146.205556951094 429.264775417802
1400000 141.965841678832 141.349603970875 146.312409599946 429.627855249654
1401000 142.031696159519 141.429932466768 146.437741179621 429.899369805908
1402000 142.143413187709 141.532035178919 146.504783764356 430.180232130985
1403000 142.19742439366 141.635757233011 146.585058922874 430.418240549545
1404000 142.248088458673 141.780031912679 146.665365048845 430.693485420197
1405000 142.355719829084 141.856323383416 146.792031547901 431.004074760401
1406000 142.470941537181 141.955001491821 146.926565659837 431.352508688838
1407000 142.566020327023 142.060213358634 147.021103221412 431.647336907069
1408000 142.671748724063 142.145734912696 147.176353740608 431.993837377368
1409000 142.724616505462 142.208772307912 147.280853855408 432.214242668781
1410000 142.781428151415 142.31237254912 147.39217686059 432.485977561124
1411000 142.898193740538 142.402482896962 147.511750950367 432.812427587866
1412000 143.027852073976 142.52112654917 147.617976409816 433.166955032963
1413000 143.125747845271 142.637118460112 147.648922371467 433.411788676849
1414000 143.200711066978 142.77522363267 147.789008654702 433.764943354349
1415000 143.379095418872 142.849063955659 147.884836455073 434.112995829605
1416000 143.489560621013 142.993124812006 148.032317352098 434.515002785117
1417000 143.54543013245 143.13782708343 148.111382605316 434.794639821197
1418000 143.611305355386 143.189063724691 148.175693925759 434.976063005835
1419000 143.674183906283 143.29413277921 148.244278460066 435.212595145559
1420000 143.774284723252 143.412604996921 148.412606936084 435.599496656257
1421000 143.92362608783 143.455180025142 148.476685947181 435.855492060153
1422000 144.059278221882 143.588356410946 148.602698973052 436.25033360588
1423000 144.154652030483 143.667169101559 148.750638433918 436.572459565961
1424000 144.228701165542 143.755810079791 148.803637549284 436.788148794617
1425000 144.303766928069 143.811771726901 148.88296485943 436.9985035144
1426000 144.43378241754 143.897160498768 149.0069458509 437.337888767207
1427000 144.486706735955 144.048216321157 149.120389925729 437.655312982841
1428000 144.640180863363 144.177483439385 149.253490360548 438.071154663296
1429000 144.69072087319 144.243434945321 149.347224727456 438.281380545967
1430000 144.770651578484 144.372087090925 149.436592349137 438.579331018546
1431000 144.829127597178 144.438492197781 149.560174625047 438.827794420006
1432000 144.931203250548 144.532334050664 149.642296252933 439.105833554145
1433000 145.003492779417 144.609835509674 149.783517080067 439.396845369158
1434000 145.098148055306 144.698941853758 149.914320965392 439.711410874455
1435000 145.227418463463 144.81423282575 150.027529409158 440.06918069837
1436000 145.34696987407 144.94006136485 150.09154117651 440.378572415429
1437000 145.416073024844 145.018423976666 150.200631795729 440.635128797239
1438000 145.554361695422 145.077642225209 150.274819911166 440.906823831796
1439000 145.616784443637 145.173229412117 150.401155925633 441.191169781387
1440000 145.674069985077 145.247533621037 150.512888750217 441.434492356331
1441000 145.827560060834 145.348130100977 150.601463923266 441.777154085076
1442000 145.936477850715 145.462890983346 150.689920133614 442.089288967675
1443000 146.065335879063 145.575419567941 150.800070410718 442.440825857722
1444000 146.173402550882 145.69403292948 150.910375285045 442.777810765407
1445000 146.233541982918 145.796394737523 151.028003189442 443.057939909883
1446000 146.300117245839 145.90037463478 151.109096071954 443.309587952573
1447000 146.441404276935 145.961059001094 151.218955029301 443.62141830733
1448000 146.555606070204 146.051214583068 151.348638709796 443.955459363068
1449000 146.639141463768 146.194196190876 151.3825980163 444.215935670944
1450000 146.721298402905 146.238240307024 151.507533736774 444.467072446703
1451000 146.851483381677 146.371767992258 151.589345227748 444.812596601683
1452000 146.923199539719 146.492641085581 151.716916392424 445.132757017724
1453000 147.051958202376 146.599662309624 151.793498693172 445.445119205173
1454000 147.100256704159 146.710817036519 151.841330319956 445.652404060634
1455000 147.222279995985 146.777644873936 151.930184617597 445.930109487518
1456000 147.336884953988 146.928717101701 151.976586239786 446.242188295474
1457000 147.394195318116 146.94734726939 152.11908152516 446.460624112666
1458000 147.49290968032 147.133212583819 152.230857194296 446.856979458435
1459000 147.658419765755 147.25739809506 152.28078437342 447.196602234235
1460000 147.645544465696 147.30333964698 152.493182632225 447.442066744902
1461000 147.839961819657 147.385274611711 152.527513987273 447.752750418641
1462000 147.931679968799 147.53574113774 152.701358003228 448.168779109766
1463000 148.05734984799 147.584501691757 152.784153095456 448.426004635203
1464000 148.140082292113 147.711031827382 152.891826651722 448.742940771216
1465000 148.192565695748 147.796909505214 153.017639880757 449.007115081719
1466000 148.29111260599 147.935728438001 153.138193652788 449.365034696778
1467000 148.43213935076 148.07822314763 153.20985285652 449.72021535491
1468000 148.576671566479 148.104942455993 153.290442832749 449.972056855221
1469000 148.583284501349 148.23311456929 153.422801334867 450.239200405506
1470000 148.681905243445 148.288495271183 153.521667422698 450.492067937326
1471000 148.79229280578 148.339247742813 153.650005176246 450.78154572484
1472000 148.881184784878 148.42245103347 153.748290237035 451.051926055384
1473000 148.986011528922 148.507172978018 153.861555543057 451.354740049996
1474000 149.073956606633 148.574818255798 153.980677528782 451.629452391213
1475000 149.184847360575 148.644895518002 154.040516454952 451.870259333529
1476000 149.32697833647 148.730711778548 154.109103412708 452.166793527726
1477000 149.393435969774 148.835180012642 154.248186971618 452.476802954034
1478000 149.510913491185 148.954582625518 154.371076642398 452.836572759101
1479000 149.587717046423 149.046298278127 154.466480247269 453.100495571819
1480000 149.699423379798 149.109751050602 154.613591179541 453.422765609941
1481000 149.744653548697 149.212943578004 154.64913905784 453.606736184541
1482000 149.86629945459 149.260288903456 154.766984670905 453.893573028951
1483000 149.890949346155 149.321508505516 154.895242455523 454.107700307194
1484000 150.010387588045 149.428601697384 155.044177748051 454.483167033479
1485000 150.091232552843 149.532733028409 155.064797216668 454.68876279792
1486000 150.151330860092 149.591490546969 155.155327513049 454.89814892011
1487000 150.244351981135 149.763771920204 155.273939019726 455.282062921066
1488000 150.351633129314 149.832313540552 155.450353812468 455.634300482334
1489000 150.457966259546 149.927117610588 155.523658787949 455.908742658082
1490000 150.474080568535 150.060277813895 155.655615945502 456.189974327932
1491000 150.532524823633 150.169809885214 155.739957945791 456.442292654637
1492000 150.627271546621 150.306573690678 155.868633493958 456.802478731257
1493000 150.757356380667 150.366396398288 155.947049918968 457.070802697923
1494000 150.887217908219 150.475251165666 156.038289078174 457.400758152058
1495000 150.968948582689 150.584867650538 156.128111141894 457.68192737512
1496000 151.094984415247 150.780902476819 156.29324768056 458.169134572626
1497000 151.157652865346 150.863172264139 156.328517175413 458.349342304898
1498000 151.337736444589 151.016171906993 156.475121222037 458.829029573619
1499000 151.441302773682 151.097765969355 156.625333942516 459.164402685552
1500000 151.500644477002 151.25316778627 156.66641448938 459.420226752652
1501000 151.651806665339 151.320158600959 156.754381318959 459.726346585257
1502000 151.713060721197 151.406174537311 156.91153073548 460.030765993988
1503000 151.835321000839 151.538339936046 157.097544986152 460.471205923037
1504000 151.976567013903 151.604320210636 157.109781740339 460.690668964877
1505000 151.969544406632 151.747512943576 157.21956705727 460.936624407478
1506000 152.045095604991 151.857939606551 157.245955180825 461.148990392367
1507000 152.176610952095 151.96141809098 157.382940169208 461.520969212283
1508000 152.252987295385 152.054252214224 157.469463087924 461.776702597533
1509000 152.364329014677 152.123224020835 157.520850069524 462.008403105036
1510000 152.473722512795 152.268528295213 157.645159985756 462.387410793763
1511000 152.59035881891 152.33686972344 157.760075284307 462.687303826658
1512000 152.715481276546 152.471820019366 157.832992042911 463.020293338822
1513000 152.786029742009 152.571066571263 157.859473038532 463.216569351804
1514000 152.85554865561 152.670378609344 157.94216080003 463.468088064984
1515000 152.947461174837 152.766989106352 158.000331046674 463.714781327863
1516000 153.081474555551 152.909254350798 158.072298335374 464.063027241724
1517000 153.177888411147 153.055938421255 158.209085117859 464.442911950261
1518000 153.28189948227 153.113092434118 158.256099533464 464.651091449852
1519000 153.387635265025 153.269756301246 158.425581710572 465.082973276842
1520000 153.506025129556 153.28809792674 158.51069831902 465.304821375316
1521000 153.581273530789 153.466327273363 158.650048370894 465.697649175046
1522000 153.631584332807 153.574172356614 158.784521205274 465.990277894694
1523000 153.757878681369 153.692038818858 158.860393689885 466.310311190112
1524000 153.818443442788 153.816734531715 158.942859982164 466.578037956666
1525000 153.969872471631 153.913292364422 159.030552063376 466.913716899429
1526000 154.049941151626 154.015054033907 159.103478045151 467.168473230684
1527000 154.116088988554 154.160329696636 159.267822853906 467.544241539096
1528000 154.197406959451 154.241501387453 159.296322110317 467.735230457222
1529000 154.290031831043 154.28922522641 159.394474460649 467.973731518101
1530000 154.348749114401 154.385749541766 159.520535638755 468.255034294922
1531000 154.404945646173 154.49329639387 159.533274507916 468.431516547958
1532000 154.518809902659 154.618285944043 159.704274438734 468.841370285436
1533000 154.566091700959 154.757735688361 159.761498702346 469.085326091666
1534000 154.65094886556 154.757248995257 159.89176427843 469.299962139247
1535000 154.742232011163 154.873283320351 160.006574589616 469.622089921131
1536000 154.829117931936 155.030082637573 160.08797631117 469.947176880679
1537000 154.959288319084 155.114879462021 160.227783910912 470.301951692017
1538000 155.048479694452 155.18378042469 160.299332893219 470.53159301236
1539000 155.085504235971 155.282831746694 160.348333461892 470.716669444557
1540000 155.254472249079 155.350134219417 160.49638055322 471.100987021716
1541000 155.345410193692 155.434884457289 160.608736479569 471.38903113055
1542000 155.407655298041 155.478552783666 160.673181213187 471.559389294895
1543000 155.578060990516 155.605529605416 160.811101360765 471.994691956697
1544000 155.670792598169 155.638836817294 160.958781638079 472.268411053543
1545000 155.767506521709 155.754926381189 160.959447011062 472.48187991396
1546000 155.829997440819 155.839137666438 161.060325913605 472.729461020862
1547000 155.947089349394 156.007592118786 161.152401133878 473.107082602058
1548000 156.029752003116 156.064351091107 161.215972058133 473.310075152357
1549000 156.159888667916 156.24057616968 161.303453953614 473.70391879121
1550000 156.210971424866 156.320267229317 161.432482987852 473.963721642035
1551000 156.312683979371 156.351906400074 161.515151121143 474.179741500588
1552000 156.395996129356 156.478919724 161.60514724083 474.480063094186
1553000 156.568979772556 156.524592488466 161.744881509785 474.838453770808
1554000 156.638754401311 156.60082072029 161.802064956904 475.041640078504
1555000 156.723000340803 156.745735390948 161.854321154114 475.323056885865
1556000 156.830393620051 156.827601775089 161.990639625845 475.648635020985
1557000 156.95562685504 156.93330491991 162.107166804741 475.99609857969
1558000 157.02350525136 157.066075788552 162.193122694277 476.282703734189
1559000 157.175586508409 157.1528676788 162.234154488671 476.56260867588
1560000 157.186703695719 157.224581939942 162.377418723009 476.78870435867
1561000 157.324071155557 157.276259283915 162.421832459262 477.022162898733
1562000 157.445630933011 157.420661217539 162.526008099213 477.392300249762
1563000 157.577642896957 157.516277974982 162.623949712685 477.717870584625
1564000 157.696219872554 157.662852391464 162.758414517443 478.117486781462
1565000 157.873556013714 157.670195624755 162.848291173758 478.392042812226
1566000 157.939955520674 157.760474991344 162.924008112479 478.624438624497
1567000 158.006076026496 157.881980854657 162.986323910408 478.874380791561
1568000 158.106748294162 157.980829918477 163.117185867166 479.204764079805
1569000 158.209556203091 158.111495877399 163.210704243959 479.531756324448
1570000 158.301030632643 158.181994977491 163.310115424658 479.793141034792
1571000 158.440955900093 158.368987191599 163.399739464966 480.209682556659
1572000 158.518950864871 158.421338831831 163.497583632962 480.437873329664
1573000 158.644416256417 158.517480205167 163.621173171862 480.783069633446
1574000 158.639807860922 158.635090370474 163.747028117451 481.021926348848
1575000 158.690516321835 158.760419354166 163.892783624404 481.343719300404
1576000 158.774075822413 158.870163745628 163.949742076666 481.593981644708
1577000 158.852031502864 158.913500115616 164.077311307773 481.842842926253
1578000 158.952806826582 159.02339410123 164.150674125177 482.126875052989
1579000 159.076714216393 159.176927189796 164.263874232734 482.517515638924
1580000 159.073623263294 159.261008661077 164.396131531665 482.730763456035
1581000 159.184301760625 159.308122824923 164.432190932003 482.924615517551
1582000 159.279631282956 159.455884025094 164.578889932145 483.314405240195
1583000 159.37624854481 159.511743087216 164.674174407148 483.562166039173
1584000 159.507099058025 159.642281352965 164.727293507257 483.876673918247
1585000 159.640221313533 159.720986346601 164.850685077073 484.211892737207
1586000 159.673890702605 159.800694599744 164.924579661786 484.399164964135
1587000 159.825564054428 159.929187099212 165.025171181933 484.779922335573
1588000 159.936493919514 160.002437678241 165.093218449507 485.032150047262
1589000 160.001606978313 160.091788185323 165.172373101725 485.265768265362
1590000 160.126560357501 160.213242466372 165.263533861539 485.603336685412
1591000 160.211741333366 160.257654775937 165.399481077158 485.868877186462
1592000 160.308533916604 160.406119739702 165.451854621296 486.166508277601
1593000 160.368945564644 160.462336556943 165.586470611097 486.417752732684
1594000 160.409444835799 160.585498147591 165.731696944744 486.726639928134
1595000 160.459910600556 160.686358914726 165.828611999848 486.974881515131
1596000 160.534356860414 160.74928211109 165.886446510815 487.17008548232
1597000 160.659020626296 160.861256684546 166.011123232216 487.531400543058
1598000 160.782396122893 160.970922930612 166.163471626799 487.916790680304
1599000 160.859201510549 161.031587039743 166.245647085565 488.136435635858
1600000 160.974087388639 161.115900946935 166.380867995126 488.4708563307
1601000 161.042996292373 161.299591044846 166.495552437804 488.838139775023
1602000 161.13363136184 161.39708810721 166.647770101963 489.178489571014
1603000 161.247379582761 161.51029416252 166.694957688258 489.452631433539
1604000 161.343928056397 161.609544932862 166.725025114691 489.67849810395
1605000 161.444354658077 161.721612236649 166.820564129712 489.986531024438
1606000 161.553903704376 161.827348140935 166.978401874692 490.359653720003
1607000 161.669825675412 161.882028115798 167.0121298238 490.56398361501
1608000 161.766101049092 162.013115646132 167.173025947704 490.952242642928
1609000 161.905048944728 162.098393214549 167.287588425537 491.291030584813
1610000 161.961463639525 162.229829623333 167.375505752246 491.566799015105
1611000 162.103780090991 162.283169835559 167.549939016039 491.936888942589
1612000 162.159529040165 162.373659942993 167.676443445936 492.209632429094
1613000 162.227372102464 162.494460249153 167.810551756501 492.532384108118
1614000 162.299992698744 162.556656329014 167.912636790494 492.769285818252
1615000 162.420488958032 162.684378419145 168.014160078071 493.119027455248
1616000 162.486308768165 162.769722041118 168.130271319695 493.386302128979
1617000 162.603699549518 162.852867978101 168.205396570989 493.661964098608
1618000 162.704141521477 162.997046419139 168.367191903538 494.068379844154
1619000 162.782268636022 163.111371654503 168.52564998477 494.419290275295
1620000 162.912302177161 163.200458160672 168.624678928165 494.737439265998
1621000 162.969623256288 163.273281549918 168.767661359956 495.010566166162
1622000 163.057650558255 163.357716112121 168.800508550388 495.215875220764
1623000 163.184414362284 163.446319070843 168.982251821001 495.612985254129
1624000 163.299628334819 163.57304358101 169.066183957147 495.938855872976
1625000 163.474540317795 163.642147965292 169.148814492798 496.265502775885
1626000 163.534444301701 163.751931755351 169.228931980859 496.515308037911
1627000 163.660451314096 163.850854932601 169.292173435019 496.803479681716
1628000 163.731123130519 163.929574383823 169.395810028427 497.056507542769
1629000 163.844943875991 164.037838831074 169.515014326518 497.397797033583
1630000 163.887607400814 164.10524522652 169.561848210599 497.554700837933
1631000 163.959022275237 164.24144947891 169.625964909479 497.826436663626
1632000 164.024863483282 164.359481815399 169.714589159472 498.098934458153
1633000 164.119245282393 164.408972882016 169.838932511449 498.367150675858
1634000 164.250537384563 164.565038646971 169.941244431938 498.756820463473
1635000 164.301150684512 164.632929051739 170.01645870082 498.950538437071
1636000 164.390254508551 164.746809266714 170.096558150098 499.233621925363
1637000 164.423310109486 164.814935533706 170.179927491604 499.418173134796
1638000 164.546756075441 164.838122194809 170.302136936476 499.687015206726
1639000 164.612761744423 164.991795658717 170.457939190762 500.062496593902
1640000 164.750616384749 165.132536726917 170.466750178397 500.349903290063
1641000 164.840910391597 165.232851315373 170.588557050229 500.662318757199
1642000 164.943018058714 165.334605704279 170.738592616281 501.016216379274
1643000 164.999785613051 165.383389057438 170.774566428318 501.157741098806
1644000 165.080855174529 165.556011656437 170.894534256361 501.531401087327
1645000 165.173527842796 165.604045850562 171.016722546785 501.794296240143
1646000 165.34349455848 165.672166156421 171.094069960186 502.109730675087
1647000 165.435638500704 165.756510060784 171.219667195885 502.411815757373
1648000 165.565212917586 165.960665617062 171.281111743326 502.806990277974
1649000 165.59878689376 165.966213230181 171.431401973989 502.99640209793
1650000 165.75783247223 166.0555713311 171.496924962074 503.310328765404
1651000 165.863452483226 166.158668231055 171.566234945737 503.588355660018
1652000 166.005300036728 166.276650198314 171.748289041216 504.030239276259
1653000 166.077183757337 166.322990349219 171.839807030969 504.239981137525
1654000 166.110059904236 166.422057695228 171.968470329058 504.500587928522
1655000 166.27687744794 166.468753822534 172.071416353267 504.817047623741
1656000 166.425684280769 166.553822395191 172.183141967174 505.162648643133
1657000 166.503482380532 166.600196154475 172.27277556309 505.376454098097
1658000 166.553852834476 166.764910393677 172.293220195922 505.611983424076
1659000 166.632850124954 166.768761077945 172.368462034184 505.770073237083
1660000 166.6801480346 166.877814056599 172.412177673914 505.970139765112
1661000 166.838705343847 167.04694902331 172.532086846692 506.417741213849
1662000 166.891283558415 167.112289652002 172.57590513913 506.579478349547
1663000 166.966495525293 167.150350772007 172.741603846522 506.858450143822
1664000 167.111543464218 167.27818475604 172.84608967209 507.235817892348
1665000 167.205553943899 167.421910517273 172.974794243141 507.602258704312
1666000 167.2851121493 167.470603485479 173.014806395167 507.770522029946
1667000 167.352927854154 167.671335827212 173.189916877717 508.214180559083
1668000 167.505262389913 167.703123252964 173.371077893738 508.579463536616
1669000 167.62647544567 167.81382056141 173.439720608073 508.880016615153
1670000 167.690302351492 167.931317677338 173.478238166271 509.099858195101
1671000 167.743125475333 168.044048054234 173.510186011715 509.297359541281
1672000 167.808620344598 168.098178810325 173.63796499604 509.544764150962
1673000 167.888484343638 168.155822049451 173.766117732096 509.810424125185
1674000 167.985836509287 168.365840686434 173.870093698163 510.221770893885
1675000 168.066830613624 168.45052028551 174.025223643982 510.542574543116
1676000 168.142619741203 168.542610734199 174.141606450377 510.826836925779
1677000 168.240005676955 168.618593850288 174.277344645698 511.13594417294
1678000 168.368055049343 168.735309513138 174.393723003507 511.497087565988
1679000 168.493038501449 168.881440347695 174.462357295777 511.836836144921
1680000 168.611197463077 168.947197227065 174.536481517136 512.094876207278
1681000 168.656918795387 169.08142139262 174.687760911422 512.426101099428
1682000 168.771610861783 169.147144756015 174.797273817279 512.716029435077
1683000 168.928884285069 169.257752080119 174.817021890443 513.003658255631
1684000 168.981147247118 169.334316845352 174.912279106189 513.227743198659
1685000 169.072132351629 169.465059413265 174.990867776551 513.528059541445
1686000 169.208767793223 169.600375649968 175.108352722666 513.917496165857
1687000 169.374610865161 169.610110960603 175.122132498049 514.106854323813
1688000 169.383984691261 169.699022593938 175.269687432686 514.352694717885
1689000 169.51471012501 169.795331875657 175.331562428969 514.641604429636
1690000 169.562028496649 169.922410560077 175.434821380017 514.919260436743
1691000 169.690121796694 170.00419975516 175.569428442288 515.263749994142
1692000 169.759462892789 170.099872728303 175.625713882654 515.485049503747
1693000 169.87677802327 170.170630671948 175.702818393526 515.750227088744
1694000 169.872609294815 170.20927924817 175.853147135481 515.935035678467
1695000 170.002978668165 170.349643092739 175.975386092791 516.328007853694
1696000 170.177815203622 170.420202070069 176.096524527424 516.694541801115
1697000 170.239303156416 170.567044366007 176.200387234597 517.00673475702
1698000 170.352702157521 170.641313033298 176.275007932329 517.269023123148
1699000 170.450501198788 170.7188854266 176.404546693427 517.573933318815
1700000 170.496689192455 170.834133640516 176.454311832909 517.78513466588
1701000 170.617906642935 170.898724156605 176.608208546888 518.124839346429
1702000 170.703596856021 171.007352558138 176.71095944762 518.421908861778
1703000 170.849191320211 171.196140218465 176.782281590857 518.827613129533
1704000 170.946155088048 171.263578717335 176.895257514613 519.104991319997
1705000 170.986008030519 171.309688420027 177.023484334661 519.319180785206
1706000 171.064095336812 171.417214940836 177.027725669275 519.509035946923
1707000 171.205851903917 171.517234211264 177.19183753735 519.91492365253
1708000 171.23903510698 171.60732019092 177.278225757051 520.124581054951
1709000 171.399418197812 171.768478985308 177.401474979723 520.569372162844
1710000 171.493718440002 171.811705578628 177.44373905462 520.74916307325
1711000 171.571499089821 171.922117483008 177.545072989016 521.038689561845
1712000 171.685870129262 172.052263655407 177.639798307281 521.37793209195
1713000 171.750817429491 172.113100605831 177.782973374023 521.646891409345
1714000 171.885514790486 172.200856618625 177.887443864637 521.973815273749
1715000 171.957855333611 172.29657659003 177.928482060084 522.182913983725
1716000 172.078306218586 172.386697992737 178.134156149939 522.599160361261
1717000 172.155259814155 172.447442739274 178.187608302577 522.790310856006
1718000 172.314527263747 172.559647142167 178.28838578582 523.162560191734
1719000 172.414495303207 172.674731499327 178.384875308402 523.474102110936
1720000 172.496704427837 172.735556991995 178.473380455256 523.705641875088
1721000 172.58509336664 172.874585008324 178.541033731428 524.000712106392
1722000 172.669312319463 173.001933725019 178.630053352551 524.301299397033
1723000 172.781737557201 173.109841216557 178.718857915213 524.61043668897
1724000 172.873983011163 173.173097878636 178.840003582658 524.887084472457
1725000 173.000513509773 173.312626413811 178.994974639321 525.308114562905
1726000 173.031333986525 173.40660502989 179.140382804702 525.578321821117
1727000 173.165711305816 173.48121175366 179.223998181026 525.870921240503
1728000 173.254125076612 173.555657338179 179.345071026061 526.154853440851
1729000 173.273685646279 173.678114653614 179.430215952288 526.38201625218
1730000 173.328069133808 173.744998367604 179.591505186889 526.664572688302
1731000 173.399676997698 173.83227542427 179.671636237826 526.903588659794
1732000 173.45160486137 173.913530893973 179.764363004494 527.129498759837
1733000 173.502448614132 174.052938791962 179.83497110488 527.390358510975
1734000 173.519712390391 174.072438768235 179.954600250336 527.546751408962
1735000 173.668778430542 174.221771607689 180.091328326651 527.981878364881
1736000 173.773069537804 174.298036906098 180.161455759262 528.232562203164
1737000 173.821709655384 174.371738218064 180.24284784096 528.436295714409
1738000 173.909780075101 174.518844693339 180.320914141135 528.749538909574
1739000 174.019584660422 174.668724426986 180.480194928976 529.168504016384
1740000 174.142284268956 174.766755602024 180.588032502212 529.497072373193
1741000 174.213603027723 174.871195438323 180.669819105672 529.754617571718
1742000 174.249410846222 174.938021114698 180.788598695795 529.976030656715
1743000 174.426431398848 175.096164297743 180.933133478835 530.455729175426
1744000 174.524104749163 175.237106783564 181.050129630981 530.811341163708
1745000 174.651638444558 175.366575608828 181.096885591077 531.115099644464
1746000 174.806555399152 175.487797314556 181.256814829943 531.551167543652
1747000 174.918064523274 175.502209459736 181.344406247964 531.764680230974
1748000 174.948325745271 175.661096165587 181.478288480115 532.087710390973
1749000 174.982356860735 175.772694587267 181.605081701752 532.360133149754
1750000 175.080511115971 175.905290793446 181.709456387774 532.695258297191
1751000 175.136719730573 175.972406547663 181.881879581734 532.991005859969
1752000 175.275041881902 176.083012568487 182.018408003396 533.376462453784
1753000 175.307098838733 176.103661719139 182.198375903469 533.609136461341
1754000 175.418700317559 176.272828164336 182.256268094303 533.947796576197
1755000 175.495251693107 176.352598111499 182.355682793999 534.203532598605
1756000 175.575607506143 176.48511257566 182.428348738885 534.489068820688
1757000 175.714494073647 176.576434106366 182.555508712831 534.846436892844
1758000 175.820825335203 176.604980337675 182.600581422687 535.026387095565
1759000 175.926324684383 176.730067872164 182.673556818746 535.329949375293
1760000 176.021543266071 176.796333707985 182.789991544343 535.607868518399
1761000 176.122370934921 176.846696850458 182.935666099124 535.904733884503
1762000 176.316503998327 177.005149500168 183.052321540596 536.373975039091
1763000 176.353012658142 177.099957814998 183.130587346387 536.583557819527
1764000 176.49055750192 177.228112841948 183.232120683422 536.950791027289
1765000 176.589600899983 177.281884074335 183.329511726447 537.200996700766
1766000 176.710147576286 177.37456375515 183.42973505933 537.514446390766
1767000 176.759753330575 177.517072082365 183.471416427406 537.748241840346
1768000 176.855803862724 177.541224292728 183.569281438595 537.966309594048
1769000 176.991006642679 177.596516193689 183.681019396242 538.268542232609
1770000 177.108806170472 177.724713748301 183.746343175478 538.579863094251
1771000 177.177011999141 177.899318377398 183.8098888748 538.886219251339
1772000 177.281443850327 177.955386088574 183.899354002016 539.136183940918
1773000 177.371621452792 178.039723048082 183.991098029783 539.402442530656
1774000 177.553077482514 178.163933729503 184.11932491638 539.836336128397
1775000 177.64557868654 178.248406031833 184.195040469746 540.089025188119
1776000 177.769093869794 178.309462025287 184.34996707548 540.42852297056
1777000 177.839247568884 178.378459081106 184.433529747048 540.651236397037
1778000 177.875121587424 178.507435194094 184.604765378899 540.987322160417
1779000 177.984823758707 178.597138863825 184.689690868701 541.271653491233
1780000 178.054127375225 178.707967035529 184.802631092709 541.564725503463
1781000 178.249884539223 178.778112861656 184.918275105661 541.946272506539
1782000 178.325367171234 178.900726612509 185.029429375886 542.25552315963
1783000 178.468862167571 179.014286527593 185.149523051775 542.632671746939
1784000 178.531928639507 179.111432967443 185.229681189062 542.873042796012
1785000 178.632681501983 179.198944860513 185.303943841106 543.135570203603
1786000 178.756957970303 179.31491284269 185.435502548363 543.507373361356
1787000 178.805833933883 179.4028548544 185.575162920449 543.783851708732
1788000 178.961290490052 179.54028837101 185.631588731636 544.133167592698
1789000 178.990805556388 179.573505268225 185.749441421606 544.313752246218
1790000 179.079707311839 179.672355864703 185.882824928073 544.634888104616
1791000 179.249314185273 179.77902772664 185.903771262036 544.932113173948
1792000 179.351621024132 179.846571188081 186.024955665063 545.223147877276
1793000 179.412883887282 179.871708804971 186.076577566678 545.36117025893
1794000 179.502564252207 180.058935496376 186.196821313268 545.758321061851
1795000 179.588932669132 180.120544770803 186.316072357531 546.025549797466
1796000 179.709185466217 180.222211908779 186.451690878566 546.383088253562
1797000 179.821601483654 180.366639050498 186.572543669175 546.760784203326
1798000 179.882169673492 180.478132307556 186.645355090702 547.00565707175
1799000 180.002707217663 180.621022490109 186.749581274436 547.373310982207
1800000 180.101157271611 180.669494074317 186.86873437382 547.639385719749
1801000 180.273107354917 180.810007150971 187.030556921743 548.11367142763
1802000 180.341274970814 180.909430716985 187.058109719259 548.308815407058
1803000 180.477131008042 180.984239787984 187.115609289809 548.576980085836
1804000 180.562306033827 181.035533394147 187.224777240546 548.822616668519
1805000 180.605215621262 181.125868114946 187.34541313324 549.076496869448
1806000 180.718737122732 181.1842506006 187.435815569822 549.338803293154
1807000 180.796859609571 181.258912443427 187.468826226701 549.5245982797
1808000 180.929078842191 181.374371253498 187.591192468689 549.894642564379
1809000 180.962583770657 181.501355933023 187.631303306903 550.095243010583
1810000 181.091620001006 181.560663381906 187.676433410914 550.328716793827
1811000 181.199450828774 181.604296657868 187.787171801064 550.590919287706
1812000 181.308305349979 181.691796010801 187.888686737793 550.888788098572
1813000 181.367299742614 181.830528987637 187.999735288389 551.197564018639
1814000 181.392667651236 181.973792341021 188.080071738676 551.446531730933
1815000 181.520306341849 182.03275703214 188.215661460399 551.768724834388
1816000 181.748805069868 182.178941691187 188.351024307829 552.278771068883
1817000 181.814694243629 182.218679164842 188.496663521447 552.530036929918
1818000 181.887713160927 182.321348656654 188.540147599581 552.749209417161
1819000 182.044468948143 182.391020409196 188.66175956992 553.097248927259
1820000 182.143532396909 182.484674078874 188.775295021556 553.40350149734
1821000 182.234693271991 182.577281322154 188.943398324359 553.755372918505
1822000 182.349351787307 182.739122563569 189.016149613685 554.104623964561
1823000 182.479495358835 182.795062802395 189.166514231139 554.441072392369
1824000 182.621981819347 182.842404841335 189.225271510664 554.689658171346
1825000 182.681247447751 182.93994779736 189.377009722088 554.998204967199
1826000 182.822274694306 183.067072488814 189.50327264277 555.39261982589
1827000 182.928310604136 183.084586913798 189.577531179804 555.590428697738
1828000 182.932174756533 183.209698149441 189.698530143012 555.840403048986
1829000 183.076143119477 183.291871175747 189.824415971668 556.192430266892
1830000 183.169326156789 183.352566710683 189.946979586127 556.468872453598
1831000 183.225191035456 183.458169608785 190.015466082547 556.698826726788
1832000 183.267683319712 183.517198726607 190.158262347929 556.943144394247
1833000 183.377042531797 183.659004384727 190.229132076052 557.265178992577
1834000 183.520979867363 183.833229392615 190.373638125904 557.727847385881
1835000 183.585841992623 183.899278245672 190.544721939998 558.029842178293
1836000 183.721939958451 184.021023571684 190.607584979181 558.350548509317
1837000 183.847513424147 184.047580978279 190.654062402292 558.549156804717
1838000 183.899789455888 184.147773410086 190.72512617316 558.772689039134
1839000 184.01823411226 184.247158936701 190.85962061073 559.12501365969
1840000 184.110239347621 184.286625017673 190.968937052831 559.365801418126
1841000 184.187378207628 184.414222560683 191.015400277976 559.617001046288
1842000 184.362366454008 184.492078363179 191.137586032282 559.99203084947
1843000 184.408854692479 184.679278624189 191.230804998556 560.318938315224
1844000 184.507846889857 184.729077713545 191.278855038811 560.515779642213
1845000 184.619110548764 184.80806554986 191.381822843235 560.80899894186
1846000 184.678602177714 184.896975172658 191.463959177677 561.039536528049
1847000 184.795379830648 185.00226740931 191.670151423293 561.46779866325
1848000 184.895226811566 185.165287630976 191.749545056018 561.81005949856
1849000 184.995261066203 185.218590288777 191.778179746479 561.992031101459
1850000 185.069037870263 185.315245780722 191.918775706359 562.303059357344
1851000 185.198111807898 185.431463781114 191.998085400057 562.627660989069
1852000 185.298488204414 185.555492447606 192.121296702056 562.975277354076
1853000 185.396984627501 185.602071021477 192.238939993164 563.237995642142
1854000 185.46044069965 185.657671616886 192.285989870274 563.40410218681
1855000 185.605272186075 185.780763548229 192.388289822243 563.774325556547
1856000 185.705590366547 185.835981622407 192.475880649368 564.017452638322
1857000 185.808947509627 185.94447235739 192.599127795809 564.352547662826
1858000 185.869477096393 186.018238409114 192.677043277914 564.564758783421
1859000 185.927576665316 186.181486833531 192.753050415233 564.862113914081
1860000 185.99006514676 186.181918371286 192.876798051418 565.048781569463
1861000 186.135921583928 186.355006341881 192.934939050929 565.425866976738
1862000 186.213960346082 186.455878940389 193.011490882361 565.681330168832
1863000 186.351084775806 186.5091858495 193.0953338121 565.955604437407
1864000 186.421135780085 186.583878804555 193.218834151495 566.223848736136
1865000 186.502821153722 186.662037124174 193.330303623275 566.495161901171
1866000 186.54464806147 186.780238369108 193.41301681602 566.737903246598
1867000 186.637542545184 186.850432709732 193.460602215162 566.948577470078
1868000 186.730757333095 186.912960596725 193.572781316615 567.216499246435
1869000 186.845083250421 187.067587378142 193.669103752589 567.581774381153
1870000 186.996241940096 187.20198316585 193.713889665393 567.91211477134
1871000 187.028306146629 187.280676215893 193.888106515918 568.197088878441
1872000 187.204444507985 187.363072513412 194.018836539075 568.586353560471
1873000 187.342950463503 187.434669954747 194.095162038458 568.872782456709
1874000 187.394470009088 187.51051517912 194.165257904384 569.070243092592
1875000 187.473476602491 187.608391931637 194.248432173473 569.3303007076
1876000 187.595636467169 187.683868271689 194.466372580226 569.745877319084
1877000 187.707191479609 187.836733766393 194.544499148286 570.088424394289
1878000 187.804065924765 187.877738027606 194.62095831033 570.302762262701
1879000 187.953882900588 187.974193494576 194.789851366613 570.717927761778
1880000 188.060059150648 188.05984389356 194.849383676518 570.969286720726
1881000 188.112555242742 188.11045443586 194.930709105094 571.153718783696
1882000 188.191156290292 188.238750019526 195.046771386008 571.476677695827
1883000 188.299042922362 188.338317130949 195.161542807682 571.798902860993
1884000 188.400516019678 188.406738121027 195.297315560216 572.104569700921
1885000 188.461899952112 188.548799867114 195.407829525424 572.418529344649
1886000 188.523308555595 188.688189576547 195.484320765893 572.695818898035
1887000 188.653150840204 188.72618634407 195.622387833738 573.001725018012
1888000 188.744814013553 188.864384043055 195.66331438724 573.272512443848
1889000 188.824835857029 188.901548122765 195.786399538657 573.512783518451
1890000 188.914226429016 188.98288900535 195.865780891773 573.762896326139
1891000 189.028431030521 189.141258759269 195.959166682704 574.128856472494
1892000 189.127655822623 189.242769845935 196.019639053569 574.390064722127
1893000 189.21897990447 189.29846244396 196.090459113337 574.607901461766
1894000 189.390963127785 189.410356756708 196.264557283647 575.06587716814
1895000 189.498814252651 189.566485665224 196.361002374436 575.426302292311
1896000 189.581079292921 189.586468868279 196.454842329713 575.622390490913
1897000 189.695826688926 189.766603825316 196.616662225319 576.079092739562
1898000 189.755030787113 189.854581754676 196.717557942461 576.32717048425
1899000 189.87326580713 189.986857572833 196.802000323219 576.662123703182
1900000 189.962002137942 190.053382543919 196.932820916503 576.948205598365
1901000 190.056683228041 190.20884846293 197.032024434278 577.29755612525
1902000 190.129102970428 190.290407567971 197.129059387694 577.548569926092
1903000 190.15787717218 190.341874427347 197.226584056292 577.726335655819
1904000 190.249718167815 190.413313853291 197.328336947941 577.991368969047
1905000 190.345691265667 190.537304671975 197.442531341018 578.32552727866
1906000 190.502948748397 190.632659541236 197.559074019078 578.69468230871
1907000 190.606767750658 190.599441343468 197.63383840838 578.840047502505
1908000 190.682196024265 190.712968139849 197.694031590609 579.089195754724
1909000 190.790513985432 190.870796459914 197.797335141384 579.45864558673
1910000 190.798240510346 191.002722491241 197.85606778244 579.657030784027
1911000 190.899285295708 191.112142972596 197.893153183844 579.904581452148
1912000 190.984278935513 191.176877456199 198.087081130749 580.248237522461
1913000 191.13997788326 191.362587286757 198.129519229246 580.632084399263
1914000 191.200647929046 191.425889144296 198.235287511693 580.861824585036
1915000 191.309398757957 191.500491532527 198.334791777664 581.144682068148
1916000 191.352048193451 191.522602246598 198.401930509182 581.276580949232
1917000 191.449572600564 191.572834193142 198.483045917486 581.505452711191
1918000 191.607232608299 191.669864755844 198.565207797586 581.84230516173
1919000 191.667032216264 191.775230116788 198.723555476397 582.165817809449
1920000 191.751872865812 191.903450570549 198.788674901517 582.443998337877
1921000 191.788480055945 191.946678018159 198.969088794778 582.704246868881
1922000 191.892049227718 192.02577541841 199.128513026123 583.046337672252
1923000 191.882746772335 192.108332178599 199.278440282881 583.269519233814
1924000 191.966066541923 192.213382540297 199.333058767745 583.512507849965
1925000 192.10765552262 192.373627128375 199.42530494513 583.906587596125
1926000 192.209914778852 192.551177612377 199.499096215949 584.260188607177
1927000 192.301721677814 192.621773669781 199.609714568626 584.533209916221
1928000 192.376342013044 192.695442958576 199.691329749269 584.763114720888
1929000 192.42505170163 192.825731251152 199.78159090966 585.032373862442
1930000 192.551612616618 192.919715756953 199.868077878973 585.339406252544
1931000 192.689863489086 192.983765073512 199.98067865634 585.654307218938
1932000 192.755236543476 193.151763623595 200.160900683709 586.06790085078
1933000 192.787449169844 193.219596848708 200.224136474227 586.23118249278
1934000 192.827265251173 193.34415569705 200.249491367977 586.4209123162
1935000 192.903042435502 193.39911137169 200.343232051504 586.645385858696
1936000 193.008678292431 193.502831455222 200.427814179214 586.939323926868
1937000 193.131381163667 193.614395958847 200.547998372748 587.293775495263
1938000 193.227101064482 193.724719827182 200.654370960317 587.606191851982
1939000 193.307423869523 193.777589079615 200.773017050171 587.858029999308
1940000 193.367511649607 193.923819575316 200.908875443552 588.200206668475
1941000 193.447699870663 194.0481336066 201.019453660376 588.515287137639
1942000 193.530945444352 194.089869914466 201.046316388239 588.667131747057
1943000 193.639320327011 194.187345061393 201.13199738207 588.958662770474
1944000 193.727891399945 194.35283791185 201.256825815029 589.337555126823
1945000 193.778669925073 194.462755208031 201.374276274425 589.615701407528
1946000 193.86903735501 194.560629049563 201.508381992102 589.938048396675
1947000 193.957789712451 194.617134233002 201.605088880617 590.180012826069
1948000 194.096090968312 194.670024378402 201.686370034406 590.45248538112
1949000 194.181936869012 194.858342151604 201.819853688835 590.860132709451
1950000 194.253185565284 194.973565913511 201.920109849994 591.146861328789
1951000 194.258319017917 195.082487081515 201.962728824285 591.303534923716
1952000 194.32387420669 195.185699544303 202.075170983242 591.584744734235
1953000 194.474939278037 195.196135642325 202.1391904339 591.810265354262
1954000 194.561286996051 195.378593945476 202.193402748167 592.133283689694
1955000 194.625795981769 195.42496498989 202.336198761171 592.386959732831
1956000 194.664019374327 195.460570648034 202.417775813947 592.542365836308
1957000 194.850693316603 195.574022597173 202.523794454498 592.948510368274
1958000 194.945235642396 195.61870565232 202.556616458107 593.120557752822
1959000 194.992502253135 195.791236967731 202.669452675373 593.453191896239
1960000 195.149246677297 195.907886225113 202.711292751777 593.768425654186
1961000 195.317526635256 196.051259882901 202.815815793452 594.184602311609
1962000 195.394403652003 196.167201581899 202.946730280658 594.508335514559
1963000 195.481059933355 196.231183247415 203.026885416931 594.739128597701
1964000 195.576745178373 196.367650635999 203.178656527208 595.123052341579
1965000 195.673903412543 196.372509194543 203.338303079922 595.384715687008
1966000 195.772825146617 196.541716806994 203.372070221277 595.686612174889
1967000 195.864528381048 196.576297394139 203.460999698775 595.901825473962
1968000 195.973596659903 196.779507878173 203.554924541517 596.308029079593
1969000 196.168413446337 196.794157234397 203.675619576902 596.638190257636
1970000 196.25291471463 196.891554301055 203.751757199972 596.896226215657
1971000 196.387683725131 196.958686428398 203.801207349882 597.14757750341
1972000 196.4950905995 197.041552451631 203.846074101659 597.382717152791
1973000 196.577955500227 197.168317029066 203.97817028214 597.724442811434
1974000 196.697694947913 197.330615884735 204.143698777139 598.172009609787
1975000 196.830542244887 197.446064081766 204.205821807648 598.482428134301
1976000 196.902476351725 197.557293985248 204.302623834801 598.762394171774
1977000 197.095159458808 197.611474874283 204.445800015808 599.152434348898
1978000 197.149506683158 197.720820557584 204.464824620999 599.335151861741
1979000 197.265241719286 197.842926340625 204.63772332285 599.745891382761
1980000 197.377816159137 197.896000519382 204.66935029526 599.943166973779
1981000 197.541872290426 198.037448500293 204.811438377094 600.390759167813
1982000 197.621646367954 198.215241132851 204.851411640028 600.688299140833
1983000 197.723601674792 198.226626358684 204.974457975642 600.924686009118
1984000 197.765880819863 198.259655679448 205.04232235625 601.067858855561
1985000 197.882327398746 198.364857640892 205.197914287645 601.445099327283
1986000 197.983499878682 198.468352231065 205.303608017407 601.755460127154
1987000 198.064268459937 198.53218947121 205.404407292031 602.000865223177
1988000 198.21770961669 198.62363714062 205.522085896697 602.363432654007
1989000 198.334347781534 198.691840083023 205.664581077033 602.69076894159
1990000 198.405578519057 198.821831308125 205.749100675976 602.976510503158
1991000 198.466062479571 198.917968576629 205.860472746463 603.244503802664
1992000 198.499226227256 199.026049970973 205.946644686394 603.471920884623
1993000 198.6721191069 199.000290275377 206.047415103298 603.719824485576
1994000 198.712713396012 199.117460826466 206.080520402283 603.91069462476
1995000 198.861392371933 199.291413257008 206.259454943303 604.412260572244
1996000 198.940684468671 199.346062001243 206.33474852069 604.621494990603
1997000 199.060346205426 199.389577254612 206.480258287182 604.93018174722
1998000 199.121053946564 199.470875776511 206.559889307983 605.151819031058
1999000 199.19641648222 199.647800847481 206.657983709121 605.502201038822
2000000 199.335058747938 199.725675101637 206.788006313281 605.848740162855
2001000 199.411307609597 199.835074899287 206.892326233686 606.13870874257
2002000 199.51450056394 199.852459393277 206.956328803934 606.323288761151
2003000 199.592045029905 199.990768643619 207.111302732135 606.694116405659
2004000 199.757777215936 200.109538796778 207.217641871111 607.084957883825
2005000 199.86895417515 200.212986415671 207.278670053169 607.36061064399
2006000 200.006451250841 200.237003608392 207.486408456813 607.729863316046
2007000 200.139684257742 200.383361557756 207.616068846508 608.139114662005
2008000 200.212420199488 200.420035437422 207.716495382871 608.348951019781
2009000 200.390447336485 200.548794431785 207.857103360832 608.796345129102
2010000 200.516465849691 200.629417562015 207.885306548397 609.031189960103
2011000 200.570979847212 200.771867787221 208.076472787198 609.419320421631
2012000 200.574538002521 200.868904011127 208.171315238558 609.614757252206
2013000 200.801319445507 200.918192167016 208.24693597942 609.966447591943
2014000 200.874332662168 201.020523969953 208.400524525589 610.29538115771
2015000 201.037488722988 201.106043876039 208.41539395499 610.558926554017
2016000 201.097398678542 201.137118818711 208.608333008674 610.842850505927
2017000 201.162973048391 201.249688357905 208.679368365394 611.09202977169
2018000 201.287283880194 201.292994611127 208.855096293204 611.435374784525
2019000 201.382073816927 201.415290735122 208.907354407963 611.704718960013
2020000 201.557045754925 201.518101502392 208.942228924391 612.017376181708
2021000 201.616009544044 201.654864813409 209.033101814364 612.303976171818
2022000 201.737617314153 201.748858344177 209.203607073151 612.690082731481
2023000 201.792238769251 201.794282929602 209.370701126511 612.957222825363
2024000 201.926101050928 201.959836616448 209.402224693557 613.288162360933
2025000 201.959291487094 202.024872874607 209.452251534447 613.436415896148
2026000 202.032066245234 202.151666840504 209.582152911806 613.765885997543
2027000 202.113571947841 202.271957892302 209.670709837364 614.056239677507
2028000 202.182233471128 202.376822526715 209.798895305354 614.357951303197
2029000 202.257702037159 202.450773561613 209.898245640409 614.606721239181
2030000 202.363640193045 202.519254073846 210.042979412411 614.925873679301
2031000 202.414651210472 202.656339369845 210.165537362649 615.236527942966
2032000 202.468431512047 202.698789835107 210.290060043783 615.457281390936
2033000 202.549423008757 202.817607290879 210.35550820321 615.722538502845
2034000 202.700060060804 202.889152015498 210.415515411366 616.004727487667
2035000 202.76957093805 203.041974998639 210.594360516388 616.405906453078
2036000 202.813386646945 203.152085484314 210.658354347529 616.623826478788
2037000 202.954638174492 203.192442871396 210.759310728708 616.906391774596
2038000 203.009286015871 203.310177840572 210.866171319286 617.18563517573
2039000 203.084429765369 203.418128199527 210.951929564611 617.454487529506
2040000 203.188266400736 203.479574168531 211.045610861054 617.713451430321
2041000 203.256167260081 203.668122395301 211.073936659907 617.998226315289
2042000 203.336985846772 203.784090607476 211.17081423453 618.291890688778
2043000 203.472513225406 203.835759914291 211.292526443567 618.600799583264
2044000 203.533906426499 203.911113237114 211.469334571005 618.914354234618
2045000 203.627295259175 204.049976939253 211.52807607949 619.205348277917
2046000 203.734648504934 204.145019721016 211.654005743626 619.533673969576
2047000 203.80251437373 204.260174126161 211.724156048509 619.7868445484
2048000 203.914696791699 204.366426238664 211.815819253539 620.096942283903
2049000 204.034273720148 204.46443801626 211.972466355333 620.471178091741
2050000 204.139328554955 204.591690241912 212.057526715491 620.788545512358
2051000 204.179520411279 204.674590962685 212.170524589864 621.024635963829
2052000 204.316507949382 204.761646795968 212.299658287451 621.3778130328
2053000 204.388401980575 204.859517144394 212.396244827741 621.644163952711
2054000 204.494464743928 204.954385858972 212.463905408142 621.912756011043
2055000 204.588570688996 205.1337250594 212.550344177234 622.27263992563
2056000 204.66440434588 205.152231893726 212.700940470603 622.517576710209
2057000 204.772908427905 205.285922159847 212.760028611067 622.818859198819
2058000 204.787284872843 205.376572891442 212.864623350034 623.02848111432
2059000 204.862304111685 205.487414340583 212.924887394894 623.274605847162
2060000 204.964363274143 205.597546954788 213.039965357646 623.601875586576
2061000 205.021011733763 205.701970134046 213.110668809841 623.833650677649
2062000 205.122733529553 205.853083508519 213.268207423435 624.244024461506
2063000 205.269332604063 205.916324187684 213.359552025038 624.545208816784
2064000 205.277202561271 206.108093934369 213.471968098428 624.857264594067
2065000 205.398257154566 206.132687663941 213.58408589993 625.115030718437
2066000 205.491593397302 206.351870339239 213.646699926613 625.490163663154
2067000 205.568268155497 206.344505517854 213.76239034493 625.675164018281
2068000 205.677965702381 206.467144689064 213.866393741224 626.011504132669
2069000 205.780479645979 206.528543573474 213.934044017211 626.243067236664
2070000 205.906045730394 206.625902435009 214.149721040505 626.681669205909
2071000 205.989027895409 206.738191284941 214.211409709308 626.938628889659
2072000 206.109620466314 206.820175135968 214.300761488964 627.230557091246
2073000 206.232261600348 206.962648800833 214.386733834092 627.581644235273
2074000 206.303906381535 207.059852176226 214.483034941847 627.846793499608
2075000 206.426167612048 207.121600115022 214.575875901821 628.123643628891
2076000 206.446217181487 207.165784777925 214.684297746514 628.296299705926
2077000 206.630878242101 207.331192165827 214.80682282175 628.768893229678
2078000 206.592444971215 207.430402422046 214.946504669 628.969352062261
2079000 206.711541944131 207.503460177949 215.028616211356 629.243618333436
2080000 206.748948471334 207.586314955226 215.092815505832 629.428078932392
2081000 206.848254434434 207.764779521861 215.228270922628 629.841304878924
2082000 206.837673533456 207.801095540592 215.299593308151 629.938362382199
2083000 206.947620715198 207.933856646564 215.371819214063 630.253296575826
2084000 207.056184388657 207.996741945294 215.488672409951 630.541598743902
2085000 207.056359457935 208.093974713314 215.592836625379 630.743170796628
2086000 207.166454568944 208.210491379325 215.693851015213 631.070796963483
2087000 207.244220940954 208.297159300259 215.745474779059 631.286855020272
2088000 207.33167529112 208.386063554077 215.833818167805 631.551557013002
2089000 207.348626250739 208.496282879204 215.893804270382 631.738713400324
2090000 207.496085030307 208.638007063192 215.981652940054 632.115745033553
2091000 207.613359607533 208.73894610081 216.087974711154 632.440280419497
2092000 207.652067264555 208.847862513153 216.119637782803 632.619567560511
2093000 207.715926514992 209.038769822596 216.289346764533 633.044043102121
2094000 207.863345112662 209.087620793971 216.313501468408 633.264467375041
2095000 207.895614344666 209.146637063137 216.397469703522 633.439721111325
2096000 207.947458095631 209.255727511803 216.443420757342 633.646606364775
2097000 208.068401810907 209.355539689345 216.63824412402 634.062185624271
2098000 208.168474687576 209.461544841478 216.684193030104 634.314212559158
2099000 208.310821592607 209.583739153463 216.83247311114 634.727033857209
2100000 208.398463828904 209.680469654266 216.914029361896 634.992962845066
2101000 208.485545391865 209.826626882506 217.03897109287 635.35114336724
2102000 208.577035803525 209.897899037554 217.097687891441 635.57262273252
2103000 208.668227460672 209.97854566954 217.202992453511 635.849765583723
2104000 208.803122693654 210.051492984305 217.2816702798 636.136285957759
2105000 208.903519103978 210.119093460324 217.338568522054 636.361181086356
2106000 209.011104785269 210.166408591461 217.440649181896 636.618162558626
2107000 209.173081165541 210.332270619495 217.631683564714 637.13703534975
2108000 209.246211306803 210.354928287111 217.664949201913 637.266088795827
2109000 209.406091800806 210.434508062181 217.780395271505 637.620995134492
2110000 209.489537393561 210.54302378448 217.897255507508 637.929816685548
2111000 209.582183430718 210.612617030463 218.010170292493 638.204970753674
2112000 209.745330368949 210.716950991283 218.141870823072 638.604152183305
2113000 209.851533904702 210.838280456644 218.232733753725 638.922548115072
2114000 209.921736963795 210.957373191084 218.407906311324 639.287016466203
2115000 209.994327791631 211.065288748009 218.409665477998 639.469282017638
2116000 210.13995614282 211.113573311151 218.595124997086 639.848654451056
2117000 210.284259703789 211.176320760349 218.743319381405 640.203899845543
2118000 210.256132208614 211.262768337815 218.827478518674 640.346379065104
2119000 210.364969458393 211.42874984358 218.919437423186 640.713156725159
2120000 210.516240759388 211.494791489643 219.032986788306 641.044019037336
2121000 210.599364917841 211.659899140174 219.199928800503 641.459192858518
2122000 210.668959944467 211.692395190803 219.301466158605 641.662821293876
2123000 210.73096329208 211.718672995476 219.465599801037 641.915236088593
2124000 210.832417306567 211.79288903509 219.600960128869 642.226266470525
2125000 210.891027576455 211.850022597001 219.633535178914 642.37458535237
2126000 210.977037318128 211.972244403934 219.708216507038 642.657498229101
2127000 211.070313193446 212.035372884277 219.820848425969 642.926534503692
2128000 211.161729259822 212.111625830425 219.846776674511 643.120131764759
2129000 211.204149236074 212.191708480979 219.966704339068 643.362562056121
2130000 211.353496062984 212.259836244959 220.011838057758 643.625170365701
2131000 211.448584662123 212.395069577977 220.143490453232 643.987144693332
2132000 211.573256653055 212.518732361202 220.202078976197 644.294067990454
2133000 211.660670555908 212.587738712088 220.287833671643 644.53624293964
2134000 211.824451909668 212.627426205692 220.429668573684 644.881546689045
2135000 211.957888739311 212.678086181537 220.525684155311 645.161659076159
2136000 212.058108559721 212.856043304077 220.68058673078 645.594738594578
2137000 212.235293531681 212.906565854813 220.698530552048 645.840389938542
2138000 212.346194644183 212.959720626824 220.725735636726 646.031650907733
2139000 212.376566334136 213.039821173452 220.749829129395 646.166216636984
2140000 212.534826339881 213.077520685785 220.856503297649 646.468850323315
2141000 212.623130393612 213.213916462007 220.996866430548 646.833913286167
2142000 212.751845383052 213.343447273047 221.104056586147 647.199349242245
2143000 212.864160312426 213.440237699211 221.11286946573 647.417267477367
2144000 212.947838676074 213.520192638278 221.318680883167 647.78671219752
2145000 213.057929759338 213.61372491254 221.39728360556 648.068938277437
2146000 213.217383293163 213.704980192947 221.483670920838 648.406034406948
2147000 213.290063836473 213.77469959775 221.628807284948 648.693570719171
2148000 213.413465311928 213.849577712489 221.708195373345 648.971238397763
2149000 213.537787842684 213.99302331139 221.772666103967 649.303477258041
2150000 213.582743324304 214.060167595136 221.922601334991 649.56551225443
2151000 213.599670552549 214.082837560461 222.007199403242 649.689707516252
2152000 213.753557205264 214.205607756799 222.129106793065 650.088271755128
2153000 213.862729935451 214.250807531063 222.288063698789 650.401601165302
2154000 213.966957320217 214.308591121428 222.394551466494 650.670099908139
2155000 214.019819930556 214.45571253141 222.500351354266 650.975883816232
2156000 214.139319822848 214.532865266165 222.63058104352 651.302766132532
2157000 214.245992888821 214.677061935775 222.748454242891 651.671509067487
2158000 214.263386094752 214.802866254174 222.909362510879 651.975614859805
2159000 214.459404054508 214.869461318786 222.942468125859 652.271333499153
2160000 214.53428992073 214.973771929075 223.063988235029 652.572050084834
2161000 214.66439801256 215.05568483181 223.194882052801 652.91496489717
2162000 214.754944202806 215.140869560258 223.338440183972 653.234253947035
2163000 214.802793658688 215.188909930693 223.328784886454 653.320488475836
2164000 214.973387151427 215.294739957143 223.441136393543 653.709263502113
2165000 215.012144654847 215.325617549525 223.622815007501 653.960577211872
2166000 215.123372842483 215.467889500455 223.813686127296 654.404948470234
2167000 215.226915624458 215.573548550521 223.875802560122 654.676266735101
2168000 215.338139479101 215.62190838687 224.006873110477 654.966920976448
2169000 215.452041569732 215.648815639091 224.037934219038 655.138791427861
2170000 215.540851107535 215.806805858908 224.183843086053 655.531500052496
2171000 215.621998033487 215.835039456468 224.23642390431 655.693461394266
2172000 215.715588828428 215.939950508265 224.27959248767 655.935131824363
2173000 215.765002827305 216.052971793486 224.341563905013 656.159538525804
2174000 215.900579913553 216.132425112441 224.466122035354 656.499127061348
2175000 215.92896502901 216.154295713126 224.501262326591 656.584523068726
2176000 216.126114343964 216.292939673348 224.633996922554 657.053050939866
2177000 216.182665121108 216.401176280899 224.744843815338 657.328685217344
2178000 216.276292692289 216.494367155231 224.81479965211 657.58545949963
2179000 216.421443921047 216.528967820116 224.956592502878 657.907004244041
2180000 216.497202640445 216.612756158043 225.026868716471 658.136827514958
2181000 216.624182954762 216.709704194976 225.150894172815 658.484781322554
2182000 216.740062123904 216.8544612151 225.234386015902 658.828909354906
2183000 216.824813514948 216.951610373772 225.397827670497 659.174251559216
2184000 216.94765083066 217.024348799991 225.355329678554 659.327329309205
2185000 217.052877000269 217.088719109736 225.417364742813 659.558960852818
2186000 217.121994398099 217.157510353226 225.540529829499 659.820034580824
2187000 217.176701045755 217.241551765416 225.677345225709 660.09559803688
2188000 217.331231026571 217.302521888195 225.819701017952 660.453453932718
2189000 217.426871066783 217.465404068402 225.864749205731 660.757024340916
2190000 217.506890985676 217.529260081858 225.993399423139 661.029550490673
2191000 217.642647162249 217.708750083894 226.125234439207 661.476631685351
2192000 217.687508200413 217.819825193398 226.122327448731 661.629660842541
2193000 217.852079711581 217.825403868253 226.26524614354 661.942729723374
2194000 218.034273138941 217.96610533663 226.352502697209 662.35288117278
2195000 218.102439023482 218.004708451052 226.467279951903 662.574427426437
2196000 218.187639261081 218.100124570991 226.615572336519 662.903336168592
2197000 218.297279360768 218.185758990254 226.610268158315 663.093306509337
2198000 218.457390365874 218.248253956141 226.771178106756 663.476822428771
2199000 218.518878945122 218.374596156609 226.86899076789 663.76246586962
2200000 218.53945425559 218.476349581129 227.006476743417 664.022280580137
2201000 218.627109567735 218.551850649028 227.092830921541 664.271791138304
2202000 218.681240063148 218.702934405576 227.239646814282 664.623821283006
2203000 218.845094335149 218.773706712523 227.330062333889 664.94886338156
2204000 218.94933185533 218.901394724936 227.477105193373 665.327831773639
2205000 219.020642177281 219.011895860156 227.532469666547 665.565007703983
2206000 219.04720059987 219.020113849421 227.653418020067 665.720732469358
2207000 219.243299137029 219.078736888806 227.682078457502 666.004114483338
2208000 219.330976480191 219.176061560074 227.82520235644 666.332240396704
2209000 219.384642389131 219.228110896354 227.988149578569 666.600902864055
2210000 219.471132169599 219.289372077221 228.041403057228 666.801907304047
2211000 219.584871281595 219.37551468738 228.200658314298 667.161044283272
2212000 219.664989751889 219.46272987438 228.266399723858 667.394119350128
2213000 219.818573814807 219.571931316851 228.422494778981 667.812999910639
2214000 219.878891463172 219.629949608829 228.508378406751 668.017219478752
2215000 219.89285783172 219.742805548754 228.615750039489 668.251413419963
2216000 220.017815232938 219.713392330086 228.748654011438 668.479861574462
2217000 220.10638545778 219.827042404672 228.818387392323 668.751815254775
2218000 220.220439543625 219.942204267813 228.871433078896 669.034076890334
2219000 220.240724345583 220.008718507104 228.98603949074 669.235482343427
2220000 220.347238437772 220.128183181927 229.098718431455 669.574140051154
2221000 220.454440491784 220.250361174121 229.253871994957 669.958673660862
2222000 220.560178907493 220.357485789224 229.299409664418 670.217074361134
2223000 220.661813986505 220.435053081923 229.409584933506 670.506452001935
2224000 220.724555810407 220.488530160017 229.552621733056 670.765707703481
2225000 220.840033691385 220.594337131816 229.616794221709 671.05116504491
2226000 220.952585717452 220.721503612751 229.782208893271 671.456298223473
2227000 221.026846895478 220.78710061827 229.843365081894 671.657312595642
2228000 221.216095806959 220.929938774954 229.86400903839 672.010043620304
2229000 221.259167373193 221.013872429812 229.950161976858 672.223201779864
2230000 221.449307664863 221.163582548279 230.118715609145 672.731605822287
2231000 221.467533231101 221.275097928945 230.180353983014 672.922985143061
2232000 221.553924218719 221.372373227475 230.249624651367 673.175922097561
2233000 221.701983878552 221.37479408468 230.377404653344 673.454182616576
2234000 221.723709967751 221.537347079762 230.509037298766 673.770094346279
2235000 221.78248862777 221.605393644345 230.672782411261 674.060664683376
2236000 221.793651952286 221.790482631756 230.761688767588 674.34582335163
2237000 221.949229586741 221.857214881526 230.880514584428 674.686959052695
2238000 222.027866024063 221.998175662816 230.907776777962 674.933818464841
2239000 222.136732076599 222.02609539139 231.080073127291 675.242900595279
2240000 222.138638297989 222.111218989816 231.208667908739 675.458525196545
2241000 222.235151545399 222.197842524259 231.242766957538 675.675761027196
2242000 222.353216632887 222.318477092125 231.320643042006 675.992336767018
2243000 222.403914467085 222.427186429011 231.501837728695 676.332938624791
2244000 222.580006954431 222.519329155065 231.61896067158 676.718296781075
2245000 222.670993747315 222.625078835808 231.69783794505 676.993910528173
2246000 222.822162662133 222.739442843611 231.793766897 677.355372402744
2247000 222.923346162784 222.843253622499 231.897985874513 677.664585659795
2248000 223.106229719646 222.907997781125 232.064676777998 678.078904278769
2249000 223.223787226224 223.01387543519 232.118765707024 678.356428368437
2250000 223.282639188462 223.105434876481 232.279167882957 678.6672419479
2251000 223.384444931106 223.196703058459 232.282789652392 678.863937641957
2252000 223.49426262086 223.28375939839 232.449523336751 679.227545356
2253000 223.634467011557 223.411787209703 232.471995173411 679.518249394671
2254000 223.795041946523 223.477181591339 232.583994608732 679.856218146594
2255000 223.881057415235 223.635820751575 232.707353848942 680.224232015751
2256000 224.001299649367 223.779106310372 232.773867679046 680.554273638784
2257000 224.087452830414 223.812789800448 232.911863900175 680.812106531036
2258000 224.108330475243 223.96410696956 232.950977431062 681.023414875865
2259000 224.237498011354 223.989973304357 233.062108715986 681.289580031697
2260000 224.259966263909 224.092989054556 233.071770970573 681.424726289038
2261000 224.393423686109 224.143990809291 233.255889731944 681.793304227343
2262000 224.456564386068 224.267670319255 233.312731157818 682.036965863141
2263000 224.620797210962 224.472547209766 233.330893644828 682.424238065557
2264000 224.691202798744 224.534146858647 233.477893966906 682.703243624297
2265000 224.800064417763 224.628041167012 233.553871946646 682.981977531421
2266000 224.871915995528 224.711299321059 233.648544133675 683.231759450261
2267000 224.993836599919 224.768506948393 233.785665753261 683.548009301573
2268000 225.087373269106 224.855984726846 233.896214299817 683.83957229577
2269000 225.129670949832 224.992540295625 233.956743199064 684.07895444452
2270000 225.287760880308 225.128135535671 234.008418931679 684.424315347658
2271000 225.364716278603 225.230469380937 234.11708818404 684.71227384358
2272000 225.443244892147 225.293919246125 234.249276683574 684.986440821845
2273000 225.454040325214 225.404824075151 234.314767278518 685.173631678884
2274000 225.59792405104 225.443224361129 234.44077277414 685.481921186309
2275000 225.691734500608 225.598978191651 234.502825320589 685.793538012847
2276000 225.731837477886 225.708124945705 234.55728870106 685.99725112465
2277000 225.87605312578 225.851742947725 234.656360130181 686.384156203686
2278000 225.96580107738 225.93042260286 234.773529736908 686.669753417149
2279000 226.102107295121 226.034393206688 234.869807037159 687.006307538968
2280000 226.119021352536 226.226724344291 235.015537863082 687.361283559909
2281000 226.151845215813 226.314536948918 235.057099067179 687.52348123191
2282000 226.317391423895 226.36162906302 235.160725748657 687.839746235572
2283000 226.456426112349 226.396503318049 235.223284300285 688.076213730683
2284000 226.529605425797 226.552730115166 235.405020488502 688.487356029465
2285000 226.707225541446 226.615204837572 235.526643624919 688.849074003937
2286000 226.71274077806 226.690005261338 235.766342063367 689.169088102765
2287000 226.824592305466 226.900786369822 235.82174217317 689.547120848458
2288000 226.869321762925 226.944694517014 235.919504182541 689.73352046248
2289000 226.959328547744 227.104751513135 235.938316321627 690.002396382505
2290000 227.110394934129 227.151377398562 236.019903951791 690.281676284481
2291000 227.164128625108 227.267158916364 236.127259786239 690.55854732771
2292000 227.293678664611 227.365417870225 236.206717015385 690.865813550222
2293000 227.396686437482 227.459424614165 236.357422043456 691.213533095102
2294000 227.470108255499 227.472292101381 236.427001911793 691.369402268673
2295000 227.551607396336 227.544340099546 236.527793199094 691.623740694975
2296000 227.608896866906 227.694107213962 236.653738512359 691.956742593227
2297000 227.718209543526 227.843196644055 236.731843570443 692.293249758024
2298000 227.731404938409 227.919145721736 236.889797045029 692.540347705174
2299000 227.833575210413 228.021289482009 236.921108549265 692.775973241687
2300000 227.946594547923 228.113808587201 236.993173283499 693.053576418624
2301000 228.075666070364 228.24304421961 237.106866912157 693.425577202131
2302000 228.116607218379 228.2609990111 237.191152409911 693.56875863939
2303000 228.141583935386 228.34682121695 237.315694146346 693.804099298683
2304000 228.23471192862 228.44133739 237.364647628999 694.040696947619
2305000 228.295201328402 228.5063153908 237.518338738109 694.319855457311
2306000 228.39843193144 228.597140818778 237.616229165288 694.611801915507
2307000 228.508893408068 228.682733329616 237.725832768155 694.917459505839
2308000 228.537257464187 228.782585815628 237.770325923322 695.090169203137
2309000 228.617537100626 228.813669886751 237.942610445714 695.373817433092
2310000 228.715572848343 228.932942429509 238.104046580519 695.752561858372
2311000 228.8291318807 229.065974002893 238.153839715251 696.048945598844
2312000 228.991766924852 229.157721962022 238.314777821682 696.464266708555
2313000 229.064566096205 229.303792586946 238.313799999639 696.68215868279
2314000 229.196008534382 229.390174989558 238.406051796059 696.99223532
2315000 229.296145963267 229.484096428965 238.424449310645 697.204691702877
2316000 229.355553172985 229.569749870257 238.536235896093 697.461538939335
2317000 229.40510855302 229.695185258079 238.656685158549 697.756978969648
2318000 229.548575609658 229.771185504761 238.743985512736 698.063746627155
2319000 229.635358461995 229.928797966323 238.850632809936 698.414789238254
2320000 229.744505534378 230.00823409808 238.960224989571 698.712964622029
2321000 229.845340142881 230.0802423546 239.083358445513 699.008940942994
2322000 229.931602061998 230.179731354847 239.142603467129 699.253936883974
2323000 230.042004862197 230.282273868785 239.277428065849 699.601706796831
2324000 230.182094439049 230.388650187298 239.342965010933 699.913709637281
2325000 230.214340386306 230.467373312631 239.402247247703 700.08396094664
2326000 230.28653732511 230.579327191033 239.559174065177 700.42503858132
2327000 230.318603386947 230.746405584973 239.672053775481 700.737062747402
2328000 230.381239221988 230.8631296134 239.782290891772 701.02665972716
2329000 230.515771243434 230.96666536852 239.89556002819 701.377996640144
2330000 230.578041223398 231.036029735711 239.983354825817 701.597425784926
2331000 230.669917723114 231.119944218355 240.18119345376 701.971055395229
2332000 230.826138942692 231.315727305394 240.259408791011 702.401275039097
2333000 230.777074290163 231.420885304693 240.316540047192 702.514499642047
2334000 230.938677035717 231.496629560198 240.446981178012 702.882287773926
2335000 231.004619094244 231.576029103048 240.586446066867 703.167094264159
2336000 231.152176187785 231.735391047257 240.621346200487 703.50891343553
2337000 231.202768175996 231.800045777768 240.692013229782 703.694827183545
2338000 231.292926488049 231.881066415077 240.755463606336 703.929456509462
2339000 231.375500146942 231.967914119969 240.865282116081 704.208696382991
2340000 231.469150453969 232.011781884028 241.024138392518 704.505070730515
2341000 231.526647269659 232.057051755194 241.091840727648 704.675539752501
2342000 231.622806040459 232.134671885504 241.165491026673 704.922968952636
2343000 231.761626194124 232.265226260702 241.234602011527 705.261454466353
2344000 231.873835836736 232.376132390986 241.361575937598 705.611544165321
2345000 231.931671202707 232.519706741162 241.413558132354 705.864936076223
2346000 232.01882241094 232.536283206721 241.495627487134 706.050733104796
2347000 232.087634293999 232.734141557035 241.566688269248 706.388464120282
2348000 232.196696137202 232.809657065641 241.642250017511 706.648603220354
2349000 232.399808376366 232.882100069523 241.696933276311 706.9788417222
2350000 232.461171480374 232.979756668514 241.756241900891 707.197170049779
2351000 232.554284691464 233.128733421292 241.918176896765 707.601195009522
2352000 232.71252636504 233.164385760586 242.045631377063 707.92254350269
2353000 232.800830593563 233.333475626239 242.135304509134 708.269610728936
2354000 232.78714839784 233.390330365662 242.149170934372 708.326649697874
2355000 232.864209862996 233.466290253893 242.277522547431 708.608022664321
2356000 232.939527405059 233.610293862601 242.367555466536 708.917376734197
2357000 233.03292627395 233.66142066391 242.455332646855 709.149679584715
2358000 233.100356911289 233.751619656646 242.523497668405 709.37547423634
2359000 233.286084564077 233.933416017192 242.715972766531 709.9354733478
2360000 233.348970687562 233.987402562456 242.687526389593 710.023899639611
2361000 233.560905761191 234.085331797121 242.725655217125 710.371892775437
2362000 233.638644099657 234.184123709576 242.887939386173 710.710707195406
2363000 233.718306847402 234.327864439598 243.001750312801 711.0479215998
2364000 233.80908523271 234.39824613807 243.07163994298 711.27897131376
2365000 233.963533876356 234.482132941514 243.166918608133 711.612585426003
2366000 234.058867895309 234.595195845847 243.243461694486 711.897525435641
2367000 234.148843670445 234.582424928168 243.396311812493 712.127580411107
2368000 234.213190335379 234.671757724634 243.530267132089 712.415215192101
2369000 234.27626787448 234.781199838866 243.736343885968 712.793811599314
2370000 234.32978008588 234.914500899482 243.780630212042 713.024911197404
2371000 234.423233418445 235.015128231407 243.845698580395 713.284060230247
2372000 234.537481391173 235.112438842499 244.006227759051 713.656147992724
2373000 234.662290220425 235.234956340085 244.091373097012 713.988619657522
2374000 234.683158275453 235.29130392468 244.202191573228 714.176653773361
2375000 234.801657704708 235.356157766491 244.274659974266 714.432475445465
2376000 234.874030573908 235.512594267378 244.442971666112 714.829596507398
2377000 235.079203651575 235.608197210584 244.517209725614 715.204610587773
2378000 235.102783388793 235.737257318824 244.519667498169 715.359708205787
2379000 235.243280708985 235.748471333156 244.676374991314 715.668127033455
2380000 235.372602415935 235.833084002809 244.797306454559 716.002992873303
2381000 235.504833447824 235.979798507583 244.855182891109 716.339814846517
2382000 235.591795773837 236.089601201719 244.95439677019 716.635793745746
2383000 235.681811409287 236.227349416582 245.064247282608 716.973408108477
2384000 235.739801930066 236.384421021099 245.13413836117 717.258361312335
2385000 235.856164182523 236.502172926894 245.279140472772 717.637477582189
2386000 235.948012934693 236.609301589904 245.481641282012 718.038955806609
2387000 236.086459044484 236.787328938012 245.567438628978 718.441226611474
2388000 236.20174689369 236.805267786188 245.714049337722 718.7210640176
2389000 236.313809733057 236.963064538327 245.81886789727 719.095742168655
2390000 236.387583613376 236.98828481599 245.939817058635 719.315685488
2391000 236.568964824825 237.120153234293 246.146532131219 719.835650190337
2392000 236.674741124594 237.252223855765 246.233165958538 720.160130938897
2393000 236.734662498429 237.39218235747 246.254781255963 720.381626111862
2394000 236.820356046795 237.463168149176 246.402444680593 720.685968876565
2395000 236.911206190364 237.520599393223 246.537570872972 720.969376456559
2396000 236.988283845059 237.633250870326 246.687177664604 721.30871237999
2397000 237.094578399459 237.725543696371 246.76769633975 721.58781843558
2398000 237.204597359277 237.819562346324 246.839031678363 721.863191383964
2399000 237.325009373442 237.902621241614 246.855122298009 722.082752913066
2400000 237.363654307471 238.041813884766 246.964439769298 722.369907961535
2401000 237.507454192246 238.102105712199 247.062690287043 722.672250191487
2402000 237.545840703809 238.175800496342 247.149440469673 722.871081669824
2403000 237.712801511286 238.276055222672 247.278065539857 723.266922273815
2404000 237.777103137443 238.361343722309 247.284116802197 723.422563661949
2405000 237.821676553599 238.486660214855 247.458267312013 723.766604080467
2406000 237.959229623759 238.625300656563 247.502341793159 724.08687207348
2407000 238.063772810388 238.816321277688 247.666151387325 724.546245475401
2408000 238.178465381905 238.929953528357 247.823913570586 724.932332480849
2409000 238.254599963852 239.036114806959 247.924401013558 725.215115784368
2410000 238.308854178978 239.151559026535 247.947457043469 725.407870248981
2411000 238.36665371922 239.291892574143 248.087309854556 725.745856147919
2412000 238.493276414838 239.332908919491 248.167162394174 725.993347728503
2413000 238.645345222047 239.391049529945 248.253753536088 726.29014828808
2414000 238.706750741535 239.414868188192 248.398816654291 726.520435584018
2415000 238.829544647358 239.564539512764 248.467572235188 726.86165639531
2416000 238.936955906681 239.644606620835 248.58004690999 727.161609437505
2417000 239.013890931792 239.716042395623 248.64269570278 727.372629030195
2418000 239.145008930775 239.813775581783 248.75111718822 727.709901700778
2419000 239.240991543563 239.879012562212 248.809092443131 727.929096548905
2420000 239.326150612099 239.958312554824 248.9618394513 728.246302618223
2421000 239.396455421544 240.077014173925 249.023690066237 728.497159661706
2422000 239.47048111568 240.171678871695 249.145995793255 728.78815578063
2423000 239.66027067421 240.305734515876 249.187266828469 729.153272018555
2424000 239.706222047463 240.339136175071 249.330306733018 729.375664955552
2425000 239.797242210682 240.453369687016 249.411576650397 729.662188548096
2426000 239.865405171232 240.532508171147 249.602878460679 730.000791803058
2427000 240.051475589498 240.67396179061 249.604580482826 730.330017862934
2428000 240.047527184118 240.801055572748 249.661466294054 730.510049050921
2429000 240.168544232749 240.882384024998 249.751004400466 730.801932658213
2430000 240.31969085089 240.941942957757 249.851550226483 731.113184035131
2431000 240.362470889116 241.023344363935 250.065387796097 731.451203049148
2432000 240.459039657058 241.197637594597 250.018929424674 731.675606676329
2433000 240.633322724404 241.261496176983 250.129585856608 732.024404757995
2434000 240.730342732262 241.372026034528 250.166825333996 732.269194100786
2435000 240.926033956766 241.524653855765 250.284083501633 732.734771314164
2436000 240.948221959701 241.618730934682 250.363438092655 732.930390987038
2437000 241.013585570251 241.581518630118 250.492220059169 733.087324259538
2438000 241.092645124514 241.711874260972 250.548409025206 733.352928410693
2439000 241.194299334549 241.858353150421 250.628881978064 733.681534463034
2440000 241.31261133753 241.903580077927 250.760942185133 733.97713360059
2441000 241.344172423533 242.041081414403 250.910209736497 734.295463574433
2442000 241.459451621455 242.099746878056 251.043298781023 734.602497280534
2443000 241.605727650961 242.138176082354 251.126614608863 734.870518342178
2444000 241.68062710485 242.268525261643 251.234898995409 735.184051361902
2445000 241.776534336183 242.346929945653 251.365740994094 735.48920527593
2446000 241.853664611605 242.406968613108 251.47169775755 735.732330982263
2447000 241.915688032005 242.557229553811 251.551226178801 736.024143764618
2448000 242.108745120377 242.633861325749 251.710880868089 736.453487314215
2449000 242.187512525765 242.704864356584 251.726904370578 736.619281252928
2450000 242.250365581771 242.839862490642 251.945699102133 737.035927174546
2451000 242.341016911233 242.91545560441 252.012442169119 737.268914684762
2452000 242.476748027858 242.982049107604 252.095615569114 737.554412704577
2453000 242.625678446753 243.142947312978 252.18995009016 737.958575849891
2454000 242.639825817434 243.257589139767 252.363819942457 738.261234899657
2455000 242.719131852025 243.29560476516 252.420348202881 738.435084820065
2456000 242.805286943887 243.364372556171 252.537777615827 738.707437115885
2457000 242.876413859969 243.452186253309 252.670428851688 738.999028964967
2458000 243.031898348096 243.61666207277 252.834419084504 739.482979505369
2459000 243.145095327786 243.665760299292 252.93287007811 739.743725705189
2460000 243.248349885679 243.81116538804 252.983220286346 740.042735560064
2461000 243.390407924768 243.886423854439 253.117229549451 740.394061328658
2462000 243.390452555716 243.960028051458 253.135066934979 740.485547542152
2463000 243.576239488125 244.081297833423 253.263587493451 740.921124815
2464000 243.694058962465 244.151988832531 253.305341175078 741.151388970074
2465000 243.696530485474 244.371365747683 253.405810757403 741.47370699056
2466000 243.88366362154 244.408535879326 253.605798910142 741.897998411008
2467000 243.950195243606 244.501334508505 253.638705309614 742.090235061725
2468000 244.102817923206 244.592776057228 253.754256401776 742.44985038221
2469000 244.147296186806 244.688280746112 253.731474611511 742.567051544428
2470000 244.226626635453 244.792241983932 253.802615648992 742.821484268377
2471000 244.371565853897 244.870131562805 253.885903667714 743.127601084416
2472000 244.382242384121 245.006682990669 254.014167916909 743.403093291699
2473000 244.502217990671 245.070226830143 254.151391509277 743.723836330091
2474000 244.612166246375 245.150513938537 254.256396562075 744.019076746987
2475000 244.759319837655 245.244103378923 254.358198143104 744.361621359682
2476000 244.712582342524 245.35609674363 254.433035608349 744.501714694503
2477000 244.866661226429 245.405044298317 254.559032199537 744.830737724283
2478000 244.904215155698 245.538898163896 254.62469255467 745.067805874264
2479000 245.057762702599 245.633344845901 254.776734032955 745.467841581455
2480000 245.084409568072 245.75975510087 254.85073477394 745.694899442883
2481000 245.14718002239 245.766458609044 254.963016687035 745.876655318469
2482000 245.254401389308 245.85198207499 255.115020965403 746.221404429701
2483000 245.38406389355 245.983250155056 255.172587792123 746.539901840729
2484000 245.502623878917 246.065346637261 255.337627667789 746.905598183967
2485000 245.610740985628 246.160571199063 255.44477699853 747.216089183221
2486000 245.715687986041 246.250210856078 255.579095825818 747.544994667937
2487000 245.848829934732 246.367093285708 255.693186397893 747.909109618333
2488000 245.912465015366 246.43102581672 255.823262474401 748.166753306486
2489000 246.107498160877 246.570966219723 255.884652769167 748.563117149767
2490000 246.155460972664 246.655076624312 256.058696292036 748.869233889012
2491000 246.227549622314 246.706517361896 256.143343047474 749.077410031684
2492000 246.365193283983 246.855458565871 256.226690538166 749.447342388019
2493000 246.485271269428 246.952273175605 256.375012000267 749.8125564453
2494000 246.588161825627 247.108062515163 256.417978136869 750.114202477658
2495000 246.605372632259 247.1648030536 256.499978755356 750.270154441215
2496000 246.689692105455 247.305322603598 256.60698513774 750.601999846793
2497000 246.807984392138 247.435295975011 256.757691377787 751.000971744936
2498000 246.906279019491 247.600902733214 256.872462891648 751.379644644353
2499000 246.985747234903 247.70791123283 257.024564953124 751.718223420857
2500000 247.118208233447 247.83910748973 257.03821275847 751.995528481647
2501000 247.201442261179 247.885879318225 257.023043724237 752.110365303641
2502000 247.40071160326 248.102809832772 257.132226887023 752.635748323055
2503000 247.441716551826 248.187669102858 257.260963189472 752.890348844155
2504000 247.526652524721 248.353921517725 257.401096743526 753.281670785972
2505000 247.59239409055 248.413282948676 257.469676929904 753.475353969131
2506000 247.745407199785 248.537908415805 257.523356127573 753.806671743162
2507000 247.860844767342 248.661442136502 257.65835302102 754.180639924865
2508000 247.888341745465 248.790221869438 257.770163273659 754.448726888562
2509000 248.069347999129 248.870261702971 257.940280231296 754.879889933396
2510000 248.197320521583 248.942081350527 258.00051898782 755.139920859929
