# Fix print output for fix 2
10000 8.08784647077006e-28 8.28883892706144e-28 8.78617137136625e-33 1.63767732595452e-27
11000 0.690442217711378 0.688945963385778 0.688513783840104 2.06790196493726
12000 1.12209717678626 1.10492451298137 1.09388606721285 3.32090775698048
13000 1.52982518443806 1.52093914363406 1.48647931813445 4.53724364620657
14000 1.94445861356236 1.89735087085652 1.88367628553029 5.72548576994916
15000 2.33411720106097 2.27794435393089 2.26668831412019 6.87874986911205
16000 2.72054818228175 2.67090803215339 2.6601895592609 8.05164577369604
17000 3.11111199335387 3.05145421181636 3.03840599256009 9.20097219773033
18000 3.48741922063354 3.41870749289398 3.41135980912215 10.3174865226497
19000 3.84622882820042 3.75748681654264 3.77893114094218 11.3826467856852
20000 4.23835180927141 4.13208762266393 4.14764844194653 12.5180878738819
21000 4.57903552775009 4.48787799542534 4.50796476516585 13.5748782883413
22000 4.95100131169415 4.85270750771201 4.86172681449496 14.6654356339011
23000 5.3423465604236 5.21838411212098 5.24375286395211 15.8044835364967
24000 5.70908461303383 5.61026700329319 5.62247342838483 16.9418250447119
25000 6.08158459041469 5.97326641163273 5.97869204622971 18.0335430482771
26000 6.41245405189521 6.32488594203914 6.35615929127911 19.0934992852135
27000 6.79966654348355 6.69857506204382 6.72364513664115 20.2218867421685
28000 7.17240055467669 7.08168038883395 7.03553807147424 21.2896190149849
29000 7.52907697522442 7.43321695713203 7.40521651364902 22.3675104460055
30000 7.90701034989022 7.81776677580458 7.74545813303611 23.4702352587309
31000 8.24938801589137 8.16563474957189 8.06029106481928 24.4753138302825
32000 8.63646099534909 8.56762383690842 8.42185078368156 25.6259356159391
33000 9.0220188570318 8.93290686280471 8.75113818781346 26.70606390765
34000 9.38075023426527 9.28082725390528 9.08954572529501 27.7511232134656
35000 9.71845465495044 9.59558992632207 9.42759488584638 28.7416394671189
36000 10.0716078916339 9.91751535246757 9.76960725541838 29.7587304995198
37000 10.3786925465307 10.284330520116 10.0936825603414 30.7567056269881
38000 10.7653385555344 10.6406404787766 10.428881108565 31.834860142876
39000 11.0759588821637 10.9723102547145 10.7407456551024 32.7890147919805
40000 11.4333757420327 11.3148603311353 11.0766383116567 33.8248743848246
41000 11.7882814719836 11.6642138048537 11.4271601826775 34.8796554595148
42000 12.1059482325854 12.0167968424814 11.7801603384091 35.902905413476
43000 12.4800977832938 12.33131694489 12.1125640669239 36.9239787951077
44000 12.842179673774 12.652661728366 12.4872039058373 37.9820453079774
45000 13.2070301809876 13.0148761546352 12.8031522371453 39.0250585727681
46000 13.61570296309 13.3789697609729 13.1420856639855 40.1367583880484
47000 13.9264830780929 13.6931418120249 13.4626717480496 41.0822966381674
48000 14.3203160147352 14.0719048722578 13.8039622107059 42.1961830976988
49000 14.673986235556 14.3913419753408 14.1439656134039 43.2092938243006
50000 15.0015714381332 14.7574321139741 14.4887307154054 44.2477342675127
51000 15.3330132489192 15.0862114284157 14.8325177839441 45.251742461279
52000 15.7121840705148 15.4242314563189 15.1563425023627 46.2927580291964
53000 16.0662845115653 15.7936004441559 15.4779640677885 47.3378490235098
54000 16.3907580956007 16.1280934313143 15.8060765560391 48.3249280829541
55000 16.7350195069939 16.4977290758878 16.1510005296248 49.3837491125065
56000 17.0996455994094 16.8411934586012 16.4785795487297 50.4194186067404
57000 17.4512638927553 17.158225522027 16.8002654546799 51.4097548694622
58000 17.8153325328451 17.4971613701664 17.1173518922869 52.4298457952984
59000 18.164806164165 17.8081525257158 17.4402243238498 53.4131830137306
60000 18.4659424646111 18.1329553151212 17.7921773220587 54.391075101791
61000 18.8325274333905 18.4923715378801 18.1163293869695 55.4412283582401
62000 19.1951771127221 18.8119430272046 18.4356110791645 56.4427312190911
63000 19.58060321916 19.1642516115097 18.7450261055686 57.4898809362383
64000 19.9294835069456 19.5366308525168 19.1159396872085 58.5820540466709
65000 20.263280312853 19.8208335987604 19.4626602670229 59.5467741786363
66000 20.5985077471276 20.1782290251353 19.8178072026093 60.5945439748722
67000 20.967977993648 20.4970550722041 20.1476191249086 61.6126521907607
68000 21.2372052733207 20.8214513848427 20.472014695283 62.5306713534464
69000 21.5911912267578 21.1298511585081 20.7693163625952 63.4903587478611
70000 21.9073784628757 21.4738490992203 21.1227764901886 64.5040040522846
71000 22.2474542656216 21.7783385915676 21.4723321816955 65.4981250388847
72000 22.5515276993816 22.1634740954129 21.8213694366852 66.5363712314798
73000 22.9228414979022 22.4992333812493 22.1623977460169 67.5844726251683
74000 23.2833102094615 22.89879435328 22.4819710789067 68.6640756416482
75000 23.5950526695303 23.2105745854852 22.7633329754155 69.568960230431
76000 23.9694505579345 23.518243612013 23.0643702065866 70.5520643765341
77000 24.3020980827625 23.878395905035 23.3770406977252 71.5575346855227
78000 24.7075576035147 24.227340743165 23.7135073210619 72.6484056677416
79000 24.9887550874941 24.6199703867855 24.0232843495249 73.6320098238045
80000 25.3001205771772 24.9599246571602 24.357720368824 74.6177656031614
81000 25.6372038779932 25.3087612055606 24.7171473603893 75.6631124439431
82000 25.9587349306283 25.6033170715738 25.0641196474444 76.6261716496465
83000 26.3014922070261 25.9545456355412 25.4075995354032 77.6636373779705
84000 26.626562344116 26.2744603042003 25.6890402512389 78.5900628995552
85000 27.0106794414709 26.5973443072339 26.0656276145621 79.6736513632669
86000 27.3824735769715 26.9427516011833 26.3652338735059 80.6904590516606
87000 27.6804046483419 27.2380508748494 26.66946041244 81.5879159356312
88000 27.9909983309587 27.5940452627872 26.9611896267907 82.5462332205366
89000 28.3580253913748 27.9195368392205 27.2471051973576 83.5246674279529
90000 28.6720036661207 28.2338925650861 27.5965124875152 84.5024087187221
91000 29.016207894919 28.6031687126779 27.9363117932758 85.5556884008728
92000 29.3205372290748 28.9756347069051 28.2319222591502 86.5280941951302
93000 29.6454679778311 29.3177377595466 28.5599314015552 87.5231371389329
94000 29.9998450065997 29.6148318023039 28.9044454242785 88.5191222331821
95000 30.3291052332717 29.9200283550244 29.2570075962709 89.5061411845669
96000 30.6958623114657 30.2044510895482 29.5889519993232 90.4892654003371
97000 31.0203231595103 30.5355383607579 29.8931088173849 91.4489703376531
98000 31.3458438645852 30.8872804077867 30.2422077230165 92.4753319953885
99000 31.6842422667384 31.1905747980123 30.5109905291445 93.3858075938952
100000 32.0139083424537 31.5612460453153 30.8479069380502 94.4230613258193
101000 32.3828650856806 31.9544766490896 31.1651438793233 95.5024856140935
102000 32.7493204317513 32.2489652489308 31.4735208517645 96.4718065324466
103000 33.0639370592884 32.5827087137458 31.7415664255563 97.3882121985904
104000 33.4296039841482 32.9119965797339 32.105727008834 98.4473275727161
105000 33.7880407210985 33.2096767676812 32.4359499931232 99.4336674819029
106000 34.124347626326 33.5261034702069 32.7851163309586 100.435567427491
107000 34.4828242041342 33.8728839924099 33.1318987845676 101.487606981112
108000 34.7548527020025 34.1143922794927 33.4770009769351 102.34624595843
109000 35.0953431900362 34.4242494608198 33.7737154734679 103.293308124324
110000 35.4269046066198 34.7921932879324 34.0945140104838 104.313611905036
111000 35.6836407896238 35.0761543166493 34.4541286217039 105.213923727977
112000 36.0171964361703 35.3782422648328 34.7701807827201 106.165619483723
113000 36.3290028097889 35.6857141735819 35.0240873841887 107.03880436756
114000 36.6748435848292 36.0160976373974 35.3684934939981 108.059434716225
115000 37.0467190198417 36.3196682525948 35.6853787630324 109.051766035469
116000 37.428935389533 36.6584131042742 36.0129300279799 110.100278521787
117000 37.8234795266661 36.989427539646 36.3028619477554 111.115769014067
118000 38.1615840611095 37.3067305793609 36.590478036192 112.058792676662
119000 38.525381826196 37.6569931798257 36.8990183032643 113.081393309286
120000 38.8298938737493 37.9224393357041 37.2151462941514 113.967479503605
121000 39.208288649034 38.2802300455528 37.6068709064405 115.095389601027
122000 39.4965240709352 38.5894319845207 37.9021281844561 115.988084239912
123000 39.7909552930119 38.9179466406201 38.2459551693617 116.954857102994
124000 40.1199370212987 39.2005536924135 38.5193451658218 117.839835879534
125000 40.4575432585144 39.5174106481252 38.8469740873676 118.821927994007
126000 40.7752116614915 39.7683977930044 39.1953646172498 119.738974071746
127000 41.0752609724576 40.1414920868908 39.5209828023889 120.737735861737
128000 41.3736715500277 40.4065428396873 39.8492173860254 121.62943177574
129000 41.7123278868931 40.7545379429377 40.1740225823798 122.640888412211
130000 42.0000764905621 41.097350986162 40.4480792638327 123.545506740557
131000 42.3422150222773 41.4197267766076 40.7678682472026 124.529810046087
132000 42.6705719954003 41.7578676216627 41.0138711861933 125.442310803256
133000 43.0100202485984 42.1173131172542 41.3360390512055 126.463372417058
134000 43.3373519396039 42.4556610521448 41.7077191914889 127.500732183238
135000 43.6607593424397 42.7966970263869 42.0080055514937 128.46546192032
136000 43.9522986284626 43.150883289729 42.3466796273379 129.449861545529
137000 44.2386888858703 43.4317520182069 42.6243022122553 130.294743116333
138000 44.6346274973109 43.7240647497408 42.9350430160119 131.293735263064
139000 44.9338703862828 44.1453530156421 43.2439615894406 132.323184991366
140000 45.2324717054486 44.3839036724713 43.5639594890284 133.180334866948
141000 45.5987449719581 44.7896121305955 43.9393431805167 134.32770028307
142000 45.937672700505 45.1541756951746 44.2067670683797 135.298615464059
143000 46.2105809633629 45.462293540084 44.4995441007478 136.172418604195
144000 46.5620897281078 45.7927543601061 44.8374765574706 137.192320645684
145000 46.8729640341477 46.0995810988919 45.1169689988735 138.089514131913
146000 47.173552693721 46.4162179022403 45.3981386792341 138.987909275195
147000 47.4619927157621 46.7239396733234 45.7132880223632 139.899220411449
148000 47.8567196440173 47.128555390231 46.0150354680264 141.000310502275
149000 48.1720707209052 47.4086917771324 46.3806388705323 141.96140136857
150000 48.4902958252147 47.6838592666027 46.7028543220014 142.877009413819
151000 48.8092643911799 47.9877998175249 47.0024285448637 143.799492753569
152000 49.0922996556534 48.3464898069646 47.3954703848278 144.834259847446
153000 49.4993227801139 48.6133528149531 47.6980388358386 145.810714430906
154000 49.8235443058446 48.9273768331836 47.986031711084 146.736952850112
155000 50.2176181006484 49.3122185016298 48.3005992120636 147.830435814342
156000 50.5594836649448 49.6406983357514 48.6880821154117 148.888264116108
157000 50.8787342394597 49.9700328907517 49.0139526866937 149.862719816905
158000 51.203692946605 50.2982557191395 49.3117091118392 150.813657777584
159000 51.5137305730714 50.6126628832155 49.6574832577484 151.783876714035
160000 51.8655702109762 50.9868881311188 49.9405303190783 152.792988661173
161000 52.1760842729208 51.3159399711823 50.2323597566078 153.724384000711
162000 52.5080666352268 51.6925395214969 50.5579670500141 154.758573206738
163000 52.8541922049267 52.0276800413874 50.871841465333 155.753713711647
164000 53.191079603524 52.3562575860709 51.2070181567036 156.754355346298
165000 53.5029532354518 52.6754852145307 51.5608413312825 157.739279781265
166000 53.91936738174 52.9409992614789 51.9202341321607 158.780600775379
167000 54.212678130321 53.2277850575252 52.2762929613974 159.716756149244
168000 54.4412168291012 53.5435630546026 52.5970099405809 160.581789824285
169000 54.7341777841102 53.9199319266816 52.907441542414 161.561551253206
170000 55.0771154306781 54.2343540199443 53.2628714420919 162.574340892714
171000 55.3891084208589 54.5981586489839 53.5774549774041 163.564722047247
172000 55.7488486493069 54.8889835887502 53.8077972444914 164.445629482549
173000 56.1486893303876 55.1771679153571 54.1003794477762 165.426236693521
174000 56.4562824129305 55.4380172320062 54.4014094558768 166.295709100813
175000 56.7945389220868 55.7888486234194 54.7110418707728 167.294429416279
176000 57.1144650948689 56.1074919233378 54.9754450394296 168.197402057636
177000 57.4377514727026 56.4670045208141 55.2957801127497 169.200536106266
178000 57.7700870918611 56.7614971548246 55.5750965804054 170.106680827091
179000 58.162931263844 57.100981831411 55.9657145078023 171.229627603057
180000 58.526443584444 57.4463021949966 56.2485766730344 172.221322452475
181000 58.8045514545815 57.7269461010911 56.5465256622267 173.078023217899
182000 59.1542344265398 58.0289960241297 56.8640733687271 174.047303819397
183000 59.5390413034885 58.3568427033087 57.1613419856991 175.057225992496
184000 59.9283839632506 58.7269476297969 57.4980729113826 176.15340450443
185000 60.2183062857085 59.0565465096461 57.7861863126193 177.061039107974
186000 60.5920995720827 59.3536404693458 58.1141935812574 178.059933622686
187000 60.8580730544076 59.6720729652889 58.4229225606398 178.953068580336
188000 61.2285507474918 59.934788235964 58.8067751903567 179.970114173813
189000 61.5529698941178 60.2849630952259 59.1575773260124 180.995510315356
190000 61.8148066246885 60.662147275284 59.4833452353825 181.960299135355
191000 62.1041897153183 60.9727163266874 59.844706980406 182.921613022412
192000 62.4230656251042 61.2549213571856 60.1748238053519 183.852810787642
193000 62.7221352878325 61.5542776339364 60.5494606159505 184.825873537719
194000 63.0836776288083 61.8535147429579 60.8936462141995 185.830838585966
195000 63.4090734637811 62.1778403253373 61.2644198433346 186.851333632453
196000 63.7600768114543 62.5079886925609 61.6039547556965 187.872020259712
197000 64.1071749592299 62.7554106643124 61.8728625651641 188.735448188706
198000 64.4174007451617 63.106405978583 62.2043929523963 189.728199676141
199000 64.7634330301767 63.4406536229878 62.5856821703449 190.789768823509
200000 64.9725415193719 63.6953135706814 62.9189180880652 191.586773178118
201000 65.3107892350775 64.0168820547835 63.2277181742689 192.55538946413
202000 65.6420030134566 64.3384078996078 63.4795742117766 193.459985124841
203000 65.9177749383675 64.6008414935101 63.8351198123144 194.353736244192
204000 66.1996971645143 64.872331847723 64.1057662051677 195.177795217405
205000 66.6083074254024 65.2461440116122 64.429316726521 196.283768163536
206000 66.9405418447281 65.4529808439397 64.7027653915318 197.0962880802
207000 67.2307176701568 65.8146114126414 64.9724159913559 198.017745074154
208000 67.5341415698291 66.1302001017884 65.3318303737277 198.996172045345
209000 67.9461040491331 66.4159066538416 65.6890044384602 200.051015141435
210000 68.308469954173 66.7469213435969 66.039131839523 201.094523137293
211000 68.6192776068639 66.9783271838208 66.3793037068906 201.976908497575
212000 68.9420072257983 67.2986208002911 66.6652889068344 202.905916932924
213000 69.3076129665912 67.5612611622688 67.0228494679726 203.891723596833
214000 69.5895980598464 67.8237504781001 67.3240515781017 204.737400116048
215000 69.9759193049744 68.1351948869582 67.6299379370239 205.741052128956
216000 70.2382376738199 68.4808260010976 67.9297754027315 206.648839077649
217000 70.5844445729067 68.804129236053 68.2031457513445 207.591719560304
218000 70.8569513939323 69.0909386801184 68.4909892721133 208.438879346164
219000 71.2268684676431 69.4337580878806 68.8201969563545 209.480823511878
220000 71.6140349119126 69.7678369836416 69.0750504987404 210.456922394295
221000 71.8533681568149 70.0905979535861 69.4252033231275 211.369169433529
222000 72.2095874780072 70.3868322818631 69.6750273417219 212.271447101592
223000 72.5885402431745 70.7323351434623 70.0318008969907 213.352676283627
224000 72.8219031608384 71.0683927072802 70.3379407520527 214.228236620171
225000 73.1817222228503 71.4047439347631 70.6255823231149 215.212048480728
226000 73.4156198069395 71.7147059820698 70.9169336365822 216.047259425591
227000 73.7230460921825 72.0430595055128 71.2645718459808 217.030677443676
228000 74.1249908982077 72.3608679840127 71.6040205338781 218.089879416098
229000 74.488554821221 72.6696532820475 71.97087842024 219.129086523508
230000 74.8293025239134 73.0157644970905 72.2648093733573 220.109876394361
231000 75.1608925412346 73.301386856637 72.6217977258657 221.084077123737
232000 75.4798565319349 73.6849682061759 72.9629346983812 222.127759436492
233000 75.7389392250753 74.0000290914362 73.2261538455121 222.965122162024
234000 76.0706607070711 74.341984231667 73.5286922604949 223.941337199233
235000 76.4398563836989 74.6226428221838 73.8662828071633 224.928782013046
236000 76.8075836580914 74.9348431922287 74.148907293213 225.891334143533
237000 77.1273409604474 75.2195399873558 74.4563526780659 226.803233625869
238000 77.4201394292913 75.5824558381147 74.6742554031125 227.676850670518
239000 77.6525869402874 75.9497770572961 75.0130002006841 228.615364198268
240000 77.9287199581585 76.2354238890059 75.3769939399876 229.541137787152
241000 78.1772898222287 76.624583503955 75.7474834846756 230.549356810859
242000 78.5854217637814 76.9572515933439 76.046404037883 231.589077395008
243000 78.9164564888351 77.2316946538654 76.2891670098487 232.437318152549
244000 79.299731113605 77.4963364183068 76.5902716358164 233.386339167728
245000 79.6349310186936 77.843275013372 76.9458817355828 234.424087767648
246000 79.9801477616993 78.1126196665878 77.1865664591192 235.279333887406
247000 80.2734539340259 78.4190781587236 77.5479585318075 236.240490624557
248000 80.5202332301551 78.7809999672508 77.8708274183578 237.172060615764
249000 81.0163648612659 78.9940941388399 78.1498193409302 238.160278341036
250000 81.3324513762997 79.3424120559135 78.4202854121708 239.095148844384
251000 81.6226342619347 79.6186459193546 78.7077546785344 239.949034859824
252000 81.8402800609531 79.9253266362541 79.0369659282819 240.802572625489
253000 82.1692597696861 80.232720871702 79.3403706974012 241.742351338789
254000 82.5869794352001 80.5648346250859 79.7198068654689 242.871620925755
255000 82.9155180501719 80.9020595085344 79.9572093152612 243.774786873967
256000 83.1870132452918 81.2050557092512 80.29553232636 244.687601280903
257000 83.5369249496971 81.5461057347863 80.6057993770084 245.688830061492
258000 83.7892892053262 81.8474286394707 80.8596102086395 246.496328053436
259000 84.088410869901 82.2177315671992 81.221422311076 247.527564748176
260000 84.4437825615968 82.5107862719615 81.5960901573393 248.550658990898
261000 84.7326559360761 82.8295379139329 81.8705897873026 249.432783637312
262000 85.032104797456 83.1036638590002 82.2500491711062 250.385817827562
263000 85.2819773786591 83.4598078294067 82.5575376676319 251.299322875698
264000 85.5428076035516 83.7715191833735 82.8502134303878 252.164540217313
265000 85.8610945900306 84.0816308004197 83.1205447629812 253.063270153431
266000 86.135898862817 84.4454127268622 83.4127949194236 253.994106509103
267000 86.4352485624345 84.7891301954669 83.7463273079622 254.970706065864
268000 86.6849920843078 85.1296321832125 84.0597257230184 255.874349990539
269000 87.0057530006166 85.3538706179977 84.4034397502438 256.763063368858
270000 87.2989658031022 85.7064380888676 84.7790228238214 257.784426715791
271000 87.5938546236649 86.1166110326324 85.0375868516165 258.748052507914
272000 87.9016424403352 86.4010040055354 85.2983546929613 259.601001138832
273000 88.2088543373915 86.7164061164212 85.6102892559857 260.535549709798
274000 88.4653987966258 87.0376886542639 85.8975949413771 261.400682392267
275000 88.766909965053 87.3264803549389 86.2093204317845 262.302710751776
276000 89.0905137152117 87.6252870730643 86.5569384422345 263.272739230511
277000 89.3457435311458 87.9804568306018 86.7862238595115 264.112424221259
278000 89.6296857589823 88.3248262387389 87.0807750847047 265.035287082426
279000 89.9736753974124 88.6353525088314 87.4261716699222 266.035199576166
280000 90.380294282213 88.9305203867407 87.7684119189149 267.079226587869
281000 90.7220781846263 89.3345741044969 88.0879198468566 268.14457213598
282000 91.0791634333301 89.7049923035147 88.4725321894767 269.256687926321
283000 91.3347585932924 89.9610608822627 88.7185116366208 270.014331112176
284000 91.700729328071 90.2759417035767 89.0786547216342 271.055325753282
285000 91.9521953965657 90.6167080827624 89.4163072490596 271.985210728388
286000 92.3039676629449 91.0075734560973 89.6993803632799 273.010921482322
287000 92.5649349273368 91.2518179211221 90.0021664119309 273.81891926039
288000 92.8975102959773 91.4470076345188 90.3109793470702 274.655497277566
289000 93.2231718073625 91.7004573395367 90.6170892156686 275.540718362568
290000 93.5279467866317 92.0205562506255 90.9599336462444 276.508436683502
291000 93.8305470642499 92.3088783943152 91.297615460334 277.437040918899
292000 94.0988938907367 92.5944608274081 91.5772218588328 278.270576576978
293000 94.3726390185305 92.9335438259522 91.9355989590552 279.241781803538
294000 94.8155212259413 93.2102744370342 92.1694815037054 280.195277166681
295000 95.1110317596586 93.5389183087418 92.5017236407163 281.151673709117
296000 95.5159690258889 93.8358840374441 92.7737148349538 282.125567898287
297000 95.8570490250718 94.0946100920637 93.1592989384201 283.110958055556
298000 96.1409292432203 94.4625373189229 93.4514065728695 284.054873135013
299000 96.4427499260437 94.6702150734045 93.6674986146362 284.780463614084
300000 96.7405630802643 94.9938177241812 94.0417092609585 285.776090065404
301000 97.0839356810878 95.1938756820457 94.3614333027889 286.639244665922
302000 97.4263057343565 95.6092033924196 94.6047855607568 287.640294687533
303000 97.8476311003595 95.8616954511285 94.8980472477752 288.607373799263
304000 98.1449396838474 96.1188324566841 95.164546660024 289.428318800555
305000 98.4830599844961 96.3888456351116 95.5331372744914 290.405042894099
306000 98.8059944356563 96.7043001637939 95.7815324538258 291.291827053276
307000 99.0360481313511 97.0835345250727 96.1213264283592 292.240909084783
308000 99.4463157532666 97.4095508261261 96.3932386459391 293.249105225332
309000 99.7637034413482 97.7113558893816 96.7117877715283 294.186847102258
310000 99.9330184335032 97.9911212263318 97.0183075396972 294.942447199532
311000 100.326381880837 98.3149209735694 97.2602016702959 295.901504524702
312000 100.583370474514 98.6251929568817 97.5424164878746 296.75097991927
313000 100.808364376947 98.8728037661195 97.8898519978766 297.571020140943
314000 101.228493620024 99.2193935462083 98.3099471282645 298.757834294496
315000 101.543563247123 99.5099911621682 98.6619543632468 299.715508772538
316000 101.825330929517 99.8074243306778 98.9480681724623 300.580823432657
317000 102.027554339195 100.033262204523 99.2146508213717 301.27546736509
318000 102.401029780902 100.350065800733 99.4646640385955 302.21575962023
319000 102.726889925535 100.769116180437 99.8210888441108 303.317094950083
320000 103.063629148395 101.161748651507 100.14144846994 304.366826269842
321000 103.299487592207 101.402009292568 100.315779521882 305.017276406657
322000 103.617076006969 101.782364881698 100.598485304192 305.997926192859
323000 103.876526229086 102.208126314879 100.922672555304 307.007325099269
324000 104.307375048152 102.507745853817 101.175112528751 307.99023343072
325000 104.55076429114 102.804262462211 101.544493334922 308.899520088274
326000 104.83375823562 103.0848649292 101.853381734927 309.772004899747
327000 105.180380774619 103.383220315707 102.123158403763 310.68675949409
328000 105.574043945632 103.68056780907 102.399714860467 311.654326615169
329000 105.892301411608 104.021463838566 102.642395722148 312.556160972322
330000 106.218566869076 104.29788581721 102.900219975236 313.416672661523
331000 106.478322836788 104.591278786009 103.31590298804 314.385504610838
332000 106.782843026999 104.946424414642 103.703591853373 315.432859295014
333000 107.196692669827 105.22224756806 103.965946268173 316.38488650606
334000 107.549077102014 105.424699842799 104.355218732611 317.328995677424
335000 107.899862406286 105.773923031257 104.739882089552 318.413667527095
336000 108.244001165526 106.048686428509 104.993160794655 319.28584838869
337000 108.539782083775 106.368990790674 105.346411217741 320.25518409219
338000 108.770697156983 106.650339129204 105.640082059962 321.061118346149
339000 109.042941587424 107.082138518658 105.864987223333 321.990067329415
340000 109.345427939821 107.449569721183 106.212281755335 323.007279416339
341000 109.622025970732 107.710671796334 106.471956333865 323.804654100931
342000 109.899091044728 107.932566931335 106.76084785292 324.592505828984
343000 110.230682247491 108.333759189831 107.133812245691 325.698253683013
344000 110.497201949418 108.627682140148 107.438914089259 326.563798178825
345000 110.832457857982 108.898862510004 107.71950606943 327.450826437416
346000 111.1868989572 109.240196263688 107.984846842004 328.411942062892
347000 111.456577087717 109.571567409201 108.403241898256 329.431386395174
348000 111.77959676913 109.966669214072 108.750960878897 330.497226862099
349000 112.002115878868 110.228777941159 109.064027482727 331.294921302754
350000 112.335649672138 110.619318570121 109.255008050498 332.209976292757
351000 112.723450569392 110.911132702349 109.575159542934 333.209742814674
352000 113.101991910246 111.293833202898 109.932149272061 334.327974385204
353000 113.215804445547 111.599367674187 110.172414755545 334.987586875279
354000 113.577869551874 111.922978098717 110.50450931654 336.005356967131
355000 113.876414091986 112.214912314426 110.749228988443 336.840555394855
356000 114.136356526766 112.500230559411 111.065408469547 337.701995555723
357000 114.497809876545 112.710175606483 111.309826096598 338.517811579626
358000 114.7656950541 113.041417643078 111.61712516499 339.424237862168
359000 115.172477148724 113.274740869993 111.89910304201 340.346321060727
360000 115.511283042061 113.623895978329 112.23486554256 341.37004456295
361000 115.823142617651 113.917044796107 112.525128357574 342.265315771332
362000 116.110113396238 114.227212896686 112.804191201169 343.141517494093
363000 116.327861065226 114.509307877508 113.102553507742 343.939722450476
364000 116.537110247536 114.916611230988 113.368732991689 344.822454470212
365000 116.857830526333 115.211960147935 113.681715512532 345.7515061868
366000 117.118230013992 115.575177182317 113.989848857716 346.683256054025
367000 117.479133062228 115.806771709443 114.241918034869 347.527822806539
368000 117.803371728427 116.159119870805 114.476216700989 348.438708300221
369000 118.111900691848 116.535932332211 114.793731808335 349.441564832394
370000 118.398109038273 116.799407406442 115.057244221526 350.25476066624
371000 118.823081894222 117.079008218881 115.406576970577 351.30866708368
372000 119.001896852916 117.454651969051 115.65131216617 352.107860988138
373000 119.309003795573 117.712387433942 116.098097682002 353.119488911517
374000 119.667649438159 118.112081932328 116.389634468644 354.169365839131
375000 119.909265386082 118.398372837665 116.716559697161 355.024197920907
376000 120.230324885244 118.609837931059 116.966506472373 355.806669288677
377000 120.505649528251 118.948096467342 117.222920995385 356.676666990978
378000 120.876356034769 119.264830833711 117.513178491047 357.654365359528
379000 121.248724105468 119.539628884323 117.803824712249 358.59217770204
380000 121.489380818293 119.789892840859 118.10466440828 359.383938067432
381000 121.783701495658 120.08033238559 118.330768179174 360.194802060422
382000 122.134129623016 120.428427897793 118.590581337889 361.153138858699
383000 122.29194817622 120.697201870977 118.896418590399 361.885568637596
384000 122.627084693278 121.013496734262 119.145694241815 362.786275669356
385000 122.939155827661 121.329784733249 119.388998575884 363.657939136794
386000 123.270321094934 121.573488783285 119.623639191744 364.467449069964
387000 123.568445188277 121.958917361737 119.950107478041 365.477470028055
388000 123.903429470037 122.325137034448 120.223502127762 366.452068632246
389000 124.219273944364 122.598817382507 120.513880446946 367.331971773816
390000 124.518158103752 122.972852320434 120.874261716706 368.365272140892
391000 124.944924986931 123.255951901303 121.133296715432 369.334173603666
392000 125.251468407549 123.58695931029 121.458148614584 370.296576332422
393000 125.585785541206 123.881019119025 121.798548881815 371.265353542046
394000 126.053115218092 124.225861883199 122.11302155813 372.391998659422
395000 126.465122498269 124.51632578597 122.406917971334 373.388366255573
396000 126.595813589336 124.863513269925 122.616157713107 374.075484572369
397000 126.959377675399 125.13057736329 122.932520250555 375.022475289245
398000 127.334566374789 125.355852881775 123.256134769475 375.946554026038
399000 127.572575978941 125.598815128891 123.450773117094 376.622164224926
400000 127.915478522537 125.922367186886 123.671669552213 377.509515261637
401000 128.188628909169 126.191364237881 124.034776185678 378.414769332729
402000 128.582277516872 126.449594503753 124.474246268452 379.506118289078
403000 128.885226984589 126.723020993583 124.807027948767 380.415275926939
404000 129.338865581354 127.136194376953 125.067596256827 381.542656215133
405000 129.653673008659 127.405988573843 125.365341233788 382.42500281629
406000 129.937562805648 127.670160726889 125.675562002415 383.283285534952
407000 130.220530751012 127.892711520302 125.989236005205 384.102478276519
408000 130.574455925394 128.238065118001 126.245320366743 385.057841410138
409000 130.853792570248 128.522624479872 126.614319787933 385.990736838053
410000 131.141571228932 128.828726574757 126.882040815009 386.852338618698
411000 131.385184160452 129.129235876984 127.156515614276 387.670935651712
412000 131.643958920465 129.424183102906 127.479730649661 388.547872673032
413000 131.953151519087 129.741543352291 127.782066323848 389.476761195225
414000 132.208698926483 130.083067293798 128.135345007501 390.427111227781
415000 132.584556983407 130.413104580755 128.429102763704 391.426764327866
416000 132.919414343575 130.758074314061 128.754497504268 392.431986161904
417000 133.259398921383 131.107601305973 129.013599421887 393.380599649243
418000 133.511189254889 131.371831645365 129.33968620261 394.222707102864
419000 133.976129335339 131.649696288504 129.639818454462 395.265644078306
420000 134.306456787829 132.019316050358 129.939208193806 396.264981031993
421000 134.592319544885 132.29759897981 130.267288539203 397.157207063898
422000 134.82662646764 132.531310117653 130.481186828209 397.839123413502
423000 135.209929591867 132.840731969644 130.779992166516 398.830653728026
424000 135.616655879732 133.121022209629 131.058517025029 399.79619511439
425000 135.946929061345 133.337076926288 131.328153364492 400.612159352125
426000 136.28687200585 133.536093472645 131.66712015934 401.490085637835
427000 136.621017425526 133.85232937212 131.922722647377 402.396069445023
428000 136.926967235391 134.182178062757 132.213589517168 403.322734815316
429000 137.11871076691 134.627259407874 132.550984057492 404.296954232276
430000 137.512209908081 134.989701435962 132.797794877512 405.299706221555
431000 137.747078598567 135.290416321325 133.071428481883 406.108923401775
432000 138.061477097813 135.629218804989 133.28022687119 406.970922773991
433000 138.314357126497 135.951351938142 133.57738945899 407.843098523628
434000 138.59259361276 136.215625808555 133.837345938388 408.645565359703
435000 138.953148327867 136.648982216813 134.112441214664 409.714571759345
436000 139.262939314364 136.972946420278 134.429743282086 410.665629016728
437000 139.52994357735 137.269977853589 134.837232349896 411.637153780834
438000 139.831856386305 137.62827361577 135.132385742935 412.59251574501
439000 140.084404950167 137.916402115643 135.395942503294 413.396749569103
440000 140.366156181943 138.357592709194 135.717516831925 414.441265723062
441000 140.725229568959 138.630849365033 136.09057055952 415.446649493512
442000 141.047495626788 138.922019524584 136.474477801949 416.443992953321
443000 141.337623617507 139.166714185963 136.734051363159 417.238389166629
444000 141.590066067583 139.48145549284 137.013615025061 418.085136585484
445000 141.916343007221 139.82538174237 137.266190739846 419.007915489437
446000 142.101243688413 140.173211453664 137.555753342734 419.830208484811
447000 142.397268370957 140.530499453619 137.860033799348 420.787801623924
448000 142.692268639644 140.78098550955 138.155215852594 421.628470001788
449000 143.031111791352 141.153067709091 138.414314778341 422.598494278784
450000 143.238960331481 141.430768615585 138.70257862048 423.372307567546
451000 143.638478290137 141.746504094109 138.992396393448 424.377378777693
452000 143.874770668558 142.017560026547 139.285995667497 425.178326362602
453000 144.155989378847 142.361231658704 139.687133564488 426.204354602039
454000 144.554086751501 142.665897057928 139.920824119516 427.140807928945
455000 144.918457748023 143.002604553806 140.235968957819 428.157031259647
456000 145.27377305068 143.29261700535 140.56034373235 429.126733788379
457000 145.620057371022 143.58474749358 140.841576395065 430.046381259667
458000 146.068656427924 143.910656163353 141.24836667347 431.227679264748
459000 146.411697453094 144.229592164808 141.546952553663 432.188242171565
460000 146.698644608883 144.572120763523 141.746414518322 433.017179890728
461000 147.080795006926 144.817603010471 142.087407519076 433.985805536473
462000 147.391674199451 145.148640332518 142.331702670607 434.872017202577
463000 147.691316392206 145.465120090887 142.645956367383 435.802392850476
464000 147.999052207994 145.741880047672 142.88283391419 436.623766169856
465000 148.359417561696 146.117025018843 143.282952428999 437.759395009538
466000 148.769538221077 146.416789884979 143.553860433759 438.740188539816
467000 149.057908989725 146.748225196224 143.887738296844 439.693872482794
468000 149.402155417855 147.105944208099 144.186717462271 440.694817088225
469000 149.720875080675 147.41372847869 144.509114487321 441.643718046686
470000 150.009338960939 147.732783514224 144.820887681299 442.563010156461
471000 150.410049441748 147.917397994565 145.060851907058 443.38829934337
472000 150.684642300132 148.236613440894 145.382468927272 444.303724668298
473000 151.071022736896 148.530516452059 145.724295388641 445.325834577596
474000 151.468409717141 148.856199700948 145.907726542051 446.23233596014
475000 151.804348953587 149.198406010275 146.183446502382 447.186201466244
476000 152.000230328219 149.443848880075 146.456354128695 447.900433336989
477000 152.395529954356 149.718278962008 146.828201163819 448.942010080183
478000 152.686342512992 150.04346217723 146.995302350321 449.725107040543
479000 152.904520829922 150.351353279183 147.292800715067 450.548674824173
480000 153.197231113016 150.794292311904 147.618059530736 451.609582955656
481000 153.509753018755 151.085209394558 147.941016121979 452.535978535292
482000 153.78129852294 151.308617988242 148.162665911675 453.252582422857
483000 154.023188349175 151.569283516195 148.388210821756 453.980682687126
484000 154.388881061571 152.029668585892 148.775998242149 455.194547889612
485000 154.67894197824 152.227362760835 149.068196161347 455.974500900422
486000 154.922678643897 152.537870470794 149.376230218468 456.83677933316
487000 155.228720015379 152.860012066077 149.672791996116 457.761524077572
488000 155.434119877314 153.177052507672 149.923355022453 458.534527407439
489000 155.833780084266 153.455271172878 150.221273782227 459.510325039371
490000 156.072640399907 153.676868854115 150.541921242918 460.29143049694
491000 156.285161008593 153.964838131672 150.905329901518 461.155329041782
492000 156.637356206161 154.284308077401 151.174477658661 462.096141942224
493000 157.003712413031 154.602090367043 151.507151274572 463.112954054646
494000 157.433723141412 154.879049022947 151.813889190393 464.126661354753
495000 157.78022855364 155.173031780614 152.107606205862 465.060866540116
496000 158.10132988898 155.564898722501 152.40535222261 466.071580834091
497000 158.438764998523 155.80689357703 152.738610924714 466.984269500266
498000 158.774895232163 156.003761784503 152.96162299263 467.740280009296
499000 159.0483876712 156.387039059741 153.259263534151 468.694690265092
500000 159.449166461901 156.648463352572 153.445673234709 469.543303049182
501000 159.66340970336 156.953223437927 153.744912846706 470.361545987993
502000 160.013860057644 157.275249356744 154.038394207568 471.327503621956
503000 160.368600535816 157.554232143678 154.343728936457 472.266561615951
504000 160.736832318038 157.879286747449 154.740582856425 473.356701921912
505000 160.978191297436 158.256336492119 154.967267720557 474.201795510112
506000 161.358816834585 158.57317697295 155.272587746932 475.204581554467
507000 161.585572498604 158.896345379394 155.606025929606 476.087943807604
508000 161.898893589273 159.204103108493 155.932770042045 477.035766739811
509000 162.225707546279 159.564901387518 156.290883076692 478.08149201049
510000 162.539915873037 159.780834597092 156.631593461815 478.952343931944
511000 162.821063643293 160.070593724029 156.891811309595 479.783468676917
512000 163.220965770137 160.458427268908 157.282657586212 480.962050625257
513000 163.497309685767 160.817754035746 157.656467764698 481.971531486211
514000 163.820850132003 161.164035955818 158.037942023874 483.022828111695
515000 164.159235217894 161.393489789692 158.250151367745 483.802876375331
516000 164.519423945654 161.608634613568 158.517686367752 484.645744926974
517000 164.740588922588 161.958360268786 158.760197260628 485.459146452001
518000 165.137925605762 162.275644289962 159.129930444104 486.543500339829
519000 165.46569498564 162.550819723064 159.318653963159 487.335168671862
520000 165.822342525054 162.814909977439 159.732748877405 488.370001379898
521000 166.083948200459 163.062973286196 159.95205447828 489.098975964935
522000 166.360528938787 163.45798241024 160.302528017124 490.121039366151
523000 166.664215737924 163.621250523162 160.594477925695 490.879944186781
524000 167.054835706103 164.006303777455 160.834240045212 491.89537952877
525000 167.353055108114 164.402106719176 161.118161782356 492.873323609646
526000 167.66058676028 164.750833177509 161.380562209257 493.791982147046
527000 167.862093121722 164.993881564243 161.642079967417 494.498054653382
528000 168.217620473458 165.242627154261 161.922584110483 495.382831738203
529000 168.521330967061 165.599590147613 162.230799435107 496.351720549781
530000 168.771824530371 165.870611796701 162.468238259235 497.110674586307
531000 169.051187413233 166.038523771315 162.883972160575 497.973683345122
532000 169.354583889223 166.379388266375 163.072180346218 498.806152501817
533000 169.745327543181 166.72003875845 163.393256431742 499.858622733373
534000 170.018706169519 166.959413955981 163.680411666093 500.658531791593
535000 170.362404997551 167.238699268628 163.966721252572 501.567825518752
536000 170.689207033252 167.549893694935 164.207940811333 502.44704153952
537000 170.971335363302 167.68029041736 164.469777549427 503.121403330088
538000 171.293638266705 168.015853249217 164.867314333218 504.176805849141
539000 171.490440872133 168.376559659541 165.132690266179 504.999690797854
540000 171.848548902035 168.638831746945 165.463332884609 505.950713533589
541000 172.130354065322 169.055246237901 165.784790136404 506.970390439627
542000 172.486105284627 169.264223839186 166.090534751275 507.840863875088
543000 172.815145141995 169.526245619561 166.482282607928 508.823673369484
544000 173.214782918959 169.867930801689 166.80955256525 509.892266285897
545000 173.441726480003 170.145400825631 167.065499116291 510.652626421926
546000 173.725277969676 170.492484750809 167.401907924343 511.619670644828
547000 174.04376675244 170.966140387401 167.774946367477 512.784853507318
548000 174.325133648432 171.227095133782 168.027325035421 513.579553817635
549000 174.627076878057 171.509430088122 168.316155020864 514.452661987043
550000 175.005443122098 171.824695104103 168.589051165439 515.419189391639
551000 175.355157542613 172.091482729798 168.905328290478 516.351968562889
552000 175.579283692637 172.410081867498 169.212657435237 517.202022995372
553000 175.894283375076 172.626411503903 169.521563087281 518.04225796626
554000 176.256723551173 173.00786499533 169.779777720249 519.044366266753
555000 176.500456019664 173.318210914004 170.060418955489 519.879085889157
556000 176.852276422584 173.602736080833 170.340803949333 520.79581645275
557000 177.157828313522 174.021688112173 170.570886315095 521.750402740789
558000 177.515467277341 174.228170872725 170.931973242425 522.675611392491
559000 177.851222796259 174.468435245014 171.191958445224 523.511616486496
560000 178.13462451283 174.752488900378 171.507616201037 524.394729614245
561000 178.432847514427 175.124311647005 171.796658181513 525.353817342945
562000 178.760440885631 175.429369954538 172.140670918384 526.330481758552
563000 179.152079488386 175.716286796258 172.451335031336 527.31970131598
564000 179.558493912406 176.025693453364 172.825336956359 528.409524322129
565000 179.741982810193 176.219854875022 173.134012240938 529.095849926153
566000 180.100433047945 176.429004620582 173.388983834977 529.918421503504
567000 180.51914268467 176.787062295975 173.611236057462 530.917441038107
568000 180.816354582183 177.005747906994 173.963190776046 531.785293265224
569000 181.158785068959 177.289958348738 174.346358211491 532.795101629187
570000 181.488659834324 177.573089188946 174.553860924006 533.615609947277
571000 181.749698051129 177.766945540513 174.821339230398 534.337982822039
572000 182.049935320814 178.166406807543 175.187169470039 535.403511598396
573000 182.435211877851 178.548474503653 175.411938283522 536.395624665025
574000 182.627817782776 178.855336468487 175.743847530666 537.22700178193
575000 182.964550090945 179.137959916624 175.987028478655 538.089538486224
576000 183.297792886577 179.41861830373 176.265983978123 538.98239516843
577000 183.526029108331 179.625626731543 176.570469968977 539.722125808851
578000 183.823609218611 179.952947267027 176.996592885806 540.773149371444
579000 184.200992282737 180.188842782679 177.265999001595 541.655834067012
580000 184.623925485361 180.461300951453 177.594242267853 542.679468704667
581000 184.880549197966 180.709139935144 177.908141974275 543.497831107386
582000 185.185025805707 181.005637426085 178.252691248353 544.443354480144
583000 185.523467486326 181.260520322597 178.502288197806 545.286276006729
584000 185.690911031859 181.600531529833 178.727219871597 546.018662433289
585000 186.090218618038 181.911782015786 179.120437057192 547.122437691015
586000 186.476329845839 182.241407593165 179.380717931888 548.098455370892
587000 186.768799017163 182.537124955606 179.661834865605 548.967758838375
588000 187.075280387662 182.797110763023 180.020820283198 549.893211433883
589000 187.430492481041 183.02169485288 180.322541405454 550.774728739375
590000 187.608036554235 183.303241742101 180.669920844129 551.581199140464
591000 187.946575072337 183.557631345504 180.837430246127 552.341636663968
592000 188.269297501327 183.861600506276 181.182606253259 553.313504260861
593000 188.585335793245 184.162829317287 181.527510571924 554.275675682456
594000 188.884228216244 184.415508946394 181.823867723649 555.123604886287
595000 189.192877219763 184.732737586575 182.221264613877 556.146879420215
596000 189.657376908557 185.019049774638 182.439701685148 557.116128368343
597000 189.981706186827 185.350589309082 182.829953486309 558.162248982218
598000 190.28965165282 185.687786602982 183.153824852784 559.131263108585
599000 190.477910557105 185.970302115344 183.485262308525 559.933474980974
600000 190.839717391835 186.302140187434 183.736184780225 560.878042359494
601000 191.08536413071 186.55615061686 183.930384220559 561.571898968129
602000 191.511733324182 186.858619828658 184.31221920901 562.68257236185
603000 191.780855812128 187.228511913771 184.644059299632 563.653427025531
604000 192.105269736458 187.284645145339 184.952619837636 564.342534719432
605000 192.432086340142 187.560460088855 185.265112621505 565.257659050502
606000 192.891867894286 187.904175111984 185.541276684607 566.337319690878
607000 193.141073506613 188.217276219734 185.758035937735 567.116385664082
608000 193.404006711977 188.571203347626 185.998812838357 567.97402289796
609000 193.690655837056 188.897888522468 186.258029176235 568.846573535759
610000 194.149905335557 189.175866601097 186.636583832697 569.962355769351
611000 194.431871846351 189.398822495691 186.848058614224 570.678752956266
612000 194.740957431655 189.660516429074 187.198988407227 571.600462267956
613000 194.990974975842 189.995290484367 187.447329713116 572.433595173325
614000 195.355969496554 190.331161228581 187.676155484171 573.363286209306
615000 195.682049944309 190.610801732722 187.988986349322 574.281838026354
616000 195.948636638938 190.936541130834 188.3236115995 575.208789369272
617000 196.24896072586 191.280659551588 188.575660621948 576.105280899396
618000 196.491781328791 191.520476031835 188.92178708294 576.934044443566
619000 196.721272746816 191.753033760711 189.160401640415 577.634708147942
620000 197.07106615364 192.031094764139 189.405571415988 578.507732333767
621000 197.435480272645 192.314952136883 189.853302372671 579.603734782198
622000 197.703875113513 192.670030395319 190.133272468612 580.507177977444
623000 198.081534259341 192.92204528277 190.367404237521 581.370983779632
624000 198.391524310571 193.103780143809 190.71282109108 582.208125545459
625000 198.642126513621 193.498488823081 190.954176541703 583.094791878406
626000 198.897036643252 193.705579881094 191.232615455754 583.8352319801
627000 199.327346441679 194.118696061887 191.53611771239 584.982160215957
628000 199.496397934428 194.402052766953 191.732652147989 585.63110284937
629000 199.683379239043 194.682030739438 192.061727991877 586.427137970359
630000 200.027547125524 195.002343033511 192.368964362352 587.398854521388
631000 200.426752437574 195.231101799029 192.643449007781 588.301303244384
632000 200.743642031645 195.545950209786 192.891855144728 589.181447386158
633000 200.974101234503 195.687263662779 193.091709405772 589.753074303054
634000 201.269495408857 196.053688067355 193.47406055765 590.797244033862
635000 201.517271914016 196.384292202959 193.820821828132 591.722385945107
636000 201.839431756789 196.669389995361 194.113059306132 592.621881058281
637000 202.166572257633 197.06927247031 194.404046690647 593.63989141859
638000 202.394764458762 197.369028396228 194.738583164776 594.502376019766
639000 202.785944895314 197.545431730339 194.96908055774 595.300457183394
640000 203.130378004847 197.857979144587 195.334395543844 596.322752693279
641000 203.58241428097 198.208422867548 195.673909355248 597.464746503766
642000 203.899251442878 198.500314618912 196.040076495791 598.439642557581
643000 204.18029522755 198.768556238716 196.317691564276 599.266543030542
644000 204.469254097059 199.069845251574 196.519291994293 600.058391342925
645000 204.883963295654 199.380658443426 196.911619226063 601.176240965143
646000 205.279832936331 199.664358774582 197.243558078316 602.187749789229
647000 205.537810567781 199.925993248993 197.578672643499 603.042476460273
648000 205.847499292881 200.252373222041 197.840475598055 603.940348112976
649000 206.040341488153 200.561505378261 198.196359869643 604.798206736055
650000 206.369588875268 200.752284882337 198.435779350164 605.557653107769
651000 206.640755453788 201.002842148105 198.62708763086 606.270685232753
652000 207.002466916292 201.304860012811 198.921913009018 607.22923993812
653000 207.28152126596 201.587861536199 199.160945981518 608.030328783677
654000 207.52326919896 201.917888980907 199.465762993622 608.906921173488
655000 207.902007765967 202.232262220468 199.6927786538 609.827048640235
656000 208.201070978191 202.412267190084 199.996673185968 610.610011354243
657000 208.473291863718 202.860243150738 200.333036788148 611.666571802604
658000 208.753765115428 203.261033023084 200.505189751757 612.519987890268
659000 208.991108177023 203.554597045725 200.872899835961 613.418605058709
660000 209.251067984499 203.866534388894 200.9933170523 614.110919425693
661000 209.587088340392 204.233378090211 201.355496081217 615.17596251182
662000 209.881821939535 204.529888999055 201.621055061997 616.032766000587
663000 210.089303877914 204.698458921755 202.011459077964 616.799221877633
664000 210.411706006584 205.097117595931 202.209499090736 617.718322693251
665000 210.68007236349 205.427257742555 202.290798064863 618.398128170908
666000 210.879957230735 205.70365508117 202.659045501657 619.242657813562
667000 211.17650124165 205.951188329169 203.046212026167 620.173901596986
668000 211.423075782893 206.269141253052 203.372309186363 621.064526222309
669000 211.694592695141 206.596766999588 203.708011777357 621.999371472086
670000 212.016220359733 206.75143976684 203.92830569989 622.695965826463
671000 212.377000058418 207.109623170419 204.320898456186 623.807521685023
672000 212.574116137671 207.503804756734 204.557664208369 624.635585102773
673000 212.766908377337 207.885168571338 204.792302730469 625.444379679145
674000 213.101985889726 208.180786556018 205.006162320917 626.288934766661
675000 213.501910685592 208.431174085404 205.393503941225 627.326588712221
676000 213.766320863298 208.725778088017 205.822375243098 628.314474194413
677000 213.908223310978 209.031060102994 206.242199534752 629.181482948724
678000 214.220740937013 209.336436372408 206.611204368799 630.16838167822
679000 214.557830728449 209.620046362908 206.813438289086 630.991315380443
680000 214.871813526143 209.893879659377 207.086697312158 631.852390497678
681000 215.110968793413 210.195796813067 207.401198591571 632.70796419805
682000 215.345269702744 210.438756446393 207.579215600406 633.363241749543
683000 215.627105977564 210.820392332237 207.932744553102 634.380242862903
684000 216.158553542554 211.045675448521 208.193252430426 635.397481421501
685000 216.408997232828 211.305009879471 208.539916302568 636.253923414867
686000 216.811552392997 211.618084693217 208.842854789916 637.27249187613
687000 217.108683441544 211.970623224209 209.077641278928 638.156947944682
688000 217.358262930691 212.216712318657 209.341587298089 638.916562547436
689000 217.711081268615 212.597526257646 209.70167499036 640.01028251662
690000 218.006158565816 212.803772472464 209.86768779876 640.67761883704
691000 218.26853763406 213.097695186543 210.222017831708 641.588250652312
692000 218.647814972372 213.439231518651 210.639043890107 642.72609038113
693000 218.892285081847 213.688562541693 210.973212829321 643.554060452862
694000 219.229373143245 213.920282524476 211.334041611396 644.483697279117
695000 219.541521994043 214.18785844912 211.591614872736 645.320995315898
696000 219.909133990159 214.460022758389 211.983137463413 646.352294211961
697000 220.180235048678 214.712273882563 212.3225025353 647.215011466541
698000 220.678001669808 215.126490318756 212.510858826913 648.315350815477
699000 220.837387593273 215.388551519727 212.754901624185 648.980840737185
700000 221.174397203517 215.673759546465 213.099670098023 649.947826848005
701000 221.557078597093 215.999563680242 213.379076937478 650.935719214813
702000 221.865772855679 216.332164229578 213.713638524094 651.91157560935
703000 222.055320250824 216.718943888919 214.063945390593 652.838209530336
704000 222.456715882214 217.041330163983 214.465747589472 653.96379363567
705000 222.825745918743 217.322252629905 214.734957976287 654.882956524934
706000 223.107769429049 217.563878830311 215.008295048443 655.679943307803
707000 223.299434874012 217.857991985667 215.258272665648 656.415699525327
708000 223.435514384683 218.195716294136 215.520152274793 657.151382953612
709000 223.98242370543 218.41414301703 215.800330906958 658.196897629418
710000 224.18354039978 218.636083735492 216.002473544145 658.822097679417
711000 224.533937998134 219.008304000084 216.394970883068 659.937212881286
712000 224.669157907171 219.281241941468 216.588542649813 660.538942498451
713000 225.035116671121 219.752888516274 216.815404250212 661.603409437607
714000 225.318894990389 220.052772329803 217.105858272684 662.477525592876
715000 225.509165212556 220.279564827194 217.428881450476 663.217611490225
716000 225.866623821562 220.500874885768 217.718349262942 664.085847970273
717000 226.165639791451 220.737186420671 218.023130330509 664.925956542631
718000 226.54509446375 221.052364741595 218.205789163505 665.803248368849
719000 226.884381893385 221.52785251091 218.591003844838 667.003238249133
720000 227.231225162036 221.814511898965 218.925189838914 667.970926899916
721000 227.549866031568 222.088197185254 219.224348411576 668.862411628398
722000 227.877653188694 222.278410321732 219.415703106914 669.571766617339
723000 228.155538416623 222.529224632074 219.662510589132 670.347273637829
724000 228.416834254174 222.895434396115 220.059775323049 671.372043973338
725000 228.740848153038 223.295322373381 220.40871031282 672.444880839239
726000 228.947269448332 223.596096532326 220.697097587049 673.240463567706
727000 229.135571767907 223.911379893907 221.018910884717 674.065862546531
728000 229.427373321279 224.217970353898 221.450593789601 675.095937464778
729000 229.835990247989 224.648282711477 221.631269949178 676.115542908643
730000 229.996042317123 224.931417612826 221.908873237937 676.836333167886
731000 230.318679579179 225.277659188432 222.207964112614 677.804302880225
732000 230.522410728627 225.53444826245 222.474414519213 678.53127351029
733000 230.971035590141 225.892281924209 222.871234656763 679.734552171114
734000 231.289719752237 226.080058283923 223.082275857277 680.452053893437
735000 231.595054154763 226.350204637804 223.447587723467 681.392846516034
736000 231.987806307734 226.667964589607 223.640804117101 682.296575014442
737000 232.365190164197 227.028039268852 223.980564926068 683.373794359118
738000 232.742733386583 227.449768414111 224.362582222001 684.555084022696
739000 233.027194852512 227.828210053541 224.643525015135 685.498929921189
740000 233.243747994694 228.06895873938 224.980660631002 686.293367365076
741000 233.63795033862 228.274583675524 225.218053331768 687.130587345912
742000 233.753976108079 228.648885355652 225.402469372057 687.805330835788
743000 234.010984208871 228.897590310506 225.699787546401 688.608362065777
744000 234.340755656496 229.242513213049 226.042454293124 689.625723162669
745000 234.682249437167 229.467288915739 226.303119959924 690.45265831283
746000 235.073951949914 229.68246542046 226.607002316398 691.363419686772
747000 235.37879533428 230.067124552014 226.87292230505 692.318842191344
748000 235.732951336768 230.445038890354 227.115503713714 693.293493940835
749000 236.018973881494 230.695772944288 227.478356387533 694.193103213314
750000 236.274689539915 230.977309886096 227.706669385178 694.958668811189
751000 236.620938933255 231.197911810506 228.041582356546 695.860433100307
752000 236.873870669989 231.547678429406 228.399981189446 696.821530288841
753000 237.079065070146 231.833704392499 228.805236088361 697.718005551007
754000 237.499392358432 232.131321960685 229.164217003736 698.794931322854
755000 237.599656565585 232.41569366563 229.502639234328 699.517989465543
756000 237.938644851047 232.789912396218 229.629325287455 700.35788253472
757000 238.388787244763 232.978670242144 229.911426613395 701.278884100302
758000 238.444306092677 233.289713562242 230.16931507452 701.90333472944
759000 238.82931485846 233.579244052465 230.516481400225 702.92504031115
760000 239.2080645744 233.691961763545 230.908706397343 703.808732735288
761000 239.353973883446 234.027703348118 231.085029975263 704.466707206827
762000 239.702850429845 234.243526508179 231.386336074023 705.332713012047
763000 239.974761373763 234.720695164551 231.698762987063 706.394219525377
764000 240.398130053591 235.001196382232 232.020293015305 707.419619451128
765000 240.732000101848 235.357825902012 232.240788167582 708.330614171443
766000 241.058911235205 235.626365094668 232.42248657624 709.107762906113
767000 241.492230826722 235.951095496454 232.574533062769 710.017859385945
768000 241.739316311318 236.347554013601 232.780363333887 710.867233658807
769000 242.095199366528 236.742279131043 233.195444745856 712.032923243427
770000 242.406063412166 237.155043485671 233.433159734539 712.994266632377
771000 242.717291801678 237.417204872238 233.671468796552 713.805965470468
772000 242.973481465012 237.721571643718 233.885807065997 714.580860174728
773000 243.219765528301 238.04630184359 234.108951079164 715.375018451056
774000 243.506964403812 238.44149720112 234.277511069051 716.225972673983
775000 243.735376938181 238.724701437378 234.599107413799 717.059185789357
776000 244.101411098906 238.977475375613 235.005078639449 718.083965113968
777000 244.30352609656 239.380873329331 235.373751932613 719.058151358504
778000 244.622017768712 239.632592371916 235.473781295103 719.728391435731
779000 245.033578010271 239.960843829344 235.738779125342 720.733200964957
780000 245.273081386661 240.274212875309 236.07097364324 721.61826790521
781000 245.705966837898 240.558624484989 236.25260129633 722.517192619218
782000 245.941146319718 240.910526974933 236.549471355569 723.401144650219
783000 246.105091895403 241.318752603101 236.812199704065 724.236044202569
784000 246.384991963746 241.6663526275 237.13256404975 725.183908640996
785000 246.725191475238 241.998801386656 237.386406949118 726.110399811012
786000 247.017678155554 242.235726911458 237.597163696179 726.850568763191
787000 247.330142818341 242.583702498488 237.943559992866 727.857405309695
788000 247.514296341592 242.828731744285 238.137780903054 728.480808988931
789000 247.676311443768 243.163174565498 238.435133471265 729.274619480531
790000 247.996364539929 243.503352601187 238.617961686649 730.117678827766
791000 248.295315338174 243.688703662823 238.852502969103 730.8365219701
792000 248.53724156098 243.959743915556 239.097380995076 731.594366471612
793000 248.951434350295 244.24688832353 239.431897174212 732.630219848037
794000 249.269183137266 244.563285542607 239.643352044375 733.475820724248
795000 249.629545135722 244.956158821815 239.985002352041 734.570706309578
796000 249.931909780552 245.234541208594 240.204235538422 735.370686527569
797000 250.309204761782 245.527681896365 240.420694517513 736.257581175661
798000 250.568143293672 245.769180914625 240.640332102904 736.977656311201
799000 250.820547049963 246.055304349527 240.969526081294 737.845377480784
800000 251.023357018479 246.26673271299 241.206740432182 738.496830163652
801000 251.252494994913 246.583515339337 241.353772563543 739.189782897794
802000 251.506303695478 247.012744252375 241.667599453977 740.186647401831
803000 251.857224948259 247.328410736101 241.918103806853 741.103739491213
804000 252.173011994674 247.613098930764 242.225892610997 742.012003536434
805000 252.399624531351 248.018854617815 242.566922064452 742.985401213618
806000 252.799578162957 248.199391931712 242.859358059647 743.858328154315
807000 253.054175203605 248.587572461019 243.213998075343 744.855745739966
808000 253.313150449289 248.801079395638 243.414692841504 745.528922686431
809000 253.539284652204 249.23927449361 243.82173151631 746.600290662125
810000 253.809530571097 249.492796459996 244.196732342704 747.499059373797
811000 254.269488704334 249.641873006658 244.47629121647 748.387652927462
812000 254.544242779319 249.968075910121 244.770767008699 749.283085698139
813000 254.924795615905 250.354637135681 245.062351510302 750.341784261889
814000 255.100469212282 250.583404738364 245.373036310796 751.056910261442
815000 255.479643632431 250.838140738308 245.706866934709 752.024651305447
816000 255.680361233096 251.232091041633 245.934557506818 752.847009781548
817000 255.968568031934 251.449831806083 246.269511412099 753.687911250116
818000 256.287917614174 251.577526946229 246.43437935677 754.299823917173
819000 256.634682411632 251.989763514955 246.744753475576 755.369199402164
820000 256.836264528258 252.177913632772 247.099843776285 756.114021937315
821000 257.235083479187 252.444919287839 247.487971925534 757.16797469256
822000 257.620661914144 252.868099499954 247.842103824101 758.330865238199
823000 257.977852722612 253.225171817007 248.259726811628 759.462751351246
824000 258.354744724079 253.558791732345 248.400914642382 760.314451098806
825000 258.578922795395 253.817592778849 248.738007059134 761.134522633378
826000 258.951042262814 254.22446756938 249.066560763996 762.24207059619
827000 259.234211019005 254.564605826978 249.380541210651 763.179358056633
828000 259.597469027615 254.9414237878 249.549876641677 764.088769457093
829000 259.967522736855 255.101548004406 249.871242903206 764.940313644467
830000 260.226879972752 255.416486517243 250.292942634817 765.936309124813
831000 260.56330690792 255.596675403689 250.546208776097 766.706191087707
832000 260.935559374891 255.846667760626 250.949964488203 767.73219162372
833000 261.189408415097 256.143887724926 251.268450550862 768.601746690886
834000 261.503964606173 256.449206698773 251.606834354626 769.560005659571
835000 261.886089468475 256.888418315181 251.911286228861 770.685794012517
836000 262.139192283621 257.030056849285 252.193018885823 771.362268018729
837000 262.383889717399 257.392401567847 252.422991008358 772.199282293605
838000 262.557167386629 257.796052383845 252.695597092651 773.048816863125
839000 263.007468771111 257.925181885187 252.906635119429 773.839285775727
840000 263.412592347408 258.324953241939 253.213586883245 774.951132472593
841000 263.709352953067 258.651833982998 253.593626619761 775.954813555826
842000 264.144765868899 258.93238343138 253.824509203735 776.901658504014
843000 264.443256346982 259.053163647569 254.17233304302 777.668753037571
844000 264.747706675761 259.446809572953 254.430783023999 778.625299272714
845000 265.004884559503 259.726092799005 254.729326782576 779.460304141084
846000 265.310269205044 259.890782562102 255.069849757667 780.270901524813
847000 265.726866997294 260.266955698146 255.349891315295 781.343714010735
848000 266.142716422991 260.563572839629 255.901631859652 782.607921122272
849000 266.305537891867 260.817256333747 256.033481861872 783.156276087486
850000 266.681674659777 261.160161109658 256.346068992747 784.187904762181
851000 267.083238431877 261.434060601716 256.619318800744 785.136617834337
852000 267.248413978562 261.67939094265 256.930681556873 785.858486478085
853000 267.599983584038 261.970866898172 257.276445312549 786.847295794759
854000 267.968611468282 262.285001990289 257.475642702934 787.729256161505
855000 268.307265753054 262.713468628056 257.687542817217 788.708277198327
856000 268.588678530512 262.96261011424 258.082651239474 789.633939884226
857000 268.801920871725 263.171007706356 258.46681606538 790.439744643461
858000 269.178226502999 263.613070267571 258.654734252652 791.446031023222
859000 269.513133759662 263.89313883561 258.978657893431 792.384930488704
860000 269.888491196741 264.170833535553 259.366820620751 793.426145353045
861000 270.218267512407 264.396142431291 259.48149753642 794.095907480118
862000 270.614595418865 264.681268754577 259.699161654357 794.995025827799
863000 270.83759685599 265.051665423254 260.049021078394 795.938283357638
864000 271.126897985025 265.291256711583 260.279418839975 796.697573536583
865000 271.423660693766 265.548916542485 260.55831001118 797.53088724743
866000 271.71317624518 265.837613251274 261.017635927332 798.568425423787
867000 272.023432388709 266.181804690207 261.397083544485 799.602320623402
868000 272.29008558936 266.499272340756 261.535390989554 800.324748919669
869000 272.681517188508 266.817410038533 261.906206029457 801.405133256498
870000 273.014421768385 266.940604348958 262.110002982116 802.065029099458
871000 273.413078321269 267.282416343936 262.438917357876 803.13441202308
872000 273.667960813578 267.593704524416 262.802440544272 804.064105882266
873000 274.021112487613 267.914116361035 262.990577259257 804.925806107904
874000 274.371479051007 268.224088202182 263.330408306329 805.925975559517
875000 274.73838289429 268.584162365133 263.686109402006 807.008654661428
876000 275.067300664332 268.876887038776 264.015214474403 807.95940217751
877000 275.426855290658 269.127003846573 264.215401077875 808.769260215106
878000 275.724735969247 269.48467958136 264.492965202788 809.702380753395
879000 275.954575284422 269.753391958566 264.666026392229 810.373993635218
880000 276.31246819306 270.072672484012 265.047705760911 811.432846437983
881000 276.528237124637 270.280154990332 265.293411627313 812.101803742282
882000 276.681141268967 270.546127599998 265.408904230811 812.636173099776
883000 277.181831201574 270.968821242531 265.708081200657 813.858733644762
884000 277.519574326509 271.251715705932 265.933696536309 814.70498656875
885000 277.839280990952 271.49802670043 266.216618887231 815.553926578614
886000 278.053265622451 271.743015463151 266.582782055992 816.379063141593
887000 278.411818221654 271.915212880046 266.847448549237 817.174479650937
888000 278.643900283891 272.388560876302 267.154668813896 818.187129974089
889000 278.900555659948 272.612920840135 267.438949214686 818.952425714769
890000 279.179816284727 272.880957044312 267.639926644789 819.700699973828
891000 279.517805643917 273.240277818344 267.854497549988 820.612581012248
892000 279.837080648327 273.570288944224 268.076112456767 821.483482049318
893000 280.127489681637 273.909495604632 268.315757846212 822.352743132481
894000 280.435843049067 274.244974816762 268.517585010412 823.198402876241
895000 280.567770185918 274.321961952135 269.006694001296 823.896426139349
896000 280.85009323963 274.546383064063 269.295258249243 824.691734552936
897000 281.127507988073 274.957033499106 269.479765590974 825.564307078154
898000 281.467702641924 275.467897671885 269.679285150086 826.614885463895
899000 281.708299921224 275.71772969489 270.095300950255 827.52133056637
900000 282.100895561904 275.932206714207 270.398740620575 828.431842896687
901000 282.323607306935 276.218978878076 270.631024445296 829.173610630306
902000 282.737249997998 276.593223094394 271.152668439501 830.483141531893
903000 283.003310719543 276.807297783193 271.509258163384 831.31986666612
904000 283.365002494783 277.192423291741 271.657763430963 832.215189217487
905000 283.652942214892 277.431835068272 271.914117480959 832.998894764123
906000 284.158628933173 277.597605412991 272.007937254935 833.764171601099
907000 284.363801393218 278.054122029291 272.459565145735 834.877488568245
908000 284.800003537551 278.299880290963 272.73548396787 835.835367796384
909000 285.230820653819 278.371811245039 273.059042913176 836.661674812035
910000 285.376259100835 278.711116586279 273.319956314325 837.407332001439
911000 285.679784774498 278.883755051219 273.575482976835 838.139022802551
912000 285.863334713165 279.272172185339 273.94161265799 839.077119556494
913000 286.071888018602 279.466298376094 274.243019909653 839.78120630435
914000 286.323752879061 279.743087786921 274.426840405636 840.493681071617
915000 286.640611450743 279.904354480719 274.765241260144 841.310207191606
916000 287.040811119239 280.197847636903 275.045063590979 842.283722347121
917000 287.439091595044 280.443026983658 275.319226987705 843.201345566407
918000 287.856760497709 280.784941190912 275.58839386557 844.23009555419
919000 288.002846159346 281.134650076884 275.814222900859 844.95171913709
920000 288.45068940044 281.445027727428 276.047628378469 845.943345506337
921000 288.66943399149 281.616253729375 276.323221234129 846.608908954993
922000 288.894753766261 282.078664895067 276.571738995925 847.545157657253
923000 289.240828068808 282.529310273062 276.948873733083 848.719012074953
924000 289.537838992722 282.750527507641 277.274679624373 849.563046124736
925000 289.713171543805 283.045628369745 277.505245138868 850.264045052418
926000 289.97680578974 283.40190603714 277.823559455615 851.202271282494
927000 290.383353129465 283.777262271104 278.190320004243 852.350935404811
928000 290.598635298216 284.069922459088 278.346548264085 853.01510602139
929000 290.898435031437 284.419218111102 278.652162492814 853.969815635352
930000 291.350417057525 284.726813539864 279.092694093397 855.169924690786
931000 291.433946393728 284.950701031871 279.359830917553 855.744478343152
932000 291.720234152367 285.165229231348 279.749063080784 856.6345264645
933000 291.903714371777 285.436182154177 279.962876769807 857.302773295761
934000 292.181654311105 285.72852824108 280.322551803488 858.232734355673
935000 292.594304849657 285.869263632053 280.648126350666 859.111694832377
936000 292.898716124708 286.178060894841 280.930141820723 860.006918840271
937000 293.103391822496 286.500051038735 281.301148961316 860.904591822547
938000 293.481756493216 286.889333294814 281.581502471331 861.95259225936
939000 293.697793407738 287.171333468607 281.83528801138 862.704414887725
940000 293.990555932144 287.384069053653 282.258962491408 863.633587477204
941000 294.362984546812 287.615568026895 282.554504172072 864.533056745779
942000 294.710500328719 287.906531631074 282.708723938705 865.325755898498
943000 294.986419578989 288.153011892601 283.124029926874 866.263461398464
944000 295.338747939263 288.505291514264 283.386675127149 867.230714580676
945000 295.650773867391 288.77734974533 283.908162071529 868.336285684249
946000 296.048062681206 288.973322185591 284.194876891518 869.216261758315
947000 296.274768500258 289.303686981321 284.374472553565 869.952928035145
948000 296.526691011906 289.463631676504 284.323176902713 870.313499591122
949000 296.846620476183 289.754701751382 284.778069003425 871.379391230991
950000 297.142589960453 290.007358232986 285.096202696419 872.246150889857
951000 297.332415246367 290.324524940391 285.43431128165 873.091251468407
952000 297.506298023418 290.579684229082 285.599813378225 873.685795630725
953000 297.80349101006 290.812128042932 285.951067748867 874.566686801859
954000 298.173792474975 291.279878957468 286.264788094388 875.71845952683
955000 298.550274436702 291.645630436508 286.560264534597 876.756169407806
956000 298.905387189284 291.794560389556 286.920793960945 877.620741539785
957000 299.116736159039 292.281574570289 287.173016429847 878.571327159175
958000 299.526176483479 292.472226957203 287.307928799062 879.306332239745
959000 299.769729012324 292.541874108112 287.707856996349 880.019460116784
960000 300.092393184622 292.710262952712 287.84839950983 880.651055647163
961000 300.404041268888 293.165155785132 288.147698955378 881.716896009398
962000 300.594981256852 293.42441191605 288.479382079288 882.498775252191
963000 300.850361064726 293.689117834903 288.784181709919 883.323660609549
964000 301.2760354801 293.993009017312 289.115546174413 884.384590671825
965000 301.56594395746 294.107645594125 289.294396058588 884.967985610173
966000 301.794735323136 294.468612941264 289.581497180443 885.844845444843
967000 302.022577669862 294.674461862681 289.782168889298 886.47920842184
968000 302.369483367041 294.943598072335 290.225153820194 887.53823525957
969000 302.647889947437 295.301461189989 290.538654932937 888.488006070362
970000 302.932563114735 295.585589204942 290.805737333909 889.323889653586
971000 303.243147590346 295.794364266456 291.014352516677 890.05186437348
972000 303.342552529587 296.181912992243 291.425990995349 890.950456517178
973000 303.702051049559 296.519313058501 291.572449410534 891.793813518594
974000 304.079883251607 296.754686241695 291.767764792614 892.602334285916
975000 304.134572651403 297.140170693998 291.989680158805 893.264423504206
976000 304.54285270058 297.451509864841 292.271029367184 894.265391932605
977000 304.683426752549 297.708019342193 292.580959941274 894.972406036015
978000 304.910495874194 298.191218544949 292.921537157252 896.023251576397
979000 305.334977080275 298.381106612085 293.246764705224 896.962848397584
980000 305.572452562902 298.753623695909 293.577500654516 897.903576913326
981000 305.871988962791 299.069493212508 293.93743842471 898.878920600009
982000 306.272092517511 299.297581645947 294.273723695586 899.843397859044
983000 306.473697185256 299.508776452247 294.681539492932 900.664013130435
984000 306.803690956025 299.800143265288 294.880453249037 901.48428747035
985000 307.04648645139 300.020935744884 295.148057518619 902.215479714894
986000 307.337401037957 300.285018074144 295.514795731114 903.137214843215
987000 307.754455984348 300.668670511634 295.704764913866 904.127891409847
988000 307.989393327365 300.978588608651 296.16319362269 905.131175558706
989000 308.122482190044 301.262355437192 296.31075130771 905.695588934946
990000 308.592071171867 301.580087504175 296.691858859557 906.864017535599
991000 308.917163183935 301.901542317711 296.985832455005 907.80453795665
992000 309.162918563333 302.126732084766 297.140659033756 908.430309681855
993000 309.645480487273 302.415870876779 297.372917177478 909.43426854153
994000 309.848825128257 302.674741411639 297.707309828856 910.230876368752
995000 310.156526830456 303.04155941384 297.96101253308 911.159098777376
996000 310.491032264749 303.426988643125 298.345096924292 912.263117832165
997000 310.748810443558 303.810041537451 298.541606537281 913.10045851829
998000 311.104958734483 304.084544613142 298.904876316223 914.094379663848
999000 311.472406965117 304.34304221616 299.156206058981 914.971655240259
1000000 311.719853816112 304.669414336061 299.328140759405 915.717408911578
1001000 312.010174387196 305.056250673969 299.791383862017 916.857808923181
1002000 312.369316558681 305.299684546072 300.072614292894 917.741615397648
1003000 312.64752990353 305.525563079671 300.267538700675 918.440631683877
1004000 312.84893647267 305.958484560268 300.644022144972 919.45144317791
1005000 313.102776452768 306.279294024874 300.87688751147 920.258957989112
1006000 313.554407158758 306.336116259004 301.166912630431 921.057436048193
1007000 313.981332487877 306.645285620429 301.360665175879 921.987283284184
1008000 314.192164259077 306.956370289718 301.575894560835 922.72442910963
1009000 314.519905724398 307.086125361679 301.95224883097 923.558279917047
1010000 314.786758865745 307.484871053997 302.230376214937 924.50200613468
1011000 315.059274857569 307.692316739026 302.48767236931 925.239263965905
1012000 315.342307950845 308.110885949275 302.718163519186 926.171357419305
1013000 315.705786420163 308.244573893491 303.08159498446 927.031955298114
1014000 315.975258549843 308.615189729642 303.40105733692 927.991505616405
1015000 316.214661422728 309.005516562746 303.565439380708 928.785617366182
1016000 316.531026479069 309.396124022639 303.846820858511 929.773971360219
1017000 316.827106436673 309.767153033963 304.143246100437 930.737505571073
1018000 316.944138249223 310.028793829156 304.513446932616 931.486379010995
1019000 317.287420628344 310.328214229645 304.831135770129 932.446770628118
1020000 317.575830454078 310.696659248193 305.077469224758 933.349958927029
1021000 317.818827078208 310.867182594818 305.347320656894 934.03333032992
1022000 318.123327934662 311.161569830051 305.61228967071 934.897187435423
1023000 318.638213515831 311.353692794941 305.986993877315 935.978900188087
1024000 318.993677450825 311.629193170037 306.25430125956 936.877171880422
1025000 319.215510948942 311.978791282378 306.653812311522 937.848114542843
1026000 319.537431292247 312.173404103125 306.888324501771 938.599159897143
1027000 319.942663682326 312.483148716631 307.219557524813 939.645369923769
1028000 320.269414174379 312.743937250347 307.465351970472 940.478703395198
1029000 320.520997330844 313.072693283342 307.685584995864 941.279275610049
1030000 320.835144371703 313.274259869197 308.220255694854 942.329659935754
1031000 321.143174083592 313.578075657901 308.539751896625 943.261001638119
1032000 321.362524644472 313.84466422076 308.684492554007 943.891681419239
1033000 321.634202062111 314.124798775658 308.986684889048 944.745685726817
1034000 322.043159645006 314.395449475881 309.304060203212 945.7426693241
1035000 322.194734686823 314.741561899741 309.583654092801 946.519950679365
1036000 322.470000508825 314.992030316967 309.899119351391 947.361150177183
1037000 322.685916959464 315.315609439979 310.193759622413 948.195286021856
1038000 322.930113630169 315.492051163953 310.494820085603 948.916984879725
1039000 323.234660020886 315.834220319944 310.784329083132 949.853209423962
1040000 323.60963019707 316.196787734282 310.965088343888 950.77150627524
1041000 324.086823361359 316.433702869681 311.392809977548 951.913336208587
1042000 324.427425823339 316.844382710787 311.610651174866 952.882459708992
1043000 324.701674773621 317.147429454619 311.864845068265 953.713949296505
1044000 324.912136197121 317.411006388361 312.16146354802 954.484606133502
1045000 325.402291567847 317.726059137111 312.431722508816 955.560073213774
1046000 325.561849602103 318.124336946418 312.808030490223 956.494217038745
1047000 325.747571651841 318.350627837204 313.165897719841 957.264097208886
1048000 326.134035868807 318.564189483449 313.414769269654 958.112994621911
1049000 326.429215106571 318.804731874712 313.60206207852 958.836009059802
1050000 326.671041500276 319.106667975316 313.917068403179 959.694777878771
1051000 327.04216072096 319.39519410643 314.10330186497 960.540656692361
1052000 327.337995049143 319.742884601081 314.460501948179 961.541381598403
1053000 327.654488806662 320.095990706149 314.871845508018 962.622325020829
1054000 328.016643896538 320.399719479263 315.18815623815 963.604519613951
1055000 328.316233147667 320.662933072328 315.667883874488 964.647050094483
1056000 328.77061216761 321.053091801526 315.899570560784 965.72327452992
1057000 328.851746897903 321.268448259496 316.288249024197 966.408444181595
1058000 329.172841156514 321.502428564235 316.587175147028 967.262444867778
1059000 329.437743280338 321.746443574521 316.859271334302 968.043458189162
1060000 329.707591053785 322.067366962286 317.116474228398 968.891432244469
1061000 330.124470713166 322.202085979006 317.389682006468 969.716238698639
1062000 330.360606038809 322.420905255187 317.751577086982 970.533088380978
1063000 330.519776712346 322.72763136138 317.898358344488 971.145766418214
1064000 330.919597613023 323.004342023021 318.323232281072 972.247171917116
1065000 331.131893131985 323.358892294695 318.600506889738 973.091292316418
1066000 331.449170675844 323.799624217233 318.869135632793 974.117930525871
1067000 331.848550671453 323.9235661507 319.101042461219 974.873159283372
1068000 332.117794541333 324.356154335855 319.466537858675 975.940486735863
1069000 332.371478667945 324.680971409773 319.817374839571 976.869824917289
1070000 332.740157968258 325.01144650439 320.012241275955 977.763845748603
1071000 332.972045502068 325.239986085518 320.238285056578 978.450316644163
1072000 333.235246278375 325.35096977822 320.578835760625 979.16505181722
1073000 333.592632157324 325.566965894981 320.870011367478 980.029609419783
1074000 333.821826132212 325.683682592533 321.149322658559 980.654831383305
1075000 334.014497874997 326.158653202851 321.425044527527 981.598195605375
1076000 334.370394088833 326.514476314843 321.635419230374 982.520289634051
1077000 334.797962756715 326.917068204642 321.713682281019 983.428713242375
1078000 335.061900630356 327.197557986415 322.006484773077 984.265943389848
1079000 335.42936297468 327.575141877007 322.346356087612 985.350860939299
1080000 335.646146154815 327.986621983864 322.698257411886 986.331025550565
1081000 335.919063799827 328.28646885414 323.010444084251 987.215976738218
1082000 336.193664927652 328.668228086653 323.261295780122 988.123188794427
1083000 336.64663334631 328.723485710268 323.395736165219 988.765855221796
1084000 336.945106903999 329.080729743145 323.681018151518 989.706854798662
1085000 337.121982563876 329.561476417511 324.036706558287 990.720165539674
1086000 337.418412814117 329.702567768707 324.44824053658 991.569221119403
1087000 337.726798793154 330.029218770953 324.818267764887 992.574285328995
1088000 337.951434737743 330.186474304575 325.018952192569 993.156861234888
1089000 338.257203185517 330.394439224576 325.467952574978 994.119594985071
1090000 338.457713137766 330.749066039402 325.671762284829 994.878541461997
1091000 338.790855011324 331.038224194584 325.972231774375 995.801310980283
1092000 339.061085053418 331.401312164745 326.131694586595 996.594091804757
1093000 339.398156175965 331.720555426242 326.350976891178 997.469688493385
1094000 339.818848968222 332.186799575331 326.60636158132 998.612010124873
1095000 339.897518572681 332.510228805647 326.880214649004 999.287962027331
1096000 340.226873298807 332.833348411899 327.095430004289 1000.155651715
1097000 340.469757588566 332.970410462263 327.335482806279 1000.77565085711
1098000 340.768942784618 333.384615489064 327.648189850974 1001.80174812466
1099000 341.183217534987 333.672076275977 328.145476184808 1003.00076999577
1100000 341.599466187741 333.821160093346 328.376536693124 1003.79716297421
1101000 341.891348784593 334.028817482076 328.528775190532 1004.4489414572
1102000 342.093300255683 334.347083013968 328.841535222045 1005.2819184917
1103000 342.286721308951 334.522118200283 329.21228373292 1006.02112324215
1104000 342.651441606005 334.801492067563 329.502838252986 1006.95577192655
1105000 342.884037678075 335.092318266169 329.777329651823 1007.75368559607
1106000 343.192148319631 335.376456183861 330.06227778761 1008.6308822911
1107000 343.598327709459 335.823911669467 330.187548751577 1009.6097881305
1108000 343.858282103583 336.181542789504 330.455570962065 1010.49539585515
1109000 344.333577750473 336.357058332788 330.690915894892 1011.38155197815
1110000 344.543358139575 336.470089236468 330.893640379803 1011.90708775585
1111000 344.95130922952 336.692912363611 331.27831699812 1012.92253859125
1112000 345.122681476468 337.067198233841 331.506327184792 1013.6962068951
1113000 345.456078301076 337.379574885618 331.839625023669 1014.67527821036
1114000 345.716258982508 337.646693786194 332.29209626292 1015.65504903162
1115000 345.976653605215 337.995377238437 332.517273026891 1016.48930387054
1116000 346.249905703815 338.339359404338 332.967818402435 1017.55708351059
1117000 346.459065146436 338.642694240867 333.094192116936 1018.19595150424
1118000 346.81806071678 338.886752794738 333.457782737531 1019.16259624905
1119000 347.08335065049 339.403279189114 333.753078628041 1020.23970846765
1120000 347.44642921828 339.673381845436 333.846858140741 1020.96666920446
1121000 347.841081004429 340.093211123394 334.137599756928 1022.07189188475
1122000 348.151465700331 340.180042970017 334.410482356432 1022.74199102678
1123000 348.485349824076 340.551284993571 334.642038689993 1023.67867350764
1124000 348.83580892008 340.835513234965 334.946050040803 1024.61737219585
1125000 349.300614552644 341.229793435012 335.366722076083 1025.89713006374
1126000 349.497090909895 341.482346333929 335.658336983767 1026.63777422759
1127000 349.776802864975 341.624706132145 336.061801628255 1027.46331062538
1128000 350.09133636127 341.934911716859 336.254805180624 1028.28105325875
1129000 350.471589511682 342.185559831021 336.603476397032 1029.26062573974
1130000 350.719179191292 342.337051000516 336.846478443442 1029.90270863525
1131000 351.025141949899 342.532778911384 337.046512635598 1030.60443349688
1132000 351.533901329042 342.696233885079 337.362901228615 1031.59303644274
1133000 351.870276826195 343.138033229424 337.634966643175 1032.64327669879
1134000 352.234683314982 343.294163834461 337.985269666151 1033.51411681559
1135000 352.401660099668 343.619692878252 338.426148545619 1034.44750152354
1136000 352.746778251491 343.997903402051 338.819964274628 1035.56464592817
1137000 352.947427413731 344.219527555659 338.955027438837 1036.12198240823
1138000 353.259121399673 344.571812888943 339.219923825025 1037.05085811364
1139000 353.638737694184 344.988241555215 339.495150666154 1038.12212991555
1140000 353.791475685145 345.226605529129 339.897656215949 1038.91573743022
1141000 354.116728659771 345.649987312291 340.185035019395 1039.95175099146
1142000 354.397489992941 345.920970995496 340.560413613952 1040.87887460239
1143000 354.668172689552 346.301951019852 340.863746417822 1041.83387012723
1144000 354.907054815187 346.398747665156 341.239400010649 1042.54520249099
1145000 355.212547732595 346.810779691324 341.426279360822 1043.44960678474
1146000 355.373736279071 347.150759333063 341.808701994706 1044.33319760684
1147000 355.686559102874 347.49194896947 342.266120568479 1045.44462864082
1148000 355.967783463681 347.727443001929 342.461384595024 1046.15661106063
1149000 356.308680250639 347.982460256823 342.633178021834 1046.9243185293
1150000 356.628099524154 348.309350902592 342.923993845855 1047.8614442726
1151000 356.758348316992 348.647645802989 343.305662113904 1048.71165623388
1152000 357.00819362198 348.811361509358 343.809953890452 1049.62950902179
1153000 357.276628247505 349.105158498794 344.062306718049 1050.44409346435
1154000 357.42020303599 349.356831170853 344.271903194737 1051.04893740158
1155000 357.786934217348 349.670691751258 344.593048346272 1052.05067431488
1156000 358.196575037829 349.967657356062 344.948685418918 1053.11291781281
1157000 358.418937941593 350.251295355832 345.203204556945 1053.87343785437
1158000 358.752988788317 350.558770830406 345.466637552502 1054.77839717123
1159000 359.2701974127 350.710268611197 345.786688517326 1055.76715454122
1160000 359.422076313119 350.90731201235 346.082396701834 1056.4117850273
1161000 359.926365768846 351.277072092801 346.472803565224 1057.67624142687
1162000 360.257094075276 351.708585700562 346.700432295385 1058.66611207122
1163000 360.585865866751 351.973269927193 346.914307729928 1059.47344352387
1164000 360.936744618037 352.295283727768 347.215251647678 1060.44727999348
1165000 361.095764255459 352.749206894768 347.432567118881 1061.27753826911
1166000 361.258542622334 353.122320420845 347.595434906699 1061.97629794988
1167000 361.500102266158 353.357093899015 348.050262242672 1062.90745840784
1168000 361.836494393055 353.640120598709 348.354167930192 1063.83078292196
1169000 362.184849084482 353.869580219354 348.600894729847 1064.65532403368
1170000 362.471238153168 354.215173702027 349.023260035238 1065.70967189043
1171000 362.793979124534 354.404825753969 349.433395306357 1066.63220018486
1172000 363.123521816482 354.738677478487 349.679703228955 1067.54190252392
1173000 363.317649822175 354.934080939985 349.965875513827 1068.21760627599
1174000 363.6451649764 355.154959326862 350.22502525673 1069.02514955999
1175000 363.82596498536 355.456365262283 350.598648136887 1069.88097838453
1176000 364.184462746526 355.780669553366 350.8941330484 1070.85926534829
1177000 364.410051258473 356.082697134757 351.219265452917 1071.71201384615
1178000 364.58261544929 356.4544362689 351.620992795311 1072.6580445135
1179000 364.811562190295 356.740601458597 351.869394022238 1073.42155767113
1180000 365.119091143079 357.0619904734 352.133534036215 1074.31461565269
1181000 365.404203648863 357.239216250294 352.476965246983 1075.12038514614
1182000 365.679352653809 357.607219685448 352.815835440632 1076.10240777989
1183000 366.159204846386 358.021366374483 353.109743973072 1077.29031519394
1184000 366.28003043312 358.262051854889 353.380828139658 1077.92291042767
1185000 366.463241698184 358.669005686288 353.774765576333 1078.9070129608
1186000 366.784481941292 358.900293712038 353.985400315891 1079.67017596922
1187000 366.883063758419 359.178038991975 354.271258541483 1080.33236129188
1188000 367.265653677553 359.344469412981 354.595704280686 1081.20582737122
1189000 367.598014330277 359.747417229927 354.82764910777 1082.17308066797
1190000 367.885290552389 360.09816823562 355.119204453034 1083.10266324104
1191000 368.210559232824 360.33914034321 355.260447412536 1083.81014698857
1192000 368.616114390005 360.733807514891 355.402548577029 1084.75247048192
1193000 368.76184098334 361.154057788438 355.766396026825 1085.6822947986
1194000 369.009857120736 361.194038414021 356.318092573854 1086.52198810861
1195000 369.385905569738 361.268989672695 356.561140725004 1087.21603596744
1196000 369.692377210099 361.715922511063 356.770587470156 1088.17888719132
1197000 370.044578574262 361.854095989163 357.097949526392 1088.99662408982
1198000 370.379961466669 362.123291558017 357.378084574527 1089.88133759921
1199000 370.656482403489 362.475745965207 357.635142698175 1090.76737106687
1200000 370.89093734239 362.753757851825 357.839633065872 1091.48432826009
1201000 371.24190770035 363.000125068777 358.247669972593 1092.48970274172
1202000 371.554432920298 363.402169674469 358.611674906814 1093.56827750158
1203000 371.821666321158 363.776398164779 358.819085574421 1094.41715006036
1204000 372.187752888806 363.920997244802 359.093098200572 1095.20184833418
1205000 372.585575123422 364.176302343755 359.285418751487 1096.04729621866
1206000 372.853393468353 364.628068284668 359.512745515569 1096.99420726859
1207000 373.184174360711 364.989168652163 359.673534622824 1097.8468776357
1208000 373.482274563796 365.262728850401 360.025292375136 1098.77029578933
1209000 373.687382671814 365.538165142051 360.325731843143 1099.55127965701
1210000 374.118796842535 365.718172931367 360.492295769056 1100.32926554296
1211000 374.383940390296 366.080616105968 360.86396791896 1101.32852441522
1212000 374.65386870365 366.183053813359 361.145247346419 1101.98216986343
1213000 374.926597694831 366.559273680465 361.434866016364 1102.92073739166
1214000 375.272406988456 366.959699429177 361.854292443406 1104.08639886104
1215000 375.481180748715 367.309641277117 362.129285537658 1104.92010756349
1216000 375.786813273398 367.604011931927 362.618046282339 1106.00887148766
1217000 376.100212811441 367.919564309981 362.927017573869 1106.94679469529
1218000 376.426031391418 368.079419765768 363.06137831305 1107.56682947024
1219000 376.767570098665 368.428322838445 363.381949415914 1108.57784235302
1220000 376.945218975393 368.712601107932 363.646605178455 1109.30442526178
1221000 377.287845881553 369.023868933404 364.042684229035 1110.35439904399
1222000 377.595291444427 369.311460980091 364.316706068681 1111.2234584932
1223000 377.932340074664 369.469757796547 364.564812433898 1111.96691030511
1224000 378.105989532569 369.780913903852 364.718613946404 1112.60551738282
1225000 378.549793864965 370.074862852121 365.032276768081 1113.65693348517
1226000 378.870162868528 370.420455048797 365.259986881889 1114.55060479921
1227000 379.125952766425 370.794808373339 365.360146615248 1115.28090775501
1228000 379.573170393975 371.150071403303 365.639131568995 1116.36237336627
1229000 379.712496993457 371.323066292698 366.04268060843 1117.07824389458
1230000 379.819510712995 371.508125003031 366.29544149137 1117.6230772074
1231000 380.211054370258 371.911237733055 366.589298889917 1118.71159099323
1232000 380.590246627667 372.12266116135 366.867944176018 1119.58085196503
1233000 380.792497180501 372.386157005529 366.950847490869 1120.1295016769
1234000 381.013841621492 372.517545278692 367.128416848547 1120.65980374873
1235000 381.436970688864 372.928976607131 367.379982951857 1121.74593024785
1236000 381.773392472977 373.295182592201 367.550618763554 1122.61919382873
1237000 381.878346319747 373.638921008416 367.884248986759 1123.40151631492
1238000 382.201019389847 374.002458329784 368.076943152604 1124.28042087223
1239000 382.462211892981 374.280163055399 368.292001621069 1125.03437656945
1240000 382.81718122902 374.699387853725 368.491099250223 1126.00766833297
1241000 383.08385154603 374.977779444032 368.82061121389 1126.88224220395
1242000 383.387997630294 375.212997086114 369.188836850647 1127.78983156705
1243000 383.684704053941 375.547613162647 369.476617178769 1128.70893439536
1244000 383.968647690092 375.794407866749 369.754291201294 1129.51734675813
1245000 384.353853212406 376.129679959325 369.963026555725 1130.44655972746
1246000 384.6050593858 376.462914082649 370.150538661728 1131.21851213018
1247000 384.943845142012 376.619251386809 370.471942201872 1132.03503873069
1248000 384.946213221727 376.882047720749 370.884092877685 1132.71235382016
1249000 385.477586418409 377.312239910847 371.189628646218 1133.97945497547
1250000 385.73357445845 377.515291565156 371.377367846895 1134.6262338705
1251000 385.964489601376 377.693594571044 371.515817394636 1135.17390156706
1252000 386.287163657297 378.118759285589 371.788015026776 1136.19393796966
1253000 386.562798464637 378.466966644096 372.059272402915 1137.08903751165
1254000 386.822785323359 378.832640812776 372.344396495466 1137.9998226316
1255000 387.088536974982 379.072391229845 372.491973656288 1138.65290186111
1256000 387.48731479679 379.382954265622 372.70252546617 1139.57279452858
1257000 387.711696745826 379.381684000078 373.014089870192 1140.1074706161
1258000 388.170400828307 379.594487857974 373.32296861498 1141.08785730126
1259000 388.456017942415 380.017177672681 373.607614053262 1142.08080966836
1260000 388.650151492167 380.365551529927 373.977250105412 1142.99295312751
1261000 389.064971569237 380.613866692864 374.154777357696 1143.8336156198
1262000 389.4816379831 380.8349698324 374.39682991356 1144.71343772906
1263000 389.705200270374 381.111332738076 374.738673760854 1145.5552067693
1264000 389.869132032827 381.44391535024 374.980394526683 1146.29344190975
1265000 390.174924819468 381.682099004946 375.385508674896 1147.24253249931
1266000 390.386361805008 382.22369922651 375.78560883736 1148.39566986888
1267000 390.742746540357 382.356923200674 375.933522897343 1149.03319263837
1268000 391.076715784031 382.528477325064 376.234991530229 1149.84018463932
1269000 391.505157010428 382.793859348431 376.645085131626 1150.94410149049
1270000 391.867623156887 383.021719726115 377.00088886398 1151.89023174698
1271000 392.320304828789 383.437964449864 377.265848487267 1153.02411776592
1272000 392.733280167092 383.726945259353 377.485908682767 1153.94613410921
1273000 392.804884928032 383.916881229801 377.723189329393 1154.44495548723
1274000 393.071861365433 384.257381738636 378.028736609206 1155.35797971328
1275000 393.425311236115 384.570478484468 378.284611187983 1156.28040090857
1276000 393.740110848179 384.775401317324 378.714684068005 1157.23019623351
1277000 394.079202342465 385.179995583587 378.936983140201 1158.19618106625
1278000 394.355176810082 385.51935941172 379.086122082288 1158.96065830409
1279000 394.429738487299 385.66663712796 379.511049321941 1159.6074249372
1280000 394.738518371486 386.027254752086 379.801164060856 1160.56693718443
1281000 395.043423742781 386.297178838585 380.223511234952 1161.56411381632
1282000 395.255088650116 386.511031886519 380.507581725218 1162.27370226185
1283000 395.422145920271 386.898489565086 380.820700467437 1163.14133595279
1284000 395.624032433099 387.273852094127 380.985657056239 1163.88354158346
1285000 395.838110872832 387.401977688741 381.275030478406 1164.51511903998
1286000 396.214859380405 387.790386396603 381.582242360375 1165.58748813738
1287000 396.532511413038 387.866925454982 381.823197594623 1166.22263446264
1288000 396.911505151792 388.179658189141 382.152087288004 1167.24325062894
1289000 397.142275484107 388.649132302717 382.427167985792 1168.21857577262
1290000 397.39366836258 388.975422953836 382.596382921833 1168.96547423825
1291000 397.813670658513 389.071431900017 382.932393351637 1169.81749591017
1292000 398.120725341176 389.370094282501 383.206829416447 1170.69764904013
1293000 398.357196974582 389.699429535946 383.466199271119 1171.52282578165
1294000 398.676798514928 389.989579442016 383.760402919376 1172.42678087632
1295000 399.0395767608 390.303279824294 384.038542173558 1173.38139875865
1296000 399.410727109282 390.660867815374 384.321275023903 1174.39286994856
1297000 399.706989651274 390.843308226986 384.549400798815 1175.09969867708
1298000 399.960945614704 391.046729844818 385.007458104108 1176.01513356363
1299000 400.255341185423 391.507043346486 385.030251658746 1176.79263619065
1300000 400.390173415398 391.782616925114 385.362272367651 1177.53506270816
1301000 400.473668077548 391.945768326056 385.618781131514 1178.03821753512
1302000 400.849413030316 392.121777994619 385.870414411063 1178.841605436
1303000 401.194042258311 392.494154177331 386.151739652071 1179.83993608771
1304000 401.322143069607 392.763905418609 386.461809008667 1180.54785749688
1305000 401.592931289319 393.074075449657 386.722312871531 1181.38931961051
1306000 401.950845429638 393.316228086955 387.053139609616 1182.32021312621
1307000 402.056882438141 393.595492516619 387.22141336047 1182.87378831523
1308000 402.537480803579 393.930688445747 387.473853253699 1183.94202250302
1309000 402.750009798828 394.150367925431 387.705374775081 1184.60575249934
1310000 403.182654640613 394.45735850579 387.796224974237 1185.43623812064
1311000 403.428287364099 394.780220470881 388.195710359877 1186.40421819486
1312000 403.599587364976 395.184816795709 388.299616468145 1187.08402062883
1313000 403.871547249344 395.57724121812 388.623958574527 1188.07274704199
1314000 404.191587715079 395.874069449932 388.813675237259 1188.87933240227
1315000 404.529095108248 396.108612215855 388.99738756105 1189.63509488515
1316000 404.704095504685 396.399446413028 389.165689225513 1190.26923114323
1317000 404.994265048772 396.545455669448 389.475261651113 1191.01498236933
1318000 405.439493783192 396.953056086634 389.722755051739 1192.11530492157
1319000 405.750420519681 397.215093703695 390.186639719537 1193.15215394291
1320000 406.100270836928 397.552186800006 390.537960822325 1194.19041845926
1321000 406.392771622392 397.882470561632 390.763592887101 1195.03883507113
1322000 406.609566411523 398.14986239722 391.135711772717 1195.89514058146
1323000 407.008994295146 398.459171299708 391.217937315387 1196.68610291024
1324000 407.332248539153 398.719799393592 391.495926708264 1197.54797464101
1325000 407.682242524133 398.971542810095 391.734800657851 1198.38858599208
1326000 408.003851790116 399.311646743216 392.095062404402 1199.41056093773
1327000 408.326733514616 399.679308057928 392.210786040971 1200.21682761352
1328000 408.432163239924 399.883199816845 392.575170909401 1200.89053396617
1329000 408.885687150298 399.865835662958 392.876504748562 1201.62802756182
1330000 409.16755173286 400.285466298885 393.070425088919 1202.52344312066
1331000 409.542950611542 400.533096394848 393.443357998096 1203.51940500449
1332000 409.841636556704 400.822761357757 393.844652461173 1204.50905037563
1333000 410.186581316725 401.083537511736 394.095318826405 1205.36543765487
1334000 410.528541484679 401.332815912236 394.432555472622 1206.29391286954
1335000 410.631154995191 401.604702810114 394.769103552494 1207.0049613578
1336000 411.064709161098 401.726002754245 395.032820773192 1207.82353268853
1337000 411.271143054606 401.965757561458 395.33350584644 1208.5704064625
1338000 411.616749854961 402.227117024577 395.677141840394 1209.52100871993
1339000 411.877669440732 402.4318754852 395.867006344436 1210.17655127037
1340000 412.501371568779 402.759800580592 396.084667570429 1211.3458397198
1341000 412.86766133937 402.907853823074 396.37172278284 1212.14723794528
1342000 413.138796418483 403.286336565336 396.639576429096 1213.06470941291
1343000 413.319144212082 403.537791763202 397.027830825848 1213.88476680113
1344000 413.661637336579 403.721852310132 397.441334060717 1214.82482370743
1345000 414.079424108435 403.99521806954 397.70977432121 1215.78441649919
1346000 414.287683887903 404.488791951617 397.911356510515 1216.68783235003
1347000 414.65995272399 404.759266569143 398.123978158929 1217.54319745206
1348000 414.922054793275 405.023242886069 398.327396414891 1218.27269409424
1349000 415.090622367538 405.332685775441 398.784469947133 1219.20777809011
1350000 415.411236468183 405.548814761076 398.901229279001 1219.86128050826
1351000 415.603248418873 405.892509577204 399.217674269649 1220.71343226573
1352000 415.991732361767 406.035096274452 399.43346081457 1221.46028945079
1353000 416.333288774102 406.402394954858 399.675059144479 1222.41074287344
1354000 416.581556160015 406.629887968771 400.123412909606 1223.33485703839
1355000 416.861063601885 406.769349317667 400.312669888229 1223.94308280778
1356000 417.075898913508 406.974534164662 400.556647533907 1224.60708061208
1357000 417.403271735714 407.352154380083 400.935568900997 1225.69099501679
1358000 417.561676851225 407.693573755394 401.035438227434 1226.29068883405
1359000 417.888162651353 407.808340980169 401.241354127805 1226.93785775933
1360000 418.139688543813 408.061694366416 401.397564725444 1227.59894763567
1361000 418.356539871779 408.339147337827 401.689107795743 1228.38479500535
1362000 418.531520082713 408.624164175048 402.099829937153 1229.25551419491
1363000 418.873254933364 408.875213161847 402.094203719567 1229.84267181478
1364000 419.084989626961 409.261299059248 402.575551042291 1230.9218397285
1365000 419.498793365387 409.551018685672 402.85139810219 1231.90121015325
1366000 419.899763289313 409.694409354736 402.969099095959 1232.56327174001
1367000 420.320242437791 410.010256344051 403.252547297282 1233.58304607912
1368000 420.535190116701 410.314607633846 403.373631676104 1234.22342942665
1369000 420.999990403231 410.811528322402 403.580925855284 1235.39244458092
1370000 421.321377555169 411.181015832776 403.894111019201 1236.39650440715
1371000 421.445493108623 411.474881200252 404.164525643196 1237.08489995207
1372000 421.500107106704 411.789869187099 404.31224278261 1237.60221907641
1373000 421.858405808932 412.05530788172 404.607293698442 1238.52100738909
1374000 422.313458440192 412.568967787667 404.833927609095 1239.71635383695
1375000 422.650474961854 412.676743555275 405.231304080503 1240.55852259763
1376000 422.978823154088 412.932957878046 405.598975249852 1241.51075628199
1377000 423.320262846489 413.349893250513 405.860025149673 1242.53018124668
1378000 423.609096186235 413.413069097453 406.201481460194 1243.22364674388
1379000 424.034836721381 413.757215046893 406.417643211535 1244.20969497981
1380000 424.533292974905 413.864273866881 406.657700814795 1245.05526765658
1381000 424.849735903434 414.195447422346 406.98607713348 1246.03126045926
1382000 425.247870666021 414.500315139653 407.175065420194 1246.92325122587
1383000 425.479291949362 414.886014725419 407.502513517678 1247.86782019246
1384000 425.640687240852 415.150193322016 407.728571400291 1248.51945196316
1385000 426.062997277585 415.447240864434 408.051082856231 1249.56132099825
1386000 426.282822242432 415.61223354538 408.356355731874 1250.25141151969
1387000 426.43545897521 415.845053931987 408.541568100275 1250.82208100747
1388000 426.67447747819 416.169403574015 408.800209399283 1251.64409045149
1389000 426.9588671165 416.203559119842 409.234192609995 1252.39661884634
1390000 427.34328447532 416.461321146376 409.520716969779 1253.32532259148
1391000 427.625707536828 416.737622044468 409.731671887277 1254.09500146857
1392000 427.797153004022 417.18650135653 410.214124977787 1255.19777933834
1393000 428.077851509429 417.26204347028 410.376926354243 1255.71682133395
1394000 428.392549987399 417.674666576551 410.707328595714 1256.77454515966
1395000 428.550806008586 417.937921115999 410.880197213843 1257.36892433843
1396000 428.889442546745 418.236137292963 411.020013223816 1258.14559306352
1397000 428.967262414745 418.435174516842 411.352752062233 1258.75518899382
1398000 429.435831045468 418.686604428164 411.742497600076 1259.86493307371
1399000 429.711027440104 418.854210024308 412.097549336983 1260.66278680139
1400000 429.917484394228 419.18671484711 412.422756018088 1261.52695525943
1401000 430.237379466185 419.538103540471 412.600982633019 1262.37646563968
1402000 430.712938167619 419.92258177854 412.856923737131 1263.49244368329
1403000 430.862075994586 420.272932599694 413.090626686681 1264.22563528096
1404000 431.156114266957 420.491867591101 413.398586536101 1265.04656839416
1405000 431.257494540905 420.692491431484 413.608491011406 1265.5584769838
1406000 431.538710119721 420.926728395101 413.86967298399 1266.33511149881
1407000 431.835706578728 421.001919352088 414.19911552605 1267.03674145687
1408000 432.129105623535 421.472338512333 414.413510973182 1268.01495510905
1409000 432.291448345747 421.712901014409 414.587748128447 1268.5920974886
1410000 432.444269183799 422.054367251653 414.927913110493 1269.42654954594
1411000 432.870283246328 422.483016884966 415.106964108607 1270.4602642399
1412000 433.206413712344 422.876282209845 415.511851468675 1271.59454739086
1413000 433.480952159362 423.033214585456 415.723080684413 1272.23724742923
1414000 433.601711111354 423.212497780047 415.871022576469 1272.68523146787
1415000 433.77281249804 423.626059636975 416.183355188419 1273.58222732343
1416000 434.116817566339 423.918701934639 416.508082837901 1274.54360233888
1417000 434.347936126922 424.120036052688 416.802596278529 1275.27056845814
1418000 434.634029252491 424.359674743513 417.141577710393 1276.1352817064
1419000 434.91796279586 424.615932976622 417.410796581467 1276.94469235395
1420000 435.245460206899 424.872929285952 417.651983123475 1277.77037261633
1421000 435.533241363029 425.185442460727 417.945080985935 1278.66376480969
1422000 435.834302583534 425.614969543145 418.133868076496 1279.58314020317
1423000 436.227717557746 425.60629192675 418.396346389876 1280.23035587437
1424000 436.418309491186 425.971854382537 418.641738925588 1281.03190279931
1425000 436.529742382598 426.182880229742 418.776428701939 1281.48905131428
1426000 436.896851994265 426.557374848106 419.127591827447 1282.58181866982
1427000 437.311487592334 426.786898976951 419.385391346928 1283.48377791621
1428000 437.571011359516 427.057463983439 419.754681410624 1284.38315675358
1429000 437.778817857815 427.364145162341 420.129468128029 1285.27243114818
1430000 438.234018956674 427.685684434148 420.407454665013 1286.32715805584
1431000 438.43649952838 428.112898451689 420.515437069366 1287.06483504944
1432000 438.539360195268 428.322067981525 420.797531985607 1287.6589601624
1433000 438.903097466389 428.555487972139 420.98946027929 1288.44804571782
1434000 439.088558870215 428.918103811786 421.087196901711 1289.09385958371
1435000 439.4961023144 429.20051821645 421.177159548914 1289.87378007976
1436000 439.794862614127 429.432127927106 421.528687625768 1290.755678167
1437000 439.889671983869 429.814656838601 421.954453494398 1291.65878231687
1438000 440.063271977746 430.268660342443 422.212584453418 1292.54451677361
1439000 440.35545887429 430.513513116096 422.448407900954 1293.31737989134
1440000 440.680827785552 430.748024172739 422.807833389639 1294.23668534793
1441000 440.868576484535 430.958384182165 423.151946042923 1294.97890670962
1442000 441.155534972066 431.157200992703 423.308400087002 1295.62113605177
1443000 441.528234280596 431.363910649652 423.634100772123 1296.52624570237
1444000 441.800027041431 431.634310215683 423.932024957913 1297.36636221503
1445000 442.11227516315 431.944895234831 424.263962157541 1298.32113255552
1446000 442.462611256022 432.127851860001 424.540501245194 1299.13096436122
1447000 442.832044479956 432.408921500373 424.768929541056 1300.00989552138
1448000 442.896897005713 432.580140076297 425.057229046877 1300.53426612889
1449000 443.321403171149 432.768605844042 425.330343169952 1301.42035218514
1450000 443.620477498003 433.050939606767 425.584825206801 1302.25624231157
1451000 443.990104883246 433.536031793746 426.085324847639 1303.61146152463
1452000 444.248263543489 433.759092857765 426.297006886177 1304.30436328743
1453000 444.525374426246 434.032802416725 426.600591129643 1305.15876797261
1454000 444.913574309338 434.501750886636 426.742081832306 1306.15740702828
1455000 445.04646678202 434.626155658591 427.156351197574 1306.82897363819
1456000 445.365013620598 434.83298646593 427.472356132141 1307.67035621867
1457000 445.718449843915 435.25830574693 427.949045471981 1308.92580106283
1458000 446.035530332537 435.438178655343 428.172301392127 1309.64601038001
1459000 446.584104896609 435.633545725079 428.540704980513 1310.7583556022
1460000 446.667604441424 435.922006224597 428.986598819732 1311.57620948575
1461000 446.923165504987 436.122025241769 429.388360138722 1312.43355088548
1462000 447.302763957377 436.327827552167 429.597036054485 1313.22762756403
1463000 447.61091159416 436.732968934688 429.828387046847 1314.1722675757
1464000 447.905461201114 437.095290959345 430.093632921216 1315.09438508168
1465000 448.247772143033 437.331429283901 430.477840646956 1316.05704207389
1466000 448.515978190577 437.518345983853 430.660683018302 1316.69500719273
1467000 448.753757598347 437.874570138607 430.936847773104 1317.56517551006
1468000 449.254350880612 438.324829869947 431.239043908548 1318.81822465911
1469000 449.518854830448 438.482949671056 431.476767615276 1319.47857211678
1470000 449.781047514357 438.943838403557 431.917309928682 1320.6421958466
1471000 450.186677432333 439.186897506465 432.116676425906 1321.4902513647
1472000 450.400001334972 439.322495224361 432.253562124861 1321.97605868419
1473000 450.792575886764 439.662699702121 432.63906323799 1323.09433882688
1474000 451.099485551325 439.755417185054 432.95710888594 1323.81201162232
1475000 451.416722497752 440.171448510264 433.059541003164 1324.64771201118
1476000 451.971308114419 440.468278201551 433.482412720843 1325.92199903681
1477000 452.188835129531 440.838335859864 433.737159657887 1326.76433064728
1478000 452.34127261505 440.923455315238 434.115163005126 1327.37989093541
1479000 452.901453944618 441.187591254258 434.231791124861 1328.32083632374
1480000 453.324395105063 441.492390036724 434.446182914909 1329.2629680567
1481000 453.501021715711 441.582743489812 434.794017575367 1329.87778278089
1482000 453.779512180398 441.824216800402 434.898944647892 1330.50267362869
1483000 454.232033887919 442.119459403446 435.384339345335 1331.7358326367
1484000 454.365771278418 442.44550491046 435.735415265566 1332.54669145444
1485000 454.633607875559 442.77411451138 436.086179575807 1333.49390196274
1486000 455.037039332783 443.131752509943 436.348413297311 1334.51720514004
1487000 455.279435784416 443.271903748347 436.561938546625 1335.11327807939
1488000 455.532957832005 443.561201129274 436.853597378264 1335.94775633954
1489000 455.943989625539 443.889118874058 437.182349405499 1337.0154579051
1490000 456.16115277542 444.253724126826 437.602004436591 1338.01688133884
1491000 456.688194312225 444.36076256538 437.732738246489 1338.78169512409
1492000 456.985041311789 444.491816522689 438.190505266601 1339.66736310108
1493000 457.2485709658 444.788486688195 438.602322018761 1340.63937967276
1494000 457.341633479095 445.319686634456 439.019458171102 1341.68077828465
1495000 457.611406155337 445.373247957479 439.358804194317 1342.34345830713
1496000 457.974524882372 445.615088568284 439.631027249628 1343.22064070028
1497000 458.136633896439 445.940250510037 439.919390049628 1343.9962744561
1498000 458.437730927436 446.045568031 440.141396320591 1344.62469527903
1499000 458.62658439188 446.239156685348 440.501308939832 1345.36705001706
1500000 458.825021556883 446.366706830733 440.832586914116 1346.02431530173
1501000 459.242138688927 446.860260303072 441.006805799175 1347.10920479117
1502000 459.467578853364 447.390371067172 441.40577195553 1348.26372187607
1503000 459.82579582907 447.582058001033 441.554669181621 1348.96252301172
1504000 459.956275336104 447.793720641832 441.843279262272 1349.59327524021
1505000 460.429598966467 448.052063464204 442.284514874485 1350.76617730516
1506000 460.761949601482 448.243794746789 442.755035815964 1351.76078016424
1507000 461.055972070291 448.603907998396 443.082395442692 1352.74227551138
1508000 461.265535443762 448.942729448858 443.252974817046 1353.46123970967
1509000 461.623089223882 449.107496795992 443.396990744529 1354.1275767644
1510000 461.755895088532 449.488970746722 443.53771067179 1354.78257650704
1511000 462.105282680354 449.801468204965 443.639176062372 1355.54592694769
1512000 462.356663040417 450.101851343242 444.204885601816 1356.66339998548
1513000 462.716829012 450.516919484439 444.328856659987 1357.56260515643
1514000 462.953889183321 450.76472548709 444.761196072461 1358.47981074287
1515000 463.200326672668 451.071728144737 445.166845677206 1359.43890049461
1516000 463.537158333684 451.242658750916 445.610623734172 1360.39044081877
1517000 463.852892172035 451.522995859706 445.90282921357 1361.27871724531
1518000 464.034498052861 451.973508822059 446.117235472229 1362.12524234715
1519000 464.437019828523 452.163774904523 446.397199086124 1362.99799381917
1520000 464.818307389522 452.544752431329 446.69694654198 1364.06000636283
1521000 465.167538135232 452.854706427394 446.882633114723 1364.90487767735
1522000 465.347097139772 453.083155394255 447.186412376459 1365.61666491049
1523000 465.727911825195 453.295510373656 447.418851149017 1366.44227334787
1524000 466.042159974192 453.510752465731 447.740253901524 1367.29316634145
1525000 466.308543544508 453.797494690213 447.84812396967 1367.95416220439
1526000 466.800782208692 454.035319927697 448.351729803229 1369.18783193962
1527000 467.127289050175 454.53698843805 448.759029795462 1370.42330728369
1528000 467.587302525257 454.727699362781 449.119469152792 1371.43447104083
1529000 467.914225842934 455.164202591983 449.21832198408 1372.296750419
1530000 468.222817006189 455.435661451573 449.502579585057 1373.16105804282
1531000 468.52082157918 455.582610658438 449.944071955585 1374.0475041932
1532000 468.806041815237 455.77224046245 450.199950399327 1374.77823267701
1533000 469.164951825288 456.005110976016 450.512913385684 1375.68297618699
1534000 469.285452266971 456.301313975743 450.892657263657 1376.47942350637
1535000 469.661278462697 456.626878820056 451.065669096654 1377.35382637941
1536000 470.049241332899 456.932995059596 451.409335568474 1378.39157196097
1537000 470.341036597186 457.352838608534 451.622047303502 1379.31592250922
1538000 470.712705956712 457.550429343721 452.041125622614 1380.30426092305
1539000 471.278563077202 457.833536170797 452.257381186257 1381.36948043426
1540000 471.65913955812 458.045615357477 452.666162604739 1382.37091752034
1541000 471.838070868045 458.467980413741 452.827471564969 1383.13352284676
1542000 472.053770009664 458.802704112978 453.208081368381 1384.06455549102
1543000 472.278366826381 459.211964787509 453.477942450181 1384.96827406407
1544000 472.824383099634 459.423292798448 453.814612100123 1386.06228799821
1545000 472.975945985711 459.826570103822 454.110495835947 1386.91301192548
1546000 473.337529283593 460.097645473033 454.362322644596 1387.79749740122
1547000 473.621779762831 460.37604585062 454.543592413999 1388.54141802745
1548000 473.741123251405 460.579302375022 454.742616604455 1389.06304223088
1549000 474.151056846618 460.89946430665 454.954144498524 1390.00466565179
1550000 474.532674361932 461.223035177926 455.242395907573 1390.99810544743
1551000 474.895762074001 461.493064731749 455.393916845901 1391.78274365165
1552000 475.147919764879 461.799239425591 455.721381478533 1392.668540669
1553000 475.454199096778 462.095993086991 455.846341001758 1393.39653318553
1554000 475.715450930257 462.619526123323 456.206152450285 1394.54112950387
1555000 475.956860565424 462.914051271514 456.417367562552 1395.28827939949
1556000 476.243595691889 463.10980590586 456.912207536688 1396.26560913444
1557000 476.310731403619 463.417684911632 457.066093188329 1396.79450950358
1558000 476.370894870608 463.83046505265 457.235068133009 1397.43642805627
1559000 476.707805508675 464.163314974829 457.367572024822 1398.23869250833
1560000 476.988386464186 464.353967825722 457.618015784851 1398.96037007476
1561000 477.255582942845 464.605275278442 457.880754624211 1399.7416128455
1562000 477.529664849295 464.915254673059 458.137844165563 1400.58276368792
1563000 477.93676556097 465.173412269434 458.364975830858 1401.47515366126
1564000 478.210235412395 465.475271062569 458.687559944835 1402.3730664198
1565000 478.685875775569 465.83132605438 458.911922352038 1403.42912418199
1566000 479.072851742014 466.145450614808 459.085365453818 1404.30366781064
1567000 479.423379327365 466.493800729942 459.413887491872 1405.33106754918
1568000 479.679296148136 466.708955116331 459.746271773665 1406.13452303813
1569000 479.990706624923 467.097018416459 460.054146159163 1407.14187120054
1570000 480.270200082601 467.137117137635 460.250052313551 1407.65736953379
1571000 480.417992985445 467.447914150568 460.608009840833 1408.47391697685
1572000 480.639772207414 467.81081057868 460.756760429561 1409.20734321566
1573000 480.947471000558 468.320740707186 461.116823394182 1410.38503510193
1574000 481.186483515823 468.624021394035 461.326046758999 1411.13655166886
1575000 481.518458004351 468.832980168168 461.634499804918 1411.98593797744
1576000 481.699961797565 469.085558027411 461.993858646426 1412.7793784714
1577000 481.674077768601 469.411906648388 462.308255730475 1413.39424014747
1578000 482.082506665877 469.796927822646 462.551224678773 1414.4306591673
1579000 482.337347520427 470.133197014162 462.91109636856 1415.38164090315
1580000 482.540045586129 470.525547358562 463.105706709365 1416.17129965406
1581000 483.022447377389 470.810414766986 463.495846478855 1417.32870862323
1582000 483.425041383305 470.92785673306 463.612773931902 1417.96567204827
1583000 483.809249752704 471.262656434046 463.877516808926 1418.94942299568
1584000 484.112871171663 471.498214247061 464.375852931576 1419.9869383503
1585000 484.410162002147 471.729562485824 464.516005843927 1420.6557303319
1586000 484.761703117085 472.280351579717 464.91313687447 1421.95519157127
1587000 484.949377818751 472.517454108556 465.287375011611 1422.75420693892
1588000 485.218743625186 472.839398751641 465.289607845514 1423.34775022234
1589000 485.327506211636 473.059194729234 465.450590921734 1423.8372918626
1590000 485.661196501293 473.201885716882 465.795400901645 1424.65848311982
1591000 485.829622871548 473.340280732703 466.053748467522 1425.22365207177
1592000 486.170252096159 473.82930261223 466.41471845342 1426.41427316181
1593000 486.393929031761 474.090581297273 466.630196238512 1427.11470656754
1594000 486.389034451764 474.30610998646 466.954415403533 1427.64955984176
1595000 486.559183081367 474.587367970331 467.153598173508 1428.30014922521
1596000 486.957896590749 474.692634673978 467.400702208705 1429.05123347343
1597000 487.214825887991 475.059219221513 467.735157970066 1430.00920307957
1598000 487.552100430917 475.282552365252 468.031682582106 1430.86633537828
1599000 487.948971053658 475.590392350179 468.515783631845 1432.05514703568
1600000 488.252088461697 476.004879380162 468.853889452082 1433.11085729394
1601000 488.443233175128 476.18023627302 468.959950622785 1433.58342007093
1602000 488.741751193733 476.375019897367 469.272733885035 1434.38950497614
1603000 489.163581453708 476.560483983655 469.739816465311 1435.46388190267
1604000 489.262539233326 476.92955829297 470.158239894279 1436.35033742058
1605000 489.781682415019 477.240627723661 470.458637657953 1437.48094779663
1606000 489.966519518394 477.372171698856 470.653199098782 1437.99189031603
1607000 490.317929902585 477.665425040446 470.916234233121 1438.89958917615
1608000 490.646225568155 477.92053320469 471.201104309358 1439.7678630822
1609000 490.923100813093 478.210711272208 471.553607090463 1440.68741917576
1610000 491.072707434018 478.618424702339 471.831173433552 1441.52230556991
1611000 491.132167388854 478.943118103294 471.942019456384 1442.01730494853
1612000 491.464301299604 479.282881940078 472.24155890693 1442.98874214661
1613000 491.848944647099 479.572953499713 472.563534559169 1443.98543270598
1614000 491.970647589832 479.839607428574 472.884913490454 1444.69516850886
1615000 492.281511060392 480.220274766881 473.27815677029 1445.77994259756
1616000 492.530694224032 480.470903472114 473.488553130115 1446.49015082626
1617000 492.789697422274 480.895019946863 473.81288300766 1447.4976003768
1618000 493.220188816138 481.057723649344 474.002293882488 1448.28020634797
1619000 493.507607665317 481.413722565643 474.274122224465 1449.19545245543
1620000 493.582918670598 481.784069211046 474.567938666323 1449.93492654797
1621000 493.649931523954 482.083513781253 474.764760231963 1450.49820553717
1622000 493.955310915796 482.463943741399 475.000559024326 1451.41981368152
1623000 494.300374706886 482.396782170209 475.236507280925 1451.93366415802
1624000 494.782513512392 482.746404058361 475.440966264759 1452.96988383551
1625000 495.112397872525 483.14606567054 475.765667324701 1454.02413086777
1626000 495.463129372799 483.344863084977 475.97472524189 1454.78271769967
1627000 495.742574266278 483.665302160616 476.272547906184 1455.68042433308
1628000 495.998934975356 483.929060214011 476.351814275738 1456.27980946511
1629000 496.335005525701 484.15637464838 476.559113051018 1457.0504932251
1630000 496.752264859122 484.574382767901 476.770700607285 1458.09734823431
1631000 497.070636211501 484.809680941018 476.943987909022 1458.82430506154
1632000 497.579426200668 485.099751641057 477.274853224435 1459.95403106616
1633000 497.906725515403 485.435160683502 477.678369018598 1461.0202552175
1634000 498.157334603658 485.675380079694 477.766937289614 1461.59965197297
1635000 498.61279371504 486.046661680643 478.021336383128 1462.68079177881
1636000 498.880254874472 486.242014663604 478.215104971541 1463.33737450962
1637000 498.991363576872 486.462433801483 478.519872203706 1463.97366958206
1638000 499.370500589612 486.739553666917 478.700450112587 1464.81050436912
1639000 499.825968866801 487.016841874011 479.006851293636 1465.84966203445
1640000 500.162200764764 487.254720351366 479.297811976323 1466.71473309245
1641000 500.375352798246 487.491199211214 479.617247643419 1467.48379965288
1642000 500.786934582408 487.625429642352 479.659665193208 1468.07202941797
1643000 501.057814971437 488.056385950638 480.053681857459 1469.16788277953
1644000 501.38331379618 488.214169778363 480.444400029016 1470.04188360356
1645000 501.675401991151 488.415005703823 480.51440871004 1470.60481640501
1646000 502.057875796457 488.780267204091 480.771293464938 1471.60943646549
1647000 502.08252498812 489.028767525711 480.956750383945 1472.06804289778
1648000 502.434121003992 489.274747575238 481.288101841292 1472.99697042052
1649000 502.560838017048 489.525323967303 481.721486916736 1473.80764890109
1650000 502.911298777347 489.798265690894 481.851118225383 1474.56068269362
1651000 503.119509491572 490.227692054568 482.178361485309 1475.52556303145
1652000 503.541244942065 490.422853128227 482.608111104368 1476.57220917466
1653000 503.693864427116 490.577037137745 482.705833028416 1476.97673459328
1654000 504.093537624263 490.768270404597 482.950369986222 1477.81217801508
1655000 504.412747105112 491.101923261997 483.213284094586 1478.7279544617
1656000 504.672798039732 491.416076291566 483.47837899105 1479.56725332235
1657000 504.865007523766 491.618897617155 483.55627242654 1480.04017756746
1658000 505.254718420333 492.079080244554 484.104582894908 1481.4383815598
1659000 505.652032800627 492.579225742435 484.329079919473 1482.56033846254
1660000 505.719550071401 493.030918476754 484.565306108524 1483.31577465668
1661000 506.047032593557 493.250184019046 484.819896926361 1484.11711353896
1662000 506.452939506661 493.740281061303 485.061164909681 1485.25438547764
1663000 506.888991327117 494.072992692828 485.528843395916 1486.49082741586
1664000 507.249777629852 494.360885912008 485.788934849294 1487.39959839115
1665000 507.560737084424 494.505101623307 485.948627804903 1488.01446651263
1666000 507.740091933326 494.653996957252 486.081575774124 1488.4756646647
1667000 507.995235318142 495.111085207709 486.438229344808 1489.54454987066
1668000 508.288540603639 495.368061804824 486.790402395385 1490.44700480385
1669000 508.658359870443 495.766544990151 487.142101484047 1491.56700634464
1670000 509.226196902696 496.110431843856 487.570033802136 1492.90666254869
1671000 509.334466169913 496.260339912043 487.7336420748 1493.32844815676
1672000 509.66689000914 496.672403318165 487.776566270305 1494.11585959761
1673000 509.91641793519 496.830664560234 488.400771373002 1495.14785386843
1674000 510.163152380935 497.132568991748 488.728924183689 1496.02464555637
1675000 510.529998160733 497.379839848947 489.036907047974 1496.94674505765
1676000 510.75838668866 497.597765250056 489.27808921747 1497.63424115619
1677000 511.122392611904 497.775770087318 489.584911525036 1498.48307422426
1678000 511.387083955003 498.044309114033 489.733771870528 1499.16516493956
1679000 511.988281913497 498.212596666134 490.148738889501 1500.34961746913
1680000 512.1765613519 498.520155562921 490.471405611456 1501.16812252628
1681000 512.737525888806 498.639088945181 490.897934614306 1502.27454944829
1682000 512.996169196641 499.018940550453 491.150913895955 1503.16602364305
1683000 513.272213001367 499.306593445797 491.503242149288 1504.08204859645
1684000 513.602337063561 499.506672825236 491.891560440455 1505.00057032925
1685000 513.98930361274 500.063552402499 492.100512209377 1506.15336822462
1686000 514.272191976037 500.149046627329 492.292790591129 1506.7140291945
1687000 514.606646319852 500.466422817846 492.850217798176 1507.92328693588
1688000 514.865806107568 500.496503794083 492.954700827243 1508.31701072889
1689000 515.199319953194 500.610228808644 493.224109871093 1509.03365863293
1690000 515.368800134981 500.946634235001 493.452147706048 1509.76758207603
1691000 515.757001778486 501.137454352211 493.781917945837 1510.67637407653
1692000 516.145509277374 501.388888023206 493.848315264169 1511.38271256475
1693000 516.661657132927 501.738348118789 494.19045146 1512.59045671172
1694000 517.056876173523 501.803420037382 494.487935304368 1513.34823151527
1695000 517.396001659005 502.005576996276 494.718462366096 1514.12004102138
1696000 517.803536345032 502.433544663068 495.079542770273 1515.31662377837
1697000 517.998600678776 502.575884512494 495.322500234583 1515.89698542585
1698000 518.406667053902 503.082259456713 495.726957286473 1517.21588379709
1699000 518.882630529825 503.202661501515 496.019329147952 1518.10462117929
1700000 519.108357472986 503.449843062856 496.224541306472 1518.78274184231
1701000 519.231717950992 503.592848266149 496.502929354735 1519.32749557188
1702000 519.486016014036 503.964757207342 496.681516446202 1520.13228966758
1703000 519.675814831688 504.268676279163 496.932244041227 1520.87673515208
1704000 519.891268182032 504.488503891545 497.316881573727 1521.6966536473
1705000 520.139398274015 504.738945477348 497.633186976764 1522.51153072813
1706000 520.305610055406 505.081278726441 497.973613003765 1523.36050178561
1707000 520.750829149239 505.318599788534 498.114285563378 1524.18371450115
1708000 521.091736140847 505.739305857878 498.409862855192 1525.24090485392
1709000 521.161448944516 505.832302956402 498.74926221792 1525.74301411884
1710000 521.578244173812 506.339602687093 498.880439151634 1526.79828601254
1711000 521.831322222092 506.4508332697 499.211623821356 1527.49377931315
1712000 521.972038078939 506.955777634671 499.551587539176 1528.47940325279
1713000 522.267930612074 507.237976579138 499.884162941903 1529.39007013311
1714000 522.590957249262 507.610619797894 500.17606782012 1530.37764486728
1715000 522.930786713318 507.752430512133 500.495596664818 1531.17881389027
1716000 523.139661792387 508.085923629795 500.715994634648 1531.94158005683
1717000 523.632095922233 508.374218099707 501.063995181864 1533.0703092038
1718000 523.975074874705 508.752379869709 501.244479175625 1533.97193392004
1719000 524.1017585076 508.903261588511 501.48443710824 1534.48945720435
1720000 524.563241206046 509.292477761676 501.889364924696 1535.74508389242
1721000 524.645471589472 509.452835488327 502.093611815431 1536.19191889323
1722000 525.036028595317 509.495216752233 502.396276358066 1536.92752170562
1723000 525.297385977066 509.801298719258 502.548236528082 1537.64692122441
1724000 525.371524056313 510.122908829997 502.858943937845 1538.35337682416
1725000 525.646254277832 510.220341011165 503.126764499652 1538.99335978865
1726000 526.062702066065 510.491705465106 503.355648103196 1539.91005563437
1727000 526.173237473809 510.810573094742 503.640992918006 1540.62480348656
1728000 526.467648542259 511.182510842653 503.768260763578 1541.41842014849
1729000 527.02285644949 511.253643442679 504.214040504243 1542.49054039641
1730000 527.150193544212 511.650448807341 504.251111292562 1543.05175364412
1731000 527.478604853138 511.701969229427 504.421821088067 1543.60239517063
1732000 527.691255635649 512.140280238525 504.692562761533 1544.52409863571
1733000 528.150184878563 512.489402395942 505.012701099531 1545.65228837403
1734000 528.482551425588 512.672851454032 505.120894664834 1546.27629754445
1735000 528.5442054504 513.100008025747 505.474621263596 1547.11883473974
1736000 528.858700118414 513.263131215122 505.66797951893 1547.78981085247
1737000 529.261200660538 513.486169663489 505.911375198268 1548.6587455223
1738000 529.388310645682 513.83558316099 505.991016521835 1549.21491032851
1739000 529.636234697723 514.056917674553 506.271149084555 1549.96430145683
1740000 530.154363265973 514.43748604267 506.508448637315 1551.10029794596
1741000 530.501627341047 514.693963350113 506.64384283779 1551.83943352895
1742000 530.944167775825 515.046955714545 507.094497482812 1553.08562097318
1743000 531.258791016281 515.097166228343 507.310937678418 1553.66689492304
1744000 531.397750746642 515.229652459978 507.746330838399 1554.37373404502
1745000 531.847268890946 515.539815461375 508.02069109283 1555.40777544515
1746000 531.879572278689 515.929623211391 508.226723422459 1556.03591891254
1747000 532.150413196339 516.346634343708 508.420829131216 1556.91787667126
1748000 532.469326633515 516.696730213406 508.564367412628 1557.73042425955
1749000 532.85553190449 516.897316510571 508.811889804395 1558.56473821946
1750000 533.105366702783 517.282618123911 508.839393323604 1559.2273781503
1751000 533.364792440088 517.535794187927 509.199467814408 1560.10005444242
1752000 533.521041496026 517.833452685814 509.284580252814 1560.63907443465
1753000 533.798021441678 518.315479859865 509.584675512703 1561.69817681425
1754000 534.419176074104 518.690574306096 509.978547687525 1563.08829806772
1755000 534.660600905684 518.89605657928 510.215939562224 1563.77259704719
1756000 534.927263434354 519.182110945709 510.686140573058 1564.79551495312
1757000 535.25247963757 519.251072918747 511.00197992763 1565.50553248395
1758000 535.538771772065 519.4722685167 511.239525786513 1566.25056607528
1759000 535.777828824023 519.977246078727 511.475746678482 1567.23082158123
1760000 536.070065355844 520.219068309755 511.699081449462 1567.98821511506
1761000 536.266976051732 520.55899554305 511.998332347552 1568.82430394233
1762000 536.567414049854 521.116070568533 512.102428661115 1569.7859132795
1763000 536.980512450102 521.334535154828 512.24390639731 1570.55895400224
1764000 537.440783629763 521.632551096135 512.539007597891 1571.61234232379
1765000 537.400715230558 521.862360226238 512.828897492999 1572.09197294979
1766000 537.809740316379 522.111463535067 513.245670661122 1573.16687451257
1767000 538.17462557834 522.294350529179 513.526079723653 1573.99505583117
1768000 538.476235107745 522.706409636343 513.75717919332 1574.93982393741
1769000 538.689334069835 522.958135397881 514.252387468451 1575.89985693617
1770000 538.810408443063 523.139161359327 514.634757948465 1576.58432775086
1771000 539.150814720506 523.447437727361 514.900797265135 1577.499049713
1772000 539.254272123787 523.704661704889 515.250641729695 1578.20957555837
1773000 539.572012856354 523.775875407348 515.684049216925 1579.03193748063
1774000 539.808564393376 524.197595433826 515.989443260139 1579.99560308734
1775000 540.291964499704 524.407110184165 516.213158884207 1580.91223356808
1776000 540.678378162947 524.801457949909 516.647700172094 1582.12753628495
1777000 540.900507640482 525.147929693613 516.793548302572 1582.84198563667
1778000 541.180753717558 525.29341146953 517.302620308466 1583.77678549555
1779000 541.441299566771 525.473994742092 517.381734725665 1584.29702903453
1780000 541.788764527821 525.974973266251 517.641676740495 1585.40541453457
1781000 542.037527217365 526.247122386345 517.934240267114 1586.21888987082
1782000 542.190818379967 526.512244659215 518.292009325686 1586.99507236487
1783000 542.5123126234 526.952322723973 518.591005971827 1588.0556413192
1784000 542.623661718267 527.464942466614 518.742695661013 1588.8312998459
1785000 543.107234006629 527.726687127445 519.053756736774 1589.88767787085
1786000 543.329013707925 527.862890930361 519.266977080653 1590.45888171894
1787000 543.53036765059 528.166345557819 519.464822107439 1591.16153531585
1788000 543.888913669015 528.345910003938 519.642466544166 1591.87729021712
1789000 544.137198708798 528.777478981402 520.033961946935 1592.94863963714
1790000 544.344135214427 528.92660275966 520.138778223673 1593.40951619776
1791000 544.616329541964 529.282296942293 520.482220516435 1594.38084700069
1792000 544.79588103409 529.326133573364 520.714852899919 1594.83686750737
1793000 545.210730444106 529.49258638801 521.050394564683 1595.7537113968
1794000 545.675194592948 529.827743116708 521.351866589113 1596.85480429877
1795000 545.893171189168 530.20943797098 521.720683398124 1597.82329255827
1796000 546.171500398968 530.561441538061 522.014211274693 1598.74715321172
1797000 546.565714591126 530.895247802982 522.201221936574 1599.66218433068
1798000 546.808433620609 531.181115984599 522.418521283427 1600.40807088864
1799000 547.003081587113 531.463026136655 522.599310737975 1601.06541846174
1800000 547.38848924153 531.727376471037 522.860741667185 1601.97660737975
1801000 547.522718984853 532.185039784415 523.272459756091 1602.98021852536
1802000 547.848757351755 532.345773043768 523.596096672873 1603.7906270684
1803000 548.179569065831 532.741561093438 523.765752878409 1604.68688303768
1804000 548.325109658422 533.045273691751 523.785797388525 1605.1561807387
1805000 548.780819801248 533.410182479917 524.006872843417 1606.19787512458
1806000 549.246520660375 533.906595926288 524.266730017542 1607.41984660421
1807000 549.69371258754 533.922542266928 524.47439203528 1608.09064688975
1808000 549.760895366027 534.111936130179 524.73718137047 1608.61001286668
1809000 550.086880873702 534.476202626042 525.10121792825 1609.66430142799
1810000 550.2012628372 534.68218861377 525.38350391484 1610.26695536581
1811000 550.410870984821 534.746417675027 525.760920977646 1610.91820963749
1812000 550.741660491438 535.102160353552 526.006551320039 1611.85037216503
1813000 551.370068330064 535.432247276701 526.22581218445 1613.02812779122
1814000 551.493332223762 535.828621103826 526.638543288501 1613.96049661609
1815000 551.858898719056 536.064571091398 526.890464520964 1614.81393433142
1816000 552.19949257272 536.399193033262 527.106543411764 1615.70522901775
1817000 552.465171732547 536.698969113457 527.387157601038 1616.55129844704
1818000 552.76450604944 536.816678898657 527.635716507522 1617.21690145562
1819000 552.984554954934 536.990066741238 527.95014175736 1617.92476345353
1820000 553.451529840252 537.33565364764 528.092350197879 1618.87953368577
1821000 553.764825649344 537.622734305815 528.30294490712 1619.69050486228
1822000 553.936647359898 538.040075282907 528.590941242002 1620.56766388481
1823000 554.191885432816 538.321080769538 528.93075051557 1621.44371671792
1824000 554.594427219589 538.443958611104 529.374833711009 1622.4132195417
1825000 554.772116787496 538.889727451417 529.702519950356 1623.36436418927
1826000 555.070754497217 539.206726964047 529.829837116653 1624.10731857792
1827000 555.368880774371 539.470871721216 529.930760442167 1624.77051293775
1828000 555.598816893389 539.724820389019 530.307102626736 1625.63073990914
1829000 556.159893245448 540.068817619682 530.640359653359 1626.86907051849
1830000 556.53024635474 540.294534785391 530.991374224609 1627.81615536474
1831000 556.797813336978 540.63804778308 531.418227520308 1628.85408864037
1832000 557.073056718037 540.910829809048 531.64545314225 1629.62933966933
1833000 557.240304390327 541.334680415914 532.168397097834 1630.74338190408
1834000 557.552749311276 541.523965913436 532.27026179968 1631.34697702439
1835000 557.685117099927 541.828808923396 532.620948635596 1632.13487465892
1836000 558.00272593979 541.970882686727 533.028120903715 1633.00172953023
1837000 558.32040976 542.110426575121 533.409643960623 1633.84048029574
1838000 558.39081119906 542.412932051557 533.715570283608 1634.51931353423
1839000 558.431137671181 542.574762452629 534.026867960026 1635.03276808384
1840000 558.870072197506 542.938087607691 534.365095329822 1636.17325513502
1841000 559.240449192637 543.226283763613 534.465553643893 1636.93228660014
1842000 559.366713825799 543.333752226085 534.760766846794 1637.46123289868
1843000 559.674057977206 543.818772490115 535.101109701194 1638.59394016852
1844000 559.963549027496 544.08641850255 535.356700465128 1639.40666799517
1845000 560.031917855979 544.449526030552 535.618472265459 1640.09991615199
1846000 560.483085345016 544.695150599575 535.810213294997 1640.98844923959
1847000 560.827904668308 544.840490146898 536.040531797199 1641.70892661241
1848000 561.23171826298 545.315892398268 536.416582266605 1642.96419292785
1849000 561.462192867502 545.661091362594 536.84069358869 1643.96397781879
1850000 561.618984473659 546.013806616311 537.182182451953 1644.81497354192
1851000 562.058038288211 546.323271870923 537.27667026035 1645.65798041948
1852000 562.117171343261 546.584859102188 537.69038317433 1646.39241361978
1853000 562.435927961565 546.944726087861 537.916836695624 1647.29749074505
1854000 562.73053125356 547.219870686333 538.301387467214 1648.25178940711
1855000 562.858431324636 547.567906359015 538.35301189451 1648.77934957816
1856000 563.255751580578 547.760031351106 538.648391067327 1649.66417399901
1857000 563.543668390088 548.258767372804 538.988727582259 1650.79116334515
1858000 563.988599075312 548.360819411418 539.408376320361 1651.75779480709
1859000 564.240120884056 548.76293225412 539.55280637879 1652.55585951697
1860000 564.412562119721 548.970089752499 539.737651147112 1653.12030301933
1861000 564.610875442639 549.184444165359 540.086010445897 1653.88133005389
1862000 564.944600881678 549.253366900305 540.246561754879 1654.44452953686
1863000 565.411434564972 549.773823924111 540.629360654809 1655.81461914389
1864000 565.649271314451 550.075726501306 540.828268644796 1656.55326646055
1865000 565.860445417684 550.266953031166 541.131811677961 1657.25921012681
1866000 566.354035174352 550.512678408707 541.590767150131 1658.45748073319
1867000 566.604661128157 550.848729613328 541.749032672115 1659.2024234136
1868000 567.020262802415 551.296714542052 542.095797419401 1660.41277476387
1869000 567.308884044336 551.387833497697 542.240329568695 1660.93704711073
1870000 567.403794951388 551.675400084204 542.458761859149 1661.53795689474
1871000 567.945224852209 551.799072927598 542.911419578543 1662.65571735835
1872000 568.168136286215 552.076732043122 543.106545109386 1663.35141343872
1873000 568.417109638224 552.532240420301 543.4263156484 1664.37566570692
1874000 568.692409886981 552.714787199766 543.702818005971 1665.11001509272
1875000 568.943657516117 553.169365722104 543.962843963312 1666.07586720153
1876000 569.219744418834 553.435481076829 544.319410767202 1666.97463626286
1877000 569.496836079099 553.858457526214 544.588949611613 1667.94424321693
1878000 569.687024789647 554.077191405775 545.011089435217 1668.77530563064
1879000 570.083023018876 554.363940547434 545.420126882654 1669.86709044896
1880000 570.081595464354 554.776109449807 545.802259017031 1670.65996393119
1881000 570.348070625491 555.033228022286 546.08725728909 1671.46855593687
1882000 570.853015046067 555.416615314798 546.219672870687 1672.48930323155
1883000 571.180956472579 555.719537780003 546.445242865464 1673.34573711805
1884000 571.380203941736 556.100125647468 546.936156140779 1674.41648572998
1885000 571.709160009637 556.312936114767 547.22537598526 1675.24747210966
1886000 572.020694728576 556.65772604695 547.377231356019 1676.05565213154
1887000 572.386295900937 556.877364967467 547.786990042026 1677.05065091043
1888000 572.620396399073 557.217522735668 547.826409591683 1677.66432872642
1889000 572.962262943035 557.631757176396 548.131571358989 1678.72559147842
1890000 573.296592752013 557.786446807914 548.535195156593 1679.61823471652
1891000 573.550381914734 558.160747405507 548.874691198776 1680.58582051902
1892000 573.985634145631 558.419867350298 548.973873080495 1681.37937457642
1893000 574.257980528415 558.754004389487 549.205803086951 1682.21778800485
1894000 574.584524001789 559.188170245575 549.314906104358 1683.08760035172
1895000 574.795285711364 559.407177377975 549.570648970665 1683.77311206
1896000 575.196761062787 559.69273863919 549.936550592854 1684.82605029483
1897000 575.367400830175 559.961063685106 550.259512758071 1685.58797727335
1898000 575.547486002646 560.278106928692 550.368228358404 1686.19382128974
1899000 575.717497315677 560.585822268936 550.611899894312 1686.91521947892
1900000 575.939222055907 560.959493063029 551.058150261675 1687.95686538061
1901000 576.390838912801 561.309343601398 551.325745473171 1689.02592798737
1902000 576.702058244152 561.495387509091 551.719853505034 1689.91729925828
1903000 576.818444788298 561.786012155918 552.01055736411 1690.61501430833
1904000 577.313275723213 562.12984435004 552.168625021521 1691.61174509477
1905000 577.4846622609 562.353771446127 552.579058045326 1692.41749175235
1906000 577.681984313621 562.619108209915 552.810397124169 1693.1114896477
1907000 577.969728246217 562.737330907816 552.949506816078 1693.65656597011
1908000 578.474372776397 563.347000598385 553.422366872634 1695.24374024742
1909000 578.533418215971 563.687187630902 553.791881193595 1696.01248704047
1910000 578.747685113593 564.084123414549 554.124972730665 1696.95678125881
1911000 578.995391497052 564.495786457371 554.428841323809 1697.92001927823
1912000 579.279785743485 564.714810404678 554.503536333411 1698.49813248157
1913000 579.617691684469 565.052407944733 554.815462577781 1699.48556220698
1914000 580.002526380025 565.339086668207 555.043374822692 1700.38498787092
1915000 580.083757052001 565.344435589756 555.150940841042 1700.5791334828
1916000 580.186741164341 565.534320891681 555.330055134772 1701.05111719079
1917000 580.491408799497 565.98804475339 555.555179685563 1702.03463323845
1918000 580.719941939293 566.376062633849 555.950221959928 1703.04622653307
1919000 580.98364069655 566.494283137384 556.220072398578 1703.69799623251
1920000 581.135243742988 566.835704159154 556.290339875129 1704.26128777727
1921000 581.484134031618 566.970238695183 556.709918445264 1705.16429117206
1922000 581.6499186323 567.160390314738 556.992103254917 1705.80241220195
1923000 581.968721314812 567.51039470704 557.416108414595 1706.89522443645
1924000 582.073901123831 567.610414252831 557.632213895146 1707.31652927181
1925000 582.533694853031 568.105995202514 557.919434786159 1708.5591248417
1926000 582.480431033018 568.404977534773 558.175618895734 1709.06102746352
1927000 582.720961706925 568.600871538992 558.765819183597 1710.08765242951
1928000 582.94190580017 568.884156399226 559.034945601334 1710.86100780073
1929000 583.5238268535 569.358081843061 559.122475898749 1712.00438459531
1930000 583.676895036519 569.737889837375 559.518550625376 1712.93333549927
1931000 583.683253522134 570.032657321273 559.905411828913 1713.62132267232
1932000 584.075252637922 570.298257501637 560.055659449997 1714.42916958956
1933000 584.416669824311 570.462795356124 560.436289782546 1715.31575496298
1934000 584.569010313833 570.866773091112 560.560857637005 1715.99664104195
1935000 584.814073765157 571.168583621822 561.044744784118 1717.0274021711
1936000 585.176081085932 571.426764876052 561.25527935531 1717.85812531729
1937000 585.412316624167 571.83198849992 561.365137747182 1718.60944287127
1938000 585.858967971453 572.197576615844 561.661321087271 1719.71786567457
1939000 585.873376524767 572.407754686589 562.08932152577 1720.37045273713
1940000 586.236168798473 572.705479352619 562.319385309009 1721.2610334601
1941000 586.738530024018 573.121121038723 562.441570576159 1722.3012216389
1942000 586.991239681631 573.489693493282 562.620720338751 1723.10165351366
1943000 587.275141127427 573.948945989669 562.982373778341 1724.20646089544
1944000 587.454377447373 573.948160843854 563.060046691109 1724.46258498234
1945000 587.632319627295 574.412036500346 563.439469950033 1725.48382607767
1946000 587.989248144296 574.587471857465 563.607495621609 1726.18421562337
1947000 588.279366688939 574.929796637464 563.824135201854 1727.03329852826
1948000 588.596955696063 575.429977063281 563.973846635198 1728.00077939454
1949000 589.125528343251 575.572039288863 564.340840682705 1729.03840831482
1950000 589.480523975882 575.877804216021 564.611253632649 1729.96958182455
1951000 589.544420618302 576.290482324264 564.880977169883 1730.71588011245
1952000 589.944743104099 576.56932617417 565.306898132081 1731.82096741035
1953000 590.225707862187 576.592559300796 565.59203767443 1732.41030483741
1954000 590.391482786999 576.829367638027 565.967032032602 1733.18788245763
1955000 590.813237051201 577.14267595264 566.365664744816 1734.32157774866
1956000 591.0172548728 577.367573866327 566.374332366242 1734.75916110537
1957000 591.572802959123 577.644041900394 566.466474839398 1735.68331969892
1958000 591.849431342394 577.905594155104 566.594142528468 1736.34916802597
1959000 592.079583275586 578.151113720244 567.026494986172 1737.257191982
1960000 592.359032537987 578.381819459331 567.360873591561 1738.10172558888
1961000 592.609505626482 578.541121571914 567.391159263279 1738.54178646168
1962000 592.889736772386 578.942410615529 567.712406773372 1739.54455416129
1963000 593.062608612446 579.465635870422 568.076654821002 1740.60489930387
1964000 593.259012355514 579.509684880482 568.272765383259 1741.04146261926
1965000 593.864937062578 579.764989837496 568.672556897068 1742.30248379714
1966000 594.091505300149 580.054793395993 569.147866509233 1743.29416520538
1967000 594.46033546998 580.244701252011 569.376350280692 1744.08138700268
1968000 594.678909447246 580.503861258564 569.55750099969 1744.7402717055
1969000 594.948632283369 580.79890436244 569.748277332844 1745.49581397865
1970000 595.182410581121 581.135931926873 570.023073118887 1746.34141562688
1971000 595.23470481824 581.08108472621 570.364516858786 1746.68030640324
1972000 595.695151229045 581.340882999857 570.765675787377 1747.80171001628
1973000 595.953281513435 581.594668792805 571.063221733472 1748.61117203971
1974000 596.236898245398 581.763956287035 571.324142789027 1749.32499732146
1975000 596.854882250833 582.103994089139 571.523877273831 1750.4827536138
1976000 597.20276097228 582.421405677382 571.903426439742 1751.5275930894
1977000 597.34362061612 582.846457951085 572.196172024375 1752.38625059158
1978000 597.512181240369 583.096756930266 572.483331776028 1753.09226994666
1979000 598.024536435418 583.368111358386 572.783784173127 1754.17643196693
1980000 598.446899691077 583.818568100822 573.186979818796 1755.45244761069
1981000 598.607210852883 584.079863560943 573.664870677332 1756.35194509116
1982000 598.90019949813 584.370928080915 573.869960849285 1757.14108842833
1983000 599.224233366667 584.727823376044 574.134116017594 1758.0861727603
1984000 599.589899906463 584.851775083077 574.425235282586 1758.86691027213
1985000 599.977513995536 585.234048329712 574.900040372111 1760.11160269736
1986000 600.141037210234 585.501622805632 575.265013282766 1760.90767329863
1987000 600.425106879421 585.74164218068 575.628196660548 1761.79494572065
1988000 600.759418055805 586.002771078315 575.737159370959 1762.49934850508
1989000 600.89602828326 586.42181693691 576.181151891942 1763.49899711211
1990000 601.30393266475 586.550541187818 576.216502274075 1764.07097612664
1991000 601.55147968735 586.802058916628 576.556490259839 1764.91002886382
1992000 601.701957034057 587.469980565828 576.733712421551 1765.90565002144
1993000 601.975815789995 587.584783558231 577.050365201941 1766.61096455017
1994000 602.377066047264 587.988813615798 577.352781975914 1767.71866163898
1995000 602.656871885383 588.448808385681 577.863488630064 1768.96916890113
1996000 602.759281031081 588.811778392788 578.378767631412 1769.94982705528
1997000 603.015111141589 589.127009726412 578.590740145475 1770.73286101348
1998000 603.299136672182 589.555500407062 578.774607368633 1771.62924444788
1999000 603.557823739409 589.840669032458 579.070317484602 1772.46881025647
2000000 603.938779101371 590.421862000334 579.471501367619 1773.83214246932
2001000 604.222038859002 590.34693682402 579.633614620133 1774.20259030315
2002000 604.542594993616 590.562528353534 579.904372102754 1775.0094954499
2003000 604.766627964626 590.759892403612 580.189935890748 1775.71645625899
2004000 604.829062904106 590.977003365478 580.512209646285 1776.31827591587
2005000 605.301140828163 591.164667433756 580.652880548722 1777.11868881064
2006000 605.46270644719 591.470171292703 581.072908377379 1778.00578611727
2007000 605.669394755552 591.729613748405 581.543386426711 1778.94239493067
2008000 605.792634673644 591.930360110819 581.544266634825 1779.26726141929
2009000 606.228646862562 592.154619672036 581.780460517017 1780.16372705161
2010000 606.418510423201 592.350963750808 582.203047973265 1780.97252214727
2011000 606.869589130536 592.856846357593 582.275211327046 1782.00164681518
2012000 607.37493685982 593.150378341222 582.734240850047 1783.25955605109
2013000 607.698759846341 593.695057070459 582.968312685339 1784.36212960214
2014000 607.868321782527 593.9799114296 583.311561080815 1785.15979429294
2015000 608.29541256258 594.304649842765 583.673752674163 1786.27381507951
2016000 608.667583682507 594.599683005175 584.046414723433 1787.31368141111
2017000 608.763832741281 594.978872663755 584.3459620431 1788.08866744814
2018000 609.31366057297 595.103586176739 584.503188077581 1788.92043482729
2019000 609.570607566748 595.272851973119 584.716605433041 1789.56006497291
2020000 609.912874418614 595.694186794581 585.105153748967 1790.71221496216
2021000 610.296093268352 595.881628277894 585.552954433826 1791.73067598007
2022000 610.75344545257 596.037074757752 585.647960731837 1792.43848094216
2023000 611.110216163854 596.367330008229 585.77947125703 1793.25701742911
2024000 611.280151516284 596.852766542793 586.011218269133 1794.14413632821
2025000 611.472146846446 597.336653943702 586.285597189061 1795.09439797921
2026000 611.812510190872 597.862869542241 586.596220589752 1796.27160032286
2027000 612.058879160502 598.102342938545 586.914316159222 1797.07553825827
2028000 612.337397733122 598.457590585086 587.079468534818 1797.87445685303
2029000 612.800644174309 598.627676216694 587.463152938348 1798.89147332935
2030000 613.005009435686 598.861474539383 587.761356007857 1799.62783998293
2031000 613.320025088318 599.201339534073 588.061965844651 1800.58333046704
2032000 613.379125791624 599.352957354848 588.198655732001 1800.93073887847
2033000 613.656594630513 599.690774182617 588.167937383659 1801.51530619679
2034000 613.970275474553 599.810670615047 588.502125534924 1802.28307162452
2035000 614.537882526363 600.389065148469 589.058847276344 1803.98579495118
2036000 614.695848591934 600.391584584861 589.180377119477 1804.26781029627
2037000 615.100250869032 600.963823646243 589.348998106983 1805.41307262226
2038000 615.426483147779 601.14746362696 589.815739019459 1806.3896857942
2039000 615.636731559078 601.438875661376 590.003028320712 1807.07863554116
2040000 615.917141101029 601.849532137453 590.367473534704 1808.13414677319
2041000 616.31396191125 602.258104906892 590.669253892557 1809.2413207107
2042000 616.627343297694 602.544507780439 590.864302704416 1810.03615378255
2043000 616.831674740307 602.872933225467 591.100653753869 1810.80526171964
2044000 617.087148951069 603.240986597685 591.465310311899 1811.79344586065
2045000 617.536115452009 603.543398414883 591.755894126691 1812.83540799358
2046000 617.929799039347 603.955018265768 592.020693402119 1813.90551070723
2047000 618.154393935095 604.223149132581 592.45299912291 1814.83054219059
2048000 618.427827226761 604.672235502699 592.711222635884 1815.81128536534
2049000 618.606444300155 604.872362462079 593.102721796181 1816.58152855841
2050000 618.730122463844 605.156188221572 593.48819496704 1817.37450565246
2051000 619.218534865583 605.539713506722 593.508603489091 1818.2668518614
2052000 619.645683534327 605.751273806929 594.119109131123 1819.51606647238
2053000 619.668960825846 606.077120544293 594.413130787695 1820.15921215783
2054000 619.890071973863 606.387458967213 594.801874419048 1821.07940536012
2055000 620.300129932143 606.691815518798 595.118423761351 1822.11036921229
2056000 620.399931532557 606.977157291324 595.282467004302 1822.65955582818
2057000 620.710437645999 607.227917583784 595.57503524324 1823.51339047302
2058000 620.940664035861 607.327313026151 595.955240013414 1824.22321707543
2059000 621.288251209552 607.599112630024 596.306621294538 1825.19398513411
2060000 621.34497442229 607.988489252485 596.438963543844 1825.77242721862
2061000 621.720046923386 608.09377753339 596.742091642306 1826.55591609908
2062000 621.776755436965 608.442809980626 596.873566451108 1827.0931318687
2063000 622.247232353184 608.396430992061 597.071362563399 1827.71502590864
2064000 622.299345736216 608.620829896014 597.317621762389 1828.23779739462
2065000 622.574588383322 609.104962418771 597.398084495783 1829.07763529788
2066000 623.047167209713 609.381470928572 597.752329817378 1830.18096795566
2067000 623.288244742118 609.693347878425 598.008152944626 1830.98974556517
2068000 623.546087593185 609.849979594613 598.350700309947 1831.74676749774
2069000 623.854936392633 610.274522727552 598.817155929767 1832.94661504995
2070000 623.965564388783 610.508950706911 599.069657518284 1833.54417261398
2071000 624.384191356309 610.946833175272 599.366013131767 1834.69703766335
2072000 624.673629297476 611.227203468583 599.565891959048 1835.46672472511
2073000 625.019985424875 611.594262393104 599.816692745162 1836.43094056314
2074000 625.464797496067 611.901372308053 600.056970666935 1837.42314047105
2075000 625.768320006118 612.240964882705 600.303296427477 1838.3125813163
2076000 626.021976162895 612.657834368676 600.648279144331 1839.3280896759
2077000 626.334324168704 612.957819609941 600.9005987292 1840.19274250785
2078000 626.807979175836 613.310993307946 600.884975682533 1841.00394816632
2079000 627.062304543441 613.455695966342 601.339541572801 1841.85754208258
2080000 627.561086675879 613.747704323543 601.612984116386 1842.92177511581
2081000 627.745774042463 614.129384017535 602.032116975643 1843.90727503564
2082000 628.043475391041 614.383905656639 602.319524319433 1844.74690536711
2083000 628.491618386992 614.594348246067 602.583637774322 1845.66960440738
2084000 628.64941523444 615.02995457435 602.912970345077 1846.59234015387
2085000 629.016637969944 615.571945873413 603.148832648381 1847.73741649174
2086000 629.237532317345 615.746163995584 603.343646579616 1848.32734289254
2087000 629.58829076784 616.011175040879 603.738151056499 1849.33761686522
2088000 629.77511690469 616.299076004437 603.910631230716 1849.98482413984
2089000 630.034662677746 616.817249612985 604.102726136764 1850.9546384275
2090000 630.217286399789 616.81750216191 604.459946530866 1851.49473509256
2091000 630.458961452568 617.067657182758 604.731028059458 1852.25764669478
2092000 630.710960642625 617.203687470535 604.867101289005 1852.78174940216
2093000 631.201325635287 617.547214464245 605.083501601662 1853.83204170119
2094000 631.430328879162 617.852963713891 605.370408131209 1854.65370072426
2095000 631.738543898107 618.251893313109 605.713599613842 1855.70403682506
2096000 632.135306444345 618.508680020919 605.975526681617 1856.61951314688
2097000 632.335039159283 618.794994559606 606.426319602934 1857.55635332182
2098000 632.868723474043 618.987423009661 606.514563911366 1858.37071039507
2099000 633.146046232789 619.320887638686 606.711891939969 1859.17882581144
2100000 633.512328095314 619.354109575217 606.886482617115 1859.75292028765
2101000 633.971899299611 619.713224623889 607.129287182821 1860.81441110632
2102000 634.051712016336 619.80749137359 607.275836731411 1861.13504012134
2103000 634.421198694434 620.094934130447 607.751896528731 1862.26802935361
2104000 634.950294840823 620.443682532798 608.044515633254 1863.43849300687
2105000 635.080015436597 620.642662226427 608.418395546352 1864.14107320938
2106000 635.508010419279 621.061785088965 608.658119911867 1865.22791542011
2107000 635.709375595595 621.386624823139 609.026668238085 1866.12266865682
2108000 636.138207325102 621.657134957971 609.342741461959 1867.13808374503
2109000 636.381668199348 621.681468522232 609.869376133127 1867.93251285471
2110000 636.60532753173 621.796352468881 610.25021668258 1868.65189668319
2111000 636.963998985826 622.259407551767 610.395891190439 1869.61929772803
2112000 637.199068966344 622.525669961269 610.605061394834 1870.32980032245
2113000 637.407159849959 622.925833426707 610.968658046905 1871.30165132357
2114000 637.589830266824 623.269724972778 611.218648659097 1872.0782038987
2115000 637.944343906022 623.485651439168 611.485657219508 1872.9156525647
2116000 638.301480023851 623.84996189666 611.80107963683 1873.95252155734
2117000 638.444189471597 624.169073220902 612.057877922217 1874.67114061472
2118000 638.694274645043 624.506088065915 612.172783034855 1875.37314574581
2119000 638.854115330842 624.686164471796 612.483647350916 1876.02392715355
2120000 639.157678832548 624.977911554275 612.755383290892 1876.89097367772
2121000 639.432344634479 625.322501858698 612.997566829505 1877.75241332268
2122000 639.71900902112 625.607606188962 613.430101329202 1878.75671653928
2123000 639.868731075417 625.983946186314 613.722108791732 1879.57478605346
2124000 640.20771297716 626.331696485605 614.007247354879 1880.54665681764
2125000 640.275828619775 626.720324899619 614.0444376622 1881.04059118159
2126000 640.725263549725 627.034966189892 614.2273430291 1881.98757276872
2127000 641.076489001006 627.263699331457 614.347970258181 1882.68815859064
2128000 641.534918636928 627.378748139727 614.805083165563 1883.71874994222
2129000 641.677607223422 627.600719090224 614.782070894673 1884.06039720832
2130000 641.724711435356 627.90168719582 615.24490829941 1884.87130693059
2131000 642.139792318929 628.332750548743 615.374058376203 1885.84660124388
2132000 642.335414608326 628.711491178413 615.620828320433 1886.66773410717
2133000 642.590961400226 628.836304559629 615.843219092955 1887.27048505281
2134000 642.781688321884 629.095878177538 616.082297034354 1887.95986353378
2135000 643.200608801213 629.336099488708 616.38922265865 1888.92593094857
2136000 643.417536017763 629.788465462928 616.683145214211 1889.8891466949
2137000 643.914756280214 629.954048711631 617.017729023363 1890.88653401521
2138000 644.2121509968 630.232048297643 617.319924229888 1891.76412352433
2139000 644.595284096178 630.477996515654 617.886613976608 1892.95989458844
2140000 644.857451066029 630.904548465103 618.242876874953 1894.00487640609
2141000 645.132266138205 630.888433361911 618.494748077665 1894.51544757778
2142000 645.367490137244 631.155582447123 618.664826761641 1895.18789934601
2143000 645.841330938494 631.682527239022 618.906536355258 1896.43039453277
2144000 646.022051631884 631.799813876947 619.072080304643 1896.89394581347
2145000 646.418253532272 632.227184245421 619.4370088257 1898.08244660339
2146000 646.746667635673 632.668418213896 619.689185983678 1899.10427183325
2147000 646.887527901392 632.930685188456 620.315259496834 1900.13347258668
2148000 647.115888048598 633.033321562709 620.591632221824 1900.74084183313
2149000 647.553463128173 633.305022706092 620.92320780381 1901.78169363807
2150000 647.591965030753 633.675657968307 621.105756249958 1902.37337924902
2151000 647.920799323196 633.885536114937 621.375745265704 1903.18208070384
2152000 648.244055740738 634.336737535075 621.62806074084 1904.20885401665
2153000 648.569281663433 634.508536191752 621.891306866518 1904.9691247217
2154000 648.721911399197 634.904491300359 621.985202014934 1905.61160471449
2155000 648.754090168339 635.078798131293 622.24013699238 1906.07302529201
2156000 649.074013012599 635.557163532485 622.53872968995 1907.16990623503
2157000 649.173103664574 635.781395742229 622.889370469894 1907.8438698767
2158000 649.296833019149 636.037685837404 623.073446107178 1908.40796496373
2159000 649.795149434136 636.374979063083 623.291846404767 1909.46197490199
2160000 650.29990151105 636.61430466114 623.550892483422 1910.46509865561
2161000 650.615739764253 636.671026786737 623.803209151106 1911.0899757021
2162000 650.968850051853 636.973899837714 624.314739824359 1912.25748971393
2163000 651.426528440449 637.335457321291 624.618108275911 1913.38009403765
2164000 651.577122332599 637.698038988093 624.708423180574 1913.98358450127
2165000 651.957783086122 637.925065450131 624.755207499039 1914.63805603529
2166000 652.430232224382 638.289153072247 625.049304454395 1915.76868975102
2167000 652.15230183798 638.497935045582 625.448486582884 1916.09872346645
2168000 652.468549041382 638.670911392764 625.922615248589 1917.06207568274
2169000 652.559096544817 639.118161084694 626.099291066598 1917.77654869611
2170000 652.812215329663 639.244088311084 626.325752067207 1918.38205570795
2171000 653.103164596327 639.647751005525 626.42933350675 1919.1802491086
2172000 653.467996708526 639.771821321149 626.84068854307 1920.08050657275
2173000 653.710432674933 640.073420651901 626.822290612036 1920.60614393887
2174000 653.881450986431 640.136721031419 627.122360007195 1921.14053202505
2175000 654.052419506408 640.596979897542 627.272644289253 1921.9220436932
2176000 654.438278241791 640.880806143197 627.740909796996 1923.05999418198
2177000 654.815318916185 641.220285322068 627.905620791008 1923.94122502926
2178000 655.056136798836 641.370577604121 628.194221674489 1924.62093607745
2179000 655.214791462778 641.690597069134 628.601538374095 1925.50692690601
2180000 655.740590545211 641.975247952632 628.670492642923 1926.38633114076
2181000 656.080834509688 642.345531068052 629.084015552536 1927.51038113028
2182000 656.305720162835 642.655683751 629.391814442538 1928.35321835637
2183000 656.694128259551 642.864550261265 629.755247469842 1929.31392599066
2184000 656.887200433481 643.202400459392 630.082538014094 1930.17213890697
2185000 657.349417059801 643.365380447615 630.413847140056 1931.12864464747
2186000 657.45113780488 643.634683728546 630.452638368788 1931.53845990221
2187000 657.831258771507 643.772913267049 630.65300498031 1932.25717701887
2188000 657.940625219965 644.109988297463 630.921713608497 1932.97232712592
2189000 658.070174761447 644.415722890972 631.135560933944 1933.62145858636
2190000 658.356301336243 644.814037454379 631.415996369073 1934.58633515969
2191000 658.794477104383 645.044211046272 631.648370424656 1935.48705857531
2192000 659.178751233942 645.369432491893 631.870885580103 1936.41906930594
2193000 659.501335886571 645.445106696979 632.241739909545 1937.1881824931
2194000 659.754472708995 645.888786324861 632.414665274992 1938.05792430885
2195000 660.197269308431 646.266588297486 632.713002999686 1939.1768606056
2196000 660.432676202869 646.582431974238 632.984988932825 1940.00009710993
2197000 660.839729473843 646.645016897316 633.512519808853 1940.99726618001
2198000 661.08618862175 646.802911266409 633.638488763085 1941.52758865124
2199000 661.375411263526 646.932670100129 634.100176920066 1942.40825828372
2200000 661.801818335584 647.316759858034 634.278965801823 1943.39754399544
2201000 662.079719880354 647.695094518697 634.806232225713 1944.58104662476
2202000 662.468862387746 648.136255443132 635.178973550336 1945.78409138121
2203000 662.849978086437 648.394074143504 635.336056260178 1946.58010849012
2204000 663.263840572764 648.613724224433 635.789449031577 1947.66701382877
2205000 663.437250259945 649.080838434481 636.103208224378 1948.6212969188
2206000 663.907997453952 649.454394505977 636.41132350999 1949.77371546992
2207000 664.159323854112 649.352487301508 636.484009121686 1949.99582027731
2208000 664.595852263553 649.78942719655 636.848317930656 1951.23359739076
2209000 664.76112093398 650.091955270766 637.351879159424 1952.20495536417
2210000 664.943436066793 650.519723542104 637.520783007191 1952.98394261609
2211000 665.203671083801 650.792952456467 637.738783931701 1953.73540747197
2212000 665.293161607385 650.982747654036 638.257907280344 1954.53381654176
2213000 665.632146304515 651.293243432799 638.298693029401 1955.22408276671
2214000 665.720488195803 651.353417007548 638.54422057467 1955.61812577802
2215000 665.902830544173 651.868540775857 638.6509593464 1956.42233066643
2216000 666.12908412487 652.10782903501 638.90617976766 1957.14309292754
2217000 666.465731142228 652.426550249292 639.28394890868 1958.1762303002
2218000 666.578295117714 652.565557645883 639.715377681662 1958.85923044526
2219000 666.793189789861 652.93446654352 639.863850528791 1959.59150686217
2220000 667.178479795911 653.196921153067 640.318643850205 1960.69404479918
2221000 667.375181605799 653.593612139621 640.626569323683 1961.5953630691
2222000 667.758811167879 653.851560963916 640.836228036308 1962.4466001681
2223000 668.059621638908 654.20001713489 641.177771551447 1963.43741032525
2224000 668.269286080555 654.507599425884 641.51113804354 1964.28802354998
2225000 668.549857158496 654.696462736135 641.786182272898 1965.03250216753
2226000 668.824576191304 655.020176033444 642.019445070373 1965.86419729512
2227000 668.959584276607 655.201711695068 642.348242101518 1966.50953807319
2228000 669.248868491056 655.678516618998 642.713077192625 1967.64046230268
2229000 669.386526336267 655.783604338225 642.884467918399 1968.05459859289
2230000 669.707230449886 655.808590078238 643.242827983391 1968.75864851151
2231000 670.146235983749 656.217633739713 643.397762962239 1969.7616326857
2232000 670.38895449204 656.466448448843 643.535002544616 1970.3904054855
2233000 670.712267341503 656.975283281561 643.512443978475 1971.19999460154
2234000 671.226494212306 657.050529009158 643.661387946716 1971.93841116818
2235000 671.422530217371 657.319690877244 643.997765247729 1972.73998634234
2236000 671.755519829662 657.643591090596 644.053379817849 1973.45249073811
2237000 671.869047275381 657.841272670411 644.166905074288 1973.87722502008
2238000 671.989586140797 658.304134296015 644.30955989529 1974.6032803321
2239000 672.432103289167 658.770918649894 644.733279695721 1975.93630163478
2240000 672.593201746403 658.980098518722 644.959592829409 1976.53289309453
2241000 673.129905828587 659.495454797571 645.377160968766 1978.00252159492
2242000 673.250086040164 659.653665335092 645.550611514822 1978.45436289008
2243000 673.555177622099 659.874621825608 645.62720815517 1979.05700760288
2244000 673.780246218427 660.326010608152 645.91040673791 1980.01666356449
2245000 674.018937594885 660.281537769724 646.066972674219 1980.36744803883
2246000 674.275252107103 660.527089355553 646.433427200068 1981.23576866273
2247000 674.595055916947 660.905966754089 646.742066705585 1982.24308937662
2248000 674.920671402807 661.135475489475 647.298881155799 1983.35502804808
2249000 675.363917924868 661.675402665653 647.508437816696 1984.54775840722
2250000 675.585063989671 661.734763671903 647.92609969067 1985.24592735224
2251000 676.032319923325 662.210049176341 648.042991497141 1986.28536059681
2252000 676.096018008323 662.705530226613 648.342553401509 1987.14410163644
2253000 676.461224826025 662.892747422083 648.506542048119 1987.86051429623
2254000 676.877918278228 663.173044703386 648.772198307008 1988.82316128862
2255000 677.339366270485 663.439732146988 649.174755440786 1989.95385385826
2256000 677.574957528569 663.850745319134 649.433642017109 1990.85934486481
2257000 677.843081546437 664.051096972803 649.725257957374 1991.61943647661
2258000 678.243623256866 664.472505218506 649.806513232292 1992.52264170766
2259000 678.731478576149 664.627479085693 650.006409216784 1993.36536687863
2260000 678.996872979811 664.802980300851 650.229366430545 1994.02921971121
2261000 679.217177870447 665.033453199427 650.320449310059 1994.57108037993
2262000 679.34970164178 665.494305986193 650.445691874074 1995.28969950205
2263000 679.717524647496 665.8570188938 650.829370161429 1996.40391370272
2264000 679.89362273624 666.176116652381 650.924358658601 1996.99409804722
2265000 680.211793370893 666.539963485373 651.223240864362 1997.97499772063
2266000 680.509156866622 666.747275721584 651.731398054723 1998.98783064293
2267000 680.786106825665 667.19323484473 652.018148902943 1999.99749057334
2268000 681.176771544031 667.533613356907 652.510851518183 2001.22123641912
2269000 681.557335358825 667.761076851107 652.745579480421 2002.06399169035
2270000 681.933506284775 667.945045654007 652.961900953774 2002.84045289256
2271000 682.339531175043 668.167972998665 653.284291677413 2003.79179585112
2272000 682.638914918962 668.426463425953 653.720552192983 2004.7859305379
2273000 682.766350644671 668.984903034536 654.052359809363 2005.80361348857
2274000 683.130092599224 669.395921356336 654.18138785582 2006.70740181138
2275000 683.147311955243 669.363987425767 654.411188999935 2006.92248838095
2276000 683.427315263607 669.572710009388 654.641463524057 2007.64148879705
2277000 683.632701406504 669.738313395011 654.949869801409 2008.32088460292
2278000 684.086157121682 670.014122774016 655.374789824876 2009.47506972057
2279000 684.341450178857 670.275378170752 655.669251471299 2010.28607982091
2280000 684.696898011235 670.659668707049 655.62306863195 2010.97963535023
2281000 685.21389583786 670.92909883383 655.93374922038 2012.07674389207
2282000 685.434504813221 671.075675915262 656.172302700151 2012.68248342863
2283000 685.770721143816 671.469546539294 656.394991980341 2013.63525966345
2284000 686.110182683896 671.82972997445 656.786973937641 2014.72688659599
2285000 686.427521646159 672.014145695786 657.182755518819 2015.62442286076
2286000 686.745011867045 672.158413984656 657.402296636267 2016.30572248797
2287000 686.867694954843 672.577647062708 657.458518296834 2016.90386031438
2288000 687.167483144738 672.734207689474 657.643428375602 2017.54511920981
2289000 687.303195359898 672.987265504001 658.051207558331 2018.34166842223
2290000 687.862696591738 673.310585781583 658.404361069743 2019.57764344306
2291000 688.050868338254 673.597301073628 658.6614938141 2020.30966322598
2292000 688.208927094652 673.739866947372 658.973951561694 2020.92274560372
2293000 688.809695299941 673.864708521478 659.207973008868 2021.88237683029
2294000 688.896358742949 674.126034300523 659.543402881221 2022.56579592469
2295000 689.163345010407 674.311933739632 659.795740288412 2023.27101903845
2296000 689.44110314865 674.560814454503 660.167387226133 2024.16930482929
2297000 689.738485863119 674.664976342525 660.425649843591 2024.82911204923
2298000 690.135594816234 675.305781707891 660.767538620834 2026.20891514496
2299000 690.254687562739 675.291626771 660.941141045435 2026.48745537917
2300000 690.660058021428 675.756874279969 661.201786982097 2027.61871928349
2301000 690.821639267671 676.193850050677 661.738433404351 2028.7539227227
2302000 691.251827274309 676.430158185941 661.820477749055 2029.50246320931
2303000 691.782780928935 676.632396145943 662.074562040738 2030.48973911562
2304000 691.855030288083 677.043059137449 662.30847216743 2031.20656159296
2305000 692.144469744603 677.169807623136 662.500579743365 2031.8148571111
2306000 692.257116039978 677.440270642649 662.81299370653 2032.51038038916
2307000 692.765988241553 677.760734295297 663.348218757067 2033.87494129392
2308000 693.139854121069 677.950321107882 663.615831566031 2034.70600679498
2309000 693.563012331814 678.392806443335 663.987867093751 2035.9436858689
2310000 693.82626726779 678.497982855951 664.105234395201 2036.42948451894
2311000 694.036623072492 678.994308670674 664.27064695237 2037.30157869554
2312000 694.423229117166 679.001028188771 664.420726877421 2037.84498418336
2313000 694.851967475414 679.391079593015 664.632131513289 2038.87517858172
2314000 695.048214314915 679.649836877869 664.762356288556 2039.46040748134
2315000 695.072236127527 679.959584724668 665.023746491926 2040.05556734412
2316000 695.527736266477 680.228203156231 665.496591821093 2041.2525312438
2317000 695.775635704807 680.586232898331 665.633821155359 2041.9956897585
2318000 696.037889485173 680.706170615741 665.931388480999 2042.67544858191
2319000 696.267533614868 680.850206497448 666.194658047568 2043.31239815988
2320000 696.505288871109 681.087247154942 666.508608822804 2044.10114484885
2321000 697.008716782006 681.233839860236 666.788615210766 2045.03117185301
2322000 697.376267893324 681.504793232659 667.162302561515 2046.0433636875
2323000 697.904378031427 681.58028390644 667.304886017772 2046.78954795564
2324000 698.195331479138 682.092438188488 667.765328532845 2048.05309820047
2325000 698.497736678784 682.376501369107 668.110111505767 2048.98434955366
2326000 698.659558463879 682.595208546203 668.282657978661 2049.53742498874
2327000 699.021109292774 682.728244778992 668.609698908536 2050.3590529803
2328000 699.256452116691 683.101510492265 668.678107962362 2051.03607057132
2329000 699.289498547855 683.456441119271 668.986268206474 2051.7322078736
2330000 699.313433459244 683.730908713508 669.309423227444 2052.3537654002
2331000 699.592451332979 683.902236471748 669.527599816294 2053.02228762102
2332000 699.870095571142 684.17312403295 669.718843025357 2053.76206262945
2333000 700.184594126974 684.597962157243 669.983221552436 2054.76577783665
2334000 700.388399520941 684.729861028179 670.111233320296 2055.22949386942
2335000 700.618931080547 685.006967791395 670.343698728269 2055.96959760021
2336000 700.942353765479 685.361331935392 670.435166589491 2056.73885229036
2337000 701.169967912523 685.739084135491 670.81453645044 2057.72358849845
2338000 701.481941474084 685.873227788747 671.090474129661 2058.44564339249
2339000 701.889821759811 686.272890119182 671.486441328991 2059.64915320798
2340000 702.299611943317 686.767360522124 671.938231360035 2061.00520382548
2341000 702.387560751506 687.050522058001 672.027847221486 2061.46593003099
2342000 702.776997212943 687.387018984909 672.437951293037 2062.60196749089
2343000 703.039222980269 687.552991758325 672.535511930208 2063.1277266688
2344000 703.38301020576 687.994361740221 672.991937564519 2064.3693095105
2345000 703.746329851205 688.139308411767 673.194186329365 2065.07982459234
2346000 703.800911312268 688.579149376713 673.372039522539 2065.75210021152
2347000 704.002309092556 688.867747639572 673.483450605102 2066.35350733723
2348000 704.311218271576 689.087050911209 673.817272635644 2067.21554181843
2349000 704.726561842246 689.684726718093 674.148322927453 2068.55961148779
2350000 704.952623256394 689.896589041457 674.393395502893 2069.24260780074
2351000 705.030087741207 690.318533377219 674.727188655773 2070.0758097742
2352000 705.331813305163 690.583836000727 674.835016338925 2070.75066564482
2353000 705.627387569741 690.774713845252 675.331737354 2071.73383876899
2354000 706.075399713577 690.981605149667 675.684900135548 2072.74190499879
2355000 706.300025503375 691.329542929339 675.669972877228 2073.29954130994
2356000 706.526129709893 691.70791277 676.237132984411 2074.4711754643
2357000 706.84378875701 692.061826386025 676.418139028036 2075.32375417107
2358000 707.142469925468 692.400898339021 676.678642600334 2076.22201086482
2359000 707.297912748284 692.782644156751 677.145901303831 2077.22645820887
2360000 707.409186232917 693.089519060848 677.403472302624 2077.90217759639
2361000 707.599235794801 693.246417855944 677.503652403649 2078.34930605439
2362000 707.950585693566 693.450051768532 677.746708594572 2079.14734605667
2363000 708.059760265778 693.922931548826 677.891138075735 2079.87382989034
2364000 708.487863181407 694.16852009863 678.335653861679 2080.99203714171
2365000 708.666801671875 694.589125350428 678.386656447051 2081.64258346935
2366000 709.305402597111 694.745090111298 678.615113952466 2082.66560666087
2367000 709.477101480066 694.965456353587 678.986486134351 2083.429043968
2368000 709.922849457476 695.335269144224 679.305348488427 2084.56346709013
2369000 710.254941813184 695.433631274603 679.506550406013 2085.1951234938
2370000 710.647824109129 695.709866249784 679.754309225487 2086.1119995844
2371000 710.975221707885 695.991800978589 680.045467639929 2087.0124903264
2372000 711.28901320054 696.297401253556 680.404227564616 2087.99064201871
2373000 711.675841609224 696.672076402162 680.755680554624 2089.10359856601
2374000 712.087947170277 696.813145244568 680.904669911036 2089.80576232588
2375000 712.419402137907 697.187006552549 681.402249073176 2091.00865776363
2376000 712.797738184488 697.549362912648 681.662933640654 2092.01003473779
2377000 713.26760908941 697.732382478784 681.808188717577 2092.80818028577
2378000 713.516311254455 697.949866411676 681.983424789872 2093.449602456
2379000 713.769652495679 698.072369721359 682.042281965129 2093.88430418217
2380000 714.086685271817 698.476487167493 682.478029194467 2095.04120163378
2381000 714.196954241671 698.72739503567 682.418408496557 2095.3427577739
2382000 714.438962711952 698.989476056199 682.958328187022 2096.38676695517
2383000 714.5617709557 699.156936297398 683.349564397663 2097.06827165076
2384000 714.950388539679 699.501457290359 683.41505473167 2097.86690056171
2385000 715.328110722785 699.716015292913 683.854222053833 2098.89834806953
2386000 715.586963376938 700.175876483981 684.098334453237 2099.86117431416
2387000 716.126003014749 700.160624762837 684.561689657854 2100.84831743544
2388000 716.43336306726 700.615641920598 684.769609083223 2101.81861407108
2389000 716.627328950921 701.130257343276 685.002165020671 2102.75975131487
2390000 716.970343246222 701.626406822971 685.094873682701 2103.69162375189
2391000 717.534912807195 701.815049122689 685.357726999652 2104.70768892954
2392000 717.862548517242 702.139185798767 685.666689619033 2105.66842393504
2393000 718.30909548537 702.494176141522 685.852188633105 2106.65546026
2394000 718.578771416651 702.814985618547 686.147490698635 2107.54124773383
2395000 719.019441831011 703.010288228825 686.435451175595 2108.46518123543
2396000 719.365904101911 703.46732902454 686.852709217782 2109.68594234423
2397000 719.577101885472 703.525937947533 687.032132571725 2110.13517240473
2398000 719.966763177293 703.736793393456 687.180617898842 2110.88417446959
2399000 720.119642860309 703.986468413377 687.56296487947 2111.66907615316
2400000 720.231002616995 704.099548744061 687.891315522413 2112.22186688347
2401000 720.877815066125 704.079075476019 688.303716923826 2113.26060746597
2402000 720.828434279784 704.120595155315 688.458094748994 2113.40712418409
2403000 721.094130650257 704.523857304595 688.303605665223 2113.92159362008
2404000 721.313090047367 704.724682832497 688.962610425328 2115.00038330519
2405000 721.565861649232 705.091794403921 689.089370452523 2115.74702650568
2406000 721.906730788298 705.163740362082 689.541475325745 2116.61194647612
2407000 722.1531263634 705.348201345391 689.902053205275 2117.40338091407
2408000 722.404548347294 705.635018010238 690.061421704034 2118.10098806157
2409000 722.743574941119 706.004263373106 690.396879673383 2119.14471798761
2410000 722.935990656861 706.091738265466 690.667935197436 2119.69566411976
2411000 723.059972310008 706.429809960193 690.853278576108 2120.34306084631
2412000 723.194501766688 706.820983001472 691.469210121929 2121.48469489009
2413000 723.496416706541 706.915688960813 691.658618121078 2122.07072378843
2414000 723.471142158526 707.52680524708 691.993066990666 2122.99101439627
2415000 723.999996327268 707.644674541752 692.056609478145 2123.70128034716
2416000 724.367257770589 707.737905046705 692.323822516334 2124.42898533363
2417000 724.646879032963 708.001603833307 692.730515417793 2125.37899828406
2418000 724.958893118655 708.347334520344 693.043407187895 2126.34963482689
2419000 725.118183471638 708.615644693055 693.181809205861 2126.91563737055
2420000 725.444738671983 708.721880987077 693.362242548713 2127.52886220777
2421000 725.74706952183 709.011805145057 693.507340537234 2128.26621520412
2422000 726.083908021764 709.270206926146 693.715840747842 2129.06995569575
2423000 726.429576762201 709.53392394544 694.203488227143 2130.16698893478
2424000 726.75159461835 709.744506692172 694.519713916978 2131.0158152275
2425000 727.030925007536 709.990296555013 694.815794246333 2131.83701580888
2426000 727.189745799801 710.276227580959 694.994292236034 2132.46026561679
2427000 727.658586072788 710.695753498053 695.12146028231 2133.47579985315
2428000 728.001350342368 710.703278989684 695.601601171658 2134.30623050371
2429000 728.220600921793 711.052342173804 695.869164416858 2135.14210751245
2430000 728.316990972014 711.360172982322 696.144834795649 2135.82199874998
2431000 728.446854857443 711.690930602429 696.359106411223 2136.49689187109
2432000 728.845146751912 712.158277768281 696.300990572351 2137.30441509254
2433000 729.202782183775 712.514197319089 696.473874241019 2138.19085374388
2434000 729.487496775605 712.807443400177 697.07829845639 2139.37323863217
2435000 729.875165991679 713.173062496925 697.154555324826 2140.20278381343
2436000 730.174409852682 713.399984691179 697.196550315853 2140.77094485971
2437000 730.374304781852 713.563954471484 697.450142650919 2141.38840190426
2438000 730.844161576376 713.872597683485 697.652484731774 2142.36924399164
2439000 730.879847184651 714.343306626797 698.132853841608 2143.35600765306
2440000 731.097251505955 714.909505766875 698.250501616702 2144.25725888953
2441000 731.482897848437 715.039595062985 698.720453669442 2145.24294658086
2442000 731.826028164516 715.30997921429 699.11178931653 2146.24779669534
2443000 732.367079386953 715.535129146403 699.381826480723 2147.28403501408
2444000 732.527695576489 715.964052631501 699.752345359959 2148.24409356795
2445000 732.70973528805 716.12131617271 700.242697254751 2149.07374871551
2446000 732.987177437854 716.627187564274 700.486036592879 2150.10040159501
2447000 733.194829229804 716.852451009388 700.993333475705 2151.0406137149
2448000 733.595826016114 717.211126622664 701.293311334494 2152.10026397327
2449000 733.792639219405 717.373210816668 701.466638736173 2152.63248877225
2450000 734.226184898158 717.491510397604 701.614827976294 2153.33252327206
2451000 734.6179689274 717.901285214201 702.10818043619 2154.62743457779
2452000 734.627267911711 718.441871140778 702.536567762858 2155.60570681535
2453000 734.969217320706 718.700919244943 702.700645172561 2156.37078173821
2454000 735.384431572962 718.912951796304 702.999720276516 2157.29710364578
2455000 735.63913408589 719.075135959885 703.372111524014 2158.08638156979
2456000 735.821263796834 719.378774330932 703.541445007691 2158.74148313546
2457000 736.344136399326 719.591865382172 703.889531901058 2159.82553368256
2458000 736.444216210906 719.644943743524 704.182925646856 2160.27208560129
2459000 736.755279368278 719.908071777891 704.639384689989 2161.30273583616
2460000 736.80945095878 720.151939282894 705.040098411663 2162.00148865334
2461000 736.964671122478 720.549084274251 705.163183355291 2162.67693875202
2462000 737.036956225681 720.978987899198 705.524618512085 2163.54056263696
2463000 737.356263506951 721.154089576468 705.753303218822 2164.26365630224
2464000 737.628437939922 721.443746428768 705.952007301764 2165.02419167046
2465000 737.777833644138 721.657883427169 705.978308901655 2165.41402597296
2466000 738.210152868209 721.978561619901 706.477872487931 2166.66658697604
2467000 738.45347389307 722.273950848319 706.935440079796 2167.66286482118
2468000 738.811780734532 722.509824571592 707.012454743941 2168.33406005006
2469000 738.995262855975 722.785150060785 707.303813098438 2169.0842260152
2470000 739.397627565027 722.900592192743 707.709089834687 2170.00730959246
2471000 739.693372935795 723.457250575043 707.832051358952 2170.98267486979
2472000 739.678491898645 723.831286846037 707.86934282497 2171.37912156965
2473000 740.034224423131 724.316752020116 707.950966103144 2172.30194254639
2474000 740.363092342488 724.450611936326 708.362935453971 2173.17663973278
2475000 740.564945251311 724.71015552532 708.912737715306 2174.18783849194
2476000 740.943811680357 725.009300989536 708.982882858833 2174.93599552873
2477000 741.080277485753 725.454225958627 709.265120757324 2175.7996242017
2478000 741.407040579292 725.629056668286 709.648243444059 2176.68434069164
2479000 741.41078890615 726.033559609043 709.969269147512 2177.4136176627
2480000 741.907803534311 726.445578220116 710.351631749208 2178.70501350363
2481000 742.334428216079 726.638187673332 710.737946044741 2179.71056193415
2482000 742.47586887126 726.804548255076 710.934792741696 2180.21520986803
2483000 742.722374861976 727.333105780704 711.09966075807 2181.15514140075
2484000 743.139450293789 727.432992016483 711.219339123383 2181.79178143365
2485000 743.542412900477 727.897536893721 711.787698417567 2183.22764821177
2486000 743.876309554708 727.881198979167 711.72376778011 2183.48127631399
2487000 744.158506349901 728.465099545505 712.031912539103 2184.65551843451
2488000 744.430214032264 728.589792346093 712.313997572146 2185.3340039505
2489000 744.727240210148 728.896856325821 712.698898957964 2186.32299549393
2490000 745.199901074241 729.285623051718 712.968503064694 2187.45402719065
2491000 745.258996171708 729.351177817547 713.305874803991 2187.91604879325
2492000 745.446634798948 729.745172644995 713.606497325957 2188.7983047699
2493000 745.597989633652 730.206462805868 713.848964744067 2189.65341718359
2494000 745.889034598505 730.255021740282 714.282448845968 2190.42650518475
2495000 746.155814649209 730.566793296328 714.556502472567 2191.2791104181
2496000 746.530851668912 730.61991495706 714.747117578227 2191.8978842042
2497000 746.689354024765 730.897040388055 715.123664820708 2192.71005923353
2498000 747.007769734782 731.340762545268 715.29868904868 2193.64722132873
2499000 747.262529446115 731.62473000951 715.489758263047 2194.37701771867
2500000 747.644894713221 731.972559259048 715.730991604954 2195.34844557722
2501000 747.873728095078 732.15335459722 715.970972589644 2195.99805528194
2502000 748.259679892541 732.270634918295 716.496084905561 2197.0263997164
2503000 748.675476911446 732.716400290332 716.733445425669 2198.12532262745
2504000 748.856031621885 732.896016557372 716.878615907569 2198.63066408683
2505000 749.248429608378 733.203699859543 717.329672034717 2199.78180150264
2506000 749.531603073377 733.38620409027 717.530159382709 2200.44796654636
2507000 749.891697738689 733.604304588569 717.885967251127 2201.38196957839
2508000 750.307271930897 733.878850653688 718.176122816771 2202.36224540136
2509000 750.475890989671 734.184767850534 718.634495864301 2203.29515470451
2510000 750.736964177259 734.516514488497 718.918718416113 2204.17219708187
