# Fix print output for fix 2
10000 5.27170282281975e-33 8.07941174625355e-28 1.75723427427325e-33 8.07948203562452e-28
11000 0.405548046940588 0.403558634913664 0.404502584663008 1.21360926651726
12000 0.596245520700485 0.59713211456943 0.592790930808899 1.78616856607881
13000 0.778973479147321 0.781478671435079 0.770195369012751 2.33064751959515
14000 0.949488819106821 0.938674469773541 0.940907566421406 2.82907085530177
15000 1.1234941787851 1.10540095904174 1.10106865249178 3.32996379031862
16000 1.30439302742425 1.28698594506297 1.2775614754002 3.86894044788743
17000 1.46959088798558 1.44585555320176 1.42562569990332 4.34107214109066
18000 1.62976984818135 1.61311415158759 1.59184804039225 4.83473204016119
19000 1.820359836711 1.7848088186538 1.74750371325025 5.35267236861505
20000 1.99864261470666 1.96096749618761 1.91736818104446 5.87697829193873
21000 2.15916268345477 2.1149240477828 2.07376921031952 6.3478559415571
22000 2.33770721361169 2.2996327897805 2.2378784730364 6.8752184764286
23000 2.50211255972727 2.46325639842269 2.40123266704249 7.36660162519245
24000 2.66951239530586 2.61621164854471 2.55787556408464 7.84359960793521
25000 2.83227383829178 2.78026353761863 2.70758685324207 8.32012422915248
26000 2.97880627174525 2.93085820182415 2.86531143536246 8.77497590893187
27000 3.14696596834948 3.09906537939099 3.02790349604604 9.2739348437865
28000 3.31542104283596 3.25698501492347 3.18490283421873 9.75730889197815
29000 3.47512767894536 3.41358606515798 3.35331753612414 10.2420312802275
30000 3.64303546212896 3.58373637686931 3.51965410193426 10.7464259409325
31000 3.80393041786106 3.74548928098518 3.68607032149116 11.2354900203374
32000 3.96805632735309 3.88462701197346 3.83719766843385 11.6898810077604
33000 4.12945267689738 4.03048521371849 3.98230471962457 12.1422426102404
34000 4.29156601982457 4.19694088697418 4.14470322339327 12.633210130192
35000 4.44414667413587 4.34918805730243 4.29104488128182 13.0843796127201
36000 4.60676741967307 4.50944659371869 4.42657261840275 13.5427866317945
37000 4.76940089821614 4.67300837107623 4.57894854599069 14.0213578152831
38000 4.92982387506841 4.8179606766568 4.71196554230043 14.4597500940256
39000 5.09858708556385 4.97983090357202 4.86990486241026 14.9483228515461
40000 5.2469073137817 5.13605061609144 5.01056081115009 15.3935187410232
41000 5.39311188534856 5.27305435185931 5.1534843288699 15.8196505660778
42000 5.5567215591256 5.4131391941403 5.30379899573072 16.2736597489966
43000 5.7036189171711 5.56618316913087 5.45047514356952 16.7202772298715
44000 5.8669623876234 5.71704670705683 5.57944676608383 17.1634558607641
45000 6.01486393937042 5.87021982975712 5.76092332035369 17.6460070894812
46000 6.17286020088007 6.02078800234221 5.91014375474297 18.1037919579652
47000 6.30726985483981 6.16745998422967 6.05583497763989 18.5305648167094
48000 6.45181406375203 6.29724411768333 6.1967926651058 18.9458508465412
49000 6.61016041269614 6.46707530666298 6.35319481584856 19.4304305352077
50000 6.76925435814067 6.63515360942604 6.49133872547564 19.8957466930424
51000 6.93318891200957 6.79084139131909 6.63278171937703 20.3568120227057
52000 7.09548930807775 6.95002855503033 6.79951452929401 20.8450323924021
53000 7.23980353619264 7.10626379595418 6.9412218747982 21.287289206945
54000 7.39253719369801 7.25737289568572 7.0820104030942 21.7319204924779
55000 7.54774249677708 7.39356459888048 7.24244063183703 22.1837477274946
56000 7.71628327745451 7.55205130836203 7.39452860993019 22.6628631957467
57000 7.8552427944395 7.71412845842902 7.5384855311615 23.10785678403
58000 8.02563135735977 7.85810701400266 7.6870175477461 23.5707559191085
59000 8.16236905637076 7.99244908155788 7.81979835730526 23.9746164952339
60000 8.3056901020234 8.13566690660616 7.96451651171126 24.4058735203408
61000 8.46060771524636 8.30949224744239 8.12803205161781 24.8981320143066
62000 8.60135594106176 8.44729898481399 8.25848073996204 25.3071356658378
63000 8.76508933598507 8.59718489062782 8.40311323305498 25.7653874596679
64000 8.92256057923433 8.74991821496108 8.57110543664617 26.2435842308416
65000 9.09577566213787 8.90772238161954 8.73427793008692 26.7377759738443
66000 9.25229360022234 9.03426102881779 8.87300468797003 27.1595593170102
67000 9.38927580483106 9.18319050510252 8.97477149992972 27.5472378098633
68000 9.52752465529214 9.32536781711236 9.14362436773551 27.99651684014
69000 9.6862452012893 9.47147235023077 9.29555014829879 28.4532676998188
70000 9.83801569397517 9.61293090588158 9.4044250412483 28.855371641105
71000 9.96807978086103 9.77425097560501 9.52846928011013 29.2708000365762
72000 10.1086091713421 9.8956500781348 9.64202100552922 29.6462802550062
73000 10.2687143708683 10.0413673671811 9.78090682073714 30.0909885587866
74000 10.4369583992695 10.192734783509 9.92498570469737 30.5546788874758
75000 10.6054082117828 10.3222197734796 10.0696561455121 30.9972841307745
76000 10.7599258908554 10.499127568064 10.2136727502104 31.4727262091299
77000 10.9064671022004 10.6552418164785 10.3556282510647 31.9173371697436
78000 11.0682262614147 10.8050406447813 10.5229046526848 32.3961715588808
79000 11.2117171614924 10.9357796912088 10.6610916040848 32.8085884567859
80000 11.3653020960343 11.1070443367569 10.8160311600639 33.2883775928551
81000 11.5315037808039 11.2298874765057 10.9569218687422 33.7183131260518
82000 11.6761459501894 11.3760713732987 11.0910953037836 34.1433126272717
83000 11.8196986615367 11.5201011347237 11.210580097412 34.5503798936724
84000 12.004128522105 11.6581028028783 11.3678855918277 35.030116916811
85000 12.1549141274666 11.8140698500213 11.4821060084527 35.4510899859406
86000 12.2857937709431 11.9567626938032 11.6260505597254 35.8686070244718
87000 12.4321076819969 12.0903225772724 11.7868500675057 36.309280326775
88000 12.5848553513016 12.2392254422111 11.917829565602 36.7419103591147
89000 12.7508980638683 12.385185671669 12.0569428636043 37.1930265991416
90000 12.8569442998726 12.5252363614203 12.1746331798303 37.5568138411233
91000 13.0250994231812 12.6723786196361 12.3159491773097 38.0134272201271
92000 13.2024617498133 12.8196819073772 12.4789878311758 38.5011314883663
93000 13.3474934772961 12.9965769107664 12.6218853651421 38.9659557532046
94000 13.5313658713241 13.1564055511029 12.7597322382046 39.4475036606315
95000 13.6645837684019 13.3012360867009 12.918804670267 39.8846245253698
96000 13.83378588141 13.4504374519545 13.0947569155276 40.3789802488921
97000 13.9974344382309 13.5843205823272 13.19853822388 40.7802932444381
98000 14.1278719394169 13.7428640840349 13.3485618213717 41.2192978448235
99000 14.2882419044542 13.8721980745028 13.4887022753717 41.6491422543287
100000 14.4112510912349 14.0236933170322 13.6474732736806 42.0824176819477
101000 14.5764791874131 14.1320516444339 13.8057280248178 42.5142588566648
102000 14.6802653117908 14.2714134163354 13.9506272371681 42.9023059652943
103000 14.8204126551705 14.4020013865277 14.0853220069323 43.3077360486306
104000 14.9867595443619 14.5302947288381 14.2254595792665 43.7425138524666
105000 15.1442100443265 14.6701098807177 14.3667581509757 44.18107807602
106000 15.2875076159374 14.8305863871093 14.4787026889738 44.5967966920205
107000 15.4204132033953 14.9756370431305 14.6096179703535 45.0056682168793
108000 15.5937730049805 15.1461074639377 14.7751004986973 45.5149809676155
109000 15.7116786314928 15.2785183441064 14.9073790650212 45.8975760406204
110000 15.8622925343759 15.4205545929611 15.0459745032899 46.3288216306268
111000 15.9800498490191 15.5502593824343 15.165495810495 46.6958050419483
112000 16.1198215205141 15.6708622599495 15.2993069494061 47.0899907298697
113000 16.2575126929522 15.8309260031265 15.4488716075189 47.5373103035976
114000 16.4125903245289 15.9845894109071 15.5371442960908 47.9343240315268
115000 16.5785095046504 16.0940694951656 15.7281687410273 48.4007477408432
116000 16.7096588539797 16.2292889154142 15.8455277082843 48.7844754776781
117000 16.8675871349376 16.363030626991 15.9863512924614 49.2169690543901
118000 17.0025577162101 16.512802483492 16.1396305874985 49.6549907872007
119000 17.1465652791291 16.6332481729585 16.2991135408203 50.0789269929079
120000 17.2875766698714 16.8018986855153 16.4380153123882 50.5274906677749
121000 17.4199153139662 16.9192062108885 16.5843805245349 50.9235020493896
122000 17.5564062317891 17.0469194610933 16.7293956287314 51.3327213216137
123000 17.7053248758809 17.2237996530492 16.8685505967587 51.7976751256888
124000 17.8627635029018 17.3446588777889 16.9968109883373 52.204233369028
125000 18.0091352883493 17.4847717623933 17.1117780936531 52.6056851443957
126000 18.1355746849264 17.5981816423639 17.2404806449357 52.9742369722261
127000 18.2973202388269 17.7383603234124 17.3411991950878 53.3768797573271
128000 18.4397255541092 17.892055367208 17.4975048807074 53.8292858020246
129000 18.5648056045617 18.0335327548813 17.6115752658505 54.2099136252935
130000 18.7123312349568 18.1732186924703 17.7635347164811 54.6490846439083
131000 18.8466241573574 18.3029354441442 17.8915835251448 55.0411431266465
132000 19.0047557614515 18.4130056619023 18.0197910398427 55.4375524631965
133000 19.1299404470491 18.5313807928219 18.1091961338312 55.7705173737022
134000 19.2751518946181 18.6792555039792 18.2388943574533 56.1933017560506
135000 19.4181931995057 18.8328827448426 18.4049818126202 56.6560577569685
136000 19.5538382553333 18.9768551335994 18.5199198751443 57.050613264077
137000 19.6800310039894 19.1153626805594 18.6745656821891 57.4699593667378
138000 19.80390127758 19.2352403462507 18.7840607984355 57.8232024222661
139000 19.9729591786371 19.3175304781367 18.9188266348644 58.2093162916382
140000 20.1122316323075 19.4539097752597 19.0467122723735 58.6128536799407
141000 20.2741261186843 19.5945709332852 19.1881038733605 59.05680092533
142000 20.4219857669121 19.7281281878474 19.319160551477 59.4692745062365
143000 20.5375609553817 19.822465148592 19.4597232571455 59.8197493611193
144000 20.6917562916991 19.9432995407997 19.5603398187207 60.1953956512195
145000 20.8156222068781 20.1129007490695 19.6812448158437 60.6097677717912
146000 20.9395821002743 20.2574453885673 19.8169391157922 61.0139666046338
147000 21.0927728479129 20.3916249616821 19.9636681344632 61.4480659440581
148000 21.2269988378331 20.5369124723175 20.109238829666 61.8731501398167
149000 21.3627051951296 20.6707349480051 20.2771276370877 62.3105677802224
150000 21.5003270145753 20.8384789499716 20.4179967967141 62.756802761261
151000 21.635250135139 20.9591425343961 20.5264820515991 63.1208747211341
152000 21.791887969083 21.1160455384333 20.6413310760849 63.5492645836012
153000 21.9530593203695 21.2135807401921 20.7755584473626 63.9421985079243
154000 22.0713754368727 21.3252650302311 20.8948697078488 64.2915101749526
155000 22.2016242600369 21.4468144461536 21.0661134072142 64.7145521134047
156000 22.3517997316431 21.5906737550283 21.19369642414 65.1361699108113
157000 22.5112290447295 21.7003285851471 21.3216161013117 65.5331737311882
158000 22.654328504551 21.8388039992704 21.4671036461442 65.9602361499656
159000 22.8174981144019 21.9963414856612 21.6207289422703 66.4345685423334
160000 22.9565330353887 22.14691051542 21.7169752193332 66.8204187701419
161000 23.1310676391179 22.2772211907013 21.8401017019873 67.2483905318065
162000 23.2659928024001 22.4084290502489 21.981504864404 67.655926717053
163000 23.4118206696179 22.5584222131512 22.1298577352304 68.1001006179995
164000 23.539455090912 22.660021641017 22.2758533841268 68.4753301160557
165000 23.6967427339469 22.8138473393141 22.3985012958259 68.9090913690869
166000 23.8049040471109 22.9754151063991 22.5249458486285 69.3052650021385
167000 23.9616277035652 23.0940144502199 22.6432755843962 69.6989177381814
168000 24.1062104211495 23.2407360252901 22.8040035311054 70.150949977545
169000 24.231674525031 23.3519055465932 22.9361064478415 70.5196865194657
170000 24.3634489115887 23.4739171846179 23.0729364378206 70.9103025340271
171000 24.5176510564928 23.604782266848 23.1802048997162 71.3026382230569
172000 24.6688668013622 23.7335502657541 23.3355578955536 71.73797496267
173000 24.7903963550397 23.8329328390922 23.4416337911017 72.0649629852337
174000 24.9515265642035 23.9992094867761 23.6133160225911 72.5640520735707
175000 25.0839748907601 24.1287808565938 23.7605832620321 72.973339009386
176000 25.236194272837 24.2596949507478 23.9025280174673 73.3984172410522
177000 25.4073863301298 24.4160804177758 24.0247001993877 73.8481669472933
178000 25.5350186230617 24.5274870193536 24.1670299999146 74.2295356423299
179000 25.6915643714725 24.6974545548115 24.337773891479 74.726792817763
180000 25.7897112627433 24.8367564812204 24.4644477201555 75.0909154641192
181000 25.9340535913835 24.9445639291887 24.5885740896132 75.4671916101854
182000 26.0987801576503 25.0882631610297 24.7516762687339 75.938719587414
183000 26.223905484348 25.2003525566614 24.8767250672249 76.3009831082343
184000 26.3533983344461 25.320726304784 25.0142241028759 76.688348742106
185000 26.5274464509888 25.4882212722466 25.1295359738934 77.1452036971289
186000 26.621846200883 25.6055323721902 25.2717564163187 77.4991349893918
187000 26.7762770603927 25.7280592982579 25.4345730427023 77.9389094013529
188000 26.9237419150267 25.8896980773302 25.5665012693161 78.3799412616731
189000 27.0451266965093 26.0100479242124 25.6608081914568 78.7159828121785
190000 27.1723876885513 26.1654409038896 25.8259511350744 79.1637797275152
191000 27.3278667621367 26.2893649827048 25.9336473609213 79.5508791057628
192000 27.4577734685252 26.4581290044989 26.0842875629404 80.0001900359646
193000 27.594860229284 26.6391810112192 26.2281390073374 80.4621802478406
194000 27.7546675372146 26.7959368406362 26.3690520325919 80.9196564104426
195000 27.9364587973692 26.9638921140262 26.5008605535841 81.4012114649795
196000 28.0830746709329 27.1017885795768 26.6612178851806 81.8460811356904
197000 28.2497132669944 27.2090262284413 26.7947314869805 82.2534709824162
198000 28.3431928251045 27.3550757804978 26.9230518162146 82.621320421817
199000 28.5047253498742 27.4796374439369 27.0835091342017 83.0678719280127
200000 28.6248265951606 27.5757063032297 27.1895205657893 83.3900534641795
201000 28.7453932350234 27.7106463032203 27.3364996692339 83.7925392074776
202000 28.9160890330234 27.8541598612148 27.4866796355904 84.2569285298286
203000 29.0317232400548 27.9951428218185 27.6086344701291 84.6355005320023
204000 29.1365126311681 28.0658787377765 27.7067656548036 84.9091570237482
205000 29.2672031869786 28.1494166151322 27.8489159265734 85.2655357286843
206000 29.4267735554092 28.2829921934057 27.9797071861256 85.6894729349405
207000 29.6026509377156 28.4427200816554 28.0924933275095 86.1378643468805
208000 29.7497145581822 28.5888895078358 28.2310731609815 86.5696772269994
209000 29.8647772527754 28.7326854317162 28.3550890084572 86.9525516929488
210000 30.006158103647 28.8866740261589 28.490691948687 87.3835240784929
211000 30.0963472068076 29.0158189287087 28.6574026653195 87.7695688008358
212000 30.2648066042652 29.1478654186646 28.7976401024633 88.210312125393
213000 30.4006218868816 29.2479089777993 28.8984321593131 88.546963023994
214000 30.5207306545239 29.3762492690506 29.0020319228453 88.8990118464198
215000 30.6716210696536 29.4987094033276 29.158383096885 89.3287135698662
216000 30.8140371213029 29.613229468711 29.2773917760526 89.7046583660665
217000 30.9508813632213 29.7516992308356 29.447513184564 90.1500937786209
218000 31.0930932964366 29.9150894330002 29.5808816343073 90.5890643637441
219000 31.2394155391334 30.032755154146 29.717129226724 90.9892999200034
220000 31.3482315625597 30.2226879456396 29.8674239231232 91.4383434313224
221000 31.4855452765247 30.3369744409177 29.9770642684987 91.799583985941
222000 31.660832791462 30.478583068556 30.0926040414374 92.2320199014554
223000 31.8101659879796 30.6381903559497 30.214607848452 92.6629641923813
224000 31.9076346013979 30.7424206440324 30.3517754243307 93.001830669761
225000 32.0723327979073 30.8873868987723 30.4900613721738 93.4497810688534
226000 32.1354853147982 31.0058424886472 30.6484473191217 93.789775122567
227000 32.2957293227786 31.0916006141096 30.773708818349 94.1610387552371
228000 32.4228601818306 31.2975472749641 30.9039438408047 94.6243512975994
229000 32.5893817251043 31.41754433818 31.0111048155964 95.0180308788807
230000 32.7396228595272 31.5476097662838 31.1800677976868 95.4673004234978
231000 32.8970465634193 31.6491434912444 31.2809263413637 95.8271163960274
232000 33.0579845385566 31.8120770256716 31.4011771634117 96.2712387276399
233000 33.2171640167897 31.9363032550869 31.5288736339773 96.6823409058539
234000 33.3385424470234 32.0504329358834 31.6479301674298 97.0369055503366
235000 33.5003893842838 32.1886211697535 31.7581221601159 97.4471327141532
236000 33.6382279239207 32.3248021196886 31.870145887538 97.8331759311472
237000 33.7866298555562 32.4886434765901 32.0254196921849 98.3006930243313
238000 33.9312519468722 32.5986868989665 32.163217510234 98.6931563560727
239000 34.0834068445742 32.7360613532126 32.3021131548116 99.1215813525985
240000 34.2043705117886 32.8370042141713 32.4325275280804 99.4739022540404
241000 34.3231438569229 32.9669589291323 32.5326580252774 99.8227608113326
242000 34.446788185481 33.1182482249533 32.6476480359259 100.21268444636
243000 34.5998959626295 33.2525583010173 32.7668536781971 100.619307941844
244000 34.7645430179709 33.3847527979534 32.9182306527024 101.067526468627
245000 34.8584530575922 33.4815465977295 33.0478545750451 101.387854230367
246000 35.0086162363801 33.6449640887287 33.1796157089506 101.833196034059
247000 35.1709115460259 33.8176848029143 33.3188237091854 102.307420058126
248000 35.2719335512172 33.9378483844513 33.4531659431396 102.662947878808
249000 35.4186214198399 34.0697154276589 33.5924124232904 103.080749270789
250000 35.5421556055029 34.1867966376162 33.7324840381871 103.461436281306
251000 35.680972595035 34.2831582236933 33.8522109261469 103.816341744875
252000 35.8386468686909 34.3839472406149 33.9825676854372 104.205161794743
253000 35.998895732651 34.5327515167572 34.0805325684494 104.612179817858
254000 36.1018906430073 34.6631832968176 34.1969328982592 104.962006838084
255000 36.2148520323656 34.8023995003981 34.3314151047694 105.348666637533
256000 36.3606316810305 34.9035013958533 34.442935468612 105.707068545496
257000 36.5060745736429 35.0387624579791 34.5866438860729 106.131480917695
258000 36.6353888976444 35.2400903519564 34.6738728455018 106.549352095103
259000 36.7598183635428 35.3557665135089 34.798180280522 106.913765157574
260000 36.8979309883489 35.4778276622478 34.8883199613384 107.264078611935
261000 37.0266314931136 35.6187589278127 35.0325933993542 107.67798382028
262000 37.1306993632603 35.7844357494811 35.1707030099899 108.085838122731
263000 37.2713009512755 35.9326549112087 35.3116112812618 108.515567143746
264000 37.3898038156305 36.0633526513439 35.4234611853453 108.87661765232
265000 37.5269815655193 36.2128749829255 35.5383868151851 109.27824336363
266000 37.6639597330475 36.3276833380879 35.7013285547869 109.692971625922
267000 37.8088509067874 36.456473563726 35.7979778055282 110.063302276042
268000 37.9777968953857 36.590422116924 35.919239524588 110.487458536898
269000 38.1182317072321 36.72552016209 36.0598264816228 110.903578350945
270000 38.2436968218921 36.8843163900565 36.1445769260272 111.272590137976
271000 38.3738655365116 37.020785062568 36.328174142 111.72282474108
272000 38.5115379760219 37.1168434885928 36.435091938149 112.063473402764
273000 38.6664139365221 37.229622795224 36.5346259494062 112.430662681152
274000 38.7550917275628 37.3681499751121 36.6624755116864 112.785717214361
275000 38.8919191724779 37.4412107825991 36.811564185813 113.14469414089
276000 39.0481593047747 37.6122856956541 36.8675932526416 113.52803825307
277000 39.1638510899719 37.7568024585865 37.0240995416775 113.944753090236
278000 39.2966872847909 37.872008899109 37.1489946265327 114.317690810433
279000 39.4441797444864 38.0158389610589 37.2934634221234 114.753482127669
280000 39.6087142093486 38.1092028440867 37.4376359312678 115.155552984703
281000 39.7036477661337 38.2289409726921 37.4885400919386 115.421128830764
282000 39.8899926845617 38.3628439535111 37.6250503922882 115.877887030361
283000 40.0118883245872 38.4903236036034 37.7516571637705 116.253869091961
284000 40.1312445613349 38.6515079871679 37.9088221330242 116.691574681527
285000 40.2989701198637 38.7987653016627 38.0234680892028 117.121203510729
286000 40.3850962367465 38.8997306471087 38.1535212013486 117.438348085204
287000 40.5249676941216 39.0614494400126 38.3204328268294 117.906849960964
288000 40.6381185163336 39.1643413775304 38.4141342996862 118.21659419355
289000 40.7825771886237 39.2879647565846 38.5696771516791 118.640219096887
290000 40.9196790855223 39.4497102928243 38.7295944261224 119.098983804469
291000 41.0595992997377 39.5983347361901 38.8720149626062 119.529948998534
292000 41.1296952820504 39.7546463524333 38.9776799089847 119.862021543468
293000 41.3038195264126 39.8484647423001 39.1245470787146 120.276831347427
294000 41.4566419657942 39.9767602378143 39.2332782082896 120.666680411898
295000 41.5776629535482 40.1214682483432 39.411421361227 121.110552563118
296000 41.7105395821515 40.1963509289817 39.5723017257198 121.479192236853
297000 41.8352866969859 40.3529164410867 39.6853161130875 121.87351925116
298000 41.9303126907212 40.4779110855356 39.8169217056474 122.225145481904
299000 42.0744001083804 40.6190209599072 39.9235640562566 122.616985124544
300000 42.1935852188104 40.7374231390808 40.035111387305 122.966119745196
301000 42.3463911342409 40.8741095259785 40.208855136724 123.429355796943
302000 42.4326254404909 40.9872023000202 40.2942525914535 123.714080331965
303000 42.5686377279613 41.0924834142077 40.4554218678782 124.116543010047
304000 42.6857550946153 41.2691921397566 40.559821180673 124.514768415045
305000 42.8582640797982 41.3887353971184 40.6828663382825 124.929865815199
306000 42.9569674500475 41.5433795189109 40.8237619883571 125.324108957315
307000 43.1178225168177 41.6423350267484 40.9456168056685 125.705774349235
308000 43.2487386394205 41.8409158531766 41.0823529611945 126.172007453792
309000 43.4006384409869 41.9286302183658 41.2629373575628 126.592206016916
310000 43.5621303022278 42.0485075440655 41.379421406277 126.99005925257
311000 43.6271698469375 42.1828986454982 41.5077853488988 127.317853841334
312000 43.7951245027816 42.351877578454 41.6966807651713 127.843682846407
313000 43.9093187453336 42.4934417596261 41.8069642372246 128.209724742184
314000 44.0219533369023 42.5798814173291 41.965777232248 128.567611986479
315000 44.1515909091122 42.7262923938589 42.0993854879995 128.977268790971
316000 44.3053192083459 42.8888352113221 42.2327180877403 129.426872507408
317000 44.4354088675636 42.9956097680435 42.3403265728102 129.771345208417
318000 44.5997655437869 43.1042308789814 42.5331415996881 130.237138022456
319000 44.7239159851319 43.2854811583772 42.6422620738861 130.651659217395
320000 44.8555426707784 43.3543113226787 42.7733129928393 130.983166986296
321000 44.9978357880425 43.5076200661659 42.9272680693671 131.432723923576
322000 45.1317625410788 43.63681500939 43.0770451975328 131.845622748002
323000 45.3169148904332 43.7581402166563 43.2135675889563 132.288622696046
324000 45.4444007151704 43.9151822207448 43.3511364443389 132.710719380254
325000 45.5898363973771 44.0326225868949 43.4916753627494 133.114134347021
326000 45.6875124490406 44.1611783557465 43.6332012610433 133.48189206583
327000 45.852883022066 44.3012824558725 43.7758946258646 133.930060103803
328000 45.9955277898998 44.4591199408205 43.8731193078682 134.327767038589
329000 46.1611629214421 44.5885053225248 44.0490666112868 134.798734855254
330000 46.2738421612141 44.7254771390501 44.1937220592467 135.193041359511
331000 46.3980532014837 44.8342772666189 44.2911132527744 135.523443720877
332000 46.5526408121563 44.9834348147039 44.4224582959066 135.958533922767
333000 46.7113768714106 45.1513721358768 44.4543895761688 136.317138583456
334000 46.8234850832559 45.2729088341914 44.5885126890088 136.684906606456
335000 46.9561636903902 45.3760728769689 44.7004794113011 137.03271597866
336000 47.0752783837068 45.5354961558732 44.8433773639655 137.454151903545
337000 47.2373868679272 45.6889840808927 44.9306617563753 137.857032705195
338000 47.332670454902 45.8033858517086 45.0145435267749 138.150599833386
339000 47.4675729919761 45.9653472284716 45.153410922953 138.586331143401
340000 47.6109161803677 46.059022295771 45.2970044099245 138.966942886063
341000 47.796270567314 46.2220591379139 45.4199516096253 139.438281314853
342000 47.9066401752724 46.3855800252816 45.6282829406647 139.920503141219
343000 47.990606410825 46.4907629770618 45.7389251295179 140.220294517405
344000 48.1693103279708 46.6182252558155 45.8581409794546 140.645676563241
345000 48.31664898217 46.728884674646 46.0302126356205 141.075746292436
346000 48.4489517967875 46.8650854893193 46.1498439798505 141.463881265957
347000 48.5800666172337 46.9738172395954 46.3020349103886 141.855918767218
348000 48.7284872192788 47.1022823723187 46.4454544977107 142.276224089308
349000 48.913521129756 47.2045517780862 46.5806774463826 142.698750354225
350000 49.0585800475078 47.321258302683 46.7129251772465 143.092763527437
351000 49.2341471046754 47.4966713286543 46.8911123789935 143.621930812323
352000 49.3564671217467 47.5802376473743 46.9751292375828 143.911834006704
353000 49.4886670906619 47.7165417358168 47.1251829461453 144.330391772624
354000 49.6354363880409 47.8200801147787 47.254317609434 144.709834112254
355000 49.7307987427831 47.9543561936086 47.3858233960134 145.070978332405
356000 49.8861114013779 48.083430838677 47.4830484524934 145.452590692548
357000 50.0037293654089 48.2082951426041 47.6405903766733 145.852614884686
358000 50.1609322349888 48.3452495835048 47.7875534449237 146.293735263417
359000 50.3104957462267 48.4835944266837 47.9767108107682 146.770800983679
360000 50.4984092371749 48.5612473248516 48.0602803076645 147.119936869691
361000 50.6051247015615 48.7366298980832 48.1977053350096 147.539459934654
362000 50.7170278835293 48.8585241940947 48.2992345314437 147.874786609068
363000 50.8976737136965 48.9571416327071 48.4563370728903 148.311152419294
364000 50.9994637638445 49.0990421142226 48.5641482601356 148.662654138203
365000 51.1159308781148 49.2541460031781 48.6885872150583 149.058664096351
366000 51.2292038416622 49.3389653588446 48.8184111397181 149.386580340225
367000 51.3625378937555 49.4643528656498 48.9244153422126 149.751306101618
368000 51.5175144340131 49.5979583890383 49.0838915051699 150.199364328221
369000 51.6325474399328 49.7010388701469 49.1941383244133 150.527724634493
370000 51.759932375326 49.8538195600735 49.318473954109 150.932225889508
371000 51.8553233670081 50.0046731664324 49.4224185020228 151.282415035463
372000 52.0118746715089 50.1136917785346 49.5580669566189 151.683633406662
373000 52.1441367455558 50.2805856373047 49.6963237817539 152.121046164614
374000 52.2605467669978 50.3491441623238 49.8036138422994 152.413304771621
375000 52.3204097052155 50.4579066244465 49.9411715873593 152.719487917021
376000 52.479808134315 50.6168555099055 50.0915758409464 153.188239485167
377000 52.607879963933 50.7769070385558 50.1958462005621 153.580633203051
378000 52.8375299017657 50.8758945634433 50.337556422768 154.050980887977
379000 52.955355587198 51.0366993418198 50.4422805530651 154.434335482083
380000 53.0718130115422 51.1276452622672 50.595846052428 154.795304326237
381000 53.1591201113758 51.2946478179118 50.7354396310877 155.189207560375
382000 53.2968698501836 51.4586399692027 50.8344971764457 155.590006995832
383000 53.4957881196914 51.5948849067539 50.9680182823488 156.058691308794
384000 53.5815445844218 51.6774925699141 51.1395582693202 156.398595423656
385000 53.6974567186912 51.8562368399199 51.2281405938873 156.781834152498
386000 53.8356678514099 51.9516665224233 51.3156600752762 157.102994449109
387000 53.9860420091318 52.0540345232897 51.4732305017225 157.513307034144
388000 54.0929183414878 52.1852824027878 51.5907396849289 157.868940429205
389000 54.264107847384 52.3171903567646 51.7277587214524 158.309056925601
390000 54.3829365671836 52.3980108317671 51.7971090769969 158.578056475948
391000 54.4806261631483 52.5776368619915 51.949843553749 159.008106578889
392000 54.6026936861854 52.7151676303885 52.0923473485818 159.410208665156
393000 54.7360488692833 52.7842058282114 52.1651796963381 159.685434393833
394000 54.8713601636059 52.9661008642237 52.3225625498523 160.160023577682
395000 55.0173787112007 53.0572865233544 52.4663233660785 160.540988600634
396000 55.1839593727306 53.1685913791023 52.5618805964845 160.914431348317
397000 55.3366590187999 53.286419053976 52.7176918340614 161.340769906837
398000 55.4865514821052 53.4019582437657 52.8549112511888 161.74342097706
399000 55.6096299266735 53.5368894987026 52.985034776803 162.131554202179
400000 55.6835369278543 53.6721381680196 53.0907481656896 162.446423261563
401000 55.8322563254977 53.8106910786194 53.2316565899631 162.87460399408
402000 55.9785615366528 53.9344857331763 53.3853719191362 163.298419188965
403000 56.0959286017239 54.0444468061237 53.5034567560366 163.643832163884
404000 56.2169473924368 54.2102856423205 53.6134387848967 164.040671819654
405000 56.3680143013503 54.3758420909023 53.7111747732255 164.455031165478
406000 56.5020948466357 54.5015501266931 53.8409096117643 164.844554585093
407000 56.6745403223513 54.6294003467254 53.9750024703236 165.2789431394
408000 56.7900329388803 54.7585436391542 54.0602861612056 165.60886273924
409000 56.8786785611435 54.9154673733736 54.1760985262016 165.970244460719
410000 57.0165120776112 55.0348637702735 54.3377106140454 166.38908646193
411000 57.0969442760009 55.1504245835667 54.436560242936 166.683929102503
412000 57.2105902980629 55.2936452162721 54.5514836732499 167.055719187585
413000 57.3458946426274 55.3869983935967 54.6692829230106 167.402175959235
414000 57.4521522133038 55.5222186281232 54.8095602691152 167.783931110542
415000 57.5850716132808 55.6540340063552 54.9420668220452 168.181172441681
416000 57.7218580638403 55.7314650706937 55.0668423461508 168.520165480685
417000 57.8442996210456 55.9448953175812 55.1719184542182 168.961113392845
418000 57.9566555291894 56.0853392424565 55.2800602043452 169.322054975991
419000 58.0570227037106 56.2231276040563 55.4601454697173 169.740295777484
420000 58.1834053455097 56.3832152072899 55.5857473714231 170.152367924223
421000 58.3135915280133 56.4829928522975 55.7381041655969 170.534688545908
422000 58.5156968436707 56.6118059637581 55.8991375181254 171.026640325554
423000 58.6102661973943 56.7156423174645 56.0136863066459 171.339594821505
424000 58.7458885213968 56.8228725292883 56.1217227797789 171.690483830464
425000 58.9116969124544 56.9722669725212 56.2419073137423 172.125871198718
426000 59.0369862298144 57.0942601469005 56.3735197238147 172.50476610053
427000 59.2401909068993 57.2329223919846 56.4851603519476 172.958273650832
428000 59.3420498908712 57.3936709897484 56.6211819053606 173.35690278598
429000 59.4862480829122 57.532981028333 56.7907178262155 173.809946937461
430000 59.5997731863031 57.6539622688488 56.8835243815545 174.137259836706
431000 59.7749601878253 57.7464837880595 56.9889217249335 174.510365700818
432000 59.904448421798 57.9154889767528 57.1429755179037 174.962912916455
433000 60.1002895558898 57.9718666822212 57.273837305562 175.345993543673
434000 60.2336829094939 58.1392786144094 57.3660393335797 175.739000857483
435000 60.4002006968957 58.2953419999168 57.5273714307467 176.222914127559
436000 60.4907033227416 58.3805554639068 57.6989398461616 176.57019863281
437000 60.6307446055741 58.4956794854415 57.7967540420871 176.923178133103
438000 60.7347314455361 58.6598148129851 57.9318037608846 177.326350019406
439000 60.8705040740805 58.774044368681 58.0432375988455 177.687786041607
440000 61.0219287314569 58.9086744935348 58.1816910044902 178.112294229482
441000 61.0907253460794 59.0359913638523 58.3541214706708 178.480838180603
442000 61.2272590877826 59.1782951307515 58.4704389352768 178.875993153811
443000 61.3508994031439 59.3028152764912 58.6368140595676 179.290528739203
444000 61.4805093404271 59.3760809604856 58.7375416303655 179.594131931278
445000 61.6068008432091 59.5486619263372 58.886508635477 180.041971405023
446000 61.77964834983 59.685468199868 58.9976528841568 180.462769433855
447000 61.9000724433388 59.7900619864508 59.1001779807708 180.79031241056
448000 62.0199101704153 59.8982616450947 59.2097612779177 181.127933093428
449000 62.1455341158187 60.0465432127577 59.3582555536945 181.550332882271
450000 62.3079509683207 60.1781163344561 59.445450787291 181.931518090068
451000 62.4046435405858 60.2712551006798 59.5537921645034 182.229690805769
452000 62.5415727273058 60.4576110142258 59.673082202878 182.67226594441
453000 62.6988139623213 60.5829468800459 59.8214595583102 183.103220400677
454000 62.8225744235101 60.6702343160844 59.953750332381 183.446559071976
455000 63.03139131456 60.8448835601564 60.0381508971365 183.914425771853
456000 63.1539472647182 60.981484091774 60.144163462582 184.279594819074
457000 63.2859454709504 61.0586071367527 60.2942931349706 184.638845742674
458000 63.4343033252417 61.212716389854 60.4144698000585 185.061489515154
459000 63.5534508355519 61.345669398351 60.495955514059 185.395075747962
460000 63.6826725981236 61.5172407817227 60.6699123792427 185.869825759089
461000 63.8455155867205 61.6367043463651 60.8313658918957 186.313585824981
462000 63.9436362875847 61.6858349377666 60.9361423698142 186.565613595166
463000 64.0796420709478 61.8261556263958 61.0596545074007 186.965452204744
464000 64.1858785313254 61.9650549265174 61.1444690988782 187.295402556721
465000 64.3300168274944 62.0968833224075 61.2256276219105 187.652527771812
466000 64.4773324996455 62.2375050628207 61.3474435762878 188.062281138754
467000 64.6312004194448 62.4079104231988 61.4781564590764 188.51726730172
468000 64.7517895550416 62.5063140365255 61.6211115031615 188.879215094729
469000 64.92023427365 62.6093583563859 61.7684497685448 189.298042398581
470000 65.0606635669652 62.7320902371447 61.8835215474994 189.676275351609
471000 65.1890263945929 62.857384376562 61.9742657951959 190.020676566351
472000 65.2630322857448 62.9351070969599 62.1380323184389 190.336171701144
473000 65.4778191200313 63.1502777516861 62.240633482384 190.868730354101
474000 65.5847527639415 63.2527671567302 62.3901573000825 191.227677220754
475000 65.6754313683818 63.3825937099373 62.4486136792355 191.506638757555
476000 65.8209327388439 63.5691947256638 62.5770032909454 191.967130755453
477000 65.9247460882822 63.6594952192123 62.6777419879961 192.261983295491
478000 66.0796715582887 63.824979904004 62.8469780965665 192.751629558859
479000 66.2229650344023 63.983016887214 62.9560974532683 193.162079374885
480000 66.3544999318975 64.1134206478248 63.0516950009448 193.519615580667
481000 66.5018179656424 64.1824855041801 63.1688818561765 193.853185325999
482000 66.6317698039718 64.3652372815032 63.2691663593622 194.266173444837
483000 66.7335028688985 64.4937559789073 63.441043841044 194.66830268885
484000 66.906917181326 64.6240452250995 63.5153867350372 195.046349141463
485000 67.0562411543553 64.7087875905469 63.6606242897886 195.425653034691
486000 67.1910437185517 64.8686312627643 63.7351690210033 195.794844002319
487000 67.2733254528043 64.9857652943189 63.8903275845717 196.149418331695
488000 67.3689084672686 65.155684346962 64.0879283400367 196.612521154267
489000 67.5058402911991 65.2557094248103 64.2019792235031 196.963528939512
490000 67.6217278460936 65.3374878495271 64.3048270371578 197.264042732778
491000 67.7459257409571 65.4567856252418 64.424951938729 197.627663304928
492000 67.8848331886373 65.592285209859 64.5290784266229 198.006196825119
493000 67.9655508998874 65.710945949107 64.6548731174943 198.331369966489
494000 68.1187605677117 65.8025151549409 64.7861348712515 198.707410593904
495000 68.2509834406872 65.9678205400519 64.8912624836364 199.110066464375
496000 68.3401495918527 66.1564554326109 65.0891304006901 199.585735425154
497000 68.5185387302755 66.2749184666493 65.1695555646484 199.963012761573
498000 68.6596722543324 66.4032737575474 65.2948999784594 200.357845990339
499000 68.7680062272061 66.5272467505805 65.3932978278973 200.688550805684
500000 68.9112674574872 66.6327033317206 65.5218977487128 201.065868537921
501000 69.0472315690636 66.7740757368933 65.6291084768022 201.450415782759
502000 69.2012470357239 66.8855398921261 65.785377829538 201.872164757388
503000 69.3861342374731 67.087997443786 65.9048876567758 202.379019338035
504000 69.5154321090132 67.1635931552571 66.0363810536341 202.715406317904
505000 69.6408401680498 67.3366044598915 66.190549906567 203.167994534508
506000 69.8263291275185 67.4788169662271 66.3719820417598 203.677128135505
507000 69.9108917596777 67.6349790322317 66.4713022089753 204.017173000885
508000 70.0378008351709 67.7244652825604 66.5693394996459 204.331605617377
509000 70.1391992477565 67.9146238568884 66.6943261107295 204.748149215374
510000 70.2893214485296 67.9826156514459 66.8830387859012 205.154975885877
511000 70.4537059601712 68.0905000662449 67.0131951452065 205.557401171623
512000 70.4960184009379 68.2443472988821 67.1433682193583 205.883733919178
513000 70.6446707051714 68.3670105641502 67.2533699791877 206.265051248509
514000 70.7705914745764 68.5348725156516 67.3909507572284 206.696414747456
515000 70.933274347148 68.6341976444806 67.5608058981176 207.128277889746
516000 71.0451357361442 68.7886710561654 67.7325398054834 207.566346597793
517000 71.2483142108218 68.8813792526594 67.8251387598881 207.954832223369
518000 71.382372149895 69.0348975568663 67.9682620065822 208.385531713344
519000 71.5483933588903 69.1387020283708 68.0274186174958 208.714514004757
520000 71.6142417556546 69.2260767455961 68.1234941321293 208.96381263338
521000 71.7641709866658 69.3788405593506 68.252542935328 209.395554481344
522000 71.922242652795 69.5184692084742 68.3908796145359 209.831591475805
523000 72.0910459662544 69.6699464744028 68.523227858833 210.28422029949
524000 72.1871631372866 69.7940159589073 68.6810324761253 210.662211572319
525000 72.2871589758316 69.8919892622588 68.7828776115174 210.962025849608
526000 72.4202946875463 70.0137227716424 68.9888363828224 211.422853842011
527000 72.5902589644768 70.0641769223818 69.0824823550769 211.736918241935
528000 72.747699940005 70.2149103839537 69.1916710131094 212.154281337068
529000 72.8889942806899 70.3215088969182 69.3126059904354 212.523109168044
530000 72.9855307403828 70.4152167582648 69.4353771480019 212.836124646649
531000 73.0924511391361 70.5609108247289 69.5247540538458 213.178116017711
532000 73.206545460285 70.6933535771242 69.6788924071671 213.578791444576
533000 73.3150520200479 70.8230643688355 69.7526744329586 213.890790821842
534000 73.5125604020572 71.0047824889774 69.9178382301269 214.435181121161
535000 73.6810969378845 71.0793239112571 70.1081818550917 214.868602704233
536000 73.7727714755365 71.2045460145355 70.2457924488592 215.223109938931
537000 73.8422853186122 71.3470953342087 70.3593919708547 215.548772623676
538000 74.0162935350371 71.5122136155873 70.5184571905176 216.046964341142
539000 74.1509782347011 71.6329405977191 70.6566498770706 216.440568709491
540000 74.2583678146057 71.7549094084219 70.751205007065 216.764482230093
541000 74.3836293232246 71.9269801895814 70.88009011322 217.190699626026
542000 74.5263082972079 72.0337486983378 71.0346257404018 217.594682735948
543000 74.6094125021797 72.1738274962366 71.175764342188 217.959004340604
544000 74.7190630386076 72.3590877555234 71.2473093091646 218.325460103296
545000 74.819512800235 72.510577572643 71.3712401271166 218.701330499995
546000 74.9662331138309 72.6265084976772 71.4261356966548 219.018877308163
547000 75.0985030894613 72.8149605944147 71.567572222371 219.481035906247
548000 75.2041258411133 72.8830506340541 71.6699986613477 219.757175136515
549000 75.3804463480036 73.0624660825292 71.7613532370099 220.204265667543
550000 75.5403779159135 73.1681703808872 71.9195426762832 220.628090973084
551000 75.6692891958541 73.3555480408081 72.0943418156416 221.119179052304
552000 75.7602943153802 73.4943331802727 72.1772956783371 221.43192317399
553000 75.9168335977189 73.633001698823 72.2793087071347 221.829144003677
554000 76.0656621591135 73.7378447943002 72.4545252304117 222.258032183825
555000 76.2500349404039 73.868518780293 72.5705497477904 222.689103468487
556000 76.3544258961369 74.027371705511 72.7343676204709 223.116165222119
557000 76.4712515840117 74.1528088888361 72.8034679121869 223.427528385035
558000 76.5725185129212 74.2402765503986 72.9765596082104 223.78935467153
559000 76.7140971055939 74.2875759182228 73.1281618727588 224.129834896575
560000 76.8179651510529 74.4457794860538 73.2418070871753 224.505551724282
561000 77.0239343971128 74.5314690886601 73.4120184790769 224.96742196485
562000 77.2097040563105 74.6463911385055 73.5617551863815 225.417850381197
563000 77.3831360545637 74.7691634890068 73.683089801836 225.835389345407
564000 77.4273941309899 74.9071793886615 73.8054523960403 226.140025915692
565000 77.6345210225934 75.0330807639403 73.9240184229428 226.591620209477
566000 77.7635556710461 75.1626160352253 74.0032782642546 226.929449970526
567000 77.9032234958519 75.3348765238937 74.0671263446202 227.305226364366
568000 78.0749805248529 75.4851529005738 74.2008468745015 227.760980299928
569000 78.147489930445 75.6743845959158 74.2852236483066 228.107098174667
570000 78.3044183371609 75.7977912175374 74.4285366673658 228.530746222064
571000 78.4362568008536 75.8715666453082 74.5776277612049 228.885451207367
572000 78.5431369727228 76.0588100248806 74.6698964106653 229.271843408269
573000 78.7217536138675 76.1145250267223 74.8193366837347 229.655615324325
574000 78.8489397475392 76.2788576263946 74.9092094801674 230.037006854101
575000 79.0026102826168 76.4315773157673 75.0555722995444 230.489759897929
576000 79.1154353626899 76.5463342063188 75.1301324480468 230.791902017055
577000 79.2364607818657 76.7491013306717 75.3489486244818 231.334510737019
578000 79.3706813632736 76.8658546838825 75.4862265238268 231.722762570983
579000 79.4820501829604 77.0107005437568 75.6382702372755 232.131020963993
580000 79.6022474747038 77.1539123177497 75.792704524314 232.548864316767
581000 79.7399483262205 77.3096326664273 75.9279695283981 232.977550521046
582000 79.8522612567825 77.4092696775046 76.060537201919 233.322068136206
583000 79.9637810045984 77.5442311083148 76.1691817380266 233.67719385094
584000 80.1382076620426 77.6679738377656 76.2844251596534 234.090606659462
585000 80.3276379381468 77.8376214719292 76.4380556490925 234.603315059168
586000 80.4067170210302 77.9313293963599 76.5339330684316 234.871979485822
587000 80.5908722735042 78.0055384287945 76.6686819206517 235.26509262295
588000 80.7344404158047 78.1621944897525 76.7847947797346 235.681429685292
589000 80.8607741717591 78.3525651354706 76.9274850964347 236.140824403664
590000 80.9411099946973 78.4820295853628 77.0164443199568 236.439583900017
591000 81.0693120070594 78.6241366454355 77.1042677657064 236.797716418201
592000 81.1196929913506 78.7871922158514 77.2620555084769 237.168940715679
593000 81.2897322399 78.879989453571 77.3786000639357 237.548321757407
594000 81.4183129223194 78.9988266235388 77.4471520325168 237.864291578375
595000 81.525746280555 79.0624554319706 77.6277769347934 238.215978647319
596000 81.5678737284968 79.2003561713331 77.7156216385166 238.483851538346
597000 81.6588028597181 79.3041169341548 77.8570176594246 238.819937453297
598000 81.8204487101144 79.5073861838893 77.9907868048903 239.318621698894
599000 81.900767733049 79.6238861701666 78.0834682140898 239.608122117305
600000 81.9615538508174 79.7616679245553 78.1648208944809 239.888042669854
601000 82.1826457670534 79.9382089983742 78.3880992711192 240.508954036547
602000 82.3001478021974 80.0753712956695 78.5494434657199 240.924962563587
603000 82.5403692640837 80.2305987298666 78.679299529725 241.450267523675
604000 82.6558850205632 80.3438526527025 78.8000267969131 241.799764470179
605000 82.7491753214358 80.463179307741 78.8728259270438 242.085180556221
606000 82.8731981535299 80.6015814869376 79.0425881148645 242.517367755332
607000 82.9689388663767 80.7113956391747 79.1029616746578 242.783296180209
608000 83.1011805103675 80.9354890704168 79.2518382664375 243.288507847222
609000 83.2022967861249 81.0595683360424 79.3430683376366 243.604933459804
610000 83.3526535966018 81.088621910777 79.4606533425891 243.901928849968
611000 83.4446273498543 81.231354733578 79.5872113600347 244.263193443467
612000 83.6406518937861 81.3542243421895 79.7319485928551 244.726824828831
613000 83.7125536319885 81.4673800163511 79.8704252744452 245.050358922785
614000 83.8548123684963 81.6357791743956 79.9855120834402 245.476103626332
615000 83.985540365305 81.7753016198318 80.055344716755 245.816186701892
616000 84.1240958905943 81.9200094645653 80.1777072705112 246.221812625671
617000 84.1976247811998 81.9610275747553 80.3128280099041 246.471480365859
618000 84.357673195099 82.0840438805009 80.4112383411563 246.852955416756
619000 84.5380312928273 82.225457370788 80.5900643358411 247.353552999456
620000 84.6071209069265 82.3769400214706 80.6716118822499 247.655672810647
621000 84.743459925703 82.5040619564216 80.8034153847432 248.050937266868
622000 84.8948508615693 82.6110417769199 80.9234855906419 248.429378229131
623000 84.9805102691166 82.7334267616321 81.0605610343682 248.774498065117
624000 85.163592522819 82.8845094367019 81.1610725967932 249.209174556314
625000 85.3134857766895 83.0081555579094 81.2936251757288 249.615266510328
626000 85.4116647806742 83.1078870254016 81.4563471479952 249.975898954071
627000 85.5774468926935 83.2427912924903 81.5496877929019 250.369925978086
628000 85.6978746143454 83.3154438333184 81.6804127714187 250.693731219082
629000 85.8660901956123 83.4214449437083 81.7793906316456 251.066925770966
630000 85.9668675504076 83.5708235909379 81.8691261614782 251.406817302824
631000 86.1234800367743 83.6940693989769 82.0223279565005 251.839877392252
632000 86.1952583437252 83.8283548343685 82.1848531566371 252.208466334731
633000 86.3325242892862 83.9440502746204 82.3445379260679 252.621112489975
634000 86.4015992897374 84.0916619377765 82.4904966432274 252.983757870741
635000 86.5668582495862 84.2493764462796 82.6170400038213 253.433274699687
636000 86.6695412628103 84.3282976970646 82.7801839489842 253.778022908859
637000 86.7901039452398 84.5088539625138 82.8510970928997 254.150055000653
638000 86.8980112971962 84.5669526688957 82.9918148464946 254.456778812586
639000 87.0698370150037 84.6840745995594 83.1477457128374 254.901657327401
640000 87.1778608026475 84.8275815179866 83.2941967681127 255.299639088747
641000 87.2714214448197 84.9630059345229 83.380340807808 255.614768187151
642000 87.438292731119 85.1194001994554 83.5079008857127 256.065593816287
643000 87.5856398269241 85.1781394487619 83.6522265726771 256.416005848363
644000 87.6888267328281 85.3034114950425 83.7350114532125 256.727249681083
645000 87.8666965170801 85.4622775394198 83.836405392031 257.165379448531
646000 87.9551784886569 85.5300317436584 84.0213308081855 257.506541040501
647000 88.1032964260048 85.6688344590398 84.1395979249101 257.911728809955
648000 88.2869943330591 85.795090453379 84.3214642593281 258.403549045766
649000 88.4094972595675 85.969998695295 84.4346638357307 258.814159790593
650000 88.5264708805707 86.0596358705036 84.5953960287868 259.181502779861
651000 88.6224492708672 86.2411977776181 84.7704071599603 259.634054208446
652000 88.7534560255488 86.3960478663962 84.8689872513904 260.018491143335
653000 88.8709924402771 86.4933636195467 85.0051906056741 260.369546665498
654000 89.0369464035151 86.5815282116189 85.1911680222851 260.809642637419
655000 89.1572871616447 86.6834333801096 85.2836366831044 261.124357224859
656000 89.3211198703436 86.870325513577 85.4019600172499 261.59340540117
657000 89.4994139973513 86.9594093729711 85.495477663927 261.95430103425
658000 89.5619243243669 87.0681048593479 85.7082810324106 262.338310216125
659000 89.7161582434436 87.2188545799847 85.8721957421773 262.807208565606
660000 89.8721927587899 87.3709270500528 86.0041853417405 263.247305150583
661000 90.0455880068881 87.4960084993846 86.0866370627362 263.628233569009
662000 90.2184451398645 87.6715268043757 86.1746576945721 264.064629638812
663000 90.451603435532 87.8200442792454 86.3339234872899 264.605571202067
664000 90.5720165479048 87.9496900984608 86.4361439869443 264.95785063331
665000 90.694138882043 88.0554756462716 86.4953519709058 265.24496649922
666000 90.7993546538604 88.2187873674496 86.6722735298983 265.690415551208
667000 90.9672751845859 88.3018640202255 86.7931048107511 266.062244015562
668000 91.0674723107816 88.4056026340733 86.9077397182988 266.380814663154
669000 91.2521972508813 88.5516238768186 87.0652680097635 266.869089137463
670000 91.3675256056514 88.7180877338724 87.1692708081243 267.254884147648
671000 91.4533723544135 88.8139096650654 87.2420889837008 267.50937100318
672000 91.5978705582949 88.9422631536245 87.3845593372221 267.924693049142
673000 91.7601979306351 89.0432212580233 87.5044608973837 268.307880086042
674000 91.8666454892169 89.1471835063476 87.678504109027 268.692333104591
675000 91.9894395049557 89.2995898063866 87.7518993666853 269.040928678028
676000 92.1131490474146 89.4363938700273 87.8497896888777 269.39933260632
677000 92.244718838358 89.5628700319751 88.0109348769875 269.818523747321
678000 92.3935866318663 89.721618197693 88.1160255318676 270.231230361427
679000 92.3974874713399 89.8274509836383 88.2398696278093 270.464808082787
680000 92.5612797967755 90.0030548970491 88.3710101247576 270.935344818582
681000 92.7105285076224 90.1766886614832 88.455816892426 271.343034061532
682000 92.8518051468212 90.3195855762096 88.5598934364067 271.731284159438
683000 92.9776781680994 90.3710067381138 88.7082942690647 272.056979175278
684000 93.1503009115878 90.4902447658976 88.8723102975636 272.512855975049
685000 93.2761905178457 90.5888490448904 88.9872264294693 272.852265992205
686000 93.3762865006826 90.6733952140037 89.129311927459 273.178993642145
687000 93.5338693020694 90.8676642306576 89.2431368004147 273.644670333142
688000 93.6479602848137 90.9512711399611 89.3761813196662 273.975412744441
689000 93.7556401830308 91.0726180067434 89.5474606208266 274.375718810601
690000 93.8986421767898 91.125817173745 89.6945786269551 274.71903797749
691000 93.9569427890592 91.2273213997702 89.7268007558962 274.911064944726
692000 94.1041869675686 91.3502086023032 89.8557928667376 275.31018843661
693000 94.2013253560867 91.4586291412315 89.8807304243226 275.540684921641
694000 94.3775417222278 91.6110879834512 90.0219340906175 276.010563796297
695000 94.4781071938402 91.7396536315324 90.158505919415 276.376266744788
696000 94.6028714852356 91.9003717389782 90.2562341716636 276.759477395877
697000 94.7070977528807 91.9868026660654 90.4129350374666 277.106835456413
698000 94.8149814456454 92.1325119973168 90.5168261037176 277.46431954668
699000 94.9435210167072 92.2505918643893 90.6045189735104 277.798631854607
700000 95.0312677619155 92.4094671128037 90.7475859635296 278.188320838249
701000 95.1370971673976 92.5832195646665 90.7821075362744 278.502424268338
702000 95.2623297925435 92.6782842259473 90.9124215953557 278.853035613846
703000 95.4393479244542 92.8324387264817 91.0657587956683 279.337545446604
704000 95.5228722109637 92.9372361448931 91.240582373793 279.70069072965
705000 95.7121477956229 93.1104014484367 91.342034486674 280.164583730734
706000 95.8336177531289 93.3348053043195 91.4558288946515 280.6242519521
707000 95.9926073077419 93.4161352967914 91.6270062795607 281.035748884094
708000 96.1811093309317 93.557048201439 91.7198342461592 281.45799177853
709000 96.3219357334578 93.6206566853291 91.8305017628376 281.773094181625
710000 96.4542117572721 93.7785588877021 91.9377313644734 282.170502009448
711000 96.5522628194787 93.9357897071805 92.0870596672929 282.575112193952
712000 96.6531630846563 94.0195408706539 92.1617534456117 282.834457400922
713000 96.6982453610079 94.1711943697363 92.2686726298516 283.138112360596
714000 96.8692312012339 94.2592908032914 92.3819824795837 283.510504484109
715000 97.0091198287838 94.3635524642784 92.5201216267737 283.892793919836
716000 97.0901476504835 94.460756834028 92.6305635349088 284.18146801942
717000 97.2825188527268 94.6838492030627 92.7682532659332 284.734621321723
718000 97.4357879903412 94.7809085757625 92.9303198170763 285.14701638318
719000 97.6144040906314 94.9582058128898 93.0289312652336 285.601541168755
720000 97.7529215709754 94.9937966079449 93.1242479335489 285.870966112469
721000 97.8471063110309 95.1716287505903 93.2529033397566 286.271638401378
722000 97.9595102446827 95.2292236552266 93.3787738362082 286.567507736118
723000 98.1356826737603 95.3198327669362 93.5535938440209 287.009109284717
724000 98.19466391627 95.4816634795298 93.7029538906878 287.379281286488
725000 98.3284385671653 95.6511067750342 93.8008391649118 287.780384507111
726000 98.4470242345141 95.7449377663001 93.9259748634643 288.117936864279
727000 98.6168698807825 95.8555389901997 94.047745718281 288.520154589263
728000 98.6789985379529 95.9627713756838 94.2076401107433 288.84941002438
729000 98.7577188089923 96.1214226637972 94.2876388842668 289.166780357056
730000 98.9516849689212 96.1831308078561 94.4459477861904 289.580763562968
731000 99.1185381482207 96.3512282420485 94.5352701945693 290.005036584838
732000 99.2312571566519 96.5016207142394 94.7141020180187 290.44697988891
733000 99.3321245220498 96.6193665368569 94.8454881261741 290.796979185081
734000 99.3975140779055 96.7438036566915 95.004756263894 291.146073998491
735000 99.5220844319533 96.849261816944 95.1359231547213 291.507269403619
736000 99.6346539056517 96.9587723750177 95.227151551428 291.820577832097
737000 99.7833811580062 97.1375745425276 95.3857076208491 292.306663321383
738000 99.910089269461 97.3007866555993 95.395726769376 292.606602694436
739000 100.016919300881 97.4163610217715 95.62331345951 293.056593782162
740000 100.160445774423 97.5163026472179 95.7241041004998 293.400852522141
741000 100.309947907982 97.6184220616215 95.8296984318524 293.758068401456
742000 100.412702354608 97.7716830496504 95.946367712927 294.130753117186
743000 100.513612027611 97.9060460832329 96.1374479656321 294.557106076475
744000 100.665661907527 98.0491063714165 96.220642539796 294.93541081874
745000 100.827944429912 98.1588094678741 96.4325889055649 295.419342803351
746000 100.954018798062 98.1994191978254 96.5465194032943 295.699957399182
747000 101.083043237656 98.3889848395748 96.7300013481404 296.202029425371
748000 101.240044627444 98.568940245222 96.8520676016409 296.661052474306
749000 101.365772252628 98.6294802274922 96.9593752716711 296.954627751791
750000 101.542439179781 98.7879865284504 97.0869003009833 297.417326009214
751000 101.650210014976 98.8644676060778 97.2145925526883 297.729270173742
752000 101.808957005287 99.008288818274 97.3527085030687 298.16995432663
753000 101.936369741997 99.1436505315859 97.5289600851975 298.60898035878
754000 102.088646093789 99.3634517668501 97.6632775274893 299.115375388128
755000 102.178030916001 99.4604441662015 97.7618303513021 299.400305433505
756000 102.324949012366 99.6236458986609 97.8541210252429 299.80271593627
757000 102.458253581736 99.7529535748506 97.9598214647278 300.171028621314
758000 102.56337438538 99.8628146716471 98.0923023585879 300.518491415615
759000 102.660345053532 100.064608345061 98.2735978161801 300.998551214773
760000 102.819028026927 100.146043088882 98.4071908685288 301.372261984338
761000 102.984491283683 100.276253362367 98.4602853685592 301.721030014609
762000 103.102484163557 100.483550728108 98.5953497923853 302.18138468405
763000 103.249398708317 100.581060278736 98.7487653327658 302.579224319818
764000 103.381792181653 100.673872255609 98.8219023662069 302.877566803469
765000 103.584547946065 100.797015532501 98.8698192277574 303.251382706324
766000 103.66493059795 100.918147333073 99.0279839952794 303.611061926302
767000 103.868885581277 101.041857012966 99.2001693470107 304.110911941254
768000 103.956761947955 101.119349209044 99.2499731358929 304.326084292892
769000 104.091991061803 101.32029928719 99.4124761320318 304.824766481024
770000 104.2296869042 101.411818483769 99.494452819915 305.135958207884
771000 104.365662843925 101.554212039611 99.6590091146269 305.578883998163
772000 104.486764152495 101.6507060121 99.780632451721 305.918102616316
773000 104.652344433583 101.71484143363 99.9138802381098 306.281066105324
774000 104.769241701137 101.940071920019 100.078187554069 306.787501175225
775000 104.91741325729 102.054987701502 100.12375309572 307.096154054512
776000 105.004420406829 102.204612364275 100.27517077224 307.484203543344
777000 105.130369536053 102.362504822326 100.425742468126 307.918616826506
778000 105.236826149339 102.488978897314 100.524624628429 308.250429675083
779000 105.336162770822 102.627386640398 100.710795007376 308.674344418596
780000 105.43752589773 102.752569952182 100.811853268191 309.001949118103
781000 105.568626146499 102.865835138804 100.959319991034 309.393781276337
782000 105.721580272799 103.025113058812 101.123014251574 309.869707583185
783000 105.920561431414 103.175912646429 101.213488915583 310.309962993426
784000 106.104592111108 103.320375290572 101.255094930256 310.680062331936
785000 106.199174634108 103.389914693457 101.415289256585 311.00437858415
786000 106.306791151371 103.640283623163 101.534023033457 311.481097807991
787000 106.478730385086 103.7184479501 101.650354763496 311.847533098683
788000 106.605074551875 103.852224060397 101.790077867783 312.247376480055
789000 106.70802216426 103.981945021699 101.895446542788 312.585413728747
790000 106.861458403784 104.102259708769 102.058695460951 313.022413573505
791000 107.053243180622 104.181307470344 102.201364494751 313.435915145717
792000 107.20783935578 104.272045185847 102.301452484035 313.781337025662
793000 107.338751570479 104.367446124356 102.432862212197 314.139059907032
794000 107.459002554428 104.552721488838 102.602702113848 314.614426157115
795000 107.526637531309 104.593905646277 102.666777768403 314.787320945989
796000 107.713082504757 104.745371741858 102.690522189254 315.148976435869
797000 107.789511082038 104.935494908549 102.899350680895 315.624356671483
798000 107.883493301415 105.070197239724 103.009721519888 315.963412061028
799000 108.026389370722 105.124201530478 103.159791417631 316.310382318831
800000 108.136738120331 105.342055190101 103.259395184294 316.738188494727
801000 108.348920834191 105.515956087255 103.381515112653 317.246392034098
802000 108.548869201749 105.600525986606 103.533716224593 317.683111412948
803000 108.680807859717 105.669174776684 103.661913696881 318.011896333282
804000 108.841095237088 105.799585096077 103.806952251764 318.447632584929
805000 108.96504333006 105.965563586934 103.901475199758 318.832082116752
806000 109.144709987306 106.104909003804 104.029862724996 319.279481716106
807000 109.198850681184 106.202141984477 104.19161316757 319.592605833232
808000 109.35058375547 106.304090848587 104.340556199785 319.995230803842
809000 109.456936133183 106.448827498409 104.39582403758 320.301587669172
810000 109.576155063833 106.682024934583 104.594911835638 320.853091834054
811000 109.633479804271 106.778043252237 104.754884847465 321.166407903973
812000 109.774819264341 106.893035181402 104.899426209969 321.567280655713
813000 109.905037386966 106.941292113365 105.030994853089 321.877324353419
814000 109.995981163987 107.127903716208 105.089872868955 322.213757749151
815000 110.157984647621 107.268586941773 105.202518319555 322.629089908949
816000 110.295171475911 107.387852302589 105.304972709067 322.987996487567
817000 110.452744190056 107.434476205314 105.472569678709 323.359790074078
818000 110.561643248041 107.604778830918 105.530599820888 323.697021899847
819000 110.630865373189 107.8342220136 105.681481233975 324.146568620763
820000 110.808393285756 107.949592994983 105.833423775029 324.591410055767
821000 110.996475173051 108.033224542708 106.011244146686 325.040943862445
822000 111.191723849552 108.232723008095 106.050055101784 325.474501959431
823000 111.290829503003 108.302663802507 106.134694722085 325.728188027596
824000 111.336427184514 108.417835774653 106.213445018025 325.967707977192
825000 111.502103464211 108.523801622689 106.342635508318 326.368540595218
826000 111.58930578283 108.638326334431 106.452409396989 326.68004151425
827000 111.788736687308 108.799112578709 106.503771766245 327.091621032263
828000 111.895461463133 108.909421560285 106.694890438076 327.499773461494
829000 111.977768861332 109.060160672969 106.790367616873 327.828297151175
830000 112.103948286701 109.188888755784 106.920005751733 328.212842794217
831000 112.27633470217 109.295068824724 107.032117733068 328.603521259962
832000 112.38540515946 109.446418794254 107.172383034566 329.00420698828
833000 112.538214313184 109.545294816296 107.29491106428 329.37842019376
834000 112.632042392254 109.657184339154 107.423233518214 329.712460249622
835000 112.786719347609 109.777745946305 107.550384667612 330.114849961526
836000 112.870226955308 109.840074806454 107.613589031244 330.323890793006
837000 113.031240305239 109.941817477073 107.710877158841 330.683934941153
838000 113.15329092193 110.072821665036 107.865473076308 331.091585663274
839000 113.209334943431 110.22282952497 107.947898599593 331.380063067994
840000 113.369865806587 110.379717568018 108.000639362814 331.750222737418
841000 113.437767406117 110.528047001686 108.170109437874 332.135923845677
842000 113.510397400253 110.673759737432 108.242490325327 332.426647463012
843000 113.636396155194 110.784768286652 108.332835413696 332.753999855542
844000 113.762740088887 110.931205855083 108.447954958997 333.141900902967
845000 113.910508948928 111.036238427303 108.646425749762 333.593173125993
846000 114.020816957995 111.177378359743 108.681874564474 333.880069882212
847000 114.108577958688 111.314166387647 108.868846101329 334.291590447664
848000 114.255463271651 111.375592461349 108.91887514348 334.54993087648
849000 114.336442192953 111.489101546285 109.023577662593 334.84912140183
850000 114.494002996188 111.653150647702 109.125502847091 335.272656490981
851000 114.601703543475 111.778728674268 109.275812880721 335.656245098464
852000 114.735766299592 111.904823516435 109.427244363575 336.067834179602
853000 114.838561940843 112.040763410342 109.480028385105 336.35935373629
854000 114.901290438996 112.124926360692 109.575346458991 336.601563258679
855000 115.123357298051 112.225771370171 109.650578742082 336.999707410304
856000 115.236872861034 112.388486691693 109.815033346782 337.440392899509
857000 115.384195796038 112.490644345455 109.90710130096 337.781941442454
858000 115.489461106953 112.624451387021 109.992239340735 338.106151834708
859000 115.660841758395 112.714161271229 110.143694169992 338.518697199616
860000 115.710492584313 112.859921498756 110.225129367562 338.795543450632
861000 115.86026403611 113.031647888725 110.337182254038 339.229094178874
862000 116.002592740428 113.142721953504 110.478588361619 339.623903055551
863000 116.097805957399 113.284940025123 110.595560648442 339.978306630964
864000 116.238796535828 113.391982767961 110.697528411437 340.328307715226
865000 116.266318306097 113.552069359899 110.85612961205 340.674517278046
866000 116.427726167937 113.709854042727 111.015836523347 341.15341673401
867000 116.58414683038 113.773363314321 111.108349821736 341.465859966438
868000 116.627518099401 113.871830090316 111.249831231001 341.749179420719
869000 116.749985877588 113.990462218913 111.334948502114 342.075396598615
870000 116.897877516561 114.11991956679 111.50417601764 342.521973100991
871000 117.010186099032 114.27096946899 111.608373639906 342.889529207928
872000 117.190101054319 114.373605290603 111.78245520481 343.346161549732
873000 117.293937714018 114.548337903012 111.86945104916 343.711726666189
874000 117.429428650537 114.622393963992 112.064578873377 344.116401487907
875000 117.575108067123 114.750406693925 112.158690138845 344.484204899893
876000 117.666703875713 114.88415204968 112.293678284757 344.84453421015
877000 117.835548977364 114.974550959862 112.357634480029 345.167734417255
878000 117.97366005834 115.111475195101 112.447993613592 345.533128867033
879000 118.078322611983 115.228059180337 112.546744062052 345.853125854371
880000 118.236718627698 115.382169298611 112.665802172169 346.284690098477
881000 118.370864783678 115.402299371293 112.779602470425 346.552766625395
882000 118.485918275152 115.561039284498 112.912060213105 346.959017772755
883000 118.597841065078 115.634410415862 113.049155702455 347.281407183394
884000 118.777228062465 115.80109004086 113.127156641631 347.705474744955
885000 118.785762163749 115.900701829539 113.31965675425 348.006120747537
886000 118.932435180332 116.033776785727 113.370670386044 348.336882352103
887000 119.116326960445 116.182309144452 113.465405070279 348.764041175176
888000 119.270392785157 116.327229166899 113.57205403618 349.169675988237
889000 119.374706571287 116.425643071416 113.67643100733 349.476780650034
890000 119.497320116544 116.581497169832 113.819849328452 349.898666614828
891000 119.60639508243 116.691129291593 113.984220927437 350.28174530146
892000 119.688477343389 116.874767628125 114.066683323682 350.629928295195
893000 119.835654689186 117.008719430043 114.171961326479 351.016335445708
894000 119.879070021951 117.12378592045 114.288732562004 351.291588504405
895000 120.044449376942 117.237717241073 114.455823142085 351.7379897601
896000 120.136872334384 117.391582163702 114.611459516116 352.139914014203
897000 120.280029562784 117.504806416486 114.715435852926 352.500271832195
898000 120.364792709325 117.638235984405 114.828437962526 352.831466656255
899000 120.510941496686 117.770794231487 114.905996925157 353.18773265333
900000 120.58192990929 117.884436285094 115.051810513327 353.518176707711
901000 120.733508140268 118.015947101994 115.158417217109 353.907872459371
902000 120.815015568462 118.171435840118 115.274089262433 354.260540671014
903000 121.012980840611 118.26497559836 115.446826305347 354.724782744317
904000 121.137201612319 118.436166896351 115.511616583461 355.084985092131
905000 121.282277073917 118.543135999431 115.61283370251 355.438246775858
906000 121.393876303695 118.649126711243 115.75111546996 355.794118484897
907000 121.522991028175 118.761125393144 115.865412980389 356.149529401709
908000 121.712281102005 118.916892077103 116.017767571828 356.646940750937
909000 121.879248630641 118.980683577321 116.123489252284 356.983421460246
910000 121.928391015543 119.09953975347 116.239095006253 357.267025775266
911000 122.073142964981 119.237232621675 116.344775448273 357.655151034928
912000 122.167375656291 119.340813250733 116.489391202418 357.997580109442
913000 122.193334257356 119.513310098878 116.60322034383 358.309864700063
914000 122.442046959576 119.623749614643 116.698575529413 358.764372103632
915000 122.518449077306 119.799974015914 116.819355627025 359.137778720245
916000 122.625133684656 119.889992641155 116.939780138722 359.454906464533
917000 122.840542792422 120.097698764464 117.084028749767 360.022270306653
918000 122.931047252942 120.2442347956 117.169890673036 360.345172721578
919000 123.056549022787 120.311779490247 117.299136909975 360.667465423009
920000 123.244966681924 120.453808826 117.347226730885 361.046002238809
921000 123.357470956845 120.609147408113 117.504319606769 361.470937971727
922000 123.442163689759 120.757429470938 117.634367137395 361.833960298092
923000 123.569051519556 120.879837753136 117.753012604213 362.201901876905
924000 123.678580965538 121.035003487235 117.905785142676 362.619369595448
925000 123.831957083825 121.18543452636 118.017143994474 363.034535604659
926000 124.015271662073 121.347813105562 118.140877510149 363.503962277783
927000 124.154376041105 121.434194150207 118.268790265508 363.85736045682
928000 124.269340240054 121.567799892323 118.41794234674 364.255082479118
929000 124.34609971042 121.671492951443 118.488761123906 364.506353785769
930000 124.538909644001 121.751349262287 118.6278049173 364.918063823588
931000 124.581832702011 121.860853548685 118.738136997825 365.180823248521
932000 124.736862149161 121.937285202626 118.8004183839 365.474565735686
933000 124.870552440609 122.048231169423 118.907440533309 365.82622414334
934000 125.044004207223 122.133132339575 119.020799141576 366.197935688375
935000 125.156055136496 122.314934222396 119.131184518131 366.602173877023
936000 125.308556913809 122.430683030161 119.354171723036 367.093411667006
937000 125.477055697969 122.497594128136 119.483236344351 367.457886170455
938000 125.585947620954 122.600035607198 119.572264474648 367.7582477028
939000 125.725161211872 122.754311236653 119.703179485497 368.182651934022
940000 125.888415139755 122.907619427161 119.866486614364 368.66252118128
941000 126.027217789565 123.042923760991 120.029060292344 369.0992018429
942000 126.171507731015 123.128480129707 120.113803024489 369.413790885211
943000 126.315128438381 123.181181720258 120.248778351299 369.745088509938
944000 126.468606893977 123.368543185453 120.342950977986 370.180101057415
945000 126.620267557875 123.477937607342 120.47675993529 370.574965100508
946000 126.629204980055 123.595059951057 120.579238182819 370.803503113931
947000 126.794872883506 123.740266336437 120.706508142943 371.241647362885
948000 126.964263100411 123.845241770253 120.900849306045 371.710354176709
949000 127.072643669174 123.996401342412 120.983406302094 372.05245131368
950000 127.202750787187 124.117685426095 121.115009396982 372.435445610264
951000 127.369821626231 124.327500515366 121.215001086913 372.91232322851
952000 127.527774535699 124.351502750476 121.336795724487 373.216073010662
953000 127.680467228132 124.449020309751 121.505584392331 373.635071930214
954000 127.824220394648 124.602719755998 121.553158156156 373.980098306802
955000 127.899926062376 124.803884343843 121.704006052291 374.407816458511
956000 128.085339570988 124.784009457367 121.843198767171 374.712547795526
957000 128.197074405815 124.959505118995 122.067102939786 375.223682464596
958000 128.288512104821 125.024139954574 122.179789020137 375.492441079533
959000 128.439593559154 125.110561210747 122.288250073245 375.838404843146
960000 128.401527875461 125.2682632274 122.364142406162 376.033933509022
961000 128.652751134762 125.338632566016 122.504030875732 376.49541457651
962000 128.82190969161 125.473175914233 122.64073978937 376.935825395213
963000 128.896666818942 125.619689761978 122.741167779161 377.257524360082
964000 128.987350918155 125.768676023357 122.910840190619 377.666867132131
965000 129.105322719519 125.837670772912 123.002697314868 377.9456908073
966000 129.238132827305 125.959873173921 123.111958014505 378.30996401573
967000 129.291923699082 126.163114688168 123.219015261885 378.674053649135
968000 129.411068035932 126.202152569335 123.318164150945 378.931384756212
969000 129.687458583539 126.287296085945 123.3819553357 379.356710005183
970000 129.760466392088 126.381734631859 123.522650274994 379.664851298941
971000 129.96041345823 126.594037333019 123.578967430361 380.13341822161
972000 130.06328063125 126.73692003763 123.739251933828 380.539452602708
973000 130.294340802589 126.868084923111 123.885588157958 381.048013883658
974000 130.399435172117 126.976009424652 124.010004695027 381.385449291796
975000 130.542354215411 127.089665322284 124.163247728392 381.795267266086
976000 130.715232327112 127.222960239813 124.283788277134 382.221980844059
977000 130.853355035704 127.32243920692 124.37388706742 382.549681310043
978000 130.962638261914 127.390382913548 124.486756004229 382.839777179691
979000 131.097063469094 127.547787502394 124.551813199313 383.196664170801
980000 131.313233627179 127.685050200407 124.62734682805 383.625630655636
981000 131.408582776479 127.848739894015 124.851178016634 384.108500687128
982000 131.486028181056 127.947782105445 124.916754798453 384.350565084954
983000 131.664978651447 127.998972321928 124.994612124686 384.658563098061
984000 131.730997528528 128.158400852316 125.102167338149 384.991565718993
985000 131.89590408029 128.339719060112 125.241219119574 385.476842259976
986000 131.985127799848 128.489706628406 125.371506562003 385.846340990257
987000 132.062182127276 128.590271926093 125.486600442712 386.13905449608
988000 132.119891518137 128.618267930457 125.702041066326 386.44020051492
989000 132.234531205383 128.712794949183 125.782161829926 386.729487984492
990000 132.352045891356 128.931778449043 125.918517937161 387.20234227756
991000 132.518288357803 129.027941322754 126.0396064762 387.585836156757
992000 132.6800731808 129.095962697127 126.163347406679 387.939383284606
993000 132.835715240338 129.303000865991 126.264279007667 388.402995113996
994000 132.92631659268 129.423535507476 126.472011069533 388.821863169689
995000 133.055620154729 129.477657630518 126.558001456973 389.091279242219
996000 133.183325276743 129.59004469022 126.683832742134 389.457202709096
997000 133.30871480006 129.699137175019 126.807088483019 389.814940458098
998000 133.42388230028 129.816220631802 126.970131190196 390.210234122278
999000 133.601847266201 129.990847148418 127.102938859708 390.695633274327
1000000 133.720546091683 130.091315681311 127.268533658772 391.080395431765
1001000 133.941208995363 130.158565292928 127.341174266578 391.44094855487
1002000 134.043506683142 130.336385483722 127.423666068387 391.803558235251
1003000 134.099117399562 130.462605083551 127.560151185254 392.121873668367
1004000 134.208957941552 130.554062443735 127.693538583376 392.456558968664
1005000 134.338759066529 130.646020893844 127.799693260336 392.784473220709
1006000 134.444557894323 130.815441905593 127.960294258502 393.220294058418
1007000 134.548879679441 130.841708355747 128.036304241291 393.426892276478
1008000 134.675152268465 131.032113832934 128.120863428962 393.828129530361
1009000 134.784734625296 131.080074961702 128.1685561984 394.033365785397
1010000 134.960633129336 131.231854902807 128.363529684433 394.556017716576
1011000 135.148812145442 131.355263367018 128.444075176109 394.948150688568
1012000 135.260164154294 131.456373167751 128.510762038727 395.227299360773
1013000 135.400516345794 131.611276026825 128.668831739158 395.680624111777
1014000 135.539528893184 131.645798966068 128.792978145901 395.978306005154
1015000 135.639349384072 131.841347570386 128.934343940087 396.415040894546
1016000 135.805166922633 131.99263040696 129.044185880166 396.841983209759
1017000 135.906661710041 132.168934847807 129.149650432882 397.225246990729
1018000 136.026634791197 132.225421588192 129.298340413261 397.55039679265
1019000 136.154672164745 132.367864273495 129.352910826067 397.875447264307
1020000 136.307910999589 132.495362946432 129.492709269062 398.295983215083
1021000 136.477377225266 132.557803501495 129.628191662997 398.663372389758
1022000 136.594234512303 132.705253356418 129.772466570563 399.071954439284
1023000 136.79038381179 132.857276076683 129.932015009875 399.579674898347
1024000 136.905052620096 132.967312270193 130.075805637731 399.94817052802
1025000 137.063430682081 133.14127835679 130.159460142769 400.36416918164
1026000 137.146718885121 133.161003971466 130.295346687861 400.603069544448
1027000 137.261401514691 133.298959522435 130.436859268199 400.997220305325
1028000 137.395382955008 133.401777712479 130.544603103416 401.341763770903
1029000 137.506975313239 133.507754534337 130.642759810551 401.657489658128
1030000 137.6724808952 133.65420939952 130.710810136791 402.037500431511
1031000 137.809093971043 133.837200153661 130.86501305447 402.511307179174
1032000 137.957358787591 134.008604188958 131.023793606791 402.98975658334
1033000 138.137878008873 134.091402592501 131.127062264813 403.356342866188
1034000 138.255890271655 134.144539220658 131.199465466895 403.599894959208
1035000 138.310770155676 134.230442000833 131.288346475823 403.829558632332
1036000 138.399717824884 134.347387798561 131.418629842219 404.165735465663
1037000 138.596738552969 134.49214706714 131.550156481624 404.639042101733
1038000 138.671732886652 134.674212938053 131.708165258978 405.054111083683
1039000 138.872903980646 134.69215153013 131.849799465708 405.414854976485
1040000 139.035270595972 134.823276272682 131.96452554379 405.823072412444
1041000 139.100109654221 134.889144591076 131.954536677001 405.943790922299
1042000 139.239924362686 135.049928093933 132.096313135819 406.386165592438
1043000 139.369793883991 135.223979272749 132.252728861492 406.846502018232
1044000 139.469683759497 135.300466897504 132.380167705188 407.150318362188
1045000 139.627389650617 135.438854057576 132.488263456707 407.5545071649
1046000 139.715889177833 135.561544661574 132.561615585857 407.839049425265
1047000 139.859831356596 135.740163452245 132.66208013275 408.262074941591
1048000 139.916734522889 135.799729870156 132.682948047014 408.399412440058
1049000 140.04483782274 135.919653750621 132.861527585788 408.826019159148
1050000 140.162747720041 136.111954050121 132.985169757127 409.259871527289
1051000 140.273669564649 136.223809822945 133.134600845891 409.632080233485
1052000 140.340701397476 136.374582863356 133.319282773849 410.034567034682
1053000 140.455508448592 136.486104504256 133.448267876286 410.389880829134
1054000 140.574125613074 136.66681907485 133.529225047668 410.770169735591
1055000 140.677694037516 136.781980458634 133.56934626353 411.02902075968
1056000 140.833952735281 136.96848120683 133.718875743517 411.521309685628
1057000 140.947149634171 137.115098350198 133.862719123493 411.924967107862
1058000 141.05517010085 137.217376506763 134.022768523474 412.295315131086
1059000 141.228838216403 137.335096182591 134.123947869859 412.687882268852
1060000 141.328730272437 137.530399045568 134.188029043112 413.047158361117
1061000 141.47182977171 137.62620343112 134.323946309308 413.421979512138
1062000 141.538159600929 137.707377991959 134.344821118477 413.590358711365
1063000 141.637656429183 137.764947403532 134.469754952055 413.872358784771
1064000 141.673676101202 137.973438827393 134.585524722552 414.232639651147
1065000 141.859381814096 138.061173576957 134.726488766692 414.647044157745
1066000 141.983484110003 138.208337915806 134.871266431974 415.063088457784
1067000 142.056408280221 138.364513272112 134.987290498339 415.408212050671
1068000 142.179893365257 138.454914579867 135.115836456085 415.750644401209
1069000 142.348419308856 138.649917591427 135.243858978797 416.242195879079
1070000 142.454699980416 138.818659193343 135.317723150125 416.591082323884
1071000 142.618759478577 138.986038014181 135.457005966423 417.061803459181
1072000 142.79593214558 139.092773453237 135.65582208599 417.544527684807
1073000 142.917666661083 139.250887130541 135.76172997431 417.930283765933
1074000 143.091543940413 139.466120052825 135.872291097599 418.429955090838
1075000 143.172407143048 139.615374925734 136.081720285382 418.869502354163
1076000 143.219188357729 139.703658095589 136.216036071413 419.138882524731
1077000 143.364741534895 139.796104367831 136.409641782755 419.570487685481
1078000 143.51234151879 139.830340837956 136.508674555524 419.85135691227
1079000 143.627193311236 139.968394181758 136.613878328184 420.209465821177
1080000 143.678150963903 140.113926231402 136.719135261489 420.511212456795
1081000 143.844637448774 140.201058511208 136.851624365343 420.897320325325
1082000 143.945679589785 140.309844343951 136.951411968387 421.206935902122
1083000 144.059692710103 140.479928292293 137.054675339013 421.594296341408
1084000 144.183131567564 140.631398897262 137.236936321011 422.051466785837
1085000 144.328698444049 140.755524445228 137.341709576404 422.425932465682
1086000 144.439013368269 140.88272759956 137.448833208966 422.770574176795
1087000 144.519084027126 141.042398193489 137.594420188354 423.155902408969
1088000 144.658468078559 141.172902264526 137.711879517663 423.543249860749
1089000 144.740114037867 141.292951221795 137.799255589415 423.832320849077
1090000 144.904029581368 141.391162235115 137.909528322762 424.204720139246
1091000 145.052854097018 141.518377947125 137.993386075136 424.564618119278
1092000 145.190390053568 141.564057844574 138.075194854812 424.829642752954
1093000 145.330185576587 141.717450266451 138.25059037586 425.298226218898
1094000 145.474082984157 141.818899902575 138.418836724227 425.711819610959
1095000 145.58804054778 142.001921864084 138.523334200351 426.113296612215
1096000 145.718449450736 142.133983138122 138.64733306537 426.499765654228
1097000 145.839766282693 142.249717257959 138.783376199224 426.872859739876
1098000 145.949441395286 142.38827014213 138.848579691527 427.186291228943
1099000 146.08281902906 142.402757208611 138.993301675829 427.4788779135
1100000 146.232965991965 142.587967495391 139.167018490525 427.987951977881
1101000 146.346434394683 142.736004463044 139.361912286254 428.44435114398
1102000 146.421920737154 142.863052689674 139.394615828124 428.679589254952
1103000 146.634873308765 142.970339207273 139.517859220439 429.123071736477
1104000 146.728975798878 143.041472313924 139.710735639859 429.481183752662
1105000 146.91420595172 143.228129956689 139.827528831733 429.969864740142
1106000 147.034670125569 143.331131717169 139.990638738063 430.3564405808
1107000 147.12278839718 143.440225976255 140.043442064658 430.606456438093
1108000 147.137076678241 143.625472675424 140.086681647269 430.849231000933
1109000 147.364968862353 143.744443803263 140.253476501726 431.362889167342
1110000 147.519459219621 143.858498433639 140.371325774565 431.749283427825
1111000 147.699499583953 143.977111412945 140.562562675373 432.239173672271
1112000 147.797806860639 144.173920395912 140.695204093004 432.666931349555
1113000 147.907853131512 144.31945661355 140.829636254171 433.056945999234
1114000 148.072729850174 144.47113296916 140.93241170583 433.476274525165
1115000 148.102043435057 144.489863362899 141.023050833524 433.614957631479
1116000 148.358009703257 144.638772055349 141.225765452587 434.222547211194
1117000 148.415785499431 144.795065830241 141.321061454699 434.531912784371
1118000 148.598687874547 144.957346549613 141.444325777213 435.000360201372
1119000 148.670517627101 145.121522590743 141.624706720774 435.416746938618
1120000 148.825788007628 145.268441758865 141.755202022613 435.849431789107
1121000 148.917424964723 145.336476868514 141.830254618841 436.084156452078
1122000 149.058339472349 145.411907659737 141.98115052142 436.451397653507
1123000 149.185225453719 145.567367930137 142.072909175924 436.82550255978
1124000 149.384998842989 145.666198045954 142.19941991771 437.250616806653
1125000 149.590168362167 145.847965005768 142.390882723816 437.829016091751
1126000 149.55902040946 145.937910857972 142.43063696333 437.927568230762
1127000 149.726113865214 146.089415259152 142.613595482637 438.429124607003
1128000 149.752466633791 146.147693144873 142.713547174652 438.613706953315
1129000 149.979863721841 146.351253378824 142.838501569707 439.169618670373
1130000 150.042080350035 146.379956078926 142.967125067451 439.389161496411
1131000 150.124366585157 146.54762651828 143.013748797672 439.685741901109
1132000 150.239331719395 146.664585759523 143.185302818709 440.089220297627
1133000 150.384987218887 146.764971346058 143.368592775194 440.518551340139
1134000 150.506092248937 146.885390008901 143.562384186265 440.953866444103
1135000 150.594976751944 147.00651923055 143.637685440861 441.239181423355
1136000 150.722060662682 147.176694619191 143.846341962732 441.745097244605
1137000 150.939160873069 147.343905067798 143.978831504137 442.261897445005
1138000 151.012665585411 147.466550425348 144.029109100251 442.50832511101
1139000 151.134118258695 147.640803169074 144.180741663561 442.95566309133
1140000 151.313455185268 147.803108603462 144.334233082254 443.450796870984
1141000 151.380238892431 147.89701622833 144.500339796422 443.777594917183
1142000 151.548756805638 148.103350279493 144.622512020036 444.274619105168
1143000 151.701714192352 148.193123091916 144.727100362276 444.621937646544
1144000 151.764893089982 148.364667025969 144.786108951722 444.915669067673
1145000 151.955547608628 148.43193676243 144.871396495962 445.25888086702
1146000 151.979077644145 148.547030560883 145.056829981919 445.582938186947
1147000 152.099991370394 148.617199259267 145.118145426352 445.835336056013
1148000 152.225103286746 148.723886907221 145.218913020566 446.167903214533
1149000 152.353020821227 148.868259171611 145.285171747275 446.506451740112
1150000 152.55107184486 149.009453850993 145.414889890278 446.97541558613
1151000 152.679922005418 149.14194850277 145.534679031819 447.356549540006
1152000 152.822085054222 149.334053523567 145.573538512959 447.729677090748
1153000 152.925644010485 149.471867195925 145.703689309388 448.101200515798
1154000 153.101634783475 149.635909317504 145.811262376255 448.548806477234
1155000 153.174723814266 149.704215419339 145.904278730754 448.783217964359
1156000 153.323394000915 149.781960190602 146.089716828164 449.195071019681
1157000 153.418313299557 149.894815070209 146.17105532382 449.484183693586
1158000 153.589763943731 150.068528639321 146.373809071267 450.032101654319
1159000 153.705943912435 150.177058798682 146.404121769088 450.287124480205
1160000 153.753249408233 150.310848997333 146.562263733671 450.626362139237
1161000 153.919780712207 150.433314823931 146.698385144073 451.051480680211
1162000 154.023813160447 150.532203774883 146.780873135899 451.33689007123
1163000 154.124004222321 150.725147019846 146.910065842314 451.75921708448
1164000 154.202160898672 150.836712062699 146.988780766462 452.027653727832
1165000 154.373581708647 150.955817874807 147.156668160622 452.486067744075
1166000 154.504687659271 151.068002747385 147.351140728738 452.923831135393
1167000 154.572551691407 151.107080088577 147.433536943218 453.113168723201
1168000 154.730936165831 151.216564073273 147.607820201004 453.555320440108
1169000 154.775616899517 151.319881847061 147.767841559267 453.863340305845
1170000 154.963171750477 151.448001202541 147.845282536394 454.256455489412
1171000 155.038224553866 151.615636678441 147.992878973519 454.646740205826
1172000 155.197073157145 151.726827391467 148.138224049691 455.062124598303
1173000 155.388087945927 151.832099359091 148.285477446078 455.505664751096
1174000 155.486993685823 152.030943219127 148.42718399533 455.94512090028
1175000 155.659335331633 152.122153383897 148.517647035433 456.299135750963
1176000 155.741330790089 152.246724681146 148.622109217142 456.610164688377
1177000 155.884537331231 152.39941967614 148.630188369928 456.914145377299
1178000 155.942072792575 152.497380160678 148.850813709676 457.290266662928
1179000 156.088136225797 152.613897824008 148.91498223596 457.617016285765
1180000 156.196866817023 152.789845936902 149.053342097628 458.040054851553
1181000 156.351643631133 152.943000375451 149.160364117784 458.455008124369
1182000 156.420074407668 153.036856039584 149.225851144955 458.682781592207
1183000 156.554868352159 153.151062736759 149.392793923127 459.098725012045
1184000 156.674812625868 153.232055830448 149.502185341424 459.40905379774
1185000 156.729481354947 153.47997572364 149.613159453157 459.822616531744
1186000 156.793643111742 153.605218484956 149.757251382785 460.156112979483
1187000 156.943873477409 153.759325582315 149.862986598061 460.566185657785
1188000 157.134947506136 153.900613862337 150.049519069637 461.08508043811
1189000 157.311291504609 154.001507101834 150.091460150677 461.40425875712
1190000 157.371731876837 154.074303627588 150.236708809097 461.682744313522
1191000 157.46567023268 154.193168584183 150.369807002076 462.028645818939
1192000 157.663311552345 154.259905947059 150.453905096096 462.377122595499
1193000 157.821345987266 154.475402803552 150.582771479534 462.879520270352
1194000 158.001281302065 154.57994029267 150.697923518753 463.279145113488
1195000 158.146015137167 154.703233358096 150.752344392476 463.601592887739
1196000 158.264166240287 154.858200045543 150.91573074052 464.03809702635
1197000 158.388636788903 154.955306986237 150.981384217498 464.325327992638
1198000 158.486852986134 155.085053219692 151.110199603758 464.682105809584
1199000 158.562089975191 155.214322261448 151.194746710511 464.97115894715
1200000 158.657748710019 155.268020534702 151.359051774992 465.284821019713
1201000 158.813969417087 155.45521429227 151.480991732817 465.750175442174
1202000 159.010888849955 155.534458703025 151.617289963062 466.162637516042
1203000 159.147366213896 155.599072880438 151.702048015671 466.448487110006
1204000 159.301771145281 155.690497657714 151.818530111618 466.810798914614
1205000 159.35455912501 155.889015385218 152.010904856333 467.254479366561
1206000 159.409152729182 156.03862450797 152.135904881341 467.583682118493
1207000 159.544791774398 156.150363499872 152.271119164128 467.966274438398
1208000 159.757846645138 156.225028436386 152.389544146073 468.372419227597
1209000 159.806987521489 156.331698091826 152.496263860152 468.634949473467
1210000 159.943093466987 156.594739780022 152.552874372198 469.090707619207
1211000 160.1111535065 156.70758497049 152.690198677665 469.508937154655
1212000 160.237873547455 156.837993773607 152.869232217622 469.945099538684
1213000 160.383643263136 157.000887001078 152.977575667473 470.362105931687
1214000 160.528534132778 157.186795265984 153.057025699449 470.772355098211
1215000 160.705456106706 157.295792609185 153.18049230636 471.18174102225
1216000 160.868735911776 157.485181222798 153.309849189401 471.663766323976
1217000 160.995383847976 157.648066056023 153.492831530966 472.136281434964
1218000 161.060622878339 157.72823984808 153.680840367223 472.469703093642
1219000 161.122602497128 157.88068046697 153.795820181036 472.799103145135
1220000 161.221047656811 158.078129560215 153.902685570745 473.201862787771
1221000 161.348012389125 158.085539635037 154.0216075816 473.455159605762
1222000 161.500413544937 158.254283784611 154.119524345968 473.874221675516
1223000 161.601911326681 158.424584900466 154.234089218154 474.260585445301
1224000 161.780837436964 158.554965898845 154.379906288744 474.715709624552
1225000 161.834704754133 158.578158428235 154.530800032766 474.943663215135
1226000 162.050735606941 158.755596748439 154.706986132813 475.513318488193
1227000 162.172257100013 158.957240109766 154.801855806885 475.931353016664
1228000 162.345716969835 159.044018166534 154.9801027854 476.369837921769
1229000 162.463924959438 159.123023391687 155.021290123951 476.608238475076
1230000 162.561559631152 159.206047214012 155.118876042205 476.886482887369
1231000 162.713857788259 159.269396455761 155.295882202562 477.279136446583
1232000 162.856528533582 159.413568357495 155.344924831312 477.615021722389
1233000 162.96036005411 159.461814787426 155.525295016368 477.947469857904
1234000 163.109768058119 159.561960217771 155.614100791461 478.285829067351
1235000 163.200620460328 159.701262520256 155.781936132004 478.683819112587
1236000 163.282553498703 159.74732979804 155.865158640238 478.89504193698
1237000 163.305714952694 159.91882264572 155.904974937929 479.129512536343
1238000 163.484599218582 160.093025656072 156.082558847424 479.660183722077
1239000 163.634579185335 160.253689563295 156.194604731355 480.082873479985
1240000 163.742540945249 160.407166535544 156.300578948473 480.450286429265
1241000 163.920647222687 160.576419781301 156.418468360622 480.915535364609
1242000 164.007704765817 160.617515512501 156.504284168715 481.129504447032
1243000 164.138213549135 160.775024185538 156.624389567909 481.537627302583
1244000 164.253490920924 160.918154345804 156.834000896516 482.005646163245
1245000 164.366782031179 161.025574182346 156.997958176565 482.39031439009
1246000 164.436916411519 161.175510826733 157.04554743224 482.657974670493
1247000 164.551052604188 161.258510163823 157.131226896807 482.940789664818
1248000 164.71532807595 161.423427792607 157.310336187738 483.449092056295
1249000 164.834825853441 161.628442458634 157.430689602929 483.893957915004
1250000 164.968177910117 161.762251820884 157.49585268255 484.226282413551
1251000 165.065758340498 161.836719983546 157.542924196439 484.445402520482
1252000 165.135018000664 162.004521745687 157.678353451194 484.817893197545
1253000 165.210019551632 162.112741714839 157.729144773396 485.051906039867
1254000 165.401003596104 162.167363839338 157.94153059739 485.509898032832
1255000 165.624836279498 162.275618858188 158.075296262573 485.97575140026
1256000 165.778689630223 162.329169104665 158.188990420717 486.296849155605
1257000 165.895088047679 162.397952897217 158.221872608742 486.514913553639
1258000 166.00255762554 162.505629366058 158.3931195863 486.901306577899
1259000 166.188792358625 162.679216919262 158.536264857365 487.404274135252
1260000 166.402041589855 162.79390005331 158.634348649149 487.830290292314
1261000 166.539502671953 162.871932082103 158.7417765202 488.153211274256
1262000 166.58469253943 162.901724364466 158.924875763198 488.411292667094
1263000 166.671261029115 163.072481640854 159.041179785038 488.784922455006
1264000 166.846037286704 163.224025215411 159.176827624756 489.246890126871
1265000 166.906650200143 163.327342918469 159.138242366948 489.37223548556
1266000 167.04330175813 163.511334337639 159.335762201314 489.890398297084
1267000 167.09812369502 163.622490616538 159.494898010618 490.215512322176
1268000 167.249002599428 163.781657075123 159.551006524058 490.58166619861
1269000 167.449781198189 163.869519673087 159.586951929444 490.906252800721
1270000 167.569758905099 163.958565077522 159.729029865845 491.257353848467
1271000 167.727866170267 164.093515996897 159.854772226223 491.676154393387
1272000 167.745541228659 164.114735407392 159.9828631131 491.843139749151
1273000 167.88301536573 164.204572289532 160.080289395765 492.167877051027
1274000 168.046287492361 164.253024517691 160.231086956643 492.530398966694
1275000 168.230341765157 164.399646421492 160.349906462729 492.979894649378
1276000 168.300975545652 164.573383185818 160.521108522717 493.395467254187
1277000 168.490915343638 164.644574500063 160.569918620655 493.705408464357
1278000 168.581978265187 164.734991049556 160.864662532952 494.181631847695
1279000 168.677045430978 164.821477429805 160.88555735061 494.384080211393
1280000 168.82258525292 164.997781140298 161.084336948089 494.904703341308
1281000 168.997862552375 165.034022069876 161.192611290039 495.224495912289
1282000 169.013421559239 165.258702738869 161.282180643136 495.554304941244
1283000 169.219437870377 165.356029865187 161.466725322491 496.042193058054
1284000 169.444179483189 165.501303062213 161.549505971479 496.494988516882
1285000 169.55687272679 165.663571323802 161.633498117222 496.853942167814
1286000 169.689608155361 165.772397525207 161.754156600318 497.216162280887
1287000 169.732081666549 166.024758173745 161.936389815255 497.69322965555
1288000 169.874074387181 166.090407425835 161.896047719556 497.860529532572
1289000 169.922538723354 166.228288114183 162.029601512372 498.180428349909
1290000 170.185302358751 166.333463846676 162.201044256446 498.719810461872
1291000 170.280324584332 166.448777470067 162.264967388759 498.994069443157
1292000 170.419563302914 166.532474007529 162.39533923011 499.347376540553
1293000 170.512143976409 166.659093052913 162.50919719299 499.680434222312
1294000 170.597672366168 166.891832005322 162.660304046559 500.149808418049
1295000 170.786327666299 166.956022159786 162.829378932617 500.571728758702
1296000 170.924093487261 167.088509021088 162.961554407655 500.974156916004
1297000 171.063074910048 167.251409892946 163.052873896085 501.367358699078
1298000 171.168644997539 167.315200293078 163.138409727953 501.62225501857
1299000 171.234840349501 167.452432874747 163.308621378293 501.995894602541
1300000 171.334499250784 167.634940532363 163.451809115564 502.42124889871
1301000 171.457776659761 167.730413208727 163.57692720774 502.765117076228
1302000 171.622419225022 167.825809585073 163.734874227407 503.183103037501
1303000 171.744046589366 167.938682820529 163.88101666758 503.563746077475
1304000 171.811736519797 168.055896420513 164.023340226753 503.890973167063
1305000 171.874133362913 168.23461317023 164.168692236524 504.277438769668
1306000 172.063708115494 168.463094565914 164.320661613534 504.847464294942
1307000 172.125663292935 168.62980121965 164.399223629941 505.154688142526
1308000 172.296292886164 168.715733553762 164.596662907174 505.6086893471
1309000 172.362293551798 168.852318046675 164.697223241293 505.911834839766
1310000 172.561434669773 169.007307402508 164.805995322509 506.374737394791
1311000 172.640280064727 169.068206566511 164.88112088878 506.589607520018
1312000 172.658625240941 169.130991223368 165.113288220246 506.902904684556
1313000 172.763666781521 169.195521394894 165.259129522573 507.218317698988
1314000 172.866024223842 169.314128042381 165.29848369908 507.478635965303
1315000 172.920212014342 169.453067787811 165.408611354651 507.781891156804
1316000 173.025796097983 169.546085289618 165.514871184457 508.086752572057
1317000 173.203639531286 169.593407145705 165.628961142619 508.42600781961
1318000 173.409662470082 169.662633269835 165.772299190172 508.844594930089
1319000 173.463811622911 169.817174188718 166.002336520935 509.283322332564
1320000 173.552586457107 170.032338115924 166.078654117376 509.663578690408
1321000 173.688524892562 170.119313345318 166.184142160561 509.991980398442
1322000 173.693695295579 170.370877153814 166.372851819977 510.43742426937
1323000 173.791722263173 170.583069796794 166.412468683393 510.78726074336
1324000 173.942092242363 170.650128783152 166.526657920208 511.118878945723
1325000 174.022715985581 170.84057943665 166.619258277195 511.482553699426
1326000 174.103895303828 171.004730997166 166.683561192467 511.792187493461
1327000 174.186568117939 171.211074220498 166.75946452272 512.157106861157
1328000 174.309163119135 171.451287948019 166.87028502457 512.630736091724
1329000 174.532117827608 171.495328093272 166.97417244119 513.00161836207
1330000 174.673022677666 171.576456942828 167.123117109546 513.372596730039
1331000 174.834977399515 171.818918487999 167.270745161899 513.924641049414
1332000 175.01884563841 171.869563489564 167.511259427593 514.399668555567
1333000 175.083062968531 172.021850826737 167.570720904539 514.675634699807
1334000 175.26198503615 172.143017052179 167.695141138354 515.100143226683
1335000 175.374229150626 172.279968798234 167.819296612445 515.473494561306
1336000 175.500963816886 172.337742107186 167.963039590558 515.80174551463
1337000 175.579305589509 172.4741717196 168.042980426294 516.096457735403
1338000 175.700254464055 172.570618778924 168.176108679576 516.446981922555
1339000 175.83746112103 172.686172819596 168.346205129787 516.869839070413
1340000 175.994322204062 172.871162997571 168.43474850194 517.300233703572
1341000 176.171207673771 172.895043941553 168.562939177332 517.629190792656
1342000 176.331460662579 172.975578280317 168.759982959894 518.06702190279
1343000 176.482825270676 173.142093161678 168.80311678137 518.428035213724
1344000 176.61100801845 173.227077226244 168.974716906819 518.812802151514
1345000 176.771863734872 173.356700439044 169.205189680022 519.333753853938
1346000 176.861429955446 173.51481786239 169.29765790761 519.673905725447
1347000 177.017480716422 173.572477364355 169.34672567295 519.936683753727
1348000 177.050757657646 173.638498918092 169.41982289422 520.109079469958
1349000 177.190613814152 173.747552784284 169.618292934716 520.556459533153
1350000 177.333496904467 173.838554867409 169.681926632386 520.853978404262
1351000 177.399877083436 173.983728401427 169.884415214732 521.268020699595
1352000 177.442595411037 173.996313717094 169.962684282565 521.401593410696
1353000 177.596363381094 174.137407222498 170.133610059431 521.867380663023
1354000 177.713544504198 174.258791476949 170.18998611425 522.162322095396
1355000 177.89194409111 174.36145588212 170.356041829375 522.609441802604
1356000 177.957372020641 174.496628162045 170.473369060876 522.927369243562
1357000 178.204925336256 174.561424871167 170.555886571799 523.322236779222
1358000 178.388187969451 174.632989710237 170.683751253724 523.704928933411
1359000 178.40853000154 174.833008255316 170.87632380205 524.117862058905
1360000 178.640603005563 174.953291594894 170.93145298916 524.525347589617
1361000 178.72365184259 174.981261305662 171.056518136523 524.761431284776
1362000 178.762899107648 174.993841103074 171.116861323056 524.873601533778
1363000 178.879717280421 175.159036228123 171.256513998436 525.29526750698
1364000 178.984486102217 175.292940712589 171.309375744944 525.58680255975
1365000 179.025317399933 175.448609774949 171.423941452063 525.897868626944
1366000 179.133117109086 175.618087158482 171.523327369833 526.274531637401
1367000 179.277877941228 175.788930098033 171.699626174068 526.766434213329
1368000 179.450372690833 175.872834257443 171.918513292856 527.241720241131
1369000 179.572456668776 175.951193157799 172.004276577202 527.527926403777
1370000 179.709262798543 176.01499613773 172.041900932054 527.766159868328
1371000 179.746611454317 176.144107728545 172.221822230354 528.112541413215
1372000 179.893423196815 176.206117168666 172.297967984772 528.397508350253
1373000 179.964990754641 176.27610999329 172.441829945772 528.682930693702
1374000 180.074235674866 176.478206107777 172.475023870377 529.02746565302
1375000 180.210438685937 176.604924243901 172.488602850657 529.303965780495
1376000 180.370117191552 176.717093016578 172.611026830895 529.698237039025
1377000 180.446398402293 176.888016919027 172.651351625457 529.985766946777
1378000 180.514067046227 176.921471721733 172.79548821928 530.23102698724
1379000 180.608929070693 177.130976013499 172.930973429027 530.670878513219
1380000 180.840924950331 177.12280126672 173.050964635683 531.014690852734
1381000 180.984582932594 177.205526975888 173.252884198971 531.442994107453
1382000 181.123901188666 177.342474042218 173.356970839468 531.823346070351
1383000 181.285689726437 177.532332844356 173.446011754496 532.26403432529
1384000 181.441110020567 177.536527414528 173.534436762814 532.512074197909
1385000 181.634754560544 177.704229060891 173.660198984473 532.999182605908
1386000 181.726247683351 177.712415219655 173.793415385479 533.232078288485
1387000 181.807493572937 177.846435215578 173.896906526963 533.550835315479
1388000 181.910477115127 177.981756514643 174.020426670996 533.912660300767
1389000 182.117474263859 178.041804293682 174.155479030861 534.314757588401
1390000 182.101342173301 178.205508576428 174.26364441639 534.570495166118
1391000 182.28389923734 178.299999150712 174.465464923628 535.04936331168
1392000 182.400764205719 178.500051855015 174.579974542754 535.480790603489
1393000 182.536295298193 178.629995619809 174.691651471054 535.857942389056
1394000 182.578939488825 178.65124464167 174.795419014992 536.025603145487
1395000 182.683267100395 178.7535341846 174.885282548827 536.322083833821
1396000 182.763272594456 178.896839312713 175.026070949651 536.68618285682
1397000 182.894478464004 178.979318625413 175.18184871774 537.055645807157
1398000 183.000845099369 179.039656308899 175.264040561817 537.304541970084
1399000 183.12031341425 179.261138099683 175.362154477334 537.743605991267
1400000 183.173730569252 179.34479404962 175.539459536722 538.057984155595
1401000 183.31227033366 179.470354522979 175.562995125021 538.34561998166
1402000 183.50704103691 179.583172640145 175.658884398506 538.74909807556
1403000 183.554464792426 179.677975123148 175.770126873752 539.002566789326
1404000 183.702766807873 179.805546533285 175.913034760248 539.421348101407
1405000 183.725556792053 179.930378858832 176.07434332276 539.730278973644
1406000 183.937949034382 180.048983563423 176.14102547713 540.127958074935
1407000 184.04614698772 180.048601275307 176.312363233916 540.407111496944
1408000 184.1502867481 180.284110994406 176.449340117755 540.883737860261
1409000 184.30561039674 180.411597416994 176.616954507667 541.3341623214
1410000 184.387726551388 180.577201631697 176.672909268152 541.637837451237
1411000 184.483547811673 180.63811424736 176.811027033907 541.93268909294
1412000 184.571287577993 180.812909138358 176.937217062291 542.321413778643
1413000 184.672537154946 180.966394702443 177.04015705509 542.679088912478
1414000 184.827025375911 181.046836817057 177.235269651308 543.109131844276
1415000 184.969422534709 181.079748197036 177.38459039586 543.433761127605
1416000 185.105107224641 181.136199032288 177.397386286399 543.638692543327
1417000 185.251939723848 181.312557502214 177.493453122114 544.057950348176
1418000 185.408099966244 181.4849483673 177.671869102577 544.564917436121
1419000 185.465958932041 181.542857636508 177.722943831549 544.731760400097
1420000 185.600433681594 181.730249524354 177.801948856679 545.132632062627
1421000 185.758380960747 181.760231592778 177.898956692619 545.417569246145
1422000 185.935541598719 181.976302600765 177.970985681434 545.882829880918
1423000 186.006700804851 182.092236689765 178.193851506412 546.292789001027
1424000 186.058697510808 182.220139566682 178.244405178625 546.523242256115
1425000 186.159120158414 182.393543559279 178.38353583705 546.936199554743
1426000 186.312335038261 182.53661633825 178.520100847138 547.369052223648
1427000 186.42709666662 182.61773970402 178.597909451035 547.642745821675
1428000 186.629883918616 182.655450760134 178.771928735117 548.057263413868
1429000 186.6413994514 182.862964461915 178.88492759093 548.389291504245
1430000 186.793191582583 182.972259804093 178.959140247337 548.724591634013
1431000 186.942917654248 183.051764565332 179.062791823919 549.057474043499
1432000 187.011702797732 183.129813325449 179.242172495898 549.38368861908
1433000 187.080881800051 183.292511906834 179.317068997475 549.69046270436
1434000 187.270079752828 183.442183226398 179.398650698831 550.110913678057
1435000 187.434672458403 183.576928566694 179.611218299919 550.622819325015
1436000 187.501086273027 183.682927878147 179.698884285686 550.88289843686
1437000 187.627533661105 183.727253111439 179.761192423474 551.115979196018
1438000 187.86442493105 183.854937141134 179.848308415867 551.567670488051
1439000 187.92308456486 183.944105400189 179.990111900451 551.857301865499
1440000 187.994821576857 184.136273634954 180.136844305805 552.267939517617
1441000 188.175212981407 184.280507675997 180.244903935744 552.700624593149
1442000 188.353944664684 184.390317830426 180.363496542603 553.107759037712
1443000 188.403611159523 184.545478048528 180.466004887313 553.415094095364
1444000 188.646386972105 184.643048059347 180.575292030975 553.864727062427
1445000 188.734448185212 184.755637307782 180.699325268733 554.189410761727
1446000 188.865299210193 184.780674252835 180.841888105686 554.487861568715
1447000 189.003701672876 184.837296845397 181.051047128364 554.892045646638
1448000 189.175991461877 185.086104333604 181.172416586878 555.434512382359
1449000 189.27769334374 185.20679164949 181.200028312867 555.684513306098
1450000 189.399992158996 185.273627529898 181.361453465556 556.035073154449
1451000 189.565565398181 185.350588715156 181.44685680261 556.363010915947
1452000 189.639293016762 185.483957557944 181.560578929878 556.683829504585
1453000 189.696353849431 185.635395870266 181.707810911011 557.039560630708
1454000 189.869254914284 185.69835531224 181.799429761103 557.367039987627
1455000 189.9355498332 185.880514958435 181.945875657408 557.761940449044
1456000 190.074756704086 186.036979017432 182.046172552385 558.157908273903
1457000 190.279046796285 186.182540581651 182.185507353168 558.647094731104
1458000 190.319156246438 186.283062772831 182.284710077944 558.886929097213
1459000 190.411354402856 186.512406989773 182.381495308889 559.305256701517
1460000 190.491539432917 186.554414863948 182.486910098222 559.532864395087
1461000 190.632312512921 186.584901314605 182.623237116285 559.84045094381
1462000 190.760037380743 186.673223320447 182.755009082676 560.188269783866
1463000 190.853951001162 186.823548999266 182.819909355195 560.497409355624
1464000 190.914551829264 187.009134263373 182.884288387829 560.807974480466
1465000 190.911244422919 187.135946612414 183.03947866524 561.086669700573
1466000 191.097101068572 187.199696384966 183.16322539107 561.460022844608
1467000 191.35679933403 187.430215920469 183.232932708945 562.019947963444
1468000 191.449152476997 187.550521000184 183.295827828563 562.295501305744
1469000 191.624176517372 187.763552414487 183.408753391096 562.796482322955
1470000 191.656253237552 187.87734334309 183.462061408089 562.995657988731
1471000 191.857863930598 188.047284645768 183.562158013487 563.467306589854
1472000 191.903218337446 188.178122473279 183.683631404893 563.764972215619
1473000 192.107109093697 188.299693528048 183.906737968521 564.313540590267
1474000 192.151331489496 188.415721276876 183.973305372016 564.540358138387
1475000 192.224985242458 188.555521727609 184.178752970889 564.959259940956
1476000 192.482218289189 188.685487841449 184.244142112316 565.411848242955
1477000 192.617374364471 188.843952432604 184.349567915688 565.810894712763
1478000 192.756918295906 188.856995874092 184.536240521373 566.150154691372
1479000 192.916051364662 188.997316782206 184.62524023555 566.538608382418
1480000 192.955996316671 189.064108348023 184.759502527508 566.779607192202
1481000 193.141098715829 189.117309780331 184.95759898382 567.21600747998
1482000 193.247136963092 189.310867390121 185.068296502224 567.626300855436
1483000 193.219749220552 189.356395396051 185.1846980136 567.760842630203
1484000 193.36657244068 189.531541330588 185.332715900404 568.230829671671
1485000 193.41682490931 189.625979151476 185.477114734121 568.519918794906
1486000 193.527703259479 189.686500995141 185.646857355211 568.861061609831
1487000 193.640525612581 189.744447368815 185.703342670979 569.088315652375
1488000 193.732874860002 189.908427009116 185.890393620626 569.531695489743
1489000 193.878099743225 190.004033757739 185.932142782452 569.814276283417
1490000 193.949439874136 190.174176930925 186.067327330303 570.190944135364
1491000 194.141294969838 190.229279500776 186.116762180167 570.48733665078
1492000 194.254595400809 190.339066707588 186.259921520303 570.8535836287
1493000 194.409849048654 190.422944157709 186.35105174849 571.183844954853
1494000 194.537630271786 190.556439401978 186.447098831066 571.541168504829
1495000 194.719667160487 190.712396286686 186.556636537067 571.988699984241
1496000 194.758294484114 190.791368972656 186.658638307203 572.208301763973
1497000 194.924621948621 190.845542473527 186.7050207536 572.475185175748
1498000 195.033562335754 190.936231230304 186.820684541974 572.790478108032
1499000 195.186057826149 191.07829667237 186.902213901142 573.166568399661
1500000 195.369269053628 191.103424996417 187.034667492765 573.50736154281
1501000 195.547952144853 191.198174040265 187.255314758605 574.001440943724
1502000 195.683093392604 191.285947689163 187.447098314702 574.416139396469
1503000 195.836601936924 191.464873184094 187.513579163014 574.815054284033
1504000 195.927081194463 191.615193077401 187.613901487486 575.156175759351
1505000 195.958953421724 191.724871648101 187.731978295883 575.415803365708
1506000 196.071829858954 191.83912488094 187.911697881904 575.822652621798
1507000 196.209738780729 191.956398567245 187.994763972139 576.160901320113
1508000 196.354483876588 192.017197987573 188.18835784795 576.560039712111
1509000 196.416013763024 192.179573858993 188.342508519532 576.938096141549
1510000 196.682125135112 192.209408603359 188.468425312898 577.35995905137
1511000 196.760564264964 192.368586516475 188.58080654747 577.709957328909
1512000 196.895269318756 192.524809578185 188.704873908426 578.124952805367
1513000 197.059605306535 192.682807097028 188.758771983937 578.5011843875
1514000 197.103346218344 192.779656826111 188.839322618898 578.722325663353
1515000 197.32808677054 192.880120688984 188.945791391944 579.153998851468
1516000 197.403257543263 193.003578987834 189.100881286094 579.507717817192
1517000 197.459686469504 193.114971644858 189.188240209329 579.762898323692
1518000 197.630271657792 193.309124170154 189.344661814784 580.28405764273
1519000 197.688344035442 193.413246872762 189.502510509321 580.604101417524
1520000 197.786116866611 193.657018210184 189.648633677572 581.091768754367
1521000 197.882326805615 193.736612624465 189.81924091009 581.43818034017
1522000 198.101456038478 193.821257811622 189.830454280979 581.753168131079
1523000 198.229568498293 193.985546114823 190.019128223102 582.234242836218
1524000 198.28173744191 194.100756768428 190.173302364136 582.555796574474
1525000 198.46620679712 194.33881235086 190.314479149963 583.119498297943
1526000 198.501559489733 194.423245804711 190.510698266322 583.435503560766
1527000 198.704554410488 194.484789362807 190.607895028555 583.79723880185
1528000 198.82468181716 194.678646654472 190.701177123428 584.204505595059
1529000 198.947998556919 194.80296895482 190.829341201702 584.58030871344
1530000 199.271587024148 194.889999499546 191.009787151527 585.171373675222
1531000 199.332157725159 195.003095033367 191.124740814274 585.4599935728
1532000 199.419007356328 195.109288386175 191.26544130349 585.793737045994
1533000 199.607380763554 195.296211415666 191.354236730402 586.257828909622
1534000 199.768989758315 195.493479729613 191.552133664761 586.814603152689
1535000 199.913316618529 195.654929743775 191.631971289019 587.200217651323
1536000 200.043096888001 195.735991447692 191.815342775119 587.594431110812
1537000 200.182618594545 195.801846777577 191.830985801028 587.81545117315
1538000 200.297032359338 195.902335696469 192.046565724525 588.245933780333
1539000 200.415285181927 196.091020866074 192.132085040316 588.638391088317
1540000 200.465495955226 196.073711949412 192.164652291017 588.703860195655
1541000 200.665961247992 196.139495361288 192.23653736449 589.04199397377
1542000 200.749556515726 196.298750379277 192.315908659857 589.36421555486
1543000 200.867380088317 196.401772319482 192.383555417051 589.65270782485
1544000 200.958393035812 196.481863711284 192.570534764717 590.010791511813
1545000 201.148428692038 196.553190140125 192.655907657463 590.357526489626
1546000 201.272614315265 196.685836503193 192.713071259943 590.671522078401
1547000 201.414040408841 196.77120390015 192.762735418095 590.947979727086
1548000 201.413107943953 196.898023570416 192.925550429071 591.23668194344
1549000 201.576754012988 197.101588534217 192.995565353665 591.67390790087
1550000 201.630007123674 197.139557575541 193.085938287901 591.855502987116
1551000 201.766943851626 197.225691749075 193.271022441756 592.263658042457
1552000 201.865145783321 197.292694174285 193.409552864987 592.567392822593
1553000 201.954821863736 197.430481615027 193.47603645467 592.861339933433
1554000 201.977960177287 197.507223024357 193.54968024572 593.034863447365
1555000 202.12216435233 197.686123424292 193.618726088592 593.427013865214
1556000 202.206170086903 197.797453797746 193.725397692186 593.729021576835
1557000 202.245156354593 197.906569065961 193.828848793714 593.980574214269
1558000 202.424595501912 198.111367184182 193.984451266801 594.520413952895
1559000 202.595879616326 198.203186346124 194.047412375753 594.846478338203
1560000 202.605784944822 198.351179151828 194.187160460262 595.144124556913
1561000 202.791517199302 198.453149193676 194.371117753934 595.615784146913
1562000 202.830840328426 198.551726138963 194.506588630194 595.889155097583
1563000 203.119163523515 198.745672254063 194.666354573865 596.531190351443
1564000 203.150275177551 198.825395349311 194.769957988606 596.745628515467
1565000 203.248642748732 198.976225478191 194.804962223715 597.029830450638
1566000 203.372922912477 199.19820929851 194.945405413998 597.516537624985
1567000 203.450654127458 199.231380123261 194.991010854812 597.673045105531
1568000 203.513358487639 199.42016188046 195.13376292642 598.067283294519
1569000 203.577345773455 199.536571919905 195.312386768138 598.426304461499
1570000 203.794920006437 199.651791810355 195.458221649829 598.904933466621
1571000 203.829327530341 199.713117777916 195.621860478051 599.164305786308
1572000 204.114203380557 199.87345297598 195.677603277109 599.665259633645
1573000 204.215827133074 200.052965632057 195.731502557053 600.000295322184
1574000 204.390913805174 200.223533812054 195.932555151271 600.547002768499
1575000 204.546501507646 200.434965607418 196.03968058641 601.021147701475
1576000 204.626819442102 200.503347801762 196.151461931926 601.28162917579
1577000 204.734822651749 200.633514618639 196.301807671248 601.670144941635
1578000 204.913389675417 200.730981904329 196.4149417115 602.059313291246
1579000 205.047045303873 201.004742003193 196.517967003866 602.569754310932
1580000 205.168970208676 201.164806657056 196.804956183303 603.138733049035
1581000 205.182980770899 201.191512921886 196.918578540238 603.293072233023
1582000 205.285637644363 201.24672044436 197.044705618917 603.57706370764
1583000 205.402766864741 201.378859380904 197.114022288482 603.895648534128
1584000 205.582083744215 201.536695312424 197.217735131289 604.336514187927
1585000 205.761078025549 201.603981526689 197.400074776263 604.765134328501
1586000 205.978274406115 201.740844423201 197.441760015406 605.160878844722
1587000 206.104779518368 201.809343697232 197.57117257684 605.485295792441
1588000 206.27909030366 201.871884757962 197.75632296413 605.907298025751
1589000 206.366108735572 201.976160298792 197.878625095233 606.220894129597
1590000 206.532165000684 202.100367842575 197.878324839227 606.510857682486
1591000 206.634980496665 202.313388547061 198.006893928413 606.955262972138
1592000 206.799837526986 202.487080570014 198.068749811694 607.355667908694
1593000 206.882844233651 202.548883187652 198.162820578979 607.594548000283
1594000 206.971880296655 202.723158544505 198.262882649369 607.957921490529
1595000 207.014803400815 202.800504687125 198.356508211386 608.171816299326
1596000 207.138687362632 202.846446511251 198.487012940523 608.472146814406
1597000 207.293870976671 203.0029357794 198.583359818444 608.880166574515
1598000 207.387648144843 203.170953138516 198.736047560174 609.294648843533
1599000 207.514624163551 203.345623278802 198.842969403884 609.703216846238
1600000 207.557243787902 203.435598989331 198.864922710347 609.85776548758
1601000 207.731031170455 203.549894758959 198.982484570608 610.263410500023
1602000 207.822887228924 203.543431564144 199.116442827998 610.482761621067
1603000 207.885304390688 203.683745586442 199.266219580283 610.835269557413
1604000 207.996364643433 203.821912418629 199.38599250815 611.204269570212
1605000 208.120774929892 203.960520895799 199.488097872396 611.569393698087
1606000 208.275868671695 204.105760457236 199.545480843673 611.927109972603
1607000 208.389308604283 204.14838754589 199.712802029844 612.250498180017
1608000 208.505585506728 204.238821522834 199.805485317089 612.549892346651
1609000 208.665729238791 204.372063139856 199.868577578667 612.906369957314
1610000 208.815865457471 204.498366576491 199.909542902465 613.223774936427
1611000 208.916331052444 204.514395242457 199.985703811209 613.41643010611
1612000 209.02712028518 204.518285918904 200.171483362353 613.716889566437
1613000 209.082804135391 204.749629617982 200.351825200153 614.184258953526
1614000 209.210815289686 204.82304115644 200.385981155511 614.419837601637
1615000 209.439350805211 204.92572873119 200.491074134707 614.856153671109
1616000 209.514400998842 205.09110526469 200.691950136325 615.297456399856
1617000 209.555751856547 205.237152679279 200.659601104303 615.452505640128
1618000 209.701692513099 205.298940452038 200.902367982872 615.903000948009
1619000 209.727218973875 205.501395055659 201.062418622977 616.29103265251
1620000 209.873017686309 205.575925554223 201.280520154187 616.729463394718
1621000 210.090562876908 205.762513551009 201.436865804951 617.289942232868
1622000 210.195532890605 205.952199060301 201.435182204005 617.582914154911
1623000 210.288317107403 206.055505578039 201.53711174637 617.880934431812
1624000 210.384566877102 206.14174957255 201.720575362015 618.246891811668
1625000 210.365811293293 206.331744850761 201.802898578127 618.50045472218
1626000 210.596614884608 206.47295193123 201.81291399524 618.882480811078
1627000 210.687612830396 206.608457042617 201.944321272915 619.240391145928
1628000 210.808219134142 206.738349902766 202.050511501185 619.597080538093
1629000 210.924847035848 206.865313660841 202.17610131617 619.966262012859
1630000 211.047466155606 206.931337368482 202.250050665791 620.22885418988
1631000 211.113115369868 207.058226878738 202.40518292635 620.576525174956
1632000 211.262795310407 207.210197363708 202.480688326988 620.953681001103
1633000 211.500432409329 207.377159243636 202.5338592552 621.411450908166
1634000 211.570247271839 207.535108124653 202.652022643627 621.757378040119
1635000 211.757784146327 207.607176435358 202.757637098064 622.122597679749
1636000 211.877642094201 207.67439691964 202.902909929772 622.454948943613
1637000 211.780065538933 207.876398361322 202.970860035907 622.627323936162
1638000 211.95253702297 207.947477195371 203.158375389303 623.058389607644
1639000 212.149348826841 208.072089857332 203.234844877773 623.456283561946
1640000 212.304777053284 208.123919399655 203.317375592308 623.746072045247
1641000 212.459943520413 208.247795152685 203.447302510598 624.155041183696
1642000 212.665060835743 208.359907173575 203.594275872538 624.619243881856
1643000 212.742006452969 208.507687862719 203.659081838966 624.908776154654
1644000 212.852634485974 208.633654106306 203.793701909183 625.279990501464
1645000 212.901208940243 208.745966187062 203.87365639925 625.520831526555
1646000 213.075786318609 208.927198265578 203.900220165279 625.903204749466
1647000 213.110051258664 208.978762823917 204.025052083723 626.113866166305
1648000 213.238840025831 209.049404884929 204.12015318803 626.40839809879
1649000 213.408259990557 209.28822362798 204.156320668375 626.852804286913
1650000 213.516481791951 209.384038071806 204.290570449963 627.191090313721
1651000 213.673509849212 209.493329717083 204.485858633587 627.652698199882
1652000 213.834955729026 209.557707913711 204.580993710783 627.973657353521
1653000 213.82614958559 209.644410628638 204.697252140813 628.167812355042
1654000 214.028970627187 209.725550858448 204.770761198867 628.525282684502
1655000 214.202681223329 209.905428902659 204.990141955214 629.098252081201
1656000 214.306293634561 210.0274834823 205.076557089815 629.410334206675
1657000 214.430568346015 210.103859331922 205.158456094513 629.692883772449
1658000 214.621478531166 210.203967462526 205.314019540487 630.139465534179
1659000 214.671149990283 210.285564470262 205.412549339385 630.36926379993
1660000 214.765879579684 210.377694456135 205.557958576729 630.701532612548
1661000 214.947451186346 210.473943338659 205.679155130752 631.100549655757
1662000 215.084794783065 210.554771242528 205.73509629994 631.374662325533
1663000 215.134185046533 210.738103158605 205.897608339113 631.769896544251
1664000 215.203009798605 210.84956746406 205.940266732601 631.992843995266
1665000 215.385778598419 210.945749964091 206.025142489569 632.356671052079
1666000 215.516561724152 211.12036968875 206.122454609664 632.759386022566
1667000 215.565885413859 211.241253541366 206.209218454053 633.016357409278
1668000 215.693075745349 211.397782284738 206.305771989884 633.396630019971
1669000 215.842401222547 211.414120592247 206.362697177007 633.6192189918
1670000 215.992917696395 211.488668219107 206.444526448676 633.926112364177
1671000 216.090943989581 211.538967083683 206.463535009549 634.093446082813
1672000 216.244248439062 211.680185910612 206.537473425859 634.461907775533
1673000 216.365384220306 211.817621457195 206.751185874793 634.934191552294
1674000 216.475633984852 211.843770717296 206.925284557375 635.244689259524
1675000 216.540455896652 212.040590463328 207.017010970782 635.598057330761
1676000 216.661085269074 212.130413197273 207.116137151928 635.907635618276
1677000 216.700078944198 212.217997605587 207.207308504106 636.125385053892
1678000 216.898554636454 212.334967456134 207.315060755517 636.548582848104
1679000 216.998231267169 212.475726707558 207.489128697937 636.963086672665
1680000 217.214437397024 212.554736729092 207.60518678887 637.374360914986
1681000 217.37603262624 212.664067974529 207.626774467431 637.6668750682
1682000 217.3330466549 212.841470596036 207.649037952099 637.823555203035
1683000 217.45175317325 212.827183011252 207.825163170237 638.104099354739
1684000 217.605907349179 213.054763683934 207.9294482735 638.590119306613
1685000 217.635742883124 213.187900607837 208.031819410797 638.855462901758
1686000 217.931686374635 213.280784371154 208.094049286215 639.306520032004
1687000 218.06604898423 213.416779383484 208.285249268627 639.768077636341
1688000 218.131803487279 213.514184373291 208.371047496641 640.017035357212
1689000 218.292040857733 213.607066933998 208.432878400525 640.331986192256
1690000 218.319986021372 213.750791033282 208.613554767163 640.684331821817
1691000 218.490739986843 213.803714467756 208.674827833527 640.969282288126
1692000 218.490903722984 213.956689153696 208.847786543088 641.295379419768
1693000 218.566323231416 214.061419172671 208.917832447065 641.545574851152
1694000 218.733915562693 214.181744394741 209.104757945354 642.020417902788
1695000 218.981181218512 214.301243533278 209.246488783909 642.528913535699
1696000 219.113776434967 214.399775352609 209.243040399837 642.756592187413
1697000 219.200002587905 214.493637944138 209.43180946153 643.125449993573
1698000 219.171086426306 214.662189634488 209.503483755238 643.336759816032
1699000 219.252589612126 214.742549703369 209.578616089268 643.573755404764
1700000 219.364201434331 214.904070571712 209.680126400523 643.948398406566
1701000 219.512339357832 215.076019117163 209.790511091288 644.378869566283
1702000 219.696271276495 215.100591297092 209.958462187453 644.75532476104
1703000 219.923433286309 215.267217636993 210.086911532463 645.277562455766
1704000 220.04478972139 215.41751094555 210.215440467694 645.677741134635
1705000 220.133834684119 215.491269497349 210.341961953904 645.967066135373
1706000 220.281742538857 215.590399315517 210.472050658187 646.344192512561
1707000 220.331103665136 215.705326532975 210.609881497543 646.646311695654
1708000 220.590006721843 215.814892846996 210.603181767268 647.008081336107
1709000 220.69350439527 215.931068188356 210.685535240139 647.310107823765
1710000 220.859818938587 216.1947349047 210.731392129004 647.785945972291
1711000 220.958880849239 216.245962918482 210.853443264111 648.058287031832
1712000 221.086232278906 216.290323431187 210.941370725187 648.31792643528
1713000 221.142645468829 216.417864691955 211.019971428345 648.580481589129
1714000 221.244916449548 216.543243461614 211.122786503668 648.910946414831
1715000 221.37415168584 216.613161787429 211.175394503705 649.162707976974
1716000 221.542089905595 216.737015770566 211.387045072885 649.666150749046
1717000 221.706283971426 216.879221569329 211.45729425711 650.042799797865
1718000 221.7942307282 217.046188130179 211.577094852686 650.417513711065
1719000 221.879845103472 217.094910107818 211.62648338461 650.6012385959
1720000 221.956140524967 217.179507229709 211.692432811972 650.828080566648
1721000 222.084377940596 217.351660917305 211.751668586273 651.187707444174
1722000 222.250048903015 217.434703909517 211.940654212971 651.625407025502
1723000 222.404229473703 217.548631398643 211.96009242265 651.912953294995
1724000 222.590692461362 217.679125415428 212.08481116135 652.35462903814
1725000 222.653148243527 217.795184507369 212.196190331213 652.644523082109
1726000 222.787882873194 217.821425762773 212.340959971703 652.950268607671
1727000 222.917903780118 217.956402374325 212.476573383532 653.350879537976
1728000 223.065532174151 218.130031757422 212.544130367213 653.739694298786
1729000 223.110726111391 218.224363569523 212.681494279312 654.016583960225
1730000 223.177160787123 218.332806250945 212.744914292066 654.254881330134
1731000 223.245133854833 218.505823252895 212.885495440596 654.636452548324
1732000 223.354032032954 218.600914826987 213.009719017089 654.96466587703
1733000 223.493195119784 218.680366608864 213.218581201569 655.392142930217
1734000 223.661699687621 218.754536021475 213.293445296452 655.709681005548
1735000 223.754480937378 218.916665594321 213.449292681744 656.120439213442
1736000 223.841770853899 219.044410570569 213.532889424757 656.419070849226
1737000 224.003315422679 219.152583477812 213.597537156301 656.753436056792
1738000 224.13602350397 219.341701035651 213.798898454592 657.276622994212
1739000 224.315755337154 219.384461826543 213.909163425373 657.60938058907
1740000 224.499624038046 219.540338653018 214.069080959658 658.109043650721
1741000 224.619780291035 219.678301992762 214.095670900875 658.393753184673
1742000 224.840715821397 219.784284127274 214.156400900928 658.781400849599
1743000 224.908280613067 219.938899260933 214.323570335303 659.170750209302
1744000 225.090658335885 220.016035310015 214.335048959667 659.441742605567
1745000 225.299108223787 220.103298843691 214.417510974269 659.819918041747
1746000 225.475342295145 220.153751336724 214.587229430019 660.216323061888
1747000 225.519236686746 220.314594683268 214.772958726223 660.606790096237
1748000 225.710018202754 220.38592865456 214.915986726801 661.011933584115
1749000 225.830260131492 220.615511528629 215.111539193799 661.557310853921
1750000 225.928202403199 220.695202249707 215.189680402564 661.813085055471
1751000 226.08483242406 220.75545146653 215.39822860118 662.23851249177
1752000 226.228173376968 220.853885008711 215.552424481558 662.634482867237
1753000 226.30663169096 220.996916426967 215.737555141383 663.04110325931
1754000 226.456846144134 221.067958214575 215.827726281511 663.35253064022
1755000 226.562601990724 221.176504883499 215.962266887475 663.701373761697
1756000 226.671762558975 221.28581072167 216.088578102292 664.046151382938
1757000 226.730748355772 221.441221032924 216.268374802445 664.440344191141
1758000 226.87181167158 221.571289590062 216.400598231113 664.843699492755
1759000 227.008895215252 221.627920041892 216.505599361658 665.142414618802
1760000 227.065386795878 221.901544631304 216.736984886131 665.703916313313
1761000 227.180818002888 222.105744039421 216.861417656899 666.147979699207
1762000 227.205734183924 222.217058165616 216.974037566515 666.396829916054
1763000 227.330548967176 222.398668336902 217.086483429709 666.815700733787
1764000 227.421218621109 222.422788243616 217.284648295017 667.128655159742
1765000 227.589293238044 222.576077618291 217.405223115206 667.57059397154
1766000 227.738716720562 222.817460689352 217.531641277116 668.087818687031
1767000 227.836654357536 222.880444875446 217.661256228389 668.37835546137
1768000 227.967685543156 222.963347293507 217.808577574923 668.739610411586
1769000 228.051115338926 223.125610396895 218.001094604689 669.17782034051
1770000 228.249818776985 223.248625422152 218.037059320134 669.535503519272
1771000 228.375516092935 223.261173871123 218.233247487096 669.869937451153
1772000 228.489647503521 223.400281109523 218.454216563466 670.344145176509
1773000 228.595179821101 223.491382951961 218.382648064552 670.469210837614
1774000 228.778518524838 223.579476931913 218.572247821153 670.930243277904
1775000 228.93580991811 223.689612786547 218.623057012172 671.24847971683
1776000 229.051681896563 223.795533186141 218.871584391375 671.718799474079
1777000 229.308410919055 223.930334061555 218.941990189506 672.180735170117
1778000 229.389363274661 224.136969783093 219.073977386949 672.600310444702
1779000 229.477354328956 224.216501557451 219.182380875252 672.876236761659
1780000 229.546490605441 224.389519643005 219.313621883828 673.249632132274
1781000 229.6484977807 224.495577270401 219.396979022088 673.54105407319
1782000 229.797858189525 224.542576377688 219.460560100748 673.80099466796
1783000 229.883826488476 224.687794437324 219.621858681178 674.193479606977
1784000 229.970860683036 224.843428302205 219.84197577319 674.656264758431
1785000 229.980318989698 224.999052643471 219.934447296065 674.913818929235
1786000 230.159621658357 225.068301261113 219.995087346412 675.223010265882
1787000 230.281784541964 225.098006017393 220.108162020039 675.487952579396
1788000 230.357096701234 225.212856606827 220.275841591004 675.845794899065
1789000 230.46392515164 225.463003631265 220.287840729818 676.214769512723
1790000 230.6886006223 225.533831190927 220.331686702234 676.554118515461
1791000 230.752105488411 225.688668405763 220.435249941276 676.87602383545
1792000 230.966102033421 225.810265326925 220.629843750259 677.406211110605
1793000 230.976853053087 225.876196101739 220.704637742885 677.557686897711
1794000 231.09249255571 225.879861719423 220.832161497113 677.804515772246
1795000 231.315540203535 225.973805042623 220.869984625407 678.159329871565
1796000 231.416256596303 226.180507515695 220.966556663752 678.56332077575
1797000 231.532159229386 226.255312782498 221.123528795938 678.911000807822
1798000 231.669259334827 226.412420831551 221.189219121455 679.270899287834
1799000 231.822640566272 226.508343805097 221.318632055874 679.649616427243
1800000 231.91073851886 226.690516639004 221.567851263519 680.169106421384
1801000 231.94811048856 226.835652252177 221.657261725187 680.441024465924
1802000 232.110976325108 226.972761592604 221.788209738362 680.871947656073
1803000 232.185192801151 227.084135504112 221.88338117696 681.152709482223
1804000 232.317744102087 227.212516337116 221.938086082416 681.468346521619
1805000 232.40231210702 227.31942784961 221.983321463954 681.705061420585
1806000 232.470546107942 227.44425784703 222.082125816575 681.996929771548
1807000 232.642595051255 227.596137136646 222.266147089486 682.504879277388
1808000 232.800959624439 227.649988992328 222.464062558977 682.915011175745
1809000 232.820315286137 227.770710607152 222.515336608291 683.10636250158
1810000 232.940147217301 227.873785969153 222.680773401091 683.494706587545
1811000 233.014099722514 227.96653305736 222.821298177749 683.801930957622
1812000 233.182963750793 228.112163929524 222.932465557266 684.227593237583
1813000 233.349419256586 228.224986277845 223.106228210404 684.680633744835
1814000 233.567512672541 228.414808990605 223.199016407661 685.181338070808
1815000 233.68689549827 228.648164464234 223.214384500771 685.549444463275
1816000 233.771514380205 228.686093480164 223.296693057027 685.754300917396
1817000 233.823151891869 228.793152823262 223.392803262468 686.009107977599
1818000 233.837965290302 228.957876081031 223.496395844094 686.292237215426
1819000 234.056437508527 229.022086332945 223.622718857368 686.70124269884
1820000 234.100544578424 229.222837707284 223.717569216493 687.040951502201
1821000 234.193384394141 229.359521974756 223.928587061253 687.48149343015
1822000 234.339241326528 229.430993795411 223.881644417296 687.651879539235
1823000 234.415112572995 229.651450164185 224.001494749568 688.068057486748
1824000 234.537537737189 229.693612359528 224.095972487098 688.327122583815
1825000 234.642248907047 229.714197567803 224.339042177912 688.695488652763
1826000 234.815872860055 229.904569129172 224.42648611796 689.146928107188
1827000 234.833082505113 229.967768674102 224.577200990065 689.378052169279
1828000 235.01065876008 230.088744073252 224.704370686425 689.803773519757
1829000 235.21234257795 230.232850427669 224.75293448463 690.198127490249
1830000 235.227300826108 230.39152305152 224.940765869125 690.559589746753
1831000 235.327692788099 230.556830685625 224.989352590172 690.873876063896
1832000 235.485264437432 230.65398738416 225.109856424083 691.249108245675
1833000 235.650429793228 230.834983985981 225.171705889534 691.657119668743
1834000 235.707236466191 230.970133242631 225.280951487767 691.95832119659
1835000 235.845499372261 231.052110233024 225.440067020969 692.337676626254
1836000 236.033981159276 231.199095079147 225.617071879793 692.850148118216
1837000 236.180186663872 231.387933682456 225.726966754677 693.295087101005
1838000 236.252981561528 231.479707371848 225.791819450966 693.524508384342
1839000 236.393348943423 231.617867453754 225.87851215752 693.889728554698
1840000 236.512175632117 231.78850363572 226.004084658828 694.304763926664
1841000 236.662429846242 231.905197501538 226.115805181002 694.683432528782
1842000 236.81490146168 231.961681165512 226.227659432288 695.00424205948
1843000 236.878968497606 232.160976300079 226.38467182035 695.424616618035
1844000 237.039478723373 232.213769195094 226.521045678146 695.774293596613
1845000 237.222976675621 232.381449686785 226.720969031091 696.325395393497
1846000 237.22805332202 232.605175069811 226.94109213691 696.774320528741
1847000 237.420877312675 232.643541133168 227.002993135174 697.067411581017
1848000 237.636340736376 232.62929877505 227.065767304862 697.331406816287
1849000 237.739371718765 232.713790859222 227.214083278682 697.667245856669
1850000 237.754033383663 232.872379003713 227.397958552313 698.02437093969
1851000 237.878327543931 233.005623923386 227.512783393771 698.396734861088
1852000 238.019639016311 233.153323093504 227.589200430739 698.762162540555
1853000 238.133301019495 233.272983265805 227.665035096161 699.071319381462
1854000 238.396982064616 233.369824262895 227.791342590009 699.55814891752
1855000 238.443192708959 233.467784222886 227.898926133267 699.809903065112
1856000 238.582242854167 233.633937166881 228.003732744133 700.21991276518
1857000 238.674910645007 233.854525885089 228.170826625422 700.700263155518
1858000 238.719604153025 233.961150401501 228.318564823987 700.999319378513
1859000 238.932121029259 234.039696536718 228.358068841282 701.329886407259
1860000 239.060206083895 234.137391964871 228.335555888591 701.533153937357
1861000 239.167067690611 234.288647139663 228.552402391071 702.008117221345
1862000 239.32662751414 234.401288343679 228.680206574118 702.408122431937
1863000 239.514608902669 234.469307156518 228.841159865731 702.825075924918
1864000 239.621211891819 234.696673895611 228.996235155473 703.314120942903
1865000 239.717870408208 234.733119249398 229.070664972548 703.521654630154
1866000 239.816493255986 234.936796783723 229.183336764663 703.936626804372
1867000 239.966453151472 234.922020611762 229.238066573519 704.126540336754
1868000 240.06854422941 235.147559771791 229.354955018466 704.571059019667
1869000 240.191448182794 235.123469047984 229.466367456882 704.781284687659
1870000 240.309686046068 235.272141187277 229.600606815418 705.182434048763
1871000 240.437867374287 235.295463322232 229.644281088573 705.377611785092
1872000 240.639091120841 235.492754649508 229.76676445476 705.89861022511
1873000 240.734735181488 235.62540192548 229.974840768244 706.334977875212
1874000 240.819336540714 235.801824793484 230.011347405928 706.632508740126
1875000 240.947026282552 235.990641872817 230.14110020026 707.07876835563
1876000 241.016127178598 236.096842391972 230.236564336468 707.349533907038
1877000 241.217120130065 236.249755213919 230.361277347903 707.828152691888
1878000 241.35890145608 236.407391666612 230.518096317544 708.284389440236
1879000 241.391536555112 236.48162286369 230.6668471221 708.540006540903
1880000 241.429058603932 236.451035633902 230.715954617581 708.596048855415
1881000 241.685641866252 236.735352269352 230.761230806304 709.182224941908
1882000 241.802039239219 236.852972286123 230.891113205312 709.546124730654
1883000 242.06112347071 237.064271456975 230.968136264925 710.093531192611
1884000 242.011580870906 237.197149877241 231.140284502661 710.349015250807
1885000 242.076365828229 237.274515280426 231.184086326147 710.534967434802
1886000 242.261330254715 237.371414867884 231.326329357028 710.959074479627
1887000 242.485212272897 237.594036572302 231.432744753407 711.511993598606
1888000 242.565039981912 237.609985136767 231.549715722866 711.724740841545
1889000 242.694106092492 237.769275664302 231.690974187867 712.154355944661
1890000 242.912219855037 237.876040988529 231.823676404846 712.611937248412
1891000 243.019569103955 238.055979950318 231.899230264753 712.974779319026
1892000 243.120824484015 238.203034544678 232.021912659306 713.345771687999
1893000 243.166605465053 238.302154273696 232.189232834352 713.6579925731
1894000 243.215757645363 238.392370008354 232.27164486378 713.879772517497
1895000 243.364636158775 238.509476974693 232.404198621409 714.278311754878
1896000 243.450075309068 238.62481016694 232.508944429438 714.583829905445
1897000 243.561362552794 238.708677652323 232.647443002189 714.917483207306
1898000 243.549618177804 238.790953494992 232.720796073656 715.061367746453
1899000 243.649628619098 238.89489702899 232.827106182427 715.371631830515
1900000 243.77585361784 239.03791075341 232.957202312547 715.770966683797
1901000 243.855223362917 239.17327374943 233.068691751113 716.097188863461
1902000 244.049694260811 239.339052172551 233.169198565304 716.557944998666
1903000 244.166842418923 239.427523299535 233.323680872577 716.918046591034
1904000 244.184989905726 239.555326189858 233.417504954404 717.157821049988
1905000 244.340928684089 239.665404337125 233.545339011739 717.551672032952
1906000 244.412565470127 239.816691353525 233.622946073577 717.852202897229
1907000 244.514470846215 239.878797736878 233.820367569935 718.213636153028
1908000 244.674367128227 240.034766416123 233.961459020567 718.670592564917
1909000 244.847649024221 240.070925721865 234.001596562102 718.920171308187
1910000 244.917545855166 240.233595889988 234.139467891348 719.290609636502
1911000 245.11540462601 240.288167772606 234.203165568138 719.606737966755
1912000 245.18639492852 240.465035183259 234.290266362498 719.941696474276
1913000 245.329037134572 240.639286995851 234.386199494815 720.354523625238
1914000 245.52363876333 240.660717185781 234.479541734749 720.663897683861
1915000 245.603063047396 240.820119717451 234.519460527312 720.942643292159
1916000 245.770282409715 240.808378010147 234.668094155483 721.246754575345
1917000 245.839469543012 241.095234188618 234.793271557776 721.727975289406
1918000 246.021495108477 241.086427905145 234.881199366666 721.989122380288
1919000 246.146656610285 241.22313915822 235.005202856233 722.374998624738
1920000 246.402031896446 241.399364903702 235.197484464408 722.998881264556
1921000 246.305344781258 241.479468530072 235.237896912354 723.022710223684
1922000 246.535714386105 241.55199355837 235.57873558142 723.666443525895
1923000 246.591679584086 241.716869377588 235.596705891658 723.905254853333
1924000 246.810202102175 241.973994360284 235.612908110872 724.397104573331
1925000 246.949583716344 242.107872725168 235.757759714186 724.815216155698
1926000 247.047795997825 242.252537155657 235.919073289777 725.219406443259
1927000 247.157229279781 242.285229106993 236.1002096159 725.542668002674
1928000 247.357520761819 242.399944632432 236.149553828662 725.907019222913
1929000 247.465349407475 242.49597586652 236.321357122232 726.282682396227
1930000 247.661498490619 242.563350302106 236.387037762796 726.611886555522
1931000 247.821899875443 242.699138054965 236.508987756566 727.030025686975
1932000 247.946040820036 242.831246149662 236.588219586697 727.365506556396
1933000 248.081924183302 242.860485429927 236.620144651888 727.562554265118
1934000 248.27154120528 243.129084919134 236.747951480882 728.148577605296
1935000 248.323690319925 243.23958648574 236.9080099301 728.471286735765
1936000 248.374694566195 243.359331612145 237.006639031463 728.740665209803
1937000 248.47255929513 243.531878473053 237.18480419329 729.189241961473
1938000 248.603230410159 243.692695536857 237.306209784916 729.602135731932
1939000 248.792378299928 243.87184696593 237.422098223559 730.086323489416
1940000 248.859534994274 243.977220897262 237.533709109516 730.370465001052
1941000 249.024273355359 244.080917796083 237.549730096527 730.65492124797
1942000 249.121896828856 244.228988484832 237.659227494807 731.010112808495
1943000 249.271235275329 244.345151643411 237.722928599715 731.339315518455
1944000 249.332026450294 244.450107103696 237.812852955475 731.594986509465
1945000 249.440063871203 244.585143728355 237.929816787567 731.955024387125
1946000 249.609890713262 244.638302501509 237.92562643237 732.173819647141
1947000 249.650981622646 244.7334918463 238.074074243515 732.458547712461
1948000 249.767827750976 244.86781268729 238.198437183835 732.834077622101
1949000 249.857333601815 245.034096701063 238.283488905492 733.17491920837
1950000 250.025795438152 245.119301088531 238.27197046726 733.417066993944
1951000 250.189141840513 245.197362397275 238.35852349876 733.745027736549
1952000 250.306477697508 245.2600196939 238.460841856025 734.027339247433
1953000 250.474892866052 245.340341151898 238.620717884243 734.435951902194
1954000 250.654162867899 245.493238145609 238.696442989219 734.843844002727
1955000 250.876531785993 245.581301974753 238.857643302936 735.315477063682
1956000 250.992073442119 245.608549806783 239.008276306378 735.60889955528
1957000 251.039745427578 245.806845827648 239.03966107391 735.886252329137
1958000 251.137116072862 245.895423757725 239.179497889277 736.212037719864
1959000 251.324272469913 246.020743087429 239.313753382507 736.658768939848
1960000 251.369816846088 246.109719612459 239.381761336496 736.861297795042
1961000 251.460325591023 246.236367404041 239.609657034908 737.306350029972
1962000 251.620194373591 246.42243399643 239.652994995726 737.695623365746
1963000 251.737427741575 246.574798102995 239.725249060674 738.037474905244
1964000 251.949924895513 246.638494319952 239.884020035152 738.472439250617
1965000 252.028492043729 246.743286441497 240.072008208503 738.843786693729
1966000 252.185995166969 246.856943185582 240.090526273913 739.133464626464
1967000 252.214818384109 247.053724384198 240.292194703824 739.56073747213
1968000 252.293714858049 247.080874393677 240.409188415805 739.783777667531
1969000 252.523465528484 247.185301153975 240.502807876639 740.211574559098
1970000 252.65882274855 247.30967796328 240.644205750552 740.612706462382
1971000 252.737549843749 247.383831722407 240.794144476623 740.915526042778
1972000 252.82085347322 247.526970416077 240.825940039977 741.173763929274
1973000 252.890910106115 247.713369197228 241.000981319769 741.605260623112
1974000 253.017090453908 247.836825659233 241.116595856098 741.970511969239
1975000 253.116579559698 247.921928297272 241.096741537263 742.135249394232
1976000 253.22809330986 248.014974023032 241.260000433845 742.503067766738
1977000 253.378003919302 248.190294205268 241.449706238813 743.018004363383
1978000 253.497682390719 248.286107048908 241.577103507904 743.360892947531
1979000 253.56212576349 248.406873903191 241.673980532137 743.642980198818
1980000 253.745109607781 248.552990863641 241.807482233119 744.105582704541
1981000 253.902015511197 248.619183364006 241.927863722082 744.449062597284
1982000 254.015998724708 248.675564342796 242.056271292963 744.747834360468
1983000 254.109071768683 248.742940052874 242.259455329884 745.11146715144
1984000 254.24880625726 248.831409763296 242.380014591206 745.460230611762
1985000 254.382170001516 248.906708846568 242.433065429874 745.721944277959
1986000 254.618558128533 249.0696366207 242.623679460916 746.31187421015
1987000 254.720895989591 249.182507172363 242.805347977585 746.708751139538
1988000 254.786458131545 249.286349240832 242.871542023817 746.944349396194
1989000 254.923971402343 249.371880787848 243.039529076538 747.33538126673
1990000 254.975903063047 249.455436709974 243.045527670207 747.476867443228
1991000 255.245185241145 249.639186604425 243.15775951267 748.04213135824
1992000 255.269352804555 249.73547251506 243.335290059927 748.340115379542
1993000 255.453957047072 249.789134580827 243.452454553088 748.695546180987
1994000 255.579577691553 249.961419702224 243.497978202543 749.038975596319
1995000 255.616293485048 250.008637704321 243.633121420257 749.258052609626
1996000 255.714030380255 250.275088807241 243.803172684164 749.79229187166
1997000 255.816994944512 250.313426104477 243.89836402046 750.028785069449
1998000 255.941430658989 250.481840654595 243.965972573649 750.389243887233
1999000 256.046761000588 250.576775679203 244.096426066503 750.719962746293
2000000 256.187531263057 250.696016990412 244.244637182349 751.128185435818
2001000 256.326656198842 250.827599588398 244.35522369845 751.50947948569
2002000 256.509820748318 250.984998653427 244.355291204063 751.850110605808
2003000 256.575602764787 250.997161488013 244.53579884352 752.10856309632
2004000 256.70740298478 251.059540658489 244.644470351095 752.411413994364
2005000 256.831991810954 251.131031627232 244.7985426944 752.761566132586
2006000 256.890952426388 251.18761567145 244.924844269061 753.0034123669
2007000 257.132763253312 251.343482915951 245.044031898958 753.52027806822
2008000 257.177133401006 251.433890429071 245.169873865239 753.780897695317
2009000 257.251244361049 251.552267541162 245.27437948227 754.077891384481
2010000 257.396221814733 251.657598852653 245.298320327274 754.352140994661
2011000 257.491828990557 251.806821366207 245.446282704275 754.744933061039
2012000 257.612006190075 251.951048134918 245.506325051643 755.069379376636
2013000 257.691611078894 252.010119176451 245.643330860483 755.345061115827
2014000 257.636333335003 252.0273106153 245.684401393841 755.348045344144
2015000 257.799447234008 252.232181534033 245.815228657547 755.846857425588
2016000 257.9664947904 252.332529298919 245.916790146433 756.215814235752
2017000 258.127194093565 252.368906671656 246.03231225498 756.5284130202
2018000 258.102202181213 252.542660591886 246.119039699354 756.763902472453
2019000 258.239366233944 252.64586746642 246.200023342762 757.085257043126
2020000 258.236976089492 252.746356196429 246.3224175222 757.30574980812
2021000 258.426802196012 252.80213353863 246.425554353952 757.654490088593
2022000 258.44043982815 252.855433158762 246.685949945843 757.981822932756
2023000 258.574620136869 252.883132782328 246.754604269891 758.212357189088
2024000 258.599078834647 253.018553032869 246.818450201199 758.436082068714
2025000 258.782314113448 253.12987979394 246.993074042488 758.905267949875
2026000 258.862975566535 253.253379899076 247.039345175428 759.155700641039
2027000 259.006601676057 253.340406437816 247.219022579003 759.566030692876
2028000 259.128294438718 253.464191254207 247.400635984772 759.993121677697
2029000 259.225875165103 253.632071926084 247.547414633911 760.405361725098
2030000 259.361089566334 253.718216092828 247.564240169151 760.643545828312
2031000 259.54152855893 253.85596939363 247.749210152778 761.146708105338
2032000 259.674618127089 254.029487941114 247.868601005586 761.572707073789
2033000 259.818865290913 254.049530568427 248.037175519076 761.905571378416
2034000 260.0030823474 254.181025364599 248.13986559204 762.323973304038
2035000 260.137108284297 254.288304906702 248.078486768513 762.503899959512
2036000 260.271223249981 254.458567371607 248.306000938669 763.035791560257
2037000 260.423050245561 254.516597213024 248.473668669629 763.413316128214
2038000 260.515545818191 254.569509223904 248.646281472335 763.73133651443
2039000 260.645537880015 254.710382376694 248.676714543887 764.032634800596
2040000 260.755556497906 254.763930669148 248.783322513637 764.302809680691
2041000 260.753499700666 254.832600121954 248.92587686494 764.51197668756
2042000 260.943969192371 254.91468697227 249.015094634378 764.873750799018
2043000 261.094029095872 255.06881484177 249.169368427832 765.332212365475
2044000 261.269117200005 255.229052970642 249.319667935665 765.817838106312
2045000 261.282438714263 255.281519443156 249.384592616457 765.948550773876
2046000 261.421459499775 255.469320976538 249.438906792048 766.329687268361
2047000 261.578288077689 255.582745685388 249.66755633379 766.828590096867
2048000 261.72683836241 255.738605831489 249.776747925783 767.242192119682
2049000 261.884838820834 255.881681731699 249.929537256653 767.696057809185
2050000 261.97646411826 255.881171025652 250.116250642492 767.973885786405
2051000 262.197320428752 255.969965165375 250.194034893959 768.361320488086
2052000 262.289611709174 256.210819983885 250.230811416666 768.731243109725
2053000 262.381844576588 256.266949078033 250.307438298981 768.956231953603
2054000 262.537303057407 256.458489986781 250.446271000486 769.442064044674
2055000 262.690369074386 256.580047510255 250.708258354491 769.978674939133
2056000 262.682896472844 256.727158610622 250.781630652087 770.191685735553
2057000 262.888184266515 256.856079080407 250.923486573915 770.667749920837
2058000 262.999872158547 256.918972747122 250.90484187112 770.823686776788
2059000 263.038710751005 256.966102084581 251.002664183782 771.007477019367
2060000 263.183636825183 256.986899793056 251.190952317298 771.361488935536
2061000 263.223598737697 257.187446483589 251.309345319607 771.720390540893
2062000 263.409431760784 257.206566394915 251.382493525048 771.998491680747
2063000 263.605321570457 257.380137736237 251.56850212838 772.553961435074
2064000 263.755863623667 257.543530100392 251.67344032638 772.972834050438
2065000 263.774733425572 257.663996089181 251.812443592268 773.251173107022
2066000 263.919414591021 257.824853508754 251.876883184718 773.621151284493
2067000 263.993699627114 257.99481719105 251.949983583931 773.938500402095
2068000 264.066087154057 258.05640095127 252.137677234888 774.260165340214
2069000 264.181240998397 258.250258599104 252.311206864867 774.742706462368
2070000 264.377666766854 258.393142468521 252.365458695985 775.136267931359
2071000 264.477699960252 258.576189546391 252.559920798636 775.613810305278
2072000 264.606425065551 258.682897065597 252.706614908805 775.995937039953
2073000 264.732307854964 258.766122471435 252.747763234716 776.246193561115
2074000 264.696535612569 258.822279309461 252.754096392945 776.272911314975
2075000 264.903587506852 259.040916026858 252.905266549807 776.849770083517
2076000 265.017609187969 259.145887398419 252.913857840961 777.077354427349
2077000 265.254092636743 259.242956077612 253.081025217471 777.578073931826
2078000 265.311756136671 259.405462801232 253.254702665615 777.971921603518
2079000 265.407800700162 259.593354764058 253.299451542502 778.300607006723
2080000 265.546312019504 259.743449388535 253.392772710708 778.682534118747
2081000 265.727130519583 259.777187815695 253.418086914322 778.922405249599
2082000 265.882082246581 259.940597441758 253.585627196084 779.408306884422
2083000 265.970933563347 260.069365633538 253.797016142783 779.837315339667
2084000 266.084796100191 260.11140131678 253.904498593707 780.100696010677
2085000 266.244315091655 260.270350899886 254.054362390332 780.569028381873
2086000 266.33509977245 260.437430147938 254.162853150815 780.935383071202
2087000 266.49974694042 260.534031809969 254.24766313543 781.281441885819
2088000 266.527563735115 260.76019595621 254.503917273468 781.791676964793
2089000 266.745926525152 260.793641325448 254.576597986892 782.116165837493
2090000 266.844318502476 260.89071196013 254.586659743392 782.321690205998
2091000 266.94999523698 261.024424092283 254.73878252601 782.713201855272
2092000 267.061546794543 261.132360479698 254.980968245332 783.174875519574
2093000 267.155540581649 261.325851008108 254.990723802742 783.472115392499
2094000 267.185994217949 261.389923246014 255.158010136576 783.733927600539
2095000 267.30246663796 261.501033367061 255.237566753158 784.041066758179
2096000 267.446138195268 261.576228087159 255.322802602067 784.345168884494
2097000 267.525482653598 261.679230389777 255.515475827744 784.720188871118
2098000 267.673573525788 261.777727356408 255.564084654165 785.015385536361
2099000 267.880983284094 261.860672203697 255.6653641736 785.40701966139
2100000 267.973789826733 261.913260585015 255.786550448408 785.673600860156
2101000 268.097345102824 262.034759554644 255.900722184725 786.032826842193
2102000 268.148282603843 262.1320777551 255.863720646778 786.144081005722
2103000 268.236631405474 262.186334368375 255.988037475324 786.411003249172
2104000 268.454500033187 262.447764143589 256.132659077828 787.034923254603
2105000 268.625248354351 262.538128966271 256.297930021505 787.461307342127
2106000 268.79960789017 262.658366598469 256.374711421644 787.832685910282
2107000 268.927940430207 262.730291561445 256.558207392639 788.216439384291
2108000 269.028255489451 262.850439160858 256.592586787884 788.471281438194
2109000 269.085676276754 262.945751663265 256.667716410269 788.699144350288
2110000 269.290715640808 263.062404491813 256.883369633272 789.236489765893
2111000 269.386511733725 263.212810005907 257.019879205051 789.619200944683
2112000 269.542297583879 263.368638395741 257.084749293989 789.995685273608
2113000 269.70770106454 263.443880892277 257.145142461029 790.296724417846
2114000 269.837649859512 263.554577825618 257.320538099175 790.712765784304
2115000 269.867447377898 263.734499161679 257.48331430182 791.085260841397
2116000 269.881747770964 263.872891451782 257.540895644724 791.29553486747
2117000 270.08534784785 264.010786315522 257.710000396294 791.806134559666
2118000 270.231471382945 264.118620433795 257.843206946416 792.193298763156
2119000 270.309312340498 264.132282134254 257.981558023605 792.423152498357
2120000 270.554094715019 264.247277551497 257.959820759093 792.761193025609
2121000 270.614202916281 264.251566921171 258.052324859375 792.918094696826
2122000 270.794692187046 264.482491783262 258.123907522032 793.40109149234
2123000 270.915406027357 264.549194880124 258.261053774482 793.725654681963
2124000 271.045736951081 264.694599068672 258.383585873949 794.123921893702
2125000 271.087787119638 264.727538778428 258.441237777744 794.256563675811
2126000 271.187373773736 264.827591885181 258.537987650658 794.552953309576
2127000 271.249297153146 264.857956732888 258.573147010862 794.680400896895
2128000 271.417988870076 265.0932816982 258.660111368851 795.171381937126
2129000 271.593981054041 265.092961762053 258.71673650572 795.403679321815
2130000 271.664027696635 265.171839758078 258.867768982539 795.703636437252
2131000 271.669863722669 265.298540160394 258.990637979788 795.959041862851
2132000 271.82124454095 265.450123822123 259.134833069477 796.406201432551
2133000 272.026212338633 265.444568161773 259.207253008268 796.678033508674
2134000 272.215253893708 265.612930451708 259.404224743472 797.232409088889
2135000 272.172211380589 265.756041841094 259.46756366239 797.395816884073
2136000 272.487741385332 265.763846750686 259.757814735001 798.00940287102
2137000 272.552711354824 265.941038470311 259.819197248184 798.312947073319
2138000 272.626003484589 266.165452940138 259.978455003143 798.769911427871
2139000 272.775446463026 266.341296092875 260.063760792005 799.180503347906
2140000 272.867896826002 266.261194828057 260.164557467492 799.293649121551
2141000 272.820009205237 266.443562417768 260.176605485145 799.44017710815
2142000 272.962629981774 266.470552260408 260.297734091592 799.730916333773
2143000 273.096859362902 266.618906657945 260.396218897133 800.11198491798
2144000 273.188052508486 266.745487540509 260.59287827087 800.526418319866
2145000 273.306476532424 266.851177236107 260.762933976742 800.920587745273
2146000 273.335665536736 267.060745852497 260.915290659458 801.31170204869
2147000 273.41397432748 267.223211666739 261.014955201857 801.652141196076
2148000 273.614357917476 267.28683502503 261.272705827029 802.173898769535
2149000 273.679810322909 267.337145378539 261.299971000566 802.316926702014
2150000 273.842296329734 267.566168223013 261.459725746935 802.868190299682
2151000 273.913920720992 267.602353588939 261.544683755667 803.060958065597
2152000 273.930502360709 267.769684455498 261.691945602653 803.39213241886
2153000 274.068279119607 267.961573900747 261.922844134451 803.952697154805
2154000 274.154039878442 268.202210201835 261.991323069227 804.347573149504
2155000 274.175785880981 268.188660932031 262.089996963978 804.45444377699
2156000 274.290078493298 268.316718956246 262.183485491026 804.79028294057
2157000 274.436267265044 268.5509196224 262.448411185573 805.435598073017
2158000 274.572180657999 268.689769683284 262.426491741732 805.688442083015
2159000 274.744667946039 268.807189458627 262.66971499264 806.221572397307
2160000 274.786877533515 268.825088587408 262.780613845027 806.39257996595
2161000 274.929278003725 268.963093545256 262.835196065901 806.727567614883
2162000 275.023114740981 269.144637994174 262.948343946824 807.116096681978
2163000 275.16417721326 269.287813728977 263.038712688071 807.490703630309
2164000 275.24086376954 269.469873891463 263.188667923928 807.899405584931
2165000 275.393180475164 269.462114710809 263.395251012324 808.250546198297
2166000 275.466026987843 269.692892048096 263.46713153669 808.626050572629
2167000 275.505517660365 269.733860570977 263.624934072857 808.864312304198
2168000 275.719455991809 269.868784835271 263.824467503142 809.412708330221
2169000 275.76089637447 269.909804719203 263.92752055073 809.598221644404
2170000 275.785050299247 269.967514539824 263.992784530467 809.745349369538
2171000 275.870164623727 270.140439982481 264.050099676796 810.060704283004
2172000 276.100869825259 270.223359556944 264.091323457035 810.415552839238
2173000 276.301092594048 270.455627157362 264.208997372422 810.965717123832
2174000 276.322264370916 270.527276461161 264.316016254738 811.165557086815
2175000 276.459182414616 270.740127634664 264.437105362188 811.636415411468
2176000 276.59670503465 270.845786076869 264.494291667896 811.936782779414
2177000 276.698775195325 270.871866744099 264.709013991313 812.279655930738
2178000 276.754370774366 270.942298832252 264.700894017815 812.397563624434
2179000 276.905378779956 271.001729331692 264.909673789611 812.816781901259
2180000 276.983825545825 271.230568506027 264.927484599371 813.141878651223
2181000 277.015948524034 271.421095319185 265.112475687897 813.549519531116
2182000 277.178343520469 271.577446573917 265.2328187926 813.988608886987
2183000 277.37652260544 271.607098172658 265.323880600075 814.307501378172
2184000 277.526807339521 271.701252305172 265.420399560284 814.648459204978
2185000 277.578376188588 271.790287617468 265.632368482757 815.001032288813
2186000 277.756398252203 271.819723580999 265.663429620819 815.239551454022
2187000 277.926774079929 271.931600640834 265.768579082894 815.626953803658
2188000 278.028013722951 271.947733051196 265.810389408589 815.786136182736
2189000 278.112706613616 272.202709296567 265.949370130062 816.264786040245
2190000 278.171882089705 272.255445116588 266.033077163564 816.460404369857
2191000 278.23255410733 272.312376401633 266.194363443032 816.739293951995
2192000 278.315800857778 272.415386976154 266.125620140708 816.856807974639
2193000 278.545747484193 272.534190662783 266.336569018707 817.416507165683
2194000 278.697349677024 272.718842115702 266.396724568166 817.812916360891
2195000 278.762092008141 272.708013188221 266.584465633141 818.054570829503
2196000 278.8361402734 272.930626312425 266.720103026092 818.486869611917
2197000 279.032592102936 272.963424404102 266.80850945353 818.804525960568
2198000 279.120724451726 273.153397189437 266.914430800188 819.188552441352
2199000 279.172736033847 273.110952038011 266.960466033477 819.244154105335
2200000 279.374974471004 273.29913871161 267.129020895426 819.80313407804
2201000 279.369206509329 273.404843856772 267.27905895969 820.053109325791
2202000 279.580491510342 273.536831665866 267.273085761918 820.390408938126
2203000 279.509417628258 273.668198569696 267.430224385122 820.607840583076
2204000 279.646006462215 273.866085620495 267.551278062697 821.063370145408
2205000 279.786264646743 273.996135206445 267.709484854177 821.491884707365
2206000 279.934764055214 274.180419755119 267.87531718104 821.990500991373
2207000 280.105060949549 274.249661585028 267.928155548393 822.28287808297
2208000 280.164470510863 274.31280599099 268.022777613715 822.500054115568
2209000 280.167061590681 274.461367845473 268.026485424048 822.654914860201
2210000 280.423821275529 274.617007940295 268.288528419908 823.329357635732
2211000 280.491911735599 274.833583890726 268.352161555913 823.677657182238
2212000 280.669501743905 274.89018928943 268.537116975098 824.096808008433
2213000 280.727428421943 275.109771638286 268.546818671744 824.384018731973
2214000 280.870911917431 275.174590780572 268.745874946583 824.791377644586
2215000 281.046837185417 275.332618447617 268.787392638254 825.166848271289
2216000 281.082877595809 275.319752889123 268.950467484107 825.353097969039
2217000 281.180528401481 275.463121440368 269.219183826151 825.862833668001
2218000 281.393455149177 275.58189169555 269.164974330552 826.140321175279
2219000 281.481938057301 275.667504983953 269.298582230407 826.448025271662
2220000 281.650854243812 275.712132629485 269.354147527798 826.717134401095
2221000 281.836797169945 275.763792398524 269.652872074054 827.253461642523
2222000 281.960988132776 275.707307353593 269.69370426144 827.361999747809
2223000 282.068312715253 275.906894267554 269.917060715095 827.892267697902
2224000 282.210518642079 275.970829980223 269.829538826656 828.010887448957
2225000 282.292018934329 276.162171322765 269.980548525806 828.4347387829
2226000 282.402279091576 276.294542821822 270.120593784775 828.817415698172
2227000 282.485254335044 276.376005470218 270.213804071713 829.075063876975
2228000 282.594527408753 276.576016007942 270.310371143203 829.480914559898
2229000 282.747589656732 276.74160444952 270.437597292031 829.926791398283
2230000 282.871008959467 276.707005411579 270.547167629994 830.12518200104
2231000 282.901132606323 276.726966877585 270.805396262205 830.433495746112
2232000 283.088890588571 276.903269265584 270.845881630237 830.838041484393
2233000 283.167583058591 276.91709584519 270.925269023349 831.00994792713
2234000 283.351171181615 276.984485497301 271.099153980232 831.434810659147
2235000 283.390623854074 277.103149365489 271.216115762169 831.709888981732
2236000 283.512553007253 277.247873482825 271.262776283794 832.023202773872
2237000 283.569663506553 277.335417261321 271.380490770839 832.285571538712
2238000 283.678485024143 277.471701559285 271.498817753871 832.649004337298
2239000 283.81679637202 277.556665444843 271.608234403552 832.981696220416
2240000 283.948214059892 277.588805069565 271.732000572092 833.269019701549
2241000 284.089229480477 277.817524602842 271.788102819538 833.694856902858
2242000 284.266537235568 277.875040036355 271.996289836531 834.137867108454
2243000 284.384367440918 277.998413295756 272.163342512019 834.546123248693
2244000 284.47939176977 278.113183875715 272.254212400382 834.846788045868
2245000 284.652549833664 278.326578281398 272.330198073875 835.309326188937
2246000 284.758680857753 278.452901216351 272.387107750777 835.598689824881
2247000 284.819689057975 278.736933122937 272.564560120074 836.121182300986
2248000 285.139660887269 278.745235626694 272.716748636502 836.601645150465
2249000 285.271711113076 278.879684425976 272.751548530017 836.90294406907
2250000 285.352787130936 278.947623909083 272.790874919559 837.091285959579
2251000 285.461835899841 278.919826254008 272.928302822533 837.309964976383
2252000 285.568339429858 279.075353879984 273.086292551303 837.729985861145
2253000 285.619613257245 279.182052194964 273.11470075611 837.916366208319
2254000 285.894883343802 279.261200407887 273.140867038491 838.29695079018
2255000 285.980759603136 279.205986205045 273.277048290082 838.463794098262
2256000 286.129810953808 279.380799281471 273.404044198308 838.914654433588
2257000 286.363907178548 279.490268072338 273.622540884437 839.476716135324
2258000 286.451064220976 279.638379235552 273.752458253659 839.841901710187
2259000 286.69556871623 279.734529254497 273.796941474444 840.22703944517
2260000 286.770634355886 279.874392597769 274.064935220243 840.709962173899
2261000 286.985547984969 279.93921237285 274.158428008842 841.083188366661
2262000 286.974562971441 280.100669519789 274.339480317926 841.414712809156
2263000 287.109764810733 280.157211022421 274.364452384073 841.631428217227
2264000 287.113666842233 280.309709083054 274.576775829555 842.000151754841
2265000 287.267237565906 280.39744400299 274.575621411401 842.240302980297
2266000 287.439474498495 280.579815336017 274.722634041794 842.741923876307
2267000 287.514409794879 280.768288401967 274.816550109248 843.099248306094
2268000 287.585272003205 280.885038447988 274.845494956273 843.315805407466
2269000 287.719846298656 280.977642186524 275.001350389605 843.698838874785
2270000 287.861590017991 281.129795499952 275.1647977677 844.156183285643
2271000 287.867423090927 281.191104240921 275.293603834002 844.35213116585
2272000 287.891923634827 281.357779113895 275.447696849362 844.697399598084
2273000 287.985639494544 281.450734312652 275.439887627244 844.87626143444
2274000 288.134369607408 281.630084510358 275.589904565605 845.354358683371
2275000 288.176074971652 281.859370319373 275.694085691009 845.729530982034
2276000 288.321312342395 281.894143941184 275.784686931403 846.000143214982
2277000 288.393083813326 281.929067937518 275.837111368048 846.159263118891
2278000 288.501552468908 281.973739313247 275.995522873741 846.470814655896
2279000 288.654357220265 282.072383085249 276.015971702598 846.742712008112
2280000 288.773161689231 282.083935575342 276.072329757095 846.929427021667
2281000 288.890008861432 282.111718390267 276.079891152647 847.081618404346
2282000 289.007512317996 282.309909378355 276.228887020802 847.546308717153
2283000 289.077334615726 282.428717388499 276.356833617335 847.862885621559
2284000 289.236296193073 282.494261898772 276.441460042947 848.172018134793
2285000 289.342835644802 282.670750913452 276.519278394017 848.532864952271
2286000 289.45966593357 282.771582999512 276.65568780364 848.886936736723
2287000 289.723245254784 283.005615856104 276.837487311385 849.566348422273
2288000 289.715838080347 283.208828763359 276.914415554955 849.83908239866
2289000 289.944564001912 283.354636011935 276.958320157077 850.257520170924
2290000 290.041776059587 283.305501831441 277.200445698532 850.547723589559
2291000 290.21184054401 283.435554219473 277.179790426123 850.827185189606
2292000 290.363732364355 283.62687736222 277.296206105603 851.286815832178
2293000 290.4752552366 283.705842924821 277.41550878645 851.59660694787
2294000 290.686234584218 283.879956070516 277.514785630499 852.080976285233
2295000 290.6125008684 283.990179698243 277.565891233107 852.16857179975
2296000 290.759839562851 284.21208036879 277.712201418887 852.684121350528
2297000 290.897998098667 284.457992364993 277.914776665505 853.270767129165
2298000 290.984484163783 284.41738979841 278.098419773874 853.500293736067
2299000 291.128872043848 284.621271353669 278.175174335273 853.925317732789
2300000 291.269500228437 284.628240429487 278.292534639582 854.190275297506
2301000 291.433572664333 284.744209062131 278.417259133356 854.59504085982
2302000 291.57938901702 284.801101890624 278.551089480483 854.931580388127
2303000 291.581832187515 284.857959633602 278.64313312231 855.082924943426
2304000 291.778300492372 284.95574167456 278.797950045227 855.531992212159
2305000 291.911678150126 285.2043338954 278.89914046605 856.015152511576
2306000 292.076175262499 285.353587720394 279.102382010011 856.532144992904
2307000 292.215597466038 285.484805236905 279.145441989489 856.845844692431
2308000 292.290519346016 285.53167311484 279.415901085573 857.238093546429
2309000 292.401202758866 285.757851036447 279.558623604747 857.717677400059
2310000 292.64457615942 285.866037580664 279.60087873105 858.111492471134
2311000 292.667960076158 286.094423226809 279.670667139044 858.433050442011
2312000 292.88224821819 286.144768464307 279.81839860331 858.845415285808
2313000 293.067262826783 286.221598534003 279.850704869021 859.139566229808
2314000 293.162579536336 286.436370914467 279.953703677227 859.55265412803
2315000 293.231742114821 286.62734324901 280.135128561934 859.994213925765
2316000 293.326086725342 286.88743703529 280.213613587102 860.427137347734
2317000 293.470228490704 286.938230258569 280.357657973727 860.766116723
2318000 293.626302101091 286.974456271776 280.503593565019 861.104351937887
2319000 293.693505812611 287.053266310991 280.64065683849 861.387428962092
2320000 293.913988968858 287.093862007946 280.831514023019 861.839364999824
2321000 293.912815575206 287.346121689845 280.842081848948 862.101019113999
2322000 294.076445020654 287.442152459514 280.921273871674 862.439871351841
2323000 294.092507749533 287.570176945569 281.093775657799 862.756460352901
2324000 294.284332035074 287.580978187167 281.203814415691 863.069124637932
2325000 294.28948603613 287.774150399634 281.312175047106 863.37581148287
2326000 294.329482178395 287.964419448184 281.428762348514 863.722663975092
2327000 294.399899047762 288.037655353466 281.652045302986 864.089599704215
2328000 294.598950388216 287.991029101309 281.76615300435 864.356132493874
2329000 294.769936633591 288.254547741896 281.813313389803 864.83779776529
2330000 294.837437113323 288.250781139854 281.959484093715 865.047702346891
2331000 294.965191213593 288.360993473003 282.018880068799 865.345064755394
2332000 295.175562607158 288.536579706364 282.182499003035 865.894641316557
2333000 295.17950098491 288.633719796152 282.3743725245 866.187593305563
2334000 295.295347679381 288.723533334324 282.542909418426 866.561790432132
2335000 295.408654598561 288.873761468877 282.511480220042 866.79389628748
2336000 295.597521266072 289.088842495026 282.628340896652 867.31470465775
2337000 295.789908923619 289.150051634039 282.710334100183 867.650294657841
2338000 295.849459362 289.23078307388 282.873571454616 867.953813890496
2339000 295.985157688311 289.349003689709 282.962170655479 868.296332033499
2340000 296.078514520566 289.515328115408 283.072594148125 868.666436784099
2341000 296.236244093123 289.690551163192 283.208945004322 869.135740260636
2342000 296.381217984913 289.694472453237 283.265811355027 869.341501793177
2343000 296.492864439087 289.819133934776 283.457262203759 869.769260577621
2344000 296.53237592947 289.8985573157 283.583958612992 870.014891858162
2345000 296.565758388511 290.114759049268 283.710572083392 870.39108952117
2346000 296.721857158467 290.268201807395 283.85111542236 870.841174388222
2347000 296.814697303697 290.42478300585 283.910223110538 871.149703420085
2348000 296.886535648046 290.534818649189 283.999671568914 871.421025866149
2349000 297.052880252414 290.739293347805 284.040173275662 871.83234687588
2350000 297.191793617131 290.885462131961 284.182661994806 872.259917743898
2351000 297.203878340644 290.962588042463 284.27198570837 872.438452091478
2352000 297.318399390683 291.081351652532 284.457258011555 872.85700905477
2353000 297.513632771401 291.208045993569 284.576219472772 873.297898237743
2354000 297.676140102861 291.226915771595 284.738110484933 873.641166359389
2355000 297.726985434241 291.425570189727 284.778409728493 873.93096535246
2356000 297.892069738127 291.563656073598 284.868021276543 874.323747088268
2357000 297.977753260047 291.656996378989 285.016385280214 874.65113491925
2358000 298.025001959229 291.66194330777 285.103491322661 874.79043658966
2359000 298.113060963495 291.790117397702 285.330763663651 875.233942024848
2360000 298.224265165855 291.91247942412 285.430477177657 875.567221767633
2361000 298.376177729545 292.032509078363 285.647502497959 876.056189305867
2362000 298.541657117064 292.053352365331 285.633046450313 876.228055932707
2363000 298.743514054223 292.19179038758 285.707007655708 876.642312097511
2364000 298.8508085487 292.234236113643 285.798737109347 876.88378177169
2365000 298.843869890752 292.468410130265 285.961837278571 877.274117299589
2366000 299.017105943467 292.456131347469 286.101197212439 877.574434503375
2367000 299.120084261722 292.688612938138 286.218517059576 878.027214259435
2368000 299.303280195776 292.7700895546 286.323142500734 878.39651225111
2369000 299.355326646804 292.896233002499 286.408036949602 878.659596598905
2370000 299.432574797832 292.899842657476 286.442706560316 878.775124015624
2371000 299.580591589039 293.007553984083 286.650222675058 879.23836824818
2372000 299.575190334099 293.166628003607 286.679949031145 879.42176736885
2373000 299.816604989931 293.239258262134 286.730255038201 879.786118290266
2374000 299.884377820566 293.342553109105 286.915396961341 880.142327891012
2375000 300.061040179752 293.472984232269 287.048223756983 880.582248169004
2376000 300.184810564449 293.589734342027 287.112954657327 880.887499563803
2377000 300.210068430066 293.677329503274 287.125808990752 881.013206924092
2378000 300.409610216323 293.7673975575 287.277735615836 881.454743389658
2379000 300.508662947893 293.876681732703 287.42039847679 881.805743157386
2380000 300.563629937555 294.12498918152 287.552390731303 882.241009850379
2381000 300.735857187623 294.238953317534 287.744223760981 882.719034266137
2382000 300.840422777607 294.295750945932 287.711994478098 882.848168201637
2383000 300.983502032268 294.4736365763 287.735116273491 883.192254882059
2384000 301.052359225152 294.513638498553 287.848129764521 883.414127488227
2385000 301.185538982832 294.678137250864 287.993857319276 883.857533552972
2386000 301.271420293878 294.684893704673 288.113297895171 884.069611893722
2387000 301.401298873489 294.680040250498 288.154477102042 884.235816226029
2388000 301.520650789413 294.933215067445 288.232084311588 884.685950168445
2389000 301.641222938456 295.09549018346 288.30662984162 885.043342963536
2390000 301.692401711775 295.159197452982 288.382346352567 885.233945517324
2391000 302.004334730776 295.344868323456 288.582309527933 885.931512582165
2392000 302.076729731652 295.461974959532 288.624788888407 886.163493579592
2393000 302.229572025009 295.505276138463 288.724667219851 886.459515383323
2394000 302.342360655134 295.564067924687 288.913807292099 886.820235871921
2395000 302.519814040502 295.705297105704 289.018148673929 887.243259820136
2396000 302.623897338563 295.821603797316 289.07636801184 887.521869147719
2397000 302.718105280455 295.932517100569 289.15227819078 887.802900571804
2398000 302.820099267168 296.052490742885 289.32975525136 888.202345261413
2399000 302.981558587499 296.169652965444 289.388695176349 888.539906729291
2400000 303.060947756461 296.298877034944 289.565518662032 888.925343453437
2401000 303.348048850591 296.24483946004 289.687302590203 889.280190900834
2402000 303.389538771072 296.374836875835 289.810003455854 889.574379102761
2403000 303.567421218463 296.561800348565 289.978940273815 890.108161840843
2404000 303.658224548358 296.673282537945 290.029930616579 890.361437702881
2405000 303.80827049528 296.719303800519 290.073741291052 890.601315586851
2406000 303.895997553816 296.802666792325 290.284191253127 890.982855599268
2407000 304.074188434373 296.791389797141 290.352047752684 891.217625984198
2408000 304.166210130759 296.982893207926 290.388595098814 891.5376984375
2409000 304.252628219186 297.078365126922 290.480694665078 891.811688011187
2410000 304.427958232427 297.307247789404 290.637504845103 892.372710866933
2411000 304.58085635193 297.31022762538 290.697399107793 892.588483085103
2412000 304.643678698898 297.469802207057 290.869073927179 892.982554833134
2413000 304.889711936517 297.720067085162 291.126870147972 893.736649169651
2414000 305.035498765838 297.792884431855 291.282211344116 894.11059454181
2415000 305.217120654505 297.942496272892 291.31401950197 894.473636429366
2416000 305.383678652946 298.033221215109 291.329822853276 894.746722721331
2417000 305.490362721166 298.179399168393 291.50166834068 895.171430230239
2418000 305.619856036096 298.35817467867 291.603212795925 895.581243510691
2419000 305.753696110184 298.466206225922 291.746936843097 895.966839179203
2420000 305.881542558746 298.51845840518 291.777273956042 896.177274919968
2421000 306.032487716952 298.616480771062 291.979335985528 896.628304473542
2422000 306.028236566219 298.747795235328 292.072379260451 896.848411061998
2423000 306.199028040898 298.809283162307 292.258991017232 897.267302220436
2424000 306.449510231897 298.983452808151 292.288393246689 897.721356286737
2425000 306.525224686992 298.987448579155 292.344273540964 897.856946807111
2426000 306.712736826587 299.298884249957 292.466809590919 898.478430667463
2427000 306.703495445942 299.363767098212 292.535842832096 898.60310537625
2428000 306.895963069667 299.561582995615 292.648173730008 899.10571979529
2429000 306.927150240256 299.602685422259 292.853110254525 899.38294591704
2430000 307.006262571183 299.682020327327 292.885735543131 899.574018441641
2431000 307.263449241062 299.742339402704 293.092223574298 900.098012218064
2432000 307.354875262688 299.853100706966 293.275170409605 900.483146379259
2433000 307.618728690965 299.902739715006 293.354928156043 900.876396562013
2434000 307.744392955992 299.945507029779 293.345029830082 901.034929815853
2435000 307.766845316014 300.067107019213 293.51609601886 901.350048354087
2436000 307.909233706879 300.333047608861 293.547686001612 901.789967317352
2437000 307.951499006894 300.475159627448 293.726482106341 902.153140740683
2438000 308.138725941429 300.562250043211 293.856316999479 902.557292984119
2439000 308.099346483462 300.720852404749 293.967019402081 902.787218290293
2440000 308.226707753649 300.843127568247 294.061508120205 903.131343442102
2441000 308.436872968695 300.883894921709 294.113919366341 903.434687256744
2442000 308.495541075668 301.044914970797 294.345970631595 903.886426678061
2443000 308.604020201567 301.251801482053 294.365197806247 904.221019489868
2444000 308.715627057579 301.386118773413 294.520112063587 904.621857894579
2445000 308.857243118571 301.461442748548 294.601262808027 904.919948675146
2446000 308.993247032927 301.656161230417 294.744075178179 905.393483441523
2447000 309.151874550432 301.854245407601 294.794000617355 905.800120575387
2448000 309.160381887824 301.959004741666 294.882336260751 906.00172289024
2449000 309.294177529648 302.121067828377 295.007095699237 906.422341057262
2450000 309.409307952048 302.201061013456 295.019603870626 906.62997283613
2451000 309.496414289062 302.218819518394 295.266073288349 906.981307095805
2452000 309.481283879208 302.321872798757 295.432552409377 907.235709087342
2453000 309.588096058448 302.50760703284 295.459319776247 907.555022867536
2454000 309.818052297038 302.638295811483 295.536567406019 907.992915514539
2455000 309.858335519205 302.897930564322 295.652597132111 908.408863215638
2456000 310.032736474693 302.930264474584 295.788137770022 908.751138719298
2457000 310.149159126869 302.964334031497 295.960260246307 909.073753404673
2458000 310.335326360593 303.121682185079 296.095695774649 909.552704320321
2459000 310.395586743961 303.209834573046 296.150711707214 909.756133024221
2460000 310.523967518269 303.402300470521 296.207797369825 910.134065358615
2461000 310.47843467426 303.422726003732 296.345109492979 910.246270170971
2462000 310.746693621122 303.611908089263 296.467460320924 910.826062031309
2463000 310.787994544411 303.749277825853 296.394438784807 910.93171115507
2464000 311.017091062455 303.811571612846 296.511602465127 911.340265140428
2465000 311.171024704677 304.014795350036 296.614049964123 911.799870018835
2466000 311.250159581727 304.179380558219 296.755203901157 912.184744041104
2467000 311.423234507854 304.376108587512 296.870996551236 912.670339646603
2468000 311.688357390274 304.503451498368 297.012537725407 913.204346614049
2469000 311.640713962367 304.679425886422 297.093801603519 913.413941452308
2470000 311.781577049264 304.746657689631 297.197086862406 913.725321601301
2471000 312.083586398789 304.841221462664 297.301572414506 914.226380275958
2472000 312.139158090039 304.942418274303 297.392815300272 914.474391664614
2473000 312.337882405909 305.115136997337 297.508535179854 914.9615545831
2474000 312.461690343226 305.197040296905 297.647001367328 915.305732007458
2475000 312.625187011336 305.328594008857 297.82023915291 915.774020173103
2476000 312.8177349279 305.303305214579 297.953955616001 916.07499575848
2477000 312.918445382373 305.492867151114 298.028889787121 916.440202320608
2478000 313.101728429146 305.645499512713 298.184930751399 916.932158693258
2479000 313.216443668269 305.667522816966 298.331684832868 917.215651318104
2480000 313.363790119759 305.730721553704 298.451672781475 917.546184454938
2481000 313.520180089721 305.86536337735 298.555735207614 917.941278674686
2482000 313.629870905571 305.902965759732 298.745655678552 918.278492343855
2483000 313.670091752576 305.946190569906 298.788629825359 918.40491214784
2484000 313.670670973659 306.04241301435 298.827613597275 918.540697585284
2485000 313.708294098157 306.117075882574 298.887554517087 918.712924497819
2486000 313.870449790644 306.220915668613 299.070318649043 919.161684108299
2487000 314.009242352691 306.299474496365 299.110415327336 919.419132176392
2488000 314.11397811287 306.459678214508 299.271882392854 919.845538720231
2489000 314.159887310601 306.482717201074 299.353944433029 919.996548944704
2490000 314.189122862732 306.56034030909 299.501321573545 920.250784745367
2491000 314.249322926593 306.72688828168 299.565188618595 920.541399826867
2492000 314.397677790163 306.945842971219 299.704409109764 921.047929871147
2493000 314.510922690643 306.951431557088 299.821193613863 921.283547861593
2494000 314.636501246615 307.050841514475 299.935441645353 921.622784406443
2495000 314.839517540059 307.108165686028 300.096929100787 922.044612326875
2496000 314.896428399 307.271160258698 300.283681975399 922.451270633098
2497000 314.989566619106 307.500557783223 300.428302749748 922.918427152077
2498000 315.004706363171 307.557137167104 300.37031809934 922.932161629615
2499000 315.041801804585 307.589409726901 300.583903136918 923.215114668405
2500000 315.106852226724 307.715104422747 300.700083093977 923.522039743448
2501000 315.205798396063 307.813419510347 300.78082546872 923.80004337513
2502000 315.412183040358 307.909060658511 300.794372699712 924.115616398581
2503000 315.521188982187 308.146105159869 300.907836764994 924.57513090705
2504000 315.695900543638 308.24941833464 301.084991262933 925.030310141211
2505000 315.874141232656 308.291333446523 301.119115715263 925.284590394441
2506000 315.908166729641 308.443838245828 301.228653744446 925.580658719915
2507000 316.078233009036 308.543100879981 301.42203060306 926.043364492078
2508000 316.117836263179 308.723124775532 301.460557161788 926.301518200498
2509000 316.185659367471 308.838162479659 301.522379509474 926.546201356604
2510000 316.255067234838 308.906411644963 301.635370558659 926.79684943846
