# Fix print output for fix 2
10000 5.44496728778287e-33 2.08151570719186e-28 4.08372546583716e-33 2.08161099411939e-28
11000 0.309303576882841 0.310833773010814 0.32338632554296 0.943523675436616
12000 0.457889084714332 0.449555915045721 0.466608994903799 1.37405399466385
13000 0.594070468860679 0.582583141498258 0.600963600840403 1.77761721119934
14000 0.726121371503146 0.70570341833148 0.734346339619317 2.16617112945394
15000 0.867304696787321 0.831123278001084 0.866780513995347 2.56520848878375
16000 1.00481323166394 0.962560715628574 0.999462187439734 2.96683613473225
17000 1.14093127691554 1.08830410614057 1.13382975544728 3.3630651385034
18000 1.27124071192271 1.21379172115031 1.26505176828475 3.75008420135777
19000 1.39639010698038 1.32912739661084 1.38294374773653 4.10846125132774
20000 1.52713743128016 1.44895219352678 1.51009352153647 4.4861831463434
21000 1.65212818792629 1.56909603985892 1.62980459837083 4.85102882615603
22000 1.77929062548252 1.69884114783956 1.75842224855183 5.2365540218739
23000 1.91328600584817 1.81625315513999 1.89030305900821 5.61984221999638
24000 2.04405922226292 1.92919201892677 2.01654412129862 5.98979536248832
25000 2.16747854890167 2.05293196603991 2.15206437750753 6.37247489244911
26000 2.30623874862178 2.1848962740632 2.28310066044588 6.77423568313086
27000 2.43893998910673 2.30133150987509 2.39753857979416 7.13781007877598
28000 2.56138386597691 2.42814899722949 2.52297286414899 7.51250572735539
29000 2.68483518247827 2.53813007426185 2.64082603471633 7.86379129145644
30000 2.81492802179689 2.67080939077887 2.7638547784222 8.24959219099797
31000 2.93880211313322 2.79096635367059 2.89363833974621 8.62340680655002
32000 3.06670568089166 2.90091055878849 3.01861733923677 8.98623357891693
33000 3.18599455111368 3.01243695121242 3.1384960438712 9.33692754619729
34000 3.31358801134979 3.12599497227264 3.24734745112699 9.68693043474942
35000 3.4519446026571 3.24703668407587 3.38098243147996 10.0799637182129
36000 3.58154377263866 3.36631786081757 3.50497155417527 10.4528331876315
37000 3.71911305569632 3.49074813583978 3.64703946510493 10.856900656641
38000 3.82325796328139 3.59852869598925 3.76458995058713 11.1863766098578
39000 3.94787280951034 3.71460701217674 3.87731722109697 11.539797042784
40000 4.06633437413864 3.81206091417311 3.99733831489705 11.8757336032088
41000 4.18300914048144 3.93467415218486 4.11667564646499 12.2343589391313
42000 4.30802309115018 4.04325960741297 4.23584420957297 12.5871269081361
43000 4.4244713272144 4.16512960857357 4.36075179918261 12.9503527349706
44000 4.55639734497258 4.2777292811691 4.48116112252057 13.3152877486623
45000 4.66437874892046 4.37417508805161 4.5883812460467 13.6269350830188
46000 4.78180225417391 4.50539061503127 4.70575352888568 13.9929463980909
47000 4.90849365918405 4.62396857093945 4.82170267430234 14.3541649044258
48000 5.03256217364744 4.73340631557208 4.93001221335419 14.6959807025737
49000 5.16865488884212 4.85297689461633 5.0415617922461 15.0631935757046
50000 5.28638270060461 4.96196368260471 5.16480656299945 15.4131529462088
51000 5.40452363619579 5.09042772395384 5.2715393463393 15.7664907064889
52000 5.53238993495085 5.18834842801143 5.41355633232132 16.1342946952836
53000 5.6723260547616 5.30047567605408 5.51852368682445 16.4913254176401
54000 5.77563698848221 5.40156465234597 5.6252289942405 16.8024306350687
55000 5.89676547155583 5.50682884173268 5.73423792286065 17.1378322361492
56000 6.01845481933233 5.61092188327597 5.84328522928592 17.4726619318942
57000 6.15349506603287 5.7374069659933 5.97368241727552 17.8645844493017
58000 6.2677429358461 5.84889382936713 6.09070652217617 18.2073432873894
59000 6.40584499437624 5.9676909990183 6.21138816875092 18.5849241621454
60000 6.5242999689738 6.09685991841699 6.31988456921306 18.9410444566038
61000 6.65349185917128 6.21098529126553 6.43945575072363 19.3039329011604
62000 6.78538139422783 6.32641199763094 6.55600163830119 19.66779503016
63000 6.91317944958022 6.43207389273254 6.66222753665944 20.0074808789722
64000 7.02967606085449 6.54513052160289 6.78140019985656 20.3562067823139
65000 7.14889889281979 6.66325142149113 6.89473676188484 20.7068870761958
66000 7.27045133773624 6.78221884826075 7.01889113992191 21.0715613259189
67000 7.38370192837814 6.89095019513131 7.12714468997289 21.4017968134823
68000 7.50397960645644 7.00160548231492 7.25353236133847 21.7591174501098
69000 7.62777171897534 7.12000640415382 7.36519037501141 22.1129684981406
70000 7.76249811204216 7.21554895942195 7.47048867266147 22.4485357441256
71000 7.8726372706828 7.33007629544933 7.58014795180389 22.782861517936
72000 8.01087301282046 7.43976641930352 7.70690377361526 23.1575432057392
73000 8.11748794276036 7.54654368787808 7.81272231721278 23.4767539478512
74000 8.24061814619595 7.65890148599717 7.93859704965722 23.8381166818503
75000 8.37996700355621 7.77254550308058 8.05538055689687 24.2078930635337
76000 8.50677804688863 7.89385612710227 8.17177533535326 24.5724095093442
77000 8.62351074787047 7.99021800966872 8.2912811127958 24.905009870335
78000 8.75725587997528 8.11385286796225 8.40543161401861 25.2765403619561
79000 8.86894945749013 8.22353501748528 8.5021926798662 25.5946771548416
80000 8.99097147577545 8.34351121099435 8.63281953024182 25.9673022170116
81000 9.12634513079655 8.45327926214782 8.74611926487025 26.3257436578146
82000 9.25501473135008 8.55610069521571 8.85890326470913 26.6700186912749
83000 9.38842201997847 8.6501342130028 8.97713091219698 27.0156871451783
84000 9.51557664579629 8.75503567105654 9.08762144226977 27.3582337591226
85000 9.6367186408247 8.86690133216756 9.19719827473759 27.7008182477299
86000 9.7433480845135 8.97670325576494 9.31648956579271 28.0365409060712
87000 9.85897686208211 9.08227149931146 9.43416283895846 28.375411200352
88000 9.98794611988351 9.20037227370997 9.54917421140777 28.7374926050013
89000 10.1143786879788 9.295559172548 9.6638976090432 29.07383546957
90000 10.2429911053862 9.40391631108763 9.78588362034066 29.4327910368145
91000 10.3694483765711 9.51512670091801 9.90112706711899 29.7857021446081
92000 10.4864723924567 9.63336597204759 10.0028419453457 30.1226803098499
93000 10.6091612812965 9.73534392967172 10.1249750604466 30.4694802714148
94000 10.717907572507 9.85838941517245 10.2296986584897 30.8059956461691
95000 10.8471152567664 9.97597543752252 10.3478183597535 31.1709090540424
96000 10.9801088258292 10.0780364434324 10.467768163603 31.5259134328647
97000 11.1276636383778 10.1941656839262 10.5802205536073 31.9020498759112
98000 11.2272946429943 10.3076416655816 10.690370431508 32.2253067400839
99000 11.3397089678822 10.4410440429581 10.8216757151902 32.6024287260306
100000 11.451864835036 10.5442736957432 10.9457532587264 32.9418917895056
101000 11.570622361881 10.6623490586084 11.0514136120388 33.2843850325283
102000 11.6745488136096 10.7868737143008 11.1668416483083 33.6282641762186
103000 11.8168813474587 10.8834622361572 11.2718157182881 33.972159301904
104000 11.9551644947873 10.9878316641873 11.4010009812969 34.3439971402715
105000 12.0725421353481 11.1068592519102 11.505773851858 34.6851752391162
106000 12.1946740665261 11.1991728556189 11.5997827541765 34.9936296763215
107000 12.3259408862845 11.2868346100077 11.7243029776149 35.337078473907
108000 12.4553263756387 11.4072838512066 11.8400831775869 35.7026934044322
109000 12.5631443509416 11.5096759733151 11.9481547398698 36.0209750641265
110000 12.7063366253041 11.6299116136569 12.0679075816724 36.4041558206335
111000 12.8369093192795 11.7299098439444 12.169236818101 36.7360559813249
112000 12.9346805458862 11.817643299562 12.281222092955 37.0335459384032
113000 13.073927486962 11.9349692443977 12.4005856066822 37.4094823380419
114000 13.1946755101937 12.060650834828 12.5109048464394 37.7662311914611
115000 13.3133684683642 12.1700890942723 12.6347975806436 38.11825514328
116000 13.4425709158182 12.3044464301653 12.7627418767308 38.5097592227143
117000 13.5541962118088 12.4086425280248 12.8639755765361 38.8268143163698
118000 13.6839568663787 12.5190709938024 12.9887501458322 39.1917780060133
119000 13.8010918701971 12.6209425938578 13.0979108393605 39.5199453034154
120000 13.9189064962096 12.7412107334981 13.1829148056383 39.843032035346
121000 14.0449506442091 12.8402748513518 13.3079133227825 40.1931388183434
122000 14.175841371327 12.9764647012878 13.4118978591789 40.5642039317937
123000 14.3057037454453 13.092807486944 13.5293082079651 40.9278194403544
124000 14.4399889488948 13.2042484410512 13.6608758421225 41.3051132320685
125000 14.5799212345344 13.3279621194586 13.7709816552391 41.678865009232
126000 14.7125509309741 13.4305143927181 13.887815478414 42.0308808021062
127000 14.8517555914953 13.5316914410756 13.9963289791705 42.3797760117414
128000 14.9612631045043 13.6191763885391 14.1169490529397 42.6973885459831
129000 15.0806399864775 13.7233427312042 14.2171655730374 43.0211482907192
130000 15.1815541395819 13.8200462408125 14.309169727078 43.3107701074724
131000 15.3067042626918 13.9335794202136 14.4243616119226 43.664645294828
132000 15.4357470902133 14.0443032239003 14.5475378378066 44.0275881519202
133000 15.5372316521975 14.1406047702417 14.64994252913 44.3277789515692
134000 15.6652543620748 14.2657830317612 14.7683225780984 44.6993599719344
135000 15.7796957235964 14.3737134583371 14.8936776454158 45.0470868273493
136000 15.9190902453725 14.5010348388635 15.018173567353 45.438298651589
137000 16.0452542598962 14.6085528281414 15.1158397984769 45.7696468865146
138000 16.141918872078 14.7116833517828 15.2384032560234 46.0920054798842
139000 16.2422232232554 14.8363521615221 15.334614591251 46.4131899760284
140000 16.3623902368839 14.9356206329777 15.4503325453171 46.7483434151787
141000 16.4981956523929 15.0466252126171 15.5452402215449 47.0900610865549
142000 16.6173735839291 15.1449103066586 15.6862572465871 47.4485411371748
143000 16.7507711917278 15.2596023658143 15.7937942803801 47.8041678379222
144000 16.8590871577813 15.3451404573202 15.8975054808984 48.1017330959999
145000 16.9925607593279 15.4559948928515 16.0143983588858 48.4629540110651
146000 17.1180583982606 15.5542772011545 16.1354059231401 48.8077415225552
147000 17.2153141364242 15.6647835645747 16.2665302620185 49.1466279630175
148000 17.3439936246982 15.7618071901391 16.3679222640667 49.4737230789039
149000 17.4785728677697 15.8649360049604 16.5069924185569 49.850501291287
150000 17.6247874137832 16.012543503214 16.6297794086372 50.2671103256344
151000 17.7151496973988 16.138309132212 16.7629902645093 50.6164490941201
152000 17.8529769216732 16.2322000020246 16.8861920907261 50.9713690144239
153000 17.9474236809669 16.350444184704 16.9875394015287 51.2854072671997
154000 18.0817291271976 16.4770322583632 17.0979940807956 51.6567554663564
155000 18.191862556014 16.560000996476 17.1971196375621 51.9489831900521
156000 18.2953032743312 16.6741726665447 17.2960716462085 52.2655475870843
157000 18.4323793929339 16.7491150593978 17.410173867444 52.5916683197757
158000 18.5687245616131 16.8804069294836 17.5169031415815 52.9660346326783
159000 18.7002411554354 16.9935657194836 17.6295157378904 53.3233226128093
160000 18.8100083439553 17.1158806799331 17.7424253849413 53.6683144088298
161000 18.910673983439 17.2178781687681 17.8583446195925 53.9868967717995
162000 19.0334487023611 17.311169327513 17.980246226652 54.3248642565262
163000 19.1604204113595 17.4160262143069 18.0844376262152 54.6608842518817
164000 19.287248010817 17.5232895108882 18.1824557223918 54.9929932440971
165000 19.4191020494403 17.6313296673884 18.301254381742 55.3516860985706
166000 19.5763113300409 17.7185121506316 18.4354566997275 55.7302801804
167000 19.7063739013359 17.8362506824211 18.5531450943211 56.0957696780782
168000 19.823570853357 17.9415055688472 18.660372951135 56.4254493733391
169000 19.9320866421247 18.0464336846295 18.7688092514997 56.747329578254
170000 20.0682495062381 18.1584509109613 18.8802487363769 57.1069491535762
171000 20.1658761795963 18.2442027866815 19.0133832499062 57.423462216184
172000 20.2709533046962 18.3704728138574 19.1049154123428 57.7463415308964
173000 20.3780881811718 18.4710626393305 19.1833725652708 58.0325233857731
174000 20.5004442082326 18.5614009127917 19.2994892648339 58.3613343858581
175000 20.6207697047661 18.6816822634479 19.443789201067 58.746241169281
176000 20.7364663403712 18.7620961257156 19.5613400370325 59.0599025031193
177000 20.8685172265906 18.9062778715912 19.6681761141544 59.4429712123362
178000 20.9768188109774 19.0283172753279 19.7861595242848 59.7912956105901
179000 21.1316759092488 19.1380663625872 19.8971131954539 60.1668554672898
180000 21.257181664477 19.2251758809024 20.0118603152295 60.494217860609
181000 21.3793543754357 19.3220952613845 20.0893371383196 60.7907867751398
182000 21.5151086706852 19.4264873169387 20.2003982978655 61.1419942854895
183000 21.6314603678481 19.5568842071812 20.3042486543728 61.4925932294021
184000 21.7635308004619 19.6693586768408 20.4190670397425 61.8519565170452
185000 21.8951558359025 19.7713611786563 20.5090935976688 62.1756106122276
186000 22.001624927374 19.8811986328106 20.6225880565997 62.5054116167843
187000 22.1088309282765 19.9880481282671 20.7389300701721 62.8358091267157
188000 22.2231215570853 20.0821350130802 20.8440712745138 63.1493278446793
189000 22.3382547391695 20.1984070215661 20.9200979981302 63.4567597588657
190000 22.4609834426051 20.3090975848228 21.0666567672924 63.8367377947203
191000 22.6093570992387 20.4162989829919 21.1745770404939 64.2002331227245
192000 22.6974536746318 20.5203061712693 21.2848503822088 64.5026102281099
193000 22.8086222776745 20.6343075629359 21.3726709403573 64.8156007809677
194000 22.9242655350972 20.7401990507643 21.4849173476832 65.1493819335447
195000 23.0457024823305 20.8385461234397 21.5705680258301 65.4548166316004
196000 23.1708658514185 20.9639438557629 21.6838865274183 65.8186962345998
197000 23.3016378060403 21.0457300746369 21.8121200819724 66.1594879626497
198000 23.4348367723681 21.1572606280105 21.927966542848 66.5200639432266
199000 23.5396535336774 21.2545938428454 22.0380828096969 66.8323301862197
200000 23.6763714567125 21.3782469196669 22.1607536919897 67.215372068369
201000 23.7785263972734 21.4537218581164 22.281982104634 67.5142303600238
202000 23.8788869030161 21.5677703022244 22.3904224394483 67.8370796446889
203000 23.9853227488992 21.6739124692985 22.4868959449828 68.1461311631805
204000 24.1208556900087 21.7929729525736 22.5881680626258 68.5019967052081
205000 24.2410939564411 21.8910692444977 22.6994687404425 68.8316319413813
206000 24.3880649592952 22.0133641722009 22.8316110590148 69.2330401905108
207000 24.5023895140688 22.1217475022492 22.9301242788927 69.5542612952107
208000 24.6171393471074 22.2472726914466 23.0464431884401 69.9108552269941
209000 24.7302378276474 22.3340498708374 23.1586683934212 70.222956091906
210000 24.863821797521 22.4348059708702 23.2910772428947 70.5897050112859
211000 24.9788331316866 22.5774627151795 23.4386962691351 70.9949921160011
212000 25.1109427286593 22.6717736096587 23.5492136167496 71.3319299550676
213000 25.2021324396224 22.7864584516223 23.6827713541142 71.6713622453589
214000 25.3618077856434 22.8804619190255 23.7593645281802 72.0016342328491
215000 25.4478541253071 22.9710555697465 23.8906091235942 72.3095188186478
216000 25.5605198554109 23.0902115073644 23.9811427356804 72.6318740984557
217000 25.6928702092622 23.1927346477507 24.0503828559837 72.9359877129965
218000 25.771267472093 23.3021950797733 24.1779059399473 73.2513684918136
219000 25.906955856775 23.4246171479351 24.3045134572827 73.6360864619928
220000 26.0327466107763 23.5149063978964 24.441381853496 73.9890348621687
221000 26.1485802080191 23.6331478205663 24.5386102405855 74.320338269171
222000 26.2661497447636 23.7162779391265 24.6611551906225 74.6435828745126
223000 26.3950772984394 23.8414692724012 24.7704188932757 75.0069654641162
224000 26.4811109126447 23.9418162269969 24.9051834358968 75.3281105755383
225000 26.6158376164589 24.0510430637954 24.9638766787906 75.6307573590449
226000 26.7407101334118 24.1483537489499 25.07984571363 75.9689095959918
227000 26.8688889646648 24.254273194534 25.1651719948069 76.2883341540056
228000 26.9604141463852 24.3980008735205 25.2536023422337 76.6120173621394
229000 27.0760411375908 24.4905206139382 25.372439370008 76.9390011215369
230000 27.1763248918345 24.5935032036118 25.4740924540974 77.2439205495437
231000 27.2908097603502 24.7197340853179 25.591516312255 77.6020601579231
232000 27.38942149913 24.8090528837025 25.6876440948509 77.8861184776834
233000 27.5072902693925 24.904759769709 25.8233804969805 78.235430536082
234000 27.6170228407838 25.0280772160943 25.9256213315394 78.5707213884175
235000 27.7211009049532 25.1591226972192 26.0464646891692 78.9266882913417
236000 27.8319607548898 25.2496679455407 26.1678263208483 79.2494550212788
237000 27.9723763087194 25.3558520269273 26.2826274287696 79.6108557644163
238000 28.05002674565 25.4432053146475 26.3714275522403 79.8646596125378
239000 28.209991040424 25.5745446488463 26.477094868325 80.2616305575953
240000 28.328277358994 25.7037561310436 26.569774924942 80.6018084149796
241000 28.4388557743062 25.7821874432156 26.6901997307841 80.9112429483059
242000 28.5248771561302 25.8906092688776 26.8040747460554 81.2195611710631
243000 28.6627102279662 25.9853983945077 26.9139369275615 81.5620455500355
244000 28.7716888127835 26.1148196871028 27.0399795357488 81.9264880356351
245000 28.8940141384159 26.2111828881926 27.1448118093724 82.2500088359809
246000 28.9846878210574 26.3254691248555 27.2803998613719 82.5905568072849
247000 29.0776801982596 26.4465036853819 27.3615181483525 82.885702031994
248000 29.1673312503462 26.5429267324015 27.4597458370503 83.170003819798
249000 29.3211641263316 26.6090314903951 27.5731356939625 83.5033313106891
250000 29.4272625829836 26.715670798879 27.6697560467596 83.8126894286222
251000 29.5615757609081 26.7818934332691 27.7781664523114 84.1216356464886
252000 29.6820119499584 26.8844847895089 27.8851536244605 84.4516503639279
253000 29.8185053960993 27.0105815680167 27.9688619838878 84.7979489480038
254000 29.937503602261 27.0982368794814 28.0617779301679 85.0975184119103
255000 30.0523865729117 27.2074405864291 28.1721162793857 85.4319434387265
256000 30.1573737075043 27.3452103546598 28.2926199505338 85.7952040126979
257000 30.2930239693309 27.4333521195497 28.3965624314503 86.1229385203308
258000 30.4491803375415 27.5436258089965 28.4758567625714 86.4686629091094
259000 30.5554721717346 27.6223341905288 28.5858261890464 86.7636325513097
260000 30.6715600008382 27.7455870393372 28.6547476387673 87.0718946789427
261000 30.7757485983342 27.8564519572178 28.769011959289 87.401212514841
262000 30.8967860290979 27.9768022511921 28.8943314801178 87.7679197604078
263000 31.0021436296892 28.0760475527062 29.0255627619003 88.1037539442956
264000 31.1257077079987 28.1994604526465 29.1329543558239 88.4581225164691
265000 31.2385532687137 28.2983607105131 29.2244943020928 88.7614082813196
266000 31.3719683771558 28.393566982215 29.3654886358308 89.1310239952017
267000 31.4865475979988 28.5225388788349 29.4583889317825 89.4674754086162
268000 31.5612699791673 28.6028152664152 29.5381826071365 89.7022678527191
269000 31.6742958080604 28.7008426951427 29.6530835773228 90.0282220805258
270000 31.7811712980944 28.7918378564477 29.7427936736278 90.3158028281699
271000 31.9184700218734 28.8930156310132 29.8413990319695 90.6528846848561
272000 32.0499882714532 29.0139546516327 29.9889305117149 91.0528734348009
273000 32.1815679386475 29.0899939676674 30.0730074610868 91.3445693674018
274000 32.3068373797308 29.1902175750825 30.1496729544179 91.6467279092312
275000 32.3842007071259 29.2729982160196 30.2677059506492 91.9249048737947
276000 32.505806853067 29.3523237003726 30.349614948561 92.2077455020007
277000 32.6410500505365 29.5113002434599 30.4698183283937 92.6221686223902
278000 32.7909331326023 29.617019734604 30.5827847344792 92.9907376016856
279000 32.8747923076517 29.7077992658227 30.6783164804653 93.2609080539397
280000 32.9880843876177 29.8032496899093 30.7910473811138 93.5823814586408
281000 33.1108197233586 29.9060663644755 30.8889725150128 93.9058586028469
282000 33.2279639467746 30.0028401362993 31.0043737359827 94.2351778190566
283000 33.3641800650886 30.1086056819664 31.0885378291623 94.5613235762173
284000 33.4732845896561 30.1888867974358 31.2246043791241 94.8867757662159
285000 33.6008478900619 30.3255668223061 31.3050361322786 95.2314508446466
286000 33.6960177327171 30.4289545141686 31.4346501769906 95.5596224238764
287000 33.8172855521058 30.5610782151698 31.5139549823805 95.8923187496561
288000 33.9590616623274 30.6816016589548 31.664545314799 96.3052086360812
289000 34.0514826962407 30.7741305392114 31.7698057478995 96.5954189833515
290000 34.1688065035549 30.8768137355358 31.8882911904505 96.9339114295412
291000 34.272400075627 30.9953842075065 31.9943797098122 97.2621639929457
292000 34.4032430123677 31.1166575701095 32.1124460200725 97.6323466025496
293000 34.5294846944754 31.2291805021063 32.2493189025454 98.0079840991271
294000 34.6616639537021 31.2885334716921 32.3152286593352 98.2654260847294
295000 34.7755060367939 31.4094260885691 32.4297523322398 98.6146844576028
296000 34.886867484037 31.5052645868938 32.5496240744641 98.9417561453949
297000 34.9864249701772 31.6069913563963 32.6502359281284 99.2436522547019
298000 35.094999298933 31.6938444183211 32.759496064572 99.548339781826
299000 35.248490461132 31.7980285209902 32.8829195967737 99.9294385788959
300000 35.3539775228349 31.8480675714487 32.989964924525 100.192010018809
301000 35.4843539266858 31.9839140535235 33.1061814405061 100.574449420715
302000 35.5944629575488 32.0877463764158 33.2299937893667 100.912203123331
303000 35.7249736748876 32.2219552825749 33.3196485214729 101.266577478935
304000 35.845439614444 32.3348869328415 33.424084292521 101.604410839807
305000 35.9894673708497 32.4212062231323 33.5217443749609 101.932417968943
306000 36.1024232420267 32.4875036736097 33.6360367896268 102.225963705263
307000 36.2066763619218 32.5839321812714 33.7406077829253 102.531216326119
308000 36.3219446224395 32.7105404059739 33.8419434044513 102.874428432865
309000 36.4579874750376 32.7941478746202 33.9547037780396 103.206839127697
310000 36.6073822797207 32.9217604830523 34.0598766318576 103.589019394631
311000 36.7030343222779 33.0409820230521 34.1433278908756 103.887344236206
312000 36.8265767410343 33.0941875423812 34.2159650421684 104.136729325584
313000 36.912313295964 33.2223577804773 34.3439303396379 104.478601416079
314000 37.0411012064549 33.3189486553643 34.4581698012453 104.818219663064
315000 37.1364844392388 33.4061327508001 34.5457951050032 105.088412295042
316000 37.2526117266712 33.5176629051896 34.6372110129216 105.407485644782
317000 37.353464290707 33.6023282733101 34.7548493210159 105.710641885033
318000 37.4830188489399 33.6850665683523 34.8433008084327 106.011386225725
319000 37.6067462648321 33.8200032893659 34.9850759818614 106.411825536059
320000 37.7475643611845 33.922565122641 35.0973317416929 106.767461225518
321000 37.8536245172801 34.0327283567126 35.2084499601977 107.09480283419
322000 37.9643871068956 34.1365788507615 35.325532285205 107.426498242862
323000 38.0859050166988 34.2178591549912 35.4149296060836 107.718693777774
324000 38.1788569412978 34.3743123070059 35.537630463051 108.090799711355
325000 38.3289614110717 34.446871853593 35.648261961764 108.424095226429
326000 38.4311769226753 34.5471642517222 35.7579726974365 108.736313871834
327000 38.5337916460874 34.6522489463188 35.8501053925861 109.036145984992
328000 38.6480945469848 34.7665174702714 35.9672300103644 109.381842027621
329000 38.7746903569846 34.8911486949227 36.0536403406932 109.719479392601
330000 38.8908119261007 34.984578863062 36.1901881232462 110.065578912409
331000 38.9733825693757 35.0947839199756 36.275398944839 110.34356543419
332000 39.0617415476717 35.2066259450963 36.3830714081512 110.651438900919
333000 39.1912038400346 35.3066346152455 36.4717135469462 110.969552002226
334000 39.3104040725583 35.4103854998314 36.5610923112266 111.281881883616
335000 39.4411871994494 35.5236169103536 36.670411259543 111.635215369346
336000 39.5688010713095 35.6305923560765 36.7804955600972 111.979888987483
337000 39.6636814533353 35.7123363104781 36.8850200685795 112.261037832393
338000 39.770029339601 35.7942906594763 36.9683506341323 112.53267063321
339000 39.8961874528157 35.8942473963417 37.0956175932366 112.886052442394
340000 40.0369697445481 35.965307454334 37.2057157835738 113.207992982456
341000 40.1339724833579 36.0737366385127 37.3153178109971 113.523026932868
342000 40.2449212074669 36.1658987961104 37.4120936322492 113.822913635826
343000 40.3627209867495 36.2742316135851 37.5809690456163 114.217921645951
344000 40.5039170069084 36.3666760106775 37.6672844610018 114.537877478588
345000 40.5983154300808 36.4830385234143 37.7737642583724 114.855118211868
346000 40.7070627727143 36.6106470029236 37.9122674693485 115.229977244986
347000 40.8124897812749 36.6772733477769 38.0194156452679 115.50917877432
348000 40.9039291813886 36.7644641515043 38.1158595971347 115.784252930028
349000 40.9952405075767 36.8516356598572 38.2348473482292 116.081723515663
350000 41.1522807301231 36.9613180978958 38.3326226944218 116.446221522441
351000 41.2523337517875 37.04934529878 38.4225678090175 116.724246859585
352000 41.3401951041305 37.1587924940736 38.4985840182325 116.997571616437
353000 41.4454310400251 37.2249489206516 38.6161439774753 117.286523938152
354000 41.5562150136516 37.3117301568931 38.7298079792131 117.597753149758
355000 41.6607859983158 37.4244371316873 38.820195376269 117.905418506272
356000 41.7757727626433 37.5467529465758 38.929683474442 118.252209183661
357000 41.8942442059564 37.6722360326488 39.0402419443503 118.606722182956
358000 42.0141266002839 37.7876176503397 39.1583400601212 118.960084310745
359000 42.1180724651874 37.9359051344468 39.2677501887581 119.321727788392
360000 42.285915875266 38.0286140955418 39.4110014415854 119.725531412393
361000 42.4135391597967 38.1277802810528 39.4835795863695 120.024899027219
362000 42.5302657714124 38.2388461560677 39.6216949993776 120.390806926858
363000 42.660403051058 38.3380329531696 39.6904581442452 120.688894148473
364000 42.738998235989 38.4379537328797 39.7939634648903 120.970915433759
365000 42.893805882993 38.5251525150178 39.9095596825259 121.328518080537
366000 43.046348928553 38.6144153102731 40.0353587596872 121.696122998513
367000 43.1421364320046 38.6955160712877 40.1312808724301 121.968933375722
368000 43.2288620461003 38.7887463994762 40.2516702786745 122.269278724251
369000 43.3467244120094 38.8811744438992 40.3645898988317 122.59248875474
370000 43.4537245284753 38.9926595278311 40.4520053118253 122.898389368132
371000 43.5817385896319 39.100349227327 40.5907932419468 123.272881058906
372000 43.6408890436626 39.1909445928735 40.6925524666144 123.524386103151
373000 43.7604613348373 39.3236985456654 40.7913662674923 123.875526147995
374000 43.8923213573426 39.3985141693291 40.88212319722 124.172958723892
375000 43.9979030405492 39.4974135432514 40.9891864580518 124.484503041852
376000 44.1007692297987 39.622600673156 41.1354375793258 124.858807482281
377000 44.2117695761429 39.7113233950755 41.2327018529806 125.155794824199
378000 44.3520832887375 39.8130973637519 41.3446931771934 125.509873829683
379000 44.436687178165 39.9179819592994 41.4417214040341 125.796390541499
380000 44.5652383082778 40.0069539064044 41.5469642329645 126.119156447647
381000 44.7036888195809 40.1085160866708 41.6503116667946 126.462516573046
382000 44.8214451956608 40.2036642782237 41.7677697479687 126.792879221853
383000 44.9515019605995 40.3079917599962 41.8592573009432 127.118751021539
384000 45.0617623718496 40.4146963977795 41.9809940780732 127.457452847702
385000 45.1593536518349 40.5425286642198 42.1198903879029 127.821772703958
386000 45.266082185138 40.6477029355374 42.2178400785504 128.131625199226
387000 45.3933552689662 40.7560293975614 42.3009633023131 128.450347968841
388000 45.5094781310263 40.8640524701216 42.426388829893 128.799919431041
389000 45.6684549834159 40.9492441237007 42.5376121484876 129.155311255604
390000 45.7818867682523 41.0671125484885 42.6539396016991 129.50293891844
391000 45.9122054865352 41.1754811953607 42.7639120191993 129.851598701095
392000 46.0226232703728 41.2664240555401 42.8869322462142 130.175979572127
393000 46.1219232276879 41.4137438381486 43.0120072488067 130.547674314643
394000 46.2512174931311 41.5236915108884 43.1128649334707 130.88777393749
395000 46.4051766697721 41.6323921202181 43.2270225572635 131.264591347254
396000 46.5181154406544 41.7622329744196 43.3481916677285 131.628540082802
397000 46.6164920145947 41.8172720669532 43.4160319942608 131.849796075809
398000 46.7431535315562 41.9057774068447 43.5276608166072 132.176591755008
399000 46.8812136366247 42.0030845468302 43.6492394834353 132.53353766689
400000 46.9709009477175 42.1273900167585 43.7068954257799 132.805186390256
401000 47.0883574415924 42.2349483543139 43.7844986354355 133.107804431342
402000 47.2177717516832 42.3370729791123 43.8921877774269 133.447032508223
403000 47.3091804053674 42.438225459124 44.0024847474356 133.749890611927
404000 47.4577282773504 42.5503271902095 44.1177911473212 134.125846614881
405000 47.5739981101584 42.6706561215968 44.2138181868851 134.45847241864
406000 47.6827551055403 42.728196781173 44.3487370084825 134.759688895196
407000 47.8168167448463 42.8435037810097 44.4771556862082 135.137476212064
408000 47.8611660006597 42.997214846461 44.5738090348099 135.432189881931
409000 47.9898424437391 43.0873199654505 44.6647375827085 135.741899991898
410000 48.1067250119568 43.2052638473366 44.7808069168052 136.092795776099
411000 48.2003412702897 43.2872778775102 44.8960104083297 136.38362955613
412000 48.3428455383428 43.3907464660932 45.0094155464792 136.743007550915
413000 48.4528561499132 43.5220825020333 45.1438025130554 137.118741165002
414000 48.5793993918613 43.6182491033611 45.2433151327802 137.440963628003
415000 48.7061419010317 43.6891964594438 45.3458935685513 137.741231929027
416000 48.7966297818334 43.8167516016137 45.4528966324571 138.066278015904
417000 48.9109182103194 43.8998775941585 45.5663170285705 138.377112833048
418000 49.0401105805144 43.9967110992498 45.6697918579096 138.706613537674
419000 49.144358243912 44.0848026686852 45.7771244537088 139.006285366306
420000 49.2849976183416 44.2031067667183 45.8946975549693 139.382801940029
421000 49.3843999790367 44.340041264511 45.9847325891961 139.709173832744
422000 49.5258488763305 44.4191927384353 46.102951364859 140.047992979625
423000 49.6585931594464 44.5396986471102 46.2186692206947 140.416961027251
424000 49.7637564010617 44.6301180095101 46.3476262171339 140.741500627706
425000 49.883788692772 44.7171292164653 46.4344293371758 141.035347246413
426000 50.0098828362089 44.8152614408629 46.5396287874775 141.364773064549
427000 50.1176654573362 44.9125813734832 46.6397096651945 141.669956496014
428000 50.248601570961 45.0129781498217 46.7605871054004 142.022166826183
429000 50.3267378033858 45.1278844440924 46.8431587980859 142.297781045564
430000 50.4702770291451 45.2166143881872 46.9072400353136 142.594131452646
431000 50.5520956911476 45.3166677269653 47.0263218745323 142.895085292645
432000 50.7135192487873 45.4266080350812 47.1270326002004 143.267159884069
433000 50.7883316720212 45.5391566848468 47.2412076623704 143.568696019238
434000 50.9238806283352 45.630296031574 47.3306996226851 143.884876282594
435000 51.0211513891837 45.7128280592202 47.4547349084331 144.188714356837
436000 51.1552210901625 45.8508211541132 47.5827825915739 144.58882483585
437000 51.295537301308 45.9358870988707 47.7030097447819 144.934434144961
438000 51.3812536112784 46.0336648777057 47.7807628911983 145.195681380182
439000 51.475703267058 46.1265052644867 47.9226407031753 145.52484923472
440000 51.617343786878 46.2285786351825 48.043536100278 145.889458522339
441000 51.7196016520175 46.3620521686731 48.1350042729669 146.216658093657
442000 51.8471488617375 46.4519553728801 48.2405797047735 146.539683939391
443000 51.9733306238294 46.5373935245081 48.3021665991711 146.812890747509
444000 52.0921599497592 46.6508578644733 48.4126426565576 147.15566047079
445000 52.2230819475581 46.7433779665392 48.5192641872862 147.485724101383
446000 52.3078924021533 46.8422510877968 48.6199078804234 147.770051370374
447000 52.4437767159563 46.9431063869836 48.7443881975207 148.131271300461
448000 52.5470693150492 47.0462934330681 48.8635408685559 148.456903616673
449000 52.6386669618795 47.1382036578504 48.9487011714792 148.725571791209
450000 52.8018122706257 47.2699500272696 49.0691952712929 149.140957569188
451000 52.9252809138021 47.3654252254373 49.20552226581 149.496228405049
452000 53.0373460729839 47.4820856540919 49.2953128581177 149.814744585194
453000 53.2095397623636 47.550946729503 49.4167904485274 150.177276940394
454000 53.324384202973 47.6450921819659 49.500020934906 150.469497319845
455000 53.4630775626588 47.7518704295403 49.5916656986573 150.806613690856
456000 53.5379976828467 47.8393945767645 49.6620789157001 151.039471175311
457000 53.6556875270694 47.9392247039653 49.7961947168968 151.391106947932
458000 53.7679748194536 48.0477747647914 49.8909224533105 151.706672037555
459000 53.8622657345928 48.1167273798122 49.9696768127639 151.948669927169
460000 53.9722147437463 48.2077867406898 50.0947452122175 152.274746696654
461000 54.0667386850598 48.340272945686 50.215563617649 152.622575248395
462000 54.201129022384 48.4626696445183 50.3286924054592 152.992491072362
463000 54.3005365427703 48.5789345784797 50.4184275385178 153.297898659768
464000 54.4276492497794 48.6819710470451 50.5160374589692 153.625657755794
465000 54.5174340214023 48.7869779800196 50.6103910161622 153.914803017584
466000 54.6953519152109 48.8845120973911 50.7464310742523 154.326295086854
467000 54.7622637202806 48.9980718382977 50.8410914149835 154.601426973562
468000 54.8857361752105 49.1004420301492 50.9587979391834 154.944976144543
469000 55.0206503066694 49.2241666044074 51.0841067649684 155.328923676045
470000 55.1236650944369 49.3436368819189 51.179351885368 155.646653861724
471000 55.2191268698257 49.4437068700893 51.2979028869772 155.960736626892
472000 55.3043883281752 49.5492323421016 51.4069647580357 156.260585428313
473000 55.3923889353113 49.6684265581487 51.4566321098214 156.517447603281
474000 55.5241500412091 49.7249016615993 51.5744075896755 156.823459292484
475000 55.6232000047456 49.8465120002859 51.6585295872898 157.128241592321
476000 55.7538537186449 49.9404673513718 51.7589284376813 157.453249507698
477000 55.8871456920249 50.0509841333184 51.8492865792734 157.787416404617
478000 56.058273149747 50.1323713310192 51.9844630709637 158.17510755173
479000 56.1411678529303 50.2566810485649 52.1035232460993 158.501372147595
480000 56.2850121420296 50.3309735506611 52.19561714557 158.811602838261
481000 56.4297211969142 50.4778862096569 52.2986851034804 159.206292510051
482000 56.5111938181899 50.5774892154493 52.4076585757647 159.496341609404
483000 56.6711663427955 50.6570817069729 52.4982370253077 159.826485075076
484000 56.7512612679022 50.7667681023134 52.5660223036666 160.084051673882
485000 56.8668758601745 50.9274333627344 52.7151152326371 160.509424455546
486000 57.0244653641591 51.0100961593041 52.8395198362024 160.874081359666
487000 57.1100905085244 51.1217671091587 52.9305045492033 161.162362166886
488000 57.1633224867125 51.2395350422208 53.0228799708471 161.42573749978
489000 57.3096140721093 51.3336776052243 53.1329739049128 161.776265582246
490000 57.4145949854618 51.4490011525622 53.2605699375852 162.124166075609
491000 57.5188721389977 51.5642259314857 53.3630278012351 162.446125871719
492000 57.621732995004 51.6653652368914 53.4839813790476 162.771079610943
493000 57.7190014297865 51.7628136083336 53.5736638257889 163.055478863909
494000 57.8668800265518 51.8898408285226 53.6541418705081 163.410862725583
495000 57.9948033318038 51.9817503446906 53.7177040739241 163.694257750419
496000 58.1011231506124 52.0891021959045 53.8277578114479 164.017983157965
497000 58.1974480344898 52.1872592174776 53.9558871478226 164.34059439979
498000 58.298813812411 52.2983746294195 54.0521979890203 164.649386430851
499000 58.3967083371438 52.4052661316079 54.1471332310337 164.949107699785
500000 58.5286371023188 52.4696740717138 54.2533747999428 165.251685973975
501000 58.6105737347919 52.5797388518252 54.309239895622 165.499552482239
502000 58.7012174803847 52.6816365286167 54.4166602633941 165.799514272396
503000 58.831180214906 52.7953705596757 54.5323511807077 166.158901955289
504000 58.9393168571374 52.8711941899533 54.5881151079956 166.398626155086
505000 59.0589898800667 52.970675634547 54.7087569365757 166.738422451189
506000 59.1831387700773 53.1051080145456 54.7967583781457 167.085005162769
507000 59.3085752834789 53.2029979499887 54.9078824254579 167.419455658926
508000 59.4570926635429 53.3747299585305 55.0343783585843 167.866200980658
509000 59.5493216428705 53.4747208431109 55.1511322828221 168.175174768803
510000 59.6517983447349 53.5730603484801 55.2553833850399 168.480242078255
511000 59.7794585114214 53.6686509974427 55.3480269527087 168.796136461573
512000 59.875159300214 53.8178006227805 55.4073546395667 169.100314562561
513000 60.0173890030698 53.901473411251 55.4930040473015 169.411866461622
514000 60.0894623300949 53.9765698246224 55.5904188313253 169.656450986043
515000 60.2302029926976 54.0697215129673 55.6551622992037 169.955086804869
516000 60.3363099340302 54.0982096666992 55.7650748966943 170.199594497424
517000 60.4591281154641 54.2641604467756 55.9004811854872 170.623769747727
518000 60.5645756865729 54.3345519689211 55.9761104299947 170.875238085489
519000 60.6774731934356 54.4630077088319 56.0991477773763 171.239628679644
520000 60.8377041897084 54.5354189447201 56.2211857557298 171.594308890158
521000 60.9906127236308 54.6237054984683 56.325502494548 171.939820716647
522000 61.0970612114031 54.7204640940577 56.4654410447434 172.282966350204
523000 61.2294185817254 54.8204760194091 56.5496542245228 172.599548825657
524000 61.3400835444502 54.972438865571 56.7224107126448 173.034933122666
525000 61.4728192927569 55.0405779527823 56.8224787005716 173.335875946111
526000 61.5480678536362 55.1220331097665 56.955794838049 173.625895801452
527000 61.657586640363 55.2264907338825 57.0542354077265 173.938312781972
528000 61.7460086999296 55.3452333943423 57.1788417109602 174.270083805232
529000 61.8567718252418 55.4696500289979 57.2787817002355 174.605203554475
530000 61.9795184420813 55.6098218418645 57.4031482147006 174.992488498646
531000 62.0896498032099 55.6720534750039 57.5326697793387 175.294373057552
532000 62.2288012467759 55.8148312990538 57.6236150592237 175.667247605053
533000 62.3570897615424 55.910509882767 57.7421498494009 176.00974949371
534000 62.4641487855202 56.0151920955878 57.8143232518476 176.293664132956
535000 62.5796945960276 56.111410305297 57.9345276405015 176.625632541826
536000 62.6596621554984 56.2375252360435 58.0335232788024 176.930710670344
537000 62.7721366024059 56.3455675262963 58.1113623336642 177.229066462366
538000 62.8820610578766 56.4196921435063 58.2376938245314 177.539447025914
539000 63.0507097991233 56.528779904538 58.3801037513477 177.959593455009
540000 63.1496654434256 56.6035398850399 58.4864270524527 178.239632380918
541000 63.252175976425 56.7139293926514 58.6189824840536 178.58508785313
542000 63.3539106088448 56.8434611308516 58.6894025736553 178.886774313352
543000 63.469836535284 56.9240863712232 58.8293499033485 179.223272809856
544000 63.5847001826295 57.057259946981 58.9399372901358 179.581897419746
545000 63.69756648161 57.1424465673498 59.0209130922854 179.860926141245
546000 63.8006396866952 57.2426473387359 59.1425118211348 180.185798846566
547000 63.9265062262591 57.3319103805042 59.2470620331602 180.505478639924
548000 64.011444519645 57.4490951831846 59.3383813390892 180.798921041919
549000 64.1386538065164 57.5562125393508 59.4842991491465 181.179165495014
550000 64.237273795314 57.6854521438645 59.6054433087639 181.528169247942
551000 64.3868187483239 57.7760808522833 59.6967814558301 181.859681056437
552000 64.5038102229351 57.9093125312026 59.7882424660266 182.201365220164
553000 64.6206814322407 57.9984604625746 59.9019321921447 182.52107408696
554000 64.7385511521666 58.1194655882891 59.9949295041023 182.852946244558
555000 64.8732141340171 58.1940091274957 60.1248080275611 183.192031289074
556000 64.9673720504834 58.2548461448595 60.1789915994151 183.401209794758
557000 65.1318538680004 58.3525711564916 60.3011528397366 183.785577864229
558000 65.2406111025475 58.4467652517965 60.4609550899801 184.148331444324
559000 65.3414394467214 58.5708947611499 60.5492400132945 184.461574221166
560000 65.4512197556249 58.6655696280982 60.6349821898523 184.751771573575
561000 65.5797758845756 58.782725629416 60.6921457013738 185.054647215365
562000 65.663334948872 58.9138289433648 60.8423385639504 185.419502456187
563000 65.7420754355894 59.0256095829339 60.939129037213 185.706814055736
564000 65.824519179997 59.1145619859212 61.0442909658166 185.983372131735
565000 65.9227961292098 59.1977058331112 61.1360208194149 186.256522781736
566000 66.0278325155036 59.2862840091038 61.1922245278625 186.50634105247
567000 66.1323360430051 59.4012163034811 61.3293809421392 186.862933288625
568000 66.2631671944593 59.5237513852044 61.438539960348 187.225458540012
569000 66.3800598089611 59.57108899146 61.5187500318679 187.469898832289
570000 66.5076583822065 59.7033553809751 61.6329421167472 187.843955879929
571000 66.5816720375451 59.7533118200183 61.7316753783172 188.066659235881
572000 66.6868099230859 59.8302176660268 61.8586725066591 188.375700095772
573000 66.7578606578923 59.9510869434345 61.945260401799 188.654208003126
574000 66.8890925824766 60.0794707978832 62.044209109478 189.012772489838
575000 67.0067373750482 60.1641147286708 62.161988110306 189.332840214025
576000 67.1222706938143 60.2954209021134 62.2979258248379 189.715617420766
577000 67.2810994886482 60.3775276589865 62.3858562975382 190.044483445173
578000 67.4052674763432 60.487240657272 62.4846449725814 190.377153106197
579000 67.5122050085967 60.5652222776761 62.5792435993669 190.65667088564
580000 67.6321602203812 60.7019542593048 62.6843701467118 191.018484626398
581000 67.7579601734567 60.8236958785277 62.7875538814577 191.369209933442
582000 67.8827585730873 60.9314642015398 62.8881326359317 191.702355410559
583000 68.0246068540586 61.0200289606949 62.9982384395116 192.042874254265
584000 68.1597275847642 61.1089386927219 63.0361120717449 192.304778349231
585000 68.2773019239473 61.2693406181717 63.1659279787636 192.712570520883
586000 68.3608280709345 61.3495406087613 63.3037362962414 193.014104975937
587000 68.4667991597819 61.4369987624491 63.4038425900326 193.307640512264
588000 68.6527214758325 61.5476460563363 63.4784781984475 193.678845730616
589000 68.740533172606 61.6490912651854 63.5641225457208 193.953746983512
590000 68.8367550621843 61.7834702100548 63.6120312246202 194.232256496859
591000 68.9275517296044 61.9095613314057 63.7217959547916 194.558909015802
592000 69.0329664776027 61.9651354835521 63.8358561224298 194.833958083585
593000 69.1627023240298 62.0804993218791 63.9434553950687 195.186657040978
594000 69.2997042898391 62.2125851385221 64.0252621021031 195.537551530464
595000 69.3998112641066 62.3139410505016 64.1596476368144 195.873399951423
596000 69.5383376925372 62.4100886749333 64.3310501158365 196.279476483307
597000 69.6607199437667 62.4716418234099 64.3966189437866 196.528980710963
598000 69.7859757893492 62.5623955922652 64.5255077984556 196.87387918007
599000 69.8726863131091 62.6759929907496 64.7188930592816 197.26757236314
600000 69.992542897061 62.7710271463865 64.8137464941652 197.577316537613
601000 70.117468328385 62.8804745319711 64.9140703632039 197.91201322356
602000 70.2041674838431 63.004002971167 65.0200477093293 198.228218164339
603000 70.2837432764023 63.0737934758695 65.1093458627335 198.466882615005
604000 70.3924558905327 63.1906062894849 65.1872671659559 198.770329345973
605000 70.5533049793337 63.2919461927061 65.2425941459419 199.087845317982
606000 70.7006930092721 63.4223066572906 65.3791084044711 199.502108071034
607000 70.7706640372366 63.5240222267677 65.5191356665764 199.813821930581
608000 70.874023894328 63.6622586352629 65.5625151415546 200.098797671145
609000 71.0150374704793 63.7570926968591 65.7009110896834 200.473041257022
610000 71.1252963501843 63.8625168721948 65.81644532864 200.804258551019
611000 71.2530599112547 64.0248798792218 65.9369287013737 201.21486849185
612000 71.4156320298021 64.120069816237 66.060324009834 201.596025855873
613000 71.490953913014 64.2113220056918 66.1171405980689 201.819416516775
614000 71.605298504383 64.305070056531 66.1995139245106 202.109882485425
615000 71.7243523588301 64.4144507997433 66.308002400945 202.446805559518
616000 71.8415056120241 64.5274329115228 66.4478947344508 202.816833257998
617000 71.9547724416527 64.5999492730579 66.5331952843335 203.087916999044
618000 72.0671447306004 64.7742095835865 66.6352284966053 203.476582810792
619000 72.2341333932531 64.8777246744713 66.7540390485885 203.865897116313
620000 72.3735606879332 64.9893329261003 66.8726061147312 204.235499728765
621000 72.5128982166167 65.1212061784804 66.9721767717822 204.606281166879
622000 72.6428276875713 65.1486852592841 67.1175698287996 204.909082775655
623000 72.743755468732 65.254414502809 67.2119396309224 205.210109602463
624000 72.8292649799429 65.3803049621777 67.3052234957633 205.514793437884
625000 72.953518582814 65.4859567499986 67.3909702895782 205.830445622391
626000 73.0309525287946 65.5897090221071 67.5115072774534 206.132168828355
627000 73.1361024130013 65.7490413230612 67.6068321631755 206.491975899238
628000 73.2436623283451 65.8880275086689 67.7291614419732 206.860851278987
629000 73.3651687728249 65.9847817536406 67.8077258715287 207.157676397994
630000 73.5103479026183 66.1359965465491 67.9175439269697 207.563888376137
631000 73.6410551934026 66.204516252825 68.0023133436879 207.847884789915
632000 73.7700645851669 66.3128242271297 68.1032921347081 208.186180947005
633000 73.902703115143 66.4377190129011 68.2103496375612 208.550771765605
634000 73.9653231540685 66.5423976477398 68.3253991197515 208.83311992156
635000 74.0936150317487 66.6256565293291 68.4218194043506 209.141090965428
636000 74.1707394434762 66.7217884998267 68.5372679266283 209.429795869931
637000 74.3076647394282 66.7713706495215 68.6606485015649 209.739683890515
638000 74.4123261396195 66.8604883327146 68.7793969761713 210.052211448505
639000 74.5255672073527 67.0009953795166 68.8979414330014 210.424504019871
640000 74.6847320623083 67.1168352446515 68.9433305830617 210.744897890022
641000 74.8345654585864 67.1894157796923 69.0841488266798 211.108130064959
642000 74.9365080180391 67.3158377588299 69.1129798803349 211.365325657204
643000 75.0787918797258 67.4051969569831 69.2326560962117 211.716644932921
644000 75.2029791459426 67.5712472187508 69.3481304208185 212.122356785512
645000 75.2969639152725 67.7085522136294 69.461497853181 212.467013982083
646000 75.3873027894873 67.8097147395206 69.5654255999685 212.762443128976
647000 75.5140284067574 67.8940239049474 69.6555995701638 213.063651881869
648000 75.5842863865409 67.9639908798759 69.7521705354772 213.300447801894
649000 75.6827722433719 68.0921747670571 69.8450837546967 213.620030765126
650000 75.7730482482194 68.1792705628327 69.9931334053178 213.94545221637
651000 75.8963119912943 68.239653294128 70.0702282579671 214.206193543389
652000 75.9571838106219 68.3513539811597 70.1873904906811 214.495928282463
653000 76.1134353565151 68.4166673757316 70.325432753487 214.855535485734
654000 76.2018319932373 68.533904893167 70.3895970389191 215.125333925323
655000 76.2974027717992 68.6160552410138 70.5571811285507 215.470639141364
656000 76.4452312864011 68.6988920358433 70.617679370463 215.761802692707
657000 76.5309183277239 68.8028794621763 70.7089732849755 216.042771074876
658000 76.638309911881 68.883237398094 70.8514880875571 216.373035397532
659000 76.7654283434515 68.9927698938544 70.9470521206683 216.705250357974
660000 76.9252597835988 69.0662653099867 71.0588373438417 217.050362437427
661000 77.0628371837643 69.1696968381596 71.195220703976 217.4277547259
662000 77.1931858018576 69.3187000167432 71.277333527399 217.789219346
663000 77.2416791776655 69.3539202770193 71.3498620364834 217.945461491168
664000 77.3419787274413 69.4693074601986 71.4382785342007 218.249564721841
665000 77.4596348970613 69.5671574514949 71.5469234487695 218.573715797326
666000 77.5662337380339 69.669983362521 71.6892241724642 218.925441273019
667000 77.7084548088277 69.7860690876252 71.8481047842397 219.342628680693
668000 77.8329115781454 69.8888776559888 71.9205115034884 219.642300737623
669000 77.9325449829653 69.994293854008 72.0801684067885 220.007007243762
670000 78.0058977360594 70.1011959775268 72.1785646727669 220.285658386353
671000 78.1470738418592 70.2271214064882 72.2431039711561 220.617299219504
672000 78.2640110082765 70.3613836244758 72.4071796174747 221.032574250227
673000 78.4050918658382 70.4887962860645 72.5308074755637 221.424695627466
674000 78.5148210819938 70.6142452940182 72.644941711549 221.774008087561
675000 78.6256269987647 70.6960720595028 72.7559797330999 222.077678791367
676000 78.7550441222676 70.8063262381853 72.8408814368475 222.4022517973
677000 78.9220720331064 70.8946425092542 72.9355211683134 222.752235710674
678000 78.9956701310606 70.9735617103537 73.0126961291976 222.981927970612
679000 79.0927331842711 71.0967340352684 73.1600622579844 223.349529477524
680000 79.1664136677472 71.1392003055065 73.2556075377036 223.561221510957
681000 79.27375101126 71.2371785932908 73.3497488368403 223.860678441391
682000 79.3931838953361 71.3006720221209 73.4673044409824 224.161160358439
683000 79.4765073588287 71.4035903865509 73.5408943256231 224.420992071003
684000 79.59206227379 71.5015092320169 73.6427003452813 224.736271851088
685000 79.6711695012422 71.6095006189976 73.7226937323469 225.003363852587
686000 79.7994715719231 71.6929705480609 73.8584065084873 225.350848628471
687000 79.9157886460314 71.803301431055 73.9280021942229 225.647092271309
688000 80.0060084176458 71.9224508078066 74.0407498833224 225.969209108775
689000 80.1199132091262 71.9944223972831 74.1506164547063 226.264952061116
690000 80.228087293919 72.106610251827 74.2586075066734 226.593305052419
691000 80.3368160972299 72.2406975062909 74.3568635853468 226.934377188868
692000 80.4672370901282 72.3187057787037 74.4676884416712 227.253631310503
693000 80.538347799906 72.4358017684374 74.5433395988745 227.517489167218
694000 80.6228118087347 72.5033380201587 74.6539936121348 227.780143441028
695000 80.7710124270092 72.6084167988469 74.7125503977453 228.091979623601
696000 80.8666055377487 72.7148237987091 74.8831637733839 228.464593109842
697000 80.9509711152275 72.8302194214235 74.9466179778126 228.727808514464
698000 81.0665076118719 72.971073567758 75.0488744448013 229.086455624431
699000 81.2104912847329 73.0699513543414 75.1924332172552 229.47287585633
700000 81.2963767667094 73.1585445465899 75.2997087802183 229.754630093518
701000 81.3847634266217 73.2993211562376 75.4433606652249 230.127445248084
702000 81.5339622649878 73.4314021472048 75.4921934543656 230.457557866558
703000 81.6129575531278 73.5506417801133 75.5816564218529 230.745255755094
704000 81.7028640500422 73.6494289790608 75.6961063871894 231.048399416292
705000 81.7774447407524 73.7153359221183 75.8126920329135 231.305472695784
706000 81.8722787738099 73.823008320034 75.8983542964247 231.593641390269
707000 82.0123298793536 73.9159590638385 76.0150505144781 231.94333945767
708000 82.1213364410339 74.0396585092022 76.0938295476693 232.254824497905
709000 82.210975670021 74.1095940755453 76.1913758180488 232.511945563615
710000 82.3187177308737 74.2398271580946 76.310294319122 232.86883920809
711000 82.4324873204175 74.3724834852511 76.4356628818137 233.240633687482
712000 82.5845265752044 74.4271641141712 76.5344167819723 233.546107471348
713000 82.6566850279676 74.5558360541422 76.6360186711728 233.848539753283
714000 82.7860841041898 74.7075768585806 76.7374391501025 234.231100112873
715000 82.8800965084068 74.7802327793562 76.8434779372394 234.503807225002
716000 82.9751595215779 74.8890464468284 76.9217980223578 234.786003990764
717000 83.0946852595603 75.003279087907 77.0394752763696 235.137439623837
718000 83.2101202303129 75.1546856098683 77.1100139457038 235.474819785885
719000 83.3670656170718 75.2582896719262 77.2103033511921 235.83565864019
720000 83.4783157434595 75.3717210373142 77.3385591706269 236.188595951401
721000 83.625769905511 75.4259302567529 77.4348232901588 236.486523452423
722000 83.7453017041837 75.534175342811 77.5207795735011 236.800256620496
723000 83.895651792943 75.645382013529 77.6604024610648 237.201436267537
724000 83.9737027091635 75.7671057467092 77.7379711370706 237.478779592943
725000 84.0933410513468 75.8782587065611 77.8261679707634 237.797767728671
726000 84.1883834938181 75.9480325519206 77.9125714560252 238.048987501764
727000 84.3114488403241 76.0329113425444 77.9962717784831 238.340631961352
728000 84.4209442144682 76.1199289349108 78.0983404580906 238.63921360747
729000 84.5398252605702 76.1857326476851 78.2441692212758 238.969727129531
730000 84.6601872249919 76.2713475206168 78.3362893789561 239.267824124565
731000 84.7947280778604 76.3497477390403 78.4627199755008 239.607195792401
732000 84.8869163393249 76.4614333263863 78.5780376998366 239.926387365548
733000 85.0495749864322 76.5720699825243 78.6584827006105 240.280127669567
734000 85.1546380227549 76.6875767582693 78.7460494849218 240.588264265946
735000 85.2413023969427 76.804223136523 78.8629360595375 240.908461593003
736000 85.3595878047203 76.8418922272181 78.9590522482903 241.160532280229
737000 85.4581136988809 76.9961090970473 79.1060036495633 241.560226445492
738000 85.5688914754009 77.1367916228402 79.1948761557648 241.900559254006
739000 85.6820478827677 77.2250514077738 79.2746358023979 242.181735092939
740000 85.8275122123916 77.3079870983588 79.3651752087541 242.500674519504
741000 85.8899989130621 77.410820251488 79.4826875027711 242.783506667321
742000 85.9891511655346 77.5467792849821 79.5719169128551 243.107847363372
743000 86.0904599299957 77.6931897552152 79.7098634345708 243.493513119782
744000 86.2080072624342 77.7879706903059 79.8404862340818 243.836464186822
745000 86.3025660069158 77.8846158176339 79.9214322471243 244.108614071674
746000 86.3975418363695 78.0768708871329 80.0331084561477 244.50752117965
747000 86.5118197479574 78.2025056486264 80.1140246914841 244.828350088068
748000 86.6396826199357 78.270789240765 80.2086102589197 245.11908211962
749000 86.7790934297075 78.3410246099507 80.3125513545448 245.432669394203
750000 86.8852781682715 78.5015363320494 80.3977357762636 245.784550276585
751000 87.0265175807721 78.6202110472483 80.5014581424361 246.148186770456
752000 87.1656851053118 78.7219294517275 80.6265055449798 246.514120102019
753000 87.3047899270198 78.8051048495502 80.7193796163241 246.829274392894
754000 87.4460279496695 78.947608644856 80.809866845524 247.203503440049
755000 87.5229766990578 79.0292654534681 80.9096638702919 247.461906022818
756000 87.678108395621 79.1029674280164 81.025443165404 247.806518989041
757000 87.7753333721045 79.1906074060225 81.1443534692691 248.110294247396
758000 87.8940209988418 79.3008343824931 81.2000397394445 248.394895120779
759000 88.0609801596197 79.3827249392334 81.2982636552185 248.741968754072
760000 88.1401018162585 79.5417801402665 81.4211501349933 249.103032091518
761000 88.2469073772074 79.5566766248457 81.5546107713737 249.358194773427
762000 88.3902276923341 79.6770857405885 81.6448525004329 249.712165933355
763000 88.5180223745117 79.7546195532205 81.7512290876146 250.023871015347
764000 88.6002633829627 79.8832264390026 81.8469334114971 250.330423233462
765000 88.6624260173299 79.9999316866375 81.9207319551091 250.583089659077
766000 88.7721303824424 80.0946081102516 82.0459279899517 250.912666482646
767000 88.8637813404632 80.1556285480583 82.1407514724199 251.160161360941
768000 88.9359670472429 80.2704163162009 82.2414078973736 251.447791260817
769000 89.0841427284778 80.353295783482 82.3960165412414 251.833455053201
770000 89.1502497221508 80.4991261886373 82.504074612306 252.153450523094
771000 89.2664778472577 80.554539725183 82.5763623542277 252.397379926668
772000 89.3538484683498 80.6884034434041 82.6822232527336 252.724475164488
773000 89.5029067916061 80.7472414932897 82.7666445856644 253.01679287056
774000 89.5883146332065 80.907041111626 82.8815601985908 253.376915943423
775000 89.7504051470839 80.9959279556303 83.0114119172422 253.757745019956
776000 89.8559216661602 81.1023809897876 83.1003396144675 254.058642270415
777000 90.032420405824 81.2130741276639 83.1872762197181 254.432770753206
778000 90.0761745368783 81.3018074098284 83.3237409251719 254.701722871879
779000 90.1829953395471 81.434818595211 83.4319202854611 255.049734220219
780000 90.2736852162948 81.514085435978 83.4929418120006 255.280712464273
781000 90.3741182045465 81.5798978900909 83.6125847152386 255.566600809876
782000 90.5205753838943 81.7240676823477 83.7178293837769 255.962472450019
783000 90.6627390276076 81.8506459324487 83.8185200058685 256.331904965925
784000 90.7961019310405 81.950938483362 83.9027547551547 256.649795169557
785000 90.900069209647 82.0357601074044 84.025348416385 256.961177733437
786000 91.0087576159287 82.1247243136781 84.0823382199076 257.215820149514
787000 91.1422960305393 82.1971446112837 84.204927605206 257.544368247029
788000 91.2412468452379 82.3141545123375 84.2999253445988 257.855326702174
789000 91.3864852819215 82.4088102153761 84.4323545602714 258.227650057569
790000 91.4954159085867 82.5172193355838 84.5316731676786 258.544308411849
791000 91.6583548408405 82.629138834901 84.627009368464 258.914503044205
792000 91.7537884913411 82.7736942513591 84.7267225917557 259.254205334456
793000 91.8763918143684 82.8995215744254 84.8212301578444 259.597143546638
794000 91.9643109017654 83.022824580412 84.9436638108417 259.930799293019
795000 92.0675868683849 83.1665601441402 85.0525944994696 260.286741511995
796000 92.1820042755973 83.2730461188736 85.1622493960326 260.617299790504
797000 92.3120978180167 83.4446863751932 85.2881749732723 261.044959166482
798000 92.4279130675763 83.5284161007124 85.4179172280406 261.374246396329
799000 92.5347006894149 83.6275420541851 85.5128178589121 261.675060602512
800000 92.7087633935858 83.7572260629629 85.6003522256768 262.066341682226
801000 92.7947965648074 83.8344794056251 85.7062661640626 262.335542134495
802000 92.8860088908447 83.9486607841187 85.8249317224648 262.659601397428
803000 93.0483298526894 84.0501743840593 85.9100995597376 263.008603796486
804000 93.1471656618632 84.1472764588975 85.9296511639142 263.224093284675
805000 93.2747002509825 84.2919885960873 86.0863732474459 263.653062094516
806000 93.437844952444 84.3757501952882 86.1856262706454 263.999221418377
807000 93.5298451241421 84.4213061388856 86.297285097235 264.248436360263
808000 93.6249128954625 84.4971615424304 86.4224669454756 264.544541383369
809000 93.7331776820012 84.621341380421 86.5076774209656 264.862196483388
810000 93.8192282231994 84.7204242737386 86.5804229528965 265.120075449835
811000 93.8783095334479 84.8356264394501 86.7183117133599 265.432247686258
812000 93.9922101819839 84.9326057267655 86.8146443516158 265.739460260365
813000 94.1067473351761 85.0619307334257 86.9028599109522 266.071537979554
814000 94.2415344386345 85.1720773626823 87.0532531654374 266.466864966754
815000 94.3207538549527 85.2625606364196 87.165104492787 266.748418984159
816000 94.4096750610442 85.3559985494105 87.2359898869449 267.0016634974
817000 94.5137569797114 85.440393846277 87.3931697903438 267.347320616332
818000 94.6149379726655 85.5483549589391 87.4927636000956 267.6560565317
819000 94.7151571400684 85.6347444868766 87.6061540955384 267.956055722484
820000 94.88128782104 85.702025476864 87.7053214661036 268.288634764008
821000 94.9812525015133 85.8272814620863 87.8323447699773 268.640878733577
822000 95.1738985584016 85.9568855827128 87.9123242201161 269.04310836123
823000 95.2866776603896 86.0423358389262 88.0343960270524 269.363409526368
824000 95.4040148434293 86.1411817581713 88.1130081100334 269.658204711634
825000 95.4868362993498 86.2505835959141 88.2143166883032 269.951736583567
826000 95.5567166440925 86.3634933492778 88.3424392155142 270.262649208884
827000 95.7010157815568 86.4666964042684 88.417084254812 270.584796440637
828000 95.7977276869387 86.5401050222068 88.5408795299404 270.878712239086
829000 95.8787783865621 86.6495480484464 88.6636613400724 271.191987775081
830000 96.0323679975927 86.7967494599042 88.7915942308545 271.620711688351
831000 96.1416391468944 86.8950770600828 88.8991365172213 271.935852724199
832000 96.2483832601081 86.9750591818348 88.9614158913612 272.184858333304
833000 96.3668842264762 87.092213683117 89.0187896667906 272.477887576384
834000 96.5105552040848 87.1957333019177 89.1573526762928 272.863641182295
835000 96.6219145481309 87.3063460282086 89.2740663375451 273.202326913885
836000 96.6780449472865 87.4414321711389 89.3965300761306 273.516007194556
837000 96.8381982186504 87.5654123936157 89.5292871865885 273.932897798855
838000 96.9572957558919 87.656777041557 89.6040707515025 274.218143548951
839000 97.0669165003158 87.8177314699651 89.7063289310896 274.59097690137
840000 97.1669741024742 87.9050957007413 89.8044690139838 274.876538817199
841000 97.2988205503675 87.966120130242 89.869583312024 275.134523992634
842000 97.3671255696402 88.1458019235609 90.0131152088785 275.52604270208
843000 97.4739757837234 88.2470274796881 90.1327947057958 275.853797969207
844000 97.5950763578852 88.3517346808431 90.2194609186026 276.166271957331
845000 97.7227432461727 88.4238325300932 90.3614691648196 276.508044941086
846000 97.8495417680883 88.542788507586 90.4467485238017 276.839078799476
847000 97.9678288256873 88.6340484384029 90.5846358461177 277.186513110208
848000 98.1047029686019 88.7418572570287 90.6562967914433 277.502857017074
849000 98.2301199102624 88.8648412709203 90.7673348884752 277.862296069658
850000 98.351833385233 89.0015049088523 90.8543958414155 278.207734135501
851000 98.4479436695825 89.1470400028366 90.9617702229935 278.556753895413
852000 98.5981913997266 89.2791350560145 91.0368225443309 278.914149000072
853000 98.7638285172668 89.3206175377766 91.1529967366793 279.237442791723
854000 98.8621228551377 89.4456624661289 91.2630788942668 279.570864215534
855000 98.9959863676576 89.5190432894847 91.3416987834308 279.856728440573
856000 99.1032975767176 89.6209142790088 91.4545662236972 280.178778079424
857000 99.2166043699953 89.7477213268724 91.5614472916012 280.525772988469
858000 99.32026779098 89.8001498395981 91.6380044358969 280.758422066475
859000 99.448822412385 89.887312241109 91.7459399900773 281.082074643571
860000 99.6141068787984 89.9741708564678 91.8282946851657 281.416572420432
861000 99.6685899153361 90.0739879210299 91.942604469966 281.685182306332
862000 99.7980920007973 90.201371574597 91.984584913055 281.984048488449
863000 99.8467359735564 90.2816640300074 92.0844642112661 282.21286421483
864000 99.9643872711695 90.3502778530356 92.1968436203147 282.51150874452
865000 100.068358393322 90.4717048131627 92.2471458399555 282.78720904644
866000 100.241607724243 90.5853456857832 92.3991093177568 283.226062727783
867000 100.381802643653 90.7063186084291 92.4914484653583 283.579569717441
868000 100.510168826856 90.8103118265683 92.5885864532716 283.909067106696
869000 100.65748735003 90.9729294607912 92.7197793794236 284.350196190245
870000 100.758302132365 91.0705334099904 92.8020153098253 284.63085085218
871000 100.891632531734 91.1450264358283 92.9085638781402 284.945222845702
872000 100.998259879453 91.2382329843049 93.0516991676333 285.288192031391
873000 101.132634986313 91.3063231467513 93.1245537090537 285.563511842118
874000 101.205040082528 91.3979345980929 93.255350513833 285.858325194454
875000 101.315669661192 91.4648085066466 93.3070857704068 286.087563938245
876000 101.471358953701 91.5917719967023 93.4342928313996 286.497423781803
877000 101.565685926586 91.7045952131614 93.594215074167 286.864496213915
878000 101.699222826664 91.8239889201817 93.628284136764 287.15149588361
879000 101.814448114875 91.8903741230819 93.7319669005535 287.436789138511
880000 101.907107424259 91.9361829804748 93.8686920475772 287.711982452311
881000 101.998753830926 92.0916491136587 93.9283148285493 288.018717773134
882000 102.155473745259 92.1837541211853 94.0443198246856 288.38354769113
883000 102.307835328374 92.3201101820628 94.1588134758935 288.78675898633
884000 102.390800983688 92.4332491428968 94.2280660410572 289.052116167642
885000 102.491260281565 92.4676993843566 94.3087069557262 289.267666621648
886000 102.63040552916 92.6275671116111 94.4528314891318 289.710804129903
887000 102.776199152796 92.7021345801714 94.5358785701689 290.014212303136
888000 102.892568181114 92.7917802417071 94.6268855675585 290.31123399038
889000 102.991134137507 92.9403583466416 94.7164047821484 290.647897266297
890000 103.144759389152 93.02615906855 94.7972414644505 290.968159922152
891000 103.217760723555 93.1005075851166 94.8900344158409 291.208302724512
892000 103.360537521967 93.2270469563903 95.0216483087591 291.609232787116
893000 103.425352287241 93.3672042545976 95.1019130425617 291.8944695844
894000 103.547759675979 93.4677904735868 95.1994703590037 292.215020508569
895000 103.678742253767 93.5817379888928 95.2904480686154 292.550928311275
896000 103.756208572086 93.6773434957347 95.4283869347073 292.861939002528
897000 103.845385001937 93.7995857989359 95.5432177919885 293.188188592861
898000 103.932684918223 93.9157496375335 95.6815586827079 293.529993238465
899000 104.023518852652 94.0213988422033 95.8032862829282 293.848203977783
900000 104.170374360804 94.1043377290972 95.881090594784 294.155802684685
901000 104.22972550551 94.242336856345 95.9747883623762 294.446850724232
902000 104.370364015848 94.3497925092346 96.0871140771793 294.807270602262
903000 104.446226620325 94.5004994388351 96.1903196321266 295.137045691287
904000 104.613676772959 94.5333310913083 96.2838481006486 295.430855964916
905000 104.711271218962 94.6779005898903 96.4003504590833 295.789522267936
906000 104.924146698534 94.7436742350941 96.489690560964 296.157511494592
907000 105.039463617967 94.8645772432168 96.5914162527811 296.495457113965
908000 105.159209979618 94.9478056346753 96.6928284255975 296.799844039891
909000 105.260571406658 95.0646383590208 96.783978253014 297.109188018693
910000 105.39264620145 95.2031362625677 96.8857557325833 297.481538196601
911000 105.482117188101 95.3007318820151 96.9967004059386 297.779549476055
912000 105.581237850539 95.4044006744751 97.1427958476316 298.128434372646
913000 105.705266437446 95.4156201323103 97.2578854212297 298.378771990986
914000 105.853011051091 95.594886424406 97.3784787269418 298.826376202439
915000 105.985519319714 95.6954374487212 97.4774273172125 299.158384085647
916000 106.027641374554 95.7944338530031 97.5908660261129 299.41294125367
917000 106.172267282811 95.8780082494039 97.7563307916273 299.806606323843
918000 106.23804978441 95.9703209225001 97.8862768197946 300.094647526705
919000 106.310811375181 96.0937281084537 97.9983107659086 300.402850249543
920000 106.421113232957 96.2319965790374 98.1352320592575 300.788341871251
921000 106.515700236343 96.3422406867202 98.1793751776784 301.037316100742
922000 106.65149749702 96.4155547087722 98.3175945990405 301.384646804833
923000 106.844012096037 96.5253435820049 98.4449660793407 301.814321757382
924000 106.962054266826 96.5894759779533 98.5784372468974 302.129967491677
925000 107.02527583025 96.7373618094407 98.6722121139185 302.434849753609
926000 107.109891979235 96.803458155448 98.7802484348628 302.693598569546
927000 107.23512480407 96.8961987995362 98.8731608357655 303.004484439372
928000 107.390341370486 96.9978949993693 99.0103769713455 303.3986133412
929000 107.458252923864 97.1178637807012 99.0556858301906 303.631802534756
930000 107.564588522361 97.1998297240851 99.1890885129768 303.953506759423
931000 107.696636002033 97.3216877357447 99.2879469928688 304.306270730647
932000 107.832848476997 97.4607236256541 99.3556434605805 304.649215563232
933000 107.984265444522 97.5976662130865 99.5155508781462 305.097482535755
934000 108.103812745334 97.6843289129914 99.6676195674563 305.455761225782
935000 108.288282397754 97.7831726657575 99.7775216781899 305.848976741701
936000 108.424121035619 97.8850505186954 99.8785177119907 306.187689266305
937000 108.534133828365 97.964067324702 99.9723326211334 306.4705337742
938000 108.685844859022 98.0677660862055 100.084170781327 306.837781726555
939000 108.766479262525 98.1144741825297 100.180050989032 307.061004434087
940000 108.81459620956 98.205770324256 100.303705810037 307.324072343853
941000 108.991741374675 98.2735488855279 100.432042494833 307.697332755036
942000 109.112402927165 98.3863198483038 100.521683103797 308.020405879266
943000 109.199341850335 98.4825956372532 100.597159332916 308.279096820504
944000 109.368966592751 98.5160970640011 100.747333055262 308.632396712014
945000 109.516042521928 98.6069455140951 100.813039587282 308.936027623305
946000 109.642077011745 98.7090107203756 100.96299462781 309.314082359931
947000 109.749754195998 98.8515688689081 101.026517173829 309.627840238736
948000 109.881328566591 98.9519373171019 101.045835397534 309.879101281227
949000 109.962439415689 99.0505700473448 101.184904663014 310.197914126048
950000 110.060512563392 99.1301993314663 101.299974424171 310.490686319029
951000 110.201122793758 99.2602908821917 101.374232792689 310.835646468639
952000 110.323530645605 99.3730776117352 101.468170689805 311.164778947145
953000 110.411911960098 99.4367222919424 101.574226593792 311.422860845832
954000 110.501771740536 99.5298346693704 101.621342921439 311.652949331346
955000 110.650121955329 99.6241864701018 101.753716655111 312.028025080543
956000 110.782227220946 99.7958410541203 101.85573354496 312.433801820027
957000 110.924995083007 99.8907376835083 101.964705844915 312.78043861143
958000 111.008851502751 99.9958820432579 102.068044037544 313.072777583553
959000 111.122872556817 100.131736043 102.185227308818 313.439835908635
960000 111.190168877054 100.251846948548 102.288781245339 313.730797070941
961000 111.285575723662 100.340099541786 102.423426896627 314.049102162075
962000 111.479382829687 100.448759321803 102.524829582535 314.452971734024
963000 111.538737773914 100.545564474567 102.639372456007 314.723674704488
964000 111.61010666133 100.654016726317 102.692310334086 314.956433721733
965000 111.793101828011 100.725669952587 102.81667403282 315.335445813418
966000 111.900715478507 100.839101275618 102.902486303305 315.64230305743
967000 111.999247505898 100.892099530206 103.014930386647 315.906277422752
968000 112.126479302626 101.033649806275 103.151863005285 316.311992114186
969000 112.21693095182 101.090606930822 103.217968001893 316.525505884535
970000 112.330300017676 101.226423858622 103.326619835911 316.883343712208
971000 112.412250574363 101.340028651861 103.429303378385 317.181582604609
972000 112.617306994937 101.414020378489 103.522224862197 317.553552235622
973000 112.713254455393 101.509816269442 103.653921839398 317.876992564232
974000 112.824548515311 101.60505422072 103.747308337457 318.176911073489
975000 112.916604628543 101.726442809452 103.894306292072 318.537353730068
976000 113.05198467461 101.800796330261 104.066502265678 318.919283270549
977000 113.175521418979 101.897914183373 104.118029105058 319.19146470741
978000 113.267792874799 101.982169790815 104.243932373585 319.4938950392
979000 113.394954645681 102.090778779423 104.34637069675 319.832104121854
980000 113.507245315596 102.162559000577 104.457068857216 320.126873173389
981000 113.611040020521 102.304146156249 104.612638415402 320.527824592171
982000 113.849029740582 102.361611902488 104.68686688658 320.897508529649
983000 113.938644514535 102.452345621727 104.731345720327 321.122335856588
984000 114.086144154209 102.573129874534 104.877783235717 321.537057264461
985000 114.106308901065 102.691762527167 104.96587239986 321.763943828091
986000 114.20516108622 102.763324239864 105.113364496639 322.081849822723
987000 114.274952380587 102.875442104227 105.208218229623 322.358612714436
988000 114.402495564252 102.993637566346 105.375654581966 322.771787712564
989000 114.560808789279 103.093299239142 105.40615604913 323.06026407755
990000 114.680167393303 103.214057366669 105.527040997217 323.421265757189
991000 114.792522719286 103.27528203498 105.597939250467 323.665744004733
992000 114.84904931937 103.382646120177 105.713290195619 323.944985635167
993000 114.982710917408 103.451887002342 105.835082097457 324.269680017207
994000 115.087000666833 103.572960381143 105.989912284933 324.649873332908
995000 115.178799851291 103.675595497182 106.088794511756 324.943189860228
996000 115.290103077343 103.779789773703 106.196763657008 325.266656508054
997000 115.437060766449 103.893973875921 106.301546070832 325.632580713202
998000 115.468330357026 103.94979079621 106.471933373671 325.890054526908
999000 115.592739444818 104.072793518213 106.560959408853 326.226492371884
1000000 115.681128138655 104.198962683315 106.651438273061 326.531529095031
1001000 115.825734676064 104.302776172101 106.747771576078 326.876282424243
1002000 115.915180183112 104.403586574543 106.815155479557 327.133922237212
1003000 115.985524678639 104.508774700994 106.95043821395 327.444737593583
1004000 116.051698428913 104.579559165713 107.101521933452 327.732779528078
1005000 116.171441304678 104.62507062368 107.214701603279 328.011213531637
1006000 116.311416624124 104.771341508633 107.331074412909 328.413832545666
1007000 116.35628806875 104.879584065946 107.45988267658 328.695754811275
1008000 116.453096146048 105.006637487559 107.585496161243 329.04522979485
1009000 116.589512295135 105.102884870893 107.71233879701 329.404735963038
1010000 116.70050863191 105.226506744723 107.821395310707 329.74841068734
1011000 116.767136659483 105.275692084886 107.98915563278 330.031984377149
1012000 116.93678262785 105.350503465641 108.058354701574 330.345640795065
1013000 117.061376898374 105.495177707241 108.154950967707 330.711505573322
1014000 117.175087859741 105.648184179291 108.30393561058 331.127207649611
1015000 117.275861054414 105.727071860612 108.428006125831 331.430939040858
1016000 117.341754445711 105.768478844914 108.498524931195 331.60875822182
1017000 117.464025776982 105.945993534139 108.640231295316 332.050250606437
1018000 117.570497759233 106.017940778035 108.715766981907 332.304205519175
1019000 117.663554373146 106.13090208017 108.821122282586 332.615578735902
1020000 117.753899377684 106.244598922691 108.889726058336 332.88822435871
1021000 117.850302815377 106.406547595513 108.983005404278 333.239855815168
1022000 117.978777944569 106.44920671724 109.083444299898 333.511428961707
1023000 118.027299627415 106.523139700363 109.228223228949 333.778662556727
1024000 118.204662236751 106.613083541298 109.356664555376 334.174410333424
1025000 118.261644898265 106.73639903672 109.502356990165 334.500400925149
1026000 118.400799046293 106.82831489373 109.60716501497 334.836278954993
1027000 118.485937725105 106.928381387837 109.664011896077 335.078331009019
1028000 118.620888741081 107.026340520246 109.806245932457 335.453475193783
1029000 118.718580370142 107.114392071626 109.940951883623 335.773924325391
1030000 118.807108542287 107.23154787041 110.085497192354 336.12415360505
1031000 118.936687527862 107.303380267331 110.192124452221 336.432192247413
1032000 119.089528530871 107.460282114232 110.251761487897 336.801572133001
1033000 119.218401003824 107.541307274227 110.35887033422 337.118578612271
1034000 119.313020781655 107.652549030868 110.466364539922 337.431934352445
1035000 119.443963496789 107.782070969919 110.607445463474 337.833479930182
1036000 119.567985608137 107.867503188122 110.664871828188 338.100360624447
1037000 119.669828105951 107.99598046672 110.772234831402 338.438043404073
1038000 119.82764590698 108.080544216969 110.862887632634 338.771077756583
1039000 119.944208985802 108.106569383103 110.95486414497 339.005642513874
1040000 120.040910087649 108.245679021383 111.089697738136 339.376286847168
1041000 120.183340296474 108.300375575995 111.218680460102 339.702396332571
1042000 120.260594326102 108.465410718603 111.305067532137 340.031072576843
1043000 120.386293909108 108.484948261901 111.452911874659 340.324154045668
1044000 120.477137838126 108.644502724077 111.531625676779 340.653266238982
1045000 120.538802106674 108.719047052185 111.628122599117 340.885971757975
1046000 120.66365579949 108.856576307121 111.721709118375 341.241941224986
1047000 120.812307242447 108.937392279498 111.868240106123 341.617939628067
1048000 120.91936497051 109.061159996331 111.95064660042 341.93117156726
1049000 121.005641655178 109.176099023821 112.056800844187 342.238541523186
1050000 121.048107824212 109.237206949333 112.170335508355 342.4556502819
1051000 121.103356922894 109.31076610997 112.301268312511 342.715391345374
1052000 121.280466382585 109.411423721806 112.402887233661 343.094777338052
1053000 121.395888242981 109.512580724139 112.448813089002 343.357282056121
1054000 121.519483097252 109.612288755932 112.541018872783 343.672790725967
1055000 121.626788326962 109.730377988452 112.634637010289 343.991803325703
1056000 121.693611424776 109.84390174333 112.750375164367 344.287888332473
1057000 121.851237030939 109.909119783277 112.882915235058 344.643272049273
1058000 121.97948742063 110.016027954572 112.951301734137 344.94681710934
1059000 122.029329660661 110.173269911858 113.062950063866 345.265549636385
1060000 122.192260356899 110.27038918777 113.160070916138 345.622720460807
1061000 122.300451045433 110.375170063363 113.334001483617 346.009622592413
1062000 122.372189671249 110.511885297553 113.457037838618 346.341112807421
1063000 122.513394831352 110.644619188758 113.618292549269 346.776306569379
1064000 122.584242226403 110.686727302698 113.637987283099 346.908956812201
1065000 122.699514542626 110.828407927035 113.773932216789 347.30185468645
1066000 122.789528685603 110.826114532718 113.872676028099 347.488319246419
1067000 122.9564932631 110.931584015943 114.032012033136 347.920089312179
1068000 123.017467210671 111.027647448379 114.102603381523 348.147718040572
1069000 123.16700262804 111.141151414779 114.226357168756 348.534511211575
1070000 123.223982558864 111.279524333224 114.319995130344 348.823502022432
1071000 123.293769726041 111.350681290278 114.464975918038 349.109426934357
1072000 123.428381303259 111.511955306343 114.583519316217 349.523855925819
1073000 123.598309106842 111.607252591589 114.726744999661 349.932306698093
1074000 123.69995787023 111.740570193074 114.866191121203 350.306719184507
1075000 123.846887599006 111.847530689359 114.967588133119 350.662006421484
1076000 124.046306521191 111.964781829676 115.07688919151 351.087977542377
1077000 124.150562049973 112.070514149758 115.156191424385 351.377267624116
1078000 124.178075645406 112.158197275036 115.282478089392 351.618751009834
1079000 124.279657398366 112.231697548591 115.368722923112 351.880077870069
1080000 124.415732197152 112.311830445325 115.460301440711 352.187864083187
1081000 124.528830564997 112.43152820865 115.537477897054 352.497836670702
1082000 124.619637963894 112.577658945978 115.671830187679 352.869127097551
1083000 124.746042460126 112.601885171654 115.826777242951 353.174704874731
1084000 124.891426678787 112.738253316571 115.950223212818 353.579903208176
1085000 125.040328602392 112.832377005251 116.059932146995 353.932637754638
1086000 125.127400164101 112.939878347555 116.148672453816 354.215950965472
1087000 125.210283418475 113.067924199794 116.302861220129 354.581068838399
1088000 125.334136317666 113.181927958321 116.425160651161 354.941224927149
1089000 125.465781873618 113.220234490081 116.550125403381 355.23614176708
1090000 125.559358274974 113.33657039749 116.62203755349 355.517966225953
1091000 125.704838482437 113.44731768739 116.750458664449 355.902614834276
1092000 125.791852920506 113.608685869074 116.84213939419 356.242678183771
1093000 125.949737898795 113.683235828918 116.954577091834 356.587550819547
1094000 126.020291364753 113.809979148872 117.071133594246 356.901404107872
1095000 126.126627682203 113.867999621035 117.183396139372 357.17802344261
1096000 126.245803641124 114.010909000868 117.266007630114 357.522720272106
1097000 126.351932861947 114.112962627182 117.351485921148 357.816381410277
1098000 126.389808784774 114.255182322173 117.442655448473 358.08764655542
1099000 126.509577315195 114.325688555144 117.499318704896 358.334584575234
1100000 126.648737402415 114.392819200776 117.602424254916 358.643980858107
1101000 126.7515973947 114.444717226413 117.705366716006 358.90168133712
1102000 126.931324977598 114.533089999724 117.802239740223 359.266654717546
1103000 126.988547273687 114.628832267447 117.960409980951 359.577789522085
1104000 127.139531028571 114.691679458939 118.0762933832 359.90750387071
1105000 127.206142225307 114.833445692682 118.204626125913 360.244214043902
1106000 127.360090209514 114.992653585703 118.300937690211 360.653681485428
1107000 127.457071351171 115.046637634083 118.395926019614 360.899635004868
1108000 127.570971568578 115.191904799004 118.551096802377 361.313973169958
1109000 127.720445243806 115.230529904152 118.654957011152 361.60593215911
1110000 127.806327684602 115.360618420541 118.78334058361 361.950286688753
1111000 127.980032632424 115.48685186584 118.936533326186 362.40341782445
1112000 128.028923325042 115.49307583906 118.986204838861 362.508204002963
1113000 128.206141554708 115.611025736433 119.073538371823 362.890705662963
1114000 128.334072774716 115.705422791133 119.180654051698 363.220149617547
1115000 128.462507793509 115.809021073833 119.274959817522 363.546488684865
1116000 128.61073693542 115.894150104022 119.379260802143 363.884147841584
1117000 128.75043850254 116.012207189527 119.474775956602 364.237421648668
1118000 128.900576522585 116.145191283713 119.487152273954 364.532920080252
1119000 128.99829548164 116.206873270705 119.640402325171 364.845571077516
1120000 129.095147055866 116.264372180788 119.707878753426 365.06739799008
1121000 129.211105536245 116.354433518538 119.861253091368 365.426792146151
1122000 129.304148238523 116.498311336351 119.998703933189 365.801163508062
1123000 129.392690481728 116.541371190675 120.105808363451 366.039870035853
1124000 129.534206333347 116.642799340257 120.19858503158 366.375590705184
1125000 129.603167636738 116.800903628006 120.308839102338 366.712910367081
1126000 129.726599446121 116.861469390617 120.406353061297 366.994421898035
1127000 129.867734880043 117.003909716014 120.525099342022 367.396743938079
1128000 129.943824614783 117.117042488146 120.655814253359 367.716681356288
1129000 130.031231542232 117.232821521911 120.719942882074 367.983995946217
1130000 130.140439176654 117.36158377274 120.858552431219 368.360575380613
1131000 130.265116776901 117.533468833767 120.973174614322 368.77176022499
1132000 130.386140425465 117.5857222267 121.059695959339 369.031558611504
1133000 130.490319022166 117.623283809987 121.245719984338 369.359322816491
1134000 130.593064271353 117.720427814276 121.364067035812 369.677559121441
1135000 130.690292401311 117.897023029619 121.528112087152 370.115427518082
1136000 130.757517247973 117.972128520103 121.606896114291 370.336541882367
1137000 130.924680349593 118.046543254445 121.681896204786 370.653119808824
1138000 131.03226046652 118.187676324695 121.798709146542 371.018645937758
1139000 131.140075261239 118.290778789899 121.903516974256 371.334371025395
1140000 131.210572781719 118.446657467954 121.949873180303 371.607103429975
1141000 131.336896568022 118.563294379012 122.06985579377 371.970046740804
1142000 131.431716919736 118.674322343706 122.132053353837 372.238092617278
1143000 131.587641901973 118.798531738312 122.269264558107 372.655438198392
1144000 131.744823097332 118.840488343727 122.392371461554 372.977682902614
1145000 131.803560308666 119.010195078527 122.458182302554 373.271937689747
1146000 131.909258516788 119.063949174116 122.607584538736 373.58079222964
1147000 132.046104126204 119.140166260156 122.699674309651 373.88594469601
1148000 132.165421141091 119.315613159302 122.830719909881 374.311754210274
1149000 132.305685685632 119.357725566415 122.968937607865 374.632348859912
1150000 132.413932440417 119.486080104325 123.120555268256 375.020567812998
1151000 132.550759072533 119.600081113714 123.218124718297 375.368964904543
1152000 132.620405531218 119.684761789843 123.314808184166 375.619975505227
1153000 132.665230452359 119.718067306664 123.4234892217 375.806786980724
1154000 132.837074786056 119.774766535112 123.576761666585 376.188602987753
1155000 132.991241451115 119.926090132099 123.627342550691 376.544674133905
1156000 133.058934318392 120.06713553986 123.753972494294 376.880042352546
1157000 133.251811436071 120.170056034377 123.832168066413 377.254035536861
1158000 133.294525554304 120.265931635766 123.988943402091 377.549400592161
1159000 133.398470343566 120.357414394368 124.047884323276 377.80376906121
1160000 133.439260940031 120.519684237919 124.157205228512 378.116150406463
1161000 133.54778993336 120.618105338632 124.247073619899 378.412968891892
1162000 133.713112401126 120.672464740966 124.315527278413 378.701104420506
1163000 133.801933513177 120.827634144829 124.41573696517 379.045304623176
1164000 133.947219782717 120.893498448663 124.537869871618 379.378588102998
1165000 134.09605863433 121.053661860286 124.61852374343 379.768244238047
1166000 134.186958674438 121.138604748562 124.706947866307 380.032511289307
1167000 134.359737264326 121.247234631865 124.833461923949 380.440433820141
1168000 134.474141979952 121.308769113364 124.978884339165 380.761795432481
1169000 134.658364396585 121.446958467068 125.082431627869 381.187754491523
1170000 134.737468322545 121.570222794918 125.180739354084 381.488430471547
1171000 134.864101855225 121.679651466842 125.315942051467 381.859695373534
1172000 134.964206169042 121.779594710347 125.438845064876 382.182645944265
1173000 135.062402692653 121.904810171568 125.58280889956 382.55002176378
1174000 135.16371495524 121.957595601222 125.657820516386 382.779131072847
1175000 135.255860564471 122.049827396809 125.7742358232 383.079923784481
1176000 135.326823913692 122.201668412467 125.89384983975 383.42234216591
1177000 135.385552698109 122.319455734154 125.915834225407 383.62084265767
1178000 135.535062243502 122.411403182959 125.988989308811 383.935454735271
1179000 135.599363439527 122.52905983703 126.101510203184 384.229933479741
1180000 135.744847594583 122.58339409753 126.232827468577 384.56106916069
1181000 135.828187665895 122.656620245531 126.346228256357 384.831036167782
1182000 135.93509429071 122.719652745834 126.451560726187 385.106307762731
1183000 136.01532167473 122.857782743578 126.596733837754 385.469838256062
1184000 136.172627852955 122.923288182123 126.677585371223 385.773501406301
1185000 136.235468848689 123.036838644812 126.78602191179 386.058329405291
1186000 136.355759292464 123.168492272955 126.897386409872 386.421637975291
1187000 136.472868291751 123.366837182542 127.008511602115 386.848217076408
1188000 136.585629894967 123.450078780488 127.128966032893 387.164674708348
1189000 136.651937244943 123.511905871444 127.246573564299 387.410416680686
1190000 136.819307868526 123.655547378303 127.428409598761 387.903264845591
1191000 136.957707496973 123.692157115773 127.515337652636 388.165202265383
1192000 137.043531712461 123.789568412515 127.636618347343 388.469718472318
1193000 137.191502637065 123.913182048829 127.74388259732 388.848567283214
1194000 137.255949361016 124.025985010376 127.849702533543 389.131636904935
1195000 137.347828339954 124.178382759192 127.977051262314 389.503262361459
1196000 137.400766155238 124.277585608391 128.056582855283 389.734934618912
1197000 137.528337676647 124.389418010552 128.190779352529 390.108535039728
1198000 137.703001707352 124.513757756193 128.242671552566 390.459431016112
1199000 137.786315055525 124.626937992187 128.382542689976 390.795795737687
1200000 137.93635130591 124.738921655567 128.434680634049 391.109953595526
1201000 137.999729653512 124.802481921147 128.606708004303 391.408919578962
1202000 138.191901311364 124.932089194388 128.651825492843 391.775815998595
1203000 138.26333469937 125.038985149936 128.745044970659 392.047364819966
1204000 138.335679521652 125.13333490123 128.853779327104 392.322793749986
1205000 138.445501841943 125.187442628391 129.008209528732 392.641153999066
1206000 138.552176356736 125.290394024191 129.118188144106 392.960758525033
1207000 138.675035463255 125.404540611246 129.273366096482 393.352942170984
1208000 138.840777200734 125.538494903122 129.401297732001 393.780569835857
1209000 138.917481811043 125.599899556193 129.499159443069 394.016540810305
1210000 139.033864664418 125.746129845763 129.565275252593 394.345269762774
1211000 139.134181958626 125.813870861473 129.631391554744 394.579444374843
1212000 139.212288897016 125.934700245893 129.796588179441 394.94357732235
1213000 139.307661119567 126.072520649451 129.845620210718 395.225801979735
1214000 139.437762091509 126.129329481395 129.972146526702 395.539238099605
1215000 139.552261679179 126.170659000791 130.036864121533 395.759784801503
1216000 139.628912602896 126.253156495994 130.168384836759 396.050453935649
1217000 139.781702165318 126.338243743322 130.295902276908 396.415848185547
1218000 139.882317621337 126.457322866503 130.410170661287 396.749811149126
1219000 139.986469877813 126.531950760371 130.611936935753 397.130357573937
1220000 140.085347737917 126.639311560301 130.672788376576 397.397447674794
1221000 140.158382876733 126.699401382626 130.715724395397 397.573508654756
1222000 140.238618417409 126.777811441561 130.798746767451 397.815176626422
1223000 140.288866824588 126.835868050663 130.880924648722 398.005659523972
1224000 140.395275366372 126.938963413497 131.029972601622 398.364211381491
1225000 140.555262199006 127.01775625082 131.141575678184 398.71459412801
1226000 140.632400444272 127.155449672748 131.286140254558 399.073990371578
1227000 140.787525671563 127.289542470038 131.340909431421 399.417977573022
1228000 140.938413547642 127.351174292928 131.471197680298 399.760785520867
1229000 141.04581549677 127.406174609226 131.528009136973 399.979999242968
1230000 141.119455651947 127.539289376012 131.604048747931 400.26279377589
1231000 141.224560277232 127.673354951395 131.746538319992 400.644453548619
1232000 141.339463306508 127.739799360741 131.844829024148 400.924091691397
1233000 141.418463016526 127.826347346044 131.885209223764 401.130019586334
1234000 141.504076494515 127.972243399989 132.067796789146 401.54411668365
1235000 141.621231518568 128.052337098628 132.112582701606 401.786151318803
1236000 141.719283206429 128.088944173659 132.261074266918 402.069301647006
1237000 141.834198019927 128.210768668258 132.380531092306 402.425497780491
1238000 141.968424612295 128.353357993686 132.555198214193 402.876980820175
1239000 142.095476178796 128.417545293998 132.604399675474 403.117421148269
1240000 142.240897884979 128.51879877036 132.740180178281 403.49987683362
1241000 142.331990986825 128.650289968818 132.809643044646 403.791924000288
1242000 142.419854903049 128.766559550516 132.951719730719 404.138134184284
1243000 142.61686409994 128.862430676979 133.071922143865 404.551216920785
1244000 142.665090353527 128.969392528796 133.192430322348 404.826913204671
1245000 142.821606718862 129.098813068542 133.338478626364 405.258898413768
1246000 142.915840514173 129.16739561381 133.429206105596 405.512442233579
1247000 143.04480427422 129.288392723519 133.544589961417 405.877786959156
1248000 143.177707988635 129.370110122901 133.64598426313 406.193802374666
1249000 143.340583611359 129.518562086987 133.74636834596 406.605514044306
1250000 143.483921629758 129.626767305957 133.828854468977 406.939543404692
1251000 143.541168014392 129.700408230876 133.912467059468 407.154043304736
1252000 143.619028658149 129.787984118403 133.977391911192 407.384404687745
1253000 143.702827534287 129.902260294055 134.095014864774 407.700102693116
1254000 143.850080724736 129.998252498832 134.224472333976 408.072805557544
1255000 143.935986820647 130.109755615131 134.366856827269 408.412599263047
1256000 144.042020712127 130.213357343027 134.448223572468 408.703601627621
1257000 144.179446839269 130.318570661189 134.591603232532 409.089620732991
1258000 144.287414944447 130.351887561439 134.715862562204 409.355165068091
1259000 144.361120100631 130.434650049943 134.811337060914 409.607107211489
1260000 144.438924813281 130.63206530068 134.93480820338 410.005798317341
1261000 144.557029110291 130.749214866492 135.038515086718 410.344759063501
1262000 144.673638553372 130.823890203148 135.127987793169 410.625516549689
1263000 144.726982466262 130.936027905608 135.237481109806 410.900491481676
1264000 144.853508611322 130.998966160172 135.327537346861 411.180012118355
1265000 144.960286924333 131.117687410377 135.4406961537 411.51867048841
1266000 145.018080956428 131.269618034476 135.520367926485 411.80806691739
1267000 145.156954245394 131.383768911048 135.644350073634 412.185073230077
1268000 145.271706081135 131.442380673632 135.672755730193 412.386842484959
1269000 145.406346803515 131.546854898503 135.796925392808 412.750127094827
1270000 145.516608388619 131.653262533685 135.923387734148 413.093258656452
1271000 145.632099991686 131.73975174405 136.029337671187 413.401189406924
1272000 145.770055587883 131.838356476059 136.183602626539 413.792014690481
1273000 145.864225367507 131.948345507967 136.328760189027 414.141331064502
1274000 146.005276229055 132.097231902978 136.426818245026 414.529326377059
1275000 146.180274018376 132.205494986348 136.572907275721 414.958676280445
1276000 146.265240771917 132.333730803222 136.590692345204 415.189663920343
1277000 146.356988600991 132.428128007893 136.749555717394 415.534672326278
1278000 146.46098662173 132.533354802946 136.828940250332 415.823281675008
1279000 146.507930891596 132.700030884597 136.921719722209 416.129681498401
1280000 146.680911195237 132.773666153992 136.998306293366 416.452883642595
1281000 146.802639256773 132.898942189983 137.090004092432 416.791585539189
1282000 146.867453718649 132.999874012276 137.133883411015 417.001211141939
1283000 146.997981727284 133.10205778307 137.271963926779 417.372003437133
1284000 147.106347574659 133.140874153589 137.42143942368 417.668661151927
1285000 147.221614539416 133.229901863141 137.496096192667 417.947612595224
1286000 147.351429807634 133.318300493754 137.701326557478 418.371056858866
1287000 147.436550159492 133.384097866304 137.80841688598 418.629064911776
1288000 147.56693644517 133.464025334462 137.880120837867 418.911082617499
1289000 147.640380301654 133.526992654568 137.991286568516 419.158659524737
1290000 147.798466558447 133.629253011226 138.120780703227 419.5485002729
1291000 147.906742753621 133.747081361069 138.274871238053 419.928695352743
1292000 148.017977406726 133.867161852736 138.341921758155 420.227061017617
1293000 148.127048098584 133.91843757535 138.456318963342 420.501804637276
1294000 148.277143714121 134.041239514169 138.602034648993 420.920417877283
1295000 148.400128277298 134.147469751926 138.761271832652 421.308869861876
1296000 148.519828340509 134.273526475787 138.825557784398 421.618912600695
1297000 148.638638049028 134.350486645043 138.943725235344 421.932849929416
1298000 148.763776546455 134.390550161961 139.028537755338 422.182864463754
1299000 148.891166945305 134.509557286103 139.120370676715 422.521094908123
1300000 148.970372026926 134.627370412112 139.273306779868 422.871049218906
1301000 149.100014053835 134.707766031248 139.3711083166 423.178888401682
1302000 149.180281853165 134.818349771085 139.466184913794 423.464816538044
1303000 149.331414667053 134.911180744655 139.524230320876 423.766825732584
1304000 149.4394442939 134.935431614402 139.57169563452 423.946571542822
1305000 149.504786605182 135.071422653039 139.684119958308 424.260329216529
1306000 149.618864134948 135.187703703615 139.784146269584 424.590714108147
1307000 149.720604204764 135.282724957092 139.894200848128 424.897530009983
1308000 149.886454765316 135.370520317357 139.981710070125 425.238685152798
1309000 149.922688954622 135.481128353768 140.05739455841 425.461211866799
1310000 150.058321400034 135.546517766851 140.095901557319 425.700740724204
1311000 150.127964225678 135.621673728391 140.227131007329 425.976768961398
1312000 150.251419367884 135.791283792911 140.331769423704 426.374472584499
1313000 150.382977709472 135.860594018838 140.409371132797 426.652942861106
1314000 150.477724082034 135.963805082 140.523802268907 426.965331432941
1315000 150.661979390607 136.140845383834 140.623320612627 427.426145387068
1316000 150.78231275923 136.24032303877 140.797436352545 427.820072150544
1317000 150.809418784652 136.33745199773 140.902844326128 428.049715108511
1318000 150.950823637014 136.462373825152 141.009742066525 428.422939528691
1319000 150.995126427367 136.591729048387 141.102632080112 428.689487555866
1320000 151.150909805658 136.647864187487 141.240224625438 429.038998618584
1321000 151.215822417894 136.765140891888 141.312824903329 429.293788213111
1322000 151.352250243665 136.808381666786 141.424198812639 429.584830723089
1323000 151.477668588377 136.905339422369 141.496632016487 429.879640027233
1324000 151.504939096406 137.005321688193 141.584249559984 430.094510344584
1325000 151.609933541638 137.084061050276 141.742660099451 430.436654691364
1326000 151.757999430315 137.263275551103 141.840726243344 430.862001224762
1327000 151.88360159096 137.346425863115 141.906354050887 431.136381504961
1328000 151.986035254587 137.43245530175 142.057962936175 431.476453492512
1329000 152.080611171842 137.497216765628 142.131578149935 431.709406087405
1330000 152.165332783332 137.576831702551 142.227126990213 431.969291476095
1331000 152.254789844588 137.639087945496 142.344958512801 432.238836302885
1332000 152.410980042417 137.761118705664 142.475606952847 432.647705700928
1333000 152.575701740266 137.873240106242 142.505095475021 432.954037321529
1334000 152.656450723364 137.982366499461 142.653418594031 433.292235816856
1335000 152.820184887969 138.12634062362 142.753923336401 433.700448847991
1336000 152.87180294261 138.225754523545 142.841431035148 433.938988501303
1337000 153.033859302105 138.33739403125 142.993154000805 434.36440733416
1338000 153.221971558571 138.457416903174 143.128643260726 434.808031722472
1339000 153.291140586164 138.580793135201 143.17915179648 435.051085517845
1340000 153.434368082794 138.695181983154 143.315998714603 435.445548780551
1341000 153.575956518131 138.786976766067 143.432489057367 435.795422341565
1342000 153.672655584454 138.902880826874 143.526650189919 436.102186601247
1343000 153.799215728819 138.975118944037 143.56946538604 436.343800058896
1344000 153.932065232307 139.074138391504 143.675179554036 436.681383177847
1345000 153.979282121189 139.195140306771 143.801960692616 436.976383120575
1346000 154.105899057285 139.2473344257 143.969810948502 437.323044431487
1347000 154.170483479159 139.406544957299 144.097902700355 437.674931136813
1348000 154.292145204769 139.459643489069 144.203613201807 437.955401895645
1349000 154.382392886925 139.591412296364 144.286969030964 438.260774214253
1350000 154.46175962113 139.677163090284 144.410240255174 438.549162966587
1351000 154.553797721442 139.792551033652 144.411570021075 438.757918776169
1352000 154.695574343551 139.912640739365 144.502445497459 439.110660580375
1353000 154.83403050706 140.0187918398 144.683443876846 439.536266223705
1354000 154.921880356931 140.111587350509 144.772586017847 439.806053725287
1355000 155.036097554746 140.196526800449 144.853688898893 440.086313254089
1356000 155.10553326317 140.297635919433 144.993945911364 440.397115093968
1357000 155.175841176265 140.401595706458 145.075935241852 440.653372124574
1358000 155.232239899208 140.523170476314 145.26027518296 441.015685558483
1359000 155.386769599876 140.681426458383 145.344133592451 441.412329650711
1360000 155.51847994334 140.739092388589 145.473051611606 441.730623943535
1361000 155.572295382553 140.774201973521 145.543700402001 441.890197758074
1362000 155.664529878973 140.948709930382 145.703158267694 442.316398077048
1363000 155.782228537151 141.035441164142 145.785881962917 442.603551664209
1364000 155.857612892458 141.144107336986 145.927643247915 442.929363477359
1365000 156.002990414221 141.260840022536 146.01032608517 443.274156521927
1366000 156.12893527669 141.389721580736 146.098360355864 443.61701721329
1367000 156.196511992794 141.512954475775 146.280134804821 443.989601273391
1368000 156.397262731898 141.644695622074 146.305898717731 444.347857071704
1369000 156.501570922091 141.747815556384 146.406902190086 444.656288668561
1370000 156.594653147693 141.859831163265 146.530939387434 444.985423698391
1371000 156.713452891848 141.925338159937 146.641896072598 445.280687124382
1372000 156.767802965319 142.043608984611 146.752833910464 445.564245860394
1373000 156.863374268228 142.136766407549 146.8826655326 445.882806208377
1374000 156.950226878179 142.240838353662 146.998173830955 446.189239062796
1375000 157.050192083563 142.332586521029 147.130936744099 446.513715348691
1376000 157.202130193964 142.404146679555 147.174104762332 446.780381635851
1377000 157.245993845729 142.504677235815 147.279614563997 447.030285645541
1378000 157.373297010345 142.600367621384 147.349273614503 447.322938246232
1379000 157.472780706338 142.687063013324 147.492992285287 447.652836004949
1380000 157.596431794954 142.7670170728 147.573578607132 447.937027474885
1381000 157.773265358907 142.872882562812 147.642745175142 448.288893096861
1382000 157.915769144836 142.969360394705 147.755930377036 448.641059916577
1383000 158.001277726269 143.042553495223 147.847557788121 448.891389009613
1384000 158.080726152614 143.205741094182 147.977800296519 449.264267543315
1385000 158.199912914015 143.314077914595 148.122368757751 449.63635958636
1386000 158.320361027232 143.441493434502 148.208848920286 449.97070338202
1387000 158.492026473785 143.478376836299 148.289149556866 450.25955286695
1388000 158.542955295697 143.532599215704 148.440376578152 450.515931089553
1389000 158.627845193245 143.669215865219 148.602982198809 450.900043257273
1390000 158.702791986225 143.733180139999 148.707858694896 451.143830821119
1391000 158.777731166617 143.871989578904 148.858132978879 451.5078537244
1392000 158.901226968948 143.936088288122 148.94512568567 451.78244094274
1393000 159.034651812831 143.959339456155 149.118067865165 452.112059134151
1394000 159.131500302671 144.122217105538 149.247276960181 452.50099436839
1395000 159.259825760142 144.203050675806 149.399434411852 452.8623108478
1396000 159.344206563123 144.321470700469 149.482281951972 453.147959215564
1397000 159.528464098212 144.4530249017 149.5376331347 453.519122134612
1398000 159.639814038234 144.562228242448 149.64268191402 453.844724194703
1399000 159.706421939379 144.656154204046 149.849159452426 454.211735595852
1400000 159.856659998782 144.787557878093 149.99059154854 454.634809425415
1401000 159.947628159685 144.844326259222 150.064382541469 454.856336960375
1402000 160.022108388946 144.939593219829 150.156055255504 455.117756864279
1403000 160.184663119189 145.006772886862 150.217393930771 455.408829936822
1404000 160.241482891389 145.139822596637 150.337351058522 455.718656546547
1405000 160.379129826424 145.226657955817 150.466684752255 456.072472534496
1406000 160.498351978907 145.355934917915 150.58374993428 456.438036831102
1407000 160.643677826669 145.444679577732 150.67149448983 456.759851894231
1408000 160.766862296152 145.556739084407 150.771755791127 457.095357171686
1409000 160.836647225201 145.664214483997 150.936599295409 457.437461004607
1410000 160.945017583476 145.725867807291 151.05599946415 457.726884854918
1411000 161.083573355398 145.856286560612 151.128682954785 458.068542870796
1412000 161.16825974916 146.046900110715 151.262959117828 458.478118977703
1413000 161.271524514524 146.137564736698 151.313084971914 458.722174223136
1414000 161.319913647345 146.218242211907 151.372158442213 458.910314301466
1415000 161.382735354726 146.29532813012 151.548912308168 459.226975793014
1416000 161.461228232397 146.308022022647 151.574068985234 459.343319240278
1417000 161.584465821592 146.388912543306 151.724892698549 459.698271063447
1418000 161.714749622624 146.530893013183 151.812395115936 460.058037751742
1419000 161.851521578355 146.607360240944 151.93207597095 460.39095779025
1420000 161.905544926944 146.717248823533 152.007138131221 460.629931881698
1421000 162.061169384465 146.815651276325 152.133143485305 461.009964146095
1422000 162.1642953718 146.967810218116 152.255947096632 461.388052686548
1423000 162.255571122546 147.0205237703 152.397882619777 461.673977512623
1424000 162.353075318097 147.111327687138 152.435466935192 461.899869940427
1425000 162.444715000144 147.168783751207 152.554427035017 462.167925786367
1426000 162.488898077597 147.264041516866 152.654336564301 462.407276158764
1427000 162.597966027011 147.324499585646 152.695335717696 462.617801330354
1428000 162.681658244906 147.49616225164 152.819033270733 462.996853767279
1429000 162.783859048008 147.561346647387 152.958198314126 463.303404009521
1430000 162.913882147763 147.638779034952 153.049239551972 463.601900734687
1431000 163.051153631735 147.774944900805 153.152716053285 463.978814585825
1432000 163.229504332253 147.947729232837 153.262524257198 464.439757822288
1433000 163.365692213853 148.013382272359 153.3644117371 464.743486223311
1434000 163.456660498022 148.125345323477 153.462575539548 465.044581361047
1435000 163.60580785957 148.201185472337 153.509033213358 465.316026545265
1436000 163.699134273901 148.317782196462 153.618826915014 465.635743385377
1437000 163.832041805819 148.371421884914 153.751063754991 465.954527445724
1438000 163.896018480008 148.4632001916 153.856274426445 466.215493098053
1439000 163.972843223909 148.597932115474 153.961183769967 466.531959109351
1440000 164.075434994571 148.673418366195 154.095296793981 466.844150154747
1441000 164.256453005542 148.770622347415 154.258796111601 467.285871464558
1442000 164.383269548903 148.834531815391 154.358119475361 467.575920839655
1443000 164.445805737782 148.978045542107 154.423054918763 467.846906198652
1444000 164.580040049726 149.086795245352 154.522167135356 468.189002430434
1445000 164.647328975019 149.167815821572 154.629627696962 468.444772493552
1446000 164.748114329919 149.278088147145 154.723080054538 468.749282531602
1447000 164.919292100473 149.375054682832 154.828898338024 469.123245121329
1448000 165.073244912485 149.4728848868 154.892759716339 469.438889515624
1449000 165.149557557703 149.567141495409 154.907984552788 469.6246836059
1450000 165.286901489723 149.620442027323 154.993107671101 469.900451188147
1451000 165.352481422624 149.753705132066 155.164741711168 470.270928265858
1452000 165.469269759765 149.839637541937 155.28637120013 470.595278501832
1453000 165.613090445724 149.998650118759 155.356301570507 470.96804213499
1454000 165.69118267282 150.081275200738 155.488585406472 471.26104328003
1455000 165.810069142476 150.176073335348 155.583580559086 471.56972303691
1456000 165.924519298745 150.249324829493 155.657548835202 471.83139296344
1457000 166.087959381371 150.351367244609 155.799221626774 472.238548252754
1458000 166.14271775664 150.495346098171 155.859643233072 472.497707087883
1459000 166.251732005784 150.570068811857 155.917643721111 472.739444538752
1460000 166.352258896331 150.625967435936 156.012949874817 472.991176207084
1461000 166.517624351402 150.732060299251 156.177077732308 473.426762382961
1462000 166.617844013254 150.856747820212 156.30626741771 473.780859251176
1463000 166.707409619625 151.022628835208 156.428804685142 474.158843139974
1464000 166.813847970958 151.065273707801 156.461265067066 474.340386745824
1465000 166.972613244186 151.101319113987 156.634051153548 474.707983511722
1466000 166.991428587207 151.17358301421 156.734202645808 474.899214247224
1467000 167.093822702269 151.25553835443 156.891351910493 475.240712967193
1468000 167.252631364336 151.373539385285 157.020484062963 475.646654812584
1469000 167.333252848199 151.466496137488 157.176790750507 475.976539736194
1470000 167.416751355841 151.637970106903 157.227061217654 476.281782680398
1471000 167.531179880519 151.690573456271 157.31011242039 476.53186575718
1472000 167.632035002082 151.764468215723 157.430746572263 476.827249790068
1473000 167.746464939301 151.854361451915 157.495391851287 477.096218242503
1474000 167.845411620689 151.980515506817 157.606234366996 477.432161494501
1475000 167.981716064566 152.105143727098 157.712212872621 477.799072664285
1476000 168.096267599976 152.204634976181 157.819016087426 478.119918663583
1477000 168.167757951121 152.293101378524 157.918372254375 478.37923158402
1478000 168.306619162355 152.442498165619 158.031369472136 478.78048680011
1479000 168.369962057648 152.515786321436 158.158061447603 479.043809826687
1480000 168.507766290484 152.64984916989 158.293572415025 479.451187875398
1481000 168.60989387865 152.705211110574 158.331908896586 479.64701388581
1482000 168.711290423269 152.832031334555 158.46755028753 480.010872045353
1483000 168.788118285877 152.941721330759 158.52896644565 480.258806062286
1484000 168.90025785635 153.059005906078 158.592304942723 480.551568705151
1485000 168.944559045489 153.226699192623 158.667723109486 480.838981347598
1486000 169.112334767841 153.303901740146 158.765101502777 481.181338010763
1487000 169.231176163185 153.367931485488 158.843372996031 481.442480644705
1488000 169.343637225284 153.463773141447 158.948900106464 481.756310473195
1489000 169.480023167989 153.630652203526 159.052580921186 482.163256292701
1490000 169.53079835615 153.787432695949 159.089935549864 482.408166601963
1491000 169.659746893193 153.870110184474 159.208264531416 482.738121609084
1492000 169.790353042069 153.994407142938 159.358507554211 483.143267739218
1493000 169.973870101832 154.085967193548 159.458673443513 483.518510738892
1494000 170.039968711755 154.229404076651 159.587151919048 483.856524707454
1495000 170.074292495126 154.319510907989 159.683019664938 484.076823068053
1496000 170.216517773723 154.467407111785 159.735571345308 484.419496230816
1497000 170.416527407002 154.540908274275 159.891511872633 484.84894755391
1498000 170.518040133138 154.715555372377 160.000261107762 485.233856613277
1499000 170.590576590697 154.83504501741 160.086899642568 485.512521250675
1500000 170.732683481844 154.924855372485 160.190569047943 485.848107902272
1501000 170.853022153892 155.069216421263 160.366611452366 486.28885002752
1502000 171.0527269706 155.202010266313 160.453061026338 486.707798263252
1503000 171.142469287974 155.253425840998 160.537807802515 486.933702931486
1504000 171.386653328129 155.338812596616 160.618375923572 487.343841848317
1505000 171.474652844415 155.482766913706 160.756731255552 487.714151013673
1506000 171.559944102047 155.630431485743 160.832355872838 488.022731460627
1507000 171.693427653366 155.7353930907 160.911225837313 488.340046581378
1508000 171.832563324033 155.886212072473 161.100879750845 488.81965514735
1509000 171.961426704599 155.912514818293 161.189876816928 489.06381833982
1510000 172.124164869373 155.971672852785 161.352479911767 489.448317633925
1511000 172.179805855429 156.109776966052 161.395973324513 489.685556145995
1512000 172.232962892372 156.252380765474 161.575310571632 490.060654229478
1513000 172.362619816092 156.325133967128 161.669476104429 490.357229887649
1514000 172.529708250023 156.419791821605 161.796400796043 490.745900867671
1515000 172.602432492128 156.506086484206 161.889459725494 490.997978701828
1516000 172.748210490815 156.55217206969 161.95832313468 491.258705695185
1517000 172.905011258293 156.6021486137 161.996578081915 491.503737953907
1518000 173.071500100386 156.735705370439 162.123155458814 491.930360929639
1519000 173.088958410267 156.824621182866 162.225084525691 492.138664118823
1520000 173.173969034387 156.886488530162 162.302800661566 492.363258226116
1521000 173.267174976182 157.037682892657 162.409684628614 492.714542497453
1522000 173.38416273962 157.172739763386 162.56716436077 493.124066863776
1523000 173.479592215995 157.210526987071 162.613421058828 493.303540261893
1524000 173.580064443062 157.33396889273 162.68924914809 493.603282483881
1525000 173.646330393118 157.433681545287 162.744801588883 493.824813527287
1526000 173.73702032858 157.566439794021 162.925561980797 494.229022103398
1527000 173.86627580796 157.630516617088 163.018133461151 494.5149258862
1528000 174.050253659323 157.730203690025 163.148353373186 494.928810722533
1529000 174.152680413533 157.871299426601 163.216733341013 495.240713181147
1530000 174.27848143526 157.99640651986 163.338590557978 495.613478513098
1531000 174.351660686463 158.114884361238 163.438514425337 495.905059473038
1532000 174.404909343444 158.203708526969 163.44681988514 496.055437755553
1533000 174.527138361815 158.301078228305 163.597095250974 496.425311841094
1534000 174.640771251477 158.371633325543 163.675809348049 496.688213925069
1535000 174.746091197348 158.50643951531 163.759682396857 497.012213109515
1536000 174.830913202367 158.570011729145 163.874289869754 497.275214801266
1537000 174.924904426905 158.658773546148 163.966259004675 497.549936977728
1538000 175.029651455587 158.747769896979 164.055402812129 497.832824164695
1539000 175.190660989284 158.868345452454 164.225744048103 498.284750489842
1540000 175.285019606847 158.969771280242 164.308125017198 498.562915904287
1541000 175.405557171285 159.090053934028 164.501066080734 498.996677186047
1542000 175.499303165915 159.195473978223 164.586243937191 499.281021081328
1543000 175.64879133683 159.307882320019 164.744166680428 499.700840337276
1544000 175.706092961507 159.488814867095 164.878036662743 500.072944491345
1545000 175.787955851229 159.563982782111 164.969002973856 500.320941607196
1546000 175.909455924579 159.695597168786 165.025873119596 500.630926212961
1547000 175.973832244432 159.780649627896 165.145464172623 500.899946044951
1548000 176.058180454095 159.87125881171 165.276177146434 501.205616412239
1549000 176.171838552376 159.975965004855 165.377578115979 501.52538167321
1550000 176.307017770569 160.136390748065 165.487538915087 501.930947433721
1551000 176.422128104513 160.206320828697 165.61004011804 502.23848905125
1552000 176.55722394969 160.332760607491 165.680346082948 502.570330640129
1553000 176.669060351857 160.427489822004 165.825380157805 502.921930331665
1554000 176.741881713149 160.548870874161 165.931006408549 503.22175899586
1555000 176.851268645946 160.605883558175 166.021992523582 503.479144727703
1556000 176.967929852405 160.686130746329 166.184851893472 503.838912492206
1557000 177.100467752689 160.870698551707 166.264708164351 504.235874468747
1558000 177.157563382534 160.953864212098 166.423401523315 504.534829117948
1559000 177.265063481517 161.076330661271 166.452733876227 504.794128019014
1560000 177.418366077322 161.225157204718 166.593158330846 505.236681612886
1561000 177.533220573799 161.278409181371 166.667661852083 505.479291607253
1562000 177.672285914076 161.341840429312 166.752490754743 505.766617098131
1563000 177.824859636009 161.469050347795 166.871169418393 506.165079402197
1564000 177.934167319141 161.518107460881 167.038310400386 506.490585180407
1565000 178.02577928307 161.5449420439 167.151872720183 506.722594047153
1566000 178.100570926865 161.656973246358 167.160604847808 506.918149021031
1567000 178.215981544715 161.823688544035 167.254832751056 507.294502839806
1568000 178.360898616466 161.971635172517 167.391106118315 507.723639907298
1569000 178.536497062863 162.078189446824 167.453731260392 508.068417770079
1570000 178.642147518678 162.161471009775 167.630034616713 508.433653145167
1571000 178.789446892479 162.222288391614 167.724233732678 508.735969016771
1572000 178.852949476732 162.323068183459 167.850841176932 509.026858837122
1573000 178.942973692052 162.440843330243 167.945534108795 509.329351131091
1574000 179.013611871182 162.544481439271 168.062692293099 509.620785603552
1575000 179.194833036337 162.649183316408 168.174112088943 510.018128441688
1576000 179.256455395543 162.694255268731 168.243282962785 510.19399362706
1577000 179.31769768999 162.839810329532 168.369289155128 510.526797174649
1578000 179.413601524318 162.899964026565 168.518470745344 510.832036296226
1579000 179.459345961458 162.968350927597 168.644075362983 511.071772252039
1580000 179.607248085809 163.065337235305 168.715397946524 511.387983267638
1581000 179.699947547911 163.178804290036 168.796905342123 511.675657180069
1582000 179.84828045662 163.338457146179 168.848207971922 512.034945574721
1583000 179.881145843162 163.402013565183 168.988364555586 512.27152396393
1584000 179.954080499121 163.510827782365 169.097146499711 512.562054781197
1585000 180.052407128593 163.656646185384 169.169569544505 512.878622858482
1586000 180.217806216917 163.697024885862 169.339229284938 513.254060387718
1587000 180.303568341323 163.829734710121 169.471842471345 513.605145522789
1588000 180.405087950325 163.938169847509 169.540051905248 513.883309703083
1589000 180.532309247963 164.106824293575 169.664164891105 514.303298432643
1590000 180.59529462247 164.253658914201 169.724967734249 514.57392127092
1591000 180.724703994911 164.335422313898 169.809855395312 514.869981704122
1592000 180.805715336804 164.47210610024 169.862743939935 515.140565376979
1593000 180.842311546389 164.556004818803 170.018650807816 515.416967173008
1594000 180.909069536049 164.693290585797 170.11926971771 515.721629839556
1595000 181.055358740708 164.845204054136 170.236066671563 516.136629466407
1596000 181.168480457567 164.867477993668 170.327773459525 516.36373191076
1597000 181.231358608812 164.979398641102 170.415938764145 516.626696014058
1598000 181.365819317051 165.038138703602 170.567940048237 516.97189806889
1599000 181.505032296366 165.133481238891 170.736430493525 517.374944028782
1600000 181.577592724111 165.242541001117 170.835155065361 517.65528879059
1601000 181.675958856733 165.39340150254 170.95042759614 518.019787955413
1602000 181.730505027229 165.460748394942 170.993547740238 518.184801162409
1603000 181.839926899697 165.5111135206 171.088190568814 518.43923098911
1604000 181.998992137059 165.607027504139 171.183464227098 518.789483868296
1605000 182.104202966106 165.665142399758 171.249202964946 519.01854833081
1606000 182.243865033938 165.813834969071 171.325646755888 519.383346758898
1607000 182.373543622389 165.876329070721 171.426692882375 519.676565575486
1608000 182.457963636659 166.002904118569 171.469565272352 519.930433027579
1609000 182.544844974369 166.137877351116 171.53250359457 520.215225920055
1610000 182.752997002921 166.273240340195 171.702610612326 520.728847955441
1611000 182.83902291103 166.396769774543 171.844281450771 521.080074136344
1612000 182.875419456108 166.473429294403 171.894713591975 521.243562342486
1613000 183.060880252288 166.514849384293 171.98407800083 521.559807637411
1614000 183.137638249719 166.661617980191 172.128311966907 521.927568196816
1615000 183.24711319958 166.824980863629 172.209338429647 522.281432492857
1616000 183.372425923441 166.939540354196 172.285508411572 522.597474689208
1617000 183.484992591849 167.040989289511 172.461830127556 522.987812008916
1618000 183.49151200563 167.134006993825 172.586029058776 523.211548058231
1619000 183.703636126201 167.237266016239 172.666293820614 523.607195963055
1620000 183.825870042975 167.285752371913 172.848195513304 523.959817928193
1621000 183.965918057258 167.375203568313 172.968213216194 524.309334841766
1622000 184.081008961696 167.462244434616 173.085029055856 524.628282452168
1623000 184.184264785586 167.55872445503 173.237459329865 524.980448570481
1624000 184.281093620999 167.620124732136 173.280539067433 525.181757420568
1625000 184.468661770838 167.743610319667 173.370071431939 525.582343522444
1626000 184.509085928983 167.827610257675 173.478510885376 525.815207072034
1627000 184.698154038561 167.918397873846 173.64007464671 526.256626559117
1628000 184.789594638287 168.021102796531 173.777157699116 526.587855133933
1629000 184.859853605742 168.071396656228 173.900319196094 526.831569458064
1630000 184.93452762992 168.208425785983 173.974645745493 527.117599161395
1631000 185.043171832012 168.343275511816 174.117648356743 527.504095700571
1632000 185.208867421193 168.410840115855 174.151787110666 527.771494647713
1633000 185.355524475623 168.508793652554 174.327127848042 528.191445976219
1634000 185.411295768246 168.674229515558 174.43929664663 528.524821930435
1635000 185.559041169357 168.777216584065 174.536857731154 528.873115484576
1636000 185.680851024057 168.93153293699 174.685623909728 529.298007870775
1637000 185.742491727269 168.968218918525 174.769552558 529.480263203794
1638000 185.809438285791 169.039332476414 174.924339088037 529.773109850242
1639000 185.935725091882 169.139148105875 174.990413100647 530.065286298404
1640000 186.033300514116 169.266197158409 175.052756884068 530.352254556593
1641000 186.129118654086 169.257358593291 175.222038007025 530.608515254402
1642000 186.283423495062 169.414678869792 175.255512485531 530.953614850385
1643000 186.40014499509 169.525231590215 175.395215584024 531.320592169329
1644000 186.561684076376 169.590380815611 175.50588429147 531.657949183457
1645000 186.543672919486 169.761990645753 175.601528213932 531.907191779171
1646000 186.726682192229 169.817521856511 175.707339204418 532.251543253159
1647000 186.798171935349 169.874554268893 175.886639890623 532.559366094864
1648000 186.957508073273 169.998383945264 175.895522825745 532.851414844283
1649000 187.055203660565 170.132098867181 176.024702914439 533.212005442185
1650000 187.119933495972 170.300317623708 176.195904217733 533.616155337413
1651000 187.351027214991 170.361157280098 176.345703875061 534.05788837015
1652000 187.366780657666 170.517708692795 176.408297194991 534.292786545451
1653000 187.516302871704 170.625006353582 176.504544264377 534.645853489664
1654000 187.538091778429 170.721539194048 176.614262454429 534.873893426906
1655000 187.69749946149 170.851286089062 176.741719164546 535.290504715099
1656000 187.805383236191 170.934658693779 176.890375699971 535.63041762994
1657000 187.927011884169 171.088044703251 176.972265124626 535.987321712046
1658000 188.028995213726 171.153885909742 177.026942808551 536.209823932018
1659000 188.104202172643 171.240320421198 177.135878462548 536.480401056389
1660000 188.184926552528 171.308365611794 177.202318189201 536.695610353523
1661000 188.355554738651 171.354777744853 177.334834028591 537.045166512095
1662000 188.45268409842 171.420989180906 177.393814066249 537.267487345575
1663000 188.592941443707 171.562727990829 177.510131256405 537.66580069094
1664000 188.684390186102 171.704785032813 177.587947962574 537.977123181489
1665000 188.69238778871 171.818890024133 177.719750232337 538.23102804518
1666000 188.796626333416 171.939761626705 177.811406943288 538.547794903408
1667000 188.870656144565 172.083311897215 177.978344342066 538.932312383846
1668000 189.013924128724 172.103711545686 178.105500076297 539.223135750707
1669000 189.10745221742 172.176707185127 178.219576869063 539.50373627161
1670000 189.202011843069 172.26219583731 178.373325641732 539.837533322111
1671000 189.302747654643 172.408025579546 178.435522229765 540.146295463954
1672000 189.450599444065 172.456765655159 178.567455532835 540.474820632059
1673000 189.664403648856 172.552276823438 178.642149682311 540.858830154606
1674000 189.75082454267 172.729175162479 178.699932519676 541.179932224825
1675000 189.924528358302 172.760493426265 178.858327612444 541.543349397012
1676000 189.961792573407 172.824722144088 178.994612977317 541.781127694811
1677000 190.086136334872 173.021955145222 179.056515616839 542.164607096932
1678000 190.125031409861 173.104811050664 179.208083501849 542.437925962374
1679000 190.279753430633 173.225841607828 179.29788646996 542.80348150842
1680000 190.403892761037 173.317390056937 179.372765455436 543.09404827341
1681000 190.470381111532 173.43141918274 179.528028599912 543.429828894184
1682000 190.596440890033 173.545417352974 179.661117819504 543.80297606251
1683000 190.647703643026 173.585718036331 179.74209593603 543.975517615388
1684000 190.789389593148 173.674075575605 179.891709613715 544.355174782468
1685000 190.894640362992 173.773349966614 179.934062780934 544.60205311054
1686000 191.037369256723 173.849977542486 180.064244266866 544.951591066074
1687000 191.099439006037 173.985641097321 180.160548508855 545.245628612213
1688000 191.300642160016 174.076367021808 180.294742194204 545.671751376029
1689000 191.383875611483 174.288731518755 180.334769746802 546.00737687704
1690000 191.497600312172 174.340719637784 180.503118752029 546.341438701985
1691000 191.56958830138 174.505900673488 180.625647852672 546.701136827539
1692000 191.673178778399 174.596295434358 180.745094814386 547.014569027143
1693000 191.83338797403 174.716027847977 180.85784815502 547.407263977027
1694000 191.936718773009 174.86343757608 180.980020368551 547.78017671764
1695000 192.072456820527 175.016725195745 180.985574886879 548.07475690315
1696000 192.153423576033 175.190069128917 181.064392473345 548.407885178296
1697000 192.318620210944 175.26426332942 181.187845304215 548.770728844579
1698000 192.358826907055 175.313865782609 181.324870922915 548.997563612579
1699000 192.45888606922 175.466754614639 181.391393985429 549.317034669287
1700000 192.59460458448 175.538195105095 181.515716195814 549.648515885389
1701000 192.68661987935 175.577989220678 181.66702068529 549.931629785318
1702000 192.809696940821 175.67694490102 181.834936413642 550.321578255483
1703000 192.839791276088 175.76295846205 181.970883506408 550.573633244545
1704000 193.040289513482 175.920027900645 181.974639424336 550.934956838464
1705000 193.161591170045 175.990095867151 182.050646793461 551.202333830657
1706000 193.23849206087 176.161322180425 182.191625015818 551.591439257113
1707000 193.347613657109 176.227157272713 182.245648333733 551.820419263555
1708000 193.455377048262 176.369204850399 182.338874974916 552.163456873578
1709000 193.579847568027 176.425511973541 182.442198057623 552.447557599191
1710000 193.65127495577 176.529026626907 182.508138645239 552.688440227915
1711000 193.775103753976 176.548443586915 182.618193027764 552.941740368655
1712000 193.818275336056 176.710068586963 182.704781272797 553.233125195816
1713000 193.905905136544 176.755849994407 182.871004120397 553.532759251348
1714000 194.071817978201 176.872296761529 182.973329535639 553.917444275369
1715000 194.240755377026 177.017253077422 183.058373460608 554.316381915055
1716000 194.327941600978 177.098152575816 183.152362747009 554.578456923803
1717000 194.412693257119 177.207962333794 183.268166528269 554.888822119183
1718000 194.507221651227 177.331718098975 183.285419288188 555.12435903839
1719000 194.642672521297 177.385258406604 183.436002270049 555.463933197951
1720000 194.748314172766 177.539344920173 183.514749986747 555.802409079687
1721000 194.883966696861 177.690251275362 183.588277148462 556.162495120685
1722000 195.032037598116 177.837710291438 183.641990954786 556.51173884434
1723000 195.122693330574 177.932691627485 183.79657342054 556.851958378599
1724000 195.201074062617 177.987343408504 183.934884544641 557.123302015763
1725000 195.260236754553 178.086339131454 184.017077274935 557.363653160942
1726000 195.406957002337 178.192289838973 184.1526320269 557.75187886821
1727000 195.472686893528 178.328430907385 184.310206283811 558.111324084724
1728000 195.601389790157 178.393484299125 184.456772287214 558.451646376496
1729000 195.713601944397 178.436499602059 184.581369941105 558.731471487561
1730000 195.799829703184 178.571681292947 184.601358956795 558.972869952926
1731000 195.871748119423 178.69900505537 184.677659589236 559.248412764029
1732000 196.042763805054 178.765279255026 184.859314834228 559.667357894307
1733000 196.131317287637 178.894487894814 185.027091877477 560.052897059928
1734000 196.308992359837 178.996029391468 185.060782165528 560.365803916832
1735000 196.423049316096 179.070494940103 185.184240614914 560.677784871112
1736000 196.50078270779 179.175797792025 185.29995642404 560.976536923854
1737000 196.713184868689 179.246650256253 185.462339390784 561.422174515727
1738000 196.791111485328 179.340370217223 185.574445581822 561.705927284372
1739000 196.931980004591 179.428052960699 185.681484743146 562.041517708436
1740000 197.045952471594 179.4984905378 185.764012518769 562.308455528163
1741000 197.094882159538 179.633122214364 185.875488698765 562.603493072668
1742000 197.177356144224 179.686947369101 185.943781752721 562.808085266046
1743000 197.281060345274 179.768996115337 186.055490229094 563.105546689705
1744000 197.380530734885 179.877584105003 186.177854966198 563.435969806086
1745000 197.53501586629 180.084677411154 186.331417907167 563.951111184612
1746000 197.607222884983 180.160258821169 186.347107750595 564.114589456748
1747000 197.676416656104 180.225022028763 186.439547563929 564.340986248796
1748000 197.759392362881 180.375837038691 186.567965537891 564.703194939462
1749000 197.869730605174 180.457013309356 186.683971401194 565.010715315724
1750000 197.977987871941 180.569974535743 186.78037537391 565.328337781593
1751000 198.12445911781 180.631858506013 186.873841246462 565.630158870285
1752000 198.199635084851 180.80364579387 186.929476558409 565.93275743713
1753000 198.305451237039 180.896800753321 187.078405420015 566.280657410374
1754000 198.457308169899 180.951518047514 187.27773728605 566.686563503462
1755000 198.564684841168 181.049582447767 187.363398721932 566.977666010866
1756000 198.708548378948 181.121197395226 187.474496702788 567.304242476963
1757000 198.873164699102 181.261962800722 187.611113531475 567.746241031299
1758000 198.957620513633 181.325439497388 187.702883144334 567.985943155356
1759000 199.0807027658 181.441125766965 187.808252367243 568.330080900007
1760000 199.176405744626 181.544233729134 187.960634047542 568.681273521303
1761000 199.259782094059 181.648697420806 187.971712743315 568.880192258179
1762000 199.339030519641 181.781907900331 188.110990952902 569.231929372873
1763000 199.43170465674 181.867670876802 188.254955648476 569.554331182018
1764000 199.539100872707 181.984768981105 188.340814363919 569.864684217731
1765000 199.663297304593 182.079020813843 188.430466018313 570.172784136749
1766000 199.74562977774 182.241392982529 188.600548204822 570.58757096509
1767000 199.926674702996 182.35490225339 188.731708803582 571.013285759967
1768000 200.0745225114 182.448149086716 188.903071622409 571.425743220525
1769000 200.157709207969 182.539044748818 188.990435425427 571.687189382214
1770000 200.194259198698 182.683736260599 189.103566420315 571.981561879612
1771000 200.297606743186 182.773259667289 189.229525610376 572.300392020851
1772000 200.422933940001 182.875733841827 189.251598453187 572.550266235016
1773000 200.529208320405 182.909020493226 189.338628962056 572.776857775687
1774000 200.541456722034 183.057238120648 189.468479517868 573.06717436055
1775000 200.708812976629 183.089826140695 189.473864484687 573.272503602011
1776000 200.732577465989 183.274922443081 189.558847348311 573.566347257381
1777000 200.822265647589 183.361889583531 189.737711011362 573.921866242483
1778000 200.937712689238 183.494526448042 189.887955634069 574.32019477135
1779000 201.071159165914 183.604012683368 189.978484685793 574.653656535075
1780000 201.19650681559 183.667204483035 190.081447219949 574.945158518574
1781000 201.334831746886 183.809880489293 190.19962639981 575.344338635989
1782000 201.471167182379 183.854983942624 190.255529850892 575.581680975895
1783000 201.590820331567 183.953839729372 190.354334177515 575.898994238454
1784000 201.66781419319 184.067059737414 190.472295496057 576.207169426661
1785000 201.760638166134 184.135563940801 190.556509421703 576.452711528638
1786000 201.887505046819 184.188071048193 190.60714585306 576.682721948072
1787000 201.986306184249 184.311472590689 190.689219546351 576.986998321289
1788000 202.09788859394 184.423734790922 190.783990656952 577.305614041814
1789000 202.190851343645 184.533005052299 190.836056556282 577.559912952225
1790000 202.43422874021 184.613481043878 190.922322153026 577.970031937113
1791000 202.509307723506 184.682874506002 191.078100143996 578.270282373504
1792000 202.583541777024 184.729451122508 191.219447293382 578.532440192914
1793000 202.718214780659 184.772551626138 191.348625952852 578.83939235965
1794000 202.827396266084 184.936582488016 191.412484205912 579.176462960012
1795000 202.937390966553 185.023156480293 191.495788348188 579.456335795034
1796000 203.085044899785 185.174069030778 191.592895936511 579.852009867075
1797000 203.227743668673 185.287381673288 191.668352359209 580.183477701169
1798000 203.318794569902 185.309036096496 191.804813266854 580.432643933251
1799000 203.491797815007 185.466578294213 191.879896381902 580.838272491122
1800000 203.625177472204 185.613728998164 192.001092001489 581.239998471857
1801000 203.674189655779 185.736837245363 192.112781343187 581.523808244328
1802000 203.748774049024 185.87827821268 192.226108240635 581.853160502339
1803000 203.833717855779 185.917652375049 192.347834450568 582.099204681397
1804000 203.920762637722 186.033388740498 192.43937403321 582.393525411429
1805000 204.071693492693 186.132014427571 192.498742622692 582.702450542956
1806000 204.190659845557 186.214545850394 192.66743233128 583.07263802723
1807000 204.335569743623 186.364083684853 192.774738084762 583.474391513238
1808000 204.424231494401 186.36796660071 192.909345766677 583.701543861787
1809000 204.52504166053 186.461856723946 193.018496978371 584.005395362847
1810000 204.609729022644 186.556876929829 193.114969525351 584.281575477824
1811000 204.695227934412 186.740654829047 193.272547051008 584.708429814466
1812000 204.846968065984 186.784731024759 193.300327423505 584.932026514248
1813000 204.960357749629 186.973679024529 193.429516511402 585.363553285559
1814000 205.093417409257 187.103341574526 193.57646485129 585.773223835073
1815000 205.141116545723 187.134786427265 193.630992504159 585.906895477147
1816000 205.289932841926 187.258787373929 193.746681434928 586.295401650784
1817000 205.286882222663 187.359162314373 193.881197629031 586.527242166067
1818000 205.423265973901 187.511372317386 193.932534384765 586.867172676052
1819000 205.491435583895 187.570060438145 194.096071282067 587.157567304107
1820000 205.545150499409 187.702263311531 194.21300322857 587.46041703951
1821000 205.657937243721 187.804232458551 194.395183528109 587.857353230381
1822000 205.732224595842 187.881499642332 194.455541816773 588.069266054946
1823000 205.889028581098 187.986154276674 194.610450226622 588.485633084393
1824000 205.979384892729 188.090561674716 194.622327204047 588.692273771492
1825000 206.057027635092 188.283462716364 194.680078260859 589.020568612314
1826000 206.170002006975 188.332939316089 194.804512860139 589.307454183203
1827000 206.298562162845 188.42366021887 194.850787026366 589.573009408082
1828000 206.387293462026 188.470384987277 195.007739207327 589.86541765663
1829000 206.517856820598 188.610237846929 195.104494420379 590.232589087905
1830000 206.603653507822 188.685282698888 195.274026807799 590.562963014509
1831000 206.746904531381 188.792946116923 195.268058294703 590.807908943007
1832000 206.850371805613 188.938823073249 195.336857672281 591.126052551143
1833000 206.996819856239 189.008189329554 195.541282437292 591.546291623086
1834000 207.150847832443 189.18652448075 195.640394639781 591.977766952974
1835000 207.266408488448 189.277359233574 195.769902381665 592.313670103687
1836000 207.229617504765 189.369213164293 195.894779897713 592.493610566771
1837000 207.376765669642 189.509960370544 196.03651164032 592.923237680506
1838000 207.546452308028 189.633641932353 196.139106743072 593.319200983452
1839000 207.704704532496 189.692151236565 196.213286830081 593.610142599142
1840000 207.810994601171 189.723520587664 196.385880929669 593.920396118504
1841000 207.89625574034 189.873476048724 196.480224485247 594.249956274311
1842000 207.977365669508 190.013330792349 196.553858183907 594.544554645764
1843000 208.070609358021 190.058658028386 196.598350689939 594.727618076346
1844000 208.259038112 190.212701717899 196.742317837076 595.214057666975
1845000 208.345082019184 190.281553746811 196.903191072411 595.529826838406
1846000 208.472248658662 190.491336088401 197.034572162183 595.998156909246
1847000 208.547832853615 190.549120051115 197.147369357214 596.244322261944
1848000 208.65288908902 190.654080936339 197.211827605494 596.518797630853
1849000 208.706473948349 190.777317733703 197.329547322711 596.813339004763
1850000 208.905737153455 190.855485163496 197.389514853837 597.150737170788
1851000 208.948743350662 190.963357065442 197.490390208152 597.402490624256
1852000 209.046753934936 191.114283968284 197.666145460854 597.827183364074
1853000 209.215503858696 191.095589374852 197.758101588682 598.06919482223
1854000 209.4382116843 191.318614193443 197.923912017136 598.68073789488
1855000 209.569870861246 191.417860690671 197.996027308002 598.983758859918
1856000 209.681247389957 191.6005448077 198.134518900588 599.416311098245
1857000 209.704350178266 191.695279855245 198.240274768785 599.639904802296
1858000 209.772948419374 191.826040445529 198.328945943188 599.927934808091
1859000 209.951178550425 191.920593495502 198.443495560526 600.315267606453
1860000 210.033403827434 192.02001379997 198.523729754017 600.577147381421
1861000 210.120890274207 192.13545759034 198.657569646542 600.913917511089
1862000 210.297255932296 192.223394154524 198.805104126589 601.325754213409
1863000 210.335670962319 192.283739998821 198.972362636414 601.591773597555
1864000 210.457926748931 192.414172948772 199.044641616602 601.916741314306
1865000 210.621465752699 192.425407109009 199.050656311198 602.097529172906
1866000 210.640023850984 192.568119118795 199.202477242237 602.410620212015
1867000 210.787444645522 192.659330449788 199.288557301261 602.735332396571
1868000 210.916012193322 192.755096045031 199.34848736758 603.019595605933
1869000 210.973729552347 192.808299081964 199.502524365833 603.284553000144
1870000 211.071251879171 192.873926396209 199.559825931451 603.505004206831
1871000 211.216046367682 192.987097687459 199.710028359371 603.913172414512
1872000 211.37591334816 193.046689408936 199.807562344774 604.23016510187
1873000 211.401131747334 193.138667562155 199.901682233284 604.441481542772
1874000 211.585252540501 193.315060248542 200.040375189665 604.940687978708
1875000 211.641811412557 193.379838892692 200.056750304387 605.078400609636
1876000 211.755986293304 193.523818979857 200.203668128312 605.483473401473
1877000 211.84403050024 193.637548046678 200.241493642553 605.723072189471
1878000 211.987923324364 193.710685970786 200.445191333483 606.143800628632
1879000 212.135493932327 193.821119014288 200.576836813688 606.533449760304
1880000 212.203417063834 193.885831474196 200.664122577585 606.753371115615
1881000 212.298443605845 193.991064654979 200.736956188294 607.026464449118
1882000 212.393198698345 194.166165075847 200.96333630982 607.522700084012
1883000 212.534103355184 194.28904716891 200.97672832375 607.799878847844
1884000 212.68037310081 194.428605140137 201.07776801081 608.186746251756
1885000 212.783925719359 194.539844145577 201.194852645716 608.518622510652
1886000 212.895812215305 194.611279951278 201.271535208676 608.778627375259
1887000 212.967458291587 194.705293572852 201.393707752561 609.066459617
1888000 213.065741438832 194.788853008337 201.51482303756 609.36941748473
1889000 213.175664473047 194.924860166073 201.640917122195 609.741441761315
1890000 213.336121443877 195.060577800112 201.795125043763 610.191824287752
1891000 213.408318296889 195.230360308242 201.900736639016 610.539415244147
1892000 213.513923958516 195.280664990774 202.044543992151 610.839132941442
1893000 213.612825333906 195.407319030985 202.122142842807 611.142287207698
1894000 213.662536804318 195.436424014206 202.206657847764 611.305618666288
1895000 213.785764052824 195.621442590646 202.304488503506 611.711695146975
1896000 213.919766969852 195.650470561728 202.401552675606 611.971790207185
1897000 214.02813714321 195.745356440563 202.450364501857 612.223858085631
1898000 214.090213941901 195.803765358716 202.551609894045 612.445589194662
1899000 214.189615760293 195.888036005607 202.676919545555 612.754571311454
1900000 214.286241763424 196.007982515774 202.704900145396 612.999124424595
1901000 214.366955363523 196.082486445272 202.884276953271 613.333718762066
1902000 214.466952707825 196.20049999281 202.959964854254 613.62741755489
1903000 214.513037623669 196.254675744917 203.070496836159 613.838210204746
1904000 214.739978541649 196.32536208987 203.2550004536 614.320341085119
1905000 214.791915759134 196.488833056057 203.315870500243 614.596619315434
1906000 214.909469924506 196.615306075685 203.445885031198 614.970661031389
1907000 215.021015161284 196.691721686326 203.524634482244 615.237371329854
1908000 215.190153295474 196.837155731066 203.664670351459 615.691979377999
1909000 215.266774264066 196.900226701497 203.787344283443 615.954345249006
1910000 215.340405341122 197.062799624061 203.917809966305 616.321014931488
1911000 215.554611484475 197.169479377601 204.027887949288 616.751978811364
1912000 215.628525220369 197.251785010888 204.087208092632 616.967518323889
1913000 215.761951594127 197.342853746768 204.212824380416 617.317629721312
1914000 215.814091063651 197.402199843179 204.244637627701 617.460928534531
1915000 215.931336145039 197.421387500247 204.331334775892 617.684058421178
1916000 216.049044254935 197.57195388004 204.508305488155 618.12930362313
1917000 216.157196454668 197.662876167583 204.608845593452 618.428918215703
1918000 216.320239376967 197.748771178409 204.788574778626 618.857585334001
1919000 216.450124816079 197.915990632845 204.87003031395 619.236145762874
1920000 216.539116893756 197.971287507093 204.891444134514 619.401848535363
1921000 216.606397187013 198.053623095372 205.041711301833 619.701731584218
1922000 216.671826377182 198.129260343343 205.148777425957 619.949864146481
1923000 216.778956915163 198.267411162 205.130327514987 620.17669559215
1924000 216.899735542656 198.273776559147 205.245985349618 620.419497451421
1925000 217.004117226321 198.4406629626 205.367972440639 620.81275262956
1926000 217.137517174851 198.548060042405 205.499970637949 621.185547855205
1927000 217.198124645232 198.687200029148 205.585136951954 621.470461626333
1928000 217.260148127999 198.775502562261 205.680827844941 621.716478535201
1929000 217.2825531603 198.906837563522 205.786479778197 621.97587050202
1930000 217.454670095625 198.994449631246 205.817247620295 622.266367347166
1931000 217.536976939661 199.116236829027 205.883493442567 622.536707211255
1932000 217.667935551479 199.207092426267 206.091546472449 622.966574450195
1933000 217.746928941874 199.226554130794 206.144767277493 623.118250350161
1934000 217.852866961259 199.387559678281 206.27027589946 623.510702539
1935000 217.961870303085 199.415688224398 206.428326262261 623.805884789744
1936000 218.142073216549 199.614239752897 206.552294180823 624.308607150269
1937000 218.29059767388 199.717008929201 206.64883126526 624.656437868341
1938000 218.361985404546 199.77280010442 206.727278948416 624.862064457382
1939000 218.433478529686 199.913474367354 206.816336940859 625.163289837899
1940000 218.502593733784 200.032548403861 206.915252785814 625.45039492346
1941000 218.640927837212 200.143188284984 207.025935430079 625.810051552275
1942000 218.723002487758 200.173723390187 207.094941672607 625.991667550552
1943000 218.807706256808 200.31962212668 207.273928963663 626.40125734715
1944000 218.929845255842 200.475363293724 207.333942419435 626.739150969001
1945000 219.017872342309 200.596499628562 207.506279622299 627.12065159317
1946000 219.152836779465 200.725873678291 207.54542802805 627.424138485805
1947000 219.243439200913 200.846146597222 207.657416306503 627.747002104638
1948000 219.34590988531 200.925034101905 207.7956810195 628.066625006714
1949000 219.417369019392 200.990276783969 207.926542130527 628.334187933889
1950000 219.502150823692 201.105701825305 208.030170941171 628.638023590169
1951000 219.6535389155 201.170507802245 208.128194320789 628.952241038534
1952000 219.645845261225 201.284455707617 208.259327643368 629.18962861221
1953000 219.879273816924 201.370482543256 208.370441135079 629.620197495259
1954000 219.94953139694 201.494353715476 208.397194102298 629.841079214714
1955000 220.077213791968 201.57202924613 208.486406441908 630.135649480006
1956000 220.215298011936 201.652454894957 208.626949749658 630.494702656552
1957000 220.229737084641 201.775320187452 208.748539994112 630.753597266204
1958000 220.335722581864 201.898781528453 208.820802339695 631.055306450012
1959000 220.486788834634 202.052610018254 208.955444811559 631.494843664447
1960000 220.541048608156 202.125294854402 209.039035627526 631.705379090084
1961000 220.661991038837 202.127829463276 209.187715105263 631.977535607376
1962000 220.81171013884 202.30261264611 209.286023101144 632.400345886094
1963000 220.928210522153 202.367509103521 209.405223915609 632.700943541283
1964000 220.979870036183 202.492780784749 209.467718673563 632.940369494495
1965000 221.128102603077 202.595227818201 209.50794952857 633.231279949848
1966000 221.217306752807 202.68529600804 209.672591986829 633.575194747677
1967000 221.345652995188 202.737096303915 209.692980242591 633.775729541694
1968000 221.468959348238 202.858514261752 209.785327850744 634.112801460734
1969000 221.544878204439 202.937991284205 209.923404306856 634.406273795501
1970000 221.695368902467 203.025283643302 210.033020466904 634.753673012673
1971000 221.770436031024 203.159281259877 209.996625940251 634.926343231152
1972000 221.851772756135 203.261565386014 210.202921939008 635.316260081157
1973000 221.943408446423 203.418598360811 210.307316155169 635.669322962402
1974000 222.017816265513 203.483450468181 210.443272963497 635.944539697192
1975000 222.161219901909 203.611821407666 210.488010991708 636.261052301283
1976000 222.31355146622 203.695060625083 210.515796745665 636.524408836968
1977000 222.441392790029 203.796569530295 210.675155702289 636.913118022612
1978000 222.531807814165 203.920991911699 210.855813645992 637.308613371855
1979000 222.654177979843 204.007444165345 210.922510626183 637.584132771371
1980000 222.743111711271 204.171269445536 211.037601758952 637.951982915758
1981000 222.932660746431 204.277239313664 211.123326854632 638.333226914727
1982000 223.038231099503 204.294721616863 211.181721405911 638.514674122276
1983000 223.20112117836 204.425802063693 211.362445962769 638.989369204822
1984000 223.266036312949 204.516592574945 211.468887409615 639.251516297509
1985000 223.430394269829 204.635266019749 211.440108123099 639.505768412677
1986000 223.530198371212 204.78774350522 211.60803090718 639.925972783611
1987000 223.69651055159 204.821418141432 211.677968352874 640.195897045896
1988000 223.745562051251 204.981014839926 211.843487318895 640.570064210072
1989000 223.890671553144 205.107015178493 211.921239695602 640.918926427239
1990000 224.022134603442 205.139535915611 212.074207006141 641.235877525195
1991000 224.110074177954 205.271131908715 212.095320333485 641.476526420154
1992000 224.198884647408 205.344352371432 212.216703936809 641.759940955649
1993000 224.214626688876 205.434571926885 212.3253438756 641.974542491361
1994000 224.323690443284 205.592767168657 212.368648361878 642.285105973818
1995000 224.503384150799 205.671474031138 212.530524521059 642.705382702996
1996000 224.605362340677 205.773632055366 212.640196229975 643.019190626018
1997000 224.771463278906 205.871819585916 212.759674428147 643.402957292968
1998000 224.890806347767 206.048654072727 212.890186323981 643.829646744474
1999000 225.082343182315 206.156664847023 212.949953774672 644.188961804009
2000000 225.209452525892 206.24310681799 213.04592990621 644.498489250092
2001000 225.349052002628 206.315032263444 213.203248513601 644.867332779673
2002000 225.447575672227 206.391499949603 213.181840609439 645.020916231268
2003000 225.590894952186 206.430024206787 213.319859449037 645.340778608011
2004000 225.688945312011 206.568370812411 213.412303989787 645.669620114209
2005000 225.794877327201 206.716261115135 213.458652123932 645.969790566268
2006000 225.866939221446 206.7946863285 213.594790386619 646.256415936564
2007000 226.012977684073 206.920016852811 213.729138022936 646.66213255982
2008000 226.092193234998 207.024721082155 213.840869540409 646.957783857562
2009000 226.255151795785 207.102813330065 213.913932605114 647.271897730964
2010000 226.319688428378 207.132040708687 213.99059905263 647.442328189695
2011000 226.438786703925 207.185572644726 214.146218097845 647.770577446497
2012000 226.537336887102 207.354601532347 214.194683585193 648.086622004642
2013000 226.616496155389 207.426353849562 214.360657286895 648.403507291846
2014000 226.727433049712 207.488536014304 214.469403359209 648.685372423225
2015000 226.922174334444 207.635457109859 214.575851193698 649.133482638
2016000 227.01835792519 207.757285009399 214.693254436657 649.468897371247
2017000 227.086597097372 207.87508121585 214.863605579509 649.825283892731
2018000 227.196225956293 208.002967523001 214.927557186975 650.126750666269
2019000 227.311950582631 208.183559652909 214.998591438515 650.494101674054
2020000 227.401934660972 208.222662479239 215.127364882042 650.751962022253
2021000 227.514401382644 208.29595615392 215.249829020038 651.060186556603
2022000 227.642630126991 208.388517848504 215.329574573115 651.360722548609
2023000 227.798460346398 208.443760758771 215.451124865734 651.693345970903
2024000 227.906774765122 208.638611256588 215.543817716221 652.08920373793
2025000 227.926259646744 208.744167549366 215.66854479478 652.33897199089
2026000 228.034431084654 208.835378176811 215.845039279312 652.714848540776
2027000 228.127383755584 208.92763929806 215.971568556099 653.026591609742
2028000 228.245897125566 208.948421978206 216.092360038835 653.286679142607
2029000 228.315860690331 209.057749647975 216.238999721959 653.612610060265
2030000 228.435101595974 209.155712093745 216.32927494585 653.920088635568
2031000 228.45261967462 209.25047174848 216.485009224533 654.188100647633
2032000 228.611701724747 209.380172477554 216.56858256384 654.560456766141
2033000 228.808377257268 209.464259043126 216.706239115614 654.978875416007
2034000 228.899641071539 209.550265518038 216.812098833702 655.26200542328
2035000 229.002873767321 209.701627613711 216.790120827657 655.494622208688
2036000 229.134326984448 209.797881858983 217.001595747295 655.933804590727
2037000 229.184565933816 209.864184739877 216.990165136705 656.038915810399
2038000 229.311600235685 209.988508744164 217.110805378608 656.410914358457
2039000 229.406833962272 210.079602112943 217.294352272269 656.780788347484
2040000 229.425640953157 210.223771296003 217.343603915752 656.993016164912
2041000 229.506997393064 210.314562444536 217.417855884553 657.239415722153
2042000 229.633922504124 210.403537430469 217.504801926042 657.542261860634
2043000 229.713732379186 210.460059597281 217.618524346653 657.79231632312
2044000 229.753906596034 210.580072159992 217.663708223124 657.99768697915
2045000 229.949221298604 210.648943676591 217.819541308658 658.417706283853
2046000 230.039507766027 210.801201510052 217.89097498663 658.731684262709
2047000 230.156329767843 210.952812053882 218.014878229233 659.124020050958
2048000 230.259780220495 211.022857343386 218.099612412227 659.382249976108
2049000 230.306925084328 211.024769459989 218.128405159583 659.4600997039
2050000 230.43575340887 211.151220488338 218.246754573956 659.833728471164
2051000 230.57242528729 211.289384714736 218.373174114773 660.234984116799
2052000 230.668893237145 211.41068414656 218.407767387822 660.487344771527
2053000 230.824485718534 211.484585013999 218.465057576049 660.774128308583
2054000 230.918295956664 211.581644367551 218.56360993785 661.063550262065
2055000 230.970653036446 211.765350087726 218.659944300034 661.395947424206
2056000 231.076929010401 211.789276313159 218.758147711512 661.624353035071
2057000 231.198792927205 211.894016229951 218.843344735179 661.936153892336
2058000 231.354382027907 211.991258658324 218.921533465842 662.267174152074
2059000 231.409203357683 212.078412245807 219.03663088293 662.52424648642
2060000 231.502062006913 212.150673169098 219.04024189257 662.692977068581
2061000 231.684506077514 212.296779197315 219.175858195317 663.157143470146
2062000 231.7602949611 212.391135643125 219.211951997426 663.363382601652
2063000 231.922678393258 212.384304696275 219.381062324813 663.688045414347
2064000 232.017663184117 212.532206013598 219.510630574005 664.06049977172
2065000 232.107379047885 212.648337562195 219.640323389217 664.396039999298
2066000 232.259837746073 212.749715334591 219.720173976335 664.729727057
2067000 232.377341283215 212.840502898833 219.895297027669 665.113141209716
2068000 232.457476547749 212.960192652072 219.990565890976 665.408235090797
2069000 232.551766256192 213.031610368545 220.063003269838 665.646379894575
2070000 232.65767191168 213.113886219237 220.162895716694 665.93445384761
2071000 232.775486769494 213.222382196122 220.251262321735 666.249131287351
2072000 232.858693804251 213.32209772641 220.324954911549 666.505746442209
2073000 232.994118132542 213.460218148121 220.395719705726 666.850055986389
2074000 233.044443905843 213.526045033818 220.523532906663 667.094021846325
2075000 233.221000217169 213.643084703999 220.627211057881 667.491295979048
2076000 233.277620373144 213.696856731132 220.730569827851 667.705046932127
2077000 233.379430849248 213.822188225776 220.792724920407 667.994343995431
2078000 233.502801135884 213.931365699204 220.973514692508 668.407681527596
2079000 233.630522495042 214.015023254109 221.061115187974 668.706660937125
2080000 233.810978712364 214.163758136483 221.148772809199 669.123509658046
2081000 233.825948169723 214.206931860452 221.321789982714 669.35467001289
2082000 233.963822337345 214.299267148812 221.368650051932 669.63173953809
2083000 234.171983501674 214.502014215933 221.484475320069 670.158473037676
2084000 234.215388585321 214.553190551577 221.676882964491 670.44546210139
2085000 234.367937318563 214.665879373034 221.837867589944 670.871684281541
2086000 234.457278181176 214.747444900556 221.876563650165 671.081286731897
2087000 234.53670236218 214.883596246034 221.959790777554 671.380089385768
2088000 234.645068225468 214.901893635584 222.049506388552 671.596468249603
2089000 234.774740680022 215.022488781445 222.189837434345 671.987066895811
2090000 234.919107199594 215.132551667606 222.277575682378 672.329234549578
2091000 235.010057885724 215.265597184897 222.407297102111 672.682952172732
2092000 235.118780791975 215.360879862986 222.446782531759 672.92644318672
2093000 235.171991052737 215.515855511205 222.459149266294 673.146995830236
2094000 235.240493519909 215.492278920764 222.638306168635 673.371078609308
2095000 235.446580445493 215.666583316138 222.763334583357 673.876498344989
2096000 235.510104304169 215.691613823322 222.91036942553 674.112087553021
2097000 235.591409595263 215.796366893044 223.000161523196 674.387938011503
2098000 235.693918435757 215.913381013366 223.111723766598 674.71902321572
2099000 235.727043670982 216.066584395697 223.249081152383 675.042709219062
2100000 235.809324282215 216.164436345762 223.32353085574 675.297291483718
2101000 235.851934971865 216.332129090078 223.445620575782 675.629684637726
2102000 236.03983450839 216.351683116281 223.524081441922 675.915599066594
2103000 236.160672159471 216.50458741842 223.662942496469 676.32820207436
2104000 236.305305895161 216.651829737355 223.783313367391 676.740448999907
2105000 236.356093653179 216.671470362407 223.956201082222 676.983765097808
2106000 236.510965738444 216.752798505143 224.06106956624 677.324833809828
2107000 236.597721861218 216.851146040337 224.154632715518 677.603500617073
2108000 236.703202544229 216.95096191033 224.245615404697 677.899779859256
2109000 236.782097554042 217.092599380252 224.388544344818 678.263241279112
2110000 236.888531603177 217.222247774324 224.496076600072 678.606855977573
2111000 236.980957849749 217.272389022445 224.631189553999 678.884536426193
2112000 237.057078813612 217.361747735209 224.687440519149 679.10626706797
2113000 237.331430566191 217.403157590382 224.783640861052 679.518229017626
2114000 237.37120268473 217.487869651351 224.88651868188 679.745591017961
2115000 237.540230784059 217.611595647829 224.999126693984 680.150953125871
2116000 237.649791477339 217.773518285516 225.070171772409 680.493481535264
2117000 237.729036439063 217.821551565614 225.214731601216 680.765319605894
2118000 237.746458726247 217.933630259567 225.228035148443 680.908124134257
2119000 237.929600164989 218.107895357587 225.325873727352 681.363369249927
2120000 237.991930873879 218.216666641549 225.413978358238 681.622575873666
2121000 238.204399487328 218.34798129648 225.543684227603 682.09606501141
2122000 238.282400439583 218.520180097921 225.604027983935 682.40660852144
2123000 238.457517929696 218.663331457617 225.732073675773 682.852923063086
2124000 238.61474541439 218.712791790736 225.773771304998 683.101308510124
2125000 238.677982892766 218.794139046039 225.823849287848 683.295971226653
2126000 238.730703140494 218.895302001729 225.943864780783 683.569869923006
2127000 238.808015317362 219.044948102974 226.044307097786 683.897270518122
2128000 238.922280259915 219.18700023634 226.182365786861 684.291646283115
2129000 239.106615686478 219.312892495279 226.259196189962 684.678704371719
2130000 239.33609942058 219.405220499536 226.340295104819 685.081615024935
2131000 239.42596030832 219.468945462171 226.514243807042 685.409149577533
2132000 239.411255405604 219.531449298056 226.608918088773 685.551622792434
2133000 239.540549846487 219.642080093418 226.703712633924 685.886342573829
2134000 239.664784306394 219.701782637569 226.857582457242 686.224149401205
2135000 239.66430739073 219.770886151304 226.989178195912 686.424371737945
2136000 239.838858103012 219.818418572178 227.076033657546 686.733310332736
2137000 239.970814131645 220.081258165774 227.25594027048 687.308012567899
2138000 240.054831577697 220.072526608607 227.277749639624 687.405107825928
2139000 240.202100327492 220.107794040339 227.389497682521 687.699392050352
2140000 240.304944272913 220.241591221837 227.477731737916 688.024267232667
2141000 240.423153066111 220.387809512409 227.55917239809 688.37013497661
2142000 240.477525406255 220.500368801156 227.754381121415 688.732275328827
2143000 240.569864532063 220.601721144531 227.831529063617 689.003114740211
2144000 240.738589971175 220.739600150728 227.848974858388 689.327164980291
2145000 240.812303163494 220.842190686141 228.033938185216 689.688432034851
2146000 240.983298728342 220.941820522034 228.165576095396 690.090695345772
2147000 241.071507515057 220.969848339127 228.205346432119 690.246702286303
2148000 241.235582434164 221.075685368202 228.319533933558 690.630801735925
2149000 241.28955292616 221.188333330237 228.463408168728 690.941294425126
2150000 241.471778919487 221.270993219827 228.533669366457 691.27644150577
2151000 241.552303855766 221.390191641043 228.556794635298 691.499290132107
2152000 241.684618092876 221.476517114966 228.716678014444 691.877813222285
2153000 241.734377183727 221.580487566481 228.928343145016 692.243207895225
2154000 241.717684589543 221.64164771004 229.026958911679 692.386291211263
2155000 241.84778641521 221.764277743192 229.084677514732 692.696741673134
2156000 241.955658941964 221.910842023942 229.164885030296 693.031385996202
2157000 242.043472445679 222.006802195117 229.146621142803 693.196895783599
2158000 242.173952377546 222.123222132926 229.190391872042 693.487566382515
2159000 242.30541370251 222.203832597267 229.298513962168 693.807760261945
2160000 242.388260615733 222.334739774973 229.400125828675 694.123126219381
2161000 242.507766120266 222.446054922877 229.480455025444 694.434276068587
2162000 242.585517708382 222.522046223617 229.561566410965 694.669130342965
2163000 242.749701654517 222.635689346241 229.727977968635 695.113368969393
2164000 242.870274489473 222.745090975538 229.855815324116 695.471180789127
2165000 243.03171778778 222.804957196737 229.976438780125 695.813113764642
2166000 243.056248050577 222.875740149146 230.075865030205 696.007853229929
2167000 243.159572168526 222.945736946804 230.146897012576 696.252206127906
2168000 243.206105992321 223.051205107625 230.344041051138 696.601352151084
2169000 243.311359963711 223.105006420485 230.441577238816 696.857943623012
2170000 243.45271101418 223.171052986944 230.561021414901 697.184785416025
2171000 243.626618450768 223.272269529232 230.693737056105 697.592625036104
2172000 243.693465907847 223.410617151941 230.799772348073 697.903855407861
2173000 243.796206780528 223.548093144703 230.940399095272 698.284699020502
2174000 243.900510502686 223.664139504557 231.039139926548 698.60378993379
2175000 244.056397301744 223.717912622111 231.203575673889 698.977885597744
2176000 244.145962175021 223.761743414698 231.20146887181 699.109174461529
2177000 244.266689894925 223.885942708732 231.305775573377 699.458408177033
2178000 244.330501281821 224.014003449692 231.411773441676 699.75627817319
2179000 244.513441220603 224.116855810183 231.629322851553 700.259619882338
2180000 244.601618205351 224.20204598071 231.754482919489 700.558147105549
2181000 244.655773496011 224.345733215908 231.846365661477 700.847872373396
2182000 244.811374157215 224.402501872421 231.926126678206 701.140002707842
2183000 244.9016618457 224.542026863621 232.094521448926 701.538210158247
2184000 245.03086621874 224.612608207316 232.20328896403 701.846763390086
2185000 245.20221521341 224.691653141438 232.355610429958 702.249478784805
2186000 245.293609066859 224.864438252817 232.434097502268 702.592144821944
2187000 245.356269489561 224.97171251654 232.517370776368 702.84535278247
2188000 245.52217630814 225.067267924517 232.628908428665 703.218352661322
2189000 245.651415390803 225.09255926427 232.810037719913 703.554012374986
2190000 245.770342860809 225.173732484488 232.88060525523 703.824680600527
2191000 245.852989460179 225.337292796437 232.982492507134 704.17277476375
2192000 245.969195798833 225.451310495123 233.11501155214 704.535517846096
2193000 246.08240683129 225.537060719028 233.146765430244 704.766232980562
2194000 246.184310469123 225.612327740626 233.241100284115 705.037738493863
2195000 246.339948040788 225.810312895918 233.353545228436 705.503806165142
2196000 246.330272028542 225.814873464554 233.474394920499 705.619540413595
2197000 246.34999769458 225.990041498019 233.572561876778 705.912601069377
2198000 246.459465176561 226.035872528761 233.680630701651 706.175968406973
2199000 246.698284612093 226.112015401072 233.782919809285 706.59321982245
2200000 246.81511541716 226.257363274801 233.840986715591 706.913465407552
2201000 246.864002959335 226.380814737721 233.936611929351 707.181429626407
2202000 246.992536580211 226.535322319833 234.047677301544 707.575536201588
2203000 247.128211340828 226.642770432494 234.087115898084 707.858097671406
2204000 247.157992895509 226.801749229631 234.203401967472 708.163144092611
2205000 247.323294063973 226.849632345669 234.342507149514 708.515433559156
2206000 247.489786856993 226.978282458328 234.400973002186 708.869042317507
2207000 247.552089644894 227.034309777152 234.499337071901 709.085736493947
2208000 247.635516360381 227.133167038624 234.558036157757 709.326719556763
2209000 247.600100302328 227.238385731759 234.738440950428 709.576926984515
2210000 247.811529603738 227.376924748927 234.792512813895 709.98096716656
2211000 247.90610602024 227.488747143674 234.898090286025 710.292943449939
2212000 248.081488808122 227.572854063271 234.931323111322 710.585665982715
2213000 248.238333532026 227.718271663974 235.043220734627 710.999825930628
2214000 248.348830041481 227.81123397645 235.185353074701 711.345417092632
2215000 248.473159086096 227.954298395293 235.289462403943 711.716919885332
2216000 248.542649511036 228.05166132993 235.371737250839 711.966048091806
2217000 248.67828207263 228.185120013273 235.48203136339 712.345433449292
2218000 248.781026110168 228.244506464262 235.550381904128 712.575914478558
2219000 248.903772625056 228.364729148975 235.625262518787 712.893764292819
2220000 248.97886640553 228.420320802569 235.710319921948 713.109507130047
2221000 249.104750378184 228.501861866869 235.823228208231 713.429840453284
2222000 249.262779450972 228.730007184684 235.906781730032 713.899568365688
2223000 249.357845814447 228.805869869132 236.029135358651 714.192851042229
2224000 249.442525418743 228.921566061071 236.11262318901 714.476714668823
2225000 249.579034120713 229.023354985032 236.227349095621 714.829738201366
2226000 249.693784253891 229.071045871775 236.366120539959 715.130950665625
2227000 249.871824032043 229.157203271724 236.475055882122 715.504083185889
2228000 249.939838901919 229.253619399664 236.6036837967 715.797142098284
2229000 250.052917514937 229.378699394046 236.71444355067 716.146060459653
2230000 250.18423528749 229.445835049358 236.821050357654 716.451120694502
2231000 250.358069659601 229.505176852991 236.956519868629 716.819766381221
2232000 250.375274077048 229.623852406773 237.119599407937 717.118725891758
2233000 250.44548398027 229.800125510388 237.184328284889 717.429937775547
2234000 250.531908118381 229.889525483305 237.347264884755 717.76869848644
2235000 250.638824455974 230.061077889792 237.399248518501 718.099150864267
2236000 250.736599855733 230.177450898471 237.548827882471 718.462878636675
2237000 250.7285292755 230.316545559641 237.550577168803 718.595652003944
2238000 250.855849743988 230.38824296621 237.650349588492 718.89444229869
2239000 251.009885238961 230.480783767671 237.737129510145 719.227798516777
2240000 251.118427886524 230.602762731184 237.871544602908 719.592735220615
2241000 251.224642998622 230.651783475129 237.972928254601 719.849354728353
2242000 251.387992373519 230.731375455458 238.039237147069 720.158604976046
2243000 251.516102094168 230.795881467962 238.104271028751 720.416254590881
2244000 251.579957204037 230.936859343207 238.242025912573 720.758842459817
2245000 251.734049597763 231.023248087387 238.382528273664 721.139825958814
2246000 251.848852698881 231.21919035712 238.432336826746 721.500379882747
2247000 251.891955137125 231.299617633833 238.556814864478 721.748387635435
2248000 252.078054493077 231.304145233536 238.7176812666 722.099880993213
2249000 252.167582068179 231.483761064519 238.820128349149 722.471471481847
2250000 252.269044901595 231.520189360132 238.993328698519 722.782562960245
2251000 252.385354658589 231.571222964742 239.176640464136 723.133218087467
2252000 252.43076710167 231.681784152955 239.261485875509 723.374037130134
2253000 252.586367384239 231.849180164424 239.305125526714 723.740673075377
2254000 252.649353180903 231.959853597877 239.434138062197 724.043344840976
2255000 252.740836556544 231.984881168942 239.567000081997 724.292717807483
2256000 252.884398994555 232.101387212789 239.627536820385 724.61332302773
2257000 252.947882741533 232.284809708756 239.703607972001 724.936300422289
2258000 253.045740558614 232.375647812117 239.788177804485 725.209566175216
2259000 253.207948373381 232.502673288374 239.971525382369 725.682147044124
2260000 253.325616277039 232.597352317661 240.077825399007 726.000793993707
2261000 253.33020230509 232.69912504986 240.173914547657 726.203241902607
2262000 253.441947692811 232.875591094079 240.236463875919 726.55400266281
2263000 253.562574158283 232.950098593603 240.380431344335 726.893104096221
2264000 253.65044441427 233.029786354957 240.418797774549 727.099028543775
2265000 253.733611248845 233.123579963168 240.657162193114 727.514353405126
2266000 253.877562082549 233.238018595286 240.703664530312 727.819245208148
2267000 253.941582923523 233.325415816302 240.831940768173 728.098939507998
2268000 254.048958417523 233.461120532958 240.927982380328 728.438061330809
2269000 254.157252421497 233.530085260406 241.027284695108 728.714622377012
2270000 254.265285771071 233.660494784818 241.061875066397 728.987655622286
2271000 254.361922619121 233.733694984217 241.213517624593 729.309135227931
2272000 254.453161540103 233.871481576701 241.344313248885 729.668956365689
2273000 254.609394458986 234.078590198251 241.43916436876 730.127149025997
2274000 254.692060750964 234.105752433866 241.512096381758 730.309909566588
2275000 254.837284282393 234.199213706521 241.649532955193 730.686030944107
2276000 255.011353045165 234.289764872395 241.683113109677 730.984231027237
2277000 255.058619372387 234.392369149406 241.766475634872 731.217464156666
2278000 255.225364608022 234.587122480899 241.810983908718 731.623470997638
2279000 255.235096806241 234.654139017567 241.996893327134 731.886129150942
2280000 255.375441671307 234.742236007728 242.169251016624 732.28692869566
2281000 255.50991697702 234.898551969793 242.271518659837 732.67998760665
2282000 255.644809822206 234.952942832105 242.277454007726 732.875206662037
2283000 255.778405047633 235.030608875455 242.489165529318 733.298179452406
2284000 255.911722170227 235.056560731604 242.593363795464 733.561646697295
2285000 256.000032252475 235.188919025929 242.700894998183 733.889846276587
2286000 256.052071711341 235.278589406296 242.843475292934 734.17413641057
2287000 256.12122895976 235.325451709072 242.906253921278 734.35293459011
2288000 256.243258303375 235.452590794607 242.983348509588 734.679197607571
2289000 256.452951354442 235.526449489859 243.129145044815 735.108545889116
2290000 256.622192428137 235.553243795894 243.283550746224 735.458986970256
2291000 256.651813295047 235.692696980465 243.36935691592 735.713867191432
2292000 256.831127963167 235.832225973789 243.438038639201 736.101392576157
2293000 256.945753790261 235.958671425587 243.481436672919 736.385861888766
2294000 257.053960452249 236.089446571421 243.617518331775 736.760925355446
2295000 257.221761214532 236.140114686012 243.687770014812 737.049645915356
2296000 257.324161876163 236.340518277738 243.832613092056 737.497293245957
2297000 257.342894491029 236.375177091134 243.930894063074 737.648965645237
2298000 257.509636006148 236.575362019392 244.040352534826 738.125350560366
2299000 257.717138863726 236.672952721328 244.117519519843 738.507611104897
2300000 257.772616355828 236.777522771156 244.273825365639 738.823964492622
2301000 257.974419413626 236.773410939118 244.305869000111 739.053699352855
2302000 258.066933084268 236.887988997495 244.439090054266 739.394012136028
2303000 258.150522021155 236.933612698804 244.519161690876 739.603296410835
2304000 258.208622610489 237.08103055224 244.676697287377 739.966350450107
2305000 258.362367718425 237.195295356603 244.834223421188 740.391886496216
2306000 258.471577305987 237.366039613271 244.967070984406 740.804687903663
2307000 258.622687757025 237.494230470817 245.040398211454 741.157316439297
2308000 258.809367690833 237.60085592617 245.174149895011 741.584373512013
2309000 258.916959873056 237.658963758441 245.289543368714 741.865467000212
2310000 259.031478298862 237.766423297576 245.29110438592 742.089005982358
2311000 259.240899560482 237.877483210399 245.432925094763 742.551307865644
2312000 259.320583620309 237.95886119405 245.532381534555 742.811826348914
2313000 259.398267729359 238.126327340494 245.630585600523 743.155180670376
2314000 259.491270824312 238.193481985757 245.688742921034 743.373495731102
2315000 259.566315663802 238.3535043587 245.74689614159 743.666716164092
2316000 259.736540926074 238.548338963795 245.863828914487 744.148708804356
2317000 259.862454879179 238.577875391674 246.004391527985 744.444721798838
2318000 259.93780214783 238.749526643679 246.122900799687 744.810229591195
2319000 260.090464563735 238.774760343951 246.194483928157 745.059708835843
2320000 260.139371569566 238.818941524796 246.30386489145 745.262177985812
2321000 260.260902270446 238.966426051626 246.428788968077 745.656117290149
2322000 260.302789314244 238.968641230006 246.467712625544 745.739143169793
2323000 260.430568780653 239.093880974645 246.62843178789 746.152881543187
2324000 260.57178863325 239.127003712263 246.711779124545 746.410571470058
2325000 260.635766723263 239.149867606804 246.809381798757 746.595016128824
2326000 260.822914662386 239.287270987552 246.902285897327 747.012471547266
2327000 260.872428488151 239.378247339357 246.99549715814 747.246172985648
2328000 260.989909416912 239.463063796451 247.080713542417 747.53368675578
2329000 261.073477925609 239.61572465493 247.153927135117 747.843129715657
2330000 261.217569935915 239.785706145969 247.189094409204 748.192370491087
2331000 261.289660024768 239.867136605372 247.324452904679 748.481249534819
2332000 261.370521421253 239.945795843178 247.487176241249 748.80349350568
2333000 261.501933697621 240.079067670658 247.585942848327 749.166944216605
2334000 261.531669644457 240.183273290377 247.689088731731 749.404031666565
2335000 261.633636236672 240.269673353308 247.750023413224 749.653333003204
2336000 261.799597924945 240.431464039488 247.761569628486 749.992631592918
2337000 261.888743758958 240.444292960636 247.890212932799 750.223249652393
2338000 262.006339106648 240.551631276675 247.90160587839 750.459576261713
2339000 262.141469934023 240.635220614516 248.05714027962 750.83383082816
2340000 262.247563638777 240.745307179212 248.144846751507 751.137717569496
2341000 262.338861811306 240.819594743515 248.208433782586 751.366890337407
2342000 262.476966337409 240.974547362004 248.361318657636 751.812832357049
2343000 262.608166879264 241.066817842594 248.435278779588 752.110263501446
2344000 262.74183234615 241.209526299404 248.593914366255 752.545273011809
2345000 262.764848729631 241.333936216695 248.657911257616 752.756696203942
2346000 262.840125039724 241.412529656438 248.764095104273 753.016749800435
2347000 262.997312860606 241.492563744239 248.936436598909 753.426313203754
2348000 263.10640107358 241.624094191731 249.034187279396 753.764682544707
2349000 263.197357616542 241.721428884635 249.157520256765 754.076306757943
2350000 263.298373923915 241.823177662493 249.204736908558 754.326288494966
2351000 263.403905472112 241.870794364807 249.290755376074 754.565455212993
2352000 263.511552051494 242.044383420645 249.461771555667 755.017707027807
2353000 263.605906599559 242.095962616581 249.454137812323 755.156007028463
2354000 263.774882634209 242.204739292749 249.529267848415 755.508889775372
2355000 263.962762352374 242.247363511386 249.734330699205 755.944456562966
2356000 264.013909850092 242.373899303128 249.836693224965 756.224502378185
2357000 264.037665421141 242.549744047963 249.804426536909 756.391836006013
2358000 264.158526268265 242.632057725288 249.979043844713 756.769627838266
2359000 264.358343961955 242.835400059545 250.079347289916 757.273091311415
2360000 264.481139105177 242.958944100467 250.134833376283 757.574916581926
2361000 264.519352721192 243.040318452236 250.269153817785 757.828824991214
2362000 264.641731989236 243.127653506066 250.377427608579 758.146813103881
2363000 264.727546373031 243.211021564484 250.456189141156 758.394757078671
2364000 264.872657872682 243.294494471458 250.5457213537 758.712873697839
2365000 264.973610270161 243.395830004679 250.67863783275 759.04807810759
2366000 265.123493133529 243.490937720681 250.80123663474 759.41566748895
2367000 265.201542791871 243.686498385998 250.859854865522 759.747896043391
2368000 265.235101809261 243.822636112672 250.953018616909 760.010756538842
2369000 265.348505012168 243.898056453555 251.102640412146 760.349201877868
2370000 265.44250850698 243.954392000998 251.189768141391 760.586668649368
2371000 265.550296171591 244.042921041034 251.268905180079 760.862122392703
2372000 265.702947317162 244.142525187185 251.354570186557 761.200042690904
2373000 265.830778321308 244.227671071809 251.459876555691 761.518325948809
2374000 265.97942776939 244.290531209262 251.549231008182 761.819189986835
2375000 266.083193819315 244.310680653911 251.617376239664 762.011250712891
2376000 266.259357539707 244.41212718405 251.844190782606 762.515675506362
2377000 266.33524965054 244.510160710646 251.94190869264 762.787319053826
2378000 266.45414143397 244.592751733957 252.082879079109 763.129772247036
2379000 266.540200799591 244.723953928338 252.143490531233 763.407645259161
2380000 266.521463749236 244.78224958491 252.170793859789 763.474507193935
2381000 266.684924102353 244.822883551764 252.277317311395 763.785124965512
2382000 266.745455890656 244.986841082726 252.444086905147 764.176383878528
2383000 266.80940564718 245.097311604079 252.482572832796 764.389290084055
2384000 266.946943175755 245.187617865328 252.648967412271 764.783528453355
2385000 266.98127708512 245.316706012945 252.726044414595 765.02402751266
2386000 267.224282038219 245.386950289879 252.795842861172 765.40707518927
2387000 267.262629383274 245.535845083239 252.929126563849 765.727601030362
2388000 267.384231789034 245.70780382889 253.040756436204 766.132792054128
2389000 267.528799659761 245.726091190044 253.096682300395 766.3515731502
2390000 267.679508034985 245.788761558069 253.269028834158 766.737298427211
2391000 267.799198882781 245.94487796926 253.37182176731 767.115898619351
2392000 267.814207852644 246.036893637588 253.449404378845 767.300505869076
2393000 268.003255192713 246.107954161673 253.547893312395 767.659102666781
2394000 268.062915381032 246.271932185161 253.566531146815 767.901378713007
2395000 268.148766940926 246.31660931638 253.611461825062 768.076838082368
2396000 268.248399979899 246.379564248034 253.703412696056 768.331376923989
2397000 268.379670816697 246.450909519337 253.810168826501 768.640749162535
2398000 268.438930860964 246.562839481345 253.944155960482 768.94592630279
2399000 268.587810327841 246.677643000207 254.100798699259 769.366252027307
2400000 268.716430719223 246.787927531033 254.200269074238 769.704627324495
2401000 268.819014793498 246.793629873551 254.288588905785 769.901233572834
2402000 268.879403055309 246.889980847057 254.406057514115 770.175441416481
2403000 269.020798711023 246.961447387252 254.470175811665 770.45242190994
2404000 269.144514891665 247.067369360522 254.564926515088 770.776810767275
2405000 269.269281318016 247.163374822094 254.727721081557 771.160377221667
2406000 269.336780345698 247.242181518126 254.914353061969 771.493314925792
2407000 269.400219282574 247.311058203066 255.02365749587 771.73493498151
2408000 269.51893124621 247.473823877353 255.110282261663 772.103037385226
2409000 269.590611074276 247.628706339871 255.233869289777 772.453186703924
2410000 269.671561369834 247.669563152489 255.324852541642 772.665977063966
2411000 269.858140207979 247.803240840733 255.403227636547 773.064608685259
2412000 269.910421769056 247.929047781407 255.460735650908 773.300205201371
2413000 270.065392912044 248.050188171346 255.551392673164 773.666973756554
2414000 270.176731562625 248.088007903932 255.661671613168 773.926411079725
2415000 270.272090710317 248.136547603977 255.710569135317 774.119207449612
2416000 270.441643040757 248.298836543085 255.820721704613 774.561201288455
2417000 270.468065403158 248.433124771727 255.981421686106 774.882611860991
2418000 270.667284893799 248.54959361232 256.032378044889 775.249256551008
2419000 270.788456850043 248.650935090047 256.131398143893 775.570790083984
2420000 270.92040878737 248.773177148357 256.296441468268 775.990027403995
2421000 271.065304490481 248.934173887293 256.31192751185 776.311405889624
2422000 271.172214261365 249.087455867228 256.450152638466 776.709822767059
2423000 271.28325402332 249.149254181301 256.498013620293 776.930521824913
2424000 271.382826966772 249.262724285645 256.656506923524 777.302058175941
2425000 271.552761535213 249.439008008091 256.750872308527 777.742641851831
2426000 271.622605983147 249.516222072667 256.859923288795 777.998751344609
2427000 271.732422437647 249.641526862942 256.9399342674 778.31388356799
2428000 271.808183753819 249.756488941055 257.125164222802 778.689836917676
2429000 272.027574819115 249.849094316172 257.148088948055 779.024758083342
2430000 272.043936992096 249.895420158498 257.324207906318 779.263565056911
2431000 272.23269814839 249.974945501177 257.495080222672 779.702723872238
2432000 272.310242252799 250.131025205593 257.63993771987 780.081205178261
2433000 272.426468529387 250.167923920144 257.73966128235 780.334053731882
2434000 272.560992009959 250.301033070587 257.789476058269 780.651501138815
2435000 272.576320660637 250.413488655428 257.882084181887 780.871893497953
2436000 272.728624120811 250.53949541741 257.923174307706 781.191293845928
2437000 272.815266167305 250.58821094991 258.054465529879 781.457942647094
2438000 272.891769905502 250.756045345766 258.187797393336 781.835612644605
2439000 273.053973568479 250.777173598045 258.252601519121 782.083748685645
2440000 273.194066080516 250.881288770248 258.378929479526 782.45428433029
2441000 273.284309757493 251.006651044416 258.459195872446 782.750156674355
2442000 273.381807113898 251.100623323569 258.514983644224 782.99741408169
2443000 273.526073417395 251.212890626038 258.634490258755 783.373454302189
2444000 273.573345034152 251.314365023562 258.70392779401 783.591637851723
2445000 273.747810262724 251.354375246074 258.722855530494 783.825041039291
2446000 273.836217170579 251.446874382711 258.787600444559 784.070691997849
2447000 273.969002770377 251.526678686913 258.899257238383 784.394938695673
2448000 273.955743604204 251.564657974531 258.997577250397 784.517978829132
2449000 274.035826699572 251.742986180239 259.0640040508 784.842816930611
2450000 274.10321429767 251.849024757191 259.191304961112 785.143544015973
2451000 274.204614490656 252.0007731162 259.291995777573 785.497383384429
2452000 274.368109753251 252.03789172257 259.333063298086 785.739064773907
2453000 274.510739788738 252.170176354694 259.40242955464 786.083345698072
2454000 274.616409052383 252.280744649023 259.643311698557 786.540465399963
2455000 274.800542971864 252.338518674804 259.720551228108 786.859612874776
2456000 274.834039784275 252.453023744742 259.77811232799 787.065175857007
2457000 274.873201356932 252.520668183448 259.899473034364 787.293342574743
2458000 274.989856771197 252.615932835625 259.990954187278 787.5967437941
2459000 275.114352767151 252.832512735778 260.177893386117 788.124758889046
2460000 275.235701571442 252.886940792896 260.210915936 788.333558300338
2461000 275.349849919981 252.951595683723 260.386716511773 788.688162115477
2462000 275.398794691593 253.009835977724 260.527982453869 788.936613123186
2463000 275.504141033814 253.153744295135 260.647660999658 789.305546328607
2464000 275.663842657287 253.207560693543 260.663367963134 789.534771313964
2465000 275.779629734121 253.300912542852 260.893493992223 789.974036269195
2466000 275.923706577634 253.444442802025 260.960484102211 790.328633481869
2467000 276.087568200116 253.552099423248 261.078576127255 790.71824375062
2468000 276.139728654966 253.686558298169 261.142267145691 790.968554098826
2469000 276.280660923024 253.771256535746 261.213847590442 791.265765049213
2470000 276.358319496295 253.843068510537 261.348371260819 791.549759267651
2471000 276.481035411013 253.998959571001 261.509307829716 791.98930281173
2472000 276.641880705078 254.120154815194 261.596486832308 792.35852235258
2473000 276.78972650036 254.192558658442 261.653577911281 792.635863070082
2474000 276.840372465881 254.273685272932 261.81453627181 792.928594010623
2475000 276.937386593832 254.310738817665 261.916963713815 793.165089125312
2476000 277.131675850363 254.39571966251 261.957676074189 793.485071587062
2477000 277.302064444483 254.54491198582 262.015400173281 793.862376603584
2478000 277.389618351155 254.613787651814 262.097424535679 794.100830538648
2479000 277.405662863623 254.58261375299 262.124976076152 794.113252692765
2480000 277.533642084062 254.771097863908 262.370211775577 794.674951723547
2481000 277.589956897419 254.833955114184 262.383465999331 794.807378010934
2482000 277.732558109702 254.927836557949 262.540961640697 795.201356308348
2483000 277.843955903327 255.047821018861 262.646828183074 795.538605105262
2484000 277.841832446219 255.222933501937 262.757472353636 795.822238301792
2485000 277.956612599957 255.321953182151 262.856299503808 796.134865285916
2486000 278.138702041325 255.408988750151 262.972224606614 796.51991539809
2487000 278.220727777541 255.514460961793 263.093583481294 796.828772220629
2488000 278.262003206374 255.550363540402 263.168677254862 796.981044001638
2489000 278.440526906045 255.70950094567 263.329115009099 797.479142860815
2490000 278.432834954273 255.754966134972 263.436083196306 797.623884285551
2491000 278.628813175495 255.87074391496 263.484014917324 797.98357200778
2492000 278.776791273935 256.052422523126 263.553962733227 798.383176530288
2493000 278.905265213217 256.201827606808 263.678420354442 798.785513174468
2494000 278.895643771496 256.204207451291 263.767306311302 798.867157534089
2495000 279.048464041441 256.363592432057 263.823312118669 799.235368592167
2496000 279.205582890931 256.509364002511 264.034614098858 799.7495609923
2497000 279.32848283598 256.58792264848 264.052878611321 799.969284095782
2498000 279.392349462254 256.606004988948 264.161252909959 800.159607361161
2499000 279.49263935139 256.692769984418 264.306506387973 800.491915723782
2500000 279.642180662545 256.80977287553 264.320045934099 800.771999472174
2501000 279.676452187629 256.858484755698 264.444982338271 800.979919281599
2502000 279.816313621064 256.920045716072 264.618917487598 801.355276824735
2503000 279.981728550648 257.025661812879 264.78071845295 801.788108816476
2504000 280.066985620917 257.157603663297 264.836064084905 802.060653369119
2505000 280.161629202327 257.176757036146 264.922333503013 802.260719741486
2506000 280.221071395883 257.298648875733 265.039903561248 802.559623832864
2507000 280.445280756499 257.422567490769 265.140578859683 803.008427106951
2508000 280.573959040689 257.502379544221 265.284690091221 803.361028676131
2509000 280.689427877895 257.601949600135 265.281137842341 803.572515320371
2510000 280.808775180669 257.754315402482 265.451870155252 804.014960738404
