# Fix print output for fix 2
10000 4.725486515738e-33 8.0779671727066e-28 2.07850524394736e-28 1.01565196715191e-27
11000 0.301202600038161 0.297942880981779 0.299146270294217 0.898291751314157
12000 0.421948981653469 0.416409600816088 0.415821277986508 1.25417986045606
13000 0.532667466699555 0.531972787595559 0.525306873961371 1.58994712825649
14000 0.643869523034423 0.640988104437898 0.638022610415969 1.92288023788829
15000 0.754820609449642 0.745938958326496 0.742966069602675 2.24372563737881
16000 0.864264300666268 0.851248109655121 0.853423925724749 2.56893633604614
17000 0.972578120565458 0.956237811741585 0.957686140262152 2.88650207256919
18000 1.07544557773216 1.06797666959583 1.06148443471804 3.20490668204603
19000 1.18169478331995 1.16703929162955 1.16094185706831 3.50967593201781
20000 1.28457665978678 1.27350701393063 1.26750007275418 3.82558374647159
21000 1.39621565029601 1.37540821358814 1.36373276608656 4.13535662997071
22000 1.49241786676691 1.46928008166212 1.46070194447946 4.42239989290849
23000 1.59085509255949 1.56459183478713 1.5601889136465 4.71563584099312
24000 1.6969323447801 1.67049412303394 1.66381102774126 5.03123749555529
25000 1.81694080451712 1.77014962217302 1.76979691120866 5.3568873378988
26000 1.91668043289335 1.86087444598536 1.86102154353662 5.63857642241533
27000 2.02630172190556 1.96406096552095 1.96574296643769 5.9561056538642
28000 2.12085927052654 2.05660869706842 2.05090880857591 6.22837677617087
29000 2.22394199028916 2.15369863036974 2.15506247369437 6.53270309435327
30000 2.32849426252807 2.25709388507871 2.24990737467021 6.835495522277
31000 2.42595593250561 2.34825729489432 2.34613386068727 7.1203470880872
32000 2.51570523863863 2.45594803514621 2.45051475714207 7.42216803092691
33000 2.61685439804658 2.54963794084781 2.53413118520279 7.70062352409718
34000 2.71721630193082 2.65474331121421 2.63218262680529 8.00414223995032
35000 2.81475269884565 2.74602738156333 2.72715332960492 8.28793341001389
36000 2.90965162582148 2.84668341818976 2.82575647219972 8.58209151621096
37000 3.01350023982746 2.9451559850463 2.9318385574166 8.89049478229036
38000 3.12387157625701 3.03720938736714 3.02006480887764 9.18114577250179
39000 3.22150149371698 3.12916531255768 3.11139498262678 9.46206178890144
40000 3.3288613563234 3.23637914635058 3.19556589782717 9.76080640050115
41000 3.431439152901 3.32447478640147 3.30053165898942 10.0564455982919
42000 3.52041232928418 3.42571223343563 3.40301803938146 10.3491426021013
43000 3.61907876704364 3.52279425578697 3.51244103719794 10.6543140600286
44000 3.71757798869957 3.61467833709263 3.60287439099984 10.935130716792
45000 3.81317595707786 3.71409368545649 3.69587886833909 11.2231485108734
46000 3.91717649333393 3.81920822174745 3.79644797822396 11.5328326933053
47000 4.00936012988189 3.92346105620127 3.88734524652831 11.8201664326115
48000 4.11250431276841 3.99593156401701 3.9682750534357 12.0767109302211
49000 4.21392617671972 4.10426603722562 4.06292829570227 12.3811205096476
50000 4.31930975624717 4.19072061660983 4.14821088076887 12.6582412536259
51000 4.42211889414143 4.28943528522271 4.24321221776268 12.9547663971268
52000 4.50068855330789 4.37440369626131 4.33031400777807 13.2054062573473
53000 4.60917038896545 4.47993070984343 4.42603396084481 13.5151350596537
54000 4.70605568713321 4.58781960775131 4.52870612698971 13.8225814218742
55000 4.81426177804469 4.66963154751166 4.61422208660614 14.0981154121625
56000 4.90809064520265 4.76454959348075 4.70725928066639 14.3798995193498
57000 4.99460805919162 4.85086987747486 4.79458232726755 14.640060263934
58000 5.08726864592488 4.95333834300967 4.86548101885975 14.9060880077943
59000 5.17218824741394 5.02971248068006 4.95794906000609 15.1598497881001
60000 5.2788675284401 5.1386723858075 5.0445855155795 15.4621254298271
61000 5.36112534860438 5.19421858943713 5.13614585331593 15.6914897913574
62000 5.4606522863036 5.29246044529683 5.22598561405178 15.9790983456522
63000 5.55538399025225 5.3704749922126 5.30593947343698 16.2317984559018
64000 5.6528513983493 5.45681172888056 5.40231846903679 16.5119815962667
65000 5.75088773278011 5.5518602441181 5.48149516006157 16.7842431369598
66000 5.84842986825354 5.63960993281528 5.57954498552746 17.0675847865963
67000 5.92707814324149 5.74291100650823 5.65503379489808 17.3250229446478
68000 6.03120349982223 5.8385241243237 5.7608472496762 17.6305748738221
69000 6.12357639142857 5.91187547119938 5.83428113599774 17.8697329986257
70000 6.21400162746354 5.99940290047307 5.9306436559421 18.1440481838787
71000 6.32315525330527 6.09714864774017 6.01927170810562 18.4395756091511
72000 6.39860236684677 6.18626603651142 6.11426911675736 18.6991375201155
73000 6.49303901401687 6.25770837047358 6.19721007877841 18.9479574632688
74000 6.57714325140755 6.34522571004913 6.28220033615645 19.2045692976131
75000 6.68088374281675 6.43534893496807 6.3669432977562 19.483175975541
76000 6.76005185762117 6.53550584229827 6.47092168641678 19.7664793863362
77000 6.83907667770927 6.61559316707499 6.55433191317333 20.0090017579576
78000 6.91995867189467 6.69905040265684 6.63649388352991 20.2555029580814
79000 7.01927744074523 6.78504844792599 6.70484540071101 20.5091712893822
80000 7.12181743328642 6.88420322203238 6.79602246027732 20.8020431155961
81000 7.20290195166761 6.96296637613236 6.88772783646842 21.0535961642684
82000 7.28236576316125 7.04702989236174 6.96897240917782 21.2983680647008
83000 7.39032547906452 7.11798916405918 7.06330129828893 21.5716159414126
84000 7.49211783111163 7.20896485277366 7.15867510664996 21.8597577905353
85000 7.55459927651447 7.28827271980985 7.23755711743816 22.0804291137625
86000 7.66013066389747 7.39390107256508 7.34551821737649 22.399549953839
87000 7.76618776309801 7.48144055535383 7.43379384205592 22.6814221605078
88000 7.84219811741656 7.59108416542625 7.50974414181526 22.9430264246581
89000 7.94744217223349 7.67563624060723 7.58871215350747 23.2117905663482
90000 8.0286717518073 7.76643513518918 7.68251746425512 23.4776243512516
91000 8.1253642031878 7.84716709618555 7.75316601617687 23.7256973155502
92000 8.20012896084933 7.93068388803214 7.82145073339413 23.9522635822756
93000 8.2887867973647 8.01916497327888 7.92543912513688 24.2333908957805
94000 8.40686590954045 8.10796769332757 8.00945841068749 24.5242920135555
95000 8.49239105232259 8.20005847883394 8.10082171474341 24.7932712458999
96000 8.60193554009474 8.29767862132952 8.19808253725344 25.0976966986777
97000 8.68561442680235 8.39279291857357 8.30316550001864 25.3815728453946
98000 8.7938645295656 8.47112151532611 8.39063287438089 25.6556189192726
99000 8.89197420924387 8.56491815013208 8.49019960182263 25.9470919611986
100000 8.98687095024044 8.64246161137123 8.55700507464732 26.186337636259
101000 9.05364233350759 8.73351193773663 8.65058668068412 26.4377409519283
102000 9.1628156483324 8.82971757303698 8.74002971096507 26.7325629323344
103000 9.27655840067916 8.91295217796156 8.81593239553466 27.0054429741754
104000 9.35719336243671 8.99459605269478 8.89666366219569 27.2484530773272
105000 9.44481040354309 9.07220492131138 8.98589331212759 27.5029086369821
106000 9.53168454611973 9.14871284159178 9.05067876556061 27.7310761532721
107000 9.60676485437656 9.23584330702863 9.13805847262824 27.9806666340334
108000 9.69115293273008 9.33866487698715 9.21668408416817 28.2465018938854
109000 9.77737201194684 9.43269686125797 9.3192899126859 28.5293587858907
110000 9.85093462982911 9.49735519841863 9.4215180538345 28.7698078820822
111000 9.94818590320459 9.58695661419484 9.5072256667401 29.0423681841395
112000 10.0361552701372 9.68135418785782 9.61697166851721 29.3344811265122
113000 10.1129370257658 9.77964560072635 9.71010047329623 29.6026830997884
114000 10.2105003715614 9.87605044533682 9.79250698046276 29.879057797361
115000 10.2784726899322 9.96732880108664 9.87576383202657 30.1215653230454
116000 10.3822689987463 10.0707399076669 9.9605462971106 30.4135552035238
117000 10.4692483779517 10.1429254200574 10.0205406496546 30.6327144476636
118000 10.5640582127967 10.2265144796876 10.1221715280399 30.9127442205241
119000 10.6282830443574 10.3168396960589 10.2010351998126 31.1461579402289
120000 10.7334280555819 10.392404598995 10.2952671126414 31.4210997672183
121000 10.8546284381842 10.4966625907548 10.3693689288712 31.7206599578102
122000 10.9502412945099 10.5761566614565 10.4862143165086 32.0126122724751
123000 11.0357929872146 10.664992344178 10.5635908603688 32.2643761917614
124000 11.1138893290396 10.754712342004 10.6590510184741 32.5276526895178
125000 11.2030806438868 10.8368054547899 10.7538987449302 32.793784843607
126000 11.2897384999321 10.9098542925755 10.8182801415523 33.0178729340599
127000 11.3643478590823 11.0072702166424 10.914599532001 33.2862176077257
128000 11.4586206797111 11.1100025857334 11.0128888203216 33.5815120857661
129000 11.5479532400791 11.2169876385195 11.0874095092965 33.8523503878951
130000 11.6419605033734 11.3002341978873 11.1901708948993 34.13236559616
131000 11.7270153208535 11.3761855978132 11.2573892798959 34.3605901985627
132000 11.8111963679471 11.469076194752 11.3656612142618 34.6459337769609
133000 11.9001122054242 11.5489006393891 11.457110225207 34.9061230700203
134000 11.9972388790033 11.6275099672721 11.5090009370823 35.1337497833577
135000 12.090386856014 11.6984632346069 11.5888781945197 35.3777282851407
136000 12.1979897630674 11.8028793038738 11.6729437677556 35.6738128346967
137000 12.2763678145191 11.8851145449989 11.7737621150518 35.9352444745698
138000 12.3609477472894 11.9558787533859 11.8510893127162 36.1679158133915
139000 12.4563373861001 12.0387071527614 11.9599573653629 36.4550019042243
140000 12.5667999825076 12.1175822868896 12.0371365693034 36.7215188387006
141000 12.6395230962119 12.1932310434717 12.124736893975 36.9574910336587
142000 12.7095475647036 12.2805788198477 12.2201594045123 37.2102857890636
143000 12.7901126999082 12.350348774814 12.2824270486216 37.4228885233439
144000 12.8795365055909 12.4450359699639 12.361948436989 37.6865209125438
145000 12.9750551361199 12.523881150575 12.4588201333641 37.9577564200589
146000 13.0542107124945 12.6231265313499 12.567214926473 38.2445521703174
147000 13.1489590176482 12.7110256381479 12.6619416053097 38.5219262611057
148000 13.2309655100214 12.7902741797814 12.7528772778008 38.7741169676036
149000 13.3284768986707 12.8925499477653 12.8093642950088 39.0303911414448
150000 13.4258194527937 12.9672542464949 12.8899144788089 39.2829881780974
151000 13.507431798606 13.0677388925379 12.9609700289232 39.5361407200671
152000 13.6103535602207 13.1577648887546 13.0530270061709 39.8211454551462
153000 13.689210665135 13.2346041701653 13.138947435093 40.0627622703933
154000 13.779697169806 13.3481857693429 13.2128244219181 40.3407073610671
155000 13.8795986563424 13.4336295280787 13.2905372235358 40.6037654079569
156000 13.96194110067 13.5327254698967 13.3798854278871 40.8745519984538
157000 14.0571838592099 13.6099692089206 13.4753075010492 41.1424605691797
158000 14.1527919025184 13.6999415890774 13.5462280100354 41.3989615016312
159000 14.2153580653905 13.7753930573958 13.642029309588 41.6327804323742
160000 14.2927771125617 13.8810906330391 13.7143363949162 41.888204140517
161000 14.3832281801423 13.979504399071 13.8110524190973 42.1737849983105
162000 14.4767686394616 14.0640539870766 13.9107742668014 42.4515968933396
163000 14.5484968311072 14.1191790583902 13.9994565584731 42.6671324479705
164000 14.6425932277181 14.195953958575 14.0756309430669 42.9141781293601
165000 14.7358742766205 14.2741755811835 14.1731451775103 43.1831950353143
166000 14.8118604463444 14.357622102548 14.2234328642387 43.3929154131311
167000 14.880311810427 14.4538777979379 14.3337373651252 43.6679269734902
168000 14.9672971042815 14.5320730259557 14.3962892655338 43.895659395771
169000 15.0533961357546 14.6199000262315 14.4866528068164 44.1599489688024
170000 15.1353760099657 14.6971455622639 14.5421399850198 44.3746615572494
171000 15.2387755920071 14.7947215724659 14.6459187112396 44.6794158757126
172000 15.3238370669524 14.8784071198277 14.7393558885411 44.9416000753212
173000 15.4263763751227 14.9821265970035 14.8402923881814 45.2487953603076
174000 15.5118827951008 15.0624248711651 14.9078146267428 45.4821222930088
175000 15.6043071805758 15.1349216714002 14.9778030559506 45.7170319079265
176000 15.7123341728028 15.2109496160189 15.0712604187797 45.9945442076014
177000 15.7871184730769 15.3143731922918 15.1708931996083 46.2723848649769
178000 15.8545286111502 15.4063349467034 15.2509984904884 46.511862048342
179000 15.9440596371153 15.476429359435 15.3224339683625 46.7429229649128
180000 16.0214013433148 15.5676239621139 15.4159313008473 47.004956606276
181000 16.133865371747 15.6391465665107 15.500210199168 47.2732221374258
182000 16.2208023701714 15.7403354805753 15.6012477317002 47.5623855824469
183000 16.3022775678249 15.8019993773692 15.6680730873861 47.7723500325803
184000 16.4124249030555 15.8940267375703 15.7651299161385 48.0715815567643
185000 16.5004435583338 16.0137556008352 15.8522132444461 48.3664124036151
186000 16.5786695506289 16.0732515579449 15.9453024705179 48.5972235790917
187000 16.6566490720121 16.1526467770059 15.9985972498938 48.8078930989118
188000 16.7474725200507 16.2287224347109 16.1156468242066 49.0918417789682
189000 16.8557193566763 16.3204742663168 16.1739136020496 49.3501072250426
190000 16.9323596101517 16.4016360727245 16.2606344250799 49.5946301079562
191000 17.0275081307845 16.4683955193885 16.3171144536916 49.8130181038646
192000 17.1331102286593 16.5663302617789 16.4066706882122 50.1061111786504
193000 17.2281537812329 16.6499016369416 16.5179936325058 50.3960490506803
194000 17.3151380566125 16.7340513206886 16.5773844128981 50.6265737901992
195000 17.4028762645557 16.8343975723174 16.6645749886031 50.9018488254761
196000 17.479225964143 16.9124090776094 16.7478634570699 51.1394984988224
197000 17.5932908636303 16.9744133894104 16.8249353338735 51.3926395869142
198000 17.6786860318713 17.0674977436891 16.9228369829321 51.6690207584926
199000 17.7484860084023 17.152222927608 16.987540007998 51.8882489440083
200000 17.8477153282913 17.25837503945 17.0650193482269 52.1711097159682
201000 17.9374192109176 17.3497658447949 17.1658875027881 52.4530725585007
202000 18.0198306116584 17.4456378510455 17.2580214366827 52.7234898993866
203000 18.1154548493921 17.5329373554967 17.3089241286695 52.9573163335583
204000 18.2042190011028 17.5887138646977 17.4051342498167 53.1980671156171
205000 18.2657347190033 17.6548645403272 17.498749060264 53.4193483195945
206000 18.3848217025335 17.7526269506208 17.5663105030002 53.7037591561545
207000 18.5003940207993 17.816865413119 17.6254480266368 53.942707460555
208000 18.5720150070821 17.9091935829591 17.6972116146944 54.1784202047356
209000 18.6789425036454 18.0095732631314 17.7729972316499 54.4615129984267
210000 18.7368034226277 18.10066710779 17.8563723110007 54.6938428414184
211000 18.8373186451157 18.163143222535 17.9042750758616 54.9047369435123
212000 18.9053996572999 18.2001963217149 17.9911635834923 55.096759562507
213000 19.0187823197009 18.318182971229 18.068663181886 55.4056284728159
214000 19.1140287540819 18.3785391712758 18.139730396157 55.6322983215146
215000 19.1932936633873 18.4821441045492 18.2233250106229 55.8987627785595
216000 19.2881012841529 18.5467156801229 18.3258586943429 56.1606756586187
217000 19.3594369278925 18.6446079280467 18.4290769614826 56.4331218174217
218000 19.4601435626876 18.7303332675414 18.4848787649118 56.6753555951408
219000 19.5857822151915 18.829276009061 18.5626351800598 56.9776934043122
220000 19.7076268936839 18.9078124800796 18.6567848416971 57.2722242154606
221000 19.7772658126596 18.9773545415907 18.7479205973878 57.5025409516381
222000 19.8739762534322 19.0600746108168 18.8403751883744 57.7744260526235
223000 19.9522657691366 19.1431215715895 18.914965502875 58.0103528436011
224000 20.0393355843849 19.2096987882984 19.0323262996945 58.2813606723777
225000 20.1202821062343 19.297339266535 19.106320050306 58.5239414230754
226000 20.2286199413088 19.3761767522235 19.2104116782959 58.8152083718281
227000 20.3131762031158 19.4501410870023 19.2852711791514 59.0485884692695
228000 20.4173140420118 19.5301736491038 19.3751946718283 59.3226823629439
229000 20.4820568955036 19.576095422095 19.4492096653164 59.507361982915
230000 20.5868800772973 19.666219522154 19.5530756422282 59.8061752416795
231000 20.6716330662542 19.7381401145847 19.6327926032584 60.0425657840973
232000 20.7610823610306 19.8195075697618 19.6997752882909 60.2803652190834
233000 20.834188188908 19.8903161376502 19.772479401044 60.4969837276023
234000 20.9084831885687 19.9700276103197 19.8523432708693 60.7308540697577
235000 21.0028166591564 20.0655397823405 19.9318036824525 61.0001601239494
236000 21.0808883245428 20.1261892585411 20.0227194381517 61.2297970212356
237000 21.160769529101 20.2232492964605 20.1241332740884 61.5081520996499
238000 21.260188703673 20.3039315355191 20.1816734530431 61.7457936922352
239000 21.3194215168903 20.386395405221 20.274236116667 61.9800530387784
240000 21.4060157278607 20.4748319401548 20.3655151239777 62.2463627919932
241000 21.5258862321231 20.5596624124184 20.4295350581616 62.515083702703
242000 21.5850908248105 20.6234084238603 20.5296875811095 62.7381868297803
243000 21.6569073276053 20.7210343190609 20.6065755376291 62.9845171842953
244000 21.7526685768712 20.8461135679549 20.6755566273542 63.2743387721803
245000 21.832204470039 20.9099600816233 20.7339164346049 63.4760809862672
246000 21.9338324703458 20.9819711912302 20.832915948612 63.748719610188
247000 22.0439538622714 21.0755813864737 20.9220288527494 64.0415641014944
248000 22.1253685162088 21.165685000621 21.0111043870661 64.3021579038959
249000 22.1990918769913 21.2355335006795 21.0845814538113 64.5192068314821
250000 22.2787614298547 21.3182224795186 21.1277731093456 64.7247570187189
251000 22.3763850435605 21.3885325743095 21.2395665590824 65.0044841769523
252000 22.445776544673 21.4563154997465 21.3252196043136 65.2273116487331
253000 22.5366952165717 21.5472782672497 21.403305017355 65.4872785011764
254000 22.6442543104467 21.6334049502873 21.4408674204087 65.7185266811427
255000 22.7328551254335 21.6990519222779 21.5310700115751 65.9629770592864
256000 22.7852301632207 21.8104958329208 21.6072252099222 66.2029512060637
257000 22.8886770132008 21.8901291815169 21.7155251761726 66.4943313708903
258000 22.9895631151382 21.9760015960018 21.7946108561296 66.7601755672695
259000 23.0734359923799 22.0669605304528 21.8606234704944 67.0010199933272
260000 23.1573148955196 22.1694422626401 21.9453397085217 67.2720968666814
261000 23.2328077593025 22.2685668600526 22.0162951037529 67.517669723108
262000 23.3019969786511 22.3487346097964 22.1217112364643 67.7724428249117
263000 23.4173674111703 22.4267857376971 22.1810271031537 68.0251802520211
264000 23.5132531069369 22.500076365528 22.2661856132644 68.2795150857293
265000 23.6018924465472 22.5755336039731 22.3309343199202 68.5083603704405
266000 23.6412786371853 22.6514795073049 22.4095034314014 68.7022615758915
267000 23.7409622962914 22.7209026012421 22.4796447255528 68.9415096230864
268000 23.8150441927696 22.7916824032638 22.5575855070646 69.1643121030981
269000 23.9269908600211 22.8924797536293 22.6418850437062 69.4613556573566
270000 23.9892718539453 22.9691085901401 22.716098036051 69.6744784801364
271000 24.0728113662523 23.0597534825628 22.8179645233334 69.9505293721486
272000 24.1431970252491 23.1349607427038 22.9053230500092 70.1834808179621
273000 24.2531388303508 23.2294172530482 22.9525239283513 70.4350800117504
274000 24.3563274405348 23.3172711050552 23.0444142421279 70.718012787718
275000 24.4395654513017 23.3935163623047 23.0983952644358 70.9314770780421
276000 24.5287645740215 23.4728439627733 23.2097084527512 71.211316989546
277000 24.618506761502 23.551018869098 23.312093915568 71.4816195461681
278000 24.7188381631382 23.6718659075726 23.4060370647862 71.796741135497
279000 24.8239266730341 23.7265721192881 23.4665453151681 72.0170441074903
280000 24.9155871618337 23.8257878641361 23.5584519993433 72.2998270253131
281000 24.9919669533763 23.8843568135285 23.6350221286893 72.5113458955941
282000 25.0698386185408 23.946199641994 23.7324689735622 72.748507234097
283000 25.1882068287499 24.0302233969303 23.8261789443903 73.0446091700704
284000 25.261587634263 24.1038172456548 23.8833101304983 73.2487150104161
285000 25.3656121129583 24.200548504898 23.9587541115755 73.5249147294319
286000 25.4605184528433 24.3015176107974 24.0091980428562 73.7712341064969
287000 25.5522091739503 24.3966575947254 24.1331351728936 74.0820019415693
288000 25.6760508200746 24.5009038510288 24.1576183951552 74.3345730662586
289000 25.7289912638063 24.5720852706145 24.2674386119919 74.5685151464127
290000 25.8213564951806 24.6842403590417 24.3203083014014 74.8259051556237
291000 25.9014287227257 24.7597012088427 24.4163863473946 75.077516278963
292000 25.9701708403138 24.8608248699265 24.49300038597 75.3239960962103
293000 26.0941040023141 24.8979040130321 24.5507103855236 75.5427184008697
294000 26.1554690737299 25.0139727478796 24.6177363828443 75.7871782044538
295000 26.2838777106793 25.1341187276687 24.7075857573385 76.1255821956864
296000 26.3737577048656 25.2036210774505 24.7758135713237 76.3531923536398
297000 26.4860180937546 25.276445588928 24.8803373396253 76.6428010223079
298000 26.5395486056627 25.3330146464395 24.9400707021591 76.8126339542613
299000 26.6250915174864 25.4451951332545 25.0255438898933 77.0958305406341
300000 26.68540968685 25.5422964637228 25.121649398119 77.3493555486917
301000 26.7997491900552 25.5959746742269 25.1936913354523 77.5894151997344
302000 26.8666019665062 25.6850354213683 25.281634984253 77.8332723721275
303000 26.9644567603141 25.7680524455143 25.3295451244797 78.0620543303081
304000 27.0306501530237 25.834596363597 25.4229767324898 78.2882232491104
305000 27.1117585906646 25.9020451928792 25.5235090345566 78.5373128181003
306000 27.1834222775043 26.0037907218186 25.5846693412207 78.7718823405437
307000 27.2668204017194 26.0510514457561 25.6488980665153 78.9667699139908
308000 27.3425577340919 26.1303332567404 25.7136136028183 79.1865045936506
309000 27.4384811055076 26.211146720592 25.7928572552817 79.4424850813814
310000 27.505906861093 26.2709815346916 25.8667099141142 79.6435983098988
311000 27.5665744579042 26.378663609678 25.9141168259608 79.8593548935431
312000 27.6542626457715 26.4329927734772 26.0025163146899 80.0897717339387
313000 27.7303893017159 26.5338721217916 26.0790292687128 80.3432906922204
314000 27.7987331742666 26.6171462585411 26.1852204178415 80.6010998506491
315000 27.8770669374546 26.689702751385 26.2515129457199 80.8182826345596
316000 27.9569723502424 26.7777803655576 26.3186057261097 81.0533584419097
317000 28.0301791646856 26.8488121810261 26.3990173882597 81.2780087339714
318000 28.1557815949544 26.9435107296553 26.506440412971 81.6057327375807
319000 28.2302206899737 27.0668175361901 26.5908997204048 81.8879379465686
320000 28.319472763841 27.1545565880963 26.6635878091073 82.1376171610446
321000 28.3892152253775 27.2303960858913 26.7613351508472 82.3809464621159
322000 28.4911374186133 27.3256828312083 26.8624090058986 82.6792292557202
323000 28.5905427159486 27.4165489420325 26.934470150745 82.941561808726
324000 28.6756856358204 27.4754644479456 27.0204190723691 83.1715691561352
325000 28.787379033188 27.5730869532646 27.1174053088788 83.4778712953315
326000 28.880656637477 27.64582814489 27.1798999125272 83.7063846948942
327000 28.9496844485656 27.7346741401802 27.2316695773847 83.9160281661305
328000 29.0459408140404 27.8348731170502 27.3473232409344 84.228137172025
329000 29.1320798514951 27.9219157160528 27.4085439323283 84.4625394998761
330000 29.2487751425191 27.9794231128664 27.491795734298 84.7199939896835
331000 29.3138840239067 28.083128147133 27.6184155790693 85.015427750109
332000 29.4344750751967 28.1824526182089 27.696918466172 85.3138461595776
333000 29.4987115434463 28.2600808162253 27.7999971762516 85.5587895359233
334000 29.5940524552244 28.3367351153685 27.8827445143236 85.8135320849166
335000 29.6929647406104 28.4392271586927 27.9730265983052 86.1052184976082
336000 29.7694420588878 28.5446222664534 28.0591828668383 86.3732471921795
337000 29.8660471126695 28.6253587923778 28.1411117231795 86.6325176282269
338000 29.9196918914079 28.7155339457944 28.2066384119746 86.8418642491769
339000 30.0286253594476 28.776820207679 28.302316937247 87.1077625043735
340000 30.0839519259044 28.8842762245335 28.4062485185478 87.3744766689857
341000 30.194207481782 28.9389007204801 28.4806733742904 87.6137815765525
342000 30.2776154613993 29.0107332017446 28.5503693793586 87.8387180425024
343000 30.3803592268921 29.0907709686874 28.6469388626038 88.1180690581833
344000 30.4808951047193 29.1863106583143 28.7316599709932 88.3988657340268
345000 30.5570719902572 29.2624688189044 28.7664082063391 88.5859490155007
346000 30.6426188212605 29.3518711822391 28.8545189780163 88.8490089815159
347000 30.7537485415445 29.4380749645607 28.9528125574265 89.1446360635317
348000 30.8583080276377 29.4830276935313 29.0525671691299 89.3939028902989
349000 30.9592179954511 29.6063214956364 29.091399691606 89.6569391826934
350000 31.0090726808714 29.7070899925718 29.1589877128597 89.8751503863029
351000 31.0899918172235 29.805727513425 29.246920153554 90.1426394842025
352000 31.1667836832119 29.8760949011663 29.3270437633098 90.369922347688
353000 31.252241034485 29.9741278077257 29.4348517971495 90.6612206393602
354000 31.3534499020424 30.0571249655502 29.5267110913357 90.9372859589283
355000 31.4196105766732 30.1557873966984 29.5873049918766 91.1627029652482
356000 31.5041752949196 30.2613447547038 29.6982010709473 91.4637211205707
357000 31.5874256006177 30.3086552492581 29.7406107858749 91.6366916357508
358000 31.6708627829066 30.3924522466404 29.8319429824229 91.89525801197
359000 31.7616953562785 30.4677530359507 29.8727588561896 92.1022072484188
360000 31.8653559180445 30.5845390614786 29.9370686371783 92.3869636167014
361000 31.942951486242 30.6473993980338 30.0435181904075 92.6338690746834
362000 32.0315613216047 30.7521224544089 30.0912968250929 92.8749806011065
363000 32.0887258545158 30.8241799493841 30.1925908189191 93.105496622819
364000 32.1909090223082 30.8868841725027 30.2695205980235 93.3473137928345
365000 32.2699881387259 30.9592548983715 30.3583099509146 93.587552988012
366000 32.3548907624502 31.0722264781814 30.4185258189015 93.8456430595332
367000 32.4276771509937 31.1783761948666 30.4995432161511 94.1055965620114
368000 32.5163982596022 31.2390709528011 30.5745985619608 94.3300677743642
369000 32.5877822341834 31.3059517158098 30.6601602121439 94.5538941621372
370000 32.708705638417 31.3533169911611 30.7866168225033 94.8486394520814
371000 32.7834855103468 31.451632075895 30.8908454801207 95.1259630663625
372000 32.8892404560265 31.5402368208329 30.9706536875444 95.4001309644039
373000 32.9644973146447 31.6386620017893 31.0317394692703 95.6348987857043
374000 33.0155659110412 31.6940191621152 31.0948271628076 95.804412235964
375000 33.1163028746027 31.7484506953691 31.1902224647205 96.0549760346923
376000 33.1763581031957 31.8449962342047 31.2607409178061 96.2820952552065
377000 33.2645710714912 31.8869027267512 31.3390757899048 96.4905495881472
378000 33.3476655349354 31.9727484767106 31.4523414619346 96.7727554735806
379000 33.435382567093 32.0880128402913 31.5726490997679 97.0960445071522
380000 33.545662951493 32.1245044089753 31.6364316190925 97.3065989795608
381000 33.5866734720029 32.224759519383 31.7286250628073 97.5400580541932
382000 33.713312572879 32.2884671420907 31.799464384855 97.8012440998248
383000 33.7872753354506 32.3604544404021 31.896340496089 98.0440702719416
384000 33.8527473225759 32.4385480192298 31.9750479736264 98.2663433154322
385000 33.9428169102013 32.508016560952 32.0457668921107 98.4966003632639
386000 34.0546051332024 32.6145429246809 32.1432569320981 98.8124049899814
387000 34.1439406571453 32.6979277615852 32.2229053514001 99.0647737701305
388000 34.1973636574895 32.7789534621355 32.3196282599038 99.2959453795288
389000 34.2993891230099 32.87287065933 32.4036959145421 99.575955696882
390000 34.3943226153277 32.9679726268616 32.4603845644118 99.8226798066011
391000 34.4855964154768 33.0474602293644 32.5543718688248 100.087428513666
392000 34.5839093840795 33.0978077931271 32.6566392797213 100.338356456928
393000 34.6210996155831 33.1864520038483 32.7240525668784 100.53160418631
394000 34.7226791864562 33.2688674609483 32.8324227220275 100.823969369432
395000 34.8268204277743 33.3838779705103 32.9002381480931 101.110936546378
396000 34.9140574920888 33.4426746536929 32.9756995916188 101.3324317374
397000 35.0008574075746 33.4827060562494 33.0398011746415 101.523364638465
398000 35.0802699168851 33.5363023091519 33.1227341574486 101.739306383486
399000 35.1650263608948 33.6312880521902 33.195943217347 101.992257630432
400000 35.2741414287397 33.7253289998879 33.2808067492443 102.280277177872
401000 35.3191798074884 33.8237610044159 33.3284960231131 102.471436835017
402000 35.4176299043127 33.9030821609961 33.4282342629232 102.748946328232
403000 35.5399089367691 33.9350742555185 33.4719411525668 102.946924344854
404000 35.6289001551483 34.0271790344134 33.5524523042261 103.208531493788
405000 35.7330920350546 34.1195325951301 33.6556425155109 103.508267145696
406000 35.8254399031725 34.1729145907427 33.7618408756273 103.760195369542
407000 35.9004386919248 34.2357937392385 33.8791927617638 104.015425192927
408000 35.9669391850767 34.3381710713994 33.9556819271507 104.260792183627
409000 36.0581960074045 34.408848442869 34.0182026621163 104.48524711239
410000 36.1204052097696 34.4696519444159 34.0741510874793 104.664208241665
411000 36.2156184216041 34.5569841820237 34.1472504931606 104.919853096788
412000 36.3105358328889 34.6223448855912 34.249984621652 105.182865340132
413000 36.3720897537372 34.6939223184252 34.3109178553072 105.37692992747
414000 36.4358212449251 34.7624413056639 34.3863848986961 105.584647449285
415000 36.5043239684655 34.8558556118096 34.4786314790666 105.838811059342
416000 36.584551861856 34.9377975514718 34.561124233783 106.083473647111
417000 36.6696384950358 35.0531573633835 34.6199426055141 106.342738463933
418000 36.7174481691089 35.0980550890131 34.6968167273476 106.51231998547
419000 36.8173481085484 35.1833198964624 34.7817118623685 106.782379867379
420000 36.8608642542613 35.2491950199765 34.8121194405275 106.922178714765
421000 36.9431512109552 35.3277930390418 34.8886531474606 107.159597397458
422000 37.0342544684066 35.4125036035323 34.9820628126292 107.428820884568
423000 37.1259504493022 35.4682474107294 35.0492889613711 107.643486821403
424000 37.1916872151522 35.5478284821001 35.158223279886 107.897738977138
425000 37.2632054294838 35.5872880772512 35.2394888534101 108.089982360145
426000 37.3187801396891 35.6558264267252 35.2856684923775 108.260275058792
427000 37.4300178595833 35.7440049442529 35.3632440165952 108.537266820431
428000 37.4612733988105 35.7688839186839 35.4623163206397 108.692473638134
429000 37.5668913793455 35.8438422361622 35.5782532050873 108.988986820595
430000 37.6880849738243 35.9528038325619 35.6130879463375 109.253976752724
431000 37.773473679757 36.0024190017539 35.7251348707152 109.501027552226
432000 37.8885351243466 36.0591834587861 35.8109169963055 109.758635579438
433000 37.9720834198436 36.1549323386646 35.9124585530381 110.039474311546
434000 38.0367238373357 36.2087474299743 35.9870734415083 110.232544708818
435000 38.1221477830605 36.2967777901454 36.0715483307621 110.490473903968
436000 38.2527757217263 36.3578560344448 36.1651199080341 110.775751664205
437000 38.3142484219266 36.4578521027151 36.2442196753284 111.01632019997
438000 38.4374832020154 36.5252673156602 36.2952147104012 111.257965228077
439000 38.4863916162154 36.6153121266656 36.3819496437026 111.483653386584
440000 38.570291637935 36.6715162424949 36.476067292314 111.717875172744
441000 38.70224590865 36.7633192747849 36.5621815701018 112.027746753537
442000 38.7915036478053 36.8764191075068 36.693021100024 112.360943855336
443000 38.8395160066462 36.9355523336552 36.7587595935658 112.533827933867
444000 38.9549931019647 37.0268192275124 36.8048478745865 112.786660204064
445000 39.0337903293519 37.1063475083883 36.9008486454031 113.040986483143
446000 39.1013679058122 37.1922066161976 36.9915444420248 113.285118964035
447000 39.1530127980142 37.2804547315907 37.0615037682423 113.494971297847
448000 39.288454553912 37.3330246572186 37.1307752905556 113.752254501686
449000 39.3468777461606 37.4065538352623 37.2178668744707 113.971298455894
450000 39.4080174750292 37.5107989225739 37.3095508473631 114.228367244966
451000 39.4979014564414 37.5707285320071 37.3880493000611 114.45667928851
452000 39.582123516139 37.6551010685134 37.4591907811849 114.696415365837
453000 39.6323892891019 37.7282867152719 37.5812919396523 114.941967944026
454000 39.7197569517701 37.8006617983003 37.6811541224206 115.201572872491
455000 39.7977958066222 37.9159157063286 37.764592404044 115.478303916995
456000 39.8606354475043 37.985247224402 37.8147827873606 115.660665459267
457000 39.9371635086409 38.0894716279091 37.8941657336434 115.920800870193
458000 40.033079981362 38.1694041658242 37.9264619364907 116.128946083677
459000 40.0921839620905 38.2819157158554 38.0222171379885 116.396316815934
460000 40.1781351939036 38.3352723933525 38.1387522101158 116.652159797372
461000 40.2289716753654 38.4462587226336 38.1985172912598 116.873747689259
462000 40.3005398288511 38.4942385470611 38.2459002165073 117.04067859242
463000 40.411169872919 38.5823864829643 38.3534130977152 117.346969453598
464000 40.4757824270133 38.6523110522519 38.4456587589238 117.573752238189
465000 40.5523663370853 38.7237132944027 38.5172738465697 117.793353478058
466000 40.6223673096637 38.8104139820124 38.6026180799128 118.035399371589
467000 40.769511711477 38.8739119774211 38.6447074788883 118.288131167786
468000 40.8859175521037 38.9661223692038 38.7358771880017 118.587917109309
469000 40.9632053524212 39.0461565711725 38.8081353165733 118.817497240167
470000 41.0576925783814 39.1583540506661 38.8960281280339 119.112074757081
471000 41.1383124083179 39.2243335645968 38.9844816779732 119.347127650888
472000 41.2200671061169 39.2926157892276 39.0576275242188 119.570310419563
473000 41.2841040912259 39.3806836064297 39.1694039454325 119.834191643088
474000 41.3370804872555 39.4589729188942 39.2376163885936 120.033669794743
475000 41.4759427139357 39.579240534108 39.336999195486 120.39218244353
476000 41.5175604961328 39.6322412096198 39.4286928379998 120.578494543752
477000 41.6263009435451 39.6948038827076 39.4971655220796 120.818270348332
478000 41.6958484332773 39.7668235532012 39.5664051213892 121.029077107868
479000 41.8261231932793 39.8461064781774 39.6421341228613 121.314363794318
480000 41.899244841683 39.9586523362741 39.7048480425943 121.562745220551
481000 41.9505197725296 40.033269778528 39.7724774076249 121.756266958683
482000 42.0492267061797 40.106068819174 39.8519766553015 122.007272180655
483000 42.1203577268023 40.2219512591131 39.95510824417 122.297417230085
484000 42.1770073553379 40.2934935239972 40.0409174047816 122.511418284117
485000 42.2954544899606 40.3864124064942 40.1299024618286 122.811769358283
486000 42.4037199367572 40.4309443937354 40.227684593774 123.062348924267
487000 42.4634108364476 40.5377514017869 40.2644829617201 123.265645199955
488000 42.5709867638097 40.6090870835875 40.3423331241635 123.522406971561
489000 42.635018046938 40.657417348747 40.4264603783461 123.718895774031
490000 42.7377171528698 40.758346381769 40.5248229053894 124.020886440028
491000 42.8168390090417 40.8330087616169 40.589066448281 124.23891421894
492000 42.8787308036778 40.902150507176 40.7011183105313 124.481999621385
493000 42.9561804965634 40.9883048595819 40.7915723726669 124.736057728812
494000 43.014362168689 41.0519216260883 40.8657257619818 124.932009556759
495000 43.0842089477163 41.1250535128791 40.9568561466616 125.166118607257
496000 43.1619449175674 41.1968502006188 41.0356539878706 125.394449106057
497000 43.2792986585129 41.3140136872273 41.1226757292698 125.71598807501
498000 43.4050266790066 41.3937273347436 41.2120443697085 126.010798383459
499000 43.4619147062926 41.4124947494978 41.3030775995497 126.17748705534
500000 43.5541968373747 41.4994100649595 41.3545876029142 126.408194505248
501000 43.6404929310246 41.5469690042426 41.4705109683492 126.657972903616
502000 43.7070265388579 41.6185959968725 41.5381223505829 126.863744886313
503000 43.7860037426688 41.7145343346323 41.6441159563627 127.144654033664
504000 43.885053059515 41.7930084583033 41.7290147546841 127.407076272502
505000 43.9514988032519 41.8742635024714 41.8293494333494 127.655111739073
506000 44.0699396802195 41.96473919855 41.886287919922 127.920966798691
507000 44.1305525472539 42.0299959788803 41.9655480359318 128.126096562066
508000 44.2153283776048 42.1091948638584 42.046113195645 128.370636437108
509000 44.3243151523689 42.1715081357906 42.0908156965145 128.586638984674
510000 44.3894703339193 42.2193871523909 42.1304438912928 128.739301377603
511000 44.4767483584575 42.3351071590492 42.2390788279714 129.050934345478
512000 44.5537244471978 42.4091727611493 42.3554124494748 129.318309657822
513000 44.6334845375564 42.4801833917284 42.4117431654764 129.525411094761
514000 44.6949940760268 42.5744487606888 42.5089868562191 129.778429692935
515000 44.7547571092503 42.6863959491581 42.5570608220407 129.998213880449
516000 44.8208036216049 42.7696499145858 42.6556454963552 130.246099032546
517000 44.9046050712624 42.8114120184222 42.7518959441551 130.46791303384
518000 45.0081441399906 42.9181292654001 42.8386118672796 130.76488527267
519000 45.0673669382121 43.015163879253 42.8885043938624 130.971035211327
520000 45.1623107600222 43.1224168760712 42.9442636655891 131.228991301683
521000 45.2751366377181 43.2296034955983 43.0473644197041 131.552104553021
522000 45.3682105270465 43.3052478177831 43.1205640484464 131.794022393276
523000 45.4743002237537 43.3860929059093 43.2260503075068 132.08644343717
524000 45.5480195847184 43.5055434309726 43.2805280501681 132.334091065859
525000 45.6585789905311 43.5987393608528 43.3981132483094 132.655431599693
526000 45.7372892052104 43.6543771351052 43.4489029991484 132.840569339464
527000 45.8424533677697 43.7243614311787 43.5294635291912 133.09627832814
528000 45.9133460532752 43.815239922056 43.6109947229803 133.339580698312
529000 45.9858433525729 43.9557804798011 43.6748175992709 133.616441431645
530000 46.0419068263429 44.0483759516982 43.7531988143929 133.843481592434
531000 46.1484478405853 44.092913367304 43.8109587997468 134.052320007636
532000 46.191630638802 44.1752538624737 43.8918861864516 134.258770687727
533000 46.2929366052788 44.24833573056 43.9517657753181 134.493038111157
534000 46.3771036268218 44.3210568313917 44.0463203128809 134.744480771094
535000 46.3994175919567 44.3973744998671 44.1387283076942 134.935520399518
536000 46.5123398962859 44.4830190128243 44.2253388988713 135.220697807981
537000 46.5909735626924 44.5959234343456 44.2540900143589 135.440987011397
538000 46.6388861604423 44.6613760204095 44.3205270278411 135.620789208693
539000 46.7350656994773 44.7308123723402 44.4236407844511 135.889518856269
540000 46.8150237380567 44.8001047855107 44.4780059571136 136.093134480681
541000 46.9469119122787 44.8899532371276 44.54606995807 136.382935107476
542000 47.0048094998084 44.9990168781341 44.6570074588286 136.660833836771
543000 47.0776079396193 45.0678652114661 44.7463360724356 136.891809223521
544000 47.1921402670118 45.1618764710831 44.8138927994378 137.167909537533
545000 47.2520546505673 45.1843838505007 44.8952391626219 137.33167766369
546000 47.3605142697941 45.2826092817516 44.9594550576112 137.602578609157
547000 47.460634433408 45.3569912952043 45.0353114152507 137.852937143863
548000 47.5165575517074 45.4263251098556 45.132701226394 138.075583887957
549000 47.579591265447 45.4413209852736 45.186655229271 138.207567479992
550000 47.6569213317759 45.5112742767524 45.241816116366 138.410011724894
551000 47.7789811897599 45.594662498831 45.2966455035293 138.67028919212
552000 47.8103003674222 45.6720390415071 45.4160512843221 138.898390693251
553000 47.8932377816791 45.7622640519458 45.5032769809854 139.15877881461
554000 47.9742640607238 45.8410135988102 45.5979901429266 139.413267802461
555000 47.9959532808419 45.9099607900668 45.6758443324412 139.58175840335
556000 48.1280243106835 46.0148796925988 45.7548976346422 139.897801637925
557000 48.1784106590358 46.1029765735688 45.8088344125851 140.09022164519
558000 48.2647570555077 46.1481557098555 45.8752019834664 140.28811474883
559000 48.3666027375676 46.2205259403064 45.8992127642948 140.486341442169
560000 48.4707977132954 46.2810575576092 46.0146381649538 140.766493435858
561000 48.5160117864893 46.4130835356026 46.1019030928534 141.030998414945
562000 48.5875525530877 46.4554108615111 46.1785689598772 141.221532374476
563000 48.6688461397698 46.5450192335493 46.2507346800166 141.464600053336
564000 48.7652379053164 46.5774589593122 46.352364608811 141.69506147344
565000 48.8713439899601 46.6747069632572 46.403071834949 141.949122788166
566000 48.9667531242183 46.7735860462922 46.4660255501366 142.206364720647
567000 49.0292423680562 46.8496105841791 46.537923758432 142.416776710667
568000 49.1214909492317 46.9571517565491 46.6433900117374 142.722032717518
569000 49.1892777101079 47.0343434310647 46.7298047978998 142.953425939072
570000 49.286860648256 47.0882676803003 46.8021879332278 143.177316261784
571000 49.383764208326 47.2024506628521 46.9192957568684 143.505510628047
572000 49.4813600731072 47.2284931275713 47.0325580955716 143.74241129625
573000 49.5780590214792 47.3640033303274 47.1475198934475 144.089582245254
574000 49.6496141979945 47.4222510865433 47.2169811285935 144.288846413131
575000 49.7264905861351 47.4857011974514 47.2343319228379 144.446523706424
576000 49.7766958833097 47.559381505242 47.323117403256 144.659194791808
577000 49.8535571516699 47.5760760636324 47.4357479062793 144.865381121582
578000 49.9651024507957 47.6357198280549 47.5029048569335 145.103727135784
579000 50.0352292702596 47.7371642375472 47.6121310450593 145.384524552866
580000 50.1512242140783 47.8466498112899 47.6677319704722 145.66560599584
581000 50.2032116145465 47.8832211871287 47.7707004536809 145.857133255356
582000 50.2745095076691 48.0008543123672 47.8142135160152 146.089577336051
583000 50.3326078797286 48.0840782931049 47.8934782404185 146.310164413252
584000 50.4180598670499 48.1694285342175 47.9770406041201 146.564529005387
585000 50.5239802981671 48.2802732465355 48.077888760064 146.882142304767
586000 50.5724387562031 48.3745973936965 48.1524977970093 147.099533946909
587000 50.689255635178 48.4056971440059 48.2119370338868 147.306889813071
588000 50.7470558773447 48.5062026909384 48.2866748060078 147.539933374291
589000 50.8222421528614 48.5649312777678 48.3795285069001 147.766701937529
590000 50.9198637021816 48.6361606403492 48.4249992168085 147.981023559339
591000 51.0050185054863 48.7183720851624 48.4803141114691 148.203704702118
592000 51.1269002033729 48.8368267880849 48.574520541657 148.538247533115
593000 51.1548071472223 48.8664466590308 48.6525051010397 148.673758907293
594000 51.2373396584718 48.8884779355097 48.7388936836478 148.864711277629
595000 51.356668737541 48.9422000982832 48.8150923534156 149.11396118924
596000 51.4232026894251 49.0611938853597 48.8947771974683 149.379173772253
597000 51.5038509675739 49.1388830603908 48.9566607608141 149.599394788779
598000 51.5670582197975 49.2610036965719 49.0291592306096 149.857221146979
599000 51.7004698800556 49.3320985695908 49.11872911746 150.151297567106
600000 51.7637729216438 49.3877691928309 49.1770645376276 150.328606652102
601000 51.8579300549854 49.4562689073165 49.2511783580338 150.565377320336
602000 51.9830753095025 49.5636215584656 49.2917185471927 150.838415415161
603000 52.0554190449753 49.653239551051 49.4047440816315 151.113402677658
604000 52.1183119358875 49.7629121743956 49.5039750472967 151.38519915758
605000 52.2118540674714 49.8366325126984 49.615878362342 151.664364942512
606000 52.3165444146337 49.8751247516372 49.6487490211628 151.840418187434
607000 52.3844935869809 49.946651402236 49.7368534894592 152.067998478676
608000 52.4553925061403 50.0344342081002 49.8500764423443 152.339903156585
609000 52.5180578344455 50.0981526966156 49.9265528338756 152.542763364937
610000 52.6129925924227 50.1752694052085 50.0055978064521 152.793859804083
611000 52.6864053275305 50.2627805657297 50.0840198611868 153.033205754447
612000 52.7638017143858 50.3397255043524 50.1684202869641 153.271947505702
613000 52.8239994663398 50.4338571030138 50.284367913674 153.542224483028
614000 52.929283730333 50.5323081465407 50.4099740348016 153.871565911675
615000 53.0111398162656 50.5961343342393 50.4180401492854 154.02531429979
616000 53.1092880173561 50.6756759370675 50.5062688678116 154.291232822235
617000 53.1702807683207 50.7661149088756 50.6132206996618 154.549616376858
618000 53.2750599321635 50.8031189842427 50.7117755931514 154.789954509558
619000 53.3989864533441 50.8407352882425 50.7731082853031 155.01283002689
620000 53.464089494948 50.9723095451756 50.8664100250643 155.302809065188
621000 53.5748294511544 51.0468582518207 50.9043818711092 155.526069574084
622000 53.6504766187127 51.1123297832059 50.9662859492629 155.729092351182
623000 53.7135354637618 51.1995106208804 51.0422989075036 155.955344992146
624000 53.8359188553392 51.3011934464259 51.1210877433554 156.25820004512
625000 53.8726550520726 51.3439357888491 51.1779291799885 156.39452002091
626000 53.9771256063411 51.4276154668743 51.2476491967827 156.652390269998
627000 54.0652453014603 51.4862274896811 51.317457517716 156.868930308857
628000 54.1509096639169 51.5541207555488 51.454911466346 157.159941885812
629000 54.1974243400538 51.6452178423733 51.5212418249686 157.363884007396
630000 54.3341548366496 51.734370444065 51.6101361484841 157.678661429199
631000 54.3802495193736 51.8048048935514 51.6480618343009 157.833116247226
632000 54.4562094011283 51.9190924804846 51.7621689725463 158.137470854159
633000 54.5353462967831 52.0536092312348 51.8080184051006 158.396973933118
634000 54.6411527447036 52.081768397286 51.8663479333261 158.589269075316
635000 54.7261381018628 52.2126545870839 51.9624981336082 158.901290822555
636000 54.7862983472085 52.2659097100149 52.0446155816179 159.096823638841
637000 54.8706728914022 52.3330093074784 52.1007340140144 159.304416212895
638000 54.9400519727749 52.3828095338999 52.176634413435 159.49949592011
639000 55.0171579605683 52.490259765761 52.2842829786639 159.791700704993
640000 55.1027112624846 52.5705581353117 52.3675198857022 160.040789283499
641000 55.1936351956085 52.6333793027907 52.4315692724239 160.258583770823
642000 55.2596309566061 52.7200207987933 52.4579488962661 160.437600651665
643000 55.3710453654545 52.8376778494029 52.5935260351927 160.80224925005
644000 55.4526016702738 52.8991196463221 52.6399291984678 160.991650515064
645000 55.5038373117338 53.0117354967163 52.711546394357 161.227119202807
646000 55.6002479277068 53.0347311687685 52.7927463493728 161.427725445848
647000 55.6631690054381 53.1194038423927 52.8479752790172 161.630548126848
648000 55.7554727334304 53.1840651467455 52.9295527805806 161.869090660756
649000 55.8367270848364 53.2579471075091 52.9808439509808 162.075518143326
650000 55.9443477737739 53.3235131766283 53.0411286956634 162.308989646066
651000 56.0411690101031 53.3976510048265 53.1499802949431 162.588800309873
652000 56.1823733893878 53.4989802641849 53.2346503952205 162.916004048793
653000 56.2638171546542 53.5618159411692 53.3068930963187 163.132526192142
654000 56.3623175990962 53.6547684216608 53.3610002951276 163.378086315885
655000 56.3963464203875 53.7530868510179 53.4665338949098 163.615967166315
656000 56.5004418632308 53.8415255234821 53.5090367026297 163.851004089342
657000 56.5893957190229 53.9437192941418 53.6508015787439 164.183916591909
658000 56.6744108313573 54.0157573930712 53.7375966526816 164.42776487711
659000 56.7417908157326 54.1023690511885 53.8155304972814 164.659690364203
660000 56.8458703479285 54.1512090711689 53.8921954580106 164.889274877108
661000 56.9124570702439 54.2522952308862 53.9593064476901 165.12405874882
662000 56.9880861109514 54.3215793523987 54.0352476406307 165.344913103981
663000 57.0984135454615 54.3996507497505 54.1346024684299 165.632666763642
664000 57.1789919442493 54.4565579802131 54.20460698892 165.840156913382
665000 57.2561850214357 54.5613202832632 54.2549639973012 166.072469302
666000 57.3305923521625 54.6447806393573 54.3442959341469 166.319668925667
667000 57.4165895978016 54.6595652469328 54.4096696944356 166.48582453917
668000 57.4966715864417 54.7634448581882 54.5471317435888 166.807248188219
669000 57.6115111534388 54.8757998285719 54.6072177748417 167.094528756852
670000 57.6673021522564 54.9173786961222 54.6873892683593 167.272070116738
671000 57.7390110833614 54.9840311396708 54.7761611450887 167.499203368121
672000 57.8335603437361 55.0307150039779 54.8464562319886 167.710731579703
673000 57.8921673900347 55.0883247341578 54.9153685636903 167.895860687883
674000 57.9653369569582 55.1739434792479 55.0076649512348 168.146945387441
675000 58.0448858800291 55.2459524497427 55.0688616873039 168.359700017076
676000 58.1479734398898 55.3457639822522 55.1691812735939 168.662918695736
677000 58.2336970831923 55.4101542655192 55.2788667131285 168.92271806184
678000 58.3308900297916 55.4938417438539 55.3640876584079 169.188819432053
679000 58.4518616564166 55.5509664077743 55.415574004834 169.418402069025
680000 58.5022945583085 55.6382258113625 55.4792936316584 169.619814001329
681000 58.6371566620618 55.6870233831832 55.5450761165557 169.869256161801
682000 58.7035252249173 55.7694746050853 55.618940286305 170.091940116308
683000 58.7840751776071 55.7933283470393 55.6572335986376 170.234637123284
684000 58.8842077358694 55.9058379266105 55.7415151349037 170.531560797384
685000 58.9469118248173 55.973604470236 55.8301887969479 170.750705092001
686000 59.068072937745 56.0695327566861 55.8857414308539 171.023347125285
687000 59.1541220181586 56.1431514716894 55.9441613675583 171.241434857406
688000 59.228854832889 56.254264168266 55.9962032919879 171.479322293143
689000 59.282866329152 56.3019616281102 56.0725014932747 171.657329450537
690000 59.3514206104863 56.4063292650711 56.1544394236768 171.912189299234
691000 59.4167425281613 56.4555299315192 56.2346091989205 172.106881658601
692000 59.558604858561 56.4770872883173 56.2999961325643 172.335688279443
693000 59.6505348395553 56.6181551260447 56.4041547483163 172.672844713916
694000 59.6961711883683 56.6469641695875 56.4761590885781 172.819294446534
695000 59.7658187230446 56.7571276435414 56.5599936698225 173.082940036408
696000 59.8363449507301 56.8557438616888 56.6652840169059 173.357372829325
697000 59.8782085298572 56.9231732441512 56.7355091100314 173.53689088404
698000 59.9612978252279 56.9790698434618 56.8089116333867 173.749279302076
699000 60.1101717553377 57.103887210926 56.8650024434953 174.079061409759
700000 60.1698476628008 57.1766651749087 56.9152171613774 174.261729999087
701000 60.2685536474268 57.2800210271291 57.0312789050919 174.579853579648
702000 60.3333868567176 57.3614935542822 57.1133251130385 174.808205524038
703000 60.4320065837789 57.4499747790484 57.2146836437883 175.096665006616
704000 60.5391480979203 57.5152554925049 57.2807948857426 175.335198476168
705000 60.6577728429826 57.5581165613309 57.342096845387 175.5579862497
706000 60.7416258893145 57.6888778006178 57.424357781675 175.854861471607
707000 60.7893646344387 57.7353956661746 57.521437984315 176.046198284928
708000 60.8935841349677 57.7983525786549 57.6148131157078 176.30674982933
709000 60.9365258867634 57.8753797128519 57.6561453372407 176.468050936856
710000 61.0507439109381 57.9274634206863 57.7604265601311 176.738633891756
711000 61.0964193792988 58.0313279302521 57.8265018864396 176.954249195991
712000 61.1332448399762 58.1315019738307 57.8974011294474 177.162147943254
713000 61.2203244689363 58.2183759404583 57.9581855652535 177.396885974648
714000 61.2610193092501 58.2973679540581 58.0451437680668 177.603531031375
715000 61.3068090260631 58.3387611743243 58.1421975752838 177.787767775671
716000 61.399164352421 58.4100297356889 58.2008365328364 178.010030620946
717000 61.5081394516516 58.5462234574535 58.2734739487994 178.327836857904
718000 61.6176487751997 58.6104654956617 58.3421066705566 178.570220941418
719000 61.6869883675621 58.6706221090378 58.4352160671659 178.792826543766
720000 61.7650488991506 58.7597815911481 58.5087484648133 179.033578955112
721000 61.8843305086606 58.8273075100475 58.5811898971615 179.29282791587
722000 62.0133340244339 58.9028755483536 58.6498229994136 179.566032572201
723000 62.0710514997685 58.9746765674387 58.756584202561 179.802312269768
724000 62.117247645734 59.0320946680255 58.7900261888853 179.939368502645
725000 62.2274483343236 59.1546516017768 58.8530353148355 180.235135250936
726000 62.2379068703269 59.1757474594288 58.9057207231439 180.3193750529
727000 62.3581547709307 59.2489929523967 58.9977878027574 180.604935526085
728000 62.4111589475816 59.2693778639849 59.0679604458168 180.748497257383
729000 62.4560057937663 59.3764711073312 59.1119006411606 180.944377542258
730000 62.5798407851553 59.4185960513003 59.1850218750546 181.18345871151
731000 62.6338966929784 59.5191675675395 59.2770567658506 181.430121026368
732000 62.7227974745552 59.5754020100755 59.3424553149827 181.640654799613
733000 62.7922808724921 59.6738981536025 59.3798918900413 181.846070916136
734000 62.8543584285791 59.7518817245659 59.4857005051601 182.091940658305
735000 62.9035065879729 59.8020863310618 59.5191627847039 182.224755703739
736000 62.985249293016 59.8957486271156 59.5947506710837 182.475748591215
737000 63.0653826224048 59.9580356197148 59.703176605263 182.726594847383
738000 63.0904834257557 60.0047346627522 59.7709065407921 182.8661246293
739000 63.1765155004281 60.0513324531269 59.8710129318366 183.098860885392
740000 63.244237147365 60.138850578119 59.9173292172397 183.300416942724
741000 63.3170239351404 60.2008893144434 60.0331959985869 183.551109248171
742000 63.438015312364 60.2845160705724 60.0825765818403 183.805107964777
743000 63.5208865839008 60.3562450387812 60.2324567204386 184.109588343121
744000 63.6189695069808 60.4095207309092 60.2712971177026 184.299787355593
745000 63.6795330976499 60.5058174146426 60.3332932968133 184.518643809106
746000 63.7928986263393 60.5804774108995 60.38572212544 184.759098162679
747000 63.8571663003505 60.6509435334991 60.4450312986032 184.953141132453
748000 63.9228780776283 60.6816148878557 60.5070568544427 185.111549819927
749000 64.0327197813243 60.8231300580273 60.6110950025938 185.466944841945
750000 64.1291001525064 60.8566989165458 60.7179912010014 185.703790270054
751000 64.234277654336 60.9401266229274 60.8233839372468 185.99778821451
752000 64.2958534145256 60.9537576971732 60.8966449921611 186.14625610386
753000 64.3569031406347 61.0584984343572 60.9509747470778 186.36637632207
754000 64.4470897875796 61.182994247351 61.004732194013 186.634816228944
755000 64.5125317460465 61.2634209589463 61.0928842206126 186.868836925605
756000 64.5767396839846 61.3177916346103 61.1941574555495 187.088688774144
757000 64.6469551582295 61.3826330351653 61.2203406601463 187.249928853541
758000 64.7654073272214 61.502435867017 61.3282906066248 187.596133800863
759000 64.8604188931915 61.5276065964256 61.3813588478148 187.769384337432
760000 64.952147901768 61.604327572234 61.4901252894335 188.046600763436
761000 65.0007474856361 61.6843594268378 61.5392435187311 188.224350431205
762000 65.0559885665836 61.7785564132747 61.6458562920378 188.480401271896
763000 65.1787781678414 61.8085832965626 61.7393241307526 188.726685595157
764000 65.2158773601091 61.8728794199098 61.7970573758071 188.885814155826
765000 65.3190872410722 61.9984532944694 61.8695815613379 189.18712209688
766000 65.3874560601321 62.0607690224885 61.9274084683139 189.375633550934
767000 65.4354369304498 62.1591289134335 62.0140264552996 189.608592299183
768000 65.5182363955027 62.2851590525139 62.0779013422236 189.88129679024
769000 65.5810974874118 62.2976869039352 62.185453311572 190.064237702919
770000 65.6351367547148 62.3662338729028 62.2416882258847 190.243058853502
771000 65.7290020674292 62.4648799575696 62.3457148327253 190.539596857724
772000 65.8210423891183 62.574113741071 62.3599406399282 190.755096770117
773000 65.8872538181109 62.6597081522441 62.4410147584112 190.987976728766
774000 66.0113306291597 62.7834608253716 62.5533343153472 191.348125769879
775000 66.0670964111391 62.8096167677162 62.6039317367354 191.480644915591
776000 66.1139079885881 62.8862082210336 62.681198196642 191.681314406264
777000 66.1939522676545 62.9553258273305 62.7439534998253 191.89323159481
778000 66.2803569895512 63.05808316192 62.8226450321346 192.161085183606
779000 66.3945138659246 63.1252079185766 62.8984728279062 192.418194612407
780000 66.4716353750111 63.2269838354033 62.9961810707014 192.694800281116
781000 66.54377252407 63.2916704027544 63.0484762924555 192.88391921928
782000 66.6044337830831 63.3335147863992 63.1461152312311 193.084063800713
783000 66.664415802215 63.4183103273433 63.2469080905587 193.329634220117
784000 66.7236612914309 63.468088710351 63.3249062399863 193.516656241768
785000 66.8192587153396 63.5624104585579 63.4267590867192 193.808428260617
786000 66.9414899431107 63.6693930513678 63.4793596403549 194.090242634833
787000 67.0525712599855 63.7188396508452 63.5780127153623 194.349423626193
788000 67.0897147114394 63.8426928276398 63.6714175077131 194.603825046792
789000 67.1858522290307 63.9241924722141 63.6994695371828 194.809514238428
790000 67.2732090566069 64.019517468325 63.8013401144987 195.094066639431
791000 67.3287659694333 64.1027946034164 63.8887390280789 195.320299600929
792000 67.4508453744931 64.1758550484043 63.9745697071374 195.601270130035
793000 67.5160462886504 64.2378351845283 64.0216956105855 195.775577083764
794000 67.6034411449626 64.3419149262143 64.1193985883218 196.064754659499
795000 67.7007965486902 64.4332975485617 64.2013938434781 196.33548794073
796000 67.7462453368704 64.536000836943 64.2833852258401 196.565631399654
797000 67.7878440261172 64.5983585953742 64.3522810824671 196.738483703958
798000 67.8480376597976 64.6890195045546 64.443644836577 196.980702000929
799000 67.9687325661283 64.7638399718255 64.4899748815891 197.222547419543
800000 68.0511163483006 64.8334400303774 64.5659810992449 197.450537477923
801000 68.1181684103304 64.9271478451435 64.5933566445403 197.638672900014
802000 68.2075361060998 65.0222564972388 64.7394907680732 197.969283371412
803000 68.2673668701878 65.0750393311007 64.8229416235982 198.165347824887
804000 68.368806041911 65.1713766931524 64.8193737712426 198.359556506306
805000 68.3874881769402 65.2426069633855 64.9310901054528 198.561185245778
806000 68.4741480551104 65.2997678840769 65.0038375299617 198.777753469149
807000 68.5584346824805 65.4063805833884 65.0687601841307 199.03357545
808000 68.6098182062819 65.3992388798227 65.1261095917869 199.135166677891
809000 68.719965509952 65.5180630973657 65.183781083055 199.421809690373
810000 68.8253005516588 65.6061071587908 65.2774168655343 199.708824575984
811000 68.8972267726086 65.642945410327 65.3513623918562 199.891534574792
812000 68.9657887100382 65.7432137400363 65.461643078021 200.170645528095
813000 69.0275550091934 65.8307545534411 65.5583001293636 200.416609691998
814000 69.0687681223635 65.8954164248743 65.6374742562752 200.601658803513
815000 69.1172259847967 65.957602460559 65.6962590057571 200.771087451113
816000 69.1819674255762 66.0435714034653 65.8231921234053 201.048730952447
817000 69.2780814774579 66.1261050523807 65.8647813876375 201.268967917476
818000 69.3530314544968 66.2202212580678 65.9380938270057 201.51134653957
819000 69.428521623092 66.3425400146009 66.0360254910129 201.807087128706
820000 69.4610453354303 66.4149377477387 66.092978977101 201.96896206027
821000 69.5348831139847 66.4663166985708 66.1621054268264 202.163305239382
822000 69.6406537741995 66.5294088536764 66.2003471256793 202.370409753555
823000 69.7156212626733 66.6018657780871 66.2844982396265 202.601985280387
824000 69.7779440368678 66.6783690483801 66.3946716064186 202.850984691667
825000 69.8930134597216 66.6801666717203 66.4750358048734 203.048215936315
826000 70.0018051994383 66.7306306555116 66.5524843821391 203.284920237089
827000 70.0307301106484 66.7812473996676 66.6443649122598 203.456342422576
828000 70.1362781187171 66.8945040284247 66.7165877497311 203.747369896873
829000 70.2166295382927 66.9945443669284 66.8291311013521 204.040305006573
830000 70.3070095236597 67.0310602632325 66.9152972502396 204.253367037132
831000 70.3850752041471 67.1419374259519 66.9757571558724 204.502769785971
832000 70.4889521861198 67.2343431119265 67.0892129020634 204.81250820011
833000 70.5532503887529 67.3133728596527 67.150837325721 205.017460574127
834000 70.6619211577605 67.3799943551553 67.2410109762893 205.282926489205
835000 70.7377725750025 67.4242968628864 67.3348073034842 205.496876741373
836000 70.8623915439575 67.512902400527 67.4349137890816 205.810207733566
837000 70.9158799928886 67.5773820239396 67.5606885227635 206.053950539592
838000 71.0022244339805 67.6697284199882 67.5991865813261 206.271139435295
839000 71.1005592870346 67.7308459534892 67.6778415487504 206.509246789274
840000 71.1639725191647 67.846612961195 67.7582877591298 206.768873239489
841000 71.2538849737479 67.9324943999584 67.8240770244144 207.010456398121
842000 71.2999744594965 67.9634900389799 67.8925764678381 207.156040966314
843000 71.4186991580607 68.0577628336233 68.0023617477594 207.478823739443
844000 71.4718992081584 68.132936074035 68.0441863849549 207.649021667148
845000 71.5366839232453 68.2174186793748 68.099071987815 207.853174590435
846000 71.669329100391 68.2969810438083 68.1959702341411 208.16228037834
847000 71.7603936824484 68.3404012385194 68.2353301934764 208.336125114444
848000 71.773967012086 68.3954871904304 68.2896107244351 208.459064926952
849000 71.9178000853138 68.4859023678779 68.412293467924 208.815995921116
850000 71.8992778111664 68.5791747460798 68.5017442175247 208.980196774771
851000 71.999791705087 68.6752339238732 68.6434914061399 209.3185170351
852000 72.0729520109123 68.7735495700595 68.71354617506 209.560047756032
853000 72.1741134000182 68.8277078842185 68.758802604926 209.760623889163
854000 72.2987461485209 68.9440155755157 68.8969930628653 210.139754786902
855000 72.4002077971239 68.9883365632214 68.919848072321 210.308392432666
856000 72.4511447402359 69.0880239925164 69.0064018384794 210.545570571232
857000 72.5086174554425 69.0993362901208 69.0481934084511 210.656147154014
858000 72.6373437386279 69.178581528713 69.1342693375881 210.950194604929
859000 72.6923439533645 69.2522580344698 69.1919032590482 211.136505246882
860000 72.7538914091085 69.3426058505718 69.3011157856557 211.397613045336
861000 72.8555878977468 69.4377544196594 69.3763594727819 211.669701790188
862000 72.9639065175424 69.5366540549033 69.4263507624517 211.926911334897
863000 73.0765692426893 69.5486470072411 69.5249571188042 212.150173368735
864000 73.1449840580951 69.651276938065 69.629397528596 212.425658524756
865000 73.2329438164594 69.6982806065585 69.6577225219118 212.58894694493
866000 73.3744195541872 69.7732734506139 69.7123045865554 212.859997591357
867000 73.4583098702754 69.8200868467803 69.7952044044983 213.073601121554
868000 73.5725601117647 69.8758868763986 69.9333585918532 213.381805580017
869000 73.6761362288732 69.9443894686954 70.0301800147726 213.650705712341
870000 73.6927824776656 70.0300569365526 70.094912692532 213.81775210675
871000 73.8443839790399 70.1456893208309 70.1955482181561 214.185621518027
872000 73.8862052629922 70.2358884416547 70.2772724280614 214.399366132708
873000 73.9455800164721 70.3098764520116 70.3246034815108 214.580059949994
874000 74.0362398372343 70.3759565904166 70.4318650184508 214.844061446102
875000 74.0974263267443 70.4382984968197 70.5532685979725 215.088993421536
876000 74.1811666799955 70.5543925440445 70.6304891453202 215.36604836936
877000 74.2578826567472 70.6425666342262 70.7137560545813 215.614205345555
878000 74.3152396294281 70.6355571079604 70.7865307826416 215.73732752003
879000 74.3878351274126 70.7661219772915 70.8681916891781 216.022148793882
880000 74.4760384806016 70.8346231101855 70.9081286276834 216.218790218471
881000 74.5891849041347 70.8910407360993 71.0077102310992 216.487935871333
882000 74.6613697773893 70.9950067236196 71.0589558835437 216.715332384553
883000 74.7596320724034 71.0475459208069 71.1435008910129 216.950678884223
884000 74.7931651456051 71.1198719071939 71.2225718868522 217.135608939651
885000 74.8648136779661 71.2140196867786 71.293786508383 217.372619873128
886000 74.9982976449367 71.3143378376131 71.3464300202154 217.659065502765
887000 75.0311362683006 71.3280989398164 71.3938420553676 217.753077263485
888000 75.1309175749189 71.4049400063083 71.4811482587888 218.017005840016
889000 75.2556542679623 71.5076047696161 71.5949268223109 218.358185859889
890000 75.3565653782414 71.5902429334732 71.6208406228143 218.567648934529
891000 75.3956590624137 71.6523012964697 71.7264704580483 218.774430816932
892000 75.4915891389089 71.7343086840483 71.7937037796426 219.0196016026
893000 75.5099696549494 71.8228291169989 71.896816485854 219.229615257802
894000 75.6093538546883 71.8862167655083 71.9872354850632 219.48280610526
895000 75.7386580287155 71.9757137646448 72.0386273155548 219.752999108915
896000 75.7710006691345 72.0398860936549 72.1292026864057 219.940089449195
897000 75.8913500384962 72.1587427222911 72.2057354130042 220.255828173792
898000 75.9862192754991 72.264938117652 72.3227662895484 220.5739236827
899000 76.0978226034013 72.313433189805 72.4134329394873 220.824688732694
900000 76.2222553207537 72.3388555536078 72.4950338748455 221.056144749207
901000 76.3058932556674 72.4532398354793 72.5381594971903 221.297292588337
902000 76.3336454270428 72.6085063581944 72.6067087950271 221.548860580264
903000 76.3906039603724 72.7246605839734 72.6963305572275 221.811595101573
904000 76.4818325608105 72.7537619534264 72.788039742643 222.02363425688
905000 76.5632899656178 72.7970370527919 72.8949925161372 222.255319534547
906000 76.6553019550341 72.8652718939375 72.9665408410349 222.487114690007
907000 76.7471131639695 72.929803565137 73.0325734869542 222.709490216061
908000 76.8074836041712 72.9851854055745 73.1005446816476 222.893213691393
909000 76.8609611602675 73.1206324487649 73.198491133243 223.180084742275
910000 76.9220015316966 73.1416529396228 73.2205326728026 223.284187144122
911000 77.0034627131758 73.2334662154832 73.2694395594321 223.506368488091
912000 77.1201825925424 73.3167719517908 73.4150873491775 223.852041893511
913000 77.1943779057412 73.3979829691917 73.4609321537208 224.053293028654
914000 77.2867723971941 73.4888476231199 73.5667636824772 224.342383702791
915000 77.3625433646132 73.5922079932369 73.654775754574 224.609527112424
916000 77.4097936024111 73.6503211440286 73.7011819029147 224.761296649354
917000 77.4743229301251 73.7744054334247 73.8395963223103 225.08832468586
918000 77.5521924375994 73.8120391246369 73.8951723205031 225.259403882739
919000 77.647025270138 73.9238578829961 73.9522476261734 225.523130779307
920000 77.7144105329904 73.9708021479041 74.043837461257 225.729050142152
921000 77.7728962965816 74.0271270918353 74.0874088362949 225.887432224712
922000 77.8761720668672 74.1392919233464 74.1792334116881 226.194697401902
923000 77.9533845810721 74.1995701060071 74.2427502595775 226.395704946657
924000 77.9996520416304 74.3128489927953 74.2898209169764 226.602321951402
925000 78.0564111616082 74.399194401934 74.4316194273793 226.887224990921
926000 78.1176366761797 74.4895103086629 74.5081596823258 227.115306667168
927000 78.2457129227571 74.5435118903372 74.5956450455599 227.384869858654
928000 78.3451109340791 74.6220075114344 74.6443145141219 227.611432959635
929000 78.4138359718831 74.6989116492444 74.7335203055644 227.846267926692
930000 78.5203967595581 74.6823738573058 74.7806014771793 227.983372094043
931000 78.6235826298582 74.7889677186603 74.8590074742276 228.271557822746
932000 78.7079118760131 74.8738033410626 74.9102492624171 228.491964479493
933000 78.7787878571237 75.0005319033197 75.0210336920798 228.800353452523
934000 78.8530295626865 75.070068837285 75.0766525504692 228.999750950441
935000 78.8667746960852 75.1439177385014 75.1031273602438 229.11381979483
936000 78.9646474009851 75.1736523951376 75.2289489110288 229.367248707152
937000 79.0675324407172 75.3132944477936 75.2975923477846 229.678419236295
938000 79.1295930063122 75.3769701915362 75.3933113042419 229.89987450209
939000 79.178393858673 75.4331513133176 75.4465240078946 230.058069179885
940000 79.2400718262586 75.5514403393132 75.4973529927044 230.288865158276
941000 79.3518736255714 75.6705152177775 75.6234257118537 230.645814555203
942000 79.4056370454785 75.7324316310928 75.6769011498534 230.814969826425
943000 79.490196299092 75.8414403001792 75.7128847261687 231.04452132544
944000 79.5435761208778 75.9301628631624 75.8283782252048 231.302117209245
945000 79.6022890193774 75.9402388010742 75.8673001117157 231.409827932167
946000 79.6506953494581 76.0256615095877 75.9267993382017 231.603156197248
947000 79.7320553372234 76.1347789745795 75.9949936757397 231.861827987543
948000 79.794138713474 76.1894493118697 76.086577771647 232.070165796991
949000 79.8698289516826 76.2601961786668 76.1583281353208 232.28835326567
950000 79.9424358508552 76.3479775374157 76.1996867441869 232.490100132458
951000 80.0123859028173 76.4392192714135 76.3082560006068 232.759861174838
952000 80.0874838682112 76.4806973412583 76.3986955943155 232.966876803785
953000 80.1753834384898 76.5285227556606 76.4204684156719 233.124374609822
954000 80.2616801171688 76.6201069533974 76.5187250324072 233.400512102973
955000 80.3909497466953 76.7734412580186 76.6117609180619 233.776151922776
956000 80.4685183260206 76.8287285480643 76.7202108314335 234.017457705518
957000 80.5605116902153 76.9432012969739 76.8160724365941 234.319785423783
958000 80.6597343456302 76.9946951642106 76.8721151790685 234.526544688909
959000 80.7222491648007 77.0354284725978 76.9449652677876 234.702642905186
960000 80.7965097915933 77.119969017551 76.9697000927866 234.886178901931
961000 80.8703789498367 77.133933709179 77.0762678901275 235.080580549143
962000 80.9662180677713 77.2443842128044 77.1492602835937 235.359862564169
963000 80.9934709815004 77.3021706483902 77.1948698754441 235.490511505335
964000 81.0426676543247 77.405690749742 77.2621579795862 235.710516383653
965000 81.1484912457635 77.462770770369 77.3544446959794 235.965706712112
966000 81.1715546765276 77.4961380322909 77.4336741010748 236.101366809893
967000 81.2698180919362 77.5893896334198 77.5445382614511 236.403745986807
968000 81.3138699869985 77.6451602862168 77.5936667474679 236.552697020683
969000 81.4017922795428 77.7624342694998 77.6521287459342 236.816355294977
970000 81.4952455756161 77.8413432106633 77.7325512887179 237.069140074997
971000 81.5855840691875 77.928381502084 77.8452577639973 237.359223335269
972000 81.6665877234477 78.0252462500058 77.9206712527899 237.612505226243
973000 81.7412711413454 78.0676001115168 78.0097482694974 237.81861952236
974000 81.8167504945064 78.150488959079 78.1027960255165 238.070035479102
975000 81.9048061049773 78.3107713886135 78.2125278627346 238.428105356325
976000 82.0048468665071 78.3605061447267 78.2324047959229 238.597757807157
977000 82.0918385638671 78.4229879276437 78.3445830362872 238.859409527798
978000 82.2160596610532 78.4990578003789 78.3948171170959 239.109934578528
979000 82.2884682337122 78.5706337494018 78.476231387149 239.335333370263
980000 82.4139297326561 78.6444958061033 78.6138270579363 239.672252596696
981000 82.4507878374179 78.7372673445967 78.6859856274549 239.874040809469
982000 82.5284609493203 78.8348416607065 78.7313746067317 240.094677216759
983000 82.6194563680644 78.9093039379304 78.8278876497338 240.356647955729
984000 82.7099518539437 78.9542085072455 78.8894484464824 240.553608807672
985000 82.7930679932483 79.0135956273747 79.0205635437795 240.827227164402
986000 82.8729855515498 79.1414452010404 79.0702378142235 241.084668566814
987000 82.9793983848569 79.2175668306561 79.1386526775032 241.335617893016
988000 82.9885561295619 79.3271494163114 79.1795973395962 241.49530288547
989000 83.0572063603855 79.3779826095431 79.3059942622562 241.741183232185
990000 83.1093654036271 79.4532592095871 79.385404852012 241.948029465226
991000 83.1589781418956 79.5872387889347 79.4597138598123 242.205930790643
992000 83.2630787169661 79.680050484998 79.5276146795561 242.47074388152
993000 83.3894616467983 79.7880325448425 79.5701090142402 242.747603205881
994000 83.4093427306068 79.8038885123278 79.599135928467 242.812367171402
995000 83.52541130541 79.9044712323307 79.6630754744423 243.092958012183
996000 83.6134305294283 79.9875117063242 79.7399969685599 243.340939204312
997000 83.6815911990275 80.0484644155309 79.8333390110078 243.563394625566
998000 83.7404848697238 80.094825797975 79.8765222027846 243.711832870483
999000 83.8489969479124 80.2334655438426 79.9590841705825 244.041546662337
1000000 83.9008615867404 80.2864127308715 80.0294524860079 244.21672680362
1001000 83.9626987252504 80.3527709987484 80.0986479826358 244.414117706635
1002000 84.0542043214205 80.4465151665843 80.1519073589957 244.652626847001
1003000 84.1462040227472 80.5107309598213 80.2622950345315 244.9192300171
1004000 84.1520187668566 80.5670693984553 80.3175893998858 245.036677565198
1005000 84.2503361564168 80.6358521362756 80.4074601467147 245.293648439407
1006000 84.3238971292034 80.7237390204283 80.449058439761 245.496694589393
1007000 84.3878681682331 80.7416675326802 80.5469910131484 245.676526714062
1008000 84.5310208714962 80.7961898859245 80.5863811243769 245.913591881798
1009000 84.5911711792482 80.8957752629118 80.649361006772 246.136307448932
1010000 84.6711930987815 80.9565562107924 80.7497062426655 246.377455552239
1011000 84.7426366768041 81.0521642090254 80.80775760937 246.602558495199
1012000 84.8374655744806 81.0557169949069 80.8922906460917 246.785473215479
1013000 84.9981161890755 81.1465077689989 80.9690846512763 247.113708609351
1014000 85.0234969042793 81.1808102723243 81.101243446945 247.305550623549
1015000 85.0805262706583 81.2609568210978 81.1508041872356 247.492287278992
1016000 85.1346535677926 81.2819354247577 81.2205147907129 247.637103783263
1017000 85.1525992071903 81.3457265378949 81.3076732981978 247.805999043283
1018000 85.2856717106157 81.4585490611185 81.3848144277044 248.129035199439
1019000 85.3446201967968 81.5392618203038 81.475613947065 248.359495964166
1020000 85.4874506633447 81.5746375262989 81.5441084849128 248.606196674556
1021000 85.5385911799428 81.6363587487416 81.6027661523664 248.777716081051
1022000 85.6329487029518 81.7411604956202 81.7305569561977 249.10466615477
1023000 85.6775572013099 81.8305923430113 81.7845058360612 249.292655380382
1024000 85.7774060800138 81.8801545166207 81.8817109532072 249.539271549842
1025000 85.7936405480707 81.9789838963904 81.9400773015189 249.71270174598
1026000 85.8829357469114 81.9861562731217 82.0023188849233 249.871410904956
1027000 86.0048760903339 82.091104781101 82.0806222666007 250.176603138036
1028000 86.0838767716324 82.2040956023663 82.1861336879816 250.47410606198
1029000 86.1591347726221 82.2031213629282 82.2608990066226 250.623155142173
1030000 86.2442634917064 82.307565416781 82.3549455281126 250.9067744366
1031000 86.3319103343554 82.3700459421612 82.4087251300946 251.110681406611
1032000 86.455922251256 82.4545099108245 82.4847074006905 251.395139562771
1033000 86.5049439335628 82.5472128230215 82.5656358831799 251.617792639764
1034000 86.5403429383876 82.605315803418 82.5986753788922 251.744334120698
1035000 86.615130679854 82.6647161106286 82.7102379835047 251.990084773987
1036000 86.7445916274173 82.7814707247589 82.7387420602705 252.264804412447
1037000 86.8140490145403 82.8420984757228 82.8078662409974 252.464013731261
1038000 86.9295171487867 82.8848772314417 82.8662161156255 252.680610495854
1039000 86.9848717742269 82.9736361250903 82.9766858861193 252.935193785437
1040000 87.0440115295292 83.0477761806496 83.0263624454757 253.118150155655
1041000 87.0859699475561 83.1700441083369 83.1244048722408 253.380418928134
1042000 87.1695253601339 83.2213215926656 83.2141028343631 253.604949787163
1043000 87.2564075412139 83.3452562922774 83.3071526107728 253.908816444264
1044000 87.3355972201288 83.3990337593889 83.3874426958366 254.122073675354
1045000 87.4171291825245 83.4631876184457 83.4575122471467 254.337829048117
1046000 87.5206896007906 83.6007387132788 83.5146031372988 254.636031451368
1047000 87.5963102348602 83.6453824112895 83.5838704032794 254.825563049429
1048000 87.690218259883 83.7205128920176 83.6364515650828 255.047182716983
1049000 87.7955045129107 83.7565010193765 83.7286433062866 255.280648838574
1050000 87.8902814674207 83.8847908622362 83.8047578974189 255.579830227076
1051000 87.9436783517743 83.9667502163653 83.8867237034528 255.797152271592
1052000 88.0431218096879 83.9849434100652 83.9641990151728 255.992264234926
1053000 88.1025497089899 84.0133056481573 84.0398891801582 256.155744537305
1054000 88.1385222898354 84.0920581948528 84.0949845427924 256.325565027481
1055000 88.2321395429133 84.1995293621565 84.211856687276 256.643525592346
1056000 88.2810909899959 84.2551338382286 84.2651649451932 256.801389773418
1057000 88.4161585033001 84.3194735237248 84.3646849176632 257.100316944688
1058000 88.4473755987273 84.479513286906 84.4575963447732 257.384485230406
1059000 88.5214802403711 84.4886344950989 84.5379263511892 257.548041086659
1060000 88.6372950666836 84.5708002170218 84.6020080839047 257.81010336761
1061000 88.718118115193 84.6124141825359 84.6705091436077 258.001041441337
1062000 88.7832509392199 84.729643471084 84.702975553772 258.215869964076
1063000 88.8690139478033 84.7856424201764 84.7791809736333 258.433837341613
1064000 88.9383094912448 84.9291947704734 84.8391558802596 258.706660141978
1065000 89.017572174242 84.9861966944408 84.9214903969105 258.925259265593
1066000 89.0869379975968 85.0800083631428 85.0001795078762 259.167125868616
1067000 89.1714205401871 85.1427631577419 85.0978246552083 259.412008353137
1068000 89.2676996353702 85.2212050555028 85.1384175620093 259.627322252882
1069000 89.3963695102145 85.2762568145854 85.1819592149309 259.854585539731
1070000 89.419385903499 85.300364932591 85.304588363692 260.024339199782
1071000 89.4775930378469 85.378983448889 85.3467723267612 260.203348813497
1072000 89.5374450482211 85.4902635302569 85.4136242514714 260.441332829949
1073000 89.6584205366815 85.541512540435 85.5328933755849 260.732826452701
1074000 89.7591040969057 85.6117011108599 85.5776863429972 260.948491550763
1075000 89.8187016515725 85.7291303003999 85.6796315659547 261.227463517927
1076000 89.9112712870657 85.8222531726155 85.7040398289277 261.437564288609
1077000 89.9765930418384 85.8630014852619 85.7734495447919 261.613044071892
1078000 90.0297281037594 85.8838823960732 85.8347198659086 261.748330365741
1079000 90.1287881200325 85.9790678016204 85.9334911499087 262.041347071562
1080000 90.1626890701041 86.0909368378378 86.0451450106184 262.29877091856
1081000 90.2248732179336 86.1624872841164 86.146677339132 262.534037841182
1082000 90.2589011945233 86.2137460559808 86.2371932936248 262.709840544129
1083000 90.3524001274417 86.2711953667269 86.2764090322164 262.900004526385
1084000 90.4372587793866 86.3165570660121 86.3457927313561 263.099608576755
1085000 90.5439937253919 86.403316474518 86.4107183314318 263.358028531342
1086000 90.6179864809473 86.4797826228198 86.4994444489113 263.597213552678
1087000 90.7091529161007 86.5831626002784 86.6173745212152 263.909690037594
1088000 90.8140823686538 86.6823671345675 86.6579055364845 264.154355039706
1089000 90.9476268462661 86.7691252809165 86.7073507871407 264.424102914323
1090000 91.0480041089459 86.7592905832654 86.7625261242612 264.569820816473
1091000 91.1593229054155 86.8468984820716 86.8495466713171 264.855768058804
1092000 91.2472812196945 86.9583836643387 86.8982141188151 265.103879002848
1093000 91.3065617428685 87.0795635814428 87.0028671874172 265.388992511729
1094000 91.3626520414159 87.1115700561512 87.0547357832834 265.52895788085
1095000 91.4510790484363 87.2014636651418 87.128710012522 265.7812527261
1096000 91.5462537179561 87.1998416839002 87.2114925081225 265.957587909979
1097000 91.6175939747434 87.3276762739694 87.2566880968755 266.201958345588
1098000 91.6797246301973 87.3988508601809 87.3030196907054 266.381595181084
1099000 91.712012269694 87.4738462936339 87.3805608375272 266.566419400855
1100000 91.8057748402894 87.5125663703094 87.4430289877838 266.761370198383
1101000 91.9032698874808 87.5857598661084 87.5065170472608 266.99554680085
1102000 91.9551696132275 87.6486421130891 87.5978706914652 267.201682417782
1103000 91.998079980965 87.7153850668336 87.6399038114473 267.353368859246
1104000 92.0754076783617 87.7169830117508 87.7340476899051 267.526438380018
1105000 92.1632996812664 87.8046843335831 87.8074862319926 267.775470246842
1106000 92.2008217252745 87.9265222639992 87.8834532391504 268.010797228424
1107000 92.2515901188591 87.955427579221 88.0090852776136 268.216102975694
1108000 92.2954356456919 88.0029086828734 88.1170375614127 268.415381889978
1109000 92.3787086854285 88.0282914709685 88.2023617054167 268.609361861814
1110000 92.5214094866094 88.1374536499511 88.287568959399 268.94643209596
1111000 92.5066854062221 88.1923150562094 88.3370590075705 269.036059470002
1112000 92.5616471690643 88.273725741653 88.4321334233625 269.26750633408
1113000 92.6750577900827 88.3869101988943 88.5496385934518 269.611606582429
1114000 92.6754761114828 88.4625289832899 88.6208926822457 269.758897777018
1115000 92.7571454855654 88.5588416457417 88.6890089615291 270.004996092836
1116000 92.819167283096 88.6483657616492 88.7500738260125 270.217606870758
1117000 92.9128153741877 88.7184988589124 88.8384503300475 270.469764563148
1118000 92.9555164540782 88.7592043383264 88.8981169593936 270.612837751798
1119000 93.0639481613255 88.8140198014629 88.979260146813 270.857228109601
1120000 93.1122794356908 88.9019632837854 89.0409853954995 271.055228114976
1121000 93.1924117395923 89.0255175352459 89.1214084949072 271.339337769745
1122000 93.2788754430711 89.0974625705571 89.1791618697431 271.555499883371
1123000 93.3962621140537 89.170264627971 89.2638323300989 271.830359072124
1124000 93.4812500805299 89.2017750895088 89.2905507551041 271.973575925143
1125000 93.5699406973452 89.2950502355114 89.4050048501571 272.269995783014
1126000 93.6274585301334 89.3420299525155 89.4534525051963 272.422940987845
1127000 93.7298011789922 89.4429598540867 89.4900136920082 272.662774725087
1128000 93.779093930886 89.5505478136025 89.5668534414847 272.896495185973
1129000 93.8935359227766 89.59796634942 89.695151484468 273.186653756665
1130000 94.0038891594014 89.7253046497201 89.798895054236 273.528088863358
1131000 94.0779931711103 89.8241358533745 89.7980639155781 273.700192940063
1132000 94.1729841783738 89.9010509779878 89.8998919117473 273.973927068109
1133000 94.2538518427228 89.9408240162576 89.9545236110807 274.149199470061
1134000 94.2992766949109 89.9331168992887 90.0534390043651 274.285832598565
1135000 94.3741066638555 90.0542577694861 90.1360172513762 274.564381684718
1136000 94.4473928744635 90.1364064852808 90.1887995283691 274.772598888113
1137000 94.4855108669488 90.1950200011919 90.2404162116253 274.920947079766
1138000 94.5631274791341 90.3046263291144 90.2872454879975 275.154999296246
1139000 94.5749235387072 90.3635052551538 90.3845414651687 275.32297025903
1140000 94.6006085093913 90.4308567297261 90.4968599894154 275.528325228533
1141000 94.7195795421519 90.4966009421045 90.5422066289896 275.758387113246
1142000 94.7446840991204 90.5713381458611 90.5905545312446 275.906576776226
1143000 94.8338226803856 90.6470429026403 90.7313245648231 276.212190147849
1144000 94.9456465169102 90.7272763793903 90.7771266908814 276.450049587182
1145000 94.9954987111652 90.8104313104093 90.8564986037234 276.662428625298
1146000 95.0863269826574 90.8639069268729 90.9272572706498 276.87749118018
1147000 95.1996258752163 91.0034360937426 91.027654222515 277.230716191474
1148000 95.3410180951973 91.0181351558338 91.056584419012 277.415737670043
1149000 95.4096480421683 91.1037935506632 91.1200393807946 277.633480973626
1150000 95.4691784823573 91.1968088631181 91.1702427234308 277.836230068906
1151000 95.5173793784856 91.2499925862359 91.2019590899787 277.9693310547
1152000 95.5588205059919 91.2846745615526 91.2824225961839 278.125917663728
1153000 95.6240692279149 91.390550303845 91.370714240881 278.385333772641
1154000 95.671874584744 91.4852871965523 91.5254549094328 278.682616690729
1155000 95.8164827537879 91.6193389374667 91.5440871640165 278.979908855271
1156000 95.8707556213476 91.7197216928375 91.5907542819255 279.181231596111
1157000 95.9453616984799 91.8281739247021 91.6219111155516 279.395446738734
1158000 96.0277437435415 91.8396261891129 91.7291612005832 279.596531133238
1159000 96.115991144857 91.9220316319798 91.7745288882108 279.812551665048
1160000 96.2032208756522 91.9460557465453 91.8555754713243 280.004852093522
1161000 96.2830246176804 92.039400233269 91.9592457418283 280.281670592778
1162000 96.3811307900292 92.106764337768 92.0027283281621 280.490623455959
1163000 96.398059379655 92.2243026073113 92.1462299762866 280.768591963253
1164000 96.526368965101 92.3244815393459 92.1882705710162 281.039121075463
1165000 96.6464886871396 92.3867866656556 92.2446551196165 281.277930472412
1166000 96.6686688978604 92.4406479650601 92.3206649203332 281.429981783254
1167000 96.7716916396283 92.5417654092005 92.3901981223284 281.703655171157
1168000 96.785404207907 92.6521294438852 92.4755435228667 281.913077174659
1169000 96.9086635726024 92.7236002889312 92.5738334726992 282.206097334233
1170000 96.9821303253018 92.8100016882053 92.6302331055048 282.422365119012
1171000 97.0492833059132 92.8685810176115 92.6871931218835 282.605057445408
1172000 97.1790866537619 92.8955061991827 92.7645911240713 282.839183977016
1173000 97.2143264697991 92.9770861197023 92.8538254494549 283.045238038956
1174000 97.2251745317097 93.048635004857 92.9086846888296 283.182494225396
1175000 97.3036476438348 93.1609964387875 92.9941695038693 283.458813586491
1176000 97.3895652195195 93.2505472062839 93.0716466990343 283.711759124838
1177000 97.4781297214268 93.2555965245557 93.1396885025958 283.873414748578
1178000 97.6012260821114 93.3602071943963 93.2104169519507 284.171850228458
1179000 97.6194014820834 93.4628125835047 93.3118304772434 284.394044542831
1180000 97.6676512270674 93.5167637902885 93.3787387890605 284.563153806416
1181000 97.7946951567775 93.6340575138912 93.451814119036 284.880566789705
1182000 97.851786021809 93.6713117063954 93.5211072255915 285.044204953796
1183000 97.9477026694143 93.7108945431802 93.6135612931893 285.272158505784
1184000 98.0285552890864 93.8251517002669 93.682602709343 285.536309698696
1185000 98.1008984595539 93.9021333925156 93.7138566093492 285.716888461419
1186000 98.1964264975505 93.929246638019 93.8128990430369 285.938572178606
1187000 98.2119565806697 94.079035531409 93.9203845743525 286.211376686431
1188000 98.3257689854717 94.1615086675259 93.9743980558429 286.46167570884
1189000 98.421491196845 94.2749053782776 94.0653177280071 286.76171430313
1190000 98.4679178024431 94.3196874065051 94.1541142361323 286.94171944508
1191000 98.558293584636 94.37828095228 94.2564985261465 287.193073063062
1192000 98.5908738952035 94.4428633730171 94.2936692059866 287.327406474207
1193000 98.6270097942167 94.4701032642401 94.3775364013911 287.474649459848
1194000 98.7394256754287 94.5731434723145 94.4401001861609 287.752669333904
1195000 98.8394402962495 94.6217813284205 94.477567154126 287.938788778796
1196000 98.9649336489726 94.7051374700649 94.5402016272971 288.210272746335
1197000 99.057797917348 94.7972781490072 94.5783066402931 288.433382706648
1198000 99.0798099804388 94.8792440631868 94.6863098244418 288.645363868068
1199000 99.1552623985534 94.9355225151523 94.770592134396 288.861377048102
1200000 99.2341642022651 95.0081565100604 94.8605840740154 289.102904786341
1201000 99.2705705247967 95.1120637338225 94.9489952542511 289.33162951287
1202000 99.3702660307968 95.180906510584 95.0356267041125 289.586799245493
1203000 99.4747545598463 95.2904052444588 95.1206725726995 289.885832377005
1204000 99.4677637161527 95.3401023605638 95.2605291162285 290.068395192945
1205000 99.561506475486 95.4505787714353 95.2498433278986 290.26192857482
1206000 99.6438493860643 95.5350336695441 95.3183790224261 290.497262078035
1207000 99.6668500935105 95.5842180963577 95.359186772413 290.610254962281
1208000 99.7357321687288 95.6793474565265 95.4609456356654 290.876025260921
1209000 99.8105291186743 95.7381128863318 95.5108665582005 291.059508563207
1210000 99.9195866195491 95.8129129394152 95.5828299603675 291.315329519332
1211000 99.909172833323 95.8505818741186 95.6555986122674 291.415353319709
1212000 99.9939563222974 95.9641199653723 95.7281380268323 291.686214314502
1213000 100.06606696451 96.0385837430055 95.8276251647211 291.932275872237
1214000 100.161557413063 96.0597069453184 95.8606246049562 292.081888963337
1215000 100.237803073116 96.1815218220759 95.9390749811802 292.358399876373
1216000 100.313106134773 96.246154374459 95.9963728044832 292.555633313715
1217000 100.355844623676 96.3656519922447 96.0481867578132 292.769683373734
1218000 100.454152593486 96.4871498455084 96.1695259509992 293.110828389993
1219000 100.459528106544 96.5308048511773 96.236978896024 293.227311853745
1220000 100.596619579844 96.629404706659 96.2777299445665 293.50375423107
1221000 100.692932764093 96.7200086753013 96.3082242565972 293.721165695991
1222000 100.793551549187 96.7987308396226 96.3573879592876 293.949670348098
1223000 100.861895755829 96.8528689972911 96.4620870613406 294.176851814461
1224000 100.94413618677 96.8949278910356 96.5402127193127 294.379276797118
1225000 100.998046316849 96.9623971120089 96.5911724353743 294.551615864232
1226000 101.08025168989 97.0989057979201 96.7112442672247 294.890401755034
1227000 101.110769371752 97.104033563549 96.7877963015204 295.002599236821
1228000 101.194035765989 97.199092879045 96.8783280383199 295.271456683354
1229000 101.29198645765 97.262890117601 96.8809391225165 295.435815697768
1230000 101.335678284317 97.3778705625741 96.9713922955028 295.684941142394
1231000 101.460371965336 97.4328036205493 97.0129633653081 295.906138951193
1232000 101.537807992947 97.4904842517035 97.0775465012331 296.105838745884
1233000 101.60227107601 97.5867379984602 97.1829080636315 296.371917138102
1234000 101.666792241092 97.6893116283347 97.1961847779931 296.552288647419
1235000 101.690236134967 97.7479596260857 97.2829791959353 296.721174956988
1236000 101.73669986644 97.8505084388268 97.3982745312619 296.985482836529
1237000 101.861998534034 97.9086434280917 97.4460618906122 297.216703852738
1238000 101.940207701476 98.0009516546561 97.4676672642855 297.408826620418
1239000 101.98021143503 98.0765424073544 97.5103841117046 297.567137954089
1240000 102.029335607211 98.1609785523473 97.5820287657262 297.772342925284
1241000 102.11697385819 98.1973697219524 97.6641093646736 297.978452944816
1242000 102.190671833745 98.221443878914 97.7759849721689 298.188100684828
1243000 102.280765922931 98.383085310543 97.8663347743997 298.530186007874
1244000 102.403720856681 98.388055498708 97.9817167879493 298.773493143338
1245000 102.471272784522 98.4898548976574 98.0681402066309 299.029267888811
1246000 102.572073090951 98.6091762954348 98.1691535200463 299.350402906432
1247000 102.586859280791 98.7115180890862 98.1796677932783 299.478045163155
1248000 102.580498974337 98.7529107020941 98.3128551782419 299.646264854673
1249000 102.672047753024 98.8820823811133 98.3655718993299 299.919702033467
1250000 102.759361955452 98.9355613133582 98.3937873462118 300.088710615022
1251000 102.834718786059 99.0083844459917 98.5136777405046 300.356780972555
1252000 102.949543248383 99.1068273788029 98.5676926649976 300.624063292184
1253000 102.998614121705 99.1702722055961 98.6823275803378 300.851213907639
1254000 103.121477078228 99.2108037541283 98.7575209332729 301.08980176563
1255000 103.172783147327 99.3382198035247 98.8712255809638 301.382228531816
1256000 103.188029541181 99.3933104842141 98.928488330435 301.50982835583
1257000 103.263629401704 99.4386172979411 98.9612294856306 301.663476185276
1258000 103.342141856557 99.4961216862027 99.0190141625305 301.857277705291
1259000 103.46546376543 99.6062171195996 99.078836248752 302.150517133782
1260000 103.549160130671 99.6257606946414 99.1141664682323 302.289087293545
1261000 103.611503081453 99.6963593754652 99.1727941803559 302.480656637274
1262000 103.751996200674 99.7793207547467 99.2774702677442 302.808787223165
1263000 103.809626099074 99.8835533144113 99.3638434873026 303.057022900788
1264000 103.858171014955 99.9874144467841 99.3878216500028 303.233407111742
1265000 103.9789510994 100.030652571872 99.4816859430861 303.491289614358
1266000 104.069591456422 100.109165735605 99.5876574383876 303.766414630415
1267000 104.089518569897 100.225313761817 99.6504216223925 303.965253954106
1268000 104.183381897713 100.299201559016 99.7247718237854 304.207355280514
1269000 104.234575986105 100.429615422605 99.8231471799155 304.487338588626
1270000 104.353983739963 100.468014085006 99.8922567794643 304.714254604433
1271000 104.445110909571 100.520029687003 99.9781029821297 304.943243578704
1272000 104.544215151128 100.611363315367 100.062356640116 305.217935106611
1273000 104.589730101871 100.653676407937 100.128713624553 305.372120134361
1274000 104.696367916335 100.745774306358 100.143441589921 305.585583812615
1275000 104.716035326252 100.819970632012 100.241382688829 305.777388647093
1276000 104.870839847699 100.915316244262 100.304832869612 306.090988961573
1277000 104.909549881719 100.95870328308 100.369983294046 306.238236458844
1278000 104.965765098963 101.063205821005 100.371605772982 306.40057669295
1279000 105.126031978401 101.17823800528 100.412098020512 306.716368004193
1280000 105.206023874658 101.230471492678 100.499667524227 306.936162891563
1281000 105.233442739117 101.28002821104 100.538764002691 307.052234952848
1282000 105.37274871109 101.379133041717 100.580493298289 307.332375051096
1283000 105.480259379878 101.452475033568 100.661601567549 307.594335980995
1284000 105.558404088525 101.527421895193 100.765305960161 307.851131943878
1285000 105.617169630971 101.625905025954 100.797406451166 308.040481108091
1286000 105.715136568959 101.721344253399 100.940001397726 308.376482220085
1287000 105.7881270389 101.834320720029 100.973274582108 308.595722341038
1288000 105.951240205346 101.90081275821 101.096106096487 308.948159060044
1289000 106.032789874157 101.980355220775 101.171709686029 309.184854780961
1290000 106.103346747157 101.964453759854 101.275545900315 309.343346407326
1291000 106.182802981448 102.049774518614 101.291276816387 309.523854316449
1292000 106.219184613055 102.125133584603 101.386741808931 309.731060006589
1293000 106.330657224534 102.227555576933 101.514983087219 310.073195888686
1294000 106.362642890219 102.318858396272 101.569262386455 310.250763672947
1295000 106.448786155122 102.313508743302 101.693713498601 310.456008397024
1296000 106.472391883278 102.396904933362 101.705079534632 310.574376351271
1297000 106.592733720872 102.492808812615 101.788863431277 310.874405964765
1298000 106.733397605488 102.560350120243 101.824586836908 311.118334562639
1299000 106.723592491159 102.685879592152 101.941072608792 311.350544692102
1300000 106.80612422547 102.755292301501 102.00262592154 311.564042448512
1301000 106.909981718984 102.852656308357 102.004021954397 311.766659981738
1302000 106.991966390418 102.908533922323 102.133188679964 312.033688992704
1303000 107.056383998062 102.95724616996 102.185116161573 312.198746329595
1304000 107.149417962393 103.03606218462 102.264026897547 312.44950704456
1305000 107.224918997917 103.180809800779 102.323461978666 312.729190777363
1306000 107.279287401386 103.235081043164 102.436595509725 312.950963954275
1307000 107.348304627889 103.328359343732 102.554238087584 313.230902059206
1308000 107.395117342549 103.417732384167 102.661530715523 313.474380442239
1309000 107.488986035059 103.462113667039 102.681658208552 313.63275791065
1310000 107.589761804927 103.504482169994 102.771148088679 313.8653920636
1311000 107.690972824126 103.644994713434 102.852519972153 314.188487509713
1312000 107.750832311838 103.730615822047 102.943564018524 314.425012152408
1313000 107.838458434501 103.813354050185 102.969149528726 314.620962013412
1314000 107.868032896843 103.872033907394 103.091171668395 314.831238472632
1315000 107.991893974691 103.989241691954 103.172403597763 315.153539264407
1316000 108.058163664876 104.157945586548 103.246814849062 315.462924100486
1317000 108.212275656031 104.188357767956 103.32364555464 315.724278978627
1318000 108.339516789368 104.24078214603 103.354073758961 315.934372694358
1319000 108.384787210886 104.32938863449 103.427716042155 316.141891887531
1320000 108.423489195393 104.38998642014 103.501025775893 316.314501391426
1321000 108.544230781239 104.479343701851 103.625406659214 316.648981142304
1322000 108.570398439912 104.494582410467 103.648250252164 316.713231102544
1323000 108.656700672318 104.581497467477 103.705868972312 316.944067112108
1324000 108.760218442047 104.641964609203 103.77788622602 317.18006927727
1325000 108.812071902274 104.722892674151 103.894204002882 317.429168579307
1326000 108.917796984737 104.785649843195 103.941220264789 317.64466709272
1327000 108.983326687017 104.876244482374 103.984706555011 317.844277724403
1328000 109.079956176182 104.98378860195 104.016594766451 318.080339544583
1329000 109.20892013708 105.035292946295 104.128834864237 318.373047947613
1330000 109.261537046052 105.103468686026 104.167699418346 318.532705150424
1331000 109.316629483305 105.149324073283 104.23817816593 318.704131722518
1332000 109.407114640394 105.225193837702 104.248016090019 318.880324568114
1333000 109.496960513622 105.250824547465 104.402860490959 319.150645552046
1334000 109.550772954526 105.400163977206 104.451936649253 319.402873580985
1335000 109.634692416692 105.46778577347 104.440265349029 319.542743539191
1336000 109.713973414021 105.57680751762 104.503243352464 319.794024284105
1337000 109.789128654631 105.622791859496 104.575826555479 319.987747069605
1338000 109.904733483312 105.692118459665 104.68026084722 320.277112790198
1339000 109.955357489449 105.725346611715 104.763505597952 320.444209699115
1340000 110.061475029934 105.803392583236 104.787953193323 320.652820806492
1341000 110.206007080722 105.906708999498 104.870029459086 320.982745539305
1342000 110.222974856516 105.979380210968 104.964909709887 321.167264777371
1343000 110.323046212393 106.099181965538 104.98380521238 321.406033390311
1344000 110.341768876227 106.102846313268 105.072876532355 321.51749172185
1345000 110.457572967222 106.252488088214 105.066293110004 321.77635416544
1346000 110.580663922517 106.308960564722 105.079442639456 321.969067126695
1347000 110.628487431413 106.383978599062 105.202770130942 322.215236161417
1348000 110.650593078309 106.447026800901 105.256297001022 322.353916880233
1349000 110.704561247009 106.582645609515 105.324891512238 322.612098368762
1350000 110.824029482253 106.621662762448 105.405384098707 322.851076343409
1351000 110.904029874434 106.678551252724 105.463867961204 323.046449088361
1352000 110.923359793309 106.725933303877 105.513688593011 323.162981690197
1353000 110.976449110763 106.87313184381 105.597828142917 323.44740909749
1354000 111.067475342527 106.952732582395 105.65456604635 323.674773971272
1355000 111.182921170575 107.025180321991 105.741591870844 323.94969336341
1356000 111.207749722637 107.116497391071 105.756094775019 324.080341888727
1357000 111.281371622132 107.174728650876 105.881870600759 324.337970873766
1358000 111.393089963812 107.220912970456 105.989966641993 324.603969576261
1359000 111.523250484323 107.264878393689 106.056657398089 324.844786276102
1360000 111.648764658888 107.292434795885 106.121450551061 325.062650005834
1361000 111.695201630371 107.365651329423 106.165758949462 325.226611909255
1362000 111.765237121475 107.472864219926 106.314592646454 325.552693987855
1363000 111.873472384229 107.501172959266 106.407327792892 325.781973136387
1364000 111.895728109392 107.552562516044 106.428260512946 325.876551138381
1365000 111.991876536433 107.675380991478 106.507304157395 326.174561685306
1366000 112.061424773189 107.753228305463 106.492951801842 326.307604880493
1367000 112.139899109823 107.811774658667 106.576030279329 326.527704047818
1368000 112.279534015276 107.898544925983 106.693883019929 326.871961961188
1369000 112.313704998222 107.91660952597 106.700700639105 326.931015163297
1370000 112.428888140175 108.05686140987 106.786067879872 327.271817429916
1371000 112.563489465738 108.136684454607 106.90126453251 327.601438452854
1372000 112.654301006289 108.167531054964 106.947083053248 327.7689151145
1373000 112.719839554427 108.274686968581 107.03028021415 328.024806737157
1374000 112.826682534077 108.273745519502 107.077345780487 328.177773834065
1375000 112.888618312818 108.38832327068 107.166036905541 328.44297848904
1376000 112.967476214184 108.493030135917 107.263422056821 328.723928406923
1377000 113.061140763593 108.503287738493 107.314101732478 328.878530234565
1378000 113.179576849823 108.59803205572 107.396624278163 329.174233183706
1379000 113.22003974528 108.680483591271 107.462578217537 329.363101554088
1380000 113.301755586108 108.760571801753 107.563552660355 329.625880048217
1381000 113.384903378679 108.815507547908 107.643591420345 329.844002346932
1382000 113.493141715743 108.822678351602 107.793463356429 330.109283423774
1383000 113.555053921692 108.923788784099 107.827464257669 330.306306963459
1384000 113.650686888948 109.040803484471 107.922190677043 330.613681050462
1385000 113.799884877956 109.09496047504 107.98594770819 330.880793061186
1386000 113.898506854729 109.151979708005 108.104328123376 331.154814686109
1387000 114.02669281033 109.228499109688 108.169776847918 331.424968767936
1388000 114.122159901748 109.26905015529 108.25923712308 331.650447180118
1389000 114.225303582735 109.309005711127 108.318170501631 331.852479795493
1390000 114.246152213723 109.373326546695 108.415575582439 332.035054342857
1391000 114.421370263833 109.431921484603 108.504900833068 332.358192581505
1392000 114.526510688558 109.570369651675 108.525868422424 332.622748762657
1393000 114.564234248469 109.574997723453 108.573620796799 332.712852768721
1394000 114.664072707027 109.687758482626 108.643859032401 332.995690222054
1395000 114.78801963389 109.776361639998 108.733976291483 333.29835756537
1396000 114.85621942325 109.881858693219 108.755799582932 333.493877699401
1397000 114.90765817119 109.945753290885 108.811166742005 333.66457820408
1398000 114.990607157814 109.96739532898 108.909076012459 333.867078499254
1399000 115.09028166698 110.056901341899 109.026376498551 334.17355950743
1400000 115.148971080929 110.193478917178 109.069022246572 334.411472244678
1401000 115.243208491247 110.252592832984 109.098284140652 334.594085464883
1402000 115.285221978262 110.285506455527 109.169956585805 334.740685019595
1403000 115.418354200671 110.358752181015 109.282182721759 335.059289103445
1404000 115.431467880692 110.426177097355 109.323651578054 335.181296556102
1405000 115.47202125166 110.503977468257 109.436312948349 335.412311668266
1406000 115.555212340353 110.60314721976 109.440837044968 335.599196605081
1407000 115.696928629954 110.645724504505 109.510575516475 335.853228650933
1408000 115.781118332684 110.708797663606 109.593949520191 336.083865516481
1409000 115.845181354448 110.794018127113 109.683160238808 336.322359720369
1410000 115.939111037524 110.861378816494 109.767214660706 336.567704514725
1411000 115.989042753431 110.96526397872 109.860661718925 336.814968451076
1412000 116.085560655388 110.983876196412 109.960369385994 337.029806237794
1413000 116.194864065162 111.153242283078 110.033106980665 337.381213328904
1414000 116.325250104931 111.207030665784 110.100182506468 337.632463277183
1415000 116.398209619445 111.33861194524 110.154699082838 337.891520647524
1416000 116.395230771349 111.396468764343 110.219992642302 338.011692177994
1417000 116.469506040391 111.468241493335 110.346170135136 338.283917668861
1418000 116.510542709875 111.560352548492 110.401772196654 338.472667455021
1419000 116.6042014413 111.629967455362 110.441593266009 338.675762162671
1420000 116.664251793611 111.695767032226 110.488144516068 338.848163341906
1421000 116.771790184419 111.718743371565 110.580586376958 339.071119932942
1422000 116.828393629756 111.78512969468 110.657761715189 339.271285039625
1423000 116.923187681786 111.904413973623 110.764580058334 339.592181713743
1424000 116.934012326138 111.884494359641 110.816766177051 339.63527286283
1425000 117.003213130491 111.92701196929 110.861451554232 339.791676654013
1426000 117.084232525403 112.10128392299 110.93120703605 340.116723484443
1427000 117.205354280562 112.1363483747 110.999515687673 340.341218342935
1428000 117.29939538056 112.210967177886 111.028228632632 340.538591191077
1429000 117.388265618274 112.306759450351 111.147123847355 340.84214891598
1430000 117.463719520305 112.41856264214 111.306278073247 341.188560235692
1431000 117.498842366265 112.459396303094 111.333612585934 341.291851255292
1432000 117.643266590299 112.529105026402 111.402002233131 341.574373849832
1433000 117.692647878572 112.660529098804 111.473976319562 341.827153296937
1434000 117.701190438521 112.730787573018 111.577037354951 342.00901536649
1435000 117.828068164688 112.801050536403 111.672831827682 342.301950528773
1436000 117.854019411844 112.928172856418 111.753726464767 342.53591873303
1437000 117.911351001594 112.980644438358 111.792848262081 342.684843702033
1438000 117.961913563855 113.067074002337 111.894559685065 342.923547251257
1439000 118.033285055816 113.089131454365 111.951401079155 343.073817589335
1440000 118.112950140458 113.205391098007 111.980659039346 343.299000277812
1441000 118.210477533832 113.266576653692 112.068586413992 343.545640601516
1442000 118.321078836674 113.284872545996 112.165150615416 343.771101998086
1443000 118.350503031755 113.410033751958 112.242510665226 344.00304744894
1444000 118.421423181644 113.440538564653 112.30392601773 344.165887764028
1445000 118.478821363302 113.565579547873 112.404253461558 344.448654372733
1446000 118.576049273175 113.667740968563 112.446870701485 344.690660943223
1447000 118.63712576703 113.675350587221 112.539761941401 344.852238295653
1448000 118.705645438774 113.768000480335 112.608771913616 345.082417832726
1449000 118.745277697168 113.919433385401 112.695041778631 345.3597528612
1450000 118.868312609874 113.966685114056 112.710908472813 345.545906196743
1451000 118.958338726794 114.067044123477 112.802439186974 345.827822037245
1452000 119.0308389081 114.153535059355 112.880046576627 346.064420544082
1453000 119.100236943623 114.225788287249 112.945428331557 346.271453562429
1454000 119.162332219657 114.285663247598 112.972467392899 346.420462860153
1455000 119.207245037351 114.337462865205 112.977480830486 346.522188733042
1456000 119.309696617136 114.417467548132 113.003718737022 346.730882902291
1457000 119.419862441977 114.490801083202 113.122069003696 347.032732528876
1458000 119.514904801613 114.607819064187 113.190738241919 347.313462107719
1459000 119.600049126729 114.626650759579 113.301538434923 347.528238321231
1460000 119.714035551656 114.74172969332 113.38569938527 347.841464630245
1461000 119.799009330863 114.798400614207 113.523496037255 348.120905982325
1462000 119.837142761815 114.91891408556 113.565380787945 348.32143763532
1463000 119.872979909869 114.99574850918 113.633503534565 348.502231953614
1464000 119.999104402269 115.011131986265 113.6582227952 348.668459183734
1465000 120.029966791052 115.115685430712 113.770608420671 348.916260642435
1466000 120.2041767031 115.156128873154 113.812388743886 349.17269432014
1467000 120.262682223435 115.211647128606 113.833384236414 349.307713588455
1468000 120.355297288626 115.301645229008 113.907651417046 349.56459393468
1469000 120.440735949833 115.395129013356 114.038989785785 349.874854748975
1470000 120.489002116743 115.491363671878 114.093572309584 350.073938098204
1471000 120.522607265665 115.638116028665 114.117689752941 350.278413047272
1472000 120.539770676294 115.690056880684 114.247428960557 350.477256517535
1473000 120.700305657019 115.799422037734 114.279532401415 350.779260096168
1474000 120.749576454563 115.890950477839 114.347374155411 350.987901087813
1475000 120.930720758116 115.923466129406 114.424884618557 351.279071506079
1476000 120.969902462205 116.021907764798 114.511147349833 351.502957576836
1477000 121.043485520679 116.138663019478 114.605559733627 351.787708273784
1478000 121.095550912784 116.233549543165 114.61875397954 351.947854435489
1479000 121.200094979024 116.236577380494 114.727570682318 352.164243041837
1480000 121.295539481408 116.355698430643 114.794493069285 352.445730981337
1481000 121.35843197935 116.387361219841 114.898920619581 352.644713818772
1482000 121.394567982204 116.499950555837 114.860079612638 352.754598150679
1483000 121.479234043493 116.566517635604 114.915831997837 352.961583676933
1484000 121.597551125771 116.568293156023 115.020266174543 353.186110456337
1485000 121.627561781089 116.654911569937 115.104621811894 353.38709516292
1486000 121.723186034341 116.770279906539 115.240847534052 353.734313474932
1487000 121.794730940737 116.839539165708 115.270115041629 353.904385148074
1488000 121.879166113089 116.903488147838 115.342177414269 354.124831675195
1489000 121.960746953484 116.966253878979 115.429106464905 354.356107297367
1490000 122.056351027403 117.11243620889 115.478518253247 354.64730548954
1491000 122.124544531371 117.143210783656 115.599172946469 354.866928261495
1492000 122.141971962886 117.250269764646 115.690788797402 355.083030524934
1493000 122.292549602679 117.325351001142 115.768713333974 355.386613937795
1494000 122.394044077304 117.358827465175 115.861733862838 355.614605405317
1495000 122.439229434727 117.421465467962 115.945292975798 355.805987878486
1496000 122.504313667954 117.548437881026 115.989218462607 356.041970011588
1497000 122.600269564648 117.663735538386 116.124198557167 356.3882036602
1498000 122.690398690695 117.753611828879 116.132426944373 356.576437463946
1499000 122.810978232424 117.849480773295 116.228374922385 356.888833928103
1500000 122.875993570657 117.873981112542 116.240821286922 356.990795970121
1501000 122.971416378625 117.992567488117 116.299781099243 357.263764965984
1502000 123.038626491906 118.049372042063 116.3692259192 357.457224453169
1503000 123.09059682634 118.140334551494 116.423018841117 357.653950218951
1504000 123.260920968184 118.232807494349 116.513446897103 358.007175359637
1505000 123.257982942357 118.337177294876 116.604495365506 358.19965560274
1506000 123.341098254808 118.360922898284 116.68193749724 358.383958650332
1507000 123.390530211751 118.437027280041 116.790184650442 358.617742142234
1508000 123.463205501353 118.523914095791 116.859437759799 358.846557356943
1509000 123.547049514804 118.648998379621 116.988938746449 359.184986640874
1510000 123.654075589682 118.760913364889 117.068240899862 359.483229854433
1511000 123.715240066018 118.768430084223 117.098257957383 359.581928107624
1512000 123.858290028487 118.858129771609 117.167585406057 359.884005206153
1513000 123.906122024782 118.9632798208 117.230803618995 360.100205464576
1514000 124.008158764705 119.004329049784 117.339063803427 360.351551617917
1515000 124.090977701308 119.134913586392 117.441355416405 360.667246704105
1516000 124.170707141347 119.228849513334 117.501313826544 360.900870481225
1517000 124.251292669306 119.264019142655 117.539440046338 361.054751858299
1518000 124.360205839115 119.342517474769 117.616178634541 361.318901948425
1519000 124.388748343529 119.392711172865 117.680166579764 361.461626096158
1520000 124.412991335295 119.478347519469 117.714075214299 361.605414069063
1521000 124.489340171443 119.525637843903 117.835732833436 361.850710848781
1522000 124.545465467658 119.644767123342 117.928940787427 362.119173378426
1523000 124.652114390633 119.719496513105 117.974268544993 362.345879448732
1524000 124.699585669557 119.82736876009 118.047053908296 362.574008337943
1525000 124.763586720755 119.945712890768 118.129208539269 362.838508150792
1526000 124.809564060144 119.994681144475 118.27089844829 363.075143652909
1527000 124.953956440451 119.984045783724 118.330929160553 363.268931384728
1528000 125.024099502438 120.04737238532 118.439380950846 363.510852838603
1529000 125.084856962482 120.088870010047 118.516446946413 363.690173918943
1530000 125.156678867606 120.194210478484 118.612810010408 363.963699356498
1531000 125.243950968072 120.31671844852 118.659463862395 364.220133278988
1532000 125.331212012882 120.338327505642 118.773241608304 364.442781126827
1533000 125.439548505659 120.422379024568 118.850164920296 364.712092450523
1534000 125.505374319125 120.492674650172 118.920383774226 364.918432743523
1535000 125.540884826919 120.591872722899 119.030117186674 365.162874736492
1536000 125.629678725293 120.632368659735 119.072309325884 365.334356710911
1537000 125.722990817974 120.69166978987 119.155055609552 365.569716217396
1538000 125.782353269802 120.722364409677 119.274938927995 365.779656607475
1539000 125.841009538674 120.819797086366 119.352886337607 366.013692962647
1540000 125.922221575939 120.853336742374 119.387728232535 366.163286550849
1541000 125.918498404747 120.905031153183 119.446451919551 366.269981477482
1542000 126.01970480159 120.976113538809 119.468637907579 366.464456247978
1543000 126.05735664306 121.052937639613 119.574218365232 366.684512647905
1544000 126.155462181311 121.173907274557 119.677343696583 367.006713152451
1545000 126.268103904742 121.256841994654 119.696380183192 367.221326082588
1546000 126.321745968037 121.316807281126 119.752538830567 367.391092079729
1547000 126.382769619453 121.373983148047 119.804111434261 367.56086420176
1548000 126.494202154757 121.437412865172 119.85126445275 367.782879472679
1549000 126.505889698097 121.473941303833 119.917904147041 367.897735148971
1550000 126.58044804984 121.577617177801 120.005687254926 368.163752482567
1551000 126.591338619394 121.635506477374 120.112501571797 368.339346668565
1552000 126.680835073759 121.673050284784 120.187268530636 368.541153889179
1553000 126.750089407022 121.716621046385 120.29692978955 368.763640242957
1554000 126.847463715134 121.782241365387 120.304502520014 368.934207600535
1555000 126.942745152437 121.914457069163 120.371636081798 369.228838303399
1556000 127.040283318839 121.98418235253 120.447661322857 369.472126994225
1557000 127.087718423769 122.051006352561 120.541010044314 369.679734820645
1558000 127.17190607875 122.12728151286 120.649100906014 369.948288497624
1559000 127.324161590659 122.156058268232 120.736870162098 370.217090020989
1560000 127.354450538657 122.212318253524 120.740316835737 370.307085627918
1561000 127.438796638252 122.293418701742 120.859449432833 370.591664772828
1562000 127.505268982001 122.357735861921 120.937694292297 370.80069913622
1563000 127.626267088449 122.46592095562 120.966285586795 371.058473630864
1564000 127.743845879848 122.558041193262 121.014309731246 371.316196804356
1565000 127.828422203681 122.623983412059 121.098945133282 371.551350749022
1566000 127.889525226309 122.735124425519 121.124684448322 371.749334100149
1567000 127.971253913104 122.772221972772 121.192840531765 371.936316417641
1568000 128.056328892005 122.921476050016 121.339647883341 372.317452825362
1569000 128.111497541993 122.935027551741 121.412091633105 372.458616726839
1570000 128.219894888784 123.030660301172 121.469579657243 372.7201348472
1571000 128.234057797336 123.159871373388 121.521103325403 372.915032496128
1572000 128.343749727842 123.128814871282 121.58247353719 373.055038136314
1573000 128.386544963756 123.244943363856 121.696088013159 373.327576340771
1574000 128.48839365517 123.295661476392 121.783071668213 373.567126799776
1575000 128.528867788869 123.389429656403 121.82131934863 373.739616793902
1576000 128.673802159567 123.49184393466 121.878949443315 374.044595537542
1577000 128.746171723255 123.541339884249 121.932826037124 374.220337644628
1578000 128.805121711922 123.622935461551 122.04456357726 374.472620750733
1579000 128.871756180204 123.724190553073 122.139619837744 374.735566571021
1580000 128.975513056826 123.781418883306 122.236042329229 374.99297426936
1581000 129.09151590577 123.845381019493 122.278653073135 375.215549998398
1582000 129.138457026983 123.920646400278 122.349841961127 375.408945388388
1583000 129.227171798791 123.957194082862 122.397336445329 375.581702326982
1584000 129.331722522354 124.035779868484 122.529307209038 375.896809599876
1585000 129.355527359086 124.143105227806 122.640316709301 376.138949296194
1586000 129.472702518226 124.222357754498 122.683975631782 376.379035904506
1587000 129.463146474172 124.274998754625 122.720346786824 376.45849201562
1588000 129.615271178827 124.389102824247 122.762581846591 376.766955849666
1589000 129.69021169605 124.502511766898 122.866822322624 377.059545785572
1590000 129.71667833122 124.462190931885 122.944526699991 377.123395963096
1591000 129.792409870966 124.544235466461 123.084910652975 377.421555990402
1592000 129.864384254611 124.667551549037 123.145055175373 377.67699097902
1593000 129.945332214089 124.696637244256 123.193054124724 377.835023583069
1594000 129.982951871109 124.765403128963 123.266085373491 378.014440373564
1595000 130.128490083928 124.857325150669 123.385129811391 378.370945045988
1596000 130.176658682496 124.883912946048 123.432338234264 378.492909862808
1597000 130.313572370803 125.000014530825 123.545554546701 378.859141448329
1598000 130.378861411942 125.091461765895 123.67385952984 379.144182707677
1599000 130.35959191161 125.110101806574 123.709891681475 379.179585399659
1600000 130.509292608791 125.221928347322 123.81875987368 379.549980829794
1601000 130.554475019752 125.264972207053 123.883529946361 379.702977173166
1602000 130.662791150733 125.344448853306 124.016041759036 380.023281763076
1603000 130.719391706751 125.422916197753 124.076556804837 380.218864709341
1604000 130.82856637967 125.519768395823 124.079056221573 380.427390997065
1605000 130.846661948759 125.556756461084 124.199075934211 380.602494344055
1606000 130.936460295417 125.609006927123 124.202829688689 380.748296911229
1607000 131.023954427559 125.687379938972 124.252865203917 380.964199570448
1608000 131.080839624107 125.808955457664 124.33329382092 381.223088902692
1609000 131.184009526534 125.836331073089 124.409955583689 381.430296183312
1610000 131.301438558193 125.963359543107 124.474027264866 381.738825366167
1611000 131.366744068956 125.983010783133 124.563984208791 381.91373906088
1612000 131.452285526799 126.021669632669 124.635143618276 382.109098777744
1613000 131.529579753928 126.093660640478 124.697907849716 382.321148244123
1614000 131.612131162343 126.15780362786 124.797725146121 382.567659936324
1615000 131.656152525975 126.20922814015 124.883289764615 382.748670430741
1616000 131.677543113155 126.240261344465 124.896448979214 382.814253436835
1617000 131.791187658385 126.262332246535 124.994723131681 383.0482430366
1618000 131.90859665002 126.389896232552 125.056386369069 383.354879251641
1619000 131.97620947468 126.438204003584 125.126958260267 383.541371738531
1620000 132.094434714184 126.495467417775 125.204512100229 383.794414232188
1621000 132.156315286736 126.615351625381 125.365635625541 384.137302537657
1622000 132.208938034925 126.674101915362 125.381217301623 384.264257251909
1623000 132.331218583267 126.75760226917 125.394025028338 384.482845880775
1624000 132.400254962994 126.86093427628 125.451413860377 384.712603099651
1625000 132.46275540825 126.882844033059 125.555006351886 384.900605793196
1626000 132.541398010478 126.922186082323 125.629818467562 385.093402560363
1627000 132.584610652531 127.05446710633 125.656815564777 385.295893323638
1628000 132.726678957745 127.066907180741 125.713063886364 385.50665002485
1629000 132.789223556809 127.107888129138 125.853332671256 385.750444357203
1630000 132.874926930787 127.203006055716 125.887137918803 385.965070905306
1631000 132.936324795418 127.249722027251 126.01052431376 386.196571136429
1632000 133.000128216376 127.289403889886 126.028719717145 386.318251823408
1633000 133.01708767425 127.393068832765 126.088618544868 386.498775051882
1634000 133.112809690088 127.46927116177 126.172573326555 386.754654178414
1635000 133.14275969975 127.528395978628 126.310813659049 386.981969337427
1636000 133.256391946642 127.64324607832 126.304053424219 387.203691449182
1637000 133.29989669293 127.69945039304 126.388028285798 387.387375371768
1638000 133.375245685293 127.776461511199 126.438845177917 387.590552374409
1639000 133.461671322123 127.876878923655 126.500075529784 387.838625775562
1640000 133.547871581484 127.930503393905 126.612687910107 388.091062885497
1641000 133.633591034441 128.020241111035 126.728085783693 388.38191792917
1642000 133.673150522855 128.04855683492 126.771329335344 388.493036693119
1643000 133.768868540903 128.134738857312 126.756745200665 388.66035259888
1644000 133.803019217131 128.172776437866 126.823369431318 388.799165086315
1645000 133.868373921464 128.242835894236 126.930986371975 389.042196187675
1646000 133.948728396711 128.326726156985 126.969533879289 389.244988432985
1647000 134.037900476202 128.380940869101 127.056374219287 389.475215564589
1648000 134.121944476153 128.425349019646 127.196713620142 389.744007115942
1649000 134.233484320553 128.532042451223 127.252567626258 390.018094398035
1650000 134.284849092568 128.589018144532 127.335135941753 390.209003178853
1651000 134.376736799504 128.685460638393 127.408804677622 390.471002115518
1652000 134.459686750767 128.802928620768 127.479992417699 390.742607789234
1653000 134.531906108011 128.849315902652 127.563881439827 390.94510345049
1654000 134.635602138007 128.975026393797 127.614801140378 391.225429672182
1655000 134.695826360098 129.019645235787 127.676791776462 391.392263372347
1656000 134.627904784759 129.095591296325 127.688073617445 391.411569698529
1657000 134.718750952638 129.200986401464 127.785014612535 391.704751966637
1658000 134.794314363322 129.225579221561 127.877735031668 391.897628616551
1659000 134.910506945235 129.318225670581 127.948795091161 392.177527706977
1660000 135.007867427658 129.363193607922 128.022813763665 392.393874799245
1661000 135.090253191703 129.444476017776 128.019138189088 392.553867398566
1662000 135.155629415528 129.45409308284 128.113591240229 392.723313738597
1663000 135.195975760289 129.532582169578 128.216336162095 392.944894091962
1664000 135.310812446019 129.615632779538 128.286021752986 393.212466978543
1665000 135.347232196484 129.686057415214 128.396034538261 393.429324149959
1666000 135.425309220928 129.80788228347 128.426749934965 393.659941439363
1667000 135.484959632272 129.850917919855 128.519286647795 393.855164199922
1668000 135.508744810775 129.957446981873 128.609170108823 394.075361901471
1669000 135.609143193348 129.945963303219 128.649250261712 394.204356758278
1670000 135.667888232704 130.02115835437 128.753401785844 394.442448372917
1671000 135.775310265465 130.09150114814 128.739942539646 394.606753953251
1672000 135.878023767807 130.226739556496 128.868729984954 394.973493309257
1673000 135.906572575827 130.277365698757 128.969187475979 395.153125750563
1674000 136.013688398646 130.412154347923 129.064278072763 395.490120819332
1675000 136.067480581981 130.467301981733 129.1331699022 395.667952465913
1676000 136.147174737369 130.543489620995 129.185038906842 395.875703265207
1677000 136.183384148409 130.595028674207 129.303371595198 396.081784417814
1678000 136.315390501908 130.663721974541 129.411073976672 396.390186453121
1679000 136.376684078699 130.764610173363 129.451925144899 396.593219396961
1680000 136.460563023586 130.820767103803 129.518143660593 396.799473787982
1681000 136.485864024447 130.898038027151 129.576254629619 396.960156681217
1682000 136.533642967664 130.965397896508 129.642327578312 397.141368442485
1683000 136.644888582445 130.995110060418 129.747833555458 397.387832198321
1684000 136.688847032399 131.098384397449 129.807551401722 397.594782831571
1685000 136.755617278676 131.221582914757 129.844877221126 397.822077414559
1686000 136.842920322406 131.306559493442 129.960830360036 398.110310175884
1687000 136.912359610006 131.344472463233 130.038468603087 398.295300676326
1688000 137.016239687489 131.363686368614 130.099542849656 398.479468905759
1689000 137.106710018212 131.447570022191 130.208269762409 398.762549802812
1690000 137.175781600782 131.497795243381 130.280623788553 398.954200632715
1691000 137.238010202552 131.520300844481 130.34728121409 399.105592261123
1692000 137.298250728392 131.637235679488 130.430135834334 399.365622242214
1693000 137.383918162095 131.720906895754 130.500594883024 399.605419940873
1694000 137.463519865408 131.832786951909 130.554947387372 399.851254204689
1695000 137.529927163704 131.827083462306 130.687049644592 400.044060270602
1696000 137.666605278665 131.955219536796 130.738808602526 400.360633417986
1697000 137.722635234199 132.029498482085 130.786683742955 400.53881745924
1698000 137.799064018991 132.015830804876 130.823845016873 400.63873984074
1699000 137.873468188119 132.157078860359 130.972754924937 401.003301973415
1700000 137.947954138798 132.222987562722 131.026376751194 401.197318452715
1701000 138.058340676007 132.318049733003 131.039476233582 401.415866642593
1702000 138.110548997841 132.433313909062 131.140168350981 401.684031257884
1703000 138.201293393822 132.484344134313 131.254200510143 401.939838038278
1704000 138.240605791567 132.531348821491 131.300153175599 402.072107788657
1705000 138.272168663753 132.574047312996 131.422232686396 402.268448663145
1706000 138.347818696098 132.639554996092 131.488245126879 402.475618819069
1707000 138.395539120175 132.774600958837 131.586178556015 402.756318635027
1708000 138.517197798592 132.821058851903 131.681241456826 403.019498107322
1709000 138.575579853585 132.9142318958 131.751832972504 403.241644721889
1710000 138.671818063444 132.942577436942 131.802833989726 403.417229490112
1711000 138.758433687797 133.027375055327 131.910069422478 403.695878165602
1712000 138.82904928569 133.125695058569 131.915058946974 403.869803291233
1713000 138.82814920443 133.207225532638 132.013173669897 404.048548406965
1714000 138.963233727684 133.303098425453 132.059955806854 404.326287959991
1715000 138.988289794521 133.40350875918 132.154118762216 404.545917315917
1716000 139.041124003024 133.448353999057 132.178650088705 404.668128090787
1717000 139.160727795474 133.513464648133 132.267166183275 404.941358626883
1718000 139.156705893918 133.639585732237 132.335419238799 405.131710864954
1719000 139.253988928669 133.663432038709 132.36723028369 405.284651251069
1720000 139.292502747688 133.767486836018 132.490565002153 405.550554585859
1721000 139.420694179608 133.798972193968 132.580646084019 405.800312457594
1722000 139.501440481079 133.88400591746 132.705104501233 406.090550899771
1723000 139.607226905097 133.90317639497 132.738830298391 406.249233598458
1724000 139.688185134844 133.978309235335 132.765938820477 406.432433190656
1725000 139.718750775516 134.046263592248 132.836129038849 406.601143406613
1726000 139.807821414689 134.11973023942 132.931709093998 406.859260748106
1727000 139.889588098102 134.151888967647 133.006554088811 407.048031154559
1728000 139.921532215194 134.270241504662 133.136487208341 407.328260928197
1729000 140.029474457993 134.323262726984 133.203889464926 407.556626649903
1730000 140.042807026886 134.384359400026 133.271277786523 407.698444213435
1731000 140.173721562946 134.526786150672 133.355614522222 408.05612223584
1732000 140.269956045573 134.602841363333 133.417303867565 408.290101276471
1733000 140.315941859429 134.660843083427 133.454284954128 408.431069896984
1734000 140.36554568447 134.755026277053 133.484552591185 408.605124552708
1735000 140.476878225856 134.879683222912 133.560419404257 408.916980853025
1736000 140.560233019872 134.936236535354 133.603420393843 409.09988994907
1737000 140.645473484247 134.978280070946 133.680388651697 409.304142206891
1738000 140.676251944409 135.039120697965 133.760768888086 409.47614153046
1739000 140.839693839452 135.182270913255 133.827993313459 409.849958066166
1740000 140.920222189571 135.296943438326 133.831999339912 410.049164967809
1741000 141.065287730053 135.393585122003 133.995813954732 410.454686806789
1742000 141.10024585061 135.507740850654 134.02011423283 410.628100934094
1743000 141.170908642109 135.55181052957 134.10624452777 410.828963699449
1744000 141.19103427066 135.636536409442 134.180889222639 411.008459902742
1745000 141.294387488632 135.722500355077 134.281423276555 411.298311120265
1746000 141.368328857448 135.804852298168 134.380518231171 411.553699386787
1747000 141.422750309151 135.852548170203 134.39808694096 411.673385420315
1748000 141.528567986226 135.974637817826 134.55743693141 412.060642735462
1749000 141.555892661119 136.097663361775 134.601610396309 412.255166419203
1750000 141.6366403718 136.09583327448 134.646233886029 412.37870753231
1751000 141.695777820394 136.266991395748 134.741810383118 412.704579599259
1752000 141.78955970423 136.20003411271 134.757849354231 412.747443171171
1753000 141.83012953159 136.267360625724 134.870194706039 412.967684863353
1754000 141.904256224484 136.402421763804 134.948318854874 413.254996843162
1755000 141.957023031085 136.498991023417 135.026499178742 413.482513233244
1756000 142.00925279743 136.542105560908 135.039943542095 413.591301900433
1757000 142.121534104519 136.680585468233 135.129106361492 413.931225934244
1758000 142.220825726397 136.728264556735 135.148823046062 414.097913329195
1759000 142.292393491067 136.804563937645 135.299112048252 414.396069476964
1760000 142.328304924405 136.921334936668 135.311279141067 414.56091900214
1761000 142.440479724285 137.003111770163 135.404748434085 414.848339928534
1762000 142.502386492051 137.073120584811 135.417651756608 414.99315883347
1763000 142.596041977539 137.131287584542 135.544702686592 415.272032248673
1764000 142.671985360211 137.20895490315 135.622386221801 415.503326485162
1765000 142.818080571999 137.267355023324 135.739740560646 415.825176155969
1766000 142.868355172934 137.360687877267 135.815658130311 416.044701180512
1767000 142.962402966923 137.467661026526 135.803239330963 416.233303324411
1768000 142.998591733807 137.489943159921 135.882652100742 416.37118699447
1769000 143.058522826671 137.653327051948 135.93439609824 416.646245976859
1770000 143.152306311407 137.742961272165 135.981187490319 416.876455073891
1771000 143.299823914847 137.757672274705 136.082887766317 417.140383955869
1772000 143.303851078425 137.861126542001 136.16880060575 417.333778226176
1773000 143.362744050657 137.937219348688 136.241182094204 417.541145493549
1774000 143.447117204523 137.99625264337 136.353488359745 417.796858207638
1775000 143.547367747607 138.103312721279 136.356580528058 418.007260996944
1776000 143.57364441903 138.190069169878 136.490792941031 418.254506529939
1777000 143.718733631909 138.210175789761 136.579351559925 418.508260981595
1778000 143.709187652901 138.28324251346 136.678017105554 418.670447271914
1779000 143.794394571818 138.43373482893 136.754460613244 418.982590013991
1780000 143.839452025145 138.388822007093 136.793231335401 419.021505367639
1781000 143.907898458506 138.591006244486 136.911541699471 419.410446402463
1782000 143.968636491246 138.648374967316 136.920649936449 419.537661395011
1783000 144.025992153909 138.757581613985 137.042792808856 419.82636657675
1784000 144.096735094653 138.827018334003 137.112065575015 420.035819003672
1785000 144.147452618831 138.879239373738 137.172396212748 420.199088205316
1786000 144.204696419196 139.028505400945 137.277571586272 420.510773406412
1787000 144.329078280263 139.023504304706 137.346796083157 420.699378668126
1788000 144.373378126887 139.149262965062 137.419609358916 420.942250450865
1789000 144.396386431028 139.215731997611 137.431177164224 421.043295592862
1790000 144.523538146683 139.253732729426 137.531827964227 421.309098840335
1791000 144.581043009614 139.320160416053 137.601318666581 421.502522092248
1792000 144.66095599494 139.417531989704 137.672088115689 421.750576100332
1793000 144.691894823299 139.527775893272 137.739780922056 421.959451638627
1794000 144.84451844741 139.584833650909 137.763727084631 422.19307918295
1795000 144.934895691711 139.655926576192 137.810652196946 422.40147446485
1796000 145.086393032117 139.693157119818 137.887406376521 422.666956528455
1797000 145.066857042457 139.735802366766 137.966564446382 422.769223855606
1798000 145.136298828077 139.785301399917 138.032218909868 422.953819137861
1799000 145.201213421017 139.8579666229 138.121754359991 423.180934403908
1800000 145.248697418959 139.959673899374 138.163226313345 423.371597631678
1801000 145.34153741098 140.048056506356 138.305498384518 423.695092301854
1802000 145.42225345897 140.183093694425 138.320199316666 423.925546470061
1803000 145.538540093623 140.19620233681 138.437494206321 424.172236636754
1804000 145.595979569205 140.224140424844 138.469694760607 424.289814754655
1805000 145.614079691886 140.33745281032 138.598901135602 424.550433637808
1806000 145.732889803449 140.491782740033 138.700049378655 424.924721922138
1807000 145.860735388663 140.47525523094 138.814856930354 425.150847549957
1808000 145.927682591494 140.563690740456 138.847917493686 425.339290825637
1809000 146.015836386531 140.656024100085 138.986252863416 425.658113350031
1810000 146.022270491466 140.727960608233 139.069091967783 425.819323067482
1811000 146.125827246981 140.747995550416 139.09357425961 425.967397057007
1812000 146.182103463529 140.909066342307 139.168179987919 426.259349793756
1813000 146.259572082843 140.934846281325 139.20137414695 426.395792511118
1814000 146.405147291826 140.986666780417 139.313140669091 426.704954741333
1815000 146.48892467898 141.023014922198 139.370339878399 426.882279479578
1816000 146.58500046727 141.095095429656 139.401634529231 427.081730426157
1817000 146.653117885543 141.07887688391 139.493382669809 427.225377439262
1818000 146.750555585835 141.21434312685 139.553543464143 427.518442176828
1819000 146.88557978891 141.357280623432 139.635738517824 427.878598930165
1820000 146.904054849244 141.387965071703 139.728290481849 428.020310402796
1821000 146.958164960278 141.482721078394 139.789629062253 428.230515100925
1822000 147.048808122582 141.593577819987 139.860033346188 428.502419288757
1823000 147.120980839973 141.649252389454 139.923196005196 428.693429234623
1824000 147.204081139665 141.739961053255 140.070455004713 429.014497197634
1825000 147.346482228118 141.740092558039 140.020896073254 429.107470859411
1826000 147.463047977768 141.870594204281 140.19181297943 429.525455161479
1827000 147.519444432617 141.978413131137 140.242001717204 429.739859280958
1828000 147.691201705086 142.063494270826 140.253408390164 430.008104366076
1829000 147.714025166997 142.13614457401 140.348482747773 430.198652488781
1830000 147.785764916048 142.220453625096 140.439897744777 430.446116285921
1831000 147.899159840089 142.298122417676 140.459789859491 430.657072117255
1832000 147.952158819279 142.478347963553 140.575344731342 431.005851514174
1833000 148.108110124428 142.553032161411 140.598744167629 431.259886453467
1834000 148.180142989567 142.596333056828 140.650686597379 431.427162643774
1835000 148.134808485209 142.711242176125 140.732270407046 431.57832106838
1836000 148.247180410132 142.759778817455 140.797169686207 431.804128913794
1837000 148.355659794398 142.862230568912 140.851326634619 432.069216997929
1838000 148.432089720746 142.883686293 140.915590238057 432.231366251803
1839000 148.509166378109 142.954670186479 141.035396025015 432.499232589602
1840000 148.555640207288 143.048875545477 141.094777473944 432.699293226709
1841000 148.63559435526 143.084937577771 141.158664798353 432.879196731383
1842000 148.739338282736 143.095820636388 141.281358397445 433.116517316569
1843000 148.832450737939 143.220714919104 141.39193632168 433.445101978724
1844000 148.895050847058 143.303322208173 141.459928396647 433.658301451878
1845000 149.013621363398 143.39391201633 141.5663434503 433.973876830028
1846000 149.121675484831 143.500013548906 141.62544048698 434.247129520717
1847000 149.177559987918 143.542204324079 141.717162791128 434.436927103125
1848000 149.298782363002 143.618327170325 141.739873724919 434.656983258245
1849000 149.405327958605 143.683837817766 141.809684823274 434.898850599644
1850000 149.51404892856 143.741200113421 141.75404902145 435.009298063431
1851000 149.68045150515 143.836994838612 141.853799664493 435.371246008256
1852000 149.68627099525 143.896517244943 141.997124640736 435.579912880929
1853000 149.736713950485 143.989292804234 142.029557054418 435.755563809136
1854000 149.800228318244 144.063544402997 142.102023556102 435.965796277344
1855000 149.864086505916 144.14829399482 142.154659607897 436.167040108633
1856000 149.960779884377 144.207251504622 142.203984122712 436.372015511711
1857000 150.065581462494 144.349412370198 142.267417247389 436.682411080081
1858000 150.134193133866 144.379642190518 142.343411838332 436.857247162715
1859000 150.219644102785 144.417468999944 142.471294532156 437.108407634885
1860000 150.269341832487 144.522236377871 142.467729225947 437.259307436306
1861000 150.380064687108 144.605881415118 142.622248972858 437.608195075083
1862000 150.434311843212 144.677192490957 142.64163806466 437.753142398829
1863000 150.48361082471 144.767057295656 142.717484201557 437.968152321923
1864000 150.567500717321 144.857860994577 142.787567904546 438.212929616444
1865000 150.619245598791 144.908985289458 142.839489019342 438.367719907591
1866000 150.837801202353 144.969352593952 142.910570856296 438.717724652601
1867000 150.87861347546 145.037084280175 142.966103396273 438.881801151908
1868000 150.900725558911 145.117883800684 143.077521803137 439.096131162731
1869000 150.952359575865 145.203980055736 143.183827140198 439.340166771799
1870000 151.096616759273 145.305331549246 143.196806232571 439.59875454109
1871000 151.146739085578 145.381871744786 143.260249236725 439.78886006709
1872000 151.219016137194 145.470731812656 143.317965478456 440.007713428306
1873000 151.290470054985 145.499294427166 143.407979828114 440.197744310266
1874000 151.38493863865 145.590448242277 143.535356962983 440.51074384391
1875000 151.396634432973 145.709616350537 143.641081574596 440.747332358106
1876000 151.528928743423 145.793376189671 143.654624581965 440.976929515058
1877000 151.619999262947 145.868150721516 143.789654542555 441.277804527017
1878000 151.707469961111 145.906950733208 143.810238917246 441.424659611564
1879000 151.707273217921 146.006908504811 143.910227793117 441.624409515849
1880000 151.781356150867 146.036982934673 144.020873054122 441.839212139663
1881000 151.817181579142 146.116613329393 144.055888641829 441.989683550364
1882000 151.934862499115 146.187339248918 144.167243192392 442.289444940425
1883000 152.025904463029 146.194972714949 144.300600600246 442.521477778224
1884000 152.032804399445 146.297367250471 144.321044848024 442.65121649794
1885000 152.078398586477 146.415052835583 144.371480098901 442.864931520961
1886000 152.130829826086 146.427753115275 144.46600393514 443.024586876501
1887000 152.234864824984 146.514239425756 144.490646648727 443.239750899466
1888000 152.33977746057 146.483375869127 144.511587746457 443.334741076154
1889000 152.401152573663 146.603140877319 144.631702916973 443.635996367955
1890000 152.441261482918 146.62759048724 144.719829397664 443.788681367822
1891000 152.465164078213 146.744785670921 144.769113548643 443.979063297777
1892000 152.617498862627 146.848055722305 144.822865087018 444.28841967195
1893000 152.685849828817 146.957982638826 144.873009100596 444.516841568239
1894000 152.689097473604 147.026021527602 144.950792175973 444.665911177179
1895000 152.7831850568 147.119827862527 145.003717940849 444.906730860176
1896000 152.899474508008 147.184623263834 145.117662966889 445.201760738731
1897000 152.866660178197 147.251089141604 145.145074214834 445.262823534636
1898000 153.016447101914 147.343384218148 145.341556410701 445.701387730764
1899000 153.073390153752 147.455975344333 145.356352404562 445.885717902647
1900000 153.196705647833 147.483577338001 145.407387329272 446.087670315106
1901000 153.245907016766 147.574934650399 145.526803910766 446.347645577931
1902000 153.301756033376 147.618006378762 145.602872532201 446.522634944339
1903000 153.361626711001 147.695861862394 145.702381787546 446.75987036094
1904000 153.431421674718 147.83715347455 145.776313564348 447.044888713615
1905000 153.454444679288 147.893064312855 145.816539623066 447.164048615209
1906000 153.561974361507 147.960057692168 145.86095935043 447.382991404105
1907000 153.662308601085 148.047345541506 145.888602231532 447.598256374123
1908000 153.731678102853 148.152009684905 145.935113077241 447.818800864999
1909000 153.846408244804 148.263403207816 146.028280678713 448.138092131333
1910000 153.919111582449 148.2798348341 146.061201967682 448.260148384232
1911000 153.953302583262 148.343757313581 146.075939340791 448.372999237634
1912000 153.99102572744 148.434526498838 146.200888575555 448.626440801833
1913000 154.026982854973 148.5293339572 146.25777697153 448.814093783704
1914000 154.156390878499 148.560757922625 146.365157200428 449.082306001552
1915000 154.226092053673 148.669448227401 146.473721329469 449.369261610544
1916000 154.250079395061 148.773208034265 146.5566120331 449.579899462426
1917000 154.297844811396 148.837493011282 146.609207254345 449.744545077023
1918000 154.430779775564 148.930675877506 146.756335505166 450.117791158236
1919000 154.552719056378 148.995149205968 146.768689322978 450.316557585324
1920000 154.542985000455 149.091057815838 146.910014456907 450.5440572732
1921000 154.614307430895 149.183581504778 146.964092976333 450.761981912006
1922000 154.710471649075 149.200864581343 147.060772589988 450.972108820406
1923000 154.81935461715 149.275938423604 147.083808946267 451.179101987021
1924000 154.906416746543 149.362427930364 147.224822637055 451.493667313961
1925000 154.939292529523 149.440953584253 147.307211169422 451.687457283197
1926000 155.0400003355 149.607328164053 147.382201270687 452.029529770241
1927000 155.108325518079 149.657651799899 147.488213638194 452.254190956172
1928000 155.255214234262 149.67937871344 147.500164319212 452.434757266914
1929000 155.333859801147 149.727514986552 147.565726305576 452.627101093274
1930000 155.407659941583 149.800274924895 147.673055896656 452.880990763134
1931000 155.446093278326 149.886290821305 147.723224679559 453.055608779189
1932000 155.527293438135 150.022451042979 147.811955286934 453.361699768048
1933000 155.620116564454 150.087753401968 147.912516481848 453.620386448269
1934000 155.643750981881 150.114548118167 147.962498415356 453.720797515404
1935000 155.804959637225 150.23608759065 148.062779402508 454.103826630382
1936000 155.798762243164 150.309764907622 148.151463033108 454.259990183894
1937000 155.886519120548 150.36799334044 148.255673476654 454.510185937643
1938000 155.959508266421 150.398923507234 148.319097864577 454.677529638231
1939000 156.035052798179 150.45768038627 148.468951737615 454.961684922064
1940000 156.09517743046 150.545869583667 148.512381190914 455.153428205041
1941000 156.200194628983 150.582911378485 148.646846620739 455.429952628206
1942000 156.282078405341 150.706775785008 148.634690140583 455.623544330932
1943000 156.345155892393 150.779809365572 148.735505979381 455.860471237346
1944000 156.342516986981 150.859503239057 148.888675874082 456.090696100121
1945000 156.455601433953 150.891462236941 148.873395659954 456.220459330849
1946000 156.474232293851 151.016904633358 149.03126464527 456.522401572479
1947000 156.625568138399 151.056639288833 149.007832965558 456.69004039279
1948000 156.723431689907 151.136116225458 149.166377792896 457.025925708261
1949000 156.788199084711 151.233014051677 149.278381677983 457.299594814371
1950000 156.917661460999 151.227862155403 149.342102837578 457.48762645398
1951000 156.998797774917 151.356312283519 149.434087944269 457.789198002706
1952000 157.040085731916 151.385187990338 149.469612781527 457.894886503781
1953000 157.09675072011 151.423389413957 149.546617710018 458.066757844086
1954000 157.206776529571 151.51771959061 149.608347214036 458.332843334217
1955000 157.211165297055 151.538201635452 149.637502709167 458.386869641674
1956000 157.298910311885 151.59973675325 149.717880752419 458.616527817554
1957000 157.309459980901 151.694752324179 149.757165244916 458.761377549995
1958000 157.432666533594 151.843679149785 149.90725801606 459.183603699438
1959000 157.598910787442 151.874872692858 149.952119187872 459.425902668173
1960000 157.619365048631 151.913208119551 150.042577523828 459.57515069201
1961000 157.761272942178 151.942397937508 150.132355657327 459.836026537012
1962000 157.840667940382 152.01808604827 150.213527175391 460.072281164043
1963000 157.87726387175 152.100803445039 150.255890086139 460.233957402928
1964000 157.981412931723 152.165033186807 150.344945131955 460.491391250485
1965000 158.016959042328 152.26523982976 150.398317040707 460.680515912795
1966000 158.044770537747 152.296737095531 150.515074052618 460.856581685896
1967000 158.154238577847 152.384980305313 150.557032992256 461.096251875416
1968000 158.207310579248 152.385969747772 150.610846697341 461.20412702436
1969000 158.319088099561 152.52180874897 150.697716061092 461.538612909622
1970000 158.363738819771 152.551311355679 150.771466309432 461.686516484881
1971000 158.415146524978 152.687189323716 150.838958862144 461.941294710838
1972000 158.492857558507 152.742528056714 150.919625895681 462.155011510902
1973000 158.524661530582 152.78669202714 150.953353388121 462.264706945843
1974000 158.603050322245 152.899478592413 151.038673531093 462.541202445752
1975000 158.698821844765 152.948090101557 151.028900400763 462.675812347085
1976000 158.786424153308 152.971368730158 151.082575547755 462.840368431221
1977000 158.912616200801 153.11303918477 151.149668996648 463.175324382218
1978000 159.005520716678 153.228320242312 151.307694119617 463.541535078607
1979000 159.024036169735 153.313423156551 151.317541862339 463.655001188625
1980000 159.117018284772 153.350671026976 151.431336245981 463.899025557729
1981000 159.234068720174 153.424449665403 151.523931463014 464.182449848592
1982000 159.338133179823 153.538148891776 151.625531315708 464.501813387307
1983000 159.384384551805 153.656303379152 151.673331069932 464.714019000888
1984000 159.44395272891 153.662716714015 151.713030810978 464.819700253903
1985000 159.537120716173 153.711035040815 151.77741691412 465.025572671108
1986000 159.636168925154 153.795794204169 151.798285437669 465.230248566993
1987000 159.745244213844 153.895380073007 151.952948816634 465.593573103484
1988000 159.788235498404 154.005574920618 152.053227068274 465.847037487297
1989000 159.846197427283 154.013709064475 152.13478031123 465.994686802988
1990000 159.925335813286 154.024719381881 152.184896529074 466.134951724241
1991000 160.010066833774 154.166166750216 152.313625290525 466.489858874515
1992000 160.093468425029 154.221034816084 152.331457491664 466.645960732777
1993000 160.143804198664 154.314537900488 152.439317989076 466.897660088229
1994000 160.194091596344 154.341920873774 152.471807489019 467.007819959137
1995000 160.291273186329 154.432709734986 152.561126184188 467.285109105503
1996000 160.39976806367 154.526603830716 152.625767915818 467.552139810204
1997000 160.424180452604 154.613516304073 152.75475752254 467.792454279217
1998000 160.579256822637 154.758759542284 152.804131137808 468.142147502729
1999000 160.680025725927 154.819946714571 152.88423660621 468.384209046707
2000000 160.747338258816 154.904566427489 152.992513026046 468.64441771235
2001000 160.837670381835 155.028191183074 153.031269460053 468.897131024963
2002000 160.924827765893 155.0309405622 153.162132784361 469.117901112454
2003000 161.020485739208 155.142672253165 153.276736074557 469.43989406693
2004000 161.098038366431 155.19939123425 153.346846771847 469.644276372527
2005000 161.138559094407 155.245711700055 153.525397196587 469.909667991048
2006000 161.201470741286 155.310400200719 153.555547897015 470.06741883902
2007000 161.302092441206 155.373754680969 153.617059655363 470.292906777537
2008000 161.354819218232 155.459975769707 153.709557642248 470.524352630188
2009000 161.421870784228 155.555192909385 153.792500684458 470.769564378071
2010000 161.56682247478 155.538499994112 153.850591441907 470.955913910799
2011000 161.635071380363 155.640457456474 153.900403592417 471.175932429254
2012000 161.596385041131 155.767810330481 153.974229014215 471.338424385827
2013000 161.669156659296 155.813934113909 154.071300637014 471.55439141022
2014000 161.739135768805 155.917164998589 154.171250838426 471.82755160582
2015000 161.780790728516 155.958845224534 154.22171437662 471.96135032967
2016000 161.82366640016 156.097770787251 154.309873118216 472.231310305627
2017000 161.88912076648 156.102735174871 154.32158097467 472.313436916021
2018000 161.974198439602 156.179135971387 154.40042718497 472.553761595958
2019000 162.064713355386 156.136136323998 154.427740378422 472.628590057806
2020000 162.147998735857 156.237536474768 154.43599036785 472.821525578474
2021000 162.230170964095 156.335624697177 154.510454131207 473.076249792479
2022000 162.375957324298 156.417711531336 154.558416037048 473.352084892682
2023000 162.407434481394 156.525633026749 154.611310250452 473.544377758594
2024000 162.51637293402 156.507570367713 154.700665624665 473.724608926397
2025000 162.56323623515 156.542165694895 154.783064066342 473.888465996387
2026000 162.597407272816 156.548518045429 154.917186565089 474.063111883335
2027000 162.754176793842 156.66428976296 155.03519925999 474.453665816792
2028000 162.831869758987 156.689156556154 155.115085850657 474.636112165797
2029000 162.924336466137 156.677845497592 155.106702964732 474.708884928461
2030000 162.917407841984 156.76716438175 155.208654606616 474.89322683035
2031000 162.986829757323 156.801481390122 155.212763049825 475.00107419727
2032000 163.025533328199 156.919346860648 155.257746050447 475.202626239294
2033000 163.259652755906 157.004668632161 155.373493860363 475.63781524843
2034000 163.276530869113 157.035407000899 155.444730157809 475.756668027821
2035000 163.336503172552 157.049484771558 155.472881888458 475.858869832568
2036000 163.414098056904 157.116102746269 155.576351294516 476.10655209769
2037000 163.514292120447 157.233972349883 155.620123740548 476.368388210878
2038000 163.580269086159 157.30834903515 155.762543421987 476.651161543296
2039000 163.660054191884 157.334318479857 155.822151805496 476.816524477237
2040000 163.749465049536 157.351611206176 155.920868057609 477.021944313322
2041000 163.820671735237 157.490069960149 155.935798726578 477.246540421963
2042000 163.948743978522 157.580507164746 155.946329535455 477.475580678723
2043000 163.990426834965 157.664569186476 156.135453264782 477.790449286222
2044000 164.043072437696 157.761777145066 156.08552626769 477.890375850452
2045000 164.143639375428 157.848278198221 156.233370362347 478.225287935996
2046000 164.187890659802 158.00401672956 156.264299965311 478.456207354673
2047000 164.291961139383 157.983495195261 156.353325078815 478.628781413459
2048000 164.291876140519 158.052391095397 156.413128284867 478.757395520783
2049000 164.458033835931 158.099509327943 156.493865051143 479.051408215016
2050000 164.552967899669 158.150781001819 156.584947172243 479.288696073731
2051000 164.64093431698 158.2408836502 156.634563685816 479.516381652996
2052000 164.689958543504 158.321496169072 156.705445429386 479.716900141962
2053000 164.721147260056 158.418148687578 156.743105606068 479.882401553702
2054000 164.899950149079 158.399560275209 156.830373895211 480.129884319499
2055000 164.906124165452 158.551981783033 156.892542317771 480.350648266256
2056000 165.014410192218 158.599937801931 156.921431806316 480.535779800465
2057000 165.198736089838 158.586435785993 157.093532279186 480.878704155017
2058000 165.250170678332 158.694998521432 157.148647619008 481.093816818772
2059000 165.340587978206 158.752557464429 157.190759414667 481.283904857302
2060000 165.427771096851 158.861445196869 157.150086457024 481.439302750744
2061000 165.466208321181 158.888904659476 157.279663507229 481.634776487886
2062000 165.575955295792 158.992668731187 157.384147997112 481.952772024092
2063000 165.642037265256 159.00760343632 157.450934162802 482.100574864377
2064000 165.738845076371 159.146892820951 157.519487188801 482.405225086123
2065000 165.825676339338 159.233583416349 157.558257934785 482.617517690472
2066000 165.893928217167 159.294299887028 157.70446947127 482.892697575465
2067000 166.057823223428 159.354947160004 157.785847518639 483.198617902072
2068000 166.070264434829 159.397885241057 157.768172096461 483.236321772347
2069000 166.127676332251 159.513616237721 157.856205260834 483.497497830807
2070000 166.224544357605 159.603291284274 157.811947194248 483.639782836126
2071000 166.298919960941 159.667461783035 157.910252167756 483.876633911732
2072000 166.399720582829 159.758581851159 157.993574148082 484.15187658207
2073000 166.485365965639 159.873551323765 158.062538997848 484.421456287253
2074000 166.618303483907 159.919146783222 158.171259557859 484.708709824988
2075000 166.657171112865 160.027625358303 158.226650069089 484.911446540258
2076000 166.730394912261 160.081911962669 158.296193904597 485.108500779527
2077000 166.895490584774 160.142043725211 158.309055619646 485.346589929631
2078000 166.998913130253 160.214870814329 158.337476457559 485.551260402141
2079000 167.067014523386 160.25819935964 158.397884780744 485.72309866377
2080000 167.083081665561 160.35247664342 158.458969384783 485.894527693764
2081000 167.209942127615 160.442428812383 158.605790817439 486.258161757436
2082000 167.274360860437 160.417854181367 158.681998578552 486.374213620356
2083000 167.463654936595 160.47272262013 158.756065950333 486.692443507057
2084000 167.542595391513 160.518360696422 158.843412638588 486.904368726523
2085000 167.601215921397 160.615969357072 158.96482942148 487.18201469995
2086000 167.611182480141 160.643143960804 159.097948242904 487.352274683849
2087000 167.753518948489 160.720462515943 159.101052489619 487.57503395405
2088000 167.801032856013 160.729739674039 159.23708548237 487.767858012421
2089000 167.823657146463 160.810228192065 159.282939199502 487.916824538029
2090000 167.903872875219 160.937200354828 159.370392624376 488.211465854422
2091000 168.016709192532 160.976732782806 159.504597289994 488.498039265333
2092000 168.141603322358 161.021661932512 159.533272636225 488.696537891094
2093000 168.151029200086 161.105777854715 159.585842690498 488.842649745298
2094000 168.166499725667 161.199677838887 159.605466386065 488.971643950618
2095000 168.228472251675 161.307814150212 159.697884924905 489.234171326792
2096000 168.323581306074 161.338880089062 159.717432970687 489.379894365823
2097000 168.405230712837 161.454052448188 159.801072963537 489.660356124562
2098000 168.560337438079 161.457585298568 159.908241251495 489.926163988142
2099000 168.653740748814 161.555853325659 159.976615402098 490.186209476571
2100000 168.688065619881 161.616486900771 160.100147142118 490.404699662771
2101000 168.763291637481 161.710414648869 160.125072875517 490.598779161867
2102000 168.920311893302 161.71076827185 160.116284301788 490.747364466941
2103000 168.972365173026 161.804160156127 160.277414975328 491.053940304481
2104000 169.027188190755 161.85146582246 160.291563356915 491.17021737013
2105000 169.112633864484 161.935192795497 160.369491872858 491.417318532839
2106000 169.24793511457 162.010340427592 160.466581173948 491.72485671611
2107000 169.350760518688 162.036676206915 160.541680746868 491.92911747247
2108000 169.39938991995 162.165442768001 160.679102944822 492.243935632773
2109000 169.51052563428 162.223829174183 160.724290819805 492.458645628268
2110000 169.554402929215 162.310086013413 160.737529793547 492.602018736175
2111000 169.63042518126 162.425809573733 160.815274386333 492.871509141326
2112000 169.693064775899 162.447669121281 160.920865857285 493.061599754465
2113000 169.822694610731 162.593512118148 160.948925452956 493.365132181835
2114000 169.788740371063 162.657485205322 161.034268450851 493.480494027236
2115000 169.887080767033 162.675460107962 161.101564544531 493.664105419527
2116000 169.942182651143 162.795907337159 161.159955763609 493.898045751911
2117000 169.970362079441 162.880621383937 161.199784597969 494.050768061347
2118000 170.034430016381 162.951727392356 161.311482016755 494.297639425493
2119000 170.114858445889 163.086957170591 161.333864707114 494.535680323594
2120000 170.186421762824 163.11545293958 161.391030055813 494.692904758217
2121000 170.163749324052 163.216005019898 161.506829060485 494.886583404436
2122000 170.298985496955 163.294873109055 161.560533640262 495.154392246273
2123000 170.435281123787 163.390272132459 161.591169260406 495.416722516652
2124000 170.47616823761 163.429202775793 161.649957962235 495.555328975638
2125000 170.550671526023 163.490904631589 161.681456733145 495.723032890756
2126000 170.590678747634 163.599999071988 161.796973320929 495.987651140551
2127000 170.621803505342 163.693999018665 161.789720075882 496.10552259989
2128000 170.739846852818 163.739316295018 161.936725421103 496.415888568939
2129000 170.776125229418 163.840526561602 162.029317262633 496.645969053654
2130000 170.9072238237 163.928589050707 162.16051345558 496.996326329987
2131000 170.930863055008 164.013212248826 162.245397631486 497.18947293532
2132000 171.031228102773 164.100967884276 162.290829991937 497.423025978985
2133000 171.069222237627 164.130000800808 162.405003758592 497.604226797028
2134000 171.137081600222 164.187124276372 162.450471169603 497.774677046197
2135000 171.258670549089 164.310575200872 162.512111801529 498.08135755149
2136000 171.292532186572 164.345594174135 162.59573252191 498.233858882617
2137000 171.46046689389 164.365643059758 162.664382236948 498.490492190595
2138000 171.458548913495 164.462914878375 162.738561669949 498.660025461819
2139000 171.549543419524 164.540254336227 162.831706475853 498.921504231605
2140000 171.579848004044 164.619658530532 162.889417004413 499.088923538989
2141000 171.672392490754 164.691527813858 162.954992159886 499.318912464498
2142000 171.864151184072 164.778379930483 163.115484635561 499.758015750116
2143000 171.875104588128 164.890276286618 163.17894368377 499.944324558517
2144000 172.009755095352 164.968599432813 163.223971856298 500.202326384463
2145000 172.076836248517 165.120097578038 163.291617845167 500.488551671722
2146000 172.15278425854 165.167784795629 163.40617307158 500.72674212575
2147000 172.211569422168 165.255054043085 163.447043448172 500.913666913425
2148000 172.239356043621 165.346565162255 163.559169655945 501.145090861821
2149000 172.354492183113 165.426948528521 163.619718168895 501.40115888053
2150000 172.390722023227 165.493910527417 163.633765167762 501.518397718406
2151000 172.563587891554 165.548056205598 163.720341793489 501.831985890641
2152000 172.645197477895 165.636882038132 163.756842163887 502.038921679914
2153000 172.662150969143 165.642971643612 163.838828430802 502.143951043557
2154000 172.731119985129 165.758962076266 163.948704264829 502.438786326224
2155000 172.825820637737 165.838895517558 163.98723249022 502.651948645515
2156000 172.848955077497 165.899248701946 164.052601079525 502.800804858967
2157000 173.023686430121 166.000150625389 164.15686838079 503.180705436299
2158000 173.064783820028 166.087284740336 164.186787807242 503.338856367605
2159000 173.109566263121 166.079854300326 164.328130440124 503.517551003571
2160000 173.194226274989 166.167023714061 164.322937324473 503.684187313522
2161000 173.15993745622 166.210678609594 164.38229350883 503.752909574644
2162000 173.307374658081 166.289549223999 164.384403243812 503.981327125893
2163000 173.412759455161 166.363405175801 164.471941688196 504.248106319158
2164000 173.51852207051 166.486174240885 164.536189325512 504.540885636907
2165000 173.601337242148 166.546557803611 164.58556801989 504.733463065649
2166000 173.676318584708 166.538281152091 164.653452587513 504.868052324312
2167000 173.750057832489 166.63787540234 164.688050613109 505.075983847938
2168000 173.779957540865 166.732430882109 164.843471413166 505.355859836141
2169000 173.846369514981 166.793322701288 164.914060620368 505.553752836637
2170000 173.875350057977 166.923807664171 165.014892390368 505.814050112516
2171000 174.01423867697 166.951705076131 165.098065650664 506.064009403765
2172000 174.086377754213 167.048325618126 165.149060933659 506.283764305999
2173000 174.154500446273 167.116082425364 165.21045664959 506.481039521228
2174000 174.21620859281 167.186064821564 165.310514095172 506.712787509545
2175000 174.322707881288 167.320481942722 165.2998546415 506.943044465511
2176000 174.346571939902 167.38578003041 165.421065691582 507.153417661893
2177000 174.480937788437 167.408461590433 165.532719500124 507.422118878994
2178000 174.587366462809 167.389504314998 165.610647531746 507.587518309552
2179000 174.701891786113 167.512742152543 165.602555173224 507.817189111879
2180000 174.676158551676 167.575738566952 165.687369181469 507.939266300097
2181000 174.838423905621 167.642660333706 165.772631252713 508.25371549204
2182000 174.857769902527 167.672745327847 165.877747691713 508.408262922087
2183000 174.96613724632 167.82198930895 165.951009504203 508.739136059474
2184000 175.042552783402 167.869611618006 166.030678202641 508.942842604049
2185000 175.091572475158 167.869154781817 166.029537285658 508.990264542633
2186000 175.174469579327 167.912100756146 166.147858031446 509.234428366919
2187000 175.285254788951 168.036010962305 166.168698038701 509.489963789958
2188000 175.377836062002 168.180770272477 166.260183009172 509.818789343651
2189000 175.43221902365 168.182476338187 166.287277298865 509.901972660701
2190000 175.516142279373 168.249449241661 166.388551390545 510.154142911579
2191000 175.538709055259 168.294356511678 166.485061104177 510.318126671113
2192000 175.568583570001 168.384779551523 166.524609485306 510.47797260683
2193000 175.625588170275 168.428514477608 166.613199622371 510.667302270255
2194000 175.675068715921 168.450749222095 166.725450079825 510.85126801784
2195000 175.786546124413 168.515718433335 166.748754685023 511.051019242771
2196000 175.820134914383 168.533838358938 166.827768455585 511.181741728906
2197000 175.814036996499 168.657300596602 166.84175061785 511.313088210952
2198000 175.968948531683 168.771409321731 166.958412876355 511.698770729768
2199000 176.031220187925 168.842314235755 166.978831933655 511.852366357335
2200000 176.12815421148 168.832409283626 167.039151039287 511.999714534392
2201000 176.226171305081 168.873359674559 167.071924594894 512.171455574534
2202000 176.25900579386 169.00433315553 167.154457152926 512.417796102317
2203000 176.38884176295 169.079753789074 167.171614867261 512.640210419284
2204000 176.497016779869 169.156574123395 167.283191143559 512.936782046823
2205000 176.578799200421 169.172522536766 167.381022616948 513.132344354135
2206000 176.582648552876 169.276875601266 167.434647879792 513.294172033934
2207000 176.678424158553 169.305173802559 167.502705515663 513.486303476775
2208000 176.769115653903 169.396268416502 167.593690476196 513.759074546601
2209000 176.810914018326 169.472371633565 167.620616189233 513.903901841124
2210000 176.969256881821 169.520870996432 167.689031653784 514.179159532037
2211000 176.964637078864 169.550421955068 167.793627659975 514.308686693907
2212000 177.083452033904 169.664597772714 167.92516461837 514.673214424988
2213000 177.104919024703 169.639829455459 168.028593064667 514.77334154483
2214000 177.221008108029 169.809425405953 168.088234630528 515.11866814451
2215000 177.349805185956 169.858079461299 168.116892388968 515.324777036224
2216000 177.41811034154 169.882432309208 168.179506771675 515.480049422423
2217000 177.488652473754 169.969940383798 168.213851522099 515.672444379652
2218000 177.568658122974 170.051072566561 168.295345568923 515.915076258459
2219000 177.662436988641 170.127981451165 168.386351919174 516.17677035898
2220000 177.810489702483 170.233242496804 168.498121541699 516.541853740986
2221000 177.891595361129 170.211094408006 168.522910254193 516.625600023328
2222000 177.956767990934 170.244848703328 168.556175654431 516.757792348693
2223000 178.134068249604 170.333625803237 168.616509874516 517.084203927356
2224000 178.236036352645 170.402779821533 168.641043728369 517.279859902547
2225000 178.343725172385 170.531413642424 168.698792322868 517.573931137677
2226000 178.458785725269 170.579931269417 168.815523071756 517.854240066441
2227000 178.478918618764 170.693596968844 168.900859100893 518.073374688501
2228000 178.568330484947 170.802626790745 168.945447489721 518.316404765413
2229000 178.536288536957 170.828238691159 169.053584334573 518.418111562689
2230000 178.672970767514 170.882891290082 169.115670715783 518.67153277338
2231000 178.792579899714 170.994691861683 169.173119032541 518.960390793939
2232000 178.766008785499 171.088244047351 169.191344224509 519.045597057359
2233000 178.867910990449 171.124492398346 169.263710943943 519.256114332737
2234000 178.958092895099 171.140680230519 169.406607964713 519.505381090331
2235000 179.047017815041 171.203813437357 169.469451886598 519.720283138996
2236000 179.118843986723 171.316901169205 169.585515318878 520.021260474806
2237000 179.220285015305 171.395741571112 169.65597894895 520.272005535367
2238000 179.205404454019 171.429568601318 169.727221749537 520.362194804873
2239000 179.253589774111 171.554522832256 169.740087507484 520.548200113852
2240000 179.350224999724 171.604104662722 169.842412843023 520.796742505469
2241000 179.433339119457 171.700234195099 169.859301314449 520.992874629005
2242000 179.503316758794 171.73575918895 170.020471548628 521.259547496372
2243000 179.656157870045 171.749235247443 170.063023034184 521.468416151672
2244000 179.724920860294 171.837918036287 170.123711332817 521.686550229398
2245000 179.762791099017 171.894996950984 170.207088492364 521.864876542365
2246000 179.87140913051 171.971990953208 170.307154771913 522.150554855631
2247000 179.974780780893 172.08852441175 170.357108448533 522.420413641177
2248000 180.105301834681 172.191726002992 170.390918121611 522.687945959284
2249000 180.152607362179 172.232125152755 170.511916225945 522.896648740879
2250000 180.324178842815 172.327352146802 170.529288849839 523.180819839456
2251000 180.323373125991 172.38238934891 170.574402822986 523.280165297888
2252000 180.430833832333 172.460839631318 170.700524510018 523.592197973669
2253000 180.445561018692 172.559183154453 170.765430486697 523.770174659842
2254000 180.557260016275 172.565236015427 170.844775988 523.967272019701
2255000 180.613905876066 172.697497925234 170.8607459806 524.1721497819
2256000 180.779554876278 172.800289119737 170.920179943614 524.500023939629
2257000 180.816180828122 172.928391597512 170.97883336437 524.723405790004
2258000 180.936703645883 172.982610083879 171.038054106611 524.957367836373
2259000 180.915067142323 173.100185459192 171.151584040452 525.166836641966
2260000 181.030472836881 173.224881141928 171.244586067176 525.499940045985
2261000 181.100104898446 173.274672117089 171.379697370157 525.754474385693
2262000 181.203926501494 173.318973323411 171.379130427386 525.90203025229
2263000 181.259871596384 173.416505148966 171.421102316635 526.097479061985
2264000 181.349344356855 173.402062153875 171.505539849484 526.256946360214
2265000 181.348132584633 173.526025148142 171.514709904245 526.388867637019
2266000 181.405876121376 173.62031273441 171.650005691649 526.676194547435
2267000 181.515496441949 173.669381469051 171.696328249151 526.881206160151
2268000 181.684664668734 173.794882873576 171.73513188186 527.214679424171
2269000 181.783435828014 173.909789740123 171.909353243013 527.602578811151
2270000 181.872681675374 173.998119150797 171.953545191637 527.824346017808
2271000 181.99542872155 174.101499819373 172.069716548761 528.166645089683
2272000 182.117785028372 174.144467121485 172.03212374788 528.294375897736
2273000 182.174788972674 174.24999360058 172.127108344549 528.551890917803
2274000 182.305921569831 174.290252197137 172.191966335349 528.788140102317
2275000 182.242360619395 174.368230472928 172.206680616787 528.81727170911
2276000 182.362622471371 174.429402657405 172.287918094377 529.079943223152
2277000 182.439118134003 174.553536864122 172.428612063872 529.421267061998
2278000 182.521416978723 174.62109794381 172.472048889257 529.61456381179
2279000 182.585641847006 174.684863000047 172.54467501554 529.815179862592
2280000 182.609965790459 174.718474754989 172.673469261121 530.00190980657
2281000 182.719495398063 174.865434232012 172.730542784917 530.315472414992
2282000 182.778558348722 174.921283588346 172.784567091018 530.484409028085
2283000 182.928700120431 175.034739716004 172.819757854693 530.783197691128
2284000 183.024580591224 175.096895421082 172.895643902111 531.017119914417
2285000 183.059090072677 175.126608175465 172.981396231164 531.167094479306
2286000 183.191239861576 175.182302038135 173.017065162251 531.390607061963
2287000 183.195561297012 175.280876537314 173.066453421418 531.542891255745
2288000 183.229290955801 175.388535133146 173.196027786223 531.813853875169
2289000 183.262584477941 175.47977914221 173.281512778316 532.023876398467
2290000 183.308790719657 175.482454994932 173.332917034428 532.124162749017
2291000 183.352330128186 175.633491758174 173.390552950058 532.376374836418
2292000 183.525284212971 175.596847989055 173.398271332467 532.520403534494
2293000 183.654361902661 175.71487292713 173.549221192084 532.918456021875
2294000 183.745907234825 175.79311097163 173.634552672672 533.173570879128
2295000 183.806316070395 175.807040126453 173.648224230074 533.261580426922
2296000 183.914846959282 175.852686260316 173.746880509678 533.514413729276
2297000 183.989108699643 175.999779509767 173.740998399844 533.729886609254
2298000 184.103187074874 176.034829134155 173.835364249181 533.97338045821
2299000 184.197794207798 176.135261948132 173.937208249633 534.270264405563
2300000 184.26592544438 176.186515989433 174.010489855913 534.462931289726
2301000 184.391455616878 176.315508662687 174.101340647705 534.80830492727
2302000 184.476395842827 176.386371340773 174.132768231369 534.995535414968
2303000 184.558001153289 176.50289073357 174.191402357319 535.252294244178
2304000 184.707605709741 176.583194299052 174.232168508604 535.522968517397
2305000 184.812014497282 176.6221688203 174.325357700925 535.759541018507
2306000 184.849852400966 176.686883923382 174.411915231773 535.94865155612
2307000 184.933227949737 176.818799643522 174.499503106484 536.251530699742
2308000 185.00674533222 176.943029678999 174.524974575343 536.474749586562
2309000 185.044899551789 176.96996165326 174.569791763378 536.584652968426
2310000 185.169886698886 177.018930978183 174.705847119457 536.894664796526
2311000 185.211517197991 177.055140303558 174.677086830705 536.943744332253
2312000 185.287696223974 177.110018077228 174.744239808327 537.141954109528
2313000 185.363424115146 177.177190366547 174.870784559544 537.411399041237
2314000 185.42612250192 177.210361834752 174.886250024166 537.522734360838
2315000 185.481007503152 177.287220842196 174.93251452145 537.700742866799
2316000 185.512423914351 177.373544262078 175.015067330772 537.9010355072
2317000 185.547069125843 177.453745999199 175.115126752005 538.115941877047
2318000 185.665533212077 177.485451856267 175.138529213037 538.28951428138
2319000 185.707921739934 177.624414516762 175.162258421314 538.49459467801
2320000 185.70703854929 177.66558785132 175.29096663971 538.663593040319
2321000 185.880227866436 177.744257735779 175.288052849624 538.912538451839
2322000 185.917005884213 177.759324413061 175.388554405565 539.06488470284
2323000 185.96556635404 177.870367584535 175.492244288929 539.328178227504
2324000 186.05895921633 177.980845101356 175.576192704309 539.615997021996
2325000 186.130015064597 178.10898002793 175.655393614874 539.894388707401
2326000 186.241371860483 178.121112804075 175.631949691387 539.994434355945
2327000 186.33904663474 178.279002485679 175.726862462054 540.344911582472
2328000 186.407973220353 178.348455887618 175.830514186844 540.586943294815
2329000 186.476834631384 178.418563493769 175.907891036447 540.8032891616
2330000 186.562826125491 178.504277767 175.983846714369 541.050950606861
2331000 186.703592054479 178.561118118915 176.138169391365 541.40287956476
2332000 186.736626312312 178.620811634975 176.273790477143 541.63122842443
2333000 186.756081779387 178.670300205652 176.342147830834 541.768529815873
2334000 186.834359330121 178.800239545592 176.382471369015 542.017070244729
2335000 186.904213632917 178.805342041386 176.466641157562 542.176196831865
2336000 186.983697030936 178.887091408291 176.499658195875 542.370446635102
2337000 186.94471295982 178.941507195462 176.618684631064 542.504904786347
2338000 187.057592880444 179.067061028996 176.667325639183 542.791979548624
2339000 187.126903187088 179.140210123965 176.768394348638 543.03550765969
2340000 187.232365694704 179.17501469758 176.848842404974 543.256222797257
2341000 187.295158939864 179.249075122978 176.913237255651 543.457471318493
2342000 187.389467818936 179.281080706479 176.944588771911 543.615137297327
2343000 187.461319106952 179.335265344174 177.073109076902 543.869693528028
2344000 187.585121446556 179.393981853345 177.119383438556 544.098486738457
2345000 187.631407154109 179.478732850917 177.227072729681 544.337212734706
2346000 187.713582772468 179.453639191849 177.323419498751 544.490641463069
2347000 187.818128258896 179.601712313672 177.426803795493 544.846644368062
2348000 187.86769279598 179.588783627482 177.510334199383 544.966810622845
2349000 187.961599493547 179.664320762884 177.582087280012 545.208007536443
2350000 188.062720279939 179.747754550306 177.610135072302 545.420609902547
2351000 188.114308855928 179.81441512269 177.722607612078 545.651331590696
2352000 188.182065100576 179.839895930345 177.799170913546 545.821131944466
2353000 188.233984956542 179.961052202097 177.891657508788 546.086694667427
2354000 188.365196275513 179.950575984705 177.842482946924 546.158255207141
2355000 188.463031261714 180.053529473241 177.93629034069 546.452851075645
2356000 188.522528269249 180.125907645757 177.97413277152 546.622568686526
2357000 188.629095493805 180.138243465622 177.982035877541 546.749374836968
2358000 188.645500510656 180.228103917255 178.144822647649 547.01842707556
2359000 188.710506359869 180.262129309867 178.23722199917 547.209857668906
2360000 188.764745788382 180.360241972547 178.276921034406 547.401908795335
2361000 188.778784967319 180.401058921986 178.403837899842 547.583681789147
2362000 188.840939410644 180.429193887439 178.48036007471 547.750493372792
2363000 188.875468394139 180.558866343276 178.484862038285 547.919196775699
2364000 188.932627543122 180.62497884743 178.566565140438 548.124171530989
2365000 189.03116467008 180.641673596147 178.682451145196 548.355289411423
2366000 189.105229509192 180.795920392369 178.745113634099 548.646263535661
2367000 189.233317234496 180.884222004484 178.897179182708 549.014718421688
2368000 189.252573855078 181.0309092619 178.897691035864 549.181174152842
2369000 189.354557841877 181.105739790179 179.01970377241 549.480001404467
2370000 189.485672401184 181.116180029199 179.097747550614 549.699599980996
2371000 189.502789463171 181.112463116559 179.186127699551 549.801380279282
2372000 189.550037889297 181.197178001234 179.236283522758 549.98349941329
2373000 189.674125348335 181.284805941881 179.351130632636 550.310061922852
2374000 189.706801483381 181.316220917813 179.450861971745 550.47388437294
2375000 189.767517649218 181.420245015138 179.541437586556 550.729200250912
2376000 189.904869111424 181.5400724628 179.602271060537 551.047212634762
2377000 189.903981587004 181.658863017662 179.59240267524 551.155247279906
2378000 189.971716756807 181.672647406599 179.696850901845 551.341215065252
2379000 190.056206443937 181.819008611924 179.709614912938 551.584829968798
2380000 190.154142222253 181.755038281093 179.823812468943 551.732992972289
2381000 190.182402715016 181.930967529652 179.877345283165 551.990715527833
2382000 190.245490789351 182.006532477455 179.968425146185 552.220448412991
2383000 190.323593389776 182.077097952008 180.011855306698 552.412546648482
2384000 190.372218140668 182.141259563162 180.0678950729 552.58137277673
2385000 190.434336649187 182.2036587643 180.108039837263 552.74603525075
2386000 190.497491986181 182.270171688894 180.139004072759 552.906667747833
2387000 190.602393494247 182.302665223029 180.219583947542 553.124642664818
2388000 190.695083994616 182.348621110554 180.253011577893 553.296716683062
2389000 190.729913582608 182.497353547946 180.330273806841 553.557540937395
2390000 190.79105029859 182.52234480379 180.469209900145 553.782605002525
2391000 190.895325697628 182.639165506438 180.507035493603 554.041526697668
2392000 190.941481867832 182.68304120361 180.580577155408 554.205100226851
2393000 191.050469687346 182.772453980348 180.642886613497 554.465810281191
2394000 191.111036646784 182.742718892802 180.742883450437 554.596638990023
2395000 191.184855467771 182.912090899906 180.782719403473 554.87966577115
2396000 191.20234319096 183.022002459632 180.82508971304 555.049435363632
2397000 191.323669398583 183.071699104339 180.863354794299 555.258723297221
2398000 191.323307001194 183.158222344565 180.910359342888 555.391888688647
2399000 191.416579040766 183.265698901296 181.012896609499 555.695174551561
2400000 191.443213902918 183.319989919254 181.141156515835 555.904360338007
2401000 191.505209939882 183.373544875614 181.224186701212 556.102941516708
2402000 191.600338725325 183.462965479781 181.243860421127 556.307164626233
2403000 191.697979420109 183.600938510236 181.358771884734 556.657689815079
2404000 191.733919858202 183.652267891477 181.410830833056 556.797018582735
2405000 191.7973579747 183.709118292629 181.414336356666 556.920812623995
2406000 191.84867563048 183.762676256486 181.532672124467 557.144024011433
2407000 191.971458228858 183.782570436983 181.504670300924 557.258698966766
2408000 191.978585220425 183.862935729666 181.568219661988 557.40974061208
2409000 192.009305165725 184.010584859427 181.679368043406 557.699258068558
2410000 192.166395154955 184.091870804074 181.771116779859 558.029382738887
2411000 192.284736227156 184.226647495941 181.755144618584 558.266528341681
2412000 192.303937979321 184.268031349017 181.881933031047 558.453902359385
2413000 192.330898427176 184.374197762444 181.948672999279 558.653769188899
2414000 192.451262797333 184.44577819352 182.041268928072 558.938309918925
2415000 192.51560671321 184.491018089249 182.032846673994 559.039471476453
2416000 192.530525240783 184.583578183065 182.1758787311 559.289982154949
2417000 192.648740881529 184.642349542051 182.221761557974 559.512851981554
2418000 192.680476177542 184.727143133008 182.261416732218 559.669036042768
2419000 192.716465208672 184.808350055602 182.381333497859 559.906148762133
2420000 192.797069156012 184.854251770792 182.458824383794 560.110145310599
2421000 192.884580307295 184.965769208088 182.52440874955 560.374758264933
2422000 192.969929547511 184.957707692614 182.513123801398 560.440761041523
2423000 193.002864392513 185.040591410923 182.613006826463 560.656462629899
2424000 193.106873737982 185.079703342675 182.658077241696 560.844654322352
2425000 193.160961368757 185.213644218717 182.796885459099 561.171491046573
2426000 193.200255143686 185.314630294491 182.847457856053 561.362343294229
2427000 193.250921667691 185.374236947371 182.88767763918 561.512836254242
2428000 193.406206125168 185.434423199428 182.988314956237 561.828944280833
2429000 193.495932121029 185.440832416844 183.178949890912 562.115714428784
2430000 193.530202557361 185.563295480566 183.175252479302 562.268750517229
2431000 193.583099678829 185.589517504134 183.250510634247 562.423127817211
2432000 193.692861424705 185.67618491708 183.282100007072 562.651146348857
2433000 193.721249056825 185.757169958204 183.38281276348 562.861231778509
2434000 193.870234150285 185.745806049417 183.420647230524 563.036687430225
2435000 193.988800868837 185.842655576741 183.536512987414 563.367969432992
2436000 194.043401100197 185.885616585922 183.58193798292 563.510955669039
2437000 194.107480485619 185.967617974417 183.643204567462 563.718303027498
2438000 194.253953159522 186.007950529468 183.709727783389 563.971631472379
2439000 194.325358599687 186.121423949992 183.759995404981 564.206777954659
2440000 194.445352677061 186.140145299196 183.873502964899 564.459000941156
2441000 194.565542865181 186.16827499606 183.986103020114 564.719920881354
2442000 194.708763783053 186.16691069667 184.002006459355 564.877680939078
2443000 194.770367788959 186.308591362628 184.050533815761 565.129492967348
2444000 194.764573200838 186.360130009644 184.157482635986 565.282185846468
2445000 194.827868758848 186.573959223323 184.217092134851 565.618920117021
2446000 194.89160022516 186.555953931983 184.324882926541 565.772437083685
2447000 194.981427938376 186.756183739945 184.401203450997 566.138815129318
2448000 195.075498341866 186.774126135695 184.407060895779 566.256685373339
2449000 195.151076029623 186.776055223398 184.519945735538 566.447076988558
2450000 195.257771761788 186.867064695645 184.572741780499 566.697578237932
2451000 195.304819529487 186.90482784369 184.650493141537 566.860140514714
2452000 195.406920027835 186.969002608219 184.673859790332 567.049782426385
2453000 195.457504309192 187.03553362466 184.765017028253 567.258054962106
2454000 195.557055295944 187.148434525322 184.819197629555 567.524687450822
2455000 195.608119270811 187.232861933316 184.861750023173 567.7027312273
2456000 195.607564338419 187.342292886696 184.92454849026 567.874405715375
2457000 195.687933729193 187.367020309506 185.029681266739 568.084635305438
2458000 195.770900029885 187.412640440211 185.153476667367 568.337017137463
2459000 195.84222374001 187.489873589368 185.222404843742 568.55450217312
2460000 195.932196955624 187.552561153675 185.290198703986 568.774956813285
2461000 196.043726245228 187.628149325317 185.405123867744 569.076999438289
2462000 196.160542576404 187.659701486174 185.462375088934 569.282619151512
2463000 196.262056334529 187.802188117946 185.562040056204 569.626284508679
2464000 196.260000134495 187.873401412282 185.645893244143 569.77929479092
2465000 196.448854940432 187.882520812957 185.660306520822 569.99168227421
2466000 196.532217639281 187.970120923964 185.822362488167 570.324701051412
2467000 196.596217178632 188.021641019222 185.864045367906 570.481903565759
2468000 196.616385808484 188.117580284128 185.912815011272 570.646781103884
2469000 196.722659540519 188.078566355786 185.993703129931 570.794929026235
2470000 196.813655439548 188.122159239624 186.103057163946 571.038871843117
2471000 196.876118076886 188.206231231488 186.113274763824 571.195624072197
2472000 196.896138755907 188.215625495059 186.164466801897 571.276231052862
2473000 196.988158761656 188.308513345447 186.227126128577 571.523798235679
2474000 197.077590278269 188.408233835502 186.33575876279 571.821582876561
2475000 197.213192621196 188.400576970024 186.30832655645 571.92209614767
2476000 197.349891487124 188.445229453188 186.4076881533 572.202809093612
2477000 197.393857185377 188.523607656936 186.470091372393 572.387556214706
2478000 197.416152326595 188.626222187428 186.504491132436 572.546865646458
2479000 197.511480885612 188.70031341989 186.568175960555 572.779970266057
2480000 197.483430405637 188.669321777727 186.623032028842 572.775784212205
2481000 197.532895503661 188.790275815098 186.679504230947 573.002675549705
2482000 197.649152392061 188.866835708235 186.814449011135 573.330437111432
2483000 197.766330646497 188.853907268993 186.889733854063 573.509971769552
2484000 197.785629761928 188.872215340504 186.94609780523 573.603942907661
2485000 197.93192482278 188.964188254997 186.955667032692 573.85178011047
2486000 197.906212224578 189.075328427831 187.011528164587 573.993068816996
2487000 198.020551034873 189.114337211347 187.111332776646 574.246221022866
2488000 198.053835173218 189.161723701547 187.225833017467 574.441391892232
2489000 198.120294104005 189.218869490831 187.259464039513 574.59862763435
2490000 198.202231874811 189.251898060249 187.261191267441 574.715321202501
2491000 198.298702183646 189.374546749219 187.332654845489 575.005903778354
2492000 198.288725188774 189.425174592131 187.396548503764 575.110448284669
2493000 198.4441051297 189.472804502016 187.426143600921 575.343053232637
2494000 198.456617188152 189.634111521382 187.575573822628 575.666302532161
2495000 198.522827365638 189.728715538919 187.636351410967 575.887894315523
2496000 198.613665793064 189.740241861587 187.729788157864 576.083695812515
2497000 198.578487768372 189.757984265993 187.830885269142 576.167357303508
2498000 198.705047133805 189.839089053642 187.794094725931 576.338230913379
2499000 198.830170490471 189.936937346441 187.858349499427 576.625457336339
2500000 198.867349860415 189.972817741535 188.056470033121 576.896637635071
2501000 198.978915177366 190.050635869041 188.128559019792 577.158110066198
2502000 199.08475732489 190.179317841062 188.169034174648 577.4331093406
2503000 199.061385147977 190.184204306126 188.264976363024 577.510565817127
2504000 199.130168174977 190.241347973344 188.334691940178 577.706208088499
2505000 199.189618922942 190.369506401555 188.344395082924 577.903520407422
2506000 199.287707992224 190.370442261961 188.365138205049 578.023288459235
2507000 199.429533910479 190.435410906372 188.468304068335 578.333248885186
2508000 199.548341337029 190.657225743907 188.653985176789 578.859552257726
2509000 199.600116595208 190.658840590277 188.726595792691 578.985552978175
2510000 199.671844538727 190.785530067816 188.749855409752 579.207230016294
