# Fix print output for fix 2
10000 8.07986696994793e-28 5.04915159417897e-33 1.26228789854474e-33 8.07993008434286e-28
11000 0.313322889916356 0.321206380116598 0.329702301710843 0.964231571743797
12000 0.468285730548753 0.467660476540636 0.480889848204439 1.41683605529383
13000 0.618563550304553 0.602832892828974 0.621712802278234 1.84310924541176
14000 0.755945776969563 0.736178912466629 0.757524025638941 2.24964871507513
15000 0.898823579977376 0.870651044600286 0.892622909392007 2.66209753396967
16000 1.03755545555256 0.999429750743381 1.02175625793005 3.058741464226
17000 1.17681319923513 1.13538172775158 1.16454642913278 3.4767413561195
18000 1.30024652609381 1.25766811101187 1.28334258220214 3.84125721930782
19000 1.43406169210536 1.38226551209202 1.41931420285658 4.23564140705397
20000 1.57614253714434 1.51103092674865 1.55167493854152 4.63884840243451
21000 1.71428244513759 1.64950873524826 1.68445110546957 5.04824228585542
22000 1.85341050862725 1.77639544728353 1.81139523275158 5.44120118866236
23000 1.99288008975333 1.90004698171373 1.94598526981023 5.83891234127728
24000 2.13199514200265 2.02928070062349 2.07736360416177 6.23863944678791
25000 2.27445142897344 2.16419568195272 2.21318524304885 6.65183235397501
26000 2.40678241751177 2.2885511493484 2.33687232073734 7.03220588759751
27000 2.54231510427814 2.42309923465989 2.46536938351706 7.43078372245508
28000 2.68594742198381 2.55068238995729 2.60413391270546 7.84076372464656
29000 2.82981182878392 2.68406056346802 2.73969445279865 8.25356684505059
30000 2.95688423463174 2.81471524009884 2.87147811904394 8.64307759377452
31000 3.09195009724876 2.93437492787073 2.99586381664412 9.02218884176361
32000 3.24053619971641 3.0581944328076 3.12802453646038 9.42675516898438
33000 3.377672121629 3.18899581336375 3.27305000171991 9.83971793671266
34000 3.51943219475996 3.32121434292399 3.39762862781976 10.2382751655037
35000 3.64565127061135 3.44500964337284 3.52234223835475 10.6130031523389
36000 3.78535369469227 3.57323446651722 3.66560730249153 11.024195463701
37000 3.91657005190758 3.6893799864132 3.78666664500285 11.3926166833236
38000 4.04633183505291 3.80272346498071 3.90901978329046 11.7580750833241
39000 4.19425157990054 3.93657583143808 4.04641894270093 12.1772463540395
40000 4.32126111450712 4.0589164828003 4.16771213339714 12.5478897307046
41000 4.46993059789009 4.17793133172306 4.28442007748772 12.9322820071009
42000 4.60342372772276 4.29462985717568 4.41778744735219 13.3158410322506
43000 4.7335792993748 4.41973700510845 4.54072005770857 13.6940363621918
44000 4.87454529078849 4.55644032348421 4.66148422232891 14.0924698366016
45000 5.00118817234899 4.66375908052108 4.78219697143196 14.447144224302
46000 5.12006961700769 4.78439496318691 4.89724066459473 14.8017052447893
47000 5.24081556443844 4.89772689847337 5.0176715998322 15.156214062744
48000 5.36943368392255 5.02215051922267 5.14080299088061 15.5323871940258
49000 5.51821965047931 5.1542528429751 5.26782656308599 15.9402990565404
50000 5.66238257922069 5.27902064079376 5.3893957097889 16.3307989298034
51000 5.79355072696174 5.40305041705631 5.51883997200347 16.7154411160215
52000 5.92735422193611 5.52877367718707 5.65599539967299 17.1121232987962
53000 6.05692772734112 5.64665003834037 5.77959513570503 17.4831729013865
54000 6.16035044317322 5.76226344552427 5.88473357242293 17.8073474611204
55000 6.30385575334008 5.88701736363321 6.00588125328165 18.1967543702549
56000 6.43060392365026 6.00177310761543 6.13344046834697 18.5658174996127
57000 6.5599363269238 6.11779746460983 6.25955673860273 18.9372905301364
58000 6.71642388896601 6.24502903580844 6.39134840059781 19.3528013253723
59000 6.84055003386594 6.35347294149986 6.52249081497983 19.7165137903456
60000 6.97086552972998 6.46265004918301 6.65636388490566 20.0898794638186
61000 7.10910799198197 6.58929590202044 6.76819692309983 20.4666008171022
62000 7.23898718531926 6.70703540974917 6.88339232339182 20.8294149184603
63000 7.36903686062257 6.82528383536871 7.02243250240517 21.2167531983965
64000 7.49499960076879 6.94749791260077 7.13685799907161 21.5793555124412
65000 7.60791920276453 7.05414525597833 7.28115101942124 21.9432154781641
66000 7.73487678247616 7.18797888880691 7.39046055602396 22.313316227307
67000 7.87047105279812 7.30583690157152 7.54046664858311 22.7167746029527
68000 7.99599130763729 7.42348438737517 7.66133830895634 23.0808140039688
69000 8.13736761037219 7.54113064329705 7.79729731603914 23.4757955697084
70000 8.26543553209375 7.6550512211405 7.93588679674963 23.8563735499839
71000 8.41498350812617 7.788277191493 8.06483735394737 24.2680980535665
72000 8.54448226111999 7.90414608504113 8.19829311975448 24.6469214659156
73000 8.66679124003555 8.03542463282282 8.3256989714921 25.0279148443505
74000 8.77697472112313 8.16143987947589 8.43977181560458 25.3781864162036
75000 8.90994710315942 8.26806513265237 8.56681358675758 25.7448258225694
76000 9.05328181391241 8.3768361033232 8.68656561001894 26.1166835272546
77000 9.18229765182754 8.50935529167168 8.79987597412773 26.491528917627
78000 9.30609033435067 8.63227980015257 8.93584573671064 26.8742158712139
79000 9.43647142970837 8.74080512462701 9.05692345865041 27.2342000129858
80000 9.54628700715895 8.86993989320649 9.16564032480735 27.5818672251728
81000 9.6754812886325 8.98988655291758 9.29165940253085 27.9570272440809
82000 9.80559200894375 9.10460952134627 9.40578713698749 28.3159886672775
83000 9.9523459096815 9.21254357282679 9.52109264463919 28.6859821271475
84000 10.0694436780452 9.33662341570489 9.62877667293041 29.0348437666805
85000 10.1881848079599 9.45450597962439 9.73179952054937 29.3744903081336
86000 10.3046743462492 9.57135396900569 9.84116873623297 29.7171970514878
87000 10.4299031488554 9.68809332266944 9.95625865702405 30.0742551285489
88000 10.5670076466362 9.80520038351077 10.0922574263077 30.4644654564547
89000 10.709448098216 9.92112912622628 10.2096829584251 30.8402601828674
90000 10.8376375729938 10.0446371492377 10.3429415172254 31.2252162394568
91000 10.9645674115328 10.1531015698362 10.4499743975352 31.5676433789042
92000 11.1096269877974 10.2808946369481 10.5652104011498 31.9557320258953
93000 11.2181174252183 10.4025209481956 10.6921348291918 32.3127732026057
94000 11.3747152143419 10.5340317189924 10.8191090012834 32.7278559346177
95000 11.5147858853192 10.6503621358035 10.9504748276787 33.1156228488013
96000 11.6355807092416 10.7709513657659 11.0462317919454 33.4527638669529
97000 11.7818118173913 10.8854986565044 11.2067546341599 33.8740651080555
98000 11.9273297632302 10.9988931534609 11.321669536202 34.2478924528932
99000 12.0517632244659 11.1194935516727 11.4521019288396 34.6233587049782
100000 12.181174854964 11.2196862063155 11.581261879478 34.9821229407575
101000 12.3107436320334 11.3386822663725 11.692796060136 35.3422219585418
102000 12.4374966590791 11.443889161833 11.8060999918061 35.6874858127182
103000 12.565266656124 11.5531888636005 11.9288558740277 36.0473113937521
104000 12.7037211711364 11.6840646615611 12.0544021135717 36.4421879462691
105000 12.8510922466576 11.7759348657762 12.1698807705204 36.7969078829542
106000 12.9657917904567 11.8889382383524 12.2996772764707 37.1544073052798
107000 13.1072515221938 12.0048800374489 12.4124797974905 37.5246113571333
108000 13.2277616107424 12.1111745636122 12.526066908003 37.8650030823576
109000 13.3523955382799 12.2160206233746 12.6423172707054 38.2107334323599
110000 13.4628202116225 12.3213800601666 12.7665401596959 38.550740431485
111000 13.5873053150527 12.4268621322448 12.8856780181583 38.8998454654558
112000 13.7228383431455 12.5666884597206 13.0012972092121 39.2908240120782
113000 13.8621597358014 12.6801601977483 13.117151653858 39.6594715874076
114000 13.9937416407641 12.7905231863385 13.2357236991545 40.0199885262571
115000 14.1111019070674 12.9344798996296 13.3638990599308 40.4094808666278
116000 14.2559771576725 13.0311968810592 13.4806310560747 40.7678050948065
117000 14.3984215720509 13.1553751111242 13.5945880571655 41.1483847403406
118000 14.5303014830843 13.2606124367985 13.7003199997723 41.4912339196552
119000 14.6587988113287 13.3889029394945 13.841133722648 41.8888354734712
120000 14.781425347011 13.5186091679467 13.9359038163089 42.2359383312666
121000 14.9292554471144 13.6167001023178 14.0776328175567 42.6235883669889
122000 15.0615929015528 13.7549581852311 14.2223130093829 43.0388640961669
123000 15.1793186038226 13.8821336590538 14.3204294457183 43.3818817085946
124000 15.320951131533 13.9903802348835 14.4343393490616 43.7456707154782
125000 15.4322199580493 14.1058036826897 14.5335825524956 44.0716061932345
126000 15.5667374214919 14.2201743943403 14.6568831135381 44.4437949293703
127000 15.7046803091265 14.338600290722 14.7703674444935 44.8136480443419
128000 15.8261268236513 14.4439294915441 14.8876769221116 45.157733237307
129000 15.9530162136519 14.5622695151143 14.9935986556923 45.5088843844585
130000 16.0693878867615 14.6639221092252 15.110664563381 45.8439745593678
131000 16.2277305619591 14.7762744818781 15.2318580549772 46.2358630988143
132000 16.3146019533721 14.8966756703741 15.3383444041207 46.5496220278669
133000 16.4496089762719 15.0165178563166 15.4524430031906 46.9185698357791
134000 16.566153663062 15.126951384153 15.5927682156872 47.2858732629023
135000 16.6903437434075 15.2563162954491 15.6929571357739 47.6396171746305
136000 16.8126946079997 15.3711239963606 15.819045172057 48.0028637764173
137000 16.9462278484983 15.481292574865 15.9320571264912 48.3595775498545
138000 17.0912475287626 15.5884555873068 16.0313026696931 48.7110057857625
139000 17.1895594547272 15.7129635553517 16.1436436019931 49.046166612072
140000 17.3232756217491 15.8448090966177 16.2606962444257 49.4287809627925
141000 17.4392437719732 15.9317104369351 16.3756396273933 49.7465938363017
142000 17.578350528366 16.0479476586901 16.5198535254249 50.146151712481
143000 17.7050707058551 16.1604338710343 16.6355442861256 50.501048863015
144000 17.8378419047781 16.2998660360866 16.7514875862412 50.889195527106
145000 17.9554468725441 16.4050106316561 16.8597268337942 51.2201843379944
146000 18.0827999493087 16.5101824343298 16.9713291181399 51.5643115017784
147000 18.2018066404191 16.640830415445 17.0899751964927 51.9326122523568
148000 18.3394820258694 16.7502385390179 17.2360597658668 52.3257803307541
149000 18.4785007433504 16.8598168691246 17.3542040423959 52.6925216548708
150000 18.6122118626571 16.9900062918289 17.4723858398867 53.0746039943727
151000 18.7163333148324 17.099797567978 17.5876504540541 53.4037813368645
152000 18.85020483582 17.2174056696198 17.7016353307573 53.7692458361971
153000 18.9741639781829 17.3248019691228 17.8150360993438 54.1140020466494
154000 19.0948588852584 17.4532468438826 17.9336170148003 54.4817227439413
155000 19.2359283495967 17.5665714339741 18.0419325260154 54.8444323095862
156000 19.3670748690277 17.6739433544763 18.156374601767 55.197392825271
157000 19.507547619833 17.7573331166846 18.2820946753781 55.5469754118957
158000 19.6182879530129 17.8650998810295 18.3868699007269 55.8702577347694
159000 19.7465521401184 17.9781650583018 18.5171642395216 56.2418814379418
160000 19.8577360639598 18.1032698829466 18.6291866233593 56.5901925702658
161000 19.9910113807245 18.2131930623408 18.7390885259489 56.9432929690142
162000 20.1071923708356 18.3214757552981 18.8485188552941 57.2771869814278
163000 20.221586666533 18.4338252406727 18.9363834428748 57.5917953500805
164000 20.3509001459757 18.5424356629315 19.0508126868655 57.9441484957728
165000 20.4435052698966 18.6694431795986 19.1859248323039 58.2988732817992
166000 20.5889657472607 18.7742848579512 19.3011405769037 58.6643911821157
167000 20.6946727348722 18.9080317165353 19.4258804414453 59.0285848928528
168000 20.8274467848721 19.0282232845224 19.5486714872688 59.4043415566633
169000 20.938411871459 19.1478758526044 19.6769964055438 59.7632841296072
170000 21.0421069363082 19.2554062518541 19.8169768972519 60.1144900854141
171000 21.1645252484008 19.4033492152355 19.9401168447167 60.5079913083529
172000 21.3105787713888 19.5169409508129 20.0566792400704 60.8841989622721
173000 21.4333194690326 19.6166900506806 20.1583091366639 61.2083186563771
174000 21.555903906585 19.7404047877856 20.2879514773949 61.5842601717655
175000 21.7072553706299 19.8416243318519 20.3895439323366 61.9384236348184
176000 21.8055149878681 19.9633901578702 20.5055776139516 62.27448275969
177000 21.9043841002016 20.063153344446 20.6083680023403 62.5759054469879
178000 22.0326785943145 20.1801057792348 20.7266604744279 62.9394448479772
179000 22.1386902169374 20.2727130810264 20.8449214199243 63.2563247178881
180000 22.2788399744727 20.380637091668 20.9617438217354 63.6212208878761
181000 22.4148919941856 20.495478670942 21.0615918569224 63.97196252205
182000 22.5257602590466 20.61621654193 21.1772135172837 64.3191903182603
183000 22.6388179310456 20.7339389540087 21.3022604714153 64.6750173564696
184000 22.7583843755687 20.8700725628442 21.4376806341817 65.0661375725945
185000 22.8694301189611 20.9695991535454 21.5284605024131 65.3674897749197
186000 23.0398614523733 21.0908231977365 21.6410495111213 65.7717341612311
187000 23.1687768723054 21.2187742625525 21.7338423335341 66.1213934683921
188000 23.2644300376579 21.3386737113271 21.8573473676814 66.4604511166663
189000 23.4146055190668 21.4644845586653 21.9826127146579 66.8617027923901
190000 23.5401352175964 21.560768423234 22.0912086869994 67.1921123278298
191000 23.647919301749 21.7010803638941 22.1998749350169 67.54887460066
192000 23.763687785399 21.8058398535779 22.3084014874619 67.8779291264389
193000 23.8922083089224 21.9208906267005 22.4529934420732 68.2660923776961
194000 23.9895898224026 22.0449886780234 22.5684113160585 68.6029898164845
195000 24.1163972916507 22.1850794856546 22.666226708884 68.9677034861894
196000 24.2491026913736 22.2966314995574 22.7970313684285 69.3427655593595
197000 24.3992855232513 22.4240075138103 22.9116947344233 69.7349877714849
198000 24.5384040671961 22.5337239818028 23.0138037722851 70.085931821284
199000 24.6537059198446 22.6685625003775 23.1717889898886 70.4940574101107
200000 24.769809938181 22.7818050580227 23.2728262202832 70.8244412164868
201000 24.8966243133262 22.8971570904787 23.3737839276772 71.1675653314822
202000 25.0236321088954 23.0017143479777 23.4607080677491 71.4860545246222
203000 25.1186217745772 23.1271985130399 23.5834960618309 71.829316349448
204000 25.2516932442069 23.252010065526 23.7114044326694 72.2151077424023
205000 25.3554970886973 23.3321712691184 23.7976615215509 72.4853298793666
206000 25.5016950816603 23.4599185244902 23.9205315949628 72.8821452011133
207000 25.6108629536749 23.5561375556384 24.0259789664178 73.1929794757312
208000 25.7541500867383 23.6742586542021 24.1410648054069 73.5694735463474
209000 25.8685333240275 23.8015894458661 24.261378978906 73.9315017487996
210000 25.9978496878498 23.9185271507683 24.337139348516 74.2535161871341
211000 26.0946012037078 24.0290551635594 24.4534122107593 74.5770685780265
212000 26.2225527929045 24.1312549776868 24.5651238298891 74.9189316004803
213000 26.3587787747639 24.2411397739143 24.7037428080354 75.3036613567136
214000 26.4763564414045 24.3779528567472 24.8079109769877 75.6622202751394
215000 26.6275594911126 24.5072258676458 24.9198228605554 76.0546082193138
216000 26.7486619918507 24.6384561718556 25.0539579428914 76.4410761065977
217000 26.861936104738 24.7236434456317 25.1436666732451 76.7292462236148
218000 26.9604861684393 24.8177757915544 25.2723241227912 77.0505860827849
219000 27.0926362222015 24.9535717448075 25.4010966120203 77.4473045790293
220000 27.2360599488837 25.0676665174209 25.507767970459 77.8114944367636
221000 27.3710041840362 25.1840612562414 25.6229414389777 78.1780068792553
222000 27.5186676692275 25.2789708118856 25.7277626841719 78.5254011652851
223000 27.6405201287677 25.3883890199329 25.821699170162 78.8506083188626
224000 27.7648014549433 25.4925252898576 25.9298774777242 79.187204222525
225000 27.8933267869426 25.6066926652019 26.0727863957577 79.5728058479022
226000 28.0128017682412 25.7350652871229 26.1621884871306 79.9100555424947
227000 28.1700467376892 25.8414191991325 26.2888920017886 80.3003579386104
228000 28.2801033877357 25.9421738385628 26.406179226102 80.6284564524005
229000 28.3809612957985 26.0559304799694 26.5032811277646 80.9401729035326
230000 28.5416218236822 26.176842667134 26.6352983155694 81.3537628063856
231000 28.6640638984144 26.2828021668656 26.7542823345489 81.7011483998288
232000 28.7747607053167 26.3910440917717 26.8630576376791 82.0288624347676
233000 28.9198423882398 26.4792156456943 26.9883639356708 82.3874219696049
234000 29.0417063580798 26.6162906087036 27.1077471025881 82.7657440693715
235000 29.1742252122213 26.7032858270114 27.2173502873583 83.094861326591
236000 29.2598103276931 26.8128725945669 27.3279772853471 83.4006602076071
237000 29.4091420636774 26.9164999661856 27.4510038507077 83.7766458805708
238000 29.5375861777062 27.0356383215831 27.556133989566 84.1293584888554
239000 29.6709286933525 27.1579304021422 27.6937642878704 84.5226233833652
240000 29.7905494336395 27.261151130973 27.8046104210559 84.8563109856684
241000 29.9365367343044 27.3743078389432 27.9234169863007 85.2342615595483
242000 30.068309122525 27.4939920140317 28.0120616105944 85.5743627471511
243000 30.2132540023298 27.6237409306251 28.1555795539348 85.9925744868897
244000 30.352221313714 27.7339551888551 28.2840287653064 86.3702052678755
245000 30.4691584541543 27.8555021970334 28.3925618446548 86.7172224958424
246000 30.590015937586 27.9768066673844 28.5078177106558 87.0746403156263
247000 30.717066106874 28.0977135613703 28.6472253449744 87.4620050132187
248000 30.8580468257378 28.2071368587951 28.7510177693016 87.8162014538345
249000 30.9672101178283 28.3429518485176 28.8599698308204 88.1701317971662
250000 31.101327723987 28.4455431274193 29.0030545593173 88.5499254107236
251000 31.2218515184092 28.5618733860052 29.1195655281081 88.9032904325226
252000 31.32691663871 28.6737139669679 29.2393612635176 89.2399918691956
253000 31.4556114476131 28.8183670686357 29.3536508494458 89.6276293656946
254000 31.5843455864295 28.9058931119015 29.4593466377632 89.9495853360943
255000 31.7412223054712 29.0354571049627 29.6143591463263 90.3910385567602
256000 31.86276113317 29.1510412620897 29.7114835059187 90.7252859011784
257000 31.9937545487944 29.2583316316786 29.842476747865 91.094562928338
258000 32.1191101897837 29.3606364776336 29.9682101324724 91.4479567998896
259000 32.2757417016901 29.4666081132826 30.0591361312793 91.801485946252
260000 32.3942423763465 29.6071337640958 30.1853480925629 92.1867242330052
261000 32.4998663780905 29.721427701502 30.2999440207377 92.5212381003303
262000 32.6196540129799 29.8308015167221 30.3843922504232 92.8348477801253
263000 32.761044431 29.919071577648 30.5186641135171 93.1987801221651
264000 32.8699525917141 30.0343122534054 30.6153056515762 93.5195704966957
265000 32.9773657482555 30.1417950668007 30.7289250981456 93.8480859132018
266000 33.0878792107829 30.2590096251807 30.8513552287592 94.1982440647228
267000 33.2438959246287 30.3718723868885 30.9621169357018 94.577885247219
268000 33.3742906825749 30.4766812341595 31.0973560275372 94.9483279442716
269000 33.4717249620149 30.6146674268088 31.1991748684201 95.2855672572438
270000 33.572752882969 30.7329589945204 31.3086476363624 95.6143595138517
271000 33.7109310813343 30.8372910009586 31.4161705673864 95.9643926496793
272000 33.8168888408441 30.8961914987846 31.5077485811356 96.2208289207643
273000 33.9311047503763 31.0417461264433 31.6459783713168 96.6188292481363
274000 34.0444222200459 31.1645088560934 31.7640201778471 96.9729512539864
275000 34.1794506776503 31.2538391802135 31.869953538962 97.3032433968258
276000 34.2959489121661 31.342288886273 31.9649523678702 97.6031901663093
277000 34.4351127306639 31.4349413400224 32.076698044099 97.9467521147853
278000 34.5579251139536 31.5715176849075 32.1965052851319 98.325948083993
279000 34.6912614633676 31.6896560620186 32.3047131409545 98.6856306663407
280000 34.8217318643497 31.7982178682068 32.3995652401246 99.0195149726812
281000 34.9435378226223 31.9082650761451 32.5261845463671 99.3779874451345
282000 35.1071927426326 32.0235339306105 32.649165006524 99.7798916797672
283000 35.2322185079849 32.1320987965117 32.7500723948467 100.114389699343
284000 35.366147780357 32.2238595139626 32.8712662886193 100.461273582939
285000 35.4983418497611 32.3487120120607 33.0030142714388 100.850068133261
286000 35.5857212891912 32.4745432432101 33.104540117081 101.164804649482
287000 35.7385067403814 32.5719185409481 33.2214350885659 101.531860369895
288000 35.8590211694669 32.6970640913729 33.3439247195763 101.900009980416
289000 35.9758109834812 32.8316358218833 33.498307914609 102.305754719973
290000 36.1177538823648 32.9645481198604 33.5457262912601 102.628028293485
291000 36.2366865127671 33.0872629852218 33.688166181899 103.012115679888
292000 36.361877046249 33.1907894191728 33.7802581278163 103.332924593238
293000 36.4956401081653 33.3021300233274 33.9083545165445 103.706124648037
294000 36.6412816021536 33.3891247467732 34.0346585408627 104.06506488979
295000 36.7885840101597 33.4874365634464 34.1362658371975 104.412286410804
296000 36.9195596446733 33.5829424581087 34.2823403860209 104.784842488803
297000 37.0395729761203 33.7042505709384 34.3702360229804 105.114059570039
298000 37.1342156325462 33.8108232831887 34.4961811669382 105.441220082673
299000 37.2625354805047 33.9324878684235 34.5854504342202 105.780473783148
300000 37.367597737707 34.0522544187228 34.7006746260996 106.120526782529
301000 37.4983546440494 34.1609386717112 34.8272857595801 106.486579075341
302000 37.5911863126459 34.2458783775315 34.953938084691 106.791002774868
303000 37.7245491902367 34.3565236319558 35.0644026128586 107.145475435051
304000 37.8747930204431 34.4704407325861 35.1845130028045 107.529746755834
305000 37.9772986948424 34.5849871498128 35.2951552776295 107.857441122285
306000 38.1265555599084 34.7055927122284 35.4214085985389 108.253556870676
307000 38.2587735915517 34.8014957066389 35.4883929462756 108.548662244466
308000 38.38784691873 34.8957622518594 35.6230404445577 108.906649615147
309000 38.4984480655937 35.0112015162783 35.7380784591312 109.247728041003
310000 38.6099213953751 35.1505379470321 35.818481788099 109.578941130506
311000 38.7241308763618 35.2398320036379 35.9697032449967 109.933666124996
312000 38.8628856892176 35.3294596156129 36.0885822099309 110.280927514761
313000 38.9727432247095 35.4381820196926 36.2118088587036 110.622734103106
314000 39.1157806867391 35.5687904440685 36.2924550635188 110.977026194326
315000 39.2593258151612 35.6620254469224 36.4609774776261 111.38232873971
316000 39.3656601440386 35.7624885440125 36.5549168651977 111.683065553249
317000 39.510603256245 35.87287577085 36.6684979683214 112.051976995416
318000 39.6285807872793 35.9684374234726 36.7838855642042 112.380903774956
319000 39.7169617671657 36.0869109701946 36.8792355000317 112.683108237392
320000 39.8570292677664 36.1902001985628 37.0168080069299 113.064037473259
321000 39.9973393584902 36.2867949000427 37.1169853950004 113.401119653533
322000 40.0903625505629 36.411534848629 37.2449097508707 113.746807150063
323000 40.2507648468675 36.5453302974714 37.353145596309 114.149240740648
324000 40.3658084403976 36.6566370063764 37.4624470657608 114.484892512535
325000 40.4855091231227 36.7586786005881 37.5916971056148 114.835884829326
326000 40.5662476298295 36.8532036987054 37.7149948947915 115.134446223326
327000 40.6848716976503 36.954954483085 37.8041604254092 115.443986606145
328000 40.8371976530951 37.0684384888766 37.9259013131499 115.831537455122
329000 40.9575925521866 37.1770939184265 38.0371092217257 116.171795692339
330000 41.0983862902352 37.2706926670004 38.1343849642376 116.503463921473
331000 41.2308207903378 37.4088908621094 38.2493436358169 116.889055288264
332000 41.356267111178 37.5039250362637 38.3662419385369 117.226434085979
333000 41.4477199330195 37.6008063801243 38.4369066609927 117.485432974137
334000 41.5763523697583 37.7253924147237 38.5630850405103 117.864829824992
335000 41.6862499248979 37.8256499532558 38.6560302446163 118.16793012277
336000 41.8298438034816 37.9317440075728 38.8053124644137 118.566900275468
337000 41.9549150561398 38.00530160739 38.9097587508885 118.869975414418
338000 42.039054995275 38.1351953089855 39.0338827777829 119.208133082043
339000 42.1850530113419 38.2306338003075 39.1384478144224 119.554134626072
340000 42.3214278811065 38.3388608906372 39.2814237749736 119.941712546717
341000 42.4370108224358 38.4985509597712 39.3671627121971 120.302724494404
342000 42.5538850735995 38.6185216998255 39.4661785863713 120.638585359796
343000 42.685033871248 38.6975720812424 39.5890459332688 120.971651885759
344000 42.7951740798727 38.807015724802 39.6919084874763 121.294098292151
345000 42.9310104877222 38.9177410308188 39.843433570124 121.692185088665
346000 43.0759625545613 39.0119929686965 39.9465823997326 122.03453792299
347000 43.1841855803923 39.1449951686112 40.0536447355375 122.382825484541
348000 43.3028012022485 39.2701284647399 40.1731014697835 122.746031136772
349000 43.4533945677724 39.368558132408 40.2867863291764 123.108739029357
350000 43.5657451681382 39.469295571401 40.3975773153448 123.432618054884
351000 43.7036316134265 39.5867591337798 40.5132316180856 123.803622365292
352000 43.81688710763 39.7208903400685 40.6296347465127 124.167412194211
353000 43.9413927799675 39.801537000127 40.7107675137396 124.453697293834
354000 44.0471570851368 39.9212655987625 40.8153666315805 124.78378931548
355000 44.1794781192874 40.0383862616034 40.9515605622091 125.1694249431
356000 44.2937791794552 40.119327420314 41.0726884198488 125.485795019618
357000 44.3839751171262 40.2408334990465 41.1949339716396 125.819742587812
358000 44.5117787660321 40.3240993570406 41.2862067647165 126.122084887789
359000 44.6052821883401 40.4391457828813 41.3940728257858 126.438500797007
360000 44.7083156919484 40.552727800208 41.511555264138 126.772598756294
361000 44.8029769538847 40.6330904107688 41.6241262888817 127.060193653535
362000 44.9619979363309 40.7708755990012 41.7106292926742 127.443502828006
363000 45.0860354725263 40.8563898505286 41.7897089895002 127.732134312555
364000 45.2317388103933 41.0024361372785 41.9414276452963 128.175602592968
365000 45.343726482491 41.0769013779003 42.0409930320444 128.461620892436
366000 45.4506677346282 41.2019660588869 42.1406868497556 128.793320643271
367000 45.5884141738993 41.333435667515 42.2625038353978 129.184353676812
368000 45.7127663540041 41.4597883957328 42.3663186393989 129.538873389136
369000 45.8017067106911 41.5262265825124 42.4745184114507 129.802451704654
370000 45.9166024612814 41.6345744920832 42.6069914196646 130.158168373029
371000 46.05537604439 41.7393141140625 42.712879651504 130.507569809956
372000 46.1739059148249 41.8429891084115 42.8022535005499 130.819148523786
373000 46.2656864581625 41.9552005771583 42.87961911853 131.100506153851
374000 46.4011931386314 42.0278435537224 43.0509717953395 131.480008487693
375000 46.5268166607319 42.1375192282771 43.1380045659408 131.80234045495
376000 46.6241859995932 42.2440836915186 43.2438743419476 132.112144033059
377000 46.7337090737389 42.3442560993927 43.3822223920474 132.460187565179
378000 46.8501056792783 42.4714813838874 43.4642817882428 132.785868851409
379000 46.9794332286885 42.5882798838813 43.5408387025097 133.108551815079
380000 47.0985521509826 42.6834053086722 43.6536041572536 133.435561616908
381000 47.2308656632118 42.7851885648593 43.8013725240172 133.817426752088
382000 47.3639073206737 42.9122782933005 43.9043669562667 134.180552570241
383000 47.503500777395 43.0302148456895 44.0269256096893 134.560641232774
384000 47.7051482937941 43.1582574356281 44.1285984938952 134.992004223317
385000 47.8000568618415 43.234638230403 44.2608807625041 135.295575854749
386000 47.9086113511327 43.3604875227221 44.3438525165363 135.612951390391
387000 48.0213215237255 43.4580996783181 44.4657321879261 135.94515338997
388000 48.1373960664224 43.5691227173932 44.5461494621364 136.252668245952
389000 48.288058678832 43.704279021028 44.6533888864375 136.645726586298
390000 48.4451676340461 43.8099888437495 44.8171788249249 137.07233530272
391000 48.5183354485182 43.9301624320785 44.8834061768413 137.331904057438
392000 48.6441225830261 44.0395000179589 44.9973640776759 137.680986678661
393000 48.7235045059177 44.1644379456954 45.0860981581222 137.974040609735
394000 48.8720278570385 44.2557972614555 45.205228766599 138.333053885093
395000 48.9611403601805 44.3401565130825 45.3452832181044 138.646580091367
396000 49.1015163811091 44.4428731479638 45.4590365406276 139.003426069701
397000 49.2030304028049 44.5815832642208 45.5980559311697 139.382669598195
398000 49.3487710623183 44.6893077106332 45.6834874527358 139.721566225687
399000 49.4115420883665 44.7727418759698 45.8241041877437 140.00838815208
400000 49.5458745332016 44.9294528236377 45.9402704240298 140.415597780869
401000 49.6824170385888 45.0346492756997 46.0408771174258 140.757943431714
402000 49.799262925958 45.1613232880481 46.1639630675728 141.124549281579
403000 49.9361449477473 45.2747739746987 46.2866380147577 141.497556937204
404000 50.072746543609 45.3725530430855 46.374532797062 141.819832383757
405000 50.1984734473826 45.4711596253104 46.458578259809 142.128211332502
406000 50.3065311395678 45.5831309803845 46.6011834374466 142.490845557399
407000 50.3945163626296 45.6852266455846 46.6897830445165 142.769526052731
408000 50.5255938710742 45.8058505977558 46.8326583714628 143.164102840293
409000 50.6451520097855 45.8980597924773 46.9325433280579 143.475755130321
410000 50.7093755935424 45.9838833671504 47.0655687718919 143.758827732585
411000 50.8305863703035 46.111851443733 47.1671373557558 144.109575169792
412000 50.9625881781762 46.1984033449505 47.2790490276013 144.440040550728
413000 51.086542543126 46.3152808991286 47.4106609640916 144.812484406346
414000 51.1968443377949 46.4449712860338 47.4837020597447 145.125517683573
415000 51.3249396405127 46.546597805479 47.5969034167076 145.468440862699
416000 51.5063547005103 46.6384550431924 47.7135675706892 145.858377314392
417000 51.636632669518 46.7528996372624 47.8536109134035 146.243143220184
418000 51.7132960491102 46.8615670293286 47.9059706290643 146.480833707503
419000 51.8040672160811 46.9855732658153 48.0280197144649 146.817660196361
420000 51.9827631262739 47.0810194226844 48.1465243004347 147.210306849393
421000 52.0778685377694 47.2289336524968 48.2547567114141 147.56155890168
422000 52.2303453052527 47.2992569121604 48.3909458828062 147.920548100219
423000 52.3481561904939 47.4224675883487 48.4890271660077 148.25965094485
424000 52.4606835795612 47.555805124029 48.6212222794094 148.637710982999
425000 52.5671088644956 47.6475050406077 48.7243667665213 148.938980671625
426000 52.7062629516617 47.7846992064036 48.8398162990018 149.330778457067
427000 52.8365817261585 47.890962134369 48.9672062812083 149.694750141736
428000 52.9369881514445 48.0045191913825 49.0778226487625 150.019329991589
429000 53.0895209769337 48.098459608937 49.2038648327759 150.391845418647
430000 53.2101258192199 48.2159965679998 49.3124692842292 150.738591671449
431000 53.3309575741172 48.3135206355594 49.4453370677908 151.089815277467
432000 53.4646451685182 48.4295679833428 49.5326414033848 151.426854555246
433000 53.576832340411 48.5475719031503 49.6945937495106 151.818997993072
434000 53.7159270490458 48.6553522734705 49.7990169949108 152.170296317427
435000 53.8346568278435 48.7743627949561 49.9110813666896 152.520100989489
436000 53.9353424271129 48.8921327252867 49.9612847155708 152.78875986797
437000 54.0739613707573 48.9793808569635 50.1235093781825 153.176851605903
438000 54.205010926516 49.1147965205291 50.2044043885323 153.524211835577
439000 54.3822768283044 49.2529506065668 50.2775193314361 153.912746766307
440000 54.4657480239237 49.3134919433839 50.3827150896521 154.16195505696
441000 54.5996840669564 49.4235378190094 50.4869036070684 154.510125493034
442000 54.7226512028645 49.5757688081429 50.5882154032022 154.88663541421
443000 54.8406936535269 49.6925222766752 50.6979048921477 155.23112082235
444000 54.9918349426085 49.7867572986633 50.8071080953081 155.58570033658
445000 55.1327164703212 49.9060733405212 50.9497797034311 155.988569514274
446000 55.2363150998695 50.0118548227006 51.0891229497371 156.337292872307
447000 55.3515876070854 50.1185955585998 51.1969426433231 156.667125809008
448000 55.4954896716616 50.2176119886833 51.333418366062 157.046520026407
449000 55.5856753351389 50.3465369968034 51.444462515415 157.376674847357
450000 55.7052995514533 50.4291890518275 51.5409817997111 157.675470402992
451000 55.8794821366439 50.5279750989974 51.6790857830326 158.086543018674
452000 55.9986989656765 50.6447151949661 51.7903570057851 158.433771166428
453000 56.1198728504472 50.7917686510328 51.9591790903691 158.870820591849
454000 56.2102060889895 50.8983359214432 52.0401285626464 159.148670573079
455000 56.3356405585471 51.0220952757417 52.216267729465 159.574003563754
456000 56.4765089862754 51.1039315537948 52.2860259864342 159.866466526504
457000 56.6514020493768 51.2326989064734 52.3878923464597 160.27199330231
458000 56.7392106615282 51.3677413843392 52.5410528477301 160.648004893597
459000 56.8747984620747 51.4667301971908 52.6752099978814 161.016738657147
460000 56.959681134668 51.5729420947023 52.7651543454538 161.297777574824
461000 57.078710488686 51.7071628773859 52.9000188407268 161.685892206799
462000 57.1794449658863 51.77748494607 53.0014561632299 161.958386075186
463000 57.3243232123185 51.9224518533684 53.1405799026013 162.387354968288
464000 57.4650360589577 52.0214716778684 53.2297295266493 162.716237263475
465000 57.5943269840866 52.1355275307535 53.3244523297797 163.05430684462
466000 57.7314121477927 52.2200782801043 53.4396839234403 163.391174351337
467000 57.8344558799308 52.385348884236 53.5206344870474 163.740439251214
468000 57.9611617993505 52.4771576913895 53.6360023379679 164.074321828708
469000 58.0723817021634 52.5816854586243 53.7609952649526 164.41506242574
470000 58.2084964861131 52.6562554632693 53.8868239752305 164.751575924613
471000 58.3576157240013 52.7577472849134 54.0089072948275 165.124270303742
472000 58.4767501651108 52.8782543434489 54.1544124000656 165.509416908625
473000 58.606709410723 52.9875156937968 54.2977480530751 165.891973157595
474000 58.7230534907603 53.11771899309 54.3836071620579 166.224379645908
475000 58.809428931638 53.2177538086768 54.4588417771637 166.486024517478
476000 58.9430335653592 53.3462711725067 54.5763184603145 166.86562319818
477000 59.0944836037296 53.4366126247363 54.7048117296639 167.23590795813
478000 59.1996400837801 53.567283547285 54.8058583554691 167.572781986534
479000 59.346581743061 53.6931384726972 54.8967395449336 167.936459760692
480000 59.4517731273195 53.7985599180981 54.99097486194 168.241307907358
481000 59.6066891561274 53.9117740815748 55.1289358658536 168.647399103556
482000 59.7058229224265 54.0233332512632 55.2226337952271 168.951789968917
483000 59.8410605199386 54.1275991436158 55.341606229174 169.310265892728
484000 59.9191486751141 54.2368950653019 55.4435094101353 169.599553150551
485000 60.0271044785649 54.3837935453316 55.5398404447231 169.95073846862
486000 60.1717345501056 54.4780267914212 55.6490127563669 170.298774097894
487000 60.3158778322995 54.5689892305952 55.7324623654788 170.617329428374
488000 60.4520322999027 54.7257787160089 55.8176338442186 170.99544486013
489000 60.543028421052 54.8352915449379 55.9170536020282 171.295373568018
490000 60.6611165026857 54.9570431768968 56.0740336330055 171.692193312588
491000 60.7891310106534 55.0724548875022 56.18629841881 172.047884316966
492000 60.9254213554404 55.1980920842199 56.2579687322833 172.381482171944
493000 61.0415244332036 55.2817615665186 56.379758659735 172.703044659457
494000 61.1764825553144 55.4193819451244 56.4695457432804 173.065410243719
495000 61.2936419156163 55.5203631688863 56.5739136255641 173.387918710067
496000 61.430014347729 55.6389311612793 56.690866666472 173.75981217548
497000 61.589041744369 55.7340123838521 56.7903275777733 174.113381705994
498000 61.6971053533859 55.8359063290192 56.9223672925617 174.455378974967
499000 61.838506553802 55.9487212720118 57.0129605371174 174.800188362931
500000 61.9401556332859 56.0581032621493 57.1798387228684 175.178097618304
501000 62.0909448570823 56.211848786844 57.2839635191818 175.586757163108
502000 62.2104854240645 56.3021141023648 57.414635337786 175.927234864215
503000 62.3418445924365 56.3908379305208 57.5548124483236 176.287494971281
504000 62.4814155585805 56.5037245720903 57.6433364497135 176.628476580384
505000 62.5897318006638 56.6157417868704 57.7389712088391 176.944444796373
506000 62.7329730564375 56.7071368434107 57.8444393584363 177.284549258284
507000 62.89470440731 56.8112911712992 57.9692825693909 177.675278148
508000 63.0148217632956 56.956181910548 58.0895430806582 178.060546754502
509000 63.1474438069501 57.076737824709 58.2265393514804 178.450720983139
510000 63.2981788793952 57.2079580409757 58.3055150693227 178.811651989694
511000 63.4102775773086 57.3453509002115 58.3893481353973 179.144976612918
512000 63.518010128577 57.4002117842128 58.5077297453951 179.425951658185
513000 63.6575368585436 57.5360380281815 58.6430050962156 179.836579982941
514000 63.7938303476641 57.6393131381406 58.7504246537522 180.183568139557
515000 63.9286740627166 57.7562356287827 58.8526767972736 180.537586488773
516000 64.0719943332992 57.8529978203492 58.9510640834824 180.876056237131
517000 64.1846740916421 57.9516006591883 59.04246029489 181.17873504572
518000 64.3459118039661 58.1118288382681 59.1847048462683 181.642445488502
519000 64.4908064659808 58.2272432548601 59.2378959189288 181.95594563977
520000 64.6115943430681 58.2785220876093 59.3851902865691 182.275306717246
521000 64.7226707223721 58.3838831756419 59.5206214230557 182.62717532107
522000 64.8414549685971 58.5056863117595 59.6350230050449 182.982164285402
523000 64.9378196506542 58.6410069902213 59.7338111917632 183.312637832639
524000 65.0613316904478 58.738839271131 59.8666440482675 183.666815009846
525000 65.2167818521493 58.8499637962201 59.9649900009415 184.031735649311
526000 65.2891063571585 58.9337754370216 60.1189910012055 184.341872795386
527000 65.4059733145094 59.056118269906 60.2328098567429 184.694901441158
528000 65.4908084150764 59.1582430953506 60.2911265844226 184.94017809485
529000 65.6240556610064 59.2586481260645 60.3742997680011 185.257003555072
530000 65.7904462408521 59.4192304497428 60.5008165623619 185.710493252957
531000 65.9211332383018 59.5536296021633 60.6347553642344 186.109518204699
532000 66.015039620849 59.6861445782159 60.7492192696244 186.450403468689
533000 66.1475208546238 59.775976514374 60.8375196243105 186.761016993308
534000 66.2544288118969 59.8673647462706 60.9887589092322 187.1105524674
535000 66.4093044061981 59.9854606228547 61.0774820081807 187.472247037233
536000 66.5284441913583 60.1427977301201 61.2016907406723 187.872932662151
537000 66.6299334157398 60.2399536340451 61.3039093422747 188.173796392059
538000 66.7377503176954 60.3224755896071 61.4134272577546 188.473653165057
539000 66.8520235841342 60.4062443280995 61.5489563937542 188.807224305988
540000 66.944536065158 60.5073191451409 61.6394212193569 189.091276429656
541000 67.0943646894776 60.594718038815 61.7804949329817 189.469577661274
542000 67.2336265141645 60.7098365180376 61.8598698355587 189.803332867761
543000 67.3676873787633 60.7433366198405 61.9572880748239 190.068312073428
544000 67.5035263912872 60.8773276726987 62.084112616481 190.464966680467
545000 67.6655365290261 61.0174726996702 62.2025207769973 190.885530005694
546000 67.7666071459385 61.1367578552378 62.3002587864983 191.203623787675
547000 67.851005468913 61.2009623396599 62.3916676371184 191.443635445691
548000 67.9363599617104 61.340835491799 62.5541303483275 191.831325801837
549000 68.1210745373676 61.4502941355361 62.6717184257612 192.243087098665
550000 68.1983136969155 61.577132020527 62.8039214812069 192.579367198649
551000 68.3250951854399 61.6945603862582 62.9419775010428 192.961633072741
552000 68.4591076695441 61.7914717388661 62.9902980718583 193.240877480268
553000 68.5552941545804 61.8887817010378 63.1063314938659 193.550407349484
554000 68.6872734318174 62.0164539002944 63.2518286127028 193.955555944815
555000 68.7889696803086 62.1235658403323 63.356164829255 194.268700349896
556000 68.9026130965171 62.2389035217967 63.4900925744764 194.63160919279
557000 69.0096622615292 62.3376653891509 63.5990950674975 194.946422718178
558000 69.2135703428866 62.447527754966 63.7273820713967 195.388480169249
559000 69.2919646636354 62.581578560857 63.8125990045557 195.686142229048
560000 69.4321772426125 62.685710462546 63.910981142896 196.028868848055
561000 69.5460482826093 62.8093105925678 64.0458045815772 196.401163456754
562000 69.688814316606 62.8838061049402 64.1433246238169 196.715945045363
563000 69.8016398211956 62.9994807570635 64.254801768054 197.055922346313
564000 69.9426629818862 63.1196790307679 64.3742816560291 197.436623668683
565000 70.0511577987469 63.2326311945317 64.47815657829 197.761945571569
566000 70.204731702856 63.3497318857296 64.5674916097835 198.121955198369
567000 70.30876673471 63.4493554507953 64.6867127652745 198.44483495078
568000 70.4706410113856 63.5306526077854 64.8078459104751 198.809139529646
569000 70.5529814329318 63.6416456597835 64.889551599602 199.084178692317
570000 70.7100751030257 63.7684916421702 64.9901044023671 199.468671147563
571000 70.8027071516547 63.8900933246677 65.1019526657174 199.79475314204
572000 70.9303880638633 64.0393098152186 65.1951808238871 200.164878702969
573000 71.029391042698 64.1205365120802 65.3008829083744 200.450810463153
574000 71.188977155129 64.2149603955895 65.4196167745041 200.823554325223
575000 71.3145299689372 64.3343220540855 65.5521150512999 201.200967074323
576000 71.4142159345496 64.4179164365675 65.6729536183193 201.505085989436
577000 71.5559997348391 64.4959145571815 65.7720248824439 201.823939174465
578000 71.6562226486252 64.5878259086388 65.8569454989136 202.100994056178
579000 71.755905337454 64.7385916056314 66.0146326043779 202.509129547463
580000 71.8335904420992 64.862546162731 66.0809727158995 202.77710932073
581000 71.9602033409908 64.9960382507146 66.2459101790685 203.202151770774
582000 72.1055842243411 65.0641832519916 66.3281236331246 203.497891109457
583000 72.2478990384965 65.2301600995808 66.4908794739602 203.968938612038
584000 72.3327060154016 65.3061534564089 66.5970017275711 204.235861199382
585000 72.4409421698742 65.3964225628441 66.7181244983705 204.555489231089
586000 72.540699332251 65.4622243824435 66.7932967276365 204.796220442331
587000 72.6744590682586 65.6149911981982 66.9244862111629 205.21393647762
588000 72.8070204462027 65.6985709759052 67.0214683701632 205.527059792271
589000 72.9648272484702 65.7830245872973 67.1385878730712 205.886439708839
590000 73.1168934884288 65.8795058758798 67.209651230846 206.206050595155
591000 73.2238096655879 65.9942901649341 67.2933968236399 206.511496654162
592000 73.3537808896179 66.0720003625315 67.4050199478382 206.830801199988
593000 73.4649771024484 66.1985802929505 67.5231578469078 207.186715242307
594000 73.5746371627517 66.2913937850015 67.6207980724399 207.486829020193
595000 73.6978153730779 66.3869743436957 67.730608494403 207.815398211177
596000 73.8241210566883 66.521042339456 67.7961568773772 208.141320273521
597000 73.9472321893953 66.6565771965328 67.9067134243398 208.510522810268
598000 74.0811568693475 66.7410702747149 68.0201881359613 208.842415280024
599000 74.1818832160564 66.8639924498805 68.1568542246834 209.20272989062
600000 74.2956544054538 66.9487511582209 68.2595762036419 209.503981767317
601000 74.3957729544743 67.1001800376245 68.3636661547434 209.859619146842
602000 74.5482230082098 67.2135594571022 68.4665349634228 210.228317428735
603000 74.6782810379539 67.3465532505847 68.6424678190115 210.66730210755
604000 74.7704136736234 67.4562223276511 68.7507760782418 210.977412079516
605000 74.8532324633203 67.5591174475886 68.8521642025721 211.264514113481
606000 75.0017312992155 67.6867600961915 68.9962269915054 211.684718386912
607000 75.1238472209602 67.7968645613687 69.0826419441867 212.003353726516
608000 75.2669424636516 67.9123787340702 69.2671516981939 212.446472895916
609000 75.4314741312409 68.0168848051617 69.3924360857278 212.84079502213
610000 75.5751665570994 68.1390567140337 69.5243040615077 213.238527332641
611000 75.6802873505697 68.2855062881412 69.6472996210743 213.613093259785
612000 75.7825376808823 68.3789806162543 69.7902028975763 213.951721194713
613000 75.9250558899216 68.4760757993189 69.8856974276892 214.28682911693
614000 76.0567275626628 68.5935716830107 70.0133627898663 214.66366203554
615000 76.2330738048641 68.7268331731974 70.1255675269109 215.085474504972
616000 76.355478284305 68.8346788335262 70.2328970047386 215.42305412257
617000 76.5159517074626 68.8908528362904 70.3283595448862 215.735164088639
618000 76.6095966725197 68.9870903227622 70.4127232857605 216.009410281042
619000 76.7148936252108 69.0672074638203 70.50977280631 216.291873895341
620000 76.7715988069213 69.2060408710922 70.5919887477967 216.56962842581
621000 76.894905309058 69.2712861260428 70.7225008590908 216.888692294192
622000 76.9887170589068 69.3950222511049 70.8272360426255 217.210975352637
623000 77.1208291350861 69.5047133314649 70.9302835223017 217.555825988853
624000 77.2562774861125 69.6220713743718 71.0230416806627 217.901390541147
625000 77.3635168974608 69.7267042143777 71.1255191445738 218.215740256412
626000 77.4950254627974 69.8575369205369 71.2310093314111 218.583571714745
627000 77.6103012280176 69.9522061780942 71.3984839217875 218.960991327899
628000 77.7442492407949 70.0411380783892 71.4792052592638 219.264592578448
629000 77.8322214007613 70.1695780651451 71.5936037819505 219.595403247857
630000 77.9272607536911 70.2786452037035 71.706254605396 219.912160562791
631000 78.0701134721524 70.3938113508151 71.8069745059524 220.27089932892
632000 78.2439096522428 70.5262472913464 71.9401219299302 220.710278873519
633000 78.3699123116714 70.5855970077054 72.0727482666837 221.028257586061
634000 78.5004349855023 70.7062188833768 72.1776373959059 221.384291264785
635000 78.6545467119684 70.8234456252931 72.3159945116589 221.79398684892
636000 78.7653518019308 70.9121327868341 72.4550872050622 222.132571793827
637000 78.8860143691169 71.0305527401314 72.5638538073041 222.480420916552
638000 78.9802693860317 71.1394706286639 72.675882534457 222.795622549153
639000 79.1213873229506 71.2815671000156 72.8345917381896 223.237546161156
640000 79.2438038167973 71.3891472995746 72.9046872895928 223.537638405965
641000 79.3163597911054 71.5190332067233 73.0532920329152 223.888685030744
642000 79.461432285024 71.5878644433585 73.0949811710613 224.144277899444
643000 79.573257774769 71.7049732539938 73.2169394187418 224.495170447505
644000 79.6522308080067 71.8535767638837 73.3511684081242 224.856975980015
645000 79.8080536138854 71.9599065266145 73.4513007189096 225.219260859409
646000 79.9696761135889 72.0152234145151 73.5710156371197 225.555915165224
647000 80.0884756992026 72.1331662441918 73.6980258741572 225.919667817552
648000 80.1751418858094 72.2516992899366 73.8277957911616 226.254636966908
649000 80.3337484649976 72.364922349101 73.908596962134 226.607267776233
650000 80.4204696850619 72.5048230667754 74.0569761644656 226.982268916303
651000 80.5657851548972 72.659913566243 74.1701725287817 227.395871249922
652000 80.681950288872 72.7713981570736 74.2970824065601 227.750430852506
653000 80.8431412179401 72.8789448364373 74.3974448094232 228.119530863801
654000 80.9159344026851 72.9674302343999 74.4612554028152 228.3446200399
655000 81.0175371257983 73.115483964483 74.5602133384119 228.693234428693
656000 81.1710120945462 73.2407459573422 74.6862433992552 229.098001451144
657000 81.2802560148402 73.3119646203092 74.7523945281188 229.344615163268
658000 81.4213178025383 73.4165455452329 74.8780740455232 229.715937393294
659000 81.5498201924953 73.5231126073374 74.9558358463583 230.028768646191
660000 81.6480519557476 73.6170146197585 75.0676089172517 230.332675492758
661000 81.7736337986923 73.7083002160417 75.1683791563276 230.650313171062
662000 81.8932018755529 73.8365705077333 75.2998100965862 231.029582479872
663000 81.9909705904414 73.9750211132914 75.4030282978558 231.369020001589
664000 82.0880045211849 74.0919818980059 75.5307287882773 231.710715207468
665000 82.2225447478826 74.1544615675786 75.6442312200851 232.021237535546
666000 82.3188423838381 74.2134986576412 75.7811678801288 232.313508921608
667000 82.4520041437921 74.3374111159324 75.8755012140247 232.664916473749
668000 82.587673321662 74.4152848055147 75.9908418923591 232.993800019536
669000 82.6855006831093 74.5919013492357 76.0948496915068 233.372251723852
670000 82.8501133403307 74.6854276886307 76.1991027145789 233.73464374354
671000 82.9907793936796 74.7961463360638 76.3084689990267 234.09539472877
672000 83.0961844747614 74.9460462621511 76.4398014627334 234.482032199646
673000 83.2363445869444 75.0617726224429 76.5821232352372 234.880240444624
674000 83.3647540525637 75.1656860900937 76.6839836885072 235.214423831165
675000 83.4436635283748 75.2411926041376 76.7915316879168 235.476387820429
676000 83.5130157744317 75.376019002244 76.9053205297418 235.794355306418
677000 83.6600802117456 75.4731665479875 76.9740595236104 236.107306283343
678000 83.7830038945105 75.5960705780582 77.1111959966492 236.490270469218
679000 83.9012541678882 75.7407821181392 77.1951901200989 236.837226406126
680000 84.0595162096997 75.8547046987205 77.3201317143358 237.234352622756
681000 84.1959728418503 75.9466044807346 77.4593807935894 237.601958116174
682000 84.3174836495297 76.0574733139148 77.5894076752845 237.964364638729
683000 84.4462679316171 76.1581208124934 77.7104123238868 238.314801067997
684000 84.4812987750764 76.2562803097581 77.7771841678747 238.514763252709
685000 84.6295755099471 76.3559504828108 77.9397603746739 238.925286367432
686000 84.7706229813201 76.4508088019087 78.0770006686002 239.298432451829
687000 84.9836130657925 76.5367910828786 78.2240918623221 239.744496010993
688000 85.0763590965968 76.6572414774249 78.3168281266868 240.050428700708
689000 85.2412452319476 76.7837947099693 78.468740167065 240.493780108982
690000 85.3384063742608 76.885857861676 78.5491903404511 240.773454576388
691000 85.4652719138507 77.0070195099465 78.7026601702094 241.174951594006
692000 85.5435181270598 77.1067808293812 78.7762583701805 241.426557326621
693000 85.6460292044737 77.1903503937147 78.9227844421634 241.759164040352
694000 85.8235387905222 77.2857541323312 79.0500027931698 242.159295716023
695000 85.9454960827318 77.3920856655484 79.1742282298177 242.511809978098
696000 86.0836821549133 77.5048577712138 79.2778865859765 242.866426512104
697000 86.1879432516141 77.6020651843731 79.3755263517665 243.165534787754
698000 86.3109944071138 77.7042125929172 79.4766019225965 243.491808922627
699000 86.4364428950302 77.8245984272372 79.6446063696684 243.905647691936
700000 86.5076367361001 77.9026478517242 79.7653799093715 244.175664497196
701000 86.6336319363139 77.979482126358 79.8497891037597 244.462903166432
702000 86.7820128135875 78.0761711018082 79.9674670500504 244.825650965446
703000 86.9227053362664 78.1984016772288 80.12617624928 245.247283262775
704000 87.0502911616987 78.3736655454952 80.2752764142758 245.69923312147
705000 87.1870011797544 78.477010582239 80.3693526883113 246.033364450305
706000 87.3268023540595 78.5778626478219 80.4929007882397 246.397565790121
707000 87.4519372582116 78.7156325926408 80.5672890296032 246.734858880456
708000 87.5611896655593 78.821388028672 80.6732437970147 247.055821491246
709000 87.682808573734 78.9596741617638 80.7842427817697 247.426725517268
710000 87.8305431452039 79.0767358640054 80.8407977981053 247.748076807315
711000 87.938783842307 79.1838175160864 81.0048521560654 248.127453514459
712000 88.067209997122 79.3393259380359 81.0903541955783 248.496890130736
713000 88.2171390330658 79.4515963823424 81.2145186533537 248.883254068762
714000 88.3403999595742 79.5000982547395 81.3124671296111 249.152965343925
715000 88.5022615865606 79.665581704986 81.3916824236545 249.559525715201
716000 88.5822981166413 79.7904882861696 81.5353918702113 249.908178273022
717000 88.7596937839262 79.9343583015464 81.6238693527002 250.317921438173
718000 88.8441618566563 80.0302888457157 81.7593865111867 250.633837213559
719000 88.9649740122455 80.1740722406532 81.8528700860954 250.991916338994
720000 89.0914384630337 80.3021523511805 81.9655694111707 251.359160225385
721000 89.169251895765 80.4076654176843 82.0759868609373 251.652904174387
722000 89.323632071175 80.5065419728665 82.1854214289679 252.015595473009
723000 89.4673943634027 80.6333732448611 82.3057764600872 252.406544068351
724000 89.5886820972745 80.7185784547008 82.4114636201487 252.718724172124
725000 89.6973251043645 80.8755179148961 82.5297345439471 253.102577563208
726000 89.8256874278642 80.9441100680027 82.6091270669956 253.378924562863
727000 89.9840220131273 81.032683935857 82.7150858505486 253.731791799533
728000 90.1408876715373 81.1525674961206 82.8557603735596 254.149215541218
729000 90.1882997793531 81.2631491743118 82.9571337121706 254.408582665835
730000 90.3556721824369 81.4091660390009 83.1085440896697 254.873382311107
731000 90.5095657392443 81.5048168452977 83.2070288070719 255.221411391614
732000 90.6293908964251 81.5879671796709 83.354274095243 255.571632171339
733000 90.7635550652979 81.6753525171016 83.4871960724886 255.926103654888
734000 90.872789488805 81.7812564715357 83.6178719494339 256.271917909775
735000 90.9662486424569 81.9014838057613 83.7389012114425 256.606633659661
736000 91.1294663049875 82.0258768469574 83.8404377146598 256.995780866605
737000 91.1698468314429 82.1243159793103 83.9590892008359 257.253252011589
738000 91.3095448327048 82.2005215019189 84.0877157101155 257.597782044739
739000 91.4256771463988 82.3277252738276 84.2363655537008 257.989767973927
740000 91.5683388676248 82.4143132220213 84.3102957981092 258.292947887755
741000 91.676225319873 82.4990453228035 84.4271334321432 258.60240407482
742000 91.8097236335858 82.576444280263 84.5261777125113 258.91234562636
743000 91.9028833662426 82.7078200905611 84.6166960763244 259.227399533128
744000 92.0479902971787 82.8340164950268 84.7158458574345 259.59785264964
745000 92.1359981933044 82.9694136658488 84.8199341412591 259.925346000412
746000 92.2520719032706 83.0832553368236 84.9681653376566 260.303492577751
747000 92.4287148983199 83.180993692276 85.1049493524527 260.714657943049
748000 92.5360074739431 83.3003129699553 85.1966877622852 261.033008206184
749000 92.6772364848029 83.3992408161166 85.2959700068581 261.372447307778
750000 92.7958004728487 83.4951056718694 85.352814558455 261.643720703173
751000 92.9370220407739 83.5772508991217 85.4590892793806 261.973362219276
752000 93.0750529760997 83.7344374755761 85.5232014089724 262.332691860648
753000 93.2205848882705 83.7925479334329 85.7058292075039 262.718962029207
754000 93.3253982673581 83.9081397755682 85.7746517419748 263.008189784901
755000 93.439482296308 84.0151019143231 85.8731789220447 263.327763132676
756000 93.5314682866071 84.1657548516685 85.9367191707647 263.63394230904
757000 93.6370388691093 84.2045272948895 86.0856595724075 263.927225736406
758000 93.7351743153788 84.341660354306 86.1826998327653 264.25953450245
759000 93.8914904657488 84.4932382710324 86.2782017143923 264.662930451173
760000 93.9501323785175 84.6154143145847 86.3975545652972 264.963101258399
761000 94.0793612365266 84.7111617870144 86.5454210521674 265.335944075708
762000 94.1753657842839 84.7887221286497 86.6569588977915 265.621046810725
763000 94.3043427102866 84.8935219967307 86.7325637263882 265.930428433405
764000 94.4812626550271 85.0751512094944 86.92065877909 266.477072643612
765000 94.5446467860127 85.1525131313114 87.0412810278002 266.738440945124
766000 94.7063439591892 85.284566971381 87.1036571457546 267.094568076325
767000 94.765954346717 85.4132077961068 87.2388074723755 267.417969615199
768000 94.9228757456391 85.5327150058013 87.337953088274 267.793543839714
769000 95.0059376680362 85.6306435587383 87.437790005936 268.074371232711
770000 95.1099886121076 85.7320146321026 87.5955570660559 268.437560310266
771000 95.2559644419458 85.8253171006241 87.7523271570235 268.833608699593
772000 95.4120544938241 85.8860410978643 87.8384853109906 269.136580902679
773000 95.528462599044 86.0312025284313 87.9104820265255 269.470147154001
774000 95.6262391880692 86.1581006631817 88.0641484408644 269.848488292115
775000 95.7449709156899 86.2956266646926 88.1770087254941 270.217606305877
776000 95.9158404537034 86.4135445464658 88.3046774926278 270.634062492797
777000 95.9986621817431 86.5000611051253 88.4001876441052 270.898910930974
778000 96.1125261364651 86.6581271594341 88.4908376443399 271.261490940239
779000 96.3120643407154 86.6997162673788 88.6179292001352 271.629709808229
780000 96.4184357355544 86.8396248302521 88.7243662081409 271.982426773947
781000 96.52763266721 86.897592739029 88.8867756987783 272.312001105017
782000 96.6817425874594 87.0136399140481 89.0423225740149 272.737705075522
783000 96.8444527744145 87.1212884412033 89.1437879054238 273.109529121042
784000 96.9144925100287 87.3132746170708 89.2199022868308 273.44766941393
785000 97.0272654192653 87.4231462466783 89.3563387035187 273.806750369462
786000 97.1589511862028 87.4745571563843 89.4158637007358 274.049372043323
787000 97.2429331182866 87.5649511048135 89.5374064950125 274.345290718113
788000 97.3662540225898 87.7230321978609 89.6094735646729 274.698759785124
789000 97.5205191724236 87.8481177735782 89.711013868967 275.079650814969
790000 97.6104888474816 87.9631341169549 89.8311504528244 275.404773417261
791000 97.7584144308662 88.0464114156164 89.8983161369216 275.703141983404
792000 97.8621112722442 88.182368684595 90.0407937591835 276.085273716023
793000 98.0095026091416 88.2822008185529 90.1823303976769 276.474033825371
794000 98.0960764666594 88.3691901540805 90.296232012766 276.761498633506
795000 98.2237379348421 88.5515579024627 90.3942550162024 277.169550853507
796000 98.3844583198539 88.5889966928222 90.5092565946995 277.482711607376
797000 98.4474598246829 88.7397576323611 90.6121214191188 277.799338876163
798000 98.5930807360262 88.8116128148342 90.7252004658344 278.129894016695
799000 98.7011987145744 88.9652267071801 90.8604441347248 278.526869556479
800000 98.822374532623 89.0964039981384 90.9492320837478 278.868010614509
801000 98.9281680588248 89.191695461753 91.0192270559921 279.13909057657
802000 99.0821072785224 89.2468560749049 91.157484566964 279.486447920391
803000 99.2197339481269 89.3355954884072 91.246231966128 279.801561402662
804000 99.3475912416763 89.4197444856471 91.3297305412118 280.097066268535
805000 99.4871051072869 89.5336521006921 91.4465643012316 280.467321509211
806000 99.6115256295679 89.6824826682979 91.559302824625 280.853311122491
807000 99.7590381267186 89.8110891913881 91.6718798100357 281.242007128142
808000 99.8373979277102 89.9014109693518 91.7620503948768 281.500859291939
809000 100.00954449579 90.0451452020535 91.900920115574 281.955609813417
810000 100.109540680518 90.142624067584 91.9788385884141 282.231003336516
811000 100.171991021912 90.2524964915937 92.0933882370362 282.517875750541
812000 100.31346821223 90.3342435671632 92.2297226592172 282.87743443861
813000 100.420383422624 90.4567619126178 92.3179403294098 283.195085664652
814000 100.529698071682 90.5762986816706 92.4556170929177 283.561613846271
815000 100.686648002737 90.7464493183124 92.5939250428157 284.027022363865
816000 100.79385244924 90.8524813441461 92.7179742368772 284.364308030263
817000 100.885896872034 90.9260302860744 92.7682294081973 284.580156566305
818000 101.028141371998 91.0167629248225 92.9134313142203 284.958335611041
819000 101.153613989044 91.1435178227641 93.0181404049319 285.31527221674
820000 101.267128317053 91.2943482906401 93.1238057568856 285.685282364579
821000 101.375578594872 91.37490372467 93.2310127187302 285.981495038272
822000 101.496997435072 91.4747583406041 93.3134906384893 286.285246414165
823000 101.600004943513 91.5888276233801 93.3921092225001 286.580941789393
824000 101.717149686489 91.6960229724078 93.4898430497209 286.903015708618
825000 101.843060779885 91.7761262275861 93.6089418147977 287.228128822269
826000 101.941223996729 91.895817579741 93.7266496800543 287.563691256524
827000 102.058516250165 91.9837142410281 93.8234428105536 287.865673301747
828000 102.179288958171 92.0869457224392 93.9433386462767 288.209573326887
829000 102.323220419666 92.1943539058951 94.0734279400482 288.59100226561
830000 102.452214028597 92.3288918525335 94.1900311831483 288.971137064279
831000 102.559459314963 92.4038729484475 94.3289732790931 289.292305542504
832000 102.69392289472 92.5384052197822 94.4733429336867 289.705671048188
833000 102.823972534085 92.5659278746502 94.5705969534718 289.960497362207
834000 102.946616796783 92.6914986272948 94.6983927259979 290.336508150076
835000 103.082883628746 92.7816010079077 94.8225286240982 290.687013260752
836000 103.197446447726 92.9321646518924 94.9734220512949 291.103033150914
837000 103.325139038732 93.0379394418005 95.0289362469916 291.392014727524
838000 103.431942009535 93.1182492483162 95.1613438688696 291.711535126721
839000 103.544588485039 93.2679964119678 95.252648202349 292.065233099355
840000 103.68748341165 93.3759324271908 95.4339308865258 292.497346725366
841000 103.811761673646 93.5123817762443 95.534116406123 292.858259856013
842000 103.945816231948 93.6347143635207 95.657135234523 293.237665829992
843000 104.089580122897 93.7516962634485 95.7376296225265 293.578906008872
844000 104.170425088686 93.8583073806453 95.8436968576279 293.87242932696
845000 104.306491833693 93.9265882992032 96.0028813143969 294.235961447293
846000 104.393073588957 94.0565062544819 96.1150418386511 294.56462168209
847000 104.524809115187 94.161524850008 96.2320590920865 294.918393057282
848000 104.62865448659 94.2791484055328 96.3602449549381 295.268047847061
849000 104.809994358632 94.351626254164 96.4533083276794 295.614928940475
850000 104.922060918853 94.4976042863898 96.5419823402945 295.961647545537
851000 105.057068517211 94.600970318975 96.6660712958964 296.324110132083
852000 105.193208717345 94.6925842348941 96.7387370357887 296.624529988028
853000 105.311140907081 94.7701874769326 96.8357085257211 296.917036909735
854000 105.440896081936 94.8963750375733 96.942498405141 297.27976952465
855000 105.56488877487 95.0231479015687 97.1224476494501 297.710484325889
856000 105.64122194459 95.1503949858849 97.1998913926767 297.991508323152
857000 105.808064694518 95.2662129499346 97.2935992228957 298.367876867348
858000 105.919804887645 95.3887740208508 97.4043538547822 298.712932763278
859000 106.0853181735 95.4891201255596 97.543385080585 299.117823379645
860000 106.234735896264 95.6318794444955 97.6345990111516 299.501214351911
861000 106.353398478906 95.7427434622407 97.738575839798 299.834717780945
862000 106.520591985829 95.8779226672904 97.8471888889706 300.24570354209
863000 106.636340798773 96.014523577179 98.0081122606961 300.658976636648
864000 106.676054149438 96.1262173300671 98.0490826185228 300.851354098028
865000 106.755602667598 96.2867899012244 98.1497612122238 301.192153781046
866000 106.887885038983 96.3468552843998 98.2399542937842 301.474694617167
867000 107.014360491184 96.5060660343878 98.3727132702913 301.893139795863
868000 107.162176582192 96.5935250277489 98.46179425199 302.217495861931
869000 107.296737669894 96.6655855328066 98.6332820110029 302.595605213703
870000 107.39507351596 96.7822303501882 98.7345818692022 302.91188573535
871000 107.49860676442 96.8423365920573 98.9002078190647 303.241151175542
872000 107.619143118037 96.9571890407139 99.0098062389392 303.58613839769
873000 107.703967508115 97.0777116768647 99.0341464596886 303.815825644668
874000 107.860045644833 97.1926259595556 99.1798943330847 304.232565937473
875000 107.971731350969 97.3084431884208 99.2991729499335 304.579347489323
876000 108.046329140474 97.4080819837109 99.3995250939589 304.853936218144
877000 108.169138673314 97.5446264738445 99.5254132172033 305.239178364362
878000 108.274152348549 97.6532243784283 99.6187733393137 305.546150066291
879000 108.433792637234 97.7876139629552 99.7510460874015 305.972452687591
880000 108.544185266562 97.8789629348345 99.8529658139499 306.276114015346
881000 108.700326707549 98.0216050744372 100.021709838814 306.7436416208
882000 108.83979489984 98.0815275980087 100.109314440462 307.03063693831
883000 109.000411955115 98.2605735278009 100.21267053677 307.473656019686
884000 109.114852026003 98.3623068231109 100.359187484845 307.836346333959
885000 109.193687557874 98.4795195306984 100.461237285118 308.134444373691
886000 109.28722067831 98.599774808329 100.600512351297 308.487507837936
887000 109.452408205781 98.7006691566742 100.716713406496 308.869790768952
888000 109.604309227986 98.8303966645838 100.829728157081 309.264434049652
889000 109.716132215844 98.9225877194525 100.927980668979 309.566700604276
890000 109.826780737561 99.0452256712451 101.067460624424 309.93946703323
891000 109.953445212165 99.1305982078057 101.177878036154 310.261921456125
892000 110.081363079421 99.2730533351748 101.334122698868 310.688539113463
893000 110.195711387553 99.418774936683 101.436299904992 311.050786229228
894000 110.350813727352 99.5520842798219 101.534420097376 311.43731810455
895000 110.49290628261 99.5879919901782 101.656256864241 311.737155137029
896000 110.64022847075 99.7370491365759 101.774805982367 312.152083589693
897000 110.711092976842 99.7825258093637 101.887107420371 312.380726206577
898000 110.848881108816 99.8618635992984 101.98149478982 312.692239497934
899000 110.997009861323 99.986860616448 102.106060058352 313.089930536123
900000 111.080052467896 100.04624973527 102.209573482204 313.33587568537
901000 111.255438929962 100.210896245109 102.312608784386 313.778943959458
902000 111.374935366261 100.259530841627 102.433380906087 314.067847113975
903000 111.519298623213 100.42675399733 102.521670822712 314.467723443254
904000 111.655738247135 100.506246193581 102.660451455476 314.822435896192
905000 111.78496819786 100.637659873404 102.820807334579 315.243435405843
906000 111.903174736209 100.741148023739 102.92284146935 315.567164229299
907000 112.058383735892 100.90051716597 103.007535960028 315.96643686189
908000 112.193568727796 100.98798751451 103.106821017501 316.288377259806
909000 112.322453480251 101.091816288922 103.241848791743 316.656118560916
910000 112.419718529748 101.203432905511 103.435424318444 317.058575753703
911000 112.612046138914 101.312159824433 103.503487810117 317.427693773464
912000 112.723329249756 101.410937638185 103.610828897411 317.745095785352
913000 112.872359918047 101.475157906728 103.725759636973 318.073277461747
914000 113.027098073917 101.635110459535 103.772278843138 318.434487376589
915000 113.120943211862 101.68139299685 103.900821855651 318.703158064363
916000 113.255594420016 101.787467383966 104.039862792874 319.082924596856
917000 113.36090545745 101.913734773833 104.161805730249 319.436445961533
918000 113.472541478867 101.990142088217 104.270437078168 319.733120645252
919000 113.630481011608 102.096236320249 104.353145656561 320.079862988418
920000 113.757744912759 102.282216330137 104.470202020971 320.510163263867
921000 113.899837279585 102.348506952181 104.536784428289 320.785128660056
922000 114.002381417752 102.434968042669 104.733598922757 321.170948383178
923000 114.08594918671 102.57594246972 104.809654676264 321.471546332694
924000 114.176457984245 102.634098496279 104.891778185204 321.702334665728
925000 114.293358629294 102.73556865267 105.051814856091 322.080742138055
926000 114.412678415492 102.816388030122 105.171645833284 322.400712278898
927000 114.527441080325 102.942794717941 105.240556122111 322.710791920377
928000 114.597552887344 103.022350651349 105.305023488679 322.924927027372
929000 114.691392280093 103.135352438229 105.405630795894 323.232375514216
930000 114.811600193343 103.272114220788 105.525127212867 323.608841626999
931000 114.955475698039 103.342705935257 105.623928629777 323.922110263074
932000 115.081828904835 103.46751814035 105.706264915933 324.255611961118
933000 115.177114695624 103.561036314069 105.792491663379 324.530642673072
934000 115.276155407909 103.671668585303 105.926662856882 324.874486850094
935000 115.406788179276 103.756452395273 105.990248039481 325.153488614031
936000 115.574159720374 103.895077576124 106.117409226131 325.586646522628
937000 115.696652382335 103.9854910939 106.250442683643 325.932586159878
938000 115.837257218643 104.111347403889 106.347557544334 326.296162166866
939000 115.893667660678 104.103285635554 106.458524526634 326.455477822866
940000 116.021832131533 104.225396072879 106.578161726884 326.825389931295
941000 116.182829782309 104.301358921564 106.748312994446 327.232501698319
942000 116.297913738173 104.389048510296 106.841834711482 327.528796959952
943000 116.39085046067 104.482417471713 106.947461382065 327.820729314448
944000 116.546200522604 104.605060217309 107.066883065841 328.218143805753
945000 116.657636051296 104.71706421251 107.200472803086 328.575173066891
946000 116.79104953587 104.82505422624 107.303933843062 328.920037605171
947000 116.862756793267 104.927657059502 107.402494713457 329.192908566226
948000 116.946485516924 105.016469737544 107.587406042954 329.550361297421
949000 117.114044218589 105.12220317909 107.662847917862 329.899095315541
950000 117.152635840409 105.254225945256 107.75022151238 330.157083298044
951000 117.260580746739 105.371510122946 107.852068353357 330.484159223042
952000 117.411972103827 105.495559637802 107.929784810277 330.837316551907
953000 117.559038933665 105.572731637462 108.109034412581 331.240804983707
954000 117.683044900394 105.634353857104 108.241237764974 331.558636522473
955000 117.790351874548 105.727388037313 108.375790765168 331.893530677029
956000 117.898391256022 105.861236198682 108.464685571199 332.224313025903
957000 118.000503276551 106.000855224346 108.585003485217 332.586361986115
958000 118.120362188005 106.123822468146 108.720211015556 332.964395671707
959000 118.269716255007 106.190925246254 108.865299845078 333.325941346339
960000 118.41455261535 106.30765873643 108.955248695691 333.677460047471
961000 118.52939014206 106.397417631519 109.052862432419 333.979670205998
962000 118.621011492982 106.535065677456 109.142697990537 334.298775160976
963000 118.712508953944 106.599800501153 109.228102371033 334.540411826129
964000 118.841980402431 106.725505306957 109.356724357523 334.924210066911
965000 118.942599445717 106.802947624718 109.400702100308 335.146249170743
966000 119.025808889584 106.934922881599 109.469564954496 335.430296725679
967000 119.113275293661 106.977337928851 109.654243627299 335.744856849812
968000 119.26236180313 107.12995742161 109.769701114458 336.162020339198
969000 119.446416777864 107.212783179349 109.905619493757 336.56481945097
970000 119.58270074513 107.328875042 109.974588504898 336.886164292028
971000 119.628204552188 107.425774448131 110.119162943167 337.173141943486
972000 119.757445351757 107.566721928294 110.263263886053 337.587431166104
973000 119.898230320993 107.664972138364 110.322676108182 337.885878567539
974000 119.989430346584 107.787222562961 110.443276252097 338.219929161642
975000 120.15558941159 107.868846704406 110.518213659017 338.542649775014
976000 120.252635987935 107.940031523432 110.607712716748 338.800380228116
977000 120.3772978363 108.099126809897 110.741934058046 339.218358704243
978000 120.553947283222 108.197492704414 110.84647916148 339.597919149116
979000 120.647750933079 108.301850005157 110.951243396695 339.90084433493
980000 120.843320369035 108.406353893885 111.055215484227 340.304889747147
981000 120.935553329915 108.550230255638 111.178922360785 340.664705946338
982000 121.089613610089 108.683060286102 111.33725748872 341.109931384911
983000 121.178984252803 108.781232048138 111.399658875274 341.359875176216
984000 121.323588594497 108.914069618163 111.565689895586 341.803348108245
985000 121.469743339339 108.97405883285 111.685075943878 342.128878116067
986000 121.597397223606 109.056095473295 111.794073822789 342.44756651969
987000 121.749276590681 109.173015513589 111.884573783448 342.806865887717
988000 121.847728303336 109.291282157265 112.016354712253 343.155365172854
989000 121.985221387973 109.360161056546 112.159566012139 343.504948456659
990000 122.166543443311 109.468426068337 112.278088983358 343.913058495005
991000 122.312852757404 109.56226643574 112.464954700566 344.34007389371
992000 122.412616602404 109.701532217375 112.595254409402 344.709403229181
993000 122.509832369001 109.783069033191 112.704347569464 344.997248971656
994000 122.635248647034 109.872600140783 112.796653713514 345.304502501332
995000 122.734484802857 109.94852407512 112.927244452027 345.610253330004
996000 122.858733703572 110.10133254646 113.037582608838 345.99764885887
997000 122.94847446995 110.232889052256 113.101324041773 346.282687563978
998000 123.117515232136 110.321524720709 113.245954570301 346.684994523146
999000 123.271243011645 110.446886275257 113.378935483225 347.097064770126
1000000 123.362487504008 110.568521887104 113.473376094224 347.404385485336
1001000 123.552707531023 110.630503575686 113.570213071342 347.753424178051
1002000 123.671149835363 110.751934042316 113.648776626128 348.071860503807
1003000 123.822238596784 110.844519091087 113.796996923002 348.463754610873
1004000 123.914629637268 110.992170328993 113.887508289042 348.794308255303
1005000 123.993377477397 111.098133723502 114.015930664264 349.107441865163
1006000 124.114491091776 111.236581397793 114.085933971587 349.437006461156
1007000 124.20694431014 111.343471543474 114.227863767025 349.778279620639
1008000 124.337315819022 111.464110550748 114.343407729332 350.144834099102
1009000 124.409105535864 111.583369844055 114.486066631198 350.478542011117
1010000 124.584775897483 111.702713464907 114.593171738257 350.880661100646
1011000 124.657220730979 111.802901550521 114.722854134814 351.182976416314
1012000 124.759313662956 111.91812208751 114.860483528437 351.537919278903
1013000 124.879670740533 112.026887883094 114.978465407403 351.885024031031
1014000 125.03982131542 112.06758297562 115.080646167573 352.188050458613
1015000 125.187941424533 112.264094669971 115.242729044155 352.694765138659
1016000 125.270061612747 112.346674153381 115.32698960405 352.943725370177
1017000 125.402365736492 112.41335745672 115.415621104288 353.2313442975
1018000 125.532817083717 112.598479424129 115.534940549181 353.666237057027
1019000 125.623340963985 112.681270342061 115.704191857026 354.008803163072
1020000 125.710066428861 112.776711965527 115.803783382081 354.290561776469
1021000 125.800466942506 112.850539548321 115.924900175811 354.575906666638
1022000 125.905504984688 112.93315434274 116.057077426515 354.895736753942
1023000 126.088574175837 113.061203386924 116.180188500318 355.329966063079
1024000 126.252973706906 113.145375299259 116.26571743015 355.664066436315
1025000 126.378199891255 113.244842622829 116.35400160209 355.977044116174
1026000 126.503874600931 113.400565238605 116.486937199341 356.391377038876
1027000 126.64102661256 113.566467885883 116.603643465038 356.811137963481
1028000 126.767546007945 113.65551618903 116.780346393417 357.203408590392
1029000 126.903724212974 113.736645302105 116.95684956136 357.597219076439
1030000 127.016212409477 113.872759494113 117.006118193473 357.895090097063
1031000 127.097539848768 114.013416104273 117.162245030206 358.273200983247
1032000 127.241870232583 114.139615684563 117.305561014371 358.687046931517
1033000 127.349911503899 114.252175373411 117.389927915963 358.992014793273
1034000 127.448780532167 114.395084038062 117.54564936486 359.389513935089
1035000 127.607036028057 114.479498283138 117.658585945507 359.745120256703
1036000 127.66483488599 114.541368162153 117.801675342406 360.007878390549
1037000 127.7252093839 114.675964124261 117.947907188274 360.349080696435
1038000 127.907515038594 114.798466240318 118.059957544448 360.76593882336
1039000 128.022552991052 114.899737776861 118.153698605213 361.075989373127
1040000 128.17769677375 115.013744753246 118.269287476578 361.460729003574
1041000 128.267545913575 115.141217292319 118.364795495922 361.773558701816
1042000 128.389048845232 115.288559075022 118.502565464767 362.18017338502
1043000 128.493761787207 115.410441537849 118.666170662095 362.570373987152
1044000 128.579533390124 115.527728862547 118.73397518038 362.841237433051
1045000 128.732711164944 115.636373743977 118.834761476576 363.203846385498
1046000 128.814156231422 115.767676032618 118.999911835447 363.581744099487
1047000 128.984906279857 115.878294482855 119.07758942023 363.940790182942
1048000 129.096596987001 115.938224330797 119.264101967171 364.298923284969
1049000 129.235350990588 115.994567784785 119.393858467167 364.623777242541
1050000 129.370058697265 116.063740287203 119.450642482245 364.884441466713
1051000 129.455052607098 116.186187731679 119.558803837045 365.200044175822
1052000 129.595363281792 116.325859020693 119.689935936891 365.611158239376
1053000 129.675815984646 116.468450966233 119.773044131443 365.917311082323
1054000 129.776793702199 116.552117197435 119.908136643099 366.237047542733
1055000 129.906359651321 116.655375175556 119.988113036112 366.549847862989
1056000 130.051958075889 116.752429706156 120.049982429184 366.854370211229
1057000 130.125724565623 116.85962441558 120.138521761801 367.123870743004
1058000 130.248832570488 117.03662874851 120.263737508144 367.549198827142
1059000 130.330547538012 117.102059253656 120.389982485018 367.822589276686
1060000 130.454201280725 117.241850816054 120.480428636013 368.176480732793
1061000 130.569423163634 117.360039807642 120.631229378813 368.560692350089
1062000 130.750974032091 117.430873969775 120.698346326239 368.880194328105
1063000 130.832273273443 117.593106957477 120.834233467524 369.259613698445
1064000 130.98147649843 117.664795662655 120.889155968185 369.53542812927
1065000 131.091684629076 117.774735029188 121.015170284711 369.881589942976
1066000 131.208177772648 117.808842855228 121.10019620302 370.117216830895
1067000 131.325304826305 117.898088315204 121.244818002973 370.468211144482
1068000 131.455086617682 118.027006683782 121.371290650514 370.853383951977
1069000 131.550398889105 118.084148178857 121.474122343394 371.108669411357
1070000 131.69615373912 118.222742645688 121.61495760395 371.533853988758
1071000 131.800229555282 118.308033197602 121.742279757302 371.850542510186
1072000 131.94331612747 118.386797012365 121.828441766646 372.158554906482
1073000 132.086089259772 118.513887840588 121.967242164787 372.567219265147
1074000 132.229715511154 118.637519313451 122.105627768769 372.972862593374
1075000 132.333369506807 118.76847531779 122.227703759518 373.329548584115
1076000 132.514662181705 118.851674567499 122.299517941435 373.66585469064
1077000 132.616259017708 118.944982304681 122.423201455445 373.984442777833
1078000 132.713811391008 119.055853169667 122.600639651219 374.370304211894
1079000 132.792708138389 119.198170008207 122.700287285174 374.69116543177
1080000 132.923604851853 119.285424631794 122.838106261233 375.04713574488
1081000 133.012871065947 119.427694058731 122.973146260967 375.413711385645
1082000 133.160739886988 119.56119469529 123.10872536017 375.830659942449
1083000 133.337172727678 119.680698065176 123.190798840433 376.208669633287
1084000 133.428139985351 119.861471945277 123.353891278242 376.643503208869
1085000 133.580326312938 119.960983472458 123.402640657226 376.943950442622
1086000 133.713893029358 120.121986907555 123.535956424589 377.371836361502
1087000 133.837170437444 120.218287331919 123.619526571245 377.674984340608
1088000 133.938061338641 120.372015131321 123.72967411944 378.039750589402
1089000 134.096502594319 120.47188151102 123.797140148048 378.365524253387
1090000 134.244694025832 120.574568284967 123.912194498373 378.731456809172
1091000 134.405291318636 120.657743050612 124.042079342842 379.10511371209
1092000 134.516506362138 120.770722259981 124.16113688168 379.448365503799
1093000 134.618868085864 120.890511011326 124.272594390276 379.781973487466
1094000 134.74554233738 120.967368482882 124.393679843043 380.106590663305
1095000 134.926870446464 121.126011085113 124.511199051733 380.56408058331
1096000 134.998783651424 121.248197227962 124.631158232951 380.878139112336
1097000 135.087414200443 121.369412028413 124.766363840764 381.22319006962
1098000 135.178694030338 121.561429407443 124.882168328266 381.622291766047
1099000 135.317005273549 121.626773488202 124.998570617319 381.94234937907
1100000 135.375204754866 121.736448484007 125.168102857018 382.279756095892
1101000 135.46703248107 121.893000951559 125.269770816735 382.629804249364
1102000 135.629914002402 121.963361037355 125.343659469688 382.936934509445
1103000 135.7286765848 122.067828282761 125.445144953078 383.24164982064
1104000 135.823651697187 122.2102554691 125.547394830456 383.581301996743
1105000 135.998946573373 122.283087419952 125.670029847719 383.952063841043
1106000 136.100964693961 122.370733008507 125.796902728831 384.2686004313
1107000 136.250190501601 122.503675591175 125.856350076267 384.610216169043
1108000 136.315152359349 122.660335529474 125.986091706927 384.961579595749
1109000 136.406233052647 122.788498645171 126.087908380224 385.282640078043
1110000 136.495274671516 122.852732120477 126.203789247978 385.551796039971
1111000 136.607964713758 122.973612916647 126.314864085446 385.896441715851
1112000 136.679820973748 123.035290236231 126.441806437867 386.156917647846
1113000 136.76279333723 123.184865463992 126.516606824931 386.464265626153
1114000 136.891357080464 123.27825438415 126.624114285804 386.793725750418
1115000 137.01595614476 123.431322117882 126.780447552763 387.227725815405
1116000 137.138550967124 123.522367951515 126.894649452165 387.555568370805
1117000 137.273058158819 123.658401898198 126.997590427025 387.929050484043
1118000 137.375510702968 123.767083587146 127.127938441442 388.270532731556
1119000 137.48381155928 123.861638949728 127.196046469452 388.541496978461
1120000 137.609697306097 123.956511638331 127.300073717431 388.866282661859
1121000 137.764680045472 124.033697006409 127.449728020224 389.248105072105
1122000 137.87152860652 124.170517614546 127.558470508029 389.600516729095
1123000 137.941661318672 124.241319150035 127.721494598506 389.904475067213
1124000 138.118438265843 124.381669583085 127.790289775775 390.290397624703
1125000 138.298639890431 124.500155032044 127.923958807988 390.722753730463
1126000 138.392881192532 124.591944038967 128.049128350116 391.033953581615
1127000 138.549995790104 124.77067294986 128.118626587264 391.439295327228
1128000 138.619672203565 124.89807693875 128.22624957819 391.743998720505
1129000 138.776032369128 125.014683992156 128.378117203809 392.168833565093
1130000 138.930743531946 125.109943767509 128.461298718399 392.501986017854
1131000 138.997418910189 125.212091624994 128.582486993848 392.791997529031
1132000 139.145414605126 125.342568263203 128.711816600455 393.199799468784
1133000 139.224609493908 125.442515326053 128.836504477328 393.503629297288
1134000 139.340790319557 125.575068289662 128.886084853991 393.80194346321
1135000 139.459185627208 125.701820774602 128.962350211425 394.123356613234
1136000 139.618097823654 125.795586591895 129.095824311774 394.509508727322
1137000 139.75191807843 125.918970883861 129.194228917673 394.865117879964
1138000 139.877259628447 125.998618021124 129.312851539438 395.188729189008
1139000 139.990305742525 126.157281101548 129.405990997048 395.55357784112
1140000 140.140425261528 126.283520216682 129.509693668538 395.933639146748
1141000 140.253052778243 126.379936924307 129.601790544332 396.234780246882
1142000 140.414244026908 126.487816108379 129.722605886207 396.624666021494
1143000 140.52508943436 126.635524334134 129.834145824167 396.994759592661
1144000 140.646978923506 126.704822056838 129.934199158005 397.286000138349
1145000 140.746750003814 126.845995480102 130.051613986036 397.644359469952
1146000 140.849009779598 126.950561520672 130.185082143983 397.984653444254
1147000 140.982764434638 127.019810033876 130.275947775997 398.278522244511
1148000 141.145921438287 127.181828353277 130.459258985467 398.787008777031
1149000 141.291870457284 127.290696410623 130.489783972383 399.07235084029
1150000 141.461524105051 127.461100391806 130.619459196535 399.542083693392
1151000 141.519036820263 127.522514821336 130.764825315641 399.80637695724
1152000 141.675972227748 127.659258042536 130.92723951534 400.262469785625
1153000 141.813731274919 127.770680428691 131.040863741983 400.625275445592
1154000 141.968231905536 127.856292060777 131.187834187013 401.012358153325
1155000 142.047989217196 127.971577936278 131.289265156962 401.308832310436
1156000 142.193310571138 128.058656967174 131.406902106821 401.658869645132
1157000 142.342809812455 128.16870909361 131.48450861553 401.996027521595
1158000 142.474898075475 128.224755182348 131.55417865559 402.253831913413
1159000 142.626505934526 128.311904293964 131.678581377198 402.616991605688
1160000 142.716296517818 128.435560334522 131.832392708498 402.984249560838
1161000 142.883677064987 128.496739614522 131.95222244112 403.332639120628
1162000 142.983048836173 128.641126542215 132.093008151706 403.717183530094
1163000 143.085596622675 128.754359102163 132.166434175014 404.006389899852
1164000 143.221368675154 128.878054465448 132.261166007313 404.360589147915
1165000 143.310164166087 128.988218806086 132.412651559923 404.711034532096
1166000 143.470310856909 129.072887224751 132.524832160427 405.068030242087
1167000 143.567409464884 129.226897401501 132.592275777207 405.386582643592
1168000 143.741949035992 129.301865828121 132.721384718979 405.765199583093
1169000 143.810587104706 129.399197916296 132.794706613187 406.004491634188
1170000 143.964467981444 129.503999038077 132.911601032228 406.380068051749
1171000 144.067217635499 129.614925836496 133.036433519402 406.718576991398
1172000 144.157874592232 129.780895474393 133.146034512162 407.084804578787
1173000 144.299953855658 129.8479763714 133.276583863478 407.424514090536
1174000 144.416746765867 129.991881495772 133.396153056122 407.80478131776
1175000 144.528728032799 130.026411633059 133.557200824989 408.112340490846
1176000 144.664354860882 130.166480010598 133.66736193794 408.49819680942
1177000 144.78279917581 130.303645690695 133.773154392473 408.859599258978
1178000 144.907527544962 130.447059795951 133.896120239988 409.250707580901
1179000 145.071795528273 130.510499877957 134.004352535203 409.586647941434
1180000 145.239581345672 130.603364149674 134.127535914056 409.970481409401
1181000 145.337332570796 130.718287649808 134.280250932235 410.335871152839
1182000 145.460015086875 130.809357479055 134.405498067619 410.674870633549
1183000 145.5293287242 130.943868963366 134.548424066194 411.02162175376
1184000 145.702508264057 131.061932765873 134.626748260486 411.391189290415
1185000 145.800610893667 131.200376903917 134.699824662252 411.700812459836
1186000 145.933794600965 131.347539506978 134.816296908994 412.097631016937
1187000 146.047066620772 131.5000744646 134.935515306406 412.482656391778
1188000 146.140859546693 131.572241817177 134.985079271054 412.698180634925
1189000 146.305121302279 131.72160035571 135.120562154859 413.147283812849
1190000 146.460563097463 131.815044556914 135.189081339892 413.464688994268
1191000 146.531324614838 131.899035704736 135.268413546034 413.698773865607
1192000 146.652228720184 132.042187470026 135.309261273469 414.003677463679
1193000 146.773941307661 132.1636647009 135.466659204108 414.404265212669
1194000 146.92413027493 132.259351269996 135.572363410545 414.755844955471
1195000 147.001836579485 132.371553367127 135.746165261856 415.119555208468
1196000 147.159110258793 132.506004230951 135.750756665451 415.415871155196
1197000 147.28124125436 132.573464847055 135.882873288378 415.737579389793
1198000 147.341096738278 132.731134308975 135.988861634083 416.061092681336
1199000 147.445890246206 132.842813351015 136.123920782082 416.412624379303
1200000 147.585123548453 132.975651194299 136.265950123452 416.826724866205
1201000 147.716751681102 133.087291723848 136.309110260495 417.113153665445
1202000 147.7855619718 133.194258714672 136.425346418755 417.405167105227
1203000 147.840561910814 133.315337782444 136.565656550982 417.72155624424
1204000 147.983978861988 133.395768428105 136.643740192479 418.023487482572
1205000 148.107238783095 133.548144179822 136.778152649588 418.433535612504
1206000 148.15675783965 133.606888440129 136.955176202597 418.718822482376
1207000 148.297313790831 133.706593820379 137.033230536279 419.037138147489
1208000 148.399367751932 133.818682409144 137.113120251517 419.331170412594
1209000 148.517624775105 133.926671009915 137.242359519855 419.686655304875
1210000 148.600880856698 133.967519837718 137.422350691373 419.990751385789
1211000 148.691650656 134.106481070006 137.534302201414 420.33243392742
1212000 148.81296111069 134.208419082745 137.657169034344 420.678549227779
1213000 148.908763091201 134.314152937038 137.722783290307 420.945699318546
1214000 149.037295383447 134.442965257183 137.872703265454 421.352963906084
1215000 149.153897858458 134.458582152125 137.976433364846 421.588913375429
1216000 149.278291201164 134.59289361692 138.050613456934 421.921798275018
1217000 149.324686682569 134.70520287997 138.163377810335 422.193267372874
1218000 149.495119959373 134.814538966898 138.225169014983 422.534827941253
1219000 149.622325152476 134.928599462787 138.383386937674 422.934311552937
1220000 149.747531654762 135.077832642138 138.442655209434 423.268019506334
1221000 149.859520572866 135.220986870349 138.602378421855 423.68288586507
1222000 150.041005390845 135.326335467063 138.711931980662 424.079272838571
1223000 150.104683119793 135.448693732948 138.8532313737 424.406608226441
1224000 150.225586670151 135.544585027336 138.927305089334 424.69747678682
1225000 150.325806131186 135.654847706246 139.063116477468 425.0437703149
1226000 150.425604867204 135.765031669813 139.128417648617 425.319054185633
1227000 150.537081400883 135.918989221252 139.229084801239 425.685155423373
1228000 150.677396961587 136.004434096308 139.360189025359 426.042020083254
1229000 150.802871510402 136.136963295717 139.516884374703 426.456719180822
1230000 150.957474206952 136.220041031141 139.589027987054 426.766543225146
1231000 150.982552754764 136.340899897752 139.678665932207 427.002118584723
1232000 151.11305079396 136.511419133214 139.812617248606 427.43708717578
1233000 151.236500367514 136.58000177736 139.916242577342 427.732744722216
1234000 151.41123135833 136.710567591155 140.035765002763 428.157563952247
1235000 151.52511859488 136.802868997681 140.177845158643 428.505832751204
1236000 151.671757342948 136.926042493626 140.338193072246 428.93599290882
1237000 151.767984269278 136.975992356644 140.444573888046 429.188550513968
1238000 151.861134407624 137.098413357679 140.590012266917 429.549560032221
1239000 152.043257886844 137.234086400714 140.694804226332 429.97214851389
1240000 152.117449926011 137.311827657293 140.778641238662 430.207918821966
1241000 152.275748759289 137.410867831098 140.872328940811 430.558945531198
1242000 152.378940298538 137.482221764984 140.995560182879 430.8567222464
1243000 152.485739329603 137.589259592112 141.091401188243 431.166400109958
1244000 152.589036287717 137.727779943637 141.223875063018 431.540691294372
1245000 152.755391430303 137.827863447413 141.355525595322 431.938780473038
1246000 152.858122649123 137.911892333014 141.477280497612 432.247295479749
1247000 152.984895146769 138.009310151332 141.588678364691 432.582883662792
1248000 153.068945382764 138.121587706806 141.682873225271 432.873406314841
1249000 153.170568679587 138.234317390262 141.79797539143 433.202861461278
1250000 153.331402213799 138.299441782257 141.849554392753 433.48039838881
1251000 153.461290844492 138.415175982601 141.971741618627 433.84820844572
1252000 153.571818336131 138.536618547448 142.086341752489 434.194778636068
1253000 153.706412032301 138.649587861768 142.190759616417 434.546759510486
1254000 153.790812375813 138.777691541752 142.274121522369 434.842625439934
1255000 153.890498019641 138.874581452541 142.383021760577 435.148101232758
1256000 154.047924102026 138.916742868342 142.443447165365 435.408114135733
1257000 154.126347397112 139.069410407168 142.605018489375 435.800776293655
1258000 154.205577149213 139.13123767489 142.791244736613 436.128059560715
1259000 154.324457642495 139.270741079096 142.809627109611 436.404825831202
1260000 154.384517614639 139.331357457818 142.965656529917 436.681531602375
1261000 154.49960472509 139.483724578308 143.088889665641 437.07221896904
1262000 154.622059767226 139.55724043166 143.205389425011 437.384689623897
1263000 154.701974784866 139.637973551304 143.362017593177 437.701965929347
1264000 154.756644711675 139.69839224192 143.451265702346 437.90630265594
1265000 154.914500369666 139.820665740048 143.531326492407 438.266492602121
1266000 155.052782490107 139.910903694153 143.644372761387 438.608058945648
1267000 155.114064815254 140.050520659848 143.754324823665 438.918910298768
1268000 155.24770608447 140.162860285124 143.859633252097 439.270199621691
1269000 155.330890421546 140.250702098639 144.040212781939 439.621805302125
1270000 155.486208356201 140.340229852784 144.126890046452 439.953328255438
1271000 155.608203876036 140.414238496574 144.280723984666 440.303166357276
1272000 155.752013940822 140.513055640883 144.361841487035 440.62691106874
1273000 155.864305783035 140.644565252001 144.445198637805 440.954069672841
1274000 156.010990128743 140.754259667662 144.58800380778 441.353253604185
1275000 156.14266360871 140.859755233371 144.658429535882 441.660848377964
1276000 156.290644414426 140.947761344256 144.837679706766 442.076085465448
1277000 156.441592818945 141.123249268271 144.935803169813 442.500645257029
1278000 156.52075184722 141.23173780663 144.992630540659 442.745120194508
1279000 156.603751216732 141.333250734245 145.128098736717 443.065100687694
1280000 156.727150942681 141.468194693596 145.300166815304 443.495512451581
1281000 156.817734526013 141.59196610757 145.324126169366 443.733826802948
1282000 156.906691145669 141.676107674503 145.427559791081 444.010358611254
1283000 157.046308174355 141.793461265474 145.501268324107 444.341037763936
1284000 157.175273723879 141.916996068979 145.617027206142 444.709296999
1285000 157.265632397303 142.06908134999 145.706477235773 445.041190983065
1286000 157.3899790992 142.143797321132 145.756892816839 445.290669237171
1287000 157.525575496973 142.26190738043 145.890323119182 445.677805996586
1288000 157.687272103553 142.370946119793 146.019993488055 446.0782117114
1289000 157.753104806741 142.461263025282 146.110306357146 446.32467418917
1290000 157.931171745473 142.598286902635 146.27473079835 446.804189446458
1291000 157.996431774315 142.672540465724 146.422788009883 447.091760249922
1292000 158.118392009097 142.864514531252 146.478500934874 447.461407475224
1293000 158.28317620102 142.859772339769 146.617729868707 447.760678409496
1294000 158.349913194382 143.013235638978 146.727166840216 448.090315673576
1295000 158.520937879526 143.116899047734 146.792347935259 448.430184862519
1296000 158.684659186605 143.237148221773 146.849627480114 448.771434888492
1297000 158.752349168766 143.36642496093 146.914176115925 449.032950245621
1298000 158.909219023943 143.49071556892 147.025623357531 449.425557950393
1299000 159.061094849338 143.597378887305 147.165246619599 449.823720356242
1300000 159.123061037054 143.717772395044 147.229867360225 450.070700792324
1301000 159.237706184329 143.847760225662 147.362292130475 450.447758540467
1302000 159.384772536659 143.972806609249 147.560828982654 450.918408128562
1303000 159.49937094982 144.050760683057 147.628550570887 451.178682203764
1304000 159.540437851337 144.120793864129 147.807280823481 451.468512538948
1305000 159.641383276947 144.154994097573 147.908921491719 451.705298866239
1306000 159.769251956862 144.32255934981 147.992770811774 452.084582118446
1307000 159.948548902395 144.366265851634 148.123228518219 452.438043272248
1308000 160.118949955453 144.52496437964 148.181390602442 452.825304937535
1309000 160.214262791073 144.601857298819 148.353374878501 453.169494968392
1310000 160.324294824366 144.689575970077 148.475928062199 453.489798856642
1311000 160.444553759384 144.824647778569 148.533197211494 453.802398749446
1312000 160.502391986591 144.951461422359 148.666287166224 454.120140575174
1313000 160.646513676927 145.017276650628 148.786454172187 454.450244499741
1314000 160.770840523474 145.178881108808 148.817299277036 454.767020909318
1315000 160.913816392656 145.283573282488 148.965671501392 455.163061176535
1316000 161.017044441933 145.403976868563 149.088174876909 455.509196187405
1317000 161.154524167921 145.480923522971 149.179922335403 455.815370026295
1318000 161.233330680114 145.587389469225 149.290630479377 456.111350628715
1319000 161.381896457962 145.715593575333 149.449623381963 456.547113415258
1320000 161.536841991614 145.77263989115 149.623305247465 456.932787130229
1321000 161.690638944222 145.918493708391 149.721808285189 457.330940937803
1322000 161.815444573909 145.996428193793 149.841499128429 457.653371896131
1323000 161.998560707909 146.112037045746 149.985823806927 458.096421560582
1324000 162.142970058257 146.243102639413 150.077140014482 458.463212712151
1325000 162.280377504179 146.349226346269 150.181332814431 458.810936664879
1326000 162.360238534163 146.466941402359 150.320274870905 459.147454807427
1327000 162.443223400877 146.591200907997 150.378677651559 459.413101960433
1328000 162.634878905679 146.68480124887 150.489042523125 459.808722677674
1329000 162.788473223179 146.844418830872 150.544135624472 460.177027678523
1330000 162.934215267691 146.9086820766 150.686429299689 460.529326643979
1331000 163.053355303607 146.978119590537 150.795716070261 460.827190964405
1332000 163.204722180207 147.052107317239 150.911017847417 461.167847344863
1333000 163.244624173912 147.215803547936 151.040858815024 461.501286536871
1334000 163.350022331211 147.323861754051 151.136389564632 461.810273649894
1335000 163.567745030236 147.50374752224 151.213434264923 462.284926817399
1336000 163.696452450186 147.617935959372 151.319468942609 462.633857352167
1337000 163.830862383019 147.765033218127 151.435619649448 463.031515250594
1338000 163.944904382748 147.949467223278 151.468970613932 463.363342219958
1339000 164.047511503135 147.975990957792 151.65715102201 463.680653482938
1340000 164.212084055465 148.121309933555 151.818285459884 464.151679448904
1341000 164.366867463826 148.251483349468 151.921070035906 464.5394208492
1342000 164.487498685957 148.34671387739 152.068455173424 464.902667736771
1343000 164.612247168413 148.394064370717 152.164945429114 465.171256968243
1344000 164.706974464686 148.477073187564 152.310284411619 465.494332063869
1345000 164.836807805029 148.614174976417 152.422630286337 465.873613067783
1346000 164.970274729282 148.683434390283 152.474918882323 466.128628001888
1347000 165.102642837538 148.811582109853 152.604442675382 466.518667622774
1348000 165.215636868262 148.918397085798 152.691311371312 466.825345325371
1349000 165.340971289842 148.98125740064 152.845512881223 467.167741571704
1350000 165.518645914366 149.136969188244 152.950077823327 467.605692925937
1351000 165.627245173381 149.177270900039 153.015736325574 467.820252398995
1352000 165.759393756403 149.316438189773 153.169376751691 468.245208697867
1353000 165.856950941126 149.40230441446 153.250779333177 468.510034688763
1354000 166.029500284261 149.484224070955 153.409146563898 468.922870919114
1355000 166.092116774274 149.608236258252 153.452611066447 469.152964098972
1356000 166.223926210798 149.66803973033 153.562736892443 469.454702833571
1357000 166.351008363533 149.803844420741 153.65250497907 469.807357763344
1358000 166.424464059591 149.905274265608 153.692763926314 470.022502251514
1359000 166.535844996736 150.059114766625 153.79217647223 470.387136235591
1360000 166.686088709591 150.131106245099 153.948828408085 470.766023362776
1361000 166.829038189966 150.27174674562 154.065667777165 471.16645271275
1362000 166.934786736273 150.313583251624 154.208210876804 471.456580864701
1363000 167.028564886072 150.348458666251 154.328851943114 471.705875495437
1364000 167.127113988351 150.536324488743 154.437642903218 472.101081380312
1365000 167.237403989214 150.660709513352 154.549802977713 472.44791648028
1366000 167.381331444798 150.708972159084 154.639164138289 472.729467742171
1367000 167.540394701365 150.793329412084 154.739927099963 473.073651213412
1368000 167.644996381621 150.941687483071 154.896164614115 473.482848478807
1369000 167.792747986923 151.037081718953 154.974205483328 473.804035189203
1370000 167.853958008553 151.14836878777 155.175026511786 474.177353308109
1371000 167.986255972402 151.294218728881 155.259363344635 474.539838045918
1372000 168.081536755171 151.437989790802 155.35039539025 474.869921936223
1373000 168.143778193609 151.526340752909 155.477187353089 475.147306299607
1374000 168.291449510602 151.616434030631 155.605642266013 475.513525807247
1375000 168.380028625894 151.762808198984 155.743434453053 475.886271277931
1376000 168.556999237284 151.830584190742 155.845423534094 476.23300696212
1377000 168.706052053589 151.950286414547 155.9665918458 476.622930313936
1378000 168.812406614813 152.092472912126 156.019241711037 476.924121237975
1379000 168.963642901366 152.270543918704 156.143708307244 477.377895127314
1380000 169.064531824536 152.295678290345 156.298382372985 477.658592487865
1381000 169.215580589368 152.424983263565 156.382673291639 478.023237144572
1382000 169.332972071046 152.586625211633 156.464062299684 478.383659582363
1383000 169.494216170701 152.668151303684 156.543391670124 478.705759144509
1384000 169.555908122627 152.763418773684 156.658573853251 478.977900749562
1385000 169.641126428373 152.895342702905 156.746260870499 479.282730001777
1386000 169.780085520573 153.019445442908 156.861183399337 479.660714362817
1387000 169.871807014921 153.152863712327 156.9623512885 479.987022015748
1388000 169.981728044536 153.273742127205 157.039916406108 480.29538657785
1389000 170.10447658728 153.362603472885 157.125371064345 480.59245112451
1390000 170.220945492008 153.435525476584 157.274737625383 480.931208593976
1391000 170.36314091669 153.537283295829 157.356969970926 481.257394183446
1392000 170.546813399072 153.653815353988 157.453688504655 481.654317257716
1393000 170.627564870462 153.740903833825 157.555371745639 481.923840449925
1394000 170.867905606327 153.85243122551 157.697929831644 482.418266663481
1395000 170.921459004075 153.927946602895 157.829552943548 482.678958550518
1396000 170.967033485714 154.051682237328 157.931643106206 482.950358829248
1397000 171.139559078431 154.179806832326 158.100446767741 483.419812678499
1398000 171.267099331991 154.255480018562 158.217044048582 483.739623399135
1399000 171.424439242273 154.391397417104 158.288793470913 484.104630130289
1400000 171.575370115636 154.543615693016 158.461675111509 484.580660920161
1401000 171.719176102029 154.633917417821 158.573893354643 484.926986874493
1402000 171.803437294953 154.745779666423 158.68997708675 485.239194048126
1403000 171.922259723564 154.798312176756 158.784183129622 485.504755029943
1404000 172.067605611624 154.930076589971 158.866911018231 485.864593219826
1405000 172.164610906063 154.99389975391 158.909777675765 486.068288335737
1406000 172.221564143546 155.155876814129 159.05156323689 486.429004194565
1407000 172.403979850823 155.232539831504 159.195730537032 486.832250219359
1408000 172.515581657117 155.375114044249 159.302200582716 487.192896284083
1409000 172.612608899027 155.447912892688 159.474701208079 487.535222999794
1410000 172.737008021289 155.546120363802 159.569255433384 487.852383818475
1411000 172.82853449081 155.652620910608 159.706486157709 488.187641559127
1412000 172.928729170625 155.70578103719 159.73500628684 488.369516494655
1413000 173.004607959318 155.890744237784 159.831122144819 488.726474341921
1414000 173.220746404615 156.020973143883 159.929306445376 489.171025993873
1415000 173.324234219129 156.207503526961 160.063170592808 489.594908338899
1416000 173.473560857747 156.270441392746 160.174327148214 489.918329398707
1417000 173.588851543925 156.333831773087 160.304379724179 490.227063041191
1418000 173.689359367542 156.457516711611 160.427508385996 490.574384465149
1419000 173.768336724579 156.534218415852 160.56208952849 490.86464466892
1420000 173.942122691659 156.665436643883 160.648019444933 491.255578780475
1421000 174.076418110791 156.79523904345 160.837547177827 491.709204332068
1422000 174.207719573654 156.893967754694 161.001286989511 492.102974317859
1423000 174.340028501658 156.928149517588 160.996762607687 492.264940626934
1424000 174.404450723787 157.109892293033 161.061659907765 492.576002924584
1425000 174.617544204243 157.163706120406 161.207743555181 492.98899387983
1426000 174.722371417558 157.221197764261 161.299514784128 493.243083965946
1427000 174.891960092105 157.419211650656 161.445454156891 493.756625899653
1428000 174.924185988703 157.469971979123 161.541552093961 493.935710061787
1429000 175.097195143252 157.557634859805 161.659244290235 494.314074293292
1430000 175.265026221107 157.662228847271 161.773993861212 494.70124892959
1431000 175.339739897563 157.795081623178 161.842064768945 494.976886289686
1432000 175.396113596171 157.951724486673 162.003952551117 495.351790633961
1433000 175.575083478936 158.042053285472 162.091515547319 495.708652311728
1434000 175.692754659149 158.123645558796 162.168984880112 495.985385098057
1435000 175.869547028884 158.283867508202 162.270616520121 496.424031057207
1436000 175.997932089208 158.386693312759 162.413363419702 496.797988821668
1437000 176.102469916856 158.505197479114 162.495229763128 497.102897159098
1438000 176.250339284584 158.549276352352 162.600736580167 497.400352217103
1439000 176.42344249537 158.630587300762 162.735822537344 497.789852333476
1440000 176.492910911732 158.747988571602 162.865041713763 498.105941197097
1441000 176.587482468765 158.772193084864 162.965661571572 498.325337125201
1442000 176.726607496383 158.90496407396 163.10073788676 498.732309457103
1443000 176.82328896034 159.075017122834 163.235907513537 499.134213596711
1444000 176.946914961401 159.084758372546 163.312747397321 499.344420731268
1445000 177.05000563661 159.256617799665 163.447269453147 499.753892889422
1446000 177.122609421236 159.35726955296 163.550016580842 500.029895555038
1447000 177.241761756022 159.371392576101 163.660217072187 500.27337140431
1448000 177.378273035797 159.507494140957 163.77129584302 500.657063019773
1449000 177.476475629776 159.636820327279 163.920328483093 501.033624440148
1450000 177.510919768651 159.691816909672 163.990000682597 501.192737360919
1451000 177.724868370857 159.810268795363 164.133715659183 501.668852825403
1452000 177.847068271909 159.879328426663 164.21803668166 501.944433380232
1453000 177.969725814204 159.971675040237 164.35568258026 502.297083434701
1454000 178.152160373588 160.067964384613 164.471685793404 502.691810551605
1455000 178.271137261915 160.175147326154 164.624485586926 503.070770174996
1456000 178.273055956868 160.286578428502 164.766598792411 503.326233177781
1457000 178.429316794002 160.363282037504 164.861673800582 503.654272632087
1458000 178.543625960508 160.459914884667 164.957605320096 503.96114616527
1459000 178.620910748898 160.598745321662 165.14994565207 504.36960172263
1460000 178.674478975988 160.697030887106 165.217049423524 504.588559286619
1461000 178.812667064388 160.777157288396 165.324563289389 504.914387642172
1462000 178.918273686934 160.900863443079 165.474303070302 505.293440200315
1463000 178.9799302441 160.981680729845 165.566480055067 505.528091029012
1464000 179.013717361116 161.15370476051 165.648707490995 505.816129612622
1465000 179.227649879657 161.280823543213 165.695392461532 506.203865884403
1466000 179.319218875735 161.349880735293 165.836000309399 506.505099920427
1467000 179.492481563059 161.445559431427 165.985758263479 506.923799257965
1468000 179.619019586476 161.471321748747 166.112523937572 507.202865272794
1469000 179.712339929011 161.634084905625 166.195290810533 507.541715645169
1470000 179.845331902801 161.713823726432 166.334337872889 507.893493502122
1471000 179.992446659218 161.823479864086 166.4017942731 508.217720796404
1472000 180.065063148085 161.999167884631 166.512667390843 508.576898423559
1473000 180.232160761979 162.113904172004 166.609995012922 508.956059946905
1474000 180.346445858716 162.285461861681 166.666653584702 509.2985613051
1475000 180.498206770112 162.375211075294 166.811286023715 509.684703869121
1476000 180.608091442603 162.513941059018 166.940254890346 510.062287391966
1477000 180.675195131323 162.60389304397 167.044818345417 510.323906520711
1478000 180.772956349361 162.738083953022 167.089013828172 510.600054130555
1479000 180.858973070085 162.846541785923 167.200493941978 510.906008797986
1480000 181.019267180311 162.929304446959 167.3124974318 511.261069059071
1481000 181.180053032703 163.034973371886 167.440882244063 511.655908648652
1482000 181.331382457988 163.147303263716 167.537222982112 512.015908703816
1483000 181.40185030057 163.304310944588 167.643464711168 512.349625956327
1484000 181.570338987792 163.387792815678 167.746087799383 512.704219602853
1485000 181.721535146584 163.527238941729 167.8182692078 513.067043296113
1486000 181.83214807284 163.608709445132 167.935735298711 513.376592816683
1487000 181.917277908927 163.678100956943 168.039647536884 513.635026402754
1488000 182.048960205956 163.789866403072 168.214998065827 514.053824674855
1489000 182.157219015435 163.907916600848 168.31053206629 514.375667682572
1490000 182.293057893024 164.019509234363 168.443710232459 514.756277359846
1491000 182.446119775466 164.085992505068 168.565975003795 515.098087284329
1492000 182.567705146356 164.26204755106 168.6469642432 515.476716940616
1493000 182.695772956948 164.400742735962 168.779985922358 515.876501615269
1494000 182.839117435478 164.530962427985 168.839051451883 516.209131315347
1495000 182.965120555092 164.570879853677 168.91092490054 516.446925309308
1496000 183.080830331671 164.695061408321 169.056195158397 516.832086898389
1497000 183.210592274535 164.786663489272 169.119733331076 517.116989094883
1498000 183.369031600001 164.827532573521 169.268555974345 517.465120147867
1499000 183.552679946524 164.979689255051 169.397656336363 517.930025537938
1500000 183.617507555753 165.100091630455 169.548062416385 518.265661602593
1501000 183.770598748571 165.242012537345 169.619788037672 518.632399323589
1502000 183.914009049591 165.379769396405 169.676104578132 518.969883024128
1503000 183.991055976842 165.486792491025 169.827507086205 519.305355554072
1504000 184.16105381106 165.608897961721 169.937497438143 519.707449210923
1505000 184.256408471226 165.729722149895 170.062530564924 520.048661186045
1506000 184.412836342662 165.830950166639 170.165756460606 520.409542969906
1507000 184.474099777343 165.950548848593 170.308948326535 520.733596952471
1508000 184.640137767768 166.021697620559 170.434057133544 521.09589252187
1509000 184.711722426528 166.163030865266 170.486580678709 521.361333970503
1510000 184.849197823751 166.300807999454 170.620936632697 521.770942455902
1511000 185.003495993986 166.392870551275 170.768028934478 522.164395479738
1512000 185.122525556629 166.510615588008 170.80724292572 522.440384070357
1513000 185.226559969651 166.645125620759 170.932321383823 522.804006974234
1514000 185.348836170154 166.756982891162 171.030151929809 523.135970991125
1515000 185.418444579151 166.857637055962 171.1644294082 523.440511043313
1516000 185.586465363706 166.957358368942 171.250259668173 523.794083400821
1517000 185.707163592732 167.039571642979 171.415941487453 524.162676723163
1518000 185.850106119425 167.158769687892 171.475042093399 524.483917900716
1519000 185.998556828851 167.295939709235 171.499645785257 524.794142323344
1520000 186.134355753733 167.4186016955 171.655604963077 525.208562412311
1521000 186.246240314134 167.594363778067 171.709892936511 525.550497028712
1522000 186.393584512136 167.686076155515 171.869227417934 525.948888085584
1523000 186.468749583395 167.79266027829 171.982435011883 526.243844873568
1524000 186.62326512958 167.914664290083 172.10743810621 526.645367525873
1525000 186.688834499182 168.078483516997 172.216010815474 526.983328831653
1526000 186.874463197625 168.181231852713 172.307746172232 527.36344122257
1527000 187.007430528423 168.346933360865 172.450082865091 527.804446754379
1528000 187.18409543513 168.471952774536 172.522314976974 528.178363186641
1529000 187.281207891855 168.558181372968 172.601267948157 528.44065721298
1530000 187.499164937593 168.72774053997 172.772654426033 528.999559903596
1531000 187.639165116771 168.791153643854 172.859960906269 529.290279666895
1532000 187.745989454363 168.956763559086 172.924140351948 529.626893365397
1533000 187.802424395107 169.029878550275 173.003706894031 529.836009839413
1534000 187.951412873516 169.208794591666 173.14101997521 530.301227440392
1535000 188.067091972993 169.295895266285 173.295305835384 530.658293074663
1536000 188.242019772143 169.454914592611 173.368393187996 531.06532755275
1537000 188.36877864344 169.533322098039 173.444289391738 531.346390133218
1538000 188.482588279729 169.727619771773 173.636549467651 531.846757519153
1539000 188.60357514962 169.789695615534 173.752064630577 532.145335395731
1540000 188.795831044687 169.944964335435 173.805531109504 532.546326489626
1541000 188.846922726377 170.100180528831 173.989157471205 532.936260726413
1542000 188.987137079327 170.216193748527 174.096928387778 533.300259215633
1543000 189.115473011117 170.285130751037 174.169061000365 533.569664762518
1544000 189.237896964494 170.430634663613 174.345932912792 534.014464540899
1545000 189.400556485 170.567265343989 174.43000399602 534.397825825008
1546000 189.586800240414 170.658188861905 174.616503151681 534.861492253999
1547000 189.707641481621 170.754848534103 174.717562899991 535.180052915715
1548000 189.885093380082 170.842418462897 174.850029300102 535.577541143081
1549000 189.986379468691 170.942545852848 174.963662843958 535.892588165498
1550000 190.09751922674 171.083824167556 175.086490630836 536.267834025132
1551000 190.241142210586 171.199552570521 175.205822668505 536.646517449613
1552000 190.285871200349 171.261603742896 175.323433978385 536.87090892163
1553000 190.432436164197 171.350588187083 175.424917978582 537.207942329862
1554000 190.579880681148 171.391173152976 175.427977813378 537.399031647503
1555000 190.730620581682 171.515891650199 175.56102605387 537.807538285751
1556000 190.791922965329 171.611909501464 175.668971998998 538.07280446579
1557000 190.911206295495 171.701418441729 175.811296045776 538.423920783
1558000 191.036955077363 171.795564856302 175.907002115118 538.739522048784
1559000 191.134487472877 171.890880738815 175.999083963457 539.02445217515
1560000 191.208320062351 171.994631361355 176.121288134019 539.324239557724
1561000 191.309438276322 172.100954775635 176.223139522819 539.633532574775
1562000 191.438532189438 172.238654678694 176.339517768182 540.016704636314
1563000 191.510249942943 172.329216580133 176.452793609625 540.292260132701
1564000 191.618276607788 172.446123515594 176.589477475842 540.653877599224
1565000 191.813827480435 172.605306128862 176.691670222197 541.110803831495
1566000 191.911724199713 172.719236478269 176.788475559375 541.419436237357
1567000 192.049703016405 172.823226551111 176.906527971703 541.779457539219
1568000 192.134087746315 172.928432692346 177.016666703453 542.079187142114
1569000 192.311760063134 173.022016247897 177.105457626698 542.439233937729
1570000 192.397890071545 173.065139941268 177.224101408074 542.687131420886
1571000 192.49620968864 173.160610287326 177.366589141712 543.023409117678
1572000 192.650077479094 173.229640571506 177.387653640695 543.267371691295
1573000 192.796827138893 173.35885600319 177.575266011034 543.730949153118
1574000 192.917633134182 173.395247415833 177.65006095947 543.962941509485
1575000 192.989855569804 173.484617715194 177.793201011598 544.267674296596
1576000 193.097968543804 173.594051047182 177.848189489567 544.540209080554
1577000 193.207515967679 173.725980254965 178.000531745792 544.934027968436
1578000 193.389681637418 173.803378046205 178.191635643612 545.384695327235
1579000 193.480368519589 173.925776819421 178.247286022515 545.653431361525
1580000 193.566590606272 174.006461635858 178.330846208528 545.903898450658
1581000 193.672145236326 174.1372284445 178.439240902437 546.248614583263
1582000 193.758268303179 174.271357437008 178.488014002655 546.517639742843
1583000 193.855799965072 174.3688301191 178.655041981604 546.879672065776
1584000 193.999305962487 174.452460668579 178.809483952481 547.261250583547
1585000 194.128468449139 174.623461346191 178.91588392592 547.66781372125
1586000 194.268627668349 174.722709123334 178.946540962878 547.937877754562
1587000 194.37041048892 174.83541163949 179.111588335479 548.317410463888
1588000 194.522440559033 174.95724278352 179.205557160148 548.685240502701
1589000 194.700713139462 175.126766105571 179.360945410489 549.188424655522
1590000 194.792494693878 175.255566138422 179.472015460587 549.520076292887
1591000 194.962715245461 175.361017059241 179.546726719956 549.870459024658
1592000 195.044217454985 175.429612912102 179.644053239123 550.11788360621
1593000 195.133751238722 175.612919273359 179.794943185687 550.541613697767
1594000 195.234310711039 175.699163493257 179.895513975926 550.828988180222
1595000 195.292051830588 175.8256418964 180.005042563208 551.122736290196
1596000 195.459653086536 175.966078913533 180.141065830155 551.566797830225
1597000 195.553792955735 176.097039798801 180.213505210082 551.864337964618
1598000 195.646815028587 176.219279706946 180.394361815596 552.260456551129
1599000 195.803750177492 176.284638925348 180.469506461655 552.557895564496
1600000 195.920979934013 176.396670198662 180.516880325435 552.834530458111
1601000 196.044827024221 176.527887944792 180.613734903509 553.186449872522
1602000 196.093830534691 176.644380108706 180.718840913233 553.457051556629
1603000 196.250940444528 176.72772253935 180.824887325292 553.803550309171
1604000 196.340121458037 176.782295925723 180.938830955584 554.061248339344
1605000 196.460610265385 176.833454176475 181.079510675059 554.37357511692
1606000 196.613437631505 177.027065246786 181.157196549644 554.797699427935
1607000 196.711486148093 177.170308493666 181.247683457569 555.129478099328
1608000 196.868327983149 177.237040401265 181.349716360841 555.455084745255
1609000 197.016412983485 177.358794025646 181.514163877716 555.889370886847
1610000 197.185149449556 177.468646227409 181.671311437128 556.325107114093
1611000 197.308155322433 177.557304371219 181.859317053263 556.724776746915
1612000 197.460615427937 177.639865933899 181.947380603579 557.047861965415
1613000 197.55433880725 177.712274354004 182.048887001011 557.315500162265
1614000 197.653322005996 177.854832514654 182.178341270278 557.686495790928
1615000 197.80663745002 177.946978822088 182.304790415716 558.058406687825
1616000 197.891891065801 178.03745400202 182.359560941417 558.288906009237
1617000 198.072934653955 178.196878844753 182.377299295804 558.647112794512
1618000 198.197187601618 178.286092827348 182.537634260172 559.020914689137
1619000 198.275756218055 178.406572677076 182.693352552973 559.375681448104
1620000 198.352419185607 178.592237306324 182.772147263189 559.71680375512
1621000 198.461616436591 178.719225061661 182.900294509982 560.081136008233
1622000 198.598591603949 178.757587319513 183.056688087526 560.412867010988
1623000 198.770446582933 178.843179580118 183.137702359484 560.751328522535
1624000 198.915505060971 178.981187684356 183.24606838277 561.142761128097
1625000 198.95281444166 179.070698487428 183.434508338181 561.458021267269
1626000 199.06968706362 179.185986688314 183.514746850429 561.770420602363
1627000 199.258715598044 179.318944872908 183.566703793905 562.144364264857
1628000 199.356803889037 179.44803960114 183.735455096499 562.540298586676
1629000 199.486344846515 179.601173947457 183.798124856486 562.885643650458
1630000 199.55285363882 179.680183155499 183.912157447038 563.145194241357
1631000 199.718144891693 179.849625625568 184.032759069336 563.600529586596
1632000 199.762195818052 179.924566050602 184.152452793342 563.839214661996
1633000 199.931426304251 180.023367140068 184.292899605173 564.247693049492
1634000 200.023455145507 180.075739751012 184.397257508979 564.496452405499
1635000 200.168499306017 180.235303694473 184.475200287894 564.879003288385
1636000 200.379163633904 180.338036123327 184.499949247398 565.217149004629
1637000 200.545582926523 180.430423320627 184.658084807285 565.634091054435
1638000 200.606967431019 180.509533561923 184.734259116662 565.850760109604
1639000 200.696745797097 180.669081091473 184.863373294364 566.229200182933
1640000 200.885309409028 180.74603132954 184.933974523182 566.565315261749
1641000 200.938308546654 180.841748105604 185.056656556379 566.836713208637
1642000 201.070902333402 180.955956353619 185.114531979531 567.141390666552
1643000 201.21117408194 181.056935053693 185.30973698241 567.577846118043
1644000 201.385627305766 181.162703380206 185.437534546205 567.985865232177
1645000 201.438412198951 181.296634000271 185.568412818124 568.303459017346
1646000 201.630610808192 181.405606417661 185.702527532071 568.738744757923
1647000 201.710100951373 181.421186923445 185.791502493825 568.922790368642
1648000 201.871480879729 181.550474003711 185.927350005483 569.349304888922
1649000 201.97919716474 181.611513096272 186.043620610835 569.634330871848
1650000 202.11244493239 181.777560349384 186.145217572319 570.035222854093
1651000 202.231929354327 181.864243408216 186.298489909791 570.394662672334
1652000 202.41244317757 181.966128252511 186.414763695183 570.793335125264
1653000 202.56216253282 182.070940357689 186.476650852172 571.109753742681
1654000 202.700468563538 182.204296671339 186.601396194745 571.506161429621
1655000 202.789232811015 182.339690050706 186.71120543976 571.84012830148
1656000 202.972363475272 182.430653356617 186.866321774265 572.269338606153
1657000 203.024470711813 182.537894576444 186.952742137383 572.51510742564
1658000 203.189238927823 182.643985518284 187.082590803143 572.91581524925
1659000 203.283593654887 182.742213640035 187.265208723076 573.291016017997
1660000 203.446173759261 182.809632651817 187.3531288747 573.608935285778
1661000 203.500564527198 182.951537779401 187.491852373821 573.94395468042
1662000 203.636616534913 183.105575336626 187.606079254396 574.348271125936
1663000 203.77402473287 183.229054368061 187.704019091481 574.707098192412
1664000 203.913892907141 183.338651397158 187.831218121878 575.083762426177
1665000 204.012251732983 183.426524968935 187.999218964515 575.437995666432
1666000 204.129354770375 183.526143006161 188.084556108931 575.740053885468
1667000 204.205761847371 183.648725950632 188.20966502925 576.064152827253
1668000 204.349433485801 183.76867353204 188.278336752233 576.396443770073
1669000 204.531887410537 183.903285849925 188.419630427578 576.85480368804
1670000 204.649710468566 184.006758709933 188.521842487108 577.178311665607
1671000 204.762446759171 184.109355022526 188.676347327317 577.548149109013
1672000 204.933706810299 184.20173653329 188.838509217861 577.97395256145
1673000 205.152250244993 184.31044521568 188.916375028571 578.379070489244
1674000 205.257584555548 184.453178644794 189.035396024864 578.746159225206
1675000 205.282694842174 184.535578363587 189.116870514055 578.935143719815
1676000 205.446169173767 184.675801399294 189.274158142112 579.396128715173
1677000 205.538070070824 184.796242773856 189.349990106602 579.684302951282
1678000 205.709359578281 184.937251326667 189.465662330418 580.112273235365
1679000 205.776499340844 185.00388707949 189.556409617809 580.336796038143
1680000 205.925649324703 185.095268179001 189.667723967458 580.688641471162
1681000 206.112094341456 185.299036702534 189.777598175439 581.188729219428
1682000 206.239263055123 185.344784973779 189.954010911044 581.538058939946
1683000 206.351186399367 185.50750176083 190.005562877167 581.864251037365
1684000 206.534936350918 185.59124554821 190.129824471581 582.256006370708
1685000 206.644604935145 185.748133585805 190.194812671166 582.587551192117
1686000 206.818233820114 185.759818037754 190.312999826387 582.891051684255
1687000 206.869673059895 185.884032838094 190.365891379506 583.119597277495
1688000 206.996163128596 186.000450763052 190.408647228691 583.405261120339
1689000 207.147071055887 186.036457880145 190.525696267826 583.709225203859
1690000 207.34222859722 186.131672411736 190.587634377682 584.061535386638
1691000 207.450237384197 186.247775834599 190.785861755677 584.483874974473
1692000 207.582096558146 186.36320991338 190.833165439854 584.778471911379
1693000 207.667117576559 186.469943909829 190.925910794707 585.062972281094
1694000 207.83941091302 186.546590167028 191.000683294101 585.386684374149
1695000 207.953012837249 186.668485771121 191.075680299636 585.697178908006
1696000 208.118767200194 186.791318301455 191.152722642471 586.06280814412
1697000 208.240435909369 186.899087116691 191.32331343217 586.46283645823
1698000 208.417101051842 186.970207920981 191.433400555166 586.820709527988
1699000 208.560299933102 187.068030521871 191.520304325234 587.148634780207
1700000 208.647299283645 187.20927684083 191.621324646614 587.477900771089
1701000 208.72805865867 187.319598331132 191.770849187134 587.818506176935
1702000 208.867755640551 187.38355576875 191.901226501009 588.15253791031
1703000 209.010375791688 187.497361414082 192.090623342125 588.598360547895
1704000 209.066236064158 187.66236123177 192.176553303813 588.90515059974
1705000 209.225300474141 187.767427597735 192.259252826906 589.251980898783
1706000 209.360938869908 187.869917853651 192.399894873416 589.630751596975
1707000 209.456888644345 187.97076903725 192.49130861183 589.918966293424
1708000 209.487604776206 188.087828076971 192.610202111862 590.185634965039
1709000 209.688769958844 188.228352866772 192.727652703079 590.644775528695
1710000 209.728346475497 188.296317401337 192.892297640451 590.916961517284
1711000 209.90259233128 188.451415204932 193.03684500164 591.390852537852
1712000 210.026674281848 188.616383619878 193.150947460356 591.794005362082
1713000 210.083109225156 188.756534767511 193.257828444283 592.097472436949
1714000 210.244250574979 188.86622334459 193.413649336781 592.524123256349
1715000 210.335757879403 188.926767988429 193.515865550464 592.778391418296
1716000 210.485626096086 189.055240828825 193.609509147228 593.15037607214
1717000 210.60331393833 189.179250232112 193.746932707765 593.529496878206
1718000 210.701697861095 189.243155145318 193.913242217957 593.858095224371
1719000 210.78382000194 189.320421047325 193.963166801768 594.067407851033
1720000 210.980854139266 189.478191533355 194.093193169255 594.552238841877
1721000 211.092159722092 189.565172872574 194.210166114239 594.867498708906
1722000 211.20265157355 189.662360624348 194.32094424823 595.185956446128
1723000 211.343176922753 189.808307028019 194.412453696556 595.563937647328
1724000 211.360781405796 189.992611215268 194.492020033971 595.845412655035
1725000 211.476129965801 190.097231936765 194.583020528263 596.156382430829
1726000 211.658284366443 190.254222472048 194.678228965277 596.590735803768
1727000 211.737835536118 190.334793063291 194.849599827972 596.922228427381
1728000 211.849424448128 190.418428578428 194.940510319698 597.208363346254
1729000 211.996990050008 190.553791373698 195.028532729026 597.579314152732
1730000 212.105790326087 190.710166281638 195.161857553942 597.977814161666
1731000 212.19851153249 190.782680264544 195.361944881558 598.343136678592
1732000 212.320079636716 190.914837804773 195.456809700424 598.691727141913
1733000 212.377029475969 191.057369946646 195.522837827018 598.957237249632
1734000 212.547060926687 191.171699548671 195.650407321864 599.369167797223
1735000 212.672036478312 191.329261374607 195.736341689093 599.737639542012
1736000 212.790309126423 191.460065071133 195.854741739756 600.105115937313
1737000 212.941432938737 191.564134734191 195.965542443947 600.471110116874
1738000 213.022615527048 191.750143947718 196.08036348174 600.853122956506
1739000 213.160837125405 191.872785461763 196.183480589941 601.217103177109
1740000 213.341848842095 191.969623399514 196.312244628748 601.623716870357
1741000 213.483170695079 192.064024261724 196.482959848053 602.030154804855
1742000 213.580806911587 192.138023140844 196.53373486136 602.252564913791
1743000 213.717911707725 192.286489436568 196.601466899791 602.605868044083
1744000 213.859302384382 192.442198944525 196.706900371083 603.00840169999
1745000 213.928459433375 192.487493195409 196.844220126519 603.260172755303
1746000 214.044981363625 192.691617009445 196.961570939399 603.698169312469
1747000 214.177657249812 192.711825467282 197.075502100813 603.964984817906
1748000 214.310606765391 192.841848985755 197.168809116855 604.321264868001
1749000 214.413754660927 192.931375465974 197.314185764915 604.659315891816
1750000 214.529768852661 193.04448361247 197.360463627855 604.934716092986
1751000 214.703581997024 193.103915426202 197.475276458515 605.282773881741
1752000 214.808040353111 193.267271850763 197.59898327465 605.674295478524
1753000 215.022672317485 193.329836470097 197.65080506829 606.003313855872
1754000 215.151340824692 193.512502362603 197.800148505541 606.463991692836
1755000 215.26769310713 193.609922257604 197.890918491368 606.768533856101
1756000 215.385165502398 193.729277687597 197.972547318096 607.086990508091
1757000 215.556655574838 193.909317865284 198.110651341029 607.576624781151
1758000 215.624502802885 194.059510605908 198.230178028181 607.914191436975
1759000 215.719412238563 194.207313073251 198.370572643254 608.297297955068
1760000 215.771050758499 194.307178168002 198.480872783237 608.559101709738
1761000 215.882403289541 194.446698142198 198.635721473 608.964822904739
1762000 216.026125536815 194.570442939821 198.752960971695 609.349529448331
1763000 216.112810893424 194.700887156338 198.859472060877 609.673170110639
1764000 216.235408301944 194.822574193118 198.923455983743 609.981438478805
1765000 216.297740277451 194.895175772003 199.025288107268 610.218204156722
1766000 216.424513694276 195.02960374459 199.210450818625 610.66456825749
1767000 216.552589385663 195.141998411382 199.273986352043 610.968574149087
1768000 216.661274250851 195.355575122632 199.381516593219 611.398365966702
1769000 216.723335882318 195.421533439116 199.508896225146 611.65376554658
1770000 216.895149010037 195.578382848617 199.66627905724 612.139810915894
1771000 216.937706648626 195.670711434273 199.705521002956 612.313939085856
1772000 217.097910196794 195.793266460929 199.799695138623 612.690871796346
1773000 217.276116616355 195.883301266504 199.949549137073 613.108967019932
1774000 217.390905294075 195.949425525392 200.036114401208 613.376445220675
1775000 217.507613710375 196.000542054941 200.198914584143 613.707070349458
1776000 217.621184075281 196.182714799757 200.366450947403 614.170349822441
1777000 217.770262555399 196.346910725976 200.467621027392 614.584794308768
1778000 217.921807613255 196.424218829641 200.598157870175 614.944184313071
1779000 218.017939112029 196.574100507113 200.685922472426 615.277962091569
1780000 218.133155920353 196.619733413146 200.85371575715 615.606605090649
1781000 218.241054077283 196.785817020064 200.906636343697 615.933507441044
1782000 218.322000834573 196.88065967227 201.05369841823 616.256358925073
1783000 218.500819020921 197.018014839067 201.167317330104 616.686151190092
1784000 218.610288668783 197.143618719374 201.257858640521 617.011766028678
1785000 218.749943214338 197.248557000102 201.407666942617 617.406167157056
1786000 218.862402041768 197.385385641966 201.527888623285 617.775676307018
1787000 218.912419634634 197.470531693046 201.672230374641 618.055181702321
1788000 219.026769459009 197.594756553856 201.778146252095 618.399672264961
1789000 219.170531433554 197.661073553684 201.861971306104 618.693576293342
1790000 219.330214275509 197.787156118572 201.98209242063 619.099462814711
1791000 219.393778845896 197.95905122142 202.135358361978 619.488188429295
1792000 219.561618948978 198.00630385809 202.303478651032 619.8714014581
1793000 219.661673307918 198.149733569937 202.414199409815 620.225606287669
1794000 219.791499131608 198.233195036839 202.485325880986 620.510020049433
1795000 219.919370665122 198.364146530646 202.620583941537 620.904101137304
1796000 220.077456262135 198.522487126951 202.720992144736 621.320935533822
1797000 220.212309090483 198.565992684043 202.900917873514 621.679219648039
1798000 220.298555327574 198.715927755759 202.968389067551 621.982872150884
1799000 220.449753667352 198.776815760609 203.081401161419 622.30797058938
1800000 220.567172104552 198.880987858936 203.197588922568 622.645748886057
1801000 220.622983564618 199.028864648795 203.318668694626 622.970516908039
1802000 220.717791850637 199.130106739242 203.393013789404 623.240912379283
1803000 220.848682542289 199.25388675374 203.4814868283 623.584056124328
1804000 220.993950975066 199.289122570903 203.533538066439 623.816611612408
1805000 221.210678279969 199.401781231219 203.698435128658 624.310894639845
1806000 221.343431989278 199.581340897689 203.767764066792 624.692536953759
1807000 221.508025870577 199.697265891229 203.89502297707 625.100314738877
1808000 221.55410139315 199.785579107479 203.978365885052 625.318046385681
1809000 221.656992240457 199.837077577068 204.08169354747 625.575763364995
1810000 221.78481513898 199.949527808544 204.205639912473 625.939982859997
1811000 221.924202218945 200.055610230503 204.337792169883 626.317604619331
1812000 222.071564155958 200.149566606493 204.464049919205 626.685180681657
1813000 222.118668135956 200.269736506534 204.571236038306 626.959640680797
1814000 222.329326543831 200.415132206095 204.646508045073 627.390966794998
1815000 222.38356170309 200.519971610962 204.868260714012 627.771794028065
1816000 222.522333477397 200.647076368425 204.94143931686 628.110849162682
1817000 222.63845886006 200.698309118421 205.024714592873 628.361482571354
1818000 222.705867590833 200.780377617208 205.152424961776 628.638670169817
1819000 222.830814822113 200.869610050678 205.227768271532 628.928193144323
1820000 222.96353354247 200.983784965947 205.315062724449 629.262381232865
1821000 223.053732847157 201.098222633907 205.414124406443 629.566079887506
1822000 223.170341774307 201.198479505619 205.550322067109 629.919143347035
1823000 223.257826187557 201.309332967462 205.638885959647 630.206045114666
1824000 223.330256925624 201.457254779072 205.777016433667 630.564528138363
1825000 223.440966652927 201.542626945933 205.814916765156 630.798510364017
1826000 223.589173085851 201.608263357456 205.931166413789 631.128602857096
1827000 223.726483215824 201.726979428963 205.96578536211 631.419248006897
1828000 223.844044426065 201.876719581486 206.126188109205 631.846952116756
1829000 223.952317910435 201.9721472778 206.269243377466 632.1937085657
1830000 224.091696062217 202.023233665796 206.310160012985 632.425089740999
1831000 224.227490130063 202.140210632743 206.501735851365 632.869436614171
1832000 224.428841182275 202.242531161984 206.649269227662 633.320641571921
1833000 224.51617229908 202.304459275685 206.756632486696 633.577264061462
1834000 224.633869696148 202.376042502303 206.910275875541 633.920188073991
1835000 224.790043619938 202.518772372237 206.953676006527 634.262491998702
1836000 224.90070665186 202.651964071123 207.154336604023 634.707007327007
1837000 224.979649565362 202.784628372896 207.177720149539 634.941998087797
1838000 225.119591279362 202.865268019759 207.21900332091 635.203862620031
1839000 225.22391955819 202.952919062028 207.315849348855 635.492687969073
1840000 225.37653465813 203.079960805968 207.524051358737 635.980546822835
1841000 225.492749955015 203.177384516175 207.595750649242 636.265885120432
1842000 225.613298353346 203.359926547846 207.700684391583 636.673909292775
1843000 225.723358732659 203.465683898958 207.811315613611 637.000358245229
1844000 225.856240877255 203.611230547964 207.909833086165 637.377304511385
1845000 225.956944103398 203.688923956103 208.074840376347 637.720708435848
1846000 226.125914353147 203.752376968793 208.151301023769 638.029592345709
1847000 226.21980387727 203.890281234003 208.293856170684 638.403941281957
1848000 226.31411159278 204.025246677204 208.424754470154 638.764112740138
1849000 226.378118232364 204.161339227906 208.630829948373 639.170287408643
1850000 226.516095774012 204.243443390808 208.695575503721 639.455114668541
1851000 226.627326687509 204.412378075792 208.800089927012 639.839794690313
1852000 226.740481314129 204.480141303951 208.868338937396 640.088961555476
1853000 226.855807588124 204.545844698746 209.054884280045 640.456536566915
1854000 227.013078619135 204.679183012691 209.181387327731 640.873648959557
1855000 227.132176811389 204.789647879952 209.261015279321 641.182839970661
1856000 227.218442899573 204.907972532461 209.436423803011 641.562839235045
1857000 227.343980304748 205.05917967773 209.498065406378 641.901225388855
1858000 227.491703080955 205.09539391499 209.665080629834 642.252177625778
1859000 227.65371508531 205.212556573992 209.728416146931 642.594687806233
1860000 227.777071114485 205.346657754281 209.799207427548 642.922936296314
1861000 227.914730660288 205.387334129416 209.9553833393 643.257448129004
1862000 227.978897789954 205.508360709112 210.07757533068 643.564833829747
1863000 228.130686479211 205.593865217755 210.214256239037 643.938807936002
1864000 228.227988936547 205.659257716056 210.378577339668 644.26582399227
1865000 228.338601084577 205.792029591603 210.467239286509 644.597869962689
1866000 228.443617988981 205.896661519082 210.589655490457 644.92993499852
1867000 228.576148089045 205.998126096442 210.720555019702 645.294829205189
1868000 228.74484019719 206.145651822612 210.804718266758 645.69521028656
1869000 228.897323451336 206.226650119157 210.972019656026 646.095993226519
1870000 229.098492982122 206.331594270431 210.983341589511 646.413428842064
1871000 229.18212645243 206.407389692845 211.086238606748 646.675754752023
1872000 229.288453588928 206.556287146698 211.231058935567 647.075799671193
1873000 229.325400926836 206.595852518122 211.305622529217 647.226875974175
1874000 229.485221707631 206.734377262761 211.377785237772 647.597384208164
1875000 229.524308595019 206.819080933232 211.509435308224 647.852824836474
1876000 229.756802462914 206.922436513475 211.587280863415 648.266519839804
1877000 229.82247311379 207.036294919206 211.73792414027 648.596692173265
1878000 229.977427832594 207.058110012185 211.922178340906 648.957716185686
1879000 230.087058698391 207.229960425533 211.994651225404 649.311670349328
1880000 230.136510470823 207.313670516951 212.141943805704 649.592124793478
1881000 230.289644950884 207.47581536226 212.210469479438 649.975929792582
1882000 230.271304103055 207.629166087408 212.313571373551 650.214041564014
1883000 230.411514796629 207.692141320857 212.43477674908 650.538432866567
1884000 230.53788311996 207.851962310077 212.502124048512 650.891969478549
1885000 230.644814066534 207.921461102093 212.681040881422 651.247316050049
1886000 230.762676818976 208.009618179863 212.757934350811 651.53022934965
1887000 230.912288528797 208.075466916712 212.90934096937 651.897096414879
1888000 231.129012721149 208.098817040429 213.060558985725 652.288388747303
1889000 231.176481309945 208.235335187231 213.208455960294 652.62027245747
1890000 231.278952206919 208.366770422568 213.309405465521 652.955128095008
1891000 231.443566219033 208.436098601138 213.429138820667 653.308803640838
1892000 231.590976102757 208.573496732437 213.559926550804 653.724399385999
1893000 231.668080402023 208.633497588899 213.683102468251 653.984680459173
1894000 231.801013180135 208.760959282036 213.782706334808 654.344678796979
1895000 231.961557764286 208.893120613041 213.968337101941 654.823015479268
1896000 232.057014053644 209.032977179942 214.044709024202 655.134700257789
1897000 232.167524901947 209.163577848983 214.154280077033 655.485382827963
1898000 232.282789252774 209.257982431682 214.255623618067 655.796395302524
1899000 232.405519551461 209.360237864971 214.385302611742 656.151060028175
1900000 232.471958028661 209.485997666971 214.501375847925 656.459331543557
1901000 232.642819530575 209.599736555151 214.600389350904 656.84294543663
1902000 232.722622728038 209.653950781355 214.731080787534 657.107654296926
1903000 232.903144217425 209.789241550152 214.916235930039 657.608621697616
1904000 232.96431254881 209.872584103987 215.024198374932 657.86109502773
1905000 233.050028570893 209.979208038034 215.155922194532 658.185158803459
1906000 233.173969221425 210.128532923794 215.266872494948 658.569374640168
1907000 233.36636562948 210.193260431785 215.402379414368 658.962005475633
1908000 233.496695795476 210.256536525905 215.537833092809 659.291065414189
1909000 233.589498300498 210.408676398939 215.679534362524 659.677709061961
1910000 233.72740090167 210.501372155422 215.756626611048 659.98539966814
1911000 233.855928353059 210.5806274148 215.798776926166 660.235332694025
1912000 234.029588294452 210.664016867569 215.881120759348 660.574725921369
1913000 234.080507030924 210.792111396648 216.010758818309 660.883377245881
1914000 234.230203786534 210.891898146328 216.050701906973 661.172803839834
1915000 234.365694367477 211.052747776799 216.181603452064 661.60004559634
1916000 234.453488283699 211.190978755423 216.335521806325 661.979988845447
1917000 234.620043176466 211.319258130867 216.490541602572 662.429842909905
1918000 234.775792276088 211.46194766158 216.539234130768 662.776974068435
1919000 234.863593346349 211.540254283266 216.651228852005 663.055076481621
1920000 234.978860946559 211.573811758422 216.759705964133 663.312378669115
1921000 235.130814094627 211.71109929162 216.902000673418 663.743914059665
1922000 235.266490108253 211.869676812293 217.058972667379 664.195139587924
1923000 235.348314236151 211.885301260073 217.113908447077 664.347523943302
1924000 235.572871566812 211.990233545822 217.230185241107 664.793290353741
1925000 235.671683016779 212.077033291383 217.364094378862 665.112810687023
1926000 235.788667356333 212.226858062905 217.527034666794 665.542560086032
1927000 235.896312428271 212.324554521053 217.539249085502 665.760116034826
1928000 235.985768069006 212.418705881481 217.708256013455 666.112729963941
1929000 236.088110102181 212.44625179639 217.796003087321 666.330364985892
1930000 236.25185050559 212.602194813998 217.910304975889 666.764350295477
1931000 236.345696167796 212.679965392666 218.001393039323 667.027054599785
1932000 236.541740117092 212.788828973448 218.143941234733 667.474510325272
1933000 236.684450507765 212.913433235655 218.188604890243 667.786488633663
1934000 236.954966463654 213.029908285414 218.339287598587 668.324162347655
1935000 237.083528326812 213.135487090055 218.434119009621 668.653134426488
1936000 237.196621144364 213.18001234796 218.516022518281 668.892656010605
1937000 237.325204791103 213.326646308358 218.694544701184 669.346395800644
1938000 237.472865308454 213.450667218977 218.798050017504 669.721582544935
1939000 237.594451518274 213.570515788382 218.884781248682 670.049748555338
1940000 237.700600071755 213.652315360253 219.045972125583 670.398887557591
1941000 237.792671547261 213.819523320514 219.10890555827 670.721100426045
1942000 237.904912657333 213.826450949004 219.217510327245 670.948873933582
1943000 238.018806409101 213.947931419207 219.334839751358 671.301577579666
1944000 238.089888200892 214.019565451992 219.478413618923 671.587867271807
1945000 238.234702377154 214.100552546249 219.559988195095 671.895243118498
1946000 238.326061712196 214.224012467398 219.653832667393 672.203906846987
1947000 238.405681378103 214.298475851584 219.766460701374 672.470617931062
1948000 238.529401863151 214.434461043953 219.831698218606 672.795561125709
1949000 238.68884963443 214.557083526094 219.947161430247 673.193094590772
1950000 238.748476288819 214.623798078714 220.093492974169 673.465767341702
1951000 238.881620088075 214.730322670739 220.170248688834 673.782191447649
1952000 238.938953524854 214.821639048244 220.293721019195 674.054313592292
1953000 239.071586443786 215.008309022434 220.464408908643 674.544304374863
1954000 239.157707277926 215.119625660638 220.491015409663 674.768348348226
1955000 239.233157026506 215.233709301598 220.621925108626 675.08879143673
1956000 239.294799515077 215.348949404136 220.708258691961 675.352007611174
1957000 239.424919415599 215.475527721177 220.787770094752 675.688217231528
1958000 239.624221746548 215.558988051557 220.932891485069 676.116101283174
1959000 239.731062112109 215.618503908708 221.015430430224 676.364996451041
1960000 239.886978749708 215.800175483723 221.14313255751 676.830286790941
1961000 240.006337715451 215.994508382168 221.226201539429 677.227047637049
1962000 240.17177766212 216.089328263182 221.359991178177 677.621097103478
1963000 240.350486018557 216.166427333801 221.485604362584 678.002517714942
1964000 240.549900990953 216.234919495604 221.609818308444 678.394638795002
1965000 240.669062837419 216.34065127184 221.668650809192 678.678364918452
1966000 240.773366858043 216.454920853853 221.827490709371 679.055778421267
1967000 240.864504153861 216.564055191659 221.906513902164 679.335073247684
1968000 240.990415134735 216.670608661449 221.976144865216 679.637168661399
1969000 241.108045884231 216.773657101802 222.148156651829 680.029859637861
1970000 241.248704492378 216.922712757715 222.23465881005 680.406076060143
1971000 241.397867186405 217.134711639329 222.32346271887 680.856041544604
1972000 241.52381482134 217.219919821422 222.404754336437 681.148488979199
1973000 241.713592945433 217.337971192354 222.576521960931 681.628086098718
1974000 241.850984369624 217.46200351429 222.688938900252 682.001926784166
1975000 241.960932306888 217.563860345351 222.801242123189 682.326034775428
1976000 242.086712983717 217.668608979546 222.931941606931 682.687263570195
1977000 242.25427062333 217.818426837969 223.090054510817 683.162751972116
1978000 242.377292673638 217.93127379208 223.1560988619 683.464665327618
1979000 242.523455722814 218.071304047547 223.162914000263 683.757673770624
1980000 242.668322806014 218.163237866799 223.360247967542 684.191808640355
1981000 242.814376670406 218.311310048951 223.49079772014 684.616484439497
1982000 242.909869373118 218.474369523798 223.534610168571 684.918849065487
1983000 243.039183746627 218.557794991341 223.57440506475 685.171383802718
1984000 243.202197226381 218.65457167674 223.729855856919 685.586624760041
1985000 243.389213041127 218.758919173156 223.871997941869 686.020130156152
1986000 243.50214204609 218.87820221024 223.970782326433 686.351126582763
1987000 243.610127520854 219.002870968092 224.077761111403 686.690759600349
1988000 243.731413420156 219.060424057858 224.164353544618 686.956191022632
1989000 243.850016602059 219.19245445861 224.335101271709 687.377572332377
1990000 243.95263240839 219.362595052559 224.404825267986 687.720052728935
1991000 244.060752359004 219.430083388355 224.488058214324 687.978893961683
1992000 244.246546662048 219.55501059967 224.566137259198 688.367694520916
1993000 244.406550976884 219.666186547729 224.71124154701 688.783979071623
1994000 244.515766446227 219.851778661887 224.782666029947 689.150211138061
1995000 244.72871795807 219.963284713282 224.914722709579 689.606725380931
1996000 244.821920127957 220.126216333765 224.957228449759 689.905364911481
1997000 244.922786455626 220.236284837684 225.087631045423 690.246702338733
1998000 245.047962944871 220.337972966356 225.19683747387 690.582773385097
1999000 245.224594676701 220.460522784687 225.241562161339 690.926679622727
2000000 245.338976115781 220.527669850225 225.445419218891 691.312065184897
2001000 245.394194005261 220.632778511584 225.561393640279 691.588366157124
2002000 245.495279762132 220.716205125538 225.702139334975 691.913624222644
2003000 245.63819368454 220.757751350917 225.829947367032 692.225892402489
2004000 245.796396102931 220.822817705609 225.889754203532 692.508968012072
2005000 245.862977995851 220.924635271317 225.974197383237 692.761810650405
2006000 246.028509842643 221.068467495087 226.02965558646 693.12663292419
2007000 246.112148680962 221.149912567849 226.125822581874 693.387883830685
2008000 246.232807613321 221.254064609931 226.276844261762 693.763716485015
2009000 246.355019493461 221.327084497187 226.314488356849 693.996592347497
2010000 246.497325020094 221.479409793703 226.446116884899 694.422851698696
2011000 246.613426254506 221.541419982179 226.486745282899 694.641591519584
2012000 246.781740709435 221.636992522895 226.580492897476 694.999226129807
2013000 246.969178506532 221.776566677931 226.71282961004 695.458574794502
2014000 247.102133038774 221.842281922532 226.836937047274 695.78135200858
2015000 247.17395557069 221.942623292559 226.96480353723 696.081382400479
2016000 247.331404088797 222.066661542132 227.049980329688 696.448045960617
2017000 247.439463833621 222.183129104317 227.165459229438 696.788052167376
2018000 247.588918523774 222.247286521144 227.202107486943 697.03831253186
2019000 247.695130790251 222.35324686406 227.312536251448 697.360913905759
2020000 247.855277715122 222.488797157347 227.433601912684 697.777676785152
2021000 247.898954875401 222.541431278412 227.647326223082 698.087712376895
2022000 248.09020887452 222.63278725789 227.668488256448 698.391484388858
2023000 248.163339926892 222.808361031351 227.826269856265 698.797970814508
2024000 248.328350438432 222.890236947019 227.849364900021 699.067952285472
2025000 248.471986099808 223.011958088141 227.980619207066 699.464563395015
2026000 248.511840415852 223.090502746853 228.080292815144 699.682635977849
2027000 248.653649760778 223.2123108171 228.234320412344 700.100280990223
2028000 248.746214271948 223.31115102122 228.212477218946 700.269842512115
2029000 248.874317373454 223.420911948952 228.364830531307 700.660059853713
2030000 249.010553800607 223.567564395264 228.492305950265 701.070424146137
2031000 249.130883307391 223.667367437227 228.549006817769 701.347257562387
2032000 249.295683878704 223.820225194006 228.663856191646 701.779765264356
2033000 249.341213155172 223.923170379743 228.773144092448 702.037527627362
2034000 249.533405537508 224.061610326908 228.87404617606 702.469062040476
2035000 249.666701801793 224.214207741233 229.051169263565 702.932078806591
2036000 249.743163532282 224.347766636793 229.138295721379 703.229225890454
2037000 249.886741707767 224.438704950934 229.35514075056 703.68058740926
2038000 250.024107241941 224.590369646514 229.342959871498 703.957436759954
2039000 250.106022785705 224.754437076993 229.504326285039 704.364786147737
2040000 250.255485216595 224.832751155128 229.618383809696 704.706620181419
2041000 250.378896079184 224.980398544427 229.78912919814 705.14842382175
2042000 250.520665820096 225.022077357006 229.867118074636 705.409861251739
2043000 250.623969020366 225.151673667532 230.034835276341 705.810477964239
2044000 250.763218001395 225.269139494027 230.179395673715 706.211753169136
2045000 250.879461009966 225.394735782792 230.285601974785 706.559798767543
2046000 250.946709138921 225.474798809213 230.4658769074 706.887384855534
2047000 251.025850485155 225.577375958961 230.562854564225 707.166081008341
2048000 251.179805130065 225.689770525015 230.67638145896 707.54595711404
2049000 251.345198900477 225.844925533244 230.795292538759 707.98541697248
2050000 251.415999640943 225.969494760589 230.854257923438 708.23975232497
2051000 251.588974244994 226.065499856718 230.972444488758 708.62691859047
2052000 251.72980258193 226.134397696601 231.097195546338 708.961395824869
2053000 251.860058474846 226.230432152689 231.235202978113 709.325693605649
2054000 251.915502950084 226.371482141772 231.331960148689 709.618945240545
2055000 252.123327446049 226.436310895347 231.483759735324 710.04339807672
2056000 252.253989654512 226.573859562389 231.606985854578 710.434835071479
2057000 252.286201949654 226.635795065926 231.641780497345 710.563777512925
2058000 252.441532358985 226.68502554933 231.770281108879 710.896839017193
2059000 252.707248826553 226.734742840861 231.923789834638 711.365781502052
2060000 252.74566420931 226.838674160763 232.068601823243 711.652940193316
2061000 252.828301979099 226.90465412436 232.146124964991 711.87908106845
2062000 252.970776975701 226.942426303008 232.278186287881 712.19138956659
2063000 253.166197082867 227.101618761569 232.437590960703 712.705406805139
2064000 253.276576608637 227.121714226177 232.464485898328 712.862776733142
2065000 253.313330131392 227.28766030763 232.63656409602 713.237554535042
2066000 253.455323679976 227.35225982327 232.851938411766 713.659521915013
2067000 253.544682970262 227.435524413274 232.945560873071 713.925768256608
2068000 253.691887833683 227.530117102602 232.958783143622 714.180788079907
2069000 253.728510642235 227.66566628231 233.11360540068 714.507782325225
2070000 253.906940615015 227.708265081178 233.224308652739 714.839514348931
2071000 254.048629824393 227.848608775875 233.397125721023 715.294364321291
2072000 254.142962103845 227.977380502729 233.512450778502 715.632793385075
2073000 254.310026969154 228.055660878479 233.554832715102 715.920520562735
2074000 254.429826922169 228.185698844583 233.629989005468 716.24551477222
2075000 254.619019054128 228.302085262405 233.769423662803 716.690527979337
2076000 254.684845740266 228.483881295683 233.973952635461 717.14267967141
2077000 254.804300451688 228.58998577543 233.995417684449 717.389703911567
2078000 254.919836525567 228.658051436503 234.208096136597 717.785984098667
2079000 255.014277281584 228.751931987185 234.264231536818 718.030440805588
2080000 255.134276254372 228.904772850456 234.46071965412 718.499768758948
2081000 255.244895107251 229.008707751123 234.612357706051 718.865960564425
2082000 255.40695722614 229.16054524664 234.669213031942 719.236715504722
2083000 255.422372491358 229.239029317225 234.838924438856 719.500326247439
2084000 255.494081806824 229.391799945339 234.954182058098 719.84006381026
2085000 255.645136410728 229.409689583325 234.97959669114 720.034422685193
2086000 255.749459477121 229.557030047103 235.113684678284 720.420174202508
2087000 255.920180206345 229.675193024064 235.211734191264 720.807107421673
2088000 256.035416437122 229.776552151996 235.289864194377 721.101832783495
2089000 256.11875681471 229.8631118984 235.384418014395 721.366286727505
2090000 256.265129935853 230.027496925432 235.528042444988 721.820669306273
2091000 256.361561191144 230.06516325011 235.665058254754 722.091782696008
2092000 256.478914747272 230.269228630713 235.718611289921 722.466754667906
2093000 256.602216038968 230.37731534107 235.838434021574 722.817965401612
2094000 256.754790862995 230.521812125479 235.874815147136 723.15141813561
2095000 256.870717829335 230.686714863299 236.037524406723 723.594957099358
2096000 256.962663583146 230.792506762291 236.062733357943 723.81790370338
2097000 257.11210165005 230.887189894223 236.178157413756 724.177448958029
2098000 257.236931251822 231.007415492331 236.349307312266 724.593654056419
2099000 257.411195272183 231.070890028373 236.37552876388 724.857614064437
2100000 257.498651764798 231.198347789113 236.50313282344 725.200132377351
2101000 257.554042984845 231.256273921348 236.669253896616 725.479570802809
2102000 257.658696868842 231.3605786911 236.688314112919 725.707589672861
2103000 257.888385086907 231.532076209856 236.827854852512 726.248316149274
2104000 258.018824278492 231.623600563227 236.966885947626 726.609310789345
2105000 258.153370928837 231.768460532554 237.056298911325 726.978130372716
2106000 258.2715418388 231.799073119728 237.253614065198 727.324229023726
2107000 258.41627285931 231.944554167607 237.353630115665 727.714457142582
2108000 258.519177508091 232.044113050772 237.457458416339 728.020748975202
2109000 258.677892100998 232.189198378806 237.531816613265 728.398907093068
2110000 258.820267713744 232.344671857427 237.605218734049 728.77015830522
2111000 258.956607859203 232.470731040232 237.697659180889 729.124998080324
2112000 259.07102435743 232.545300477619 237.817641452898 729.433966287947
2113000 259.181621015839 232.683749095387 237.865813833336 729.731183944563
2114000 259.199824113568 232.769767772581 237.96638496812 729.935976854269
2115000 259.323373543475 232.837107877201 238.057598571024 730.2180799917
2116000 259.444301061061 232.887741208001 238.186208643591 730.518250912653
2117000 259.572569370517 233.035991227451 238.31691584331 730.925476441278
2118000 259.739938420092 233.089231272972 238.454178138844 731.283347831908
2119000 259.802253673405 233.299788508565 238.585332441886 731.687374623856
2120000 259.93515025266 233.406325056264 238.650606661781 731.992081970706
2121000 260.120479549531 233.49682559689 238.755638560286 732.372943706707
2122000 260.165201410018 233.601633980467 238.844379724617 732.611215115102
2123000 260.35398001944 233.683208273964 238.975510324168 733.012698617572
2124000 260.452231701486 233.833155313563 239.083820531142 733.369207546191
2125000 260.518032830375 233.885208811043 239.267083925629 733.670325567047
2126000 260.632463302062 234.043319906158 239.300448924256 733.976232132476
2127000 260.710092941041 234.111072824253 239.548733230541 734.369898995835
2128000 260.844958227406 234.153415208935 239.630506427978 734.628879864318
2129000 260.975897509001 234.226781393429 239.734108547991 734.936787450421
2130000 261.109137913713 234.372352469214 239.805361011452 735.286851394378
2131000 261.195143495047 234.520787516558 239.923402094436 735.639333106041
2132000 261.260742380279 234.668933373745 239.999366568576 735.929042322599
2133000 261.414841290219 234.716315812912 240.212372494053 736.343529597184
2134000 261.479285468574 234.881171863924 240.313200866901 736.673658199399
2135000 261.608929738693 234.918804555081 240.368826311162 736.896560604936
2136000 261.688950046233 235.027385708018 240.438500267766 737.154836022016
2137000 261.837630618659 235.073450297751 240.583765014308 737.494845930719
2138000 261.935385722856 235.180402379646 240.645645005807 737.761433108309
2139000 262.107312283777 235.275495545824 240.778591375565 738.161399205166
2140000 262.283347743699 235.40905457973 240.832327231363 738.524729554792
2141000 262.305861837346 235.473018902464 240.930149807454 738.709030547264
2142000 262.444845520725 235.603402388078 240.954337325934 739.002585234737
2143000 262.587667080574 235.700460050503 241.141955048656 739.430082179732
2144000 262.659439383307 235.766808980579 241.277391932078 739.703640295965
2145000 262.75358361312 235.907028027035 241.385756413241 740.046368053395
2146000 262.964416604082 236.058405032834 241.488329662748 740.511151299664
2147000 263.065531166297 236.282683595286 241.586920216218 740.935134977802
2148000 263.115403694392 236.415757692339 241.635056633781 741.166218020511
2149000 263.233846221626 236.544727543309 241.740208022342 741.518781787276
2150000 263.356573699561 236.714544361186 241.875240344971 741.946358405718
2151000 263.481108914083 236.776118844733 241.954573207252 742.211800966068
2152000 263.570717992234 236.860046515467 242.085389934895 742.516154442596
2153000 263.628529326006 236.967182371762 242.294248719775 742.889960417542
2154000 263.867286170692 237.109406495874 242.344848168024 743.321540834589
2155000 263.974302683881 237.231797114593 242.470689526767 743.676789325241
2156000 264.075188603196 237.361282268126 242.550921167567 743.987392038889
2157000 264.165692938385 237.458819853229 242.730166400455 744.354679192069
2158000 264.34710038844 237.58037096296 242.920065214745 744.847536566145
2159000 264.419489655656 237.644086014201 242.981992935944 745.045568605801
2160000 264.6253367 237.83605270639 243.119321662868 745.580711069258
2161000 264.794291302368 237.927978591397 243.200326672852 745.922596566617
2162000 264.908661764837 238.040097431473 243.278230026905 746.226989223214
2163000 265.064545865684 238.166038969704 243.343351406785 746.573936242173
2164000 265.173809239817 238.206695591616 243.494294624925 746.874799456357
2165000 265.289804797185 238.311740209606 243.524516924145 747.126061930936
2166000 265.421682719076 238.471903464537 243.638818582206 747.53240476582
2167000 265.542540095448 238.539922573881 243.769754176577 747.852216845906
2168000 265.658789681158 238.68089946425 243.864304900823 748.203994046231
2169000 265.692276301201 238.797993694112 243.944301373023 748.434571368336
2170000 265.880377050124 238.884784832645 244.049167982242 748.814329865011
2171000 265.890891784549 238.931469960802 244.126310153776 748.948671899126
2172000 265.973538507652 239.011171829449 244.18536012672 749.170070463821
2173000 266.071940133233 239.073604080871 244.326113619806 749.471657833909
2174000 266.265842689035 239.196306182389 244.448436541765 749.910585413189
2175000 266.336205341616 239.326365631649 244.558861227244 750.221432200508
2176000 266.519855125855 239.385206653354 244.669790296318 750.574852075526
2177000 266.675633755014 239.480646348297 244.690792282098 750.84707238541
2178000 266.797949768013 239.559418891893 244.846440976301 751.203809636206
2179000 266.966501914897 239.692358263507 244.9545098044 751.613369982804
2180000 267.081150562125 239.80309706714 245.051261811626 751.93550944089
2181000 267.146987834807 239.90338884322 245.26881136725 752.319188045277
2182000 267.305481265211 239.995787222198 245.358118956408 752.659387443817
2183000 267.376381787247 240.132896061645 245.415686178496 752.924964027388
2184000 267.446269986801 240.297740467816 245.566575457869 753.310585912487
2185000 267.529205011379 240.416094654916 245.746853896585 753.69215356288
2186000 267.724127988133 240.559160103898 245.900916211421 754.184204303451
2187000 267.895094350302 240.660576712136 245.995667032211 754.55133809465
2188000 267.951909989587 240.727953356659 246.05693946198 754.736802808226
2189000 268.08555383703 240.818929795383 246.209748115562 755.114231747975
2190000 268.222289071081 240.975509720909 246.36495777007 755.56275656206
2191000 268.244291970045 241.13294589073 246.447730481769 755.824968342543
2192000 268.342419611825 241.170987447238 246.498766035596 756.012173094658
2193000 268.562555609103 241.237090419054 246.687426465321 756.487072493477
2194000 268.693105749526 241.383688399829 246.802530127277 756.879324276632
2195000 268.799044212997 241.484182546788 246.946652924346 757.229879684131
2196000 268.898281271099 241.611330449528 247.06457620413 757.574187924757
2197000 269.033987558808 241.779164947339 247.172633803335 757.985786309482
2198000 269.147393461194 241.879611767617 247.251140128014 758.278145356825
2199000 269.244866848647 242.029495114892 247.43560619638 758.70996815992
2200000 269.327443367054 242.16078271309 247.536374360693 759.024600440836
2201000 269.484691897246 242.198978584206 247.63404940881 759.317719890262
2202000 269.564859793886 242.331505450461 247.731923029685 759.628288274032
2203000 269.622803309214 242.393078537855 247.82023529704 759.836117144109
2204000 269.804466230408 242.497977851373 247.929197243365 760.231641325145
2205000 269.897548797406 242.616640395377 248.059126383492 760.573315576275
2206000 269.949674385348 242.765458417822 248.181245462546 760.896378265716
2207000 270.088978011763 242.916163649073 248.346895219979 761.352036880816
2208000 270.166884662523 243.004224146337 248.430490713633 761.601599522493
2209000 270.320773770091 243.093371290937 248.540935469147 761.955080530174
2210000 270.479970372638 243.186922588684 248.695170280663 762.362063241985
2211000 270.619118304165 243.358013097628 248.710127461097 762.68725886289
2212000 270.690214887454 243.455605619866 248.827115949342 762.972936456662
2213000 270.828289862911 243.533381707683 248.858892873926 763.220564444521
2214000 270.986476832742 243.649059463605 249.024402402147 763.659938698494
2215000 271.201198514481 243.756845046345 249.166118365151 764.124161925977
2216000 271.252075227456 243.877968339257 249.231483034634 764.361526601347
2217000 271.377383653626 243.99566313406 249.343321658628 764.716368446315
2218000 271.486722239577 244.112701495027 249.4138157639 765.013239498504
2219000 271.660261735825 244.24659118708 249.503541114738 765.410394037644
2220000 271.676805229344 244.297712954015 249.672284781037 765.646802964396
2221000 271.822395049279 244.482256421173 249.734329215373 766.038980685825
2222000 271.885467552243 244.427877120271 249.79778354196 766.111128214473
2223000 272.086569213419 244.598349297791 249.904900550694 766.589819061904
2224000 272.171718604228 244.683810499103 249.950500271858 766.806029375189
2225000 272.291427616256 244.851445793355 250.182035054518 767.324908464129
2226000 272.451807249831 244.878244308469 250.341367669947 767.671419228247
2227000 272.521414880152 245.043664039716 250.371210782891 767.936289702759
2228000 272.660913917424 245.174148693612 250.547681727578 768.382744338614
2229000 272.840353606492 245.262517526023 250.648229089184 768.751100221699
2230000 272.922871167414 245.397695314892 250.775777324455 769.09634380676
2231000 272.92505999972 245.458334392887 250.912004356325 769.295398748931
2232000 273.01681462964 245.590528940071 251.030937337995 769.638280907705
2233000 273.196740136106 245.762581785785 251.090108995417 770.049430917307
2234000 273.255528046166 245.822903473211 251.20950800912 770.287939528496
2235000 273.373748719321 245.974391744496 251.367517943262 770.715658407079
2236000 273.564719873052 246.118981893056 251.514064730715 771.197766496823
2237000 273.709560970142 246.168333553674 251.573169847101 771.451064370918
2238000 273.797849965882 246.272123715725 251.667696345427 771.737670027034
2239000 273.877084761406 246.387763303277 251.789312160388 772.054160225072
2240000 274.053157125987 246.562520842264 251.893462574504 772.509140542755
2241000 274.174478447293 246.609287827373 251.963377936054 772.747144210719
2242000 274.246481083918 246.697331324086 252.103376556991 773.047188964995
2243000 274.344823873767 246.889800380624 252.272476987682 773.507101242072
2244000 274.377166249624 247.006269561281 252.325629742127 773.709065553032
2245000 274.468739659497 247.103149783725 252.370452966405 773.942342409627
2246000 274.730195875683 247.224096489158 252.496524938681 774.450817303521
2247000 274.725283860791 247.355526762335 252.607792991348 774.688603614474
2248000 274.887074714693 247.459900048456 252.700364747133 775.047339510282
2249000 274.947571491225 247.605789591787 252.862349982494 775.415711065506
2250000 275.136851427372 247.722763244009 252.864101297265 775.723715968646
2251000 275.146859889593 247.85272472817 252.930068158568 775.929652776331
2252000 275.258497203295 247.917553235833 253.023871960817 776.199922399945
2253000 275.366029385467 248.131642632557 253.125525565703 776.623197583727
2254000 275.5160580312 248.245789255316 253.322471516543 777.084318803059
2255000 275.542170330279 248.276591139963 253.361615831536 777.180377301778
2256000 275.666906379931 248.358360156043 253.489763660071 777.515030196044
2257000 275.749946654062 248.567273293538 253.605062090378 777.922282037978
2258000 275.876127620895 248.708915329045 253.659914980962 778.244957930903
2259000 275.983631195562 248.737434627191 253.774118999488 778.495184822241
2260000 276.076942468448 248.919406935486 253.940012574029 778.936361977964
2261000 276.240666306574 249.071627337987 253.994928478992 779.307222123553
2262000 276.29154922737 249.162659478086 254.153142613824 779.60735131928
2263000 276.327607198572 249.334553053436 254.196068121606 779.858228373615
2264000 276.376247018817 249.419294644563 254.277318251487 780.072859914867
2265000 276.554194070256 249.509635423717 254.395668072237 780.45949756621
2266000 276.689295649419 249.552529793812 254.523658987896 780.765484431127
2267000 276.876621455889 249.66633390927 254.667010802011 781.20996616717
2268000 277.054224196221 249.821848395986 254.741406040492 781.617478632698
2269000 277.155723974704 249.979739874623 254.81524961041 781.950713459737
2270000 277.242899162069 250.140735119087 254.923659162188 782.307293443344
2271000 277.349437317001 250.24073026463 255.099458428928 782.689626010559
2272000 277.4549438723 250.342616050242 255.174683100062 782.972243022604
2273000 277.638340171434 250.356291962702 255.348372606487 783.343004740622
2274000 277.70672148429 250.58849037829 255.384319892746 783.679531755326
2275000 277.827783227516 250.672946734427 255.49441352509 783.995143487033
2276000 277.990521692908 250.73371009006 255.65311974544 784.377351528408
2277000 278.072818664487 250.849441449135 255.794899057342 784.717159170964
2278000 278.118956283147 250.95326484977 255.832978034751 784.905199167669
2279000 278.271233207831 251.105709852752 255.945816701605 785.322759762188
2280000 278.349778666993 251.249149336746 256.064311615966 785.663239619705
2281000 278.409589503427 251.381852888675 256.217790800168 786.00923319227
2282000 278.576005050314 251.381081441389 256.320098247316 786.27718473902
2283000 278.62302342193 251.52441102077 256.472617261947 786.620051704647
2284000 278.820110741324 251.623674596345 256.571412676142 787.015198013811
2285000 278.873942921871 251.765577248527 256.699599679247 787.339119849645
2286000 278.977364110813 251.84609081599 256.889466824925 787.712921751728
2287000 279.085471779596 251.911561437592 257.0289715961 788.026004813288
2288000 279.203408982069 251.92255039742 257.142302231818 788.268261611307
2289000 279.381128651316 252.094636719338 257.257084604331 788.732849974986
2290000 279.48409876115 252.211287491363 257.420475156915 789.115861409428
2291000 279.477592060614 252.34006564732 257.569274709991 789.386932417924
2292000 279.612526135177 252.460829731773 257.648207492002 789.721563358952
2293000 279.750318791601 252.59620330781 257.771411170479 790.11793326989
2294000 279.875170294851 252.680654101094 257.902982095194 790.458806491138
2295000 280.011503414612 252.812104244661 258.049477323354 790.873084982627
2296000 280.260997318328 252.926745324051 258.153810182102 791.341552824481
2297000 280.301055427262 253.031996241608 258.217967743081 791.55101941195
2298000 280.371156974612 253.080730583708 258.35480178715 791.80668934547
2299000 280.558241736609 253.147006517033 258.458251825167 792.163500078809
2300000 280.687185827628 253.217530735888 258.549596051319 792.454312614836
2301000 280.836437895851 253.300689291352 258.654458186199 792.791585373402
2302000 280.976406874671 253.428242302681 258.755743681467 793.160392858819
2303000 281.089975151136 253.541032878921 258.77268769127 793.403695721327
2304000 281.190292841899 253.620281903703 258.887626959204 793.698201704805
2305000 281.327339748149 253.778125656009 258.964896483933 794.07036188809
2306000 281.422555235857 253.814543365598 259.135683716304 794.372782317758
2307000 281.480255728748 253.979171902793 259.27179806956 794.731225701101
2308000 281.560815745805 254.035871028492 259.320013950858 794.916700725154
2309000 281.763519305969 254.154080157834 259.426360025926 795.343959489729
2310000 281.840243710661 254.280501207357 259.601506748904 795.722251666922
2311000 281.90544091879 254.329881166654 259.667062402428 795.902384487872
2312000 282.053638303304 254.513127262341 259.798385474835 796.365151040481
2313000 282.155847981017 254.582575466151 259.842727328808 796.581150775976
2314000 282.353470144877 254.725656966297 260.079759092737 797.158886203912
2315000 282.515759261569 254.812770204714 260.138294631451 797.466824097735
2316000 282.621019422359 254.889690623963 260.212652168597 797.72336221492
2317000 282.639251802321 255.051813785752 260.279049038105 797.970114626178
2318000 282.789130431257 255.157354649561 260.42129808567 798.367783166488
2319000 282.842589162132 255.249622666866 260.481422460368 798.573634289365
2320000 282.93868253617 255.358901408688 260.674258163013 798.971842107871
2321000 283.049770724461 255.51219305934 260.781861131945 799.343824915745
2322000 283.215045246455 255.57728626127 260.91875214601 799.711083653735
2323000 283.321005170378 255.758644091448 261.040629389452 800.120278651278
2324000 283.330608791366 255.856469932493 261.137015959955 800.324094683814
2325000 283.465934681546 256.021059719457 261.312003882909 800.798998283911
2326000 283.639241409249 256.057419489156 261.432721595157 801.129382493562
2327000 283.686635909555 256.287835905517 261.564639088853 801.539110903925
2328000 283.833501439465 256.362987064424 261.748993510667 801.945482014556
2329000 283.89363785931 256.442564258335 261.803741689553 802.139943807199
2330000 284.089239222102 256.461717487605 261.926968741358 802.477925451065
2331000 284.166943754148 256.601068157768 262.005856457232 802.773868369148
2332000 284.309520089681 256.661356757799 262.081819514984 803.052696362463
2333000 284.465908364148 256.829699128173 262.153922908241 803.449530400562
2334000 284.595836623493 256.959779874117 262.257477001745 803.813093499356
2335000 284.718902218411 257.007213223295 262.395770905076 804.121886346782
2336000 284.804388323815 257.14124495968 262.505285343894 804.450918627389
2337000 284.941637972703 257.344974222584 262.680130424873 804.96674262016
2338000 285.02129934736 257.464736591255 262.732980631328 805.219016569942
2339000 285.118820232751 257.58226486729 262.838217773148 805.53930287319
2340000 285.27807479295 257.624540066756 262.924603291387 805.827218151093
2341000 285.312364155428 257.793920740478 263.055009256335 806.16129415224
2342000 285.509596462193 257.871289608464 263.119636973225 806.500523043882
2343000 285.646391057175 257.959424151428 263.199182036939 806.804997245542
2344000 285.634850624019 258.150261640746 263.292144685433 807.077256950198
2345000 285.761358158334 258.329682245406 263.391638644132 807.482679047871
2346000 285.836912237293 258.41585856246 263.474290703623 807.727061503376
2347000 286.042429944468 258.499975105715 263.58892739016 808.131332440343
2348000 286.170138812007 258.579136678543 263.745175305299 808.49445079585
2349000 286.271905155027 258.685451008563 263.853535878122 808.810892041712
2350000 286.413909323837 258.702563110078 263.966122928534 809.082595362449
2351000 286.511783649167 258.871620747436 264.066758110077 809.450162506679
2352000 286.661358951211 258.942560978739 264.200166501241 809.804086431191
2353000 286.797775793 259.076487533023 264.376825490084 810.251088816107
2354000 286.924653689315 259.248094964478 264.483402193309 810.656150847103
2355000 287.070475550796 259.339575947398 264.627185176077 811.037236674272
2356000 287.196602359294 259.441569299379 264.810281986138 811.448453644812
2357000 287.331792444341 259.524824145321 264.899150219019 811.755766808682
2358000 287.471999611063 259.668581782639 265.035482732755 812.176064126457
2359000 287.632087467449 259.746240087806 265.138287129542 812.516614684797
2360000 287.765967279878 259.789983942932 265.253802512489 812.809753735299
2361000 287.940119070752 259.851941514034 265.319573223423 813.111633808208
2362000 288.013965055172 259.931907388045 265.423230837766 813.369103280983
2363000 288.090834062902 260.137437228686 265.445616687426 813.673887979014
2364000 288.266517950999 260.294681629167 265.65082239898 814.212021979146
2365000 288.357478027115 260.414776621211 265.759768791064 814.532023439391
2366000 288.471884068135 260.47872221788 265.849469762572 814.800076048586
2367000 288.651266856224 260.534046522384 266.035933660796 815.221247039404
2368000 288.839797640264 260.567431708865 266.031275603596 815.438504952725
2369000 288.868345045244 260.649949912519 266.194498890766 815.712793848529
2370000 289.011245846009 260.829126921599 266.274547916023 816.114920683631
2371000 289.189742169831 260.910868339779 266.358658547715 816.459269057326
2372000 289.314836684756 261.128073070155 266.419717041974 816.862626796885
2373000 289.42986944566 261.227901501566 266.467460367195 817.125231314421
2374000 289.55927429184 261.341819194586 266.657602055824 817.558695542251
2375000 289.577037005912 261.437951204287 266.793738040003 817.808726250203
2376000 289.684269486842 261.568765054688 266.902668116338 818.155702657868
2377000 289.868270588517 261.729305811698 266.960932975979 818.558509376193
2378000 289.971196261962 261.777262958467 267.034116044632 818.782575265061
2379000 290.136749508453 261.909929726715 267.117772299703 819.164451534871
2380000 290.33353404827 262.042632799781 267.21078494995 819.586951798001
2381000 290.448819380309 262.206492903287 267.36568933716 820.021001620756
2382000 290.581694112446 262.291878352862 267.470934510132 820.34450697544
2383000 290.650958033807 262.406618815293 267.536963638353 820.594540487452
2384000 290.819842318399 262.472728937419 267.663458514987 820.956029770805
2385000 290.914563122819 262.680094182052 267.7841337714 821.378791076271
2386000 291.063140792891 262.718398818389 267.931887002698 821.713426613978
2387000 291.231806858674 262.802954389 268.025738929742 822.060500177416
2388000 291.292680172957 262.999247909643 268.227513011626 822.519441094226
2389000 291.399838297317 263.053001384379 268.403523811455 822.85636349315
2390000 291.540934383077 263.088596479068 268.486755274187 823.116286136332
2391000 291.6784596254 263.238680682838 268.619590118945 823.536730427183
2392000 291.714691379728 263.300081570392 268.752904763857 823.767677713977
2393000 291.807466119054 263.371025935683 268.876930072612 824.055422127349
2394000 292.005017434271 263.536778050483 269.000630360843 824.542425845597
2395000 292.040584213625 263.599141346878 269.132079849774 824.771805410276
2396000 292.195483971549 263.7554310203 269.266590251513 825.217505243363
2397000 292.287748387125 263.857674487236 269.418180617967 825.563603492329
2398000 292.406903340548 263.963670014152 269.539169727712 825.909743082412
2399000 292.481038916159 264.092209228261 269.596624724519 826.169872868939
2400000 292.524913929104 264.237875080788 269.78418348417 826.546972494062
2401000 292.641527169923 264.399913874935 269.83644192995 826.877882974809
2402000 292.798292455527 264.504262825362 269.939922464654 827.242477745544
2403000 292.995107389 264.613835717178 270.122434623225 827.731377729403
2404000 293.020792758035 264.745632618621 270.266423718675 828.03284909533
2405000 293.113473479252 264.789821673293 270.368731727798 828.272026880343
2406000 293.240186487883 264.945698592398 270.40958837282 828.595473453101
2407000 293.371329980552 265.026558596512 270.515777382189 828.913665959254
2408000 293.499035894666 265.09831865308 270.613332970618 829.210687518364
2409000 293.568204120137 265.208834824516 270.792331606484 829.569370551137
2410000 293.650336149769 265.370342231986 270.833340589844 829.854018971599
2411000 293.739134435959 265.526993668443 270.980325894407 830.246453998808
2412000 293.836691136447 265.57902412941 271.102795171836 830.518510437694
2413000 293.940956031059 265.698536924598 271.207286657944 830.846779613601
2414000 294.055267076452 265.868072233165 271.322763395116 831.246102704734
2415000 294.200825374945 265.979185644567 271.365912409548 831.54592342906
2416000 294.31659545414 266.123871482974 271.455769314969 831.896236252083
2417000 294.437024712321 266.302373216651 271.650297546939 832.389695475911
2418000 294.550765349435 266.348288049093 271.747509811075 832.646563209603
2419000 294.684225713827 266.504888994722 271.800776928644 832.989891637193
2420000 294.787483003233 266.60341937246 271.958575638862 833.349478014555
2421000 294.891871810763 266.73497945271 272.071122227883 833.697973491356
2422000 294.944584503764 266.858708639162 272.200736206262 834.004029349188
2423000 294.997211482612 266.976679777089 272.206357730189 834.180248989891
2424000 295.195632324349 267.016991715072 272.403469070278 834.616093109698
2425000 295.369669181764 267.090882199245 272.486034745206 834.946586126215
2426000 295.38729157751 267.167145690335 272.59226454551 835.146701813356
2427000 295.544692349004 267.184030342025 272.700919945011 835.42964263604
2428000 295.639829479468 267.279856829247 272.78282453712 835.702510845835
2429000 295.735453272376 267.406194382555 272.974218021806 836.115865676737
2430000 295.813993738817 267.534173478174 273.031688874337 836.379856091328
2431000 295.963084948877 267.680789883979 273.205567445052 836.849442277908
2432000 296.054001738154 267.804069658129 273.269331057083 837.127402453366
2433000 296.179191696544 267.848977008041 273.379135105489 837.407303810074
2434000 296.256218949777 267.956463247064 273.504022645575 837.716704842416
2435000 296.433642663175 268.091252209192 273.643479951526 838.168374823894
2436000 296.558282413134 268.243701627935 273.770602358429 838.572586399498
2437000 296.657151006153 268.387140058981 273.88876382506 838.933054890194
2438000 296.77796772969 268.496852611099 273.971962502332 839.246782843121
2439000 296.839028655476 268.60929677602 274.11343867765 839.561764109146
2440000 296.873344291195 268.709136286299 274.181438854728 839.763919432222
2441000 297.09689851436 268.881414372141 274.306354171924 840.284667058424
2442000 297.235042608148 268.971260603441 274.43939441817 840.645697629759
2443000 297.348620368995 269.047987569569 274.523138886409 840.919746824972
2444000 297.500626897261 269.176097024666 274.722870361047 841.399594282974
2445000 297.605467466487 269.299955716994 274.825406241073 841.730829424554
2446000 297.704336920916 269.477776154358 274.933911948417 842.116025023691
2447000 297.83297866232 269.592176731273 275.062166605047 842.48732199864
2448000 297.835657184174 269.668958451426 275.233445834302 842.738061469902
2449000 298.051516769004 269.727357890874 275.311139384485 843.090014044363
2450000 298.226487261815 269.817461833247 275.454663096422 843.498612191484
2451000 298.27385983817 269.872405330525 275.610070382473 843.756335551168
2452000 298.434015931858 269.974635404459 275.699169101749 844.107820438066
2453000 298.572366359487 270.119045788594 275.896632424706 844.588044572787
2454000 298.664265006016 270.23881109607 275.923611501067 844.826687603154
2455000 298.778132854412 270.341441422337 276.013932472583 845.133506749331
2456000 298.825799734224 270.467526749789 276.115749782779 845.409076266792
2457000 298.906752156693 270.554127391403 276.19059743348 845.651476981576
2458000 299.055870873604 270.705054028666 276.346364349542 846.107289251812
2459000 299.130692741431 270.721097951401 276.408294413629 846.260085106461
2460000 299.262881204844 270.866293257703 276.543344970113 846.67251943266
2461000 299.391712994704 271.005079902951 276.634680434635 847.03147333229
2462000 299.485518477834 270.991299407711 276.742403802402 847.219221687947
2463000 299.609069599354 271.175504321225 276.856544110645 847.641118031223
2464000 299.703115063132 271.357983956023 276.980402440164 848.04150145932
2465000 299.786187894948 271.485535863297 277.059837342278 848.331561100523
2466000 299.971447095649 271.640671296311 277.221377376139 848.833495768099
2467000 300.015069140699 271.755506706234 277.300092659442 849.070668506375
2468000 300.074324335422 271.847199725608 277.435978502976 849.357502564006
2469000 300.238277465613 271.918837733263 277.525826118405 849.682941317281
2470000 300.352232811944 272.031301500088 277.589058985362 849.972593297394
2471000 300.521842474993 272.161771952293 277.725543842901 850.409158270188
2472000 300.630354965352 272.278543114841 277.84751826699 850.756416347184
2473000 300.763028293159 272.339400096966 277.90331234141 851.005740731535
2474000 300.864029511137 272.452221664 277.997113662959 851.313364838096
2475000 300.982339090227 272.563206480452 278.114839013627 851.660384584307
2476000 301.145216343968 272.69504168767 278.200701221162 852.0409592528
2477000 301.236921620571 272.854573227232 278.337474061771 852.428968909574
2478000 301.416934394828 272.951036253536 278.411628219378 852.779598867742
2479000 301.594339896651 272.99723621461 278.567147293049 853.15872340431
2480000 301.640798512401 273.110166321639 278.614019237886 853.364984071927
2481000 301.7397994174 273.145317589841 278.772092712338 853.657209719579
2482000 301.939422135937 273.254730751959 278.744795022656 853.938947910552
2483000 302.04605175835 273.302297856919 278.932854883824 854.281204499093
2484000 302.171704466116 273.450360698473 278.982069310066 854.604134474655
2485000 302.257047096887 273.530778059845 279.137785467316 854.925610624048
2486000 302.36574981511 273.500608529071 279.244527449468 855.110885793649
2487000 302.529272284209 273.663978022436 279.32629220849 855.519542515134
2488000 302.668584236219 273.783714077811 279.466895332552 855.919193646583
2489000 302.783652502948 273.873929969485 279.561663311634 856.219245784067
2490000 302.890901897145 273.982692955592 279.707805490838 856.581400343575
2491000 303.013253941033 274.0467194527 279.871476522019 856.931449915751
2492000 303.121800074629 274.183158313327 279.992177411099 857.297135799055
2493000 303.293405972297 274.233214230977 280.07019561795 857.596815821224
2494000 303.427936784712 274.341194142991 280.225302685709 857.994433613411
2495000 303.551707525221 274.378742080103 280.319717001534 858.250166606859
2496000 303.711474649906 274.539816627622 280.330810112872 858.582101390401
2497000 303.761995704832 274.659517246536 280.463262333524 858.884775284893
2498000 303.875917138665 274.748107697303 280.514939127358 859.138963963326
2499000 304.008142430276 274.894457417213 280.645765135647 859.548364983136
2500000 304.147386266649 274.969768322521 280.696819723035 859.813974312205
2501000 304.315045230936 275.040372540175 280.828142046274 860.183559817385
2502000 304.452787591924 275.179494814523 281.047779423806 860.680061830253
2503000 304.580260346378 275.291420192423 281.220816928425 861.092497467227
2504000 304.726313974953 275.400275596642 281.239998141523 861.366587713118
2505000 304.851099005969 275.52313206805 281.430312580582 861.8045436546
2506000 304.968803582277 275.641283234549 281.599414539984 862.20950135681
2507000 305.07246448457 275.76993129597 281.770989396163 862.613385176703
2508000 305.141340607111 275.91251127973 281.821999479654 862.875851366496
2509000 305.208603646509 275.900868453009 281.932913047313 863.042385146831
2510000 305.324513014303 276.02534921064 282.05784105446 863.407703279403
