# Fix print output for fix 2
10000 5.02783297827975e-29 5.03827138584711e-29 0 1.00661043641269e-28
11000 0.328928041457243 0.301204518129927 0.31528043825334 0.945412997840509
12000 0.425915843220769 0.44427089429909 0.451937200203198 1.32212393772306
13000 0.540649809772146 0.600998879992509 0.545618595734532 1.68726728549919
14000 0.649162275783811 0.645657840735846 0.616411403223586 1.91123151974324
15000 0.71604155809103 0.710184531216134 0.697763424507125 2.12398951381429
16000 0.744024727997334 0.808925918307779 0.766942887375295 2.31989353368041
17000 0.880324872918145 0.940381060791479 0.926490438990071 2.7471963726997
18000 1.00526324219216 1.0164462413814 1.02014757686263 3.0418570604362
19000 1.13937922551173 1.18589111688267 1.14580859509564 3.47107893749004
20000 1.26204545677073 1.23540859422015 1.2196250750326 3.71707912602347
21000 1.31049929643138 1.35549635783391 1.29639862830886 3.96239428257415
22000 1.31405260231671 1.29864674168118 1.38145447665302 3.99415382065091
23000 1.36576417632756 1.36342691037163 1.4885456131299 4.2177366998291
24000 1.50382424697801 1.55654682134552 1.598667241922 4.65903831024553
25000 1.53517491333954 1.65552467098004 1.68229437603138 4.87299396035095
26000 1.66848855184963 1.74458458059482 1.75441662593066 5.16748975837511
27000 1.74592361169999 1.79568929249476 1.89077350464367 5.43238640883842
28000 1.8906800936025 1.83424393585815 1.9737987193054 5.69872274876605
29000 1.95745587160733 1.85917966735103 2.00279968696445 5.81943522592282
30000 2.108427464025 2.04709968007503 2.20429704363994 6.35982418773996
31000 2.14637984447656 2.1684728164497 2.32343764807717 6.63829030900342
32000 2.28292140563833 2.27259172231868 2.41629583842804 6.97180896638505
33000 2.39565009393028 2.26432638866137 2.4044958387207 7.06447232131235
34000 2.54916084642048 2.41313590312603 2.63547874619937 7.59777549574588
35000 2.51868803029197 2.43825552942609 2.57190792850049 7.52885148821855
36000 2.65601248700327 2.49519799944243 2.57944042390391 7.73065091034961
37000 2.68696879199668 2.61121685047139 2.74693274480194 8.04511838727002
38000 2.76854617620988 2.6560032245304 2.81118553913324 8.23573493987351
39000 2.98335548932183 2.73307662459237 2.91748495964417 8.63391707355838
40000 2.97600216126527 2.74885199958481 2.99768150234193 8.722535663192
41000 3.05108961828955 2.88806474336462 3.09417715747342 9.03333151912759
42000 3.22923621429908 3.04529992625049 3.17016423379902 9.4447003743486
43000 3.19144333564566 3.10918430445417 3.28910505961197 9.58973269971181
44000 3.21405982636781 3.0666396450814 3.33749087367542 9.61819034512463
45000 3.30362418742708 3.04579662215735 3.43863578533042 9.78805659491485
46000 3.36487248975033 3.09970578271742 3.52939083609253 9.99396910856027
47000 3.38131377318691 3.16937860940089 3.51649613765539 10.0671885202432
48000 3.4460974557161 3.27019764038427 3.59087755179249 10.3071726478929
49000 3.50986660061834 3.30520134846926 3.71095296115141 10.526020910239
50000 3.6210908447776 3.33729064520115 3.77548538297232 10.7338668729511
51000 3.74413454568059 3.35853276306649 3.79314253063433 10.8958098393814
52000 3.82099209192087 3.36926410319964 3.87288263499452 11.063138830115
53000 4.00063319718909 3.5438198895101 3.90710986446952 11.4515629511687
54000 4.02323984355487 3.59229363686619 3.95499134924793 11.570524829669
55000 3.95908799566311 3.64986660291452 3.9963650738529 11.6053196724305
56000 4.18925812536696 3.68750337616333 4.10559251905935 11.9823540205896
57000 4.35201515657815 3.78331689669313 4.14911197760329 12.2844440308746
58000 4.33346735524081 3.86820610205163 4.11800121610439 12.3196746733968
59000 4.38943522061497 3.99954763480893 4.40936663928777 12.7983494947117
60000 4.41057821262871 4.04010833979827 4.34804053628348 12.7987270887105
61000 4.55802167113899 4.0172102655183 4.3986059803278 12.9738379169851
62000 4.59143151064291 4.23327609150171 4.65088450173081 13.4755921038754
63000 4.85788332608069 4.24091313751227 4.64997466385956 13.7487711274525
64000 4.80565115022506 4.28218348162875 4.74284166777408 13.8306762996279
65000 4.9614192872741 4.34320902801188 4.76646900832016 14.0710973236061
66000 4.93382361128238 4.48822166025687 4.76115979539339 14.1832050669326
67000 5.0582277793588 4.54344034215005 4.88235458791176 14.4840227094206
68000 4.93571843794368 4.69326429937949 4.89472290033306 14.5237056376562
69000 5.23825210342641 4.74929510343198 4.96924232976168 14.9567895366201
70000 5.16808375396614 4.74849655515095 5.09936645477536 15.0159467638924
71000 5.24587533659161 4.88076194143767 5.07139586053655 15.1980331385658
72000 5.31112160872978 4.84743574145051 5.11649071443776 15.275048064618
73000 5.36686972269653 4.8992887368066 5.00216096053193 15.2683194200351
74000 5.34446993110237 4.96480365095795 4.99831849307744 15.3075920751378
75000 5.60024606918587 4.90915658816454 5.15595167962302 15.6653543369734
76000 5.59293636396283 4.97017292885017 5.39383458053248 15.9569438733455
77000 5.5588487357802 5.12854464808577 5.45434830464899 16.141741688515
78000 5.56996806699965 5.11410888677601 5.47632580302796 16.1604027568036
79000 5.71197365287968 5.11305518540263 5.66785567824871 16.492884516531
80000 5.70846612794724 5.20946945514673 5.82936738845222 16.7473029715462
81000 5.88624682431634 5.35156708833472 5.83623902251767 17.0740529351687
82000 5.89711035071111 5.39728032917001 5.88326393436212 17.1776546142432
83000 6.11102972716532 5.46239928741109 5.98024994681749 17.5536789613939
84000 6.23618521839313 5.49412491713202 6.13440404290467 17.8647141784298
85000 6.30866648137021 5.51920302111639 6.13025616413171 17.9581256666183
86000 6.38962395560746 5.5789583471429 6.27777926533629 18.2463615680866
87000 6.39388769605864 5.52345236244099 6.35973291895761 18.2770729774572
88000 6.41662482069314 5.5562880958316 6.35364568780432 18.3265586043291
89000 6.49347151716174 5.6360204145047 6.41200499028708 18.5414969219535
90000 6.56472502140063 5.56744810412572 6.51679135013775 18.6489644756641
91000 6.81259721848152 5.75616662515101 6.42965005182199 18.9984138954545
92000 6.71653209270044 5.8154477933667 6.55791612032715 19.0898960063943
93000 6.870906736951 5.85588919436796 6.73306991672832 19.4598658480473
94000 7.01427632287839 5.99914302524793 6.68903985930717 19.7024592074335
95000 7.04638771541961 6.15759698261536 6.84040332461974 20.0443880226547
96000 7.06791259474972 6.12873535113381 6.91180550026313 20.1084534461467
97000 7.12323610690191 6.13678469101841 6.93674648516831 20.1967672830886
98000 7.2651368143442 6.00827196050051 7.19060853083169 20.4640173056764
99000 7.2024018157714 6.1022164303473 7.20398717100677 20.5086054171255
100000 7.2630424678465 6.09714273836301 7.28029440905034 20.6404796152598
101000 7.31058789579931 6.19122940415599 7.42522448744543 20.9270417874007
102000 7.22509003013161 6.29371899673999 7.61472395545208 21.1335329823237
103000 7.33908243632276 6.50942883088714 7.56178101348921 21.4102922806991
104000 7.4857967067212 6.54703739368183 7.78089495788414 21.8137290582872
105000 7.55705185802373 6.42895933504519 7.89156490770111 21.87757610077
106000 7.80293433391908 6.51190451096343 7.85077059164051 22.165609436523
107000 7.84542157304491 6.61580167181333 8.00513187121037 22.4663551160686
108000 7.83056296664418 6.6071911088774 7.9054239860758 22.3431780615974
109000 8.00303174798472 6.74229253863036 8.04116147251941 22.7864857591345
110000 8.08181255814178 6.90121775340994 8.04703833423151 23.0300686457832
111000 8.14715901415718 6.99576108886909 8.33649679440655 23.4794168974328
112000 8.37845048184008 7.16908792415451 8.36582952869213 23.9133679346867
113000 8.32393576180234 7.14599120927812 8.49673463097655 23.966661602057
114000 8.42582238616706 7.23069777475645 8.67191409316462 24.3284342540881
115000 8.34282363841436 7.22371673536137 8.75901654596335 24.3255569197391
116000 8.43226219565559 7.24719452282177 8.77497218882783 24.4544289073052
117000 8.62141516639268 7.1920493249442 8.94880201343907 24.762266504776
118000 8.51511753664976 7.29266296759632 9.00966054143951 24.8174410456856
119000 8.59353668980702 7.2891250316323 8.97847690936488 24.8611386308042
120000 8.74634720563681 7.32501177912007 9.09052166254609 25.161880647303
121000 8.74622726238094 7.38229726671968 9.3887496006534 25.517274129754
122000 8.87658603415031 7.49427721487603 9.11964702074861 25.490510269775
123000 9.02834761004768 7.52080615658335 9.3102538707847 25.8594076374157
124000 8.95449222514337 7.66521086089481 9.42085290208066 26.0405559881188
125000 9.22150472216464 7.69167365036868 9.69120367464239 26.6043820471757
126000 9.16231114847714 7.62355771699128 9.69460490404995 26.4804737695184
127000 9.27388881002413 7.80585284702717 9.82347333257635 26.9032149896276
128000 9.41104787957102 7.77162758130163 9.75185407815139 26.934529539024
129000 9.42422485133628 7.92066378271365 9.96236734919548 27.3072559832454
130000 9.48368537465721 8.08067247482636 9.95346970538528 27.5178275548688
131000 9.53542534427206 8.27739834215254 10.1483147165884 27.961138403013
132000 9.6169403957585 8.29693286681308 10.1615375243865 28.0754107869581
133000 9.7219536533716 8.35346253374226 10.2770610888592 28.3524772759731
134000 9.87155462122529 8.40263111213366 10.2682635100079 28.5424492433668
135000 9.76110232435809 8.51089910544243 10.484536818326 28.7565382481265
136000 10.034522223274 8.62096597102599 10.536626011896 29.192114206196
137000 10.1030477680861 8.59179277006374 10.4982728509357 29.1931133890856
138000 9.99936912873405 8.62842300867849 10.5850119718824 29.2128041092949
139000 10.0088335398947 8.63349790554353 10.7469613524797 29.3892927979179
140000 10.1757076374445 8.76797919832783 10.8152413287589 29.7589281645312
141000 9.93388960309178 8.7503973604325 10.8408181946965 29.5251051582207
142000 10.1088653238425 8.69492723722667 10.8280357856107 29.6318283466798
143000 10.238031376298 8.58835256782141 11.2023805444277 30.0287644885471
144000 10.0474389461276 8.9574825542898 11.167213969549 30.1721354699664
145000 10.2080472275498 8.84962736728246 11.1502929130773 30.2079675079096
146000 10.2748665730438 8.95757875640627 11.1726678291721 30.4051131586221
147000 10.405853404087 9.07602501472974 11.1845336668231 30.6664120856399
148000 10.4580267886716 9.02194458892685 11.3064084989865 30.7863798765849
149000 10.9389853139234 9.14170448131211 11.4199256190582 31.5006154142937
150000 10.857564038764 9.39854799127469 11.4660315048768 31.7221435349154
151000 11.06344908995 9.52187681885821 11.565600971903 32.1509268807112
152000 10.9367337655314 9.65091231190053 11.695620242216 32.2832663196478
153000 10.9866398205513 9.84220602012801 11.7512949059773 32.5801407466567
154000 11.0709182235462 9.83257476444039 11.6891558137634 32.5926488017499
155000 11.141931100493 9.83998375755588 11.7199338380826 32.7018486961315
156000 11.281398217434 9.93342533051231 11.8383696873924 33.0531932353387
157000 11.4512024670387 10.048326916922 11.8000497215456 33.2995791055063
158000 11.3901939691469 10.087886092956 11.9548031045616 33.4328831666646
159000 11.404061681503 10.3772846843544 11.9550136856223 33.7363600514797
160000 11.3880602170631 10.2933303911593 12.0128248791489 33.6942154873713
161000 11.5081156742154 10.2147641449814 12.1948508894376 33.9177307086344
162000 11.5359388412854 10.2869454520107 12.2325251549964 34.0554094482925
163000 11.6942236712442 10.1101015620832 12.2599930752235 34.0643183085509
164000 11.7108042489452 10.2465187443593 12.3756175650286 34.3329405583331
165000 11.6203222125 10.3641299202765 12.4945564834592 34.4790086162357
166000 11.8428299982563 10.50403464313 12.4826025614336 34.82946720282
167000 12.2135717693846 10.648940143072 12.522306563544 35.3848184760006
168000 12.0500730545881 10.5875901112617 12.6699978213282 35.307660987178
169000 12.1570427644173 10.6982451696572 12.8059368499819 35.6612247840564
170000 12.1363302221618 10.8521737263657 12.8126008053644 35.801104753892
171000 12.2838163877228 10.8710515143287 13.0140066445887 36.1688745466402
172000 12.170934533666 10.724130775434 12.9794144318953 35.8744797409953
173000 12.2308460891353 10.7045810699164 13.137667800549 36.0730949596007
174000 12.2472849816204 10.8561250132549 13.323352520906 36.4267625157814
175000 12.4916483625162 10.8703663030148 13.2983045483293 36.6603192138603
176000 12.7321980200182 11.1049546736241 13.3480245079645 37.1851772016068
177000 12.6501306290171 11.0104280709936 13.4583062867841 37.1188649867947
178000 13.0102981092043 11.2107449437337 13.6263763115037 37.8474193644416
179000 13.2311361432565 11.161614308146 13.7037160516561 38.0964665030586
180000 13.1138315951084 11.2752713956912 13.9677133128158 38.3568163036153
181000 13.4620386024297 11.4921337347747 13.9860624001844 38.9402347373888
182000 13.5167310735055 11.5114713482259 13.9522611036044 38.9804635253359
183000 13.768295400352 11.4651190737982 14.1851790407652 39.4185935149154
184000 13.8079734033203 11.5361731183288 14.1104095881902 39.4545561098393
185000 13.8864571744408 11.5520705727029 14.0914940640409 39.5300218111845
186000 13.9715481985323 11.8907815393076 14.1233095027128 39.9856392405527
187000 13.9868241370195 12.0231867407716 14.4089249643359 40.418935842127
188000 14.3620639664143 11.9646479589457 14.3634504097921 40.6901623351522
189000 14.2930888365682 12.0942045916381 14.4742630597757 40.861556487982
190000 14.3579937351394 12.3321507389903 14.3291188743987 41.0192633485283
191000 14.4844669468032 12.1927625390447 14.3729539973374 41.0501834831853
192000 14.7378133132585 12.2027237327256 14.4914940122044 41.4320310581885
193000 14.8023081891436 12.2574618913617 14.1929427334776 41.2527128139828
194000 14.8234653345021 12.235325019108 14.2631944780864 41.3219848316966
195000 14.9769509736846 12.3328269625023 14.3531899016674 41.6629678378542
196000 15.2449761267451 12.3754613319048 14.613318629401 42.2337560880509
197000 15.1939470841093 12.2923453324901 14.6743978030133 42.1606902196127
198000 15.2192284694054 12.4545591745512 14.5875318695782 42.2613195135348
199000 15.264456580765 12.4351073575316 14.6329055578363 42.3324694961329
200000 15.2266339072025 12.5434696421316 14.7622023974338 42.5323059467679
201000 15.3290074393344 12.6838882694376 14.8620086174425 42.8749043262145
202000 15.3595891537437 12.8578918041609 14.9901719583333 43.207652916238
203000 15.3871724714419 12.7738390835589 14.9528987359749 43.1139102909756
204000 15.3450619379688 12.7720006667147 15.0845296068214 43.2015922115049
205000 15.4086567378732 12.864079685498 14.8922781499845 43.1650145733557
206000 15.7177983032334 12.8624315985005 15.1967554436524 43.7769853453863
207000 15.5973018379584 13.0380916408352 15.1792549216828 43.8146484004764
208000 15.6696335122788 12.8259907502974 15.4049978988257 43.9006221614019
209000 15.6713802781666 12.9901731887694 15.3420333751713 44.0035868421074
210000 15.8864245270008 13.216048133011 15.4340081219865 44.5364807819982
211000 16.0779435257266 13.2559623192144 15.490782546014 44.824688390955
212000 16.0166780382255 13.2130003106866 15.7057586675344 44.9354370164466
213000 16.0168333469598 13.3796450759196 15.7495570264433 45.1460354493228
214000 16.1315372294396 13.4739606536109 15.7759648546323 45.3814627376828
215000 16.1899133547775 13.4424804914067 15.5719190992278 45.204312945412
216000 16.3879986075263 13.4570555574019 15.6710866700769 45.5161408350052
217000 16.5104259032363 13.6581376262411 15.6806663554445 45.8492298849219
218000 16.8438213874398 13.7263245114005 15.9939823862907 46.5641282851309
219000 16.7580651664482 13.7474636344777 16.097265530416 46.6027943313419
220000 16.9994340113723 13.8604776764365 16.2774214289 47.1373331167088
221000 17.2027653122466 13.9100498970491 16.2449875280715 47.3578027373671
222000 17.2862717256705 14.1003251537501 16.3314597949428 47.7180566743634
223000 17.2344427367647 13.7968600011819 16.3408668766677 47.3721696146143
224000 17.275906506512 14.0738391470667 16.7799418065337 48.1296874601125
225000 17.5182075847489 14.3248820011877 16.5714558495438 48.4145454354804
226000 17.5271336523478 14.2746749866545 16.7932817149142 48.5950903539165
227000 17.6737677953188 14.4208675807971 16.5709580445916 48.6655934207074
228000 17.950174571685 14.4839137211071 16.6506974750139 49.0847857678059
229000 17.7293699277817 14.4873094014619 16.6492574599396 48.8659367891832
230000 17.7569292045996 14.6587286814383 16.6677094200596 49.0833673060975
231000 17.8860934655374 14.7383973835924 16.7197904532837 49.3442813024135
232000 18.2263896538709 14.693633874241 16.9286662137881 49.8486897419
233000 18.4794331601085 15.0142863142285 17.1126636533686 50.6063831277056
234000 18.7766067571635 15.2994523595102 17.1761174458729 51.2521765625466
235000 18.6965006427623 15.065117870412 17.2690115264646 51.0306300396389
236000 18.8525527370713 15.3102065505604 17.2050342873695 51.3677935750013
237000 19.1446862463427 15.5757449552098 17.3357083695722 52.0561395711247
238000 19.0309948561971 15.7739950260741 17.3118533782058 52.116843260477
239000 19.0512754494264 15.6956249364262 17.4184847092222 52.1653850950748
240000 19.0768220554841 15.8645011564749 17.4041024845325 52.3454256964915
241000 19.1023186537274 16.1074864070975 17.4453064899883 52.6551115508132
242000 19.3033378788986 16.1514556981435 17.4130871676564 52.8678807446985
243000 19.3305610601294 15.9666155852177 17.8051437698914 53.1023204152385
244000 19.2792666578496 16.3563467797801 17.6030720482909 53.2386854859206
245000 19.6234820628551 16.5167011955439 17.8479703200669 53.9881535784659
246000 19.4803033475381 16.3824520241569 18.036414885422 53.8991702571171
247000 19.686003707372 16.6037170108918 17.87837220851 54.1680929267737
248000 19.6272687760998 16.5563669614841 17.9846207554396 54.1682564930235
249000 19.7257468657291 16.5207591673994 17.9067528697661 54.1532589028945
250000 19.7577872390772 16.7335204318185 18.0113728187592 54.5026804896549
251000 19.8435905850251 16.6852509910749 18.0148271389679 54.5436687150678
252000 19.7955036257725 16.5726074931652 18.1635416110365 54.5316527299741
253000 19.9619547193933 16.5615280891516 18.0820046366047 54.6054874451495
254000 19.8310767304469 16.7583640961392 18.0547035132389 54.644144339825
255000 20.0921419197167 16.5728491816966 17.9980632412597 54.6630543426731
256000 19.9703372964172 16.699542000175 18.199642882587 54.8695221791793
257000 19.9777551197185 16.5616769115033 18.1840059070116 54.7234379382334
258000 19.9546648147621 16.8427619672111 18.119585876908 54.9170126588812
259000 19.9643683549261 16.7088711169917 18.2230705884135 54.8963100603312
260000 20.1964503464895 16.8153017008548 18.5466570795149 55.5584091268592
261000 19.9940562449992 16.7380153709281 18.4271523790562 55.1592239949835
262000 19.983499049514 16.9436039990607 18.3690598251308 55.2961628737054
263000 20.1817389293967 17.1770229405645 18.424503045979 55.7832649159402
264000 20.2485735709712 17.1399780440246 18.68625412382 56.0748057388158
265000 20.3001570222409 17.3330775840506 18.5163736287744 56.1496082350659
266000 20.4715810441483 17.3306521893515 18.7859422738375 56.5881755073374
267000 20.680410647587 17.3712561821979 18.8845119023322 56.9361787321172
268000 20.7154486130389 17.4688820651926 18.8035770224381 56.9879077006695
269000 20.9077366366216 17.4219004642814 18.94378785617 57.273424957073
270000 20.9528941005662 17.5331134911193 18.9529318510427 57.4389394427283
271000 21.119591363919 17.6658174369971 19.0537235296158 57.8391323305319
272000 21.1926915525523 17.5335874983782 18.816928812123 57.5432078630535
273000 21.4441381709273 17.6067903682213 19.1457419335036 58.1966704726522
274000 21.5170546119876 17.9003731790239 19.2822894552547 58.6997172462662
275000 21.4275844745667 17.7605846955458 19.2810213611909 58.4691905313034
276000 21.6585998967109 17.8016876477503 19.1236038143961 58.5838913588573
277000 21.6418536908332 17.7134811932318 19.296340014907 58.651674898972
278000 21.8300901732092 17.8828935429961 19.331583641881 59.0445673580864
279000 21.993917110077 18.0082740240055 19.1572095617916 59.1594006958742
280000 21.7749403698044 18.3116714564419 19.2033325031206 59.2899443293669
281000 21.9162198215585 18.3764400332387 19.1926309974709 59.4852908522681
282000 22.0539150085494 18.4230771724749 19.3283593766863 59.8053515577106
283000 22.0544496362044 18.3731442311518 19.282908122388 59.7105019897442
284000 22.1325978414049 18.727927877792 19.5372911102336 60.3978168294305
285000 22.3930328735652 18.8742410103715 19.5366115724357 60.8038854563724
286000 22.3970655108641 18.7939284076336 19.60723342398 60.7982273424777
287000 22.545346242301 19.0567157102831 19.6851701274668 61.2872320800509
288000 22.6654024601202 19.0317048724282 19.7809394066723 61.4780467392208
289000 22.603243664666 19.2337986692555 19.7824245779087 61.6194669118301
290000 22.7489493146637 18.8159929995513 19.8868397983633 61.4517821125783
291000 22.6904868241902 18.9679783331291 19.9331135863433 61.5915787436625
292000 22.8546564393475 18.7750086372837 20.203223174505 61.8328882511362
293000 22.8206957609417 19.1404126002231 20.0695675598873 62.030675921052
294000 23.0665762797543 19.096699149523 20.384326650779 62.5476020800563
295000 23.0466800722964 19.075887023405 20.3254080155007 62.4479751112022
296000 23.09122221262 19.0672848368311 20.654843013873 62.8133500633241
297000 23.2726707033395 19.420407237983 20.600205511471 63.2932834527935
298000 23.5004659969464 19.5505861255421 20.6785352842079 63.7295874066964
299000 23.5818271340092 19.7249542276471 20.8768566264403 64.1836379880966
300000 24.0042752398955 19.6901115253613 20.8724183206025 64.5668050858593
301000 23.8763233283526 19.7913018751957 21.2025186859086 64.8701438894569
302000 24.1529618346784 20.0756529277698 21.2682123024514 65.4968270648996
303000 24.2487461899393 20.2246432096845 21.2224972758494 65.6958866754732
304000 24.2066566191346 20.288375437718 21.1275704055862 65.6226024624389
305000 24.3327211222151 20.157276907005 21.170888073785 65.6608861030051
306000 24.3465556071067 20.3517443811829 21.223076799597 65.9213767878865
307000 24.447061595601 20.3415899133082 21.3490424526203 66.1376939615295
308000 24.4333295695997 20.5393623921293 21.5377878092384 66.5104797709673
309000 24.6328590070022 20.5605604865082 21.3119161861878 66.5053356796982
310000 24.3244076831817 20.8247027716286 21.3133492479433 66.4624597027536
311000 24.6803143688646 20.9158859363981 21.5878450810936 67.1840453863562
312000 24.7798138994846 21.3010919613794 21.5804419921608 67.6613478530248
313000 24.8633239099805 21.2942633685591 21.7030269159818 67.8606141945214
314000 24.9624718101766 21.2076497594066 21.7842456898493 67.9543672594325
315000 24.9899974712643 21.1694204576253 22.141955135288 68.3013730641776
316000 25.2122187642919 21.4598547134432 21.9346559206699 68.606729398405
317000 25.3663044571252 21.4535362518637 22.2171084753368 69.0369491843257
318000 25.5386178415785 21.2404334432789 22.1446735668751 68.9237248517324
319000 25.7236891690225 21.4049487636198 22.2640088419772 69.3926467746195
320000 25.8061721835335 21.5074689911139 22.3283750364613 69.6420162111088
321000 25.9488360585855 21.4777245340831 22.751273367934 70.1778339606027
322000 26.1212546168882 21.594650728895 22.717471179979 70.4333765257623
323000 25.9712704839188 21.7449978330473 22.4809073183719 70.1971756353381
324000 26.1850418422081 21.4372775650159 22.7424178079617 70.3647372151856
325000 25.8342661717099 21.9582503137952 22.8678565841896 70.6603730696947
326000 25.9662641198134 21.832917298554 23.0635276403917 70.8627090587591
327000 26.1353562107392 21.9373667769788 23.0723079505005 71.1450309382185
328000 26.1569444956459 21.8306343369872 23.1872359633221 71.1748147959552
329000 26.5613540442045 21.9515679574182 23.1676479753639 71.6805699769866
330000 26.442594176347 21.9559464880959 23.269356662527 71.6678973269699
331000 26.7238523247443 21.9483395577592 23.3314678069459 72.0036596894495
332000 27.0684121376934 22.2274458076433 23.2972978842436 72.5931558295803
333000 26.6264725152468 22.1939155470148 23.4254126998917 72.2458007621533
334000 26.6654555274462 22.2725004632855 23.4905252915648 72.4284812822965
335000 26.6473857856246 22.4196028463579 23.5074913749883 72.5744800069708
336000 26.7954314516423 22.5135979741961 23.4696923242288 72.7787217500671
337000 27.0100115510579 22.711834179336 23.5982971812674 73.3201429116612
338000 26.9804948720047 22.7941412152511 23.8291194772741 73.6037555645299
339000 27.30174138538 22.8612450662093 23.9688574622328 74.1318439138222
340000 27.2056530130938 22.7659682042883 23.8991334402087 73.8707546575908
341000 27.4924271887836 22.9207016661484 24.1073280064531 74.5204568613851
342000 27.639640984487 22.92217184443 24.2086083875802 74.7704212164971
343000 27.8533858466964 22.7553745002907 24.085219740748 74.6939800877351
344000 28.0229584400053 22.8799044552674 24.2264315264861 75.1292944217588
345000 27.9462523115173 23.0647537241119 24.2956593361291 75.3066653717584
346000 28.0480592038517 23.3070091117326 24.1262707254005 75.4813390409847
347000 27.6772740564527 23.3048072100004 24.1693844314994 75.1514656979525
348000 27.9068189363792 23.4289533223076 24.4516148584649 75.7873871171518
349000 28.1363881281633 23.7210318471474 24.4432459789494 76.3006659542601
350000 28.0686543582623 23.7173231473778 24.3823801738137 76.1683576794538
351000 28.4161166115074 23.9185026403948 24.5378772673071 76.8724965192092
352000 28.4617493389544 23.9868058204722 24.7068722443314 77.1554274037581
353000 28.7113409630529 24.177156050743 25.0906693109135 77.9791663247095
354000 28.6324671721973 24.1310164395588 24.9615200408932 77.7250036526493
355000 28.7193537795822 24.2587680188598 25.2953161122257 78.2734379106677
356000 28.7413264020326 24.5775233009175 25.1724818179788 78.491331520929
357000 28.76370881244 24.447796381653 25.1677727698351 78.379277963928
358000 28.7028311025849 24.5333096684474 25.3260108460725 78.5621516171048
359000 29.1268610035853 24.8809219430251 25.2128634372848 79.2206463838952
360000 28.874305136513 24.7673296551198 25.4275044555885 79.0691392472212
361000 29.1095220604897 24.7189036804698 25.5691675133725 79.3975932543319
362000 29.1218286386042 25.042357810868 25.6569337128904 79.8211201623626
363000 28.9396885401158 25.0720785622389 25.5492707475915 79.5610378499462
364000 29.1168827763726 24.9968328922796 25.4095975171636 79.5233131858158
365000 29.1903464885709 25.0584733595457 25.8032055552367 80.0520254033533
366000 29.0824618463047 25.0456791537871 25.75411094344 79.8822519435317
367000 29.3948314189156 25.2128165455961 25.5442251222969 80.1518730868086
368000 29.3342536948778 25.1691018340137 25.8079406542631 80.3112961831546
369000 29.2668158260897 25.4861084559346 25.7547380352926 80.5076623173169
370000 29.3883157625456 25.5266215586147 25.847971394093 80.7629087152533
371000 29.2196641937899 25.5326549707621 26.3427351923938 81.0950543569459
372000 29.7470244803071 25.5689855847522 26.2549077392358 81.5709178042951
373000 29.6503615070902 25.8402513512549 26.1238396886103 81.6144525469553
374000 29.6541987268236 25.8350637849317 26.0496511690566 81.538913680812
375000 30.1506055441517 25.6264760886042 26.0831918254133 81.8602734581692
376000 30.0992475717555 25.7903656434965 26.1994118147409 82.0890250299929
377000 30.3840049333741 25.9884131518264 26.2977785517109 82.6701966369114
378000 30.375027926481 26.0149725848473 26.1914635781611 82.5814640894895
379000 30.2325471889192 26.016801397916 26.30273580419 82.5520843910252
380000 30.1675940739004 26.1117425535588 26.3166415545187 82.5959781819779
381000 30.4603755016401 25.643481927308 26.1681024635765 82.2719598925246
382000 30.6214379541792 26.1140625683846 26.4786476462872 83.2141481688511
383000 30.6491363758783 26.1044649809901 26.6788342343629 83.4324355912313
384000 30.7342997252333 26.1170414827919 26.6220699037079 83.4734111117331
385000 30.8649378211282 25.6164933936972 26.8084896926627 83.2899209074881
386000 30.5714079311742 25.867996296477 26.6405543025596 83.0799585302107
387000 30.8274419404767 26.0019069108069 26.7789325094002 83.6082813606838
388000 30.9369563122446 25.7560287539371 27.0316619325425 83.7246469987242
389000 30.7733681719607 26.1621618413334 26.7324030816902 83.6679330949842
390000 30.7386241812552 26.2768893953387 27.1863565652004 84.2018701417943
391000 31.0609332977772 26.1706011158802 27.0035736145793 84.2351080282367
392000 31.3653479416397 26.5554205745963 26.9527422278824 84.8735107441183
393000 31.4509590670627 26.419094529592 27.3113582396426 85.1814118362973
394000 31.8722689575768 26.6190581437388 27.0533447054272 85.5446718067428
395000 31.6831072145354 26.7178267562401 27.0419961318165 85.442930102592
396000 32.1448708455447 26.8526819638024 26.8904248052029 85.8879776145501
397000 31.92151689226 26.9970560963942 27.1140274080098 86.032600396664
398000 32.4769848943842 27.1534920302827 27.1047136365954 86.7351905612622
399000 32.171667959854 27.0038595994638 27.4070959857296 86.5826235450474
400000 32.6365716178642 27.4165898888561 27.3871591971382 87.4403207038585
401000 32.7002279268641 27.0770041497902 27.4929230825395 87.2701551591938
402000 32.845244817551 27.3083225740626 27.5744196491201 87.7279870407337
403000 32.8297926683579 27.4808388096117 27.6330695137383 87.9437009917079
404000 33.0643869418235 27.3429325032461 27.691197911253 88.0985173563225
405000 33.033135105048 27.3216372105054 27.9443954241597 88.2991677397131
406000 32.972161586746 27.584070160636 27.8531296329898 88.4093613803718
407000 33.1232802089296 27.6934001204036 27.9378770222293 88.7545573515625
408000 33.2198055442212 27.9604136072756 27.6472366109348 88.8274557624315
409000 33.4257060989716 28.0944538001667 27.778958997842 89.2991188969803
410000 33.3374155812505 27.7859653551466 27.9976344037535 89.1210153401506
411000 33.3434561268662 27.9131767074943 28.2821409149333 89.5387737492938
412000 33.3623893264732 27.6686611642999 28.1989155511642 89.2299660419373
413000 33.5823395453944 27.9928963260008 28.2081254332306 89.7833613046259
414000 34.2853269834398 27.8682683694217 28.5323138975744 90.685909250436
415000 34.4938120568819 27.9963511954603 28.4377007721342 90.9278640244764
416000 34.4751563374683 28.3331086923984 28.5539828635045 91.3622478933711
417000 34.5761460884533 28.5329717105337 28.8868940166762 91.9960118156632
418000 34.3342106213674 28.2808184219613 28.6510320504812 91.2660610938099
419000 35.0009806852768 28.5160253761943 28.550358497639 92.06736455911
420000 35.1403632125683 28.6987828234873 28.8861402913428 92.7252863273983
421000 34.9510462812464 28.2590148333071 29.011413119517 92.2214742340705
422000 35.3315114125631 28.4485744662982 29.1270430533271 92.9071289321885
423000 35.2559526077334 28.5989966258249 29.3788273346968 93.2337765682552
424000 34.9586899218511 28.5202920197877 29.6205638105162 93.099545752155
425000 35.0223373595518 28.4669208396096 29.377857106662 92.8671153058234
426000 35.0527160624691 28.7555443585005 29.4101915620035 93.2184519829731
427000 35.3956558158487 28.9020960706773 29.8268864859677 94.1246383724937
428000 35.2242053887935 29.0937469955446 29.6939351588186 94.0118875431567
429000 35.5376900418389 29.5142329195385 29.7454847077497 94.7974076691271
430000 35.4626154087218 29.2683319610767 29.818841223756 94.5497885935544
431000 35.8671435431663 29.5119798350939 29.6178467592099 94.9969701374701
432000 35.72633865243 29.5536264586029 29.9307996674835 95.2107647785165
433000 35.9207813716174 29.9241032641301 29.7139864561353 95.5588710918827
434000 35.9511631924447 30.0743449203273 30.0395496550078 96.0650577677799
435000 35.9519276420663 29.8463124396782 30.222111229881 96.0203513116254
436000 36.32005186136 30.1180197789382 29.9786725990263 96.4167442393244
437000 36.3425315060838 30.1611354809111 30.330005672913 96.8336726599079
438000 36.6110622650981 30.2169651513581 30.4285719619721 97.2565993784284
439000 36.5941324078321 30.1718393598699 30.5258241802644 97.2917959479664
440000 36.8779398835612 30.1642858563518 30.8057213855011 97.8479471254142
441000 37.0605889956352 30.2319833158769 30.8010567784291 98.0936290899412
442000 37.0751722168439 30.5069892910405 30.6001033504837 98.1822648583681
443000 37.3595815507115 30.785363780387 30.7360254562405 98.880970787339
444000 37.35274361918 31.2088830256028 30.861068886753 99.4226955315358
445000 37.4232205797481 31.0844261960222 30.7249485641212 99.2325953398915
446000 37.7437259412609 31.1668655654608 31.0531275360354 99.9637190427572
447000 37.9336930155318 31.4708949605667 31.4578273842743 100.862415360373
448000 37.8197348169023 31.6352238916694 31.6168637850553 101.071822493627
449000 37.9418785676165 31.2692588940207 31.4971778517749 100.708315313412
450000 38.1287713643195 31.2545330828627 31.5249806250724 100.908285072255
451000 38.2362791139549 31.5545182693902 31.6421110702318 101.432908453577
452000 38.4054467563259 31.5623832781699 31.8205384322765 101.788368466772
453000 38.1291845900109 31.8376571611545 31.7153545167945 101.68219626796
454000 38.2310862406356 31.931125137245 32.1043679165855 102.266579294466
455000 38.6669245986721 32.102002159441 31.6081390648207 102.377065822934
456000 38.176330806433 32.1343024169182 31.8105819637071 102.121215187058
457000 38.6131772887167 32.3699640568441 31.9999949994571 102.983136345018
458000 38.6803660290435 32.5045566995479 32.2134559096926 103.398378638284
459000 38.5977640188134 32.3923657975656 32.5949387275773 103.585068543956
460000 38.9350667923923 32.3839021341496 32.4436319571053 103.762600883647
461000 39.1930803857437 32.5986296087515 32.1832407885836 103.974950783079
462000 39.1364651146437 32.7457384611555 32.3951658195449 104.277369395344
463000 39.2579778101439 32.7912181999045 32.3813816583095 104.430577668358
464000 39.0817764685665 33.1404546503737 32.3832099451601 104.6054410641
465000 39.0651719678348 32.9088388704709 32.7953822522044 104.76939309051
466000 39.119380734274 33.0222954879125 33.0912135438233 105.23288976601
467000 39.127655389338 32.9516580829496 33.201140216359 105.280453688647
468000 39.3693963259236 32.9641887682716 33.1290375518037 105.462622645999
469000 39.4532944935525 33.2140003586114 33.282083111 105.949377963164
470000 39.3616167737588 33.3084514782565 33.4151403514161 106.085208603431
471000 39.4993169905147 33.1321059643521 33.1241913733502 105.755614328217
472000 39.7760494994015 33.1955624004001 33.6040558282342 106.575667728036
473000 39.844174385544 33.2936374692796 33.5463690032064 106.68418085803
474000 40.3426959137311 33.3947012779841 33.5583688885441 107.295766080259
475000 40.210043030675 33.4018403211898 33.616506664396 107.228390016261
476000 40.6070212294097 33.1492921718765 34.0925657642856 107.848879165572
477000 41.0004586142133 33.5396880398204 33.9499411179422 108.490087771976
478000 40.9092378654537 33.8868484373713 34.1869556647214 108.983041967546
479000 40.7907764695543 33.9854761186543 34.4433838181724 109.219636406381
480000 41.1467305010939 33.9616972189371 34.3364375772677 109.444865297299
481000 41.1268688342882 34.0022898794677 34.2886664361565 109.417825149912
482000 41.2875822124174 34.2212697532482 34.6008783658632 110.109730331529
483000 41.4779888548161 34.2732630062484 34.5058339850856 110.25708584615
484000 41.6729170472603 34.4236477212261 34.4747493996318 110.571314168118
485000 41.5002267047419 34.3249045816487 34.8178897387389 110.643021025129
486000 41.5519841911992 34.4726017106232 34.5948503369307 110.619436238753
487000 41.4893014695648 34.3622374574428 34.9019305316118 110.753469458619
488000 41.8835296492432 34.6671817296022 35.0480513530635 111.598762731909
489000 41.9576684246012 34.6726541355239 35.0685411346212 111.698863694746
490000 42.2035382829056 34.4557132365453 35.3759420032833 112.035193522734
491000 42.1413335653738 34.7490522699396 35.407534244092 112.297920079405
492000 42.1553176067407 34.8268019197541 35.3522422552344 112.334361781729
493000 41.9756899153577 34.8241937627876 35.5798788011598 112.379762479305
494000 42.0268909843653 34.9007961635164 35.5981179422527 112.525805090134
495000 42.7366262304083 34.9948364630139 35.6543550207715 113.385817714194
496000 42.4396925548964 35.4419844060262 35.7914884995984 113.673165460521
497000 42.6162536921732 35.2653684844659 35.8771467571736 113.758768933813
498000 42.8778700788161 35.5773113186438 35.7193793561262 114.174560753586
499000 43.0427222857129 35.3380014930704 35.9894052741681 114.370129052951
500000 43.2666026926393 35.3896414925844 35.9769062600736 114.633150445297
501000 43.412061321516 35.899979190631 36.0285256249474 115.340566137094
502000 43.281020228984 36.0519648617904 36.3899095101476 115.722894600922
503000 43.3842862011454 36.3500668248441 36.0375029196361 115.771855945626
504000 43.4964069685494 36.3796916802181 36.165185672695 116.041284321462
505000 43.6734912609507 36.4719594166531 36.4831214266031 116.628572104207
506000 43.8872903030737 36.6480958287052 36.3707117241709 116.90609785595
507000 44.0432429721616 36.8375905522929 36.5355017213036 117.416335245758
508000 43.7825777969996 36.6886085712699 36.5160081010928 116.987194469362
509000 43.6883185472143 37.0466981162552 36.3780529149493 117.113069578419
510000 44.0883748951511 36.9321340986546 36.9935107899571 118.014019783763
511000 44.0685980414973 37.203609392713 36.7512849244535 118.023492358664
512000 44.1883279293436 37.606875734054 36.9918358134059 118.787039476804
513000 43.8425442325205 37.312611644504 37.0275163409184 118.182672217943
514000 43.9029814994569 37.7343810523774 36.8239856141692 118.461348166003
515000 43.5925649774225 37.8143241555807 36.9144433528778 118.321332485881
516000 43.6818507487737 37.8995332351453 37.2172105821446 118.798594566064
517000 44.3325999227651 37.9964782016448 37.0183750171968 119.347453141607
518000 43.9274573321496 37.9041407431417 37.3254843683841 119.157082443675
519000 44.3316603650196 38.3999352617389 37.1825999232678 119.914195550026
520000 44.6815726230983 38.201640294463 37.1604331523435 120.043646069905
521000 44.412071902727 38.3945315320225 37.0758833253602 119.88248676011
522000 44.538579883349 38.2263961363724 37.3936122922521 120.158588311974
523000 44.4612114163115 38.0004830039902 37.2425408662325 119.704235286534
524000 44.6529620210476 38.3109420213737 37.7494217754886 120.71332581791
525000 44.6258953978079 38.4740835314513 37.7689952575439 120.868974186803
526000 44.8227564948623 38.5402768749196 38.0814746016722 121.444507971454
527000 44.937349752592 38.9547063201472 38.0718235729665 121.963879645706
528000 45.5048067873398 39.3773449834567 37.9623995179147 122.844551288711
529000 45.2436844220934 38.9353221631812 38.1272045518998 122.306211137174
530000 45.225949191414 39.2100636378639 38.3596857735061 122.795698602784
531000 45.231717148884 39.2453556308725 38.4097202068579 122.886792986614
532000 45.3463890361179 39.5426416613726 38.1952858503231 123.084316547814
533000 45.4032737229005 39.7113496086799 38.5760050726774 123.690628404258
534000 45.6868287961509 39.9769791360899 38.5537674459225 124.217575378163
535000 45.7541215533721 40.2899968349215 38.7868864832032 124.831004871497
536000 46.0266067240748 40.3837727730928 38.761627408147 125.172006905315
537000 46.0551107859832 40.6705016646499 38.7778397010117 125.503452151645
538000 45.9716597305544 40.7221665977219 38.8501665829529 125.543992911229
539000 46.1359101192338 40.7917797898948 38.5747723006104 125.502462209739
540000 46.2513338452155 40.3167385440365 38.6511598789701 125.219232268222
541000 46.3003445510896 40.2873026328124 38.8542633781322 125.441910562034
542000 46.3009856146994 40.561213386785 38.7731360875156 125.635335089
543000 46.5428484841176 40.6969219494494 38.9353853108721 126.175155744439
544000 46.3626439698694 40.911168688607 39.1031711385523 126.376983797029
545000 46.5864654228346 41.2765217911455 39.1229927188448 126.985979932825
546000 46.3172499157761 41.2674116385771 39.2273065237442 126.811968078097
547000 46.7153844965274 41.3990509937247 39.1103653063644 127.224800796617
548000 46.8455342330238 41.3499422598728 39.0101438339596 127.205620326856
549000 46.8856918823357 41.4975049881204 39.5332513080679 127.916448178524
550000 47.136953986225 41.6426950623969 39.5962275670406 128.375876615662
551000 46.8143310261878 41.7475099940482 39.5386846056295 128.100525625865
552000 47.0046323115841 41.8175882514922 39.5875940501179 128.409814613194
553000 46.7653348396631 42.0397311547606 39.5556654893919 128.360731483816
554000 46.797664649498 42.0006833043009 39.8105108944148 128.608858848214
555000 46.4514719616612 42.1084698507482 39.9172686725685 128.477210484978
556000 46.9693525956307 42.4952270103378 40.0468030157026 129.511382621671
557000 46.9615073499413 42.7727692865039 40.2164440279513 129.950720664397
558000 47.0705328812143 42.6656262006829 40.2003137811858 129.936472863083
559000 47.2072230619729 42.6181516275079 40.3032317044407 130.128606393921
560000 47.4634966888278 42.7081954004512 40.3565190503673 130.528211139646
561000 47.1761741323244 43.0448683596704 40.6742133127037 130.895255804698
562000 47.0907286974348 42.8905949975996 40.976013540663 130.957337235697
563000 47.5077240085328 43.1968988879134 40.8485907864142 131.55321368286
564000 47.8528336428729 43.2509931704252 40.9169685522202 132.020795365518
565000 47.7355549213929 43.4255635024372 41.1931588533019 132.354277277132
566000 47.8040226922573 43.5357662867702 41.0504244057585 132.390213384786
567000 47.6483914554599 43.3520021499924 41.3865187264739 132.386912331926
568000 47.7441024188861 43.5993430422054 41.4641238805023 132.807569341594
569000 47.9244522728461 43.9961286832329 41.0914121483321 133.011993104411
570000 48.2099382965016 43.8029861044319 41.1773543977207 133.190278798654
571000 48.527678719635 43.9024733731004 41.156676411366 133.586828504101
572000 48.7546898101055 44.3244320209375 41.2194039012612 134.298525732304
573000 48.7116415174267 44.7323816530804 41.368385827883 134.81240899839
574000 48.5126694101264 44.4246684590767 41.455534590215 134.392872459418
575000 48.3933040301352 44.6067278744968 41.5105573342554 134.510589238887
576000 48.8958191333583 44.9554564048589 41.4880266241407 135.339302162358
577000 48.5352655388477 44.7154099995643 41.8583399031368 135.109015441549
578000 48.7833867566683 44.7504923370691 41.5018358632821 135.035714957019
579000 49.009975612131 44.8673993512569 41.503322986103 135.380697949491
580000 49.2439701656816 44.8585154802089 41.908654924319 136.011140570209
581000 49.1240076170922 44.8708927656461 41.9391615673544 135.934061950093
582000 48.808219983448 44.9527414119699 42.0897501949338 135.850711590352
583000 49.1849864045589 44.618475797809 42.1957364510666 135.999198653435
584000 49.3356501341642 44.8882393315874 42.4413222026977 136.665211668449
585000 49.4898554916235 44.9973015607011 42.4080978705324 136.895254922857
586000 49.42492903732 45.3464311382254 43.0432768677666 137.814637043312
587000 49.5430658310062 45.3907806343316 42.8600510797432 137.793897545081
588000 49.7276194050841 45.4914869067418 42.9138554407587 138.132961752585
589000 50.0050510680945 45.5331659237591 43.1288532678296 138.667070259683
590000 49.6181086872028 45.7429145870693 43.0244982526975 138.38552152697
591000 50.2461571841155 45.6860892106427 43.0570992278851 138.989345622643
592000 50.4998196819914 45.6543402379592 43.1356420105376 139.289801930488
593000 50.8291895422933 45.5725991917217 43.043453181381 139.445241915396
594000 50.9060328292961 45.7396943617844 43.6341755376673 140.279902728748
595000 51.0320148772272 45.6966191586479 43.5589200704121 140.287554106287
596000 51.0989055372896 45.8516957145842 43.6767601297461 140.62736138162
597000 50.8398096562075 45.7895335114964 44.0505441681253 140.679887335829
598000 50.9391620984926 45.7241785030969 43.8508086073733 140.514149208963
599000 51.1338059623575 45.8515721292313 44.0722259407974 141.057604032386
600000 50.9827253482835 46.0329221751434 43.9980132074592 141.013660730886
601000 50.7662068842613 46.1883992351511 44.022330635057 140.976936754469
602000 50.8573788516525 46.4161436677429 44.3760033364516 141.649525855847
603000 50.850182363383 46.4528204733961 44.1993274323185 141.502330269098
604000 50.9734146217846 46.438774721443 44.1853040040454 141.597493347273
605000 51.0777997425354 46.759867549285 44.2106410396943 142.048308331515
606000 51.2312558111281 46.7288739554333 44.4228238734959 142.382953640057
607000 51.1884314025982 46.4461621043814 44.6963935793539 142.330987086333
608000 51.6130075798456 46.8055094199082 44.4563713719423 142.874888371696
609000 51.5541161898218 46.7354409673537 44.6906677840394 142.980224941215
610000 51.6853289126061 47.0527151015793 44.569982212022 143.308026226207
611000 51.5986641129841 47.0496177144068 45.0064166089789 143.65469843637
612000 51.6950544470586 46.6046559609065 44.9795219861026 143.279232394068
613000 51.7742600528777 47.3932206646176 45.0760045930914 144.243485310587
614000 51.6441162819478 47.7158068801124 45.0310823331201 144.39100549518
615000 51.8240579897695 47.4259762167112 45.4754535548972 144.725487761378
616000 51.2934208756573 47.7722928561949 45.55959402633 144.625307758182
617000 51.8246319020122 48.0852214189638 45.2400034980518 145.149856819028
618000 51.7804607401473 47.9081272854165 45.688930337263 145.377518362827
619000 51.8122043768728 48.3315688391033 45.3153340001836 145.45910721616
620000 51.9717586978211 48.0425663751957 45.9590894389628 145.97341451198
621000 51.9533150887182 48.4016383524117 45.7906432657185 146.145596706848
622000 51.7658382029045 48.4176273129003 46.2487312092313 146.432196725036
623000 52.0411845961695 48.5500718117798 46.0181009175347 146.609357325484
624000 52.4178077219212 48.6930086691921 46.2263325150043 147.337148906118
625000 52.4324260079678 49.2496752750726 45.9518516345015 147.633952917542
626000 52.6170894689865 49.1232278037677 46.1838868538197 147.924204126574
627000 52.4507704238181 49.0937858016527 46.0015365834611 147.546092808932
628000 52.7260359469754 49.4575073271442 46.0749797699628 148.258523044082
629000 52.6546319593938 49.6887986565488 46.3200696157626 148.663500231705
630000 52.5202867791416 49.7837673867017 46.3265456969745 148.630599862818
631000 53.0030148787887 49.5434145615494 46.7061140537854 149.252543494124
632000 53.3762368967807 49.6660726120172 46.3487555930853 149.391065101883
633000 53.065873527813 49.611836244899 46.3751864245413 149.052896197253
634000 53.2320405253395 49.3365493588679 46.1121037188266 148.680693603034
635000 53.3857615616819 49.7891077416117 46.2624332975354 149.437302600829
636000 53.4927778738445 50.0416041556126 46.6831437597657 150.217525789223
637000 53.3394995033012 50.1308384407902 47.0230012384653 150.493339182557
638000 53.4249808830429 50.2541564607007 46.6503815375066 150.32951888125
639000 53.2854541643899 50.1597909793281 46.7978868095064 150.243131953224
640000 53.2917431219227 50.753279800422 47.0853013300709 151.130324252416
641000 53.4763157376166 51.271101589911 47.0392084657319 151.78662579326
642000 53.1489169806273 51.2950250089948 47.2337998103347 151.677741799957
643000 53.3990401801596 51.6270567293341 47.3629852167538 152.389082126247
644000 53.6572381834637 51.7325075900086 47.2609410440363 152.650686817509
645000 53.6715965589987 51.578215549257 47.4810261209261 152.730838229182
646000 53.5071188680289 51.8580852123938 47.6619822715165 153.027186351939
647000 53.7455355315281 52.0719921876914 47.5729634425472 153.390491161767
648000 53.7262911150435 52.0197945949875 47.7006503709064 153.446736080937
649000 53.989660946764 52.1105254114188 48.0071190278011 154.107305385984
650000 54.2435730060948 51.6711646920799 48.2541107666281 154.168848464803
651000 54.6997427376451 51.8551257701328 48.5918705324232 155.146739040201
652000 54.8404720646641 51.8581959231574 48.8062236269941 155.504891614816
653000 54.8857391220534 52.2948672974448 49.0357994842623 156.21640590376
654000 55.156319337551 52.2094510709927 48.9211038085984 156.286874217142
655000 55.1739931156809 52.5937292070896 49.0874760993484 156.855198422119
656000 54.9175049593191 52.097293390616 49.5895432138813 156.604341563816
657000 55.1722087297503 52.2450088756935 49.4767268400923 156.893944445536
658000 55.037947843284 52.393530943365 49.4585247291896 156.890003515839
659000 55.1614423214706 52.3014433150897 49.8640799465664 157.326965583127
660000 55.1481036143943 52.1953185050907 49.9040853683881 157.247507487873
661000 55.5972340537665 52.3764267148619 49.6217500292856 157.595410797914
662000 56.0489417683555 52.1513870292214 50.0392267139022 158.239555511479
663000 56.2744024437773 52.7435064521547 49.7901882905619 158.808097186494
664000 56.5189822481461 52.6794354767965 50.1174083236644 159.315826048607
665000 56.8975629919916 53.0909962489599 50.2254231182065 160.213982359158
666000 56.6032007517959 52.9645724769684 49.8015754174673 159.369348646232
667000 56.798724998279 53.1020128733142 50.0181793956072 159.9189172672
668000 56.8152262349039 53.0347354332591 50.1853060661002 160.035267734263
669000 56.9292064364268 53.0503675737036 50.2670457988266 160.246619808957
670000 56.7120885469701 53.0529549225488 50.5095496613277 160.274593130847
671000 56.9679325561448 53.1908285093333 50.580844524341 160.739605589819
672000 57.1428687150926 53.3841389758641 50.750115394988 161.277123085945
673000 57.1331835212948 52.8622410435261 50.8202350589703 160.815659623791
674000 56.9831745986363 53.0108607502216 51.1369609385633 161.130996287421
675000 57.7098955968193 53.3521993289034 50.8309656923941 161.893060618117
676000 57.6430581940324 53.3259970998319 50.8359116138464 161.804966907711
677000 58.1934772892269 53.2269882355522 50.9146145407247 162.335080065504
678000 57.9456685670707 52.9353838836236 50.7829806236742 161.664033074368
679000 57.9371413089326 52.950648404817 51.133133917037 162.020923630787
680000 58.1276098194062 53.0079372394531 50.8996445184049 162.035191577264
681000 58.0944433797434 52.802926790054 51.0329147306423 161.93028490044
682000 58.1554701032116 52.9351916274311 51.1558544133073 162.24651614395
683000 58.2945322130573 53.2396559741686 51.3401478282551 162.874336015481
684000 58.069750136148 53.4250797272014 51.4760815559695 162.970911419319
685000 58.3454265553506 53.4433807650655 51.444553711093 163.233361031509
686000 58.2421711149062 53.4590908956731 52.0358233919734 163.737085402553
687000 58.5384214958883 53.9747557206979 52.1080984142645 164.621275630851
688000 58.8055057098075 53.6475409535738 52.4156410593518 164.868687722733
689000 58.5187996328135 54.1716839298348 52.477750580716 165.168234143364
690000 58.999838747625 54.1128111245623 52.473459587355 165.586109459542
691000 59.3471764351474 54.1681821338702 52.7705196829085 166.285878251926
692000 59.0194828361553 54.5800956689213 52.7862211118689 166.385799616946
693000 59.7712417254792 54.5224667556986 53.1266035563315 167.420312037509
694000 60.0817270225515 54.7974204054965 53.2258605646484 168.105007992696
695000 59.9834149300165 54.5837809181869 53.39238710926 167.959582957463
696000 59.4594078942047 54.5308003533856 53.4129685961518 167.403176843742
697000 59.8181084386124 54.3994329397665 53.4801613172848 167.697702695664
698000 59.6641086770997 54.7666115108666 53.64238860713 168.073108795096
699000 59.7776063083658 54.8499307077689 53.7037336471464 168.331270663281
700000 60.1296489970465 54.9698222246577 53.6870458510791 168.786517072783
701000 59.9897997893784 54.6243526402294 53.6542097076959 168.268362137304
702000 60.0793071939844 54.7714368674021 53.9804989674457 168.831243028832
703000 59.8446001694418 54.8199367726371 54.002588034546 168.667124976625
704000 59.4584736906777 55.262851328288 54.2668716024913 168.988196621457
705000 59.8280199074118 55.4789054627085 54.6065961252488 169.913521495369
706000 60.077548537014 55.5995141234906 54.8935724825959 170.5706351431
707000 59.9797077783259 55.764325098549 54.6324467948351 170.37647967171
708000 60.0877510691156 55.782279500703 54.3980644700007 170.268095039819
709000 60.5643344655109 55.6318917944254 54.2443305875507 170.440556847487
710000 60.1605523349445 56.0278348410277 54.5121618723033 170.700549048275
711000 60.54262520158 56.0400358136736 54.1960983009693 170.778759316223
712000 60.7750801149367 56.7477331109585 54.2333338216632 171.756147047558
713000 60.5682799313023 56.6953615763809 54.2000496062172 171.4636911139
714000 60.6885883175793 56.7422520876566 54.1138191422694 171.544659547505
715000 60.4058758113939 57.1795778159626 54.3172716286031 171.90272525596
716000 60.4561292802124 57.345360170116 54.8356110805943 172.637100530923
717000 60.5630807164422 56.9760063072959 54.93606779023 172.475154813968
718000 60.5933359379968 57.6201188509906 54.9395756469075 173.153030435895
719000 60.6720988870588 57.2968142357508 54.9604502123248 172.929363335134
720000 60.6389333681714 57.7443022609992 54.7813013362699 173.164536965441
721000 60.4226838723385 57.1466932223725 55.0260142723903 172.595391367101
722000 60.9028983909405 57.4678737337556 55.0143363808908 173.385108505587
723000 60.8759087342412 57.2824799083129 55.0579910355516 173.216379678106
724000 61.2864496207294 57.445025533155 55.1808557306938 173.912330884578
725000 61.7724737712174 57.6812255025283 55.1909831000395 174.644682373785
726000 61.4031283134233 57.4084144615451 55.2890701766655 174.100612951634
727000 61.6681619302917 57.4715407965943 55.5624605873007 174.702163314187
728000 61.6060025110278 57.5907156126457 55.141491463289 174.338209586963
729000 61.7880450240583 57.8764985955158 55.6671023955308 175.331646015105
730000 61.7854818105308 58.4218414021733 55.75294256383 175.960265776534
731000 61.9434098756293 58.4240240183525 55.9554515294247 176.322885423406
732000 61.6510272068248 58.7935386714283 55.3494516553016 175.794017533555
733000 61.9224205509063 59.1433875844089 55.7473626553614 176.813170790677
734000 62.1362688424242 59.1184577638354 56.075562165652 177.330288771912
735000 62.5377442888057 58.9534840404985 55.7088514552343 177.200079784538
736000 62.4001198885668 59.1112639696955 55.8609172331764 177.372301091439
737000 62.3432162235755 58.8163467039821 56.155011862445 177.314574790003
738000 62.5961265142872 59.4212274029226 56.4151327423137 178.432486659524
739000 62.8795162927613 59.1781609159287 56.2664846691008 178.324161877791
740000 62.6377478059987 59.291391426413 56.6262076789482 178.55534691136
741000 62.6877524199599 59.4017498819505 56.5740064594971 178.663508761408
742000 62.7744301260972 59.1092295164607 57.0809783647218 178.96463800728
743000 62.8467299923545 59.16159512314 56.4727642243882 178.481089339883
744000 62.9192544842233 59.4632919442275 56.8439631250463 179.226509553497
745000 63.664360529419 59.1664603168572 57.2263770910356 180.057197937312
746000 62.9950641771146 59.5196006819456 57.813785836398 180.328450695458
747000 63.2536341348265 59.4898401536991 57.7000880212373 180.443562309763
748000 63.1736649427084 59.1637283140248 57.8559354184174 180.193328675151
749000 63.299805058463 59.0597719857088 57.9446712999005 180.304248344072
750000 63.3962791353911 59.5577734034132 57.9575309330314 180.911583471836
751000 63.1459902178334 60.2198739179819 58.483660700501 181.849524836316
752000 63.1124069539133 59.9211143817337 58.6769689708901 181.710490306537
753000 63.4386721132766 59.9101860890758 58.2915421393404 181.640400341693
754000 63.2628627615652 60.4405110168971 58.4106953398178 182.11406911828
755000 63.1162871950197 59.9219798832371 58.6252184964139 181.663485574671
756000 63.5342456894559 60.1034113047497 58.6494085526082 182.287065546814
757000 62.9959621129674 60.4419294331676 58.6229172924249 182.06080883856
758000 63.5387340272277 60.1825591875007 59.1426977562511 182.86399097098
759000 63.6001559758257 60.4396668665199 58.9595068925152 182.999329734861
760000 64.1260667418126 60.518337429943 59.1083858341841 183.75279000594
761000 64.2670186233681 60.2495883358236 59.0617942583525 183.578401217544
762000 64.028346033359 60.5527746659282 59.1993317169064 183.780452416194
763000 64.5222476097643 60.006063161137 59.3129339142299 183.841244685131
764000 64.363387428669 60.3886262852574 59.6421033548664 184.394117068793
765000 64.1275518327868 60.6244235736946 59.5999050029249 184.351880409406
766000 64.3477466531624 60.890870256089 59.930836274586 185.169453183837
767000 64.2543046433071 60.7795480508798 59.3310670587091 184.364919752896
768000 64.1180924660138 61.0275681246723 59.506627059537 184.652287650223
769000 64.5312704652834 61.0098201961265 59.7238009246882 185.264891586098
770000 64.4461788335041 61.1628924175158 59.8076805110932 185.416751762113
771000 64.6844191542227 61.5523141455294 60.0286797183659 186.265413018118
772000 64.8724273092765 61.5647863682171 59.8302038727356 186.267417550229
773000 64.9705567421948 61.6603952888217 59.8540028549199 186.484954885936
774000 64.9274781723798 61.8471248754925 59.7565309589669 186.531134006839
775000 65.1779365977489 61.8423101056635 60.2053792435256 187.225625946938
776000 65.3950850488142 62.4345779500452 60.1304044190553 187.960067417915
777000 65.147986210796 62.4910637721983 60.1706194423987 187.809669425393
778000 65.9969235391543 62.4410727058804 60.8270151273817 189.265011372416
779000 66.0196322373067 62.3710177329066 60.7712145041389 189.161864474352
780000 65.8690918919643 62.9787832525169 60.7348552228286 189.58273036731
781000 65.7905653424048 63.1744554618359 60.8889014551011 189.853922259342
782000 66.2825800594298 62.8732241134644 60.8006538645899 189.956458037484
783000 66.4078398463794 63.0800120335592 61.002268875284 190.490120755223
784000 66.5120810472379 63.4139775441074 61.0407327718004 190.966791363146
785000 66.7272675492848 63.4814048983393 60.9556537140305 191.164326161655
786000 66.779163972406 63.1971955582057 61.3955055770723 191.371865107684
787000 67.1023609173835 63.5536880228977 61.3989216184406 192.054970558722
788000 66.9153937197923 63.6178446020502 60.7643749173193 191.297613239162
789000 67.4119818416416 63.8505853048265 60.8785310505321 192.141098197
790000 67.4223785125335 64.0188846912439 61.4546064325338 192.895869636311
791000 67.4989252011356 63.6889584936859 61.6837283609541 192.871612055776
792000 67.2355570962762 63.5633893073679 62.0020179536148 192.800964357259
793000 67.2997405107161 63.3663676825836 62.0601491677901 192.72625736109
794000 67.3968097764876 63.2438500238143 62.4898865237093 193.130546324011
795000 67.5170259094788 63.4841919386932 62.5952137081048 193.596431556277
796000 67.3959812834057 63.4106604792022 62.740246266747 193.546888029355
797000 67.969410860622 63.3434005427377 62.9711741879162 194.283985591276
798000 67.5337535278192 63.2753559767107 62.9781379337309 193.787247438261
799000 67.8645765258921 63.1569318834687 63.2422382664595 194.26374667582
800000 67.6675664952724 63.5168425195967 62.9011615687003 194.085570583569
801000 68.0512757332817 63.750670012129 63.040530500457 194.842476245868
802000 68.3122223697457 63.3218167170851 63.1441180878605 194.778157174691
803000 68.1944396926618 63.162266614945 63.0437512971373 194.400457604744
804000 68.7015276610333 63.5101279784733 63.2805304897518 195.492186129258
805000 68.9236532276402 63.3499255384946 63.3167085292254 195.59028729536
806000 68.6470790730702 63.5288431099891 63.4416365831891 195.617558766248
807000 69.0676478801835 64.041056164411 64.1223243185438 197.231028363138
808000 69.508523906985 63.877934451201 63.6742633250901 197.060721683276
809000 69.4470669740678 63.7226630893196 63.7487450928342 196.918475156222
810000 69.6591548142314 64.259723698764 63.7773145894198 197.696193102415
811000 70.0549537453901 63.8919491146789 63.788456962215 197.735359822284
812000 70.0691919404238 64.2451200881635 64.041462990835 198.355775019422
813000 70.2289937077638 64.7704949416564 63.6767990376964 198.676287687117
814000 70.1496477217631 64.2545586766266 63.8005560351928 198.204762433583
815000 70.575900776919 64.261981262201 64.0595749703006 198.897457009421
816000 70.5634838483586 64.5746564970956 63.7929777228836 198.931118068338
817000 70.6661604652358 64.2363764171874 64.5173133313343 199.419850213758
818000 70.7509345857851 64.6571842074951 64.7938093347436 200.201928128024
819000 71.083070460643 65.3081300761942 64.7629514558057 201.154151992643
820000 71.5451042687145 64.8336801377669 64.9679215449927 201.346705951474
821000 71.4964356254572 65.3287140498658 65.5656850277346 202.390834703058
822000 71.3841695784477 66.0645084862874 65.5804271110161 203.029105175751
823000 71.7679302333769 65.7758651346225 65.9058713482365 203.449666716236
824000 71.307104736174 65.3402620924584 65.7265654503217 202.373932278954
825000 71.3627794530705 65.9228559059263 65.6409494597509 202.926584818748
826000 71.3120472986558 65.9101414891264 65.6122074940566 202.834396281839
827000 72.0830748155005 65.9901589845426 65.4552025029566 203.528436303
828000 72.5502764715894 66.175060775816 65.9729975592934 204.698334806699
829000 72.5444192426692 66.6900638601446 66.0230606708176 205.257543773631
830000 72.8887293578698 66.9221054021357 65.9789925176399 205.789827277646
831000 72.7117802868426 66.7170788200228 65.6954843718264 205.124343478692
832000 73.010921261601 66.9371517507614 66.649105123741 206.597178136103
833000 73.3546170796963 67.2747903277124 66.2183602690222 206.847767676431
834000 72.8819495565006 67.0217247946671 66.5444814095637 206.448155760731
835000 72.8379223679512 67.3330699772097 66.69670822484 206.867700570001
836000 72.8683118150253 67.5031096690444 66.4827769228992 206.854198406969
837000 72.420747880942 66.8743608529047 66.5245411054879 205.819649839335
838000 72.8785553885177 67.5171550822116 66.6860089603774 207.081719431107
839000 72.652417502082 67.8480266957117 66.7898615543621 207.290305752156
840000 72.8246260944952 67.4484218992262 66.7485352421602 207.021583235882
841000 72.9241307995422 67.4744616279228 66.7636996466429 207.162292074108
842000 72.5114924958993 67.6483283938797 66.8344155732121 206.994236462991
843000 73.1475087755342 67.4601547054907 66.8618360180226 207.469499499048
844000 72.8688336429897 67.4734148281397 67.0068858151912 207.349134286321
845000 73.0338245078945 67.245837473972 67.3007570154194 207.580418997286
846000 73.1796939634397 67.6838168551864 66.6485306313368 207.512041449963
847000 73.216356119113 67.8154650497593 66.6727604832266 207.704581652099
848000 73.6406485221614 67.9604464217339 66.95549856288 208.556593506775
849000 73.8876968908025 68.0512178658675 67.2178433855583 209.156758142228
850000 73.9040832212256 68.08367636082 67.7751037612585 209.762863343304
851000 73.6514482298179 68.0038527862699 67.3038869038639 208.959187919952
852000 73.6939388038256 67.9182023472837 67.9496969177773 209.561838068887
853000 73.7746431275208 68.6249474569765 68.0147418615045 210.414332446002
854000 74.3322213490114 68.7065540623366 67.585282525021 210.624057936369
855000 73.9936863949388 69.0302302387858 67.850509716082 210.874426349807
856000 74.2199809218996 68.8440353160564 67.8012484327432 210.865264670699
857000 73.7340180665064 69.5938078421056 67.8103508620821 211.138176770694
858000 74.5059838546669 69.5495457052819 68.2384313950771 212.293960955026
859000 74.5794597366861 69.8852521536857 67.922062927448 212.38677481782
860000 74.5868244745206 70.0003990288118 68.1400844196399 212.727307922972
861000 75.0507860877426 70.0031182541386 68.5337051948781 213.587609536759
862000 75.2932039004279 69.8982662723962 68.4892035414537 213.680673714278
863000 74.8097863186259 70.0834635087478 68.478734200132 213.371984027506
864000 74.8460296661575 70.1064711383684 68.7923111136162 213.744811918142
865000 75.064534822974 70.3965364504166 68.8949131739698 214.35598444736
866000 75.4667818570985 70.5221150367896 68.5669557239317 214.55585261782
867000 75.3309234395349 70.9067760775739 68.3710031086922 214.608702625801
868000 75.5158998591399 71.1822763384008 68.8284241214023 215.526600318943
869000 75.7106291897454 71.1739973967026 68.639143001194 215.523769587642
870000 75.3875784138493 71.2728934088807 68.9478239981123 215.608295820842
871000 75.6784049820729 71.2297504021921 69.0601528404525 215.968308224718
872000 75.2551005445279 71.7233198341033 69.2546123399598 216.233032718591
873000 75.0742445979933 71.7787204638141 69.6539212044675 216.506886266275
874000 75.4235670909081 71.2711660776836 69.492021301842 216.186754470434
875000 75.1813538797645 71.7020501757814 70.1350922850224 217.018496340568
876000 74.9755897798941 71.1531258872253 70.4783305126373 216.607046179757
877000 75.1457266664333 71.5075307392528 70.1419715798679 216.795228985554
878000 75.7587472624582 71.5892347291857 70.5660805576613 217.914062549305
879000 75.3545397919749 71.8615301957274 70.5537666629977 217.7698366507
880000 75.7649452966049 72.039329472941 70.1876003858732 217.991875155419
881000 75.4475865154528 71.8323698438025 70.3695783407637 217.649534700019
882000 75.821279548548 71.7229418746348 70.4208322719984 217.965053695181
883000 75.2742690166309 71.6837623197439 70.6032271625656 217.56125849894
884000 75.1185108551292 72.0671182508639 70.7853385020775 217.970967608071
885000 75.6946969073695 72.2072371215329 70.4002568393068 218.302190868209
886000 75.3967129634814 72.4970949250678 70.4713006314037 218.365108519953
887000 75.3881787129476 72.2792329909673 70.6637633686018 218.331175072517
888000 75.9278214683117 72.3885255522691 71.1524838705208 219.468830891102
889000 75.3061517874836 72.1707437853617 71.1073657110217 218.584261283867
890000 75.2243769280994 72.1696076833976 70.8280465778295 218.222031189327
891000 75.4366869470413 71.9858926743819 71.1504830858475 218.573062707271
892000 75.6131032129929 72.3839635301873 71.6727341804667 219.669800923647
893000 75.6822300582089 72.4041862782787 71.2673173273894 219.353733663877
894000 76.0734091996505 72.8984579460809 71.4679518217803 220.439818967512
895000 75.9631112003619 73.1701287555918 71.5020672822477 220.635307238201
896000 75.9985373862738 73.4412329609324 71.3793395323679 220.819109879574
897000 76.0983639583828 73.4040001419248 71.3844442295797 220.886808329887
898000 76.110957292631 73.3923506250951 70.9200203676872 220.423328285413
899000 75.5868833392429 73.9640759507909 71.1764467762717 220.727406066306
900000 75.7094442815903 73.9994395404902 71.6863123309864 221.395196153067
901000 75.6933799126789 74.0035400126448 71.8937564579939 221.590676383318
902000 76.0779065941489 74.0108289545599 72.0132169145794 222.101952463288
903000 75.833375953742 73.7086537443505 72.374191787943 221.916221486036
904000 76.480873274584 74.5384226637735 72.3849634644461 223.404259402804
905000 76.2550931943466 74.6419418134351 71.7276502721186 222.6246852799
906000 76.5269915635485 74.3447519891646 71.9267432272745 222.798486779988
907000 76.4786336481172 74.5556245512043 71.8021543334229 222.836412532744
908000 76.5592156634853 74.8002157162175 71.6915349544037 223.050966334106
909000 76.7258196997648 74.6760974685077 72.2599046619956 223.661821830268
910000 76.6050678678226 75.0017308125448 72.1892740796551 223.796072760023
911000 77.0657172666027 74.7200626146213 71.9990085868579 223.784788468082
912000 77.1715894341254 74.6947542579832 72.3585437640229 224.224887456132
913000 76.7771005811383 74.6426549917968 72.1662571726228 223.586012745558
914000 77.3524462800777 75.2456852984277 72.7736336875946 225.3717652661
915000 77.8377565318591 75.0999041842742 72.4801091163026 225.417769832436
916000 77.2973242793583 75.4418328081366 73.025846627311 225.765003714806
917000 77.3767946186082 74.8267052714652 72.8388875544575 225.042387444531
918000 77.5619428927143 75.2884507347614 72.7924225878479 225.642816215324
919000 77.6187370407433 75.4310481259409 73.1534388816942 226.203224048379
920000 77.3477156874784 75.9091276663953 72.644630069343 225.901473423217
921000 77.7256799000495 75.8344425705424 72.9539924251464 226.514114895738
922000 77.497096076532 76.0799143089772 72.7016413200544 226.278651705564
923000 78.0856583173398 76.057903117436 73.015662318207 227.159223752983
924000 78.4093599503069 76.1665712487145 73.1447271849714 227.720658383993
925000 78.1691282042856 76.7398477726339 73.2114253301778 228.120401307097
926000 79.0134943662677 76.8273509090131 73.1733828568711 229.014228132152
927000 78.9231729915654 77.2666365552974 73.4720041433339 229.661813690197
928000 79.1980580007839 77.1488884055282 73.750877357988 230.0978237643
929000 79.485232570318 76.7971310569793 73.6592539296348 229.941617556932
930000 79.5648500923124 77.0197211416554 73.7606647156091 230.345235949577
931000 79.4108908684684 76.877269246265 74.2000396968199 230.488199811553
932000 79.7746222571174 77.048081489521 74.1702567778207 230.992960524459
933000 79.9282230774696 77.2552591646676 73.9135597448478 231.097041986985
934000 79.7766628787649 77.2774145434271 74.5648501498079 231.618927572
935000 80.2072071344689 77.6172452722278 74.6430046137282 232.467457020425
936000 79.8546007001766 77.4710471776368 74.8487889723156 232.174436850129
937000 79.7823640205747 77.1538310586829 75.001024041946 231.937219121204
938000 79.856262070778 77.4323198771739 75.2457307704761 232.534312718428
939000 79.8505631424246 77.3757985901085 74.8290266119717 232.055388344505
940000 79.4592541754703 77.051522504413 75.0767461913014 231.587522871185
941000 79.9047347584423 77.5370735772907 75.1183658464357 232.560174182169
942000 80.077995676288 77.8717846441645 75.3871291737078 233.33690949416
943000 80.2374817745112 77.7730656342794 75.5741175950881 233.584665003879
944000 80.4872179995301 77.9993420535492 74.9833345643743 233.469894617454
945000 80.3891078219933 78.0286924327888 75.4317171322986 233.849517387081
946000 81.3340389912854 78.3248687237693 75.3638241594914 235.022731874546
947000 81.1990777659063 78.6347124322454 75.38420035723 235.217990555382
948000 81.4002445992123 77.8859765040386 75.4900549463262 234.776276049577
949000 81.4590193689242 77.9686617648357 76.0827290942058 235.510410227966
950000 81.573988592856 78.1599584406086 76.3764627348151 236.11040976828
951000 81.7493871788989 78.4705819663931 75.6453124143725 235.865281559664
952000 81.7218329238039 78.2544368415682 76.0762320162104 236.052501781583
953000 82.1015283404447 78.6408661831103 75.7129439027323 236.455338426287
954000 82.3581718707602 78.559175870496 76.0600249038 236.977372645056
955000 82.2499583902438 78.8073122753732 76.7168285824642 237.774099248081
956000 82.5443445162895 79.292189688913 76.1552076845638 237.991741889766
957000 82.6992569498011 79.5563486457653 76.1917397054571 238.447345301023
958000 82.4893384506146 79.612500197772 76.8704065943598 238.972245242746
959000 82.9782479288529 79.7575739899994 76.0197047005263 238.755526619379
960000 82.935841867198 79.9704716261112 76.5258839813864 239.432197474696
961000 82.6975392661548 80.0159034639458 76.3470956778328 239.060538407933
962000 82.8510986833794 80.7072510004669 75.9770420602507 239.535391744097
963000 82.9701163998541 80.2095096797289 76.3567385511841 239.536364630767
964000 82.9287525971239 80.5482592867468 76.3329372534466 239.809949137317
965000 83.0230256718119 80.4590379576673 76.2935804905165 239.775644119996
966000 83.3817143240371 80.6926538086131 76.1757341394163 240.250102272067
967000 83.6772698017822 80.5472477081915 76.2453305695811 240.469848079555
968000 83.7924392653728 80.7287687389788 76.1049280181475 240.626136022499
969000 83.7352458446608 80.8163710160809 76.2835061301668 240.835122990908
970000 84.470548696933 80.858996273939 76.0848324858312 241.414377456703
971000 84.5988941371426 81.0123521809707 76.9505592565103 242.561805574624
972000 84.7046376058255 80.7792382923119 76.719341916439 242.203217814576
973000 84.7391574616987 81.1879678889704 76.4693681771106 242.39649352778
974000 84.8171900173857 81.2944686834886 76.2801285097878 242.391787210662
975000 84.3063405371498 81.3316858242146 76.6691271217839 242.307153483148
976000 84.4579354032589 81.488214240149 76.7896914696217 242.73584111303
977000 84.8785183054107 81.4856003481819 76.8960031564119 243.260121810004
978000 85.1987559671508 81.4582734136604 76.5575307698752 243.214560150686
979000 84.9239946582385 81.5232520128473 76.6648155951973 243.112062266283
980000 85.1749430394083 81.7973325743506 76.6036930645663 243.575968678325
981000 85.3017988038876 81.7623880403369 76.8848807395527 243.949067583777
982000 85.3756204702056 81.6616213663482 77.2077304549389 244.244972291493
983000 85.6729087047442 82.1037598990584 77.5356308300355 245.312299433838
984000 85.7769906060646 81.8581625371692 77.7093310549702 245.344484198204
985000 86.1439462671859 81.9617225384847 77.4206868090697 245.52635561474
986000 86.2012320221447 82.0105060394709 77.9509198707737 246.162657932389
987000 86.1983874918661 81.8116166944682 77.8271876752567 245.837191861591
988000 86.0728899145833 81.731636310599 77.9937469552054 245.798273180388
989000 86.3666906922048 81.8454029493064 77.7229851031557 245.935078744667
990000 86.0318962445909 81.9275219920902 78.4177747103742 246.377192947055
991000 86.3820190220834 81.8366790767713 78.187086404621 246.405784503476
992000 86.2893619426996 82.0884879452595 78.4361653174145 246.814015205374
993000 86.7521561704509 81.7673942639908 78.3108247311162 246.830375165558
994000 86.5170870161398 82.5567304158889 78.8382151209638 247.912032552993
995000 86.7068502253545 82.5874776928446 78.677141278952 247.971469197151
996000 87.1940175147709 82.6835598474341 78.9426875845686 248.820264946773
997000 86.8537107137945 82.282602714881 79.3023670804221 248.438680509098
998000 86.7729917747369 82.5276930359934 79.2040464432229 248.504731253953
999000 86.9823748306962 82.5116348401518 79.6772408730183 249.171250543866
1000000 87.5787534235582 82.9799845370151 79.7478823722459 250.306620332819
1001000 87.9521688720127 83.0950835514666 79.4219945596793 250.469246983159
1002000 88.6191033030722 82.8088321663682 79.4965624282406 250.924497897681
1003000 88.2079425700918 82.918768762796 79.4952798412006 250.621991174088
1004000 88.6569524993016 82.7723586690648 79.4482041562234 250.87751532459
1005000 88.7039525706903 82.4947068850364 79.9764261512935 251.17508560702
1006000 88.9734472162084 82.3307177973494 80.2166939804201 251.520858993978
1007000 89.3039497074522 82.7398827255506 80.4214231481449 252.465255581148
1008000 89.1992508940075 83.1157855537768 80.3717649326198 252.686801380404
1009000 89.4576015988777 82.732275539553 80.6681801491028 252.858057287533
1010000 89.477764591464 82.6502478733042 80.5219551736183 252.649967638386
1011000 89.4846963817399 82.6430979339013 80.7113374611007 252.839131776742
1012000 90.3283959902165 82.5026359894235 79.9643067536091 252.795338733249
1013000 90.676111460577 83.2578997446703 80.8692697693068 254.803280974554
1014000 90.7672046093622 83.051652395747 80.7258199272973 254.544676932406
1015000 91.1775316880653 83.2082482609196 81.1346133825542 255.520393331539
1016000 91.2176962146144 83.1083106015399 81.2889458023692 255.614952618523
1017000 91.2118548531648 83.3225953058548 81.4551347161611 255.989584875181
1018000 91.230303942692 83.3434973036223 81.2439432268313 255.817744473146
1019000 90.7218132795044 83.1287465469413 81.5224492175383 255.373009043984
1020000 90.8728192770682 83.6437126156337 80.9187588265643 255.435290719266
1021000 91.0789783224604 83.8390172683067 81.594787275255 256.512782866022
1022000 91.2100680325481 83.9013899853677 81.8544544078728 256.965912425789
1023000 91.6657759988067 83.7092568997251 81.6825845253612 257.057617423893
1024000 91.6155416385899 83.5594285890493 81.7614611740912 256.93643140173
1025000 91.4915435231946 83.7419389263967 82.1608074841839 257.394289933775
1026000 91.627714672144 84.0512393115855 82.2483485170332 257.927302500763
1027000 92.4991485120415 84.1804464514882 82.6963715035621 259.375966467092
1028000 92.2728043168194 84.6994628617497 82.7852825106637 259.757549689233
1029000 92.8546225933607 84.4109425861995 83.2700930838521 260.535658263412
1030000 93.150414438462 84.4986088499535 83.7468495862358 261.395872874651
1031000 93.5330553076522 84.5019462459626 83.8319582816148 261.86695983523
1032000 93.4018286586173 84.8076308533627 82.9468149082088 261.156274420189
1033000 93.6740529218262 84.1811489433787 83.2053665974236 261.060568462629
1034000 94.0234984698167 84.3376028022833 83.1098211045479 261.470922376648
1035000 93.7512990774308 84.1659346561055 83.5848111634588 261.502044896995
1036000 93.8031343570191 84.3862952132079 83.2194699252373 261.408899495464
1037000 94.4511751460154 84.0241282478647 83.5315106962443 262.006814090124
1038000 94.5165013232685 83.2896716080138 83.6609036079386 261.467076539221
1039000 94.7516289212589 83.3636432034337 83.6099781478872 261.72525027258
1040000 94.2106795087234 83.4654866025033 83.6585130733798 261.334679184607
1041000 94.8199396182841 83.4955962843229 83.6856445422624 262.001180444869
1042000 94.8608724205094 83.5685700928462 83.6952990604528 262.124741573808
1043000 94.4796173841012 84.3185697342148 84.078051223958 262.876238342274
1044000 94.7162679389725 84.0037894299572 83.919570347662 262.639627716592
1045000 95.2152629749972 84.4217813683302 84.2910136291213 263.928057972449
1046000 95.3626491041373 84.5364395777809 84.1354588020099 264.034547483928
1047000 94.9625874609027 84.5225046762379 84.3534487102164 263.838540847357
1048000 95.4316041365748 84.8303829324114 83.9569602066979 264.218947275684
1049000 95.4146423995975 85.0610808439749 84.5091397674694 264.984863011042
1050000 95.3814312065707 84.9526246569308 84.5709015774873 264.904957440989
1051000 95.8118114877184 84.9518087159271 84.530323294533 265.293943498179
1052000 95.5063919236023 84.8866780712709 84.9313447098832 265.324414704757
1053000 96.2455523583561 84.9645310432523 84.548315383117 265.758398784725
1054000 95.6377944392387 84.6567111057718 84.5464577735446 264.840963318555
1055000 96.0596180790698 85.0142666297957 84.6489879422812 265.722872651147
1056000 96.5461488708959 85.2977910172903 84.4606168953568 266.304556783543
1057000 96.7192451305547 84.8628892833974 84.7327848255223 266.314919239474
1058000 96.9819587676336 84.8514246161167 85.6206122577974 267.453995641548
1059000 96.7713004644943 85.3863646329096 85.1415128607152 267.299177958119
1060000 96.9649592595891 85.3147130295843 85.521467979551 267.801140268724
1061000 97.3965411409005 85.2483986872353 85.5609483419791 268.205888170115
1062000 97.1243798873495 85.641372047726 85.101050514284 267.866802449359
1063000 97.2910540931263 85.571607534247 85.6824337446128 268.545095371986
1064000 97.6943685040312 85.7806844863426 85.5790523840676 269.054105374441
1065000 97.4232619573899 86.3159113695795 85.8757086464433 269.614881973413
1066000 97.2513007641398 86.2220141493249 85.6924003889717 269.165715302436
1067000 97.823825437581 85.8127455823707 85.8500510252866 269.486622045238
1068000 98.2584118895077 86.2323545428003 85.9560688834385 270.446835315747
1069000 97.8274590975172 86.4392324470843 85.9666928688802 270.233384413482
1070000 98.3066139384244 86.7412442339797 86.2388470417603 271.286705214164
1071000 97.9994010246649 86.5740599142942 86.1187119383038 270.692172877263
1072000 98.2332282067474 86.9513278829109 86.2448593870357 271.429415476694
1073000 97.9066419751311 87.1411548245084 86.1438781364717 271.191674936111
1074000 97.9383690826731 87.4502606828726 86.3114319519786 271.700061717524
1075000 98.0662327920961 87.4219048965746 86.3108842835151 271.799021972186
1076000 98.3845324248307 86.9769472251694 86.4654107684244 271.826890418425
1077000 98.3541542111023 87.2686963658187 86.7917918570732 272.414642433994
1078000 99.1244599512658 87.008652944821 86.7112737315699 272.844386627657
1079000 99.4430490416258 87.5238027599098 86.1438205129034 273.110672314439
1080000 99.1052671184859 87.4292414782317 86.7014787669273 273.235987363645
1081000 99.7695300570148 87.4602102566334 86.2310310637373 273.460771377386
1082000 100.124080769944 87.6191314882446 86.556970376032 274.30018263422
1083000 99.9190376397111 88.3272915288653 86.5193743977776 274.765703566354
1084000 99.982936669755 87.7283655553699 87.0657781390086 274.777080364134
1085000 100.338682220371 88.2840366293687 86.4806811582236 275.103400007964
1086000 100.733916850505 88.3322689353775 86.6539712318089 275.720157017691
1087000 100.497422920696 87.7927705026526 86.9238928647851 275.214086288134
1088000 100.884212478097 88.0569699927713 87.5044124762543 276.445594947123
1089000 100.247927141344 87.8448009375599 87.3169410956044 275.409669174508
1090000 100.779088273184 88.1193267349711 87.0678652129549 275.96628022111
1091000 100.893039746735 87.8683773487078 86.9560753347639 275.717492430206
1092000 101.506483981433 88.0771363112826 86.8602618551972 276.443882147913
1093000 101.492289138155 87.678110338705 87.2829805955574 276.453380072417
1094000 101.329509931913 87.4068222182703 87.4857239169599 276.222056067144
1095000 101.23438331569 87.6504444344778 87.2284181954809 276.113245945649
1096000 101.678242411658 88.1743200289753 87.3903127101343 277.242875150767
1097000 101.778559901563 88.0831191118589 87.7260322585692 277.587711271991
1098000 101.662099701589 87.9178580486133 87.7590167289062 277.338974479108
1099000 102.062695069569 87.979234421971 87.9988522032688 278.040781694809
1100000 102.633874067162 87.8763043024141 88.4475878441374 278.957766213714
1101000 102.968138604098 87.9536158999735 88.106216051402 279.027970555474
1102000 102.771747175545 87.9732699723088 88.1520864112908 278.897103559145
1103000 103.291835375866 88.3907503247076 88.542086023011 280.224671723584
1104000 102.945018924842 88.2334356562515 88.518432111859 279.696886692952
1105000 103.363060973122 88.2263807878322 88.5258751341457 280.1153168951
1106000 103.79931454163 88.6776859475673 88.7550385943463 281.232039083544
1107000 103.303324958902 89.1871560511571 89.0663698461771 281.556850856236
1108000 103.884718915814 88.8593945578629 88.7102655494175 281.454379023094
1109000 103.90752287946 88.9814906346892 89.030645353554 281.919658867704
1110000 104.181736124833 89.2268684548838 88.83866029548 282.247264875197
1111000 104.662098578331 89.390854723909 88.5335190822834 282.586472384523
1112000 103.475530863385 89.9440305265899 88.731869237798 282.151430627773
1113000 104.439407559043 89.8838470312282 88.8560876813489 283.17934227162
1114000 103.965451033597 89.8709367286501 88.6411292078842 282.477516970131
1115000 104.63920513419 90.4313300530842 89.0312495866159 284.10178477389
1116000 104.351306733661 90.3049189019038 88.9488133604168 283.605038995981
1117000 104.82379935996 90.2229048073069 89.4673618648799 284.514066032147
1118000 104.413739464271 90.2219344203844 89.6508952614345 284.28656914609
1119000 105.104876171296 90.4084976219693 90.3643696901412 285.877743483407
1120000 104.772376263578 90.356347941326 90.5195676207144 285.648291825619
1121000 104.800808834387 90.6233293036154 90.4589941083021 285.883132246304
1122000 104.96287298344 90.5346083506865 90.9000439854536 286.39752531958
1123000 105.195867011029 90.1097159403958 91.3239577923208 286.629540743746
1124000 105.112733431349 90.1788901606809 91.1340326742114 286.425656266242
1125000 105.830757573513 90.3198071718928 90.9599851876049 287.110549933011
1126000 105.413943381373 90.5816808698853 91.3605861280929 287.356210379351
1127000 105.426748208613 90.3305770799463 91.3358957384045 287.093221026964
1128000 105.141695998201 90.6541196233033 91.2431181424995 287.038933764004
1129000 105.931063694083 90.9486446978295 91.2451176764088 288.124826068321
1130000 106.076035339862 91.0852300810398 91.3606428425088 288.521908263411
1131000 106.615053288384 91.4038825620341 91.4735047702292 289.492440620648
1132000 106.271475107482 91.6844988841508 91.3509284547274 289.306902446361
1133000 106.382995130466 91.9243597571919 91.4233287420553 289.730683629713
1134000 106.667975048643 91.9990407792124 91.8081829629055 290.475198790761
1135000 106.386322887003 92.6438338799676 91.7962410376074 290.826397804578
1136000 106.398280666292 92.2441956820992 91.2761539733674 289.918630321759
1137000 106.359260152694 92.4625934685808 91.9807687612401 290.802622382515
1138000 106.328387623402 92.4574736685159 92.0418430710784 290.827704362996
1139000 106.903617773043 92.4055326734453 91.7582707678589 291.067421214347
1140000 106.51325368108 92.4546214656821 92.1147613080083 291.08263645477
1141000 106.817695437626 92.5584236546365 91.8507222294086 291.226841321671
1142000 106.764388712978 92.4895883894396 91.9107575079981 291.164734610416
1143000 106.87689064888 92.8403971939905 92.1801659955245 291.897453838395
1144000 107.152184344426 92.6699045231492 92.435975069455 292.25806393703
1145000 107.464389054873 92.6750016936 92.6005584719323 292.739949220405
1146000 107.015825262426 92.4367989001916 92.8709703548572 292.323594517475
1147000 106.840565446263 92.6265961561109 93.0686201795055 292.53578178188
1148000 107.460601628978 92.9373451057943 92.6778792609966 293.075825995769
1149000 107.192054102824 92.9846691036764 93.1577646919303 293.33448789843
1150000 107.42531978022 93.2170412284595 93.7627049191805 294.40506592786
1151000 107.670544662365 92.7408051003805 93.9772455195434 294.388595282289
1152000 107.566380350818 93.0252138936236 94.2395057786333 294.831100023074
1153000 107.648941503693 92.7066086310525 94.5759161618818 294.931466296627
1154000 107.93214664905 92.8862347480778 94.7401996645244 295.558581061652
1155000 107.20884732896 93.2366944002453 95.046275318184 295.491817047389
1156000 108.077216011576 93.2430092133072 94.6855316377129 296.005756862596
1157000 107.398526347737 93.3932924299241 94.5402277274964 295.332046505157
1158000 107.427964831779 93.4474461546852 94.4490605179038 295.324471504368
1159000 107.335110699894 93.2718695416565 94.7306980823982 295.337678323949
1160000 107.539822795137 93.9155079747049 94.5226594333135 295.977990203155
1161000 107.548484132996 93.6850547065972 94.8134516547621 296.046990494355
1162000 108.082107567629 93.9529781943471 94.7049709903811 296.740056752357
1163000 108.254685193609 94.0063386456973 94.857352673754 297.11837651306
1164000 108.836652121752 93.8475100108372 95.447592047344 298.131754179933
1165000 108.723546141136 94.0198841570886 96.1809136897465 298.924343987971
1166000 108.560289661141 93.9490901024035 96.0463483196889 298.555728083233
1167000 108.547973661401 93.6459654440475 96.2867453328819 298.480684438331
1168000 109.14523088599 93.7404561241965 96.756549148268 299.642236158455
1169000 108.729596163289 94.2535320914285 97.2453252461604 300.228453500878
1170000 108.713784158697 94.6672947722579 96.8875917369507 300.268670667905
1171000 109.061627117109 94.8735187417036 96.6909694372717 300.626115296085
1172000 109.280542775502 95.0337967789116 96.9397013924986 301.254040946912
1173000 109.082322548536 95.1280602361861 97.3850951264451 301.595477911168
1174000 109.57170269269 95.2318718043723 97.3056756008022 302.109250097865
1175000 109.725056057503 95.5784038845333 97.8732473158712 303.176707257907
1176000 110.317800022734 95.3417695894261 98.0991191944797 303.758688806639
1177000 110.157874813372 95.3745291764025 98.4437793873409 303.976183377115
1178000 110.468396492567 95.5788057246691 98.0226026274373 304.069804844673
1179000 111.164806321399 95.5212059919843 98.5619250101427 305.247937323526
1180000 111.051387399527 95.8489120551428 98.3688482822348 305.269147736905
1181000 110.861927145328 95.7501639802981 98.856409919347 305.468501044973
1182000 110.691913235393 96.0698602673823 98.8753314571348 305.637104959911
1183000 110.425928163552 95.8978077043219 98.7346696432195 305.058405511093
1184000 110.354758142232 95.815355396856 98.6925217813108 304.862635320399
1185000 110.47984817203 96.2687196960047 99.1775645134264 305.926132381461
1186000 110.900090348132 96.0906116683676 99.2496171560354 306.240319172536
1187000 111.31660767146 95.7619677946217 99.6665210341902 306.745096500271
1188000 110.851311949796 96.1497773244199 99.5548413946639 306.55593066888
1189000 110.947017732649 96.0026254918829 99.2954645987256 306.245107823257
1190000 110.838897734836 96.5406064649469 99.6003753117941 306.979879511577
1191000 110.901893177636 96.3318058829836 99.7063218345469 306.940020895166
1192000 111.033179964569 96.9021859309475 99.670067467748 307.605433363265
1193000 111.525761541752 96.9446076865343 99.6762321480173 308.146601376304
1194000 111.703655817812 96.9526460806723 99.0215050449502 307.677806943435
1195000 111.895864406697 97.1421960466153 99.5009730076488 308.539033460961
1196000 112.114970231118 97.2879965564344 99.6402571549515 309.043223942504
1197000 111.870640727743 97.2526197264574 99.6257654303404 308.74902588454
1198000 112.462061151983 97.1735830531737 99.942727549925 309.578371755082
1199000 112.372022690431 97.8678978545638 100.057007351498 310.296927896492
1200000 112.049339217157 98.0600286592647 100.26487227881 310.374240155232
1201000 112.710967549936 98.1352924411085 100.32045335048 311.166713341524
1202000 112.556195918875 98.2893933573874 100.222185309736 311.067774585999
1203000 112.357673240235 98.0109775596911 100.16860002379 310.537250823716
1204000 112.112338042877 98.3489450979139 100.107873683988 310.569156824779
1205000 113.481044675742 98.2159689384611 100.217798795364 311.914812409567
1206000 113.09949031535 98.7298880207684 99.6173767877169 311.446755123835
1207000 113.582932014251 98.2602654903866 100.297006157746 312.140203662384
1208000 113.311375595182 99.0319523690055 100.33513896636 312.678466930548
1209000 113.286582986153 98.4168341368264 100.325302803382 312.028719926361
1210000 113.376887841306 99.1168013954211 99.8550751142969 312.348764351024
1211000 113.759045477092 99.0011222074343 100.072109474853 312.832277159379
1212000 113.426205217008 98.9643930611598 100.279227335861 312.669825614028
1213000 113.090705979055 99.5723370059814 100.512555516952 313.175598501989
1214000 113.625004599866 99.8029167380904 100.222305404955 313.650226742911
1215000 113.717944238985 99.673703491624 100.48010002538 313.871747755989
1216000 113.745839890967 99.4352521327537 100.2101956685 313.391287692221
1217000 113.662488107431 99.8824750517178 100.101189898719 313.646153057869
1218000 114.483215006389 99.7065016723607 100.347754984005 314.537471662754
1219000 114.145016939064 100.564988771412 100.632443192842 315.342448903318
1220000 113.961612843487 100.167780382694 100.622300433109 314.75169365929
1221000 114.165446725958 100.074988910539 99.9515723920621 314.192008028559
1222000 114.511374403452 100.139459424259 99.9020346182346 314.552868445946
1223000 114.083080545809 100.086524052942 100.473998693765 314.643603292516
1224000 114.553718028798 99.9489600581999 100.13024875235 314.632926839348
1225000 114.52078978335 100.119331515012 100.221093939319 314.861215237682
1226000 114.395054682156 99.9119491696793 100.382112358283 314.689116210119
1227000 114.917537323566 100.058954864473 100.907775783647 315.884267971687
1228000 115.027660862194 100.341480092829 101.046346513879 316.415487468902
1229000 114.545311891731 100.04760115783 100.908002086798 315.500915136359
1230000 115.1544131576 100.690728143189 100.723989266142 316.56913056693
1231000 115.05742655249 100.661266064258 100.971005618141 316.689698234889
1232000 115.105902710135 101.008695717926 101.146897837971 317.261496266032
1233000 115.094195999334 101.046786997271 100.958198777959 317.099181774564
1234000 115.322857812941 101.050426015801 101.303166990472 317.676450819213
1235000 114.895963383428 101.598606719215 101.753143788296 318.247713890939
1236000 115.107165538933 101.539478453013 101.729998522025 318.376642513972
1237000 115.157514136198 101.727120314861 102.145072716273 319.029707167331
1238000 115.276915717516 101.342812728787 102.254769943135 318.874498389437
1239000 115.507541770374 101.859454368618 101.904800184958 319.271796323949
1240000 115.424260659132 102.036101094026 102.502634705218 319.962996458376
1241000 116.227464825154 101.639631660795 102.427434730077 320.294531216026
1242000 115.946576974806 102.000052762032 102.893297935806 320.839927672645
1243000 115.675757753613 101.924226760602 102.835663244072 320.435647758287
1244000 116.234246670232 101.340701961057 102.2858303807 319.860779011989
1245000 116.23009369429 101.370322856543 102.624596471189 320.225013022023
1246000 116.721205536465 101.229717600066 102.798079413593 320.749002550124
1247000 116.709257643471 100.650845986176 102.336202143885 319.696305773533
1248000 116.458989060306 101.79592157417 102.832593105167 321.087503739643
1249000 117.204453126921 101.647356120585 102.493940551592 321.345749799098
1250000 117.90767832202 101.731508400031 102.072516850043 321.711703572094
1251000 117.091107118159 101.63039009122 102.830411731512 321.551908940891
1252000 116.733511668975 101.648100107678 102.597000473692 320.978612250345
1253000 117.335093292022 102.222322184023 102.338167728849 321.895583204894
1254000 117.665183586227 102.556147714475 102.973859616223 323.195190916925
1255000 117.522660670771 103.030285984455 102.889027556649 323.441974211874
1256000 117.975712502146 103.131964272053 102.527060081295 323.634736855493
1257000 118.013658199999 103.112154988822 102.781404702411 323.907217891232
1258000 118.563700322134 103.645584817435 103.445961236918 325.655246376487
1259000 118.385641167825 103.315691811693 103.523001743501 325.224334723019
1260000 118.791609505341 103.737167646311 102.92827995518 325.457057106833
1261000 118.924363671113 104.353495609625 102.860880148535 326.138739429273
1262000 118.827871719211 103.961909286133 102.781385377228 325.571166382572
1263000 119.251675482206 104.359273097453 103.071639137986 326.682587717645
1264000 119.428193325203 104.276684664987 103.408785347658 327.113663337848
1265000 119.91234373789 104.61166242665 103.516531221001 328.040537385541
1266000 119.536145394043 104.880735711766 103.563117324684 327.979998430492
1267000 119.71284046933 104.884451245684 103.948062253608 328.545353968622
1268000 119.361610111721 105.496292684699 104.006336087992 328.864238884412
1269000 120.102252604304 105.476723781737 104.225741753779 329.804718139821
1270000 119.843478106003 105.668570808074 104.229540459575 329.741589373652
1271000 120.394061597782 105.912888632548 104.326159298725 330.633109529055
1272000 120.886029317561 106.491404870242 103.994644144423 331.372078332226
1273000 120.466720962877 106.136290989729 104.445701389064 331.048713341669
1274000 120.024684121595 106.652495414996 104.379048133201 331.056227669792
1275000 120.489015814057 106.315133498126 104.191229470699 330.995378782883
1276000 120.224993730373 106.446052526674 104.901065435787 331.572111692834
1277000 120.713745875506 107.124901339821 104.571050266506 332.409697481832
1278000 120.641206615297 107.597100498885 104.992818117762 333.231125231945
1279000 120.720305672249 107.13432110839 105.143197306031 332.997824086671
1280000 121.262945372362 107.128554281057 105.48817382555 333.879673478969
1281000 120.87334009958 107.165650045038 105.342893344707 333.381883489325
1282000 120.962206317508 107.071321841177 105.090107076779 333.123635235464
1283000 121.379583089294 107.559061184726 105.352220199859 334.290864473879
1284000 120.257273414727 107.557625446831 104.976304383699 332.791203245256
1285000 121.074602536386 106.953809367674 105.960147005441 333.988558909501
1286000 121.029703789688 107.754246747369 105.471810414768 334.255760951826
1287000 121.137592488255 107.518337202582 105.675404890924 334.331334581761
1288000 121.72313720858 107.38226517565 105.786152725642 334.891555109872
1289000 121.056011599266 107.961991661898 106.321510266981 335.339513528146
1290000 122.080420378828 107.965385090721 106.258764225045 336.304569694594
1291000 121.786707883096 107.312410811764 106.464856218206 335.563974913066
1292000 121.589660013445 107.9483448562 106.690818300436 336.228823170081
1293000 121.635162959619 108.111551257995 106.455650666039 336.202364883653
1294000 121.748872958648 108.223921184301 107.066894510398 337.039688653347
1295000 121.842215434191 108.494135428962 106.521965631183 336.858316494336
1296000 122.263330659985 107.927854581671 106.601248950948 336.792434192605
1297000 121.556444147706 108.140619533909 106.402884414968 336.099948096583
1298000 121.67974118434 107.890473895721 106.601924830598 336.172139910659
1299000 122.687179049343 107.848491546476 106.991236088237 337.526906684056
1300000 122.320783642139 108.186102999471 106.74915066102 337.25603730263
1301000 122.646415864072 108.723643525694 106.64190349881 338.011962888576
1302000 123.130977325435 108.692656508571 107.114935264197 338.938569098204
1303000 122.98762063855 108.943792038832 107.116328099201 339.047740776583
1304000 123.120778850017 109.300374169782 107.459549048985 339.880702068785
1305000 122.981764135372 109.076466002282 107.491557506327 339.549787643981
1306000 123.9483574011 109.547227240954 107.733714986205 341.229299628258
1307000 124.362033775819 109.359737356418 108.291582436412 342.013353568649
1308000 124.561709175509 109.414180074928 108.644890129972 342.620779380409
1309000 124.830000114446 109.608101319987 108.750170686704 343.188272121137
1310000 125.166404363914 109.53047392402 108.409238134554 343.106116422488
1311000 125.098360563807 109.24111205213 109.125695147699 343.465167763636
1312000 125.404753477862 109.386196606827 108.820554877485 343.611504962174
1313000 125.423885783887 109.09164726876 108.787262291232 343.302795343878
1314000 125.356189020128 109.569012896833 108.564453044063 343.489654961024
1315000 125.661325593648 109.920839985808 108.959843325747 344.542008905203
1316000 126.032210008512 110.469144861206 109.11079662465 345.612151494368
1317000 126.057899541025 110.150453459714 109.027502394179 345.235855394919
1318000 126.736815787969 110.832833465959 109.419864026565 346.989513280493
1319000 126.079446038485 111.455171838583 109.516813763659 347.051431640727
1320000 126.651909764828 111.68712907957 109.442948451863 347.781987296261
1321000 126.495617337622 111.286611130776 109.371158395433 347.15338686383
1322000 126.969122123182 111.20149481545 109.219233040444 347.389849979077
1323000 126.705858888079 111.496706128065 109.546926392917 347.749491409061
1324000 127.289156371493 111.667246951347 109.416149776553 348.372553099393
1325000 127.336302994449 111.815264490558 109.666949664539 348.818517149546
1326000 127.453555697524 111.655988047973 109.635331131397 348.744874876894
1327000 127.185967649969 112.078299802506 109.780475502693 349.044742955167
1328000 127.400266765014 112.484282250295 109.775872303139 349.660421318448
1329000 127.673150327145 112.130067599939 110.390922230412 350.194140157495
1330000 128.203394284941 112.295769580477 109.962662449999 350.461826315418
1331000 127.739546609058 112.145728183832 110.276014398627 350.161289191518
1332000 128.661349156885 112.030229605206 110.836376240662 351.527955002754
1333000 128.461089327999 112.033088006156 111.082973592175 351.57715092633
1334000 128.317225146898 112.426819863041 110.587419087151 351.33146409709
1335000 128.899712308246 111.559315631028 111.483457542418 351.942485481692
1336000 128.60420127589 112.366270206264 111.476862835806 352.447334317959
1337000 129.653248290297 111.955466228308 111.729241525361 353.337956043967
1338000 129.397581381528 112.206211719082 112.288751106046 353.892544206656
1339000 130.161169440923 112.454101861757 112.478105854651 355.093377157332
1340000 129.703409891304 112.548880376993 112.372900742532 354.625191010829
1341000 129.567015972576 112.82182475103 113.088528079656 355.477368803261
1342000 129.011749574131 112.859814944765 113.085163532592 354.956728051487
1343000 128.598311453685 112.852636962519 112.858669516162 354.309617932366
1344000 129.014342821164 112.866173873403 113.214126681982 355.09464337655
1345000 128.939444356291 113.294221134764 113.288508774479 355.522174265533
1346000 128.960066157071 113.04404101388 113.27628812516 355.280395296112
1347000 129.627846236835 113.367060157058 113.873072293554 356.867978687447
1348000 129.212999113404 113.612238662005 113.915965689948 356.741203465357
1349000 129.872068457607 113.772064602232 113.555149804456 357.199282864296
1350000 129.340079170277 113.592636107338 114.027727094399 356.960442372015
1351000 129.537533146506 113.949274237722 113.65229267666 357.139100060888
1352000 129.259995040291 113.798685964792 113.544238263943 356.602919269026
1353000 129.37823269403 113.809255257241 113.440632270005 356.628120221276
1354000 129.785375266514 113.855320162995 113.656443355429 357.297138784937
1355000 130.087054234524 113.346169503657 113.321464578849 356.754688317029
1356000 130.026032956799 113.626540074783 113.087676479958 356.740249511541
1357000 130.407754272168 113.931621541098 114.12931520199 358.468691015257
1358000 130.17915421651 114.509615783599 113.8510799246 358.539849924709
1359000 130.153401297315 113.821961013839 114.281931349138 358.257293660293
1360000 130.169932441731 113.972914097875 114.906174343374 359.04902088298
1361000 130.514635463399 113.992293045458 114.732003696211 359.238932205068
1362000 130.679031050552 114.319039784288 114.150856055047 359.148926889888
1363000 130.570300795078 114.279409832335 114.448683716914 359.298394344327
1364000 130.48840573465 113.890302196273 114.667234707924 359.045942638847
1365000 131.111536232341 114.483360627329 114.38848163026 359.98337848993
1366000 130.784802915504 114.277225620193 114.949192902633 360.01122143833
1367000 130.561399450899 114.968096659414 114.558866028894 360.088362139206
1368000 131.262485364933 115.180964523539 114.49155696782 360.935006856293
1369000 130.943094099383 114.784483161599 114.972717304071 360.700294565053
1370000 130.787685553636 115.184968312243 115.221734102222 361.194387968101
1371000 130.795873602391 114.872076000942 114.506235539567 360.1741851429
1372000 131.344451121372 115.513659253826 115.203649915523 362.061760290722
1373000 131.618054000331 115.715033249104 115.224778018808 362.557865268244
1374000 131.970520325562 116.005257087313 115.135544278956 363.111321691832
1375000 132.158644492961 116.56394072365 115.048664583869 363.77124980048
1376000 132.75436388078 116.181363323047 115.029228856614 363.964956060441
1377000 132.54257606384 116.57795057603 114.96793795276 364.08846459263
1378000 132.433983571594 116.706545756151 114.967192391101 364.107721718846
1379000 132.740954026589 117.292114974065 115.268856693365 365.301925694018
1380000 132.535850723358 117.836503203701 115.55037112738 365.922725054438
1381000 132.963955028065 117.510381117546 115.778974029238 366.253310174849
1382000 133.340502714087 117.61555387398 115.445747092217 366.401803680285
1383000 132.787166389008 117.110621824299 115.342719436319 365.240507649626
1384000 132.835901266308 118.105553915406 115.191081346358 366.132536528073
1385000 133.030413717195 117.848551127045 115.989222924914 366.868187769154
1386000 132.663284795394 118.335003691945 116.200583749046 367.198872236385
1387000 132.812294131098 118.444333374766 116.196914875589 367.453542381453
1388000 132.60181458292 118.445906407248 116.392878408985 367.440599399153
1389000 133.174531803506 118.773274018011 116.036397557282 367.9842033788
1390000 133.131396632523 118.636138744885 117.044926314568 368.812461691977
1391000 133.429083043506 118.693743736062 116.698107767796 368.820934547363
1392000 133.647063059494 118.473779396948 116.714968260297 368.83581071674
1393000 133.363862022041 118.325516240768 116.988675611852 368.678053874661
1394000 133.140105373324 118.665406137349 117.918202938919 369.723714449592
1395000 133.568666938148 119.134757645801 117.580784840888 370.284209424837
1396000 133.675211469914 118.791644335902 118.337606149024 370.804461954839
1397000 133.098871527426 118.866176555845 118.127157665335 370.092205748606
1398000 132.855385037079 119.167507096995 117.4033362099 369.426228343974
1399000 133.083420580693 119.180036480543 118.119258734303 370.382715795538
1400000 133.565594928965 119.51667505877 117.810717858943 370.892987846678
1401000 133.807165309264 119.898551584006 118.380669022672 372.086385915941
1402000 134.247994234202 119.742259650613 118.551953330579 372.542207215394
1403000 134.760398982202 119.906608405781 118.962124130969 373.629131518953
1404000 135.191280106936 120.126501198999 118.146974197854 373.464755503789
1405000 134.667137131649 120.417299101942 118.760742117649 373.84517835124
1406000 135.571705009237 120.974112839745 118.456665481632 375.002483330615
1407000 135.803560618394 120.83295852324 118.67795811576 375.314477257395
1408000 135.629305334048 121.089813950156 119.041428294238 375.760547578442
1409000 135.664692856372 121.495530380513 118.657669331511 375.817892568396
1410000 136.148591442863 121.653024357871 119.508185754513 377.309801555247
1411000 136.482234366287 122.119019928521 119.588048989429 378.189303284237
1412000 136.38704800853 122.207554951079 119.072194521442 377.666797481051
1413000 136.788385421344 122.211533317676 119.591679540199 378.591598279219
1414000 136.926873044633 122.536732968891 119.615319874427 379.07892588795
1415000 137.478545956211 122.764358802522 119.078820182027 379.32172494076
1416000 137.498487695332 122.832048748968 119.558449213199 379.888985657499
1417000 138.02739218022 123.557133584939 119.232578815325 380.817104580483
1418000 138.306114025223 123.309386113455 119.108943249318 380.724443387996
1419000 138.687527106413 123.071566157746 118.540286322332 380.299379586491
1420000 139.323035430323 122.737859267359 118.718307445527 380.779202143209
1421000 138.906905323921 123.488926390676 119.10208412056 381.497915835157
1422000 139.698194704707 123.503584770625 118.578889853872 381.780669329203
1423000 139.93071410412 123.853973115323 118.807408019607 382.592095239051
1424000 139.748635886677 123.739666185676 118.817880315013 382.306182387366
1425000 139.549062935584 123.809196561419 118.257438792357 381.615698289361
1426000 140.079620727997 124.360433778451 118.847369286435 383.287423792882
1427000 140.725530061273 124.216704331684 118.958895671442 383.901130064398
1428000 140.547970899138 124.875969952797 118.131442212577 383.555383064512
1429000 140.336510747708 124.604384869163 117.689255602109 382.63015121898
1430000 140.43517914652 124.88673141423 117.901788163499 383.223698724249
1431000 141.192265666041 124.879271252093 117.819826291626 383.89136320976
1432000 141.25182201761 124.881203390245 117.674649362826 383.807674770681
1433000 141.243285578843 125.272275356673 117.991741229097 384.507302164613
1434000 141.668559688574 125.334767961201 118.33273238722 385.336060036994
1435000 141.490054491082 125.154018525446 118.081327597415 384.725400613944
1436000 142.068773041996 125.001327582034 118.565198075396 385.635298699426
1437000 142.456947808886 125.025808537236 118.413024465008 385.895780811129
1438000 141.665403462441 125.552795514429 118.172086654447 385.390285631317
1439000 141.801937937354 125.323123065412 118.869775868201 385.994836870967
1440000 141.983851353122 125.620067845047 118.724496202453 386.328415400623
1441000 142.284686590485 125.651061399231 119.007659785452 386.943407775168
1442000 141.755133753105 125.834746116783 118.788592558643 386.378472428531
1443000 142.243557070956 125.179180346608 118.730885135769 386.153622553333
1444000 141.982527539823 125.318770423208 118.559378608543 385.860676571574
1445000 142.527675742628 125.526917306957 118.387948131945 386.442541181531
1446000 143.045295130906 125.75898484106 117.966190757828 386.770470729794
1447000 143.513267899523 125.931922397351 118.250746044822 387.695936341696
1448000 143.419251502768 125.868866816179 118.437393807327 387.725512126273
1449000 143.155179467179 125.908993853165 118.285188007607 387.349361327951
1450000 143.16680433879 125.479216414846 118.265852153092 386.911872906728
1451000 144.166732479547 125.640554919868 118.806123319932 388.613410719347
1452000 144.104064533728 126.179615823638 118.492001749169 388.775682106534
1453000 144.372671727999 126.013945210993 118.991882131416 389.378499070407
1454000 144.200966166711 126.604521958299 118.797548097424 389.603036222433
1455000 144.721119977135 126.53648098846 118.880555730291 390.138156695886
1456000 144.825613943211 126.540960615998 118.787893177926 390.154467737134
1457000 144.864468878403 126.313607024434 118.830023163829 390.008099066666
1458000 144.23124225523 126.248534681544 119.303093742601 389.782870679375
1459000 144.386237584592 126.277222032696 119.19623732877 389.859696946058
1460000 144.507739788302 127.362635496978 119.211635523169 391.082010808449
1461000 144.085497890762 127.433005265446 119.12577703678 390.644280192989
1462000 144.86450868491 127.464055853335 119.579760826056 391.908325364301
1463000 145.167444572765 128.150600622935 119.867612065432 393.185657261132
1464000 144.378097859461 128.498847645922 119.672751739738 392.549697245121
1465000 144.54913107936 128.172077404974 119.384258524066 392.1054670084
1466000 144.84190893406 128.668362590125 120.337226177949 393.847497702134
1467000 145.085298920872 128.965030874637 120.520548501583 394.570878297092
1468000 145.545367791837 129.101095748373 120.474791809795 395.121255350005
1469000 145.831280176016 128.439680855608 120.351314583544 394.622275615168
1470000 145.194009766969 129.537008521227 120.166140494304 394.8971587825
1471000 146.108265616086 129.513867968715 120.383203391778 396.005336976579
1472000 146.422836067762 130.246362403527 120.973831717211 397.6430301885
1473000 146.267667921299 130.613931434645 120.676580476536 397.558179832481
1474000 146.122452551498 130.086028043835 120.881199374073 397.089679969406
1475000 146.60579275632 130.049900534841 121.290262156056 397.945955447216
1476000 146.527016400791 130.262083866984 121.116983773096 397.90608404087
1477000 147.152400530725 130.799213041481 121.298258702375 399.249872274581
1478000 147.215652772533 130.625863066913 121.274517042612 399.116032882058
1479000 147.570337970401 130.273181173152 120.983967186855 398.827486330407
1480000 147.84998459476 130.407212746551 121.922264211773 400.179461553084
1481000 147.574233517752 130.25911006181 121.906496052249 399.739839631811
1482000 147.51785025069 130.331747314645 121.553361325602 399.402958890938
1483000 147.980495975277 130.406330655174 121.870623377354 400.257450007804
1484000 147.266102154099 130.476872529073 121.863884930099 399.606859613271
1485000 147.944127912372 129.849712766755 121.031488367323 398.825329046451
1486000 147.88012167033 130.426196873645 121.057192280342 399.363510824317
1487000 147.64823888789 130.359021701685 121.474144123659 399.481404713234
1488000 149.038054310161 130.645040896073 120.836607493469 400.519702699703
1489000 149.050507248907 130.249319760963 121.471186325507 400.771013335377
1490000 149.291393975507 130.169358677017 120.8570763924 400.317829044923
1491000 149.650934490857 130.001289523491 120.737745089964 400.389969104312
1492000 149.904586900199 129.906155648979 120.886153980073 400.69689652925
1493000 149.343739301246 129.906736388966 120.827433318862 400.077909009074
1494000 150.339497011375 130.219587027459 121.107579591836 401.66666363067
1495000 149.753088254252 130.33665303827 121.872008676668 401.961749969191
1496000 150.220733926659 130.831820433109 121.7785906081 402.831144967868
1497000 150.41150491378 129.686894326422 121.492725698306 401.591124938508
1498000 150.333843014161 130.397304332009 121.833909749441 402.565057095612
1499000 150.079548329224 130.137800910977 121.905760739806 402.123109980007
1500000 150.132173458413 130.189681172853 122.131523825705 402.453378456971
1501000 150.457751528895 130.070660028671 122.570241326298 403.098652883864
1502000 151.096183117529 130.07723144159 122.859556597903 404.032971157023
1503000 150.936157119276 130.021289563793 122.647869453215 403.605316136284
1504000 150.796429183716 129.831508326011 122.326792658221 402.954730167948
1505000 151.882711173124 129.57061365937 122.338465653273 403.791790485767
1506000 150.921277776851 130.034014251876 122.808532462996 403.763824491723
1507000 150.715878739422 129.744174426681 122.663462553598 403.123515719702
1508000 151.345713339745 130.173241195493 122.774437560568 404.293392095806
1509000 151.13098163898 129.840761517307 123.045381170171 404.017124326458
1510000 151.368427604399 129.855865267719 122.734303702414 403.958596574532
1511000 152.114011286852 130.002757656716 122.585017145754 404.701786089322
1512000 152.789622992554 130.384737636278 123.255969249556 406.430329878388
1513000 152.906694142906 130.54666422651 123.103873997994 406.55723236741
1514000 152.933688120094 130.766699192745 122.527510611179 406.227897924019
1515000 152.629126535987 131.175462279297 122.596135588872 406.400724404156
1516000 152.535202807389 130.799488041365 122.941897176554 406.276588025309
1517000 153.470887580069 131.084797830287 123.45078573803 408.006471148386
1518000 153.088941272414 131.706590195157 123.598510626723 408.394042094295
1519000 153.55620064959 131.708841381745 123.724108457872 408.989150489208
1520000 153.399452503838 131.573997666744 123.49855051833 408.472000688912
1521000 152.720894111465 132.162402265572 123.440444793804 408.32374117084
1522000 153.357445362243 131.607041334706 123.620816789794 408.585303486742
1523000 153.379769122063 132.529981285078 124.026753597139 409.93650400428
1524000 154.179065801591 132.425226382963 124.174937204833 410.779229389386
1525000 154.16600955896 132.242167479175 125.014823984048 411.423001022183
1526000 154.518920862531 133.080187222299 123.900442985512 411.499551070342
1527000 154.808254491063 132.699871168515 124.32429801881 411.832423678389
1528000 154.033339186271 133.723754825481 124.355586074978 412.11268008673
1529000 154.074425493781 133.770793557381 124.622788560076 412.468007611237
1530000 154.668666203759 134.306659772708 124.58547603197 413.560802008437
1531000 154.593503473518 134.09313457968 125.299779047794 413.986417100992
1532000 154.329246141068 134.88988450575 124.293998987948 413.513129634767
1533000 155.966282650691 135.186273713278 124.966466274105 416.119022638074
1534000 155.170764088824 135.383368986136 124.397870426749 414.952003501709
1535000 156.225114051966 135.585643433081 124.806067680184 416.616825165231
1536000 156.151851725894 135.735046979268 125.863967065379 417.750865770541
1537000 156.943621022277 135.154789291449 125.424169729408 417.522580043133
1538000 156.864027837401 135.399402050086 125.695714429763 417.95914431725
1539000 157.133145193072 135.41781638027 125.906703973707 418.457665547049
1540000 156.697274695229 135.8998817243 125.458820803641 418.055977223171
1541000 156.628423013434 135.136766568137 125.966635567274 417.731825148845
1542000 156.951050547523 135.937939591726 125.659889465565 418.548879604814
1543000 157.265239777545 136.777071243448 126.158976495098 420.20128751609
1544000 157.006662654625 136.472202481162 126.180595536349 419.659460672136
1545000 156.774442058496 136.889719981262 126.123394600247 419.787556640006
1546000 157.07194047075 136.756338317152 126.635390939852 420.463669727753
1547000 156.70623340455 137.033189886862 127.234676857874 420.974100149286
1548000 156.796474296085 136.931180053744 126.971286791768 420.698941141598
1549000 156.693804205648 137.396279253944 127.511350305743 421.601433765335
1550000 157.051900132126 137.143578473545 127.210846431815 421.406325037486
1551000 158.340284042238 137.612885324642 128.073532348504 424.026701715384
1552000 158.56458711121 136.900520868065 127.822970122207 423.288078101482
1553000 158.732941415892 137.386471678716 127.703470832432 423.82288392704
1554000 158.871662244021 137.617888201019 127.602309700089 424.091860145129
1555000 159.031386620828 137.657462505177 127.872136098423 424.560985224428
1556000 158.493770806398 137.225259395635 127.666279480151 423.385309682185
1557000 158.265907575706 137.600996725451 127.282073295547 423.148977596704
1558000 158.525104353429 137.821033241755 128.460870524547 424.807008119731
1559000 159.190524009477 138.095867022412 128.495119031391 425.781510063281
1560000 159.140340206785 138.723231807878 128.842818692187 426.70639070685
1561000 159.0706177726 138.730757428253 128.019469775654 425.820844976507
1562000 158.896730469516 138.974868695722 128.147779847277 426.019379012515
1563000 159.14134639036 138.829856670651 128.130165936297 426.101368997309
1564000 158.363994161018 138.932954047529 128.185444337051 425.482392545598
1565000 158.538424135559 138.883611416604 128.389007664042 425.811043216205
1566000 158.21115499188 139.466145789021 128.35770435478 426.035005135682
1567000 157.702720656377 138.625515726544 128.678587992317 425.006824375238
1568000 157.95506023521 139.253470277646 128.33550131321 425.544031826066
1569000 157.875955166161 139.249108691208 128.930188833465 426.055252690834
1570000 159.261923130386 140.269406702924 128.688077464226 428.219407297537
1571000 159.153851700753 139.827644949046 128.368089712301 427.349586362101
1572000 159.061679693127 139.662115152249 128.524268027978 427.248062873354
1573000 158.924034181288 139.459512585025 128.678673722135 427.062220488448
1574000 159.169126528607 139.721627109335 127.651960772412 426.542714410354
1575000 158.880332555506 139.6006094406 128.402630234511 426.883572230617
1576000 158.760923808968 140.118339089492 128.294282955806 427.173545854266
1577000 158.541944242545 140.302901972682 128.286672733058 427.131518948285
1578000 158.308104135907 139.843947971391 128.502638312415 426.654690419713
1579000 158.404285347514 140.570978894978 127.930597752012 426.905861994504
1580000 158.34242588495 140.577590991665 127.840477536084 426.760494412699
1581000 159.225835172789 140.842073141446 128.458113514359 428.526021828593
1582000 159.253186103509 140.78428193203 128.206086367034 428.243554402572
1583000 159.344487229878 140.700363176357 128.651056266017 428.695906672252
1584000 158.728736762415 141.36861974198 128.481465301207 428.578821805602
1585000 159.536952455484 141.012817049385 128.477111649772 429.02688115464
1586000 159.599632496631 140.558229700967 129.084731150029 429.242593347627
1587000 159.894686380304 140.840360506631 129.343280555964 430.078327442899
1588000 159.811957314515 141.37008565335 129.420960427854 430.60300339572
1589000 160.321305174027 141.708651525222 129.56610962154 431.596066320788
1590000 159.735585203037 141.702905596137 128.574774736909 430.013265536084
1591000 159.849950608269 142.079762648149 129.18913120017 431.118844456589
1592000 160.602138664734 141.964743981659 129.319589418576 431.886472064968
1593000 159.785447138252 142.254588434654 129.927996856504 431.968032429409
1594000 160.505876477117 142.829142674151 129.253193826093 432.588212977361
1595000 160.256566280892 142.143358490322 130.251365790484 432.651290561698
1596000 161.34460480315 142.824099962549 128.954439511427 433.123144277127
1597000 161.049903404453 142.352480600539 129.329108896731 432.731492901724
1598000 161.023576904411 142.778209021847 129.747744450051 433.549530376308
1599000 160.825285763152 142.823785580423 129.899361323981 433.548432667556
1600000 161.50207553423 143.472843240786 129.971094144896 434.946012919912
1601000 161.473597799697 143.252395186455 130.310841922605 435.036834908758
1602000 161.550452225972 143.307799626036 130.648940424298 435.507192276306
1603000 161.283502163682 143.369091078699 130.07909835288 434.731691595261
1604000 161.611061498184 143.172329967826 129.990017633494 434.773409099505
1605000 162.340313779212 143.401615915249 129.83900868109 435.580938375551
1606000 162.758747033816 143.002674452189 129.995388093436 435.756809579442
1607000 163.388568817978 143.506057102928 130.32100726055 437.215633181456
1608000 163.106710889245 143.128962665371 130.546811217617 436.782484772233
1609000 163.207149202502 143.618093958765 130.450046402813 437.27528956408
1610000 162.971659884276 143.622633982684 130.76130003934 437.3555939063
1611000 163.436555326683 143.819205037172 130.482740482282 437.738500846137
1612000 163.967556777523 144.160167411863 130.603589386569 438.731313575955
1613000 163.461105720176 144.169256162671 130.815863192605 438.446225075452
1614000 163.494746815893 144.245005406935 131.394029120653 439.133781343481
1615000 163.249678775961 144.155301620247 131.304477502067 438.709457898274
1616000 163.655007572244 144.454961486645 130.894536375739 439.004505434628
1617000 163.390383292602 144.438944177431 130.599102054441 438.428429524474
1618000 163.231247773534 144.510454418436 130.688111694067 438.429813886037
1619000 163.947457355517 144.378759246875 131.178573844192 439.504790446583
1620000 164.59762639142 144.191161624467 131.042471196434 439.831259212321
1621000 164.651652339047 143.76159378006 131.345661295038 439.758907414145
1622000 164.807569228573 144.85942294775 131.3555980548 441.022590231122
1623000 165.699807600848 144.399808499682 131.377555613736 441.477171714267
1624000 165.15878375726 144.314905567391 131.691180968994 441.164870293645
1625000 164.85578229475 144.891540753997 131.852935896585 441.600258945332
1626000 165.691405208825 144.563638067532 132.580175420863 442.835218697221
1627000 165.850710339814 144.876784756363 132.153786025829 442.881281122007
1628000 166.224193005644 145.049119396281 132.75150078595 444.024813187876
1629000 166.449385350795 145.340479720498 132.723909949629 444.513775020921
1630000 166.7181617162 144.74056903509 132.764949911708 444.223680662998
1631000 165.704713545907 144.76166753962 132.834405981657 443.300787067184
1632000 165.910744997517 145.409976868073 132.874371732341 444.195093597931
1633000 166.142664251633 145.537189536692 132.803956400027 444.483810188352
1634000 166.288832535974 145.795764296495 132.541235709799 444.625832542268
1635000 165.756404819905 145.263591010434 132.748934026335 443.768929856674
1636000 166.325260636434 146.119041696107 131.772416156765 444.216718489307
1637000 166.233637584478 146.223634464129 132.191142676998 444.648414725605
1638000 166.259434506754 145.822300975885 133.164920854238 445.246656336877
1639000 166.811210252848 145.620566125204 132.934239727949 445.366016106001
1640000 167.146754682809 145.848877411827 133.183315815974 446.17894791061
1641000 167.531234361403 145.888381288792 133.326229567607 446.745845217802
1642000 167.706742438551 145.682979597193 133.321339220603 446.711061256347
1643000 168.001314503779 146.404320042355 132.363348420939 446.768982967073
1644000 167.712732896613 146.054272390287 132.938873309583 446.705878596482
1645000 168.235538645016 145.751252611116 132.894393700057 446.881184956189
1646000 167.318367782611 146.043639979828 133.211828724505 446.573836486944
1647000 168.16486560175 145.935475004285 132.830000279286 446.930340885321
1648000 167.904839953374 146.152117790215 133.057051344652 447.114009088241
1649000 167.71911022098 146.565282858346 132.634950287949 446.919343367275
1650000 167.880824611291 146.25067360492 133.406225354868 447.537723571079
1651000 167.953613910481 146.426265436441 133.935126077518 448.315005424441
1652000 168.588053465163 146.309212344797 133.830169202143 448.727435012103
1653000 167.824182190889 146.334791732267 133.777498395439 447.936472318595
1654000 168.450764504333 146.157244614266 134.114120900752 448.722130019351
1655000 168.48949709691 146.591085940528 134.324569089517 449.405152126954
1656000 169.082129666417 146.395231084886 133.680482721058 449.157843472361
1657000 169.200440985481 147.165089941379 133.469164709834 449.834695636695
1658000 168.943782248153 146.749265585995 133.620116959848 449.313164793996
1659000 168.828407617765 147.116160624671 133.498339432539 449.442907674974
1660000 169.265582099717 146.834036807793 133.899967479564 449.999586387074
1661000 169.071367592798 147.175827300791 134.390797511311 450.6379924049
1662000 169.57586722761 147.177640051324 134.540613047724 451.294120326658
1663000 169.541168766571 147.681970750583 134.708657105248 451.931796622402
1664000 169.449833833688 147.914448607009 135.260928050306 452.625210491002
1665000 169.868983836589 147.230906290145 135.348105353971 452.447995480706
1666000 170.130910695444 147.328894544423 135.508218007859 452.968023247725
1667000 170.505500761402 147.733050926629 135.288135736334 453.526687424366
1668000 170.01996817916 147.305899118228 135.437902675224 452.763769972612
1669000 170.718862708283 147.860221175715 136.007671068257 454.586754952256
1670000 170.476484506838 148.132554811199 136.624584675823 455.233623993859
1671000 170.999434872934 148.664967919205 137.244001664711 456.90840445685
1672000 170.879108876052 148.256000805596 137.243383558208 456.378493239857
1673000 171.09071467347 148.24140656085 137.158272838638 456.490394072958
1674000 171.204379253829 148.765967080218 137.365590541727 457.335936875775
1675000 171.113513650268 148.918364374636 137.107362611646 457.13924063655
1676000 170.90580075268 148.767318414842 137.188868045728 456.86198721325
1677000 171.744085773593 149.263392491241 137.486196683139 458.493674947973
1678000 172.212208966749 149.376180273544 137.5960730775 459.184462317794
1679000 172.049463921757 149.014228364003 137.59493388202 458.65862616778
1680000 172.561828501647 148.919412180268 138.147465212115 459.628705894031
1681000 172.744289289263 148.947650101542 137.773950894868 459.465890285674
1682000 172.829639277717 148.940236413823 137.86529733202 459.63517302356
1683000 172.691481639361 148.939044981631 137.435938045031 459.066464666023
1684000 172.798187419345 149.024257461134 137.648827846927 459.471272727406
1685000 172.358827831838 149.604948103344 137.691484670633 459.655260605815
1686000 172.891726859108 149.742731651685 138.218733106117 460.85319161691
1687000 173.440911470329 149.200841980218 137.447250971804 460.089004422351
1688000 172.626030062013 149.471180865712 137.911149028621 460.008359956345
1689000 173.696094348893 149.040269659961 138.098390058486 460.83475406734
1690000 173.595702883633 149.318218569071 137.816659676696 460.7305811294
1691000 172.842954860912 149.183692501943 138.064707141375 460.09135450423
1692000 173.463977546946 149.105156868397 137.892445440912 460.461579856256
1693000 173.94486856935 149.306720808679 138.077033338286 461.328622716315
1694000 174.457105036486 149.461656042166 138.276405484703 462.195166563355
1695000 174.79405922391 149.00476362242 138.111701998295 461.910524844625
1696000 174.68991286249 149.439626656545 138.129380810988 462.258920330023
1697000 175.27300255207 148.73610299561 137.957413242227 461.966518789907
1698000 175.501576081803 148.694112534912 138.110349491781 462.306038108497
1699000 174.700682827094 149.570283776798 137.898237284023 462.169203887915
1700000 175.185066211552 149.367265045701 137.983185039448 462.535516296701
1701000 175.620427559393 150.31061944674 137.398197153628 463.329244159761
1702000 176.084599600522 149.919673962734 137.763270867273 463.76754443053
1703000 175.662311885272 150.629261781896 137.840519266249 464.132092933417
1704000 175.501152904528 150.490752528258 137.99125706125 463.983162494036
1705000 176.088370435259 150.346019946226 138.584532208176 465.01892258966
1706000 176.091619494297 150.132046174693 138.694353923544 464.918019592535
1707000 175.514297732147 150.310346733348 138.60322446763 464.427868933125
1708000 176.436150390047 150.337232430252 138.868847533915 465.642230354214
1709000 177.116110920083 150.216454312897 138.956694229872 466.289259462852
1710000 176.699069250605 150.91182891186 139.097568681478 466.708466843944
1711000 176.602491400563 150.094848404869 137.959583352156 464.656923157588
1712000 176.315206450629 150.271047697067 138.447206152478 465.033460300175
1713000 176.504231768002 150.060355291657 138.557499431599 465.122086491258
1714000 176.779325257432 149.755195971225 138.95616618686 465.490687415517
1715000 176.567938813869 150.68859582026 139.663154976434 466.919689610563
1716000 176.566239348814 150.402101716869 140.071338127454 467.039679193137
1717000 176.593559996173 150.454561491722 140.002959427075 467.05108091497
1718000 176.638894415793 150.720253605328 138.893105962532 466.252253983653
1719000 176.256393226111 149.969369189853 139.551773192507 465.77753560847
1720000 177.038666139646 150.16707192037 140.098465576098 467.304203636114
1721000 177.495357573363 150.27100724437 139.547778236087 467.31414305382
1722000 177.262925080838 150.422707930437 139.650517587161 467.336150598436
1723000 177.341733180531 150.41202824105 140.067643728691 467.821405150272
1724000 177.516207873933 150.67985498758 140.169858866689 468.365921728202
1725000 177.879949626382 150.916113128635 140.40690197968 469.202964734696
1726000 177.653974031534 150.899502347209 140.846556122934 469.400032501677
1727000 177.528396197779 151.545793916608 141.214333508911 470.288523623298
1728000 177.762793983958 150.91696880161 141.233979639314 469.913742424882
1729000 178.060660748514 151.246626668866 141.27098649402 470.5782739114
1730000 177.362706360731 151.334926461619 140.437737781647 469.135370603998
1731000 178.481323512981 151.363029136162 140.787441380677 470.63179402982
1732000 178.718353374545 151.781576700081 140.574539978929 471.074470053555
1733000 178.709966414082 151.840372359057 140.693326945159 471.243665718298
1734000 178.546923616397 152.891856240234 140.872744884433 472.311524741065
1735000 178.938846300094 152.690177527261 140.703774088505 472.33279791586
1736000 178.662993845018 152.816516936919 140.728106009039 472.207616790977
1737000 179.415398983803 152.19659826815 140.670704061608 472.282701313561
1738000 179.193192296762 152.505649309098 140.744062973012 472.442904578872
1739000 179.268675898813 152.836199996449 140.98605071104 473.090926606302
1740000 178.949977534523 153.129142960258 140.724733887629 472.80385438241
1741000 179.345383990202 153.411654324509 140.602694453977 473.359732768688
1742000 179.184960716828 153.240634698754 140.22520794051 472.650803356092
1743000 179.469879272436 153.253071648939 140.432385690887 473.155336612261
1744000 179.934875785156 153.813217995292 139.973446144512 473.72153992496
1745000 179.805819108541 153.656118269629 140.248112488551 473.710049866722
1746000 180.536312488181 153.610895330196 139.919112908403 474.06632072678
1747000 179.593965580473 154.236513466384 140.083254415175 473.913733462032
1748000 180.401940830162 154.350620606427 140.716801349669 475.469362786258
1749000 179.992454331796 154.228961108289 140.561504288022 474.782919728107
1750000 180.185499456168 154.206456241256 140.575951453627 474.967907151051
1751000 179.803474304674 153.833017633291 140.539900416734 474.1763923547
1752000 180.307454779033 153.964596269805 140.444057018713 474.716108067551
1753000 179.570206448264 154.219160198117 140.915810368345 474.705177014726
1754000 179.908473707585 154.251259360678 141.289970738319 475.449703806582
1755000 180.808980893998 154.391120704629 140.899070698989 476.099172297617
1756000 180.653775477325 153.687079631266 141.871761396897 476.212616505488
1757000 180.855572780279 153.852767762226 141.912217552008 476.620558094513
1758000 180.789050625085 153.494895009412 141.965590597542 476.249536232039
1759000 180.918331281674 153.423054074926 141.652191565557 475.993576922157
1760000 181.0008757919 153.855808012805 141.787889832584 476.644573637289
1761000 181.149398834674 153.914926134028 141.799319257968 476.86364422667
1762000 181.271690976324 153.880476547042 141.788051468259 476.940218991625
1763000 181.142617061269 154.136980035632 141.746107801159 477.02570489806
1764000 180.906265506885 153.897166957876 141.937690635602 476.741123100363
1765000 180.554290412891 154.573656931426 141.307797864541 476.435745208858
1766000 181.438502866095 154.382883629375 141.019594730381 476.840981225852
1767000 180.633081979123 154.816771393443 141.500291061384 476.95014443395
1768000 180.721178681088 154.269335280769 141.424984168336 476.415498130193
1769000 180.903797455392 154.379043268763 141.778117907055 477.06095863121
1770000 180.732053520318 154.485986049953 142.337928773538 477.555968343809
1771000 181.171202490602 154.918687907963 142.733737525843 478.823627924408
1772000 182.085352340451 154.441283542991 142.926321808818 479.452957692259
1773000 182.016531161118 155.06430211319 142.929931815373 480.010765089681
1774000 181.832156781277 155.949665650367 143.576894531959 481.358716963602
1775000 180.870573534124 155.843373827334 143.444903018851 480.158850380309
1776000 181.760364810949 155.721119621976 142.776175584108 480.257660017034
1777000 181.41777925994 155.867824938167 142.607251893192 479.8928560913
1778000 181.724434827187 155.996272981277 143.236266350037 480.956974158501
1779000 181.786300213019 156.501177667539 143.682091491736 481.969569372293
1780000 181.573782620978 156.956749213323 144.373549242005 482.904081076306
1781000 181.749801863195 157.053930090332 143.89824487707 482.701976830597
1782000 182.56539007032 156.100747345111 144.385212996493 483.051350411924
1783000 182.349188730947 156.280680725348 145.41266191429 484.042531370585
1784000 182.125606746958 157.306084172851 144.948668159363 484.380359079172
1785000 182.689837849354 157.372896987157 144.52551961592 484.58825445243
1786000 182.930344984335 156.834364911589 145.052781560774 484.817491456699
1787000 181.993764038618 157.959876716081 144.858559261551 484.812200016251
1788000 183.841613152539 157.148648367362 145.786659819076 486.776921338977
1789000 183.320480226273 157.494050509186 145.242588137816 486.057118873274
1790000 183.948114339366 157.050455143248 146.004203922993 487.002773405607
1791000 184.44540977216 157.065646149759 146.073804135685 487.584860057605
1792000 183.538143243249 156.961079059872 146.096184313901 486.595406617022
1793000 184.034541594324 157.703211548688 145.41368284694 487.151435989952
1794000 184.149190087022 157.231067561282 145.484766736578 486.865024384883
1795000 184.250919512951 156.996477518685 145.697433051849 486.944830083484
1796000 184.407627947632 157.738480205722 145.438384230633 487.584492383987
1797000 184.630950016244 156.681724464179 146.020922995326 487.333597475748
1798000 184.468633364303 157.529985794316 146.150173197686 488.148792356306
1799000 184.833503166061 157.379220492074 145.880408688592 488.093132346727
1800000 185.038420268062 158.263112658071 145.806436673405 489.107969599538
1801000 184.986933177175 158.372951317082 146.741712923059 490.101597417316
1802000 185.085492176722 158.342748553212 146.686956625189 490.115197355123
1803000 186.267445964855 158.446683961383 146.212593470245 490.926723396483
1804000 185.655667927364 159.038251459044 145.36734433553 490.061263721938
1805000 186.467407140909 158.983380285781 145.803474232729 491.25426165942
1806000 186.022041235869 159.171467583365 146.470130936481 491.663639755714
1807000 186.029888432727 158.920558473573 146.154613373406 491.105060279706
1808000 186.794170370459 159.29801207829 145.75754817165 491.849730620398
1809000 186.814668543707 159.98903720723 146.517860438428 493.321566189365
1810000 187.135585232489 159.801130930747 146.070391206536 493.007107369773
1811000 186.433788565297 160.291807838707 145.951560099172 492.677156503176
1812000 188.311887340302 159.726088547459 146.316819206373 494.354795094134
1813000 187.277956561792 160.170513313352 146.673784066777 494.122253941921
1814000 188.068108144664 159.400788114567 146.232104224019 493.701000483251
1815000 187.898149510521 160.094378486229 146.780467116715 494.772995113466
1816000 188.927086626449 160.009754052434 146.551943013815 495.488783692697
1817000 188.025842660387 160.139916326355 147.144005078146 495.309764064888
1818000 188.428074060642 160.127516588639 147.2708735995 495.826464248781
1819000 188.795316547319 160.599128002814 146.554855055171 495.949299605305
1820000 188.543156372522 160.439966843385 147.233178500372 496.21630171628
1821000 188.665418286075 160.639577514465 147.136300860626 496.441296661165
1822000 188.082462738949 160.505628008309 147.648434591873 496.236525339131
1823000 188.792749596528 160.147303791505 147.946969831716 496.887023219749
1824000 188.548648783184 159.864288572403 148.236980887811 496.649918243398
1825000 188.971874213311 160.04327724635 147.625510483384 496.640661943045
1826000 188.395183287827 160.07664560768 147.522529392414 495.994358287921
1827000 189.747309726984 160.252556341374 148.215582271409 498.215448339767
1828000 189.459028927242 161.154091474517 148.42825354371 499.041373945469
1829000 189.264313112518 160.908821638915 148.893575014737 499.066709766169
1830000 189.271538273056 160.994461816784 148.208523374392 498.474523464233
1831000 190.075106456298 161.075844543556 148.100546174421 499.251497174276
1832000 189.268986074661 161.26406844944 148.443665468933 498.976719993034
1833000 190.609224887378 161.342863179651 148.097292792305 500.049380859334
1834000 191.194263588391 161.378183494223 147.803739802419 500.376186885033
1835000 190.342382496573 162.265403134553 148.742293470835 501.350079101962
1836000 190.321139541715 161.633722067102 148.347381872441 500.302243481258
1837000 190.483056993505 161.622928104663 149.168250607091 501.274235705259
1838000 191.038625938236 161.717324553362 149.38334485865 502.139295350248
1839000 191.727483275778 161.182238521048 149.440018029521 502.349739826347
1840000 190.855573603402 161.553662083787 149.210105203964 501.619340891153
1841000 191.068639451431 161.407728526613 149.519514781505 501.99588275955
1842000 190.249735703339 161.337315717518 149.404041194309 500.991092615166
1843000 190.587805622903 161.215495425755 149.251064214107 501.054365262764
1844000 190.085526620056 161.26119877208 149.886618609933 501.233344002069
1845000 190.739913054629 161.500129487501 148.927591475088 501.167634017218
1846000 190.383332611071 161.727682066197 149.552986642279 501.664001319547
1847000 190.807458370981 161.033342049893 149.607253822443 501.448054243317
1848000 190.582927927934 160.918635485538 150.342334445537 501.843897859009
1849000 191.048519005006 161.078538266002 150.107459350292 502.234516621299
1850000 191.065807080533 160.959083623778 149.646640107132 501.671530811443
1851000 190.528251460977 161.320132563951 150.17529521002 502.023679234948
1852000 190.887263831438 161.127224880168 150.089126499591 502.103615211197
1853000 190.94830927574 161.369199858174 149.980495357407 502.298004491321
1854000 191.265071370768 161.259150905689 150.082728868841 502.606951145297
1855000 191.236285829341 161.346418943577 150.483120445762 503.06582521868
1856000 190.997537496953 160.861595125228 150.595740240183 502.454872862363
1857000 191.103571585715 161.264300892166 151.261901233107 503.629773710988
1858000 191.973211085064 160.883034329473 151.320898849329 504.177144263866
1859000 191.697243876131 161.295807138836 151.176054553837 504.169105568803
1860000 191.771454143313 161.824741148096 150.56526657122 504.161461862629
1861000 192.067482541145 161.971276907886 151.124130000259 505.162889449291
1862000 191.371107492605 161.633161882579 151.27894888479 504.283218259974
1863000 191.991085553716 162.247538462101 150.933687400476 505.172311416293
1864000 191.828867194825 162.491582782558 151.268725066756 505.589175044139
1865000 192.19926852496 163.01178257203 151.270869852895 506.481920949885
1866000 191.754569733875 163.405355584738 151.558707932965 506.718633251578
1867000 191.956582166084 163.604129350132 151.938487672738 507.499199188954
1868000 191.959751011583 163.721569775296 151.811805209829 507.493125996708
1869000 193.445628574311 163.295224041128 151.742085922319 508.482938537759
1870000 193.129602547211 162.321996251903 152.137506403158 507.589105202272
1871000 194.021170199245 163.394022520712 151.689100574598 509.104293294554
1872000 193.708316600333 162.715526631592 152.007765986826 508.431609218751
1873000 193.502990640806 163.408009504907 152.227032559371 509.138032705084
1874000 193.647730664597 163.463554611135 152.827736911244 509.939022186976
1875000 194.639583086743 163.189033073324 152.048180475878 509.876796635945
1876000 194.281684669916 163.493962680113 152.931489159269 510.707136509297
1877000 194.199341073537 164.086605964333 152.588443691456 510.874390729326
1878000 194.576381153165 164.020548130872 152.688322851129 511.285252135166
1879000 194.309675676555 163.615147223556 152.738807334018 510.663630234129
1880000 194.888910479194 163.57844316298 151.978591347105 510.445944989278
1881000 194.466294288536 163.783880382078 153.516885228264 511.767059898879
1882000 195.107737356772 164.264123004083 152.979570843806 512.351431204661
1883000 195.652432669133 163.81944807438 153.685545651429 513.157426394942
1884000 195.500433733706 164.279502884228 154.265667193626 514.045603811561
1885000 194.797931906413 164.182728035771 153.733696293341 512.714356235525
1886000 195.61968394744 163.966113019329 153.870760471106 513.456557437876
1887000 195.222670115295 164.784551474286 154.537921017306 514.545142606887
1888000 195.944913496336 164.298791298642 154.509966245504 514.753671040483
1889000 196.938691516648 164.062036617941 155.097870101587 516.098598236176
1890000 196.387863216598 163.953517578659 155.63278766246 515.974168457716
1891000 195.787679407137 163.789026999655 154.899058751651 514.475765158444
1892000 195.485416280456 164.286123916785 155.195517101193 514.967057298435
1893000 195.788515854661 164.197548597956 155.741940147008 515.728004599625
1894000 196.474433311617 164.066166159204 156.07308188507 516.61368135589
1895000 196.238829099157 164.411951035872 155.804284699904 516.455064834933
1896000 195.538364449089 164.213350803595 156.379064386447 516.130779639131
1897000 196.348459407401 164.17533303723 156.498193055333 517.021985499965
1898000 196.263506690593 163.635429745498 156.187637153772 516.086573589863
1899000 196.436761217831 164.502292336465 156.262246294359 517.201299848656
1900000 197.172957783344 165.119912598294 156.575451720903 518.868322102541
1901000 197.208136219598 164.158559849835 157.143405095703 518.510101165137
1902000 197.234734551916 164.248793981384 156.400988593039 517.884517126339
1903000 197.776657350093 164.370434403706 157.363540798645 519.510632552443
1904000 197.705062149696 165.293380571447 157.107772069231 520.106214790373
1905000 197.135625258697 166.017862420196 157.46998322684 520.623470905732
1906000 197.398317553623 165.619141781602 156.991041754009 520.008501089233
1907000 197.222104349087 166.472559159229 157.220147286793 520.914810795108
1908000 197.433340256482 166.858726777023 157.105680408114 521.39774744162
1909000 198.2604556546 166.386691866946 157.805608888269 522.452756409816
1910000 197.6763175522 166.048774791934 158.044404961069 521.769497305203
1911000 197.899406523626 166.704999136414 157.736699957934 522.341105617974
1912000 197.374686553345 165.844813733711 158.245184921546 521.464685208603
1913000 198.018585021657 166.707573670116 158.043393554969 522.769552246742
1914000 197.774493398749 166.417006252062 157.863359942822 522.054859593633
1915000 197.881259508687 166.774760661362 157.858671328241 522.514691498289
1916000 198.304353181946 166.771699344564 158.227678986531 523.303731513041
1917000 198.214647369479 166.844178156254 159.082203737293 524.141029263026
1918000 198.369346394507 167.412622686934 158.974647576907 524.756616658349
1919000 197.77166531756 167.932393056323 159.094431812133 524.798490186016
1920000 198.665059271553 167.447051846796 159.199551206919 525.311662325268
1921000 199.087893203982 167.484749507092 159.793806588043 526.366449299118
1922000 199.397234217219 167.60446205015 160.184179896007 527.185876163376
1923000 199.380578791206 167.996525529882 160.907000558917 528.284104880005
1924000 199.182670751884 167.580752711231 159.900757816895 526.66418128001
1925000 199.892763445739 167.734777395144 160.097795433124 527.725336274007
1926000 199.445542555102 167.729049217745 160.4252629279 527.599854700747
1927000 199.776744418262 167.748090767923 159.879149746461 527.403984932646
1928000 199.574735464587 167.871830116919 160.466551250707 527.913116832213
1929000 200.201022421372 167.738993976989 160.74271041963 528.68272681799
1930000 200.314177205447 168.217706500804 160.863146448013 529.395030154265
1931000 201.454391297435 167.836968501144 161.156674775006 530.448034573585
1932000 200.404957094713 168.080667905661 161.199205683337 529.684830683711
1933000 200.972314754321 168.721435693001 161.922185869169 531.615936316491
1934000 201.295994803419 168.608351965166 161.383928600782 531.288275369367
1935000 202.247830111189 168.240014241016 161.764578960798 532.252423313003
1936000 202.282974371475 168.543382276625 161.453193957497 532.279550605598
1937000 202.213110254167 169.040732469339 161.975221506622 533.229064230128
1938000 202.240052820669 168.565717832591 162.502847626502 533.308618279762
1939000 201.999531412107 169.164041151779 162.122009162319 533.285581726205
1940000 202.423439936664 168.533403461848 161.84784449669 532.804687895202
1941000 202.185925428746 169.159463926688 162.120753819917 533.46614317535
1942000 202.954353668512 169.496138886596 161.890751391333 534.341243946441
1943000 203.007324978754 170.041765059732 162.358027230054 535.40711726854
1944000 202.926781460152 170.271395488396 162.049410978589 535.247587927137
1945000 203.044747113385 170.134481546633 162.457734925117 535.636963585135
1946000 203.69351077167 170.597922756014 162.806887009299 537.098320536984
1947000 202.762149546434 170.096600190388 162.022179139638 534.88092887646
1948000 202.477553717953 170.612377315003 162.930542923492 536.020473956448
1949000 203.188805181177 169.924450510561 162.210461354245 535.323717045984
1950000 203.480674134399 169.861411349027 162.317659072787 535.659744556214
1951000 203.278916059959 169.798494069601 162.809884974274 535.887295103834
1952000 203.416835560412 169.680697651322 163.202629299433 536.300162511167
1953000 204.005147463274 169.909939454175 163.268334273488 537.183421190937
1954000 203.804368208493 169.73129694319 162.844212223111 536.379877374793
1955000 203.146719307723 170.007584209751 162.352431628116 535.50673514559
1956000 203.16765072516 169.908897562423 162.071206382365 535.147754669948
1957000 203.268597931645 169.278667078335 162.67676056527 535.22402557525
1958000 203.605361092106 169.632340243371 163.142426931419 536.380128266896
1959000 203.132315068321 170.037659110807 163.658723270762 536.828697449889
1960000 203.341451595002 170.243646001506 163.342975980178 536.928073576687
1961000 202.977984161502 170.176643543368 163.522486302745 536.677114007616
1962000 203.791095441293 170.121529751751 163.632243769668 537.544868962712
1963000 203.778229918672 170.435256699668 163.063158408026 537.276645026365
1964000 203.385790025542 170.755695485773 163.674497143152 537.815982654468
1965000 203.128016910405 170.131972927477 163.39047762514 536.650467463022
1966000 203.919204934796 170.456179449417 163.942486406537 538.317870790749
1967000 203.451348536403 170.665159609946 164.13915143969 538.255659586039
1968000 203.85754351087 170.880025068233 164.718846409403 539.456414988506
1969000 203.980672925049 170.716756279856 164.498569194094 539.195998398998
1970000 204.346477372252 170.596905129617 165.077740312924 540.021122814793
1971000 204.137136414517 170.754018840095 164.833183330378 539.72433858499
1972000 203.812139736467 170.600517717319 164.73127910382 539.143936557605
1973000 203.984294139388 170.77688039549 165.435117338361 540.196291873238
1974000 204.164523706968 171.163984633591 166.069823869017 541.398332209576
1975000 203.837888670152 171.546014022154 165.68247768988 541.066380382187
1976000 204.001591406854 171.006353241865 166.257815223481 541.2657598722
1977000 203.899850063955 171.187266450467 165.764930788427 540.852047302849
1978000 204.586410464323 171.013503339539 165.540343169616 541.140256973478
1979000 204.16957957307 171.392643929798 166.030832415635 541.593055918503
1980000 204.833816949397 172.410828547251 165.51344766069 542.758093157339
1981000 204.998844820995 171.615455617238 165.907881157454 542.522181595687
1982000 204.474323711258 171.620698258507 166.992272088602 543.087294058366
1983000 205.183413701882 172.049617962045 166.203108290601 543.436139954528
1984000 205.145722926259 172.549102423198 167.029575619777 544.724400969234
1985000 205.42368466169 172.505221121407 167.491913409707 545.420819192804
1986000 205.228437492094 172.35028238998 167.271914173645 544.850634055719
1987000 205.439858532779 172.435603232695 167.237976057121 545.113437822595
1988000 205.813738068111 172.955143993579 167.900412112089 546.669294173779
1989000 205.575808520351 173.256894264319 167.750811832373 546.583514617043
1990000 206.123801565951 173.205474403573 167.186541257393 546.515817226917
1991000 206.155374580889 172.780285651563 167.493727681127 546.42938791358
1992000 206.479740430427 173.306904774198 167.416587114072 547.203232318698
1993000 206.274328352861 173.475149301575 167.084161559585 546.833639214021
1994000 206.26177929201 174.69126679652 167.4712002961 548.42424638463
1995000 206.276442612867 175.405254031168 167.71742786423 549.399124508266
1996000 207.219394171366 174.234814842556 166.816715602354 548.270924616276
1997000 207.145372299456 174.408643334437 167.866531165148 549.42054679904
1998000 207.132994935893 174.464506819388 167.768247838646 549.365749593927
1999000 207.750741245378 175.468662264334 167.78512900439 551.004532514102
2000000 208.390697428016 174.459878431973 167.776442045822 550.627017905812
2001000 207.798035682681 174.747675524234 168.647401764055 551.19311297097
2002000 208.172886857178 174.195734121564 169.040489353014 551.409110331755
2003000 207.602751037752 174.453425535491 169.107039574297 551.163216147541
2004000 207.642126516497 174.134745798021 168.561586768672 550.33845908319
2005000 207.402032238015 174.221057124777 169.198018576955 550.821107939747
2006000 207.461664874395 174.196433086092 169.092345985274 550.750443945761
2007000 207.952155780791 173.6892816406 169.40561965914 551.047057080531
2008000 207.450322147132 173.959942391942 169.651782652629 551.062047191703
2009000 208.462700089481 174.763597828662 169.90005629946 553.126354217603
2010000 207.977064903328 174.267457037343 170.349424162295 552.593946102966
2011000 208.335545460133 175.109908763393 170.41730265577 553.862756879296
2012000 208.720960625752 175.06106833905 170.450765991002 554.232794955804
2013000 208.682376375409 175.846364606281 171.221681038363 555.750422020054
2014000 209.89380336341 175.509625046717 170.309290273619 555.712718683745
2015000 209.761982844489 175.847749593081 171.439912910417 557.049645347988
2016000 209.856222228151 175.677952959535 171.298531091293 556.832706278978
2017000 210.738822738532 175.654992200964 170.671074903507 557.064889843003
2018000 210.355021895029 175.793331737286 170.268259461694 556.416613094009
2019000 210.243324213152 175.516817183165 170.971706453427 556.731847849744
2020000 210.79828444023 175.364470549872 171.71355037944 557.876305369542
2021000 210.667786728938 175.656820979312 171.587635355864 557.912243064114
2022000 210.303526748396 175.497914831495 171.988287323858 557.789728903748
2023000 211.031434420448 174.95010664701 172.407486986325 558.389028053783
2024000 210.956033636489 175.224176357496 172.623223264138 558.803433258122
2025000 211.168359892782 175.355466526836 173.034176613087 559.558003032705
2026000 211.16487247654 175.674958114882 173.24252490008 560.082355491502
2027000 211.244188009923 176.485601443999 173.390738864094 561.120528318016
2028000 211.448783889598 175.902823044302 173.173313459434 560.524920393334
2029000 212.359218767405 176.471849402154 173.170431234272 562.001499403831
2030000 212.637412813466 176.652265637026 173.662698148124 562.952376598616
2031000 212.753214961677 176.925057430763 173.902834840677 563.581107233117
2032000 212.865554734554 176.867993262228 173.652799868651 563.386347865433
2033000 213.9840289187 177.166953559696 173.966748477059 565.117730955455
2034000 213.725105426282 177.538466109577 173.407059917136 564.670631452995
2035000 213.702742521351 177.62214166688 173.304586335176 564.629470523407
2036000 213.367364376329 177.250724010003 173.768281372201 564.386369758533
2037000 214.284012398154 177.2772455453 173.893726931389 565.454984874844
2038000 214.639080706055 176.94824857432 173.095979790628 564.683309071003
2039000 214.17671164528 176.819563987343 173.551152863008 564.547428495631
2040000 214.280747263805 177.251771279528 173.830468970875 565.362987514208
2041000 214.404393801627 176.815309940233 173.895947601373 565.115651343233
2042000 214.195208845875 177.460908685884 174.071992183366 565.728109715124
2043000 213.734968500002 177.322867672333 173.672936203341 564.730772375677
2044000 214.110293950823 176.937042840542 173.712412013698 564.759748805063
2045000 214.539023857983 177.234536894797 173.537896478854 565.311457231635
2046000 214.783597293547 177.393976157429 174.025705515526 566.203278966502
2047000 215.109871724956 177.239440733214 174.515507884245 566.864820342415
2048000 216.238557327936 177.226648041091 174.176987947459 567.642193316486
2049000 215.010180998608 178.116012306353 174.280622863244 567.406816168205
2050000 215.438026573975 178.079497427312 173.853841763316 567.371365764603
2051000 215.537293368793 177.938246161773 174.171555991073 567.647095521639
2052000 215.187594516961 178.777055188673 174.307880172622 568.272529878255
2053000 215.309117848921 177.540665816396 173.895138432904 566.744922098222
2054000 214.77173692589 178.693523893765 173.955407857422 567.420668677076
2055000 215.310097477429 178.342266815697 174.452103666481 568.104467959606
2056000 215.805559382656 178.049768506702 174.686197014484 568.541524903842
2057000 214.745410642864 178.400694302917 174.002411332134 567.148516277914
2058000 215.687500593508 178.741951039238 174.615538015289 569.044989648034
2059000 216.104390697533 178.974614270191 174.764185170135 569.843190137859
2060000 215.850639546622 178.654101130497 174.721797215221 569.22653789234
2061000 216.443478185624 178.550905448833 175.000048586133 569.994432220589
2062000 217.095975636199 179.369706226743 174.709112328707 571.174794191649
2063000 217.419187283362 179.497699861494 175.278800351408 572.195687496264
2064000 217.743978585122 179.023956596232 175.132924398914 571.900859580267
2065000 217.778258785414 179.74472754539 175.563189926023 573.086176256827
2066000 217.556133765754 179.548570924559 175.516964404333 572.621669094646
2067000 218.062088452022 179.503616551202 174.904194132986 572.469899136209
2068000 217.827674438596 178.587239587947 175.253329880787 571.66824390733
2069000 217.991228635632 179.10678680938 175.523737687998 572.621753133009
2070000 219.167352568109 179.5656449171 175.414858664315 574.147856149524
2071000 218.29188992972 179.614899054423 175.935533844245 573.842322828388
2072000 219.206646265823 179.489250206168 175.904645240957 574.600541712948
2073000 218.306752620597 179.58003844979 175.599109865113 573.485900935501
2074000 219.401367413161 179.881089323109 175.576711815339 574.85916855161
2075000 219.410114654227 179.969150243669 175.856828111156 575.236093009052
2076000 219.694005172097 179.708825484591 177.008799705098 576.411630361786
2077000 219.710282876921 178.787467427179 176.010428152487 574.508178456587
2078000 219.605953134453 180.183443523798 176.159240653619 575.94863731187
2079000 219.920416758591 179.479568801944 176.085075932858 575.485061493393
2080000 220.081827522903 179.774971252488 175.756121637213 575.612920412603
2081000 220.046105436939 179.594012537971 175.671335308694 575.311453283604
2082000 220.400110083066 180.86663443875 175.53060646865 576.797350990466
2083000 219.850674562912 180.521524731822 175.986424311251 576.358623605985
2084000 220.557198541786 180.899818278513 175.085236578445 576.542253398745
2085000 220.577376235078 180.400145666726 175.401511994576 576.379033896379
2086000 220.789211482699 180.304536608118 175.520407807826 576.614155898643
2087000 221.491731324769 180.908895087833 175.183164879796 577.583791292398
2088000 221.138045356886 180.397108386386 175.581116835822 577.116270579094
2089000 221.088778097002 179.999563753093 175.725028169053 576.813370019149
2090000 221.470165783942 180.105903018478 175.605444995312 577.181513797732
2091000 220.573819927895 180.468302687264 176.265893289731 577.30801590489
2092000 221.490760320993 180.493638364121 175.820037938473 577.804436623587
2093000 221.629144284266 180.754972018865 176.599226950117 578.983343253248
2094000 221.673696063347 180.95432466973 176.37148993591 578.999510668987
2095000 221.886825672863 181.423027074762 176.301632723403 579.611485471027
2096000 221.57440910717 180.748758753591 176.340863449493 578.664031310254
2097000 221.898160349826 181.853495260809 176.418996231447 580.170651842082
2098000 222.032287647274 181.793875256736 176.551485930566 580.377648834576
2099000 222.733438325303 181.737449719775 177.084660295343 581.555548340422
2100000 222.149686054103 181.85375573132 176.361807274566 580.365249059989
2101000 222.474849941771 181.715936751024 177.003729791581 581.194516484377
2102000 221.485941985367 181.690493508033 176.717542171893 579.893977665293
2103000 222.214207962262 182.105089500098 176.667757457222 580.987054919582
2104000 221.586114427291 182.184274127457 177.101773974601 580.872162529349
2105000 221.486955557191 181.487121394008 177.36175531659 580.33583226779
2106000 221.685384634891 182.479887402703 177.102613422476 581.26788546007
2107000 222.555700612959 182.477282480213 177.618950746312 582.651933839484
2108000 221.434097861446 182.224498222742 177.48623014238 581.144826226569
2109000 222.396813913401 182.679870155537 176.823095491639 581.899779560577
2110000 221.31688661852 182.550098774634 176.956358752448 580.823344145602
2111000 221.778581162338 183.40776973646 177.441639064231 582.62798996303
2112000 222.095911254613 183.418015088813 176.473992991164 581.987919334589
2113000 222.566722937772 184.002312733149 176.44652405601 583.015559726931
2114000 222.733644059257 183.740268842086 177.043492453428 583.517405354771
2115000 222.471311490326 184.676300728443 177.043675751505 584.191287970274
2116000 223.241527915984 184.310208078842 177.209487089541 584.761223084368
2117000 222.281382947127 183.952404208965 178.207702983951 584.441490140043
2118000 223.198929376883 184.40426266082 177.596816059512 585.200008097215
2119000 223.572340625681 184.032342809572 177.781428997231 585.386112432485
2120000 223.489656303466 184.062715288112 178.257158447409 585.809530038987
2121000 223.202943545764 184.755860489082 178.169257312406 586.128061347252
2122000 223.272255711942 184.852843439011 178.333798753597 586.45889790455
2123000 224.453015385049 184.925123646981 178.123575382881 587.50171441491
2124000 224.270378876158 184.927346068582 178.496528343511 587.694253288251
2125000 224.163681636145 184.776207475333 178.815382920788 587.755272032267
2126000 223.186806424829 185.228538728336 178.942626574721 587.357971727885
2127000 223.742363670524 184.915890261684 179.615521227069 588.273775159277
2128000 223.157622125345 185.656085757353 179.16068958055 587.974397463248
2129000 223.680321315869 185.235243132897 180.127688258581 589.043252707347
2130000 223.197911846814 184.747829012644 180.247175700965 588.192916560423
2131000 223.189491147351 185.564494789715 180.218730878165 588.97271681523
2132000 222.8570212131 185.31182134406 179.864679005437 588.033521562598
2133000 222.887912832448 186.076990835105 180.814081190506 589.778984858059
2134000 223.026951827974 185.776874976757 180.890853105649 589.69467991038
2135000 223.831483883824 186.115217453691 181.010614011753 590.957315349268
2136000 223.881327112808 185.758783655009 181.15088124819 590.790992016007
2137000 224.389026914069 186.547256393389 181.307506431828 592.243789739285
2138000 224.502095714667 186.477533604108 180.587018146063 591.566647464838
2139000 223.616470097248 186.997278450439 181.320426990141 591.934175537828
2140000 223.848347554798 187.208365479308 181.613055810265 592.669768844371
2141000 222.93471104848 187.047656975174 181.504072761442 591.486440785096
2142000 224.380960318933 186.668116448731 181.590293587844 592.639370355508
2143000 223.764247499506 186.71993165757 181.653654697615 592.13783385469
2144000 224.954690562445 187.240416843325 182.28490350214 594.48001090791
2145000 225.571597256536 187.172013019067 182.530513936382 595.274124211985
2146000 224.654941851579 187.551627200449 182.616141832213 594.822710884241
2147000 224.565453509008 187.479651429155 182.619992975908 594.665097914071
2148000 225.964578646606 186.674414275276 182.729102712215 595.368095634096
2149000 225.400783188344 187.753591018283 182.7098253776 595.864199584227
2150000 225.80610194615 188.107523569316 183.688048907619 597.601674423086
2151000 225.90602244329 187.377409988683 183.438747456968 596.722179888941
2152000 225.21378423517 188.154313134435 182.928897804393 596.296995173998
2153000 225.45093616495 188.501682649784 182.990066886544 596.942685701278
2154000 225.877713537398 187.739228140924 183.021185460411 596.638127138733
2155000 225.41485209902 188.49770950758 182.331057502562 596.243619109162
2156000 225.846089918791 187.87275473679 182.89378888294 596.612633538521
2157000 226.418005243323 188.668919354448 183.292946053027 598.379870650799
2158000 226.268542726018 188.154874447408 182.844996888455 597.268414061881
2159000 226.144255700457 187.58844755631 183.0905493627 596.823252619467
2160000 226.984518537183 188.371806012097 183.212643274851 598.568967824131
2161000 226.396347657259 188.510677608235 183.075107996232 597.982133261727
2162000 226.474942006449 188.472649706366 183.513791234826 598.461382947641
2163000 226.127874067037 188.953575984358 183.57586860395 598.657318655346
2164000 226.5321496235 189.106946099506 184.523089489434 600.16218521244
2165000 227.087612468065 189.334672350782 184.997760912387 601.420045731234
2166000 226.699197171339 188.678733884504 184.847695491375 600.225626547218
2167000 227.238114755214 189.369549770156 184.421857455888 601.029521981258
2168000 226.949997353078 189.352595556773 184.939623420307 601.242216330158
2169000 226.998728652886 188.912763153972 184.933858357891 600.845350164749
2170000 227.258000246778 189.118875745061 184.825106475683 601.201982467521
2171000 227.328769719945 189.985295736365 184.445510151574 601.759575607885
2172000 227.280715444645 189.074050547172 184.612199713393 600.96696570521
2173000 228.234782687389 188.762232100433 183.911962186345 600.908976974168
2174000 228.370701427087 189.139935433832 184.592160221564 602.102797082483
2175000 228.21450366086 189.087345589416 184.732403383801 602.034252634077
2176000 228.218863941272 189.282104313936 184.850890171052 602.35185842626
2177000 228.527677629416 189.056415044124 185.038496290595 602.622588964135
2178000 229.138296029146 189.182736906245 185.155170105873 603.476203041264
2179000 228.342827602424 189.155498992505 184.807422793793 602.305749388723
2180000 227.98735569801 189.424705000065 185.347264706908 602.759325404983
2181000 228.07517752665 190.016971238588 186.366271056176 604.458419821415
2182000 228.46866868722 189.762901880702 186.420945110286 604.652515678207
2183000 228.141260796774 190.343207000919 185.957932213825 604.442400011519
2184000 228.906588674672 189.884120941071 186.018277624195 604.808987239938
2185000 227.991521207721 191.123399460166 186.322872198518 605.437792866404
2186000 228.860911800292 191.009834808865 186.398132852127 606.268879461284
2187000 228.419072500127 191.613387175655 185.773385478512 605.805845154294
2188000 228.983633236764 191.161906741389 186.758547387802 606.904087365955
2189000 229.36809518412 191.171055919917 186.992710031613 607.531861135649
2190000 229.803740357075 190.803294251448 187.103047345241 607.710081953763
2191000 229.779982912324 190.901425251574 187.171619675705 607.853027839602
2192000 229.896943867314 191.136666700461 187.477601600597 608.511212168372
2193000 230.939913404227 191.344851787957 187.217614765669 609.502379957853
2194000 230.503045716474 190.866449670543 187.647690647674 609.017186034692
2195000 230.849066846106 191.273447931757 187.75601896608 609.878533743944
2196000 231.079075858687 191.824746241157 187.673349995535 610.57717209538
2197000 231.693415555883 191.722028557914 188.231179474505 611.646623588301
2198000 231.374637996003 192.338868474095 188.87892169926 612.592428169358
2199000 231.9623348268 192.599247958757 188.932975412061 613.494558197618
2200000 231.27250240658 192.421210292728 189.266848945289 612.960561644597
2201000 232.681531453449 192.384548947048 189.213745245933 614.279825646431
2202000 232.874222732307 192.095198276519 189.168301770267 614.137722779093
2203000 232.354204082875 192.707934391131 190.206243596382 615.268382070388
2204000 233.06729294036 192.389104745311 190.884195698147 616.340593383819
2205000 233.195952371087 192.59164063374 191.314512222691 617.102105227519
2206000 232.0260592764 191.987800858549 191.822925293759 615.836785428708
2207000 232.113296872637 192.967732530286 192.042009446212 617.123038849135
2208000 231.7388002344 191.873903735718 192.830950646884 616.443654617002
2209000 232.339773537014 192.613367020887 192.275728336082 617.228868893983
2210000 232.499329604182 192.589387442212 192.587045016594 617.675762062988
2211000 232.097203747559 192.718210958746 192.505970932087 617.321385638392
2212000 232.07911346335 193.423430432172 193.054504059055 618.557047954578
2213000 232.195508235538 192.711809878545 192.324854223017 617.2321723371
2214000 231.823115038366 193.328905293808 193.444158511923 618.596178844097
2215000 232.076493951092 193.261387244579 192.350567595641 617.688448791312
2216000 232.337380567269 192.933356980503 192.625032205441 617.895769753213
2217000 231.985242033665 193.356006486496 193.299232329576 618.640480849737
2218000 231.369976086137 194.235357874124 193.794802348269 619.400136308531
2219000 231.36585780739 193.175734941673 193.989684392684 618.531277141748
2220000 231.088852391972 193.6052559046 193.631137403606 618.325245700178
2221000 231.262360874567 193.689897585901 193.895508637977 618.847767098445
2222000 231.436360795115 194.1690013195 193.86948655578 619.474848670395
2223000 231.776932256168 194.193214522596 194.220364694419 620.190511473183
2224000 231.293906393668 194.392034245431 193.928280304465 619.614220943564
2225000 232.168920362848 194.336076119732 194.93663011043 621.44162659301
2226000 231.95795763333 194.823705519214 194.870185494297 621.651848646841
2227000 231.300385098703 195.180944349714 194.111828503962 620.593157952379
2228000 232.18410837708 194.888118485218 193.996512193101 621.068739055399
2229000 231.55800477712 195.437578125108 193.766074647438 620.761657549666
2230000 232.098560077162 195.313959735464 194.119255434489 621.531775247115
2231000 232.049698910937 195.802847787535 194.020552859336 621.873099557807
2232000 232.316311764844 195.878090327266 194.328152056715 622.522554148824
2233000 231.962274886257 195.96176236731 193.627603384257 621.551640637824
2234000 232.50180149191 196.039500670361 194.257943067653 622.799245229923
2235000 232.71290556718 195.903720073413 193.485789898825 622.102415539417
2236000 233.536470778856 196.054749168525 193.65170843236 623.242928379741
2237000 233.928082821605 196.517129889136 193.481149038682 623.926361749424
2238000 233.404525096769 196.009251025451 194.174410012021 623.588186134241
2239000 233.08051302716 195.169722915669 193.453164605165 621.703400547994
2240000 233.280053193513 195.343312495463 193.900755110452 622.524120799427
2241000 233.69414382085 196.180848520771 194.011595766608 623.886588108228
2242000 232.780252872486 196.315909888982 194.705017332707 623.801180094176
2243000 233.23220968346 196.928834825869 194.75312775278 624.914172262109
2244000 232.94394757823 196.845868361314 194.895284527118 624.685100466662
2245000 233.598832405108 196.310827602087 195.333722683705 625.2433826909
2246000 234.44295001966 196.616958668114 195.941934175848 627.001842863622
2247000 234.46988161049 196.557856836808 195.915420133792 626.943158581091
2248000 234.970866529584 196.549382259377 195.674381993572 627.194630782534
2249000 234.847401203983 196.564169780481 196.973912077022 628.385483061486
2250000 234.839733161061 196.907262510008 196.77401898224 628.52101465331
2251000 234.555312598585 196.506505221714 197.11561869968 628.177436519979
2252000 234.993503782671 197.14376126666 197.276741753128 629.414006802459
2253000 235.213790506613 197.048688212804 197.333691076462 629.596169795879
2254000 236.240797281928 197.080260207686 197.73295498238 631.054012471994
2255000 235.739241707685 196.551022339653 196.91300530852 629.203269355858
2256000 235.701436300583 196.979320035506 197.794646057428 630.475402393517
2257000 234.506755605633 197.064866593628 198.000718714663 629.572340913924
2258000 236.159821047307 197.420864435646 197.529563039193 631.110248522146
2259000 236.033892588392 197.073121128002 198.105155121135 631.212168837529
2260000 236.73047093557 197.246408078873 199.153782995871 633.130662010314
2261000 236.722706408967 197.345478084628 199.005528236256 633.073712729852
2262000 237.472033319577 197.694123000165 199.817503603356 634.983659923098
2263000 236.91361266139 197.900759463943 199.19493108189 634.009303207223
2264000 237.4399815608 198.353220344024 199.835623489658 635.628825394482
2265000 238.001660933845 198.271657426972 199.543430492744 635.816748853561
2266000 238.417748607713 199.111194400096 200.096766950569 637.625709958378
2267000 238.253138326253 198.863108756885 199.269390389872 636.38563747301
2268000 238.396066274725 199.23257682422 200.174872751828 637.803515850773
2269000 238.883213527933 199.472415202049 200.685112885455 639.040741615438
2270000 238.823927853461 199.398101983821 200.497554590372 638.719584427655
2271000 237.876807912569 199.08889185257 200.528151865803 637.493851630943
2272000 237.672838984952 199.671694498768 201.430612609099 638.77514609282
2273000 238.111404496364 199.535549857924 201.378972625986 639.025926980274
2274000 238.159532099575 199.067809924351 200.996009187813 638.223351211739
2275000 238.10435284135 199.98590401076 202.084751423933 640.175008276043
2276000 239.448839496661 200.915813757029 201.419528242218 641.784181495908
2277000 239.237852095032 200.899729429431 202.418175075902 642.555756600365
2278000 239.363212883945 200.895704603717 202.190501655384 642.449419143046
2279000 239.785444394976 201.121305906293 201.931947378808 642.838697680077
2280000 239.276606701674 201.123008261507 202.400766752139 642.80038171532
2281000 239.550800890971 201.35942822486 202.402193622555 643.312422738386
2282000 240.556820384469 201.438068927729 202.425836742478 644.420726054676
2283000 239.93727018066 201.408410265658 203.030213416894 644.375893863212
2284000 240.115436470041 201.499955605217 202.680096649482 644.29548872474
2285000 240.317242763517 200.717451215354 202.655311966549 643.69000594542
2286000 240.557325005934 201.434011466714 202.443528149707 644.434864622354
2287000 240.42431924247 201.384205062806 202.773706448784 644.58223075406
2288000 240.119751652854 200.281413721659 202.048337117501 642.449502492014
2289000 240.820816400333 200.485738971205 202.498089291979 643.804644663517
2290000 240.393498663221 201.766413492656 202.605945093858 644.765857249736
2291000 240.654316867953 201.668520149986 202.38433449622 644.707171514159
2292000 240.394781713526 201.895017107883 201.811582996886 644.101381818294
2293000 241.20495434796 202.473113944461 202.603527190519 646.281595482939
2294000 240.365430170753 201.106267158587 202.967810430931 644.439507760271
2295000 240.118685452022 202.236511551154 203.251156091287 645.606353094464
2296000 240.243587661442 201.988530331347 203.235892705926 645.468010698715
2297000 240.637754764444 202.68915986446 203.504579827849 646.831494456754
2298000 241.329584186542 203.295102496174 203.365674493814 647.990361176529
2299000 241.435359999534 203.221979105372 202.804990479202 647.462329584108
2300000 241.760947231728 203.517612922948 202.92238490735 648.200945062026
2301000 242.242728886688 203.960923468573 203.276262634501 649.479914989761
2302000 241.489101152344 204.424906699996 203.203100289971 649.117108142311
2303000 240.922594023829 204.536027551933 203.728317225294 649.186938801056
2304000 240.995142517856 203.828672943532 203.271249676713 648.095065138101
2305000 241.176186831336 204.200281312889 203.267766647848 648.644234792073
2306000 240.69375207516 204.820189714064 203.884256903882 649.398198693106
2307000 241.325265850369 205.140446829358 204.060571328037 650.526284007764
2308000 240.895868128983 205.689122959429 203.29368103803 649.878672126441
2309000 241.084483468786 205.575067509899 203.789316692662 650.448867671347
2310000 240.921302718422 205.543911445837 203.492344236518 649.957558400778
2311000 241.878188884949 206.366884831175 203.696964268163 651.942037984287
2312000 241.300885351088 206.14335164045 203.734858580111 651.179095571649
2313000 242.051511849992 206.829590000123 203.759322048131 652.640423898246
2314000 241.585937848197 206.764604440319 203.022111090947 651.372653379463
2315000 241.10240669522 206.778625023598 203.453549733191 651.334581452009
2316000 241.103964161108 207.071041458699 203.293885643588 651.468891263396
2317000 241.461217736671 207.275489321581 203.639667804972 652.376374863225
2318000 242.39569581138 206.886234190041 204.376169644553 653.658099645974
2319000 242.548519128506 207.106701691883 204.401907750917 654.057128571306
2320000 243.171494186594 206.659158536496 205.031628137642 654.862280860732
2321000 243.464903310522 206.834386403023 204.882006379451 655.181296092996
2322000 243.715652986356 207.501634095084 204.874983976845 656.092271058284
2323000 244.106958325606 207.274000418424 204.171287113894 655.552245857924
2324000 244.306730496329 207.186486871056 205.061148910223 656.554366277608
2325000 245.136913776629 207.685028371227 204.490984587052 657.312926734909
2326000 245.567434041993 207.912376756901 204.402660600179 657.882471399073
2327000 245.207836180292 207.810761989214 204.871492876101 657.890091045608
2328000 244.95793871718 208.434983897248 204.921258429515 658.314181043943
2329000 246.034429763679 208.218225980958 205.254626490219 659.507282234856
2330000 245.041846270786 208.906177401446 204.904877417789 658.852901090021
2331000 246.274738422026 209.045739521186 204.02714213546 659.347620078673
2332000 246.409912005326 209.149244447183 204.043134336347 659.602290788856
2333000 245.78367041069 209.700973846175 204.226089968332 659.710734225197
2334000 246.029970498856 209.844145124367 205.005401248919 660.879516872142
2335000 245.728025266929 210.627256569863 205.067563850496 661.422845687288
2336000 245.935136148476 210.434991209336 205.762372093956 662.132499451769
2337000 246.157666701881 210.153115986979 205.454228001423 661.765010690282
2338000 245.729425909149 211.006257784037 205.054479437355 661.79016313054
2339000 245.838244027553 210.911560809125 205.659383625737 662.409188462415
2340000 245.01640861593 210.954348393507 205.931344136328 661.902101145765
2341000 245.093843776709 211.204659964663 205.997120122445 662.295623863817
2342000 245.315648831329 211.745238499628 206.267918562435 663.328805893393
2343000 245.781373161611 211.275459973443 206.447641758052 663.504474893107
2344000 245.44510208836 211.658018746977 205.853803820993 662.95692465633
2345000 245.358557972878 211.625575636659 206.14483971599 663.128973325527
2346000 246.051399247519 211.980995857417 207.359592979026 665.391988083963
2347000 245.771319795738 211.745871922164 207.629900451389 665.14709216929
2348000 246.570922913472 212.068330251162 207.299136847478 665.938390012112
2349000 246.331787203482 211.785667673004 207.303413633694 665.420868510181
2350000 246.58154208943 211.607111317778 207.259413448099 665.448066855307
2351000 246.633839450285 211.957189046062 208.447537403283 667.03856589963
2352000 247.447561260484 211.798670960898 208.955109623888 668.20134184527
2353000 247.035549462771 211.649505315726 208.964780252793 667.649835031291
2354000 247.521707381325 212.530108579584 209.105728050688 669.157544011597
2355000 247.805268779784 212.851207821305 209.810822747784 670.467299348872
2356000 247.475334670282 212.934976656462 209.304171449682 669.714482776426
2357000 248.637615549579 213.075843930961 210.606266457864 672.319725938404
2358000 248.895033370071 212.52503168751 209.637097038534 671.057162096115
2359000 248.878772653198 212.674864209243 210.227595132511 671.781231994951
2360000 249.199503435053 213.125771673995 210.876987216915 673.202262325963
2361000 248.571115351045 213.345287289699 209.948295000071 671.864697640815
2362000 248.811356482442 213.920988776151 210.479587263737 673.211932522331
2363000 248.59252164214 213.875746336928 210.552757790043 673.021025769111
2364000 248.959241911936 214.189403330222 210.748998007833 673.897643249991
2365000 249.190787118502 214.545087168858 209.985318388537 673.721192675898
2366000 248.607334401736 214.637153773224 211.464648397002 674.709136571962
2367000 248.883920399023 214.577949932531 210.129995207477 673.59186553903
2368000 247.98278891305 214.324827039844 211.385399776379 673.693015729273
2369000 247.632593838203 214.54323080395 211.319797632966 673.495622275119
2370000 248.28693722073 214.894698193344 211.373918884278 674.555554298353
2371000 247.761187984482 214.893309033166 210.96855672113 673.623053738778
2372000 247.788015380283 214.688583259211 212.147353936448 674.623952575942
2373000 247.413084961096 215.256586065288 211.070888894167 673.74055992055
2374000 247.763063392759 215.327452066274 212.251117652104 675.341633111137
2375000 247.625554945649 215.072307584476 212.317147715682 675.015010245807
2376000 248.007384564495 215.253882294826 211.989253991638 675.250520850959
2377000 247.938505585597 215.866936965872 212.716512864333 676.521955415802
2378000 248.53704605251 215.645917655687 212.177493346283 676.36045705448
2379000 248.484952485735 215.064916220764 212.738698617585 676.288567324085
2380000 249.132362816399 215.360280857937 212.049805103467 676.542448777803
2381000 249.99565351888 215.144919875003 211.603403136543 676.743976530426
2382000 248.688745571057 215.126083414924 211.907650998335 675.722479984317
2383000 249.236028360191 215.461446454609 212.281694943122 676.979169757922
2384000 250.150293625189 216.239617635053 211.012256626915 677.402167887157
2385000 249.871307747291 216.020056442572 211.382435646431 677.273799836294
2386000 250.616850297207 215.632495342302 211.821076462322 678.070422101831
2387000 250.879694019724 215.724754935492 211.413047950754 678.01749690597
2388000 250.677926432365 215.673035259127 212.014252764988 678.36521445648
2389000 251.121717688478 215.499950517239 212.316404982444 678.938073188162
2390000 251.664444128281 215.286840057505 211.7588489306 678.710133116385
2391000 251.499638600945 215.910000358034 212.541571035916 679.951209994895
2392000 253.122166554955 215.829180269304 211.963902127496 680.915248951755
2393000 251.927049750242 216.043865575555 211.940661383403 679.9115767092
2394000 251.454207943356 215.770867990767 212.061165901366 679.286241835489
2395000 252.642791164462 216.131895964106 211.88760103983 680.662288168398
2396000 251.776198922241 216.335377149501 211.99462981454 680.106205886283
2397000 251.131485374624 216.055181513538 212.644820735545 679.831487623708
2398000 251.361612507589 216.285899957581 212.353610705721 680.001123170892
2399000 252.001298238456 216.336849429494 212.975934259859 681.31408192781
2400000 252.041110795953 216.326221828944 211.58655912061 679.953891745508
2401000 251.587787712468 215.965555367489 212.198725993409 679.752069073367
2402000 251.375692976225 216.098215953515 212.869915876746 680.343824806487
2403000 251.930984278905 216.382197131145 213.146082223235 681.459263633285
2404000 250.357136830491 216.17237969516 212.520288902731 679.049805428383
2405000 251.914942230201 216.620928501605 213.173409915876 681.709280647682
2406000 251.763159074012 216.577947483176 212.849293783641 681.19040034083
2407000 252.633465312214 216.202408777623 213.292328622395 682.128202712232
2408000 252.42658807714 216.00526534556 212.986279138828 681.418132561528
2409000 251.995618921664 217.004125801573 213.457995013659 682.457739736895
2410000 252.542855237113 216.116054089744 213.5476051982 682.206514525057
2411000 252.517992748342 216.136902555097 213.212589110434 681.867484413873
2412000 253.22878480809 216.413006555814 213.305869610278 682.947660974182
2413000 253.97435617453 216.236772623891 213.008398101592 683.219526900013
2414000 253.094017335972 216.462874883106 213.134774593373 682.69166681245
2415000 253.954399883662 216.094231601396 212.658074414693 682.706705899751
2416000 253.957606678623 216.234205096379 213.257082206631 683.448893981633
2417000 254.465859898227 215.538694426578 213.490556144257 683.495110469063
2418000 254.82494491694 216.01760628711 213.301905486366 684.144456690416
2419000 254.430676022408 215.558057827491 214.50991419222 684.498648042118
2420000 254.561576558521 216.384122206038 214.151019585098 685.096718349656
2421000 255.225272444797 216.166935879806 213.955603531061 685.347811855664
2422000 255.750793193155 216.303106203539 213.72897028899 685.782869685683
2423000 255.122125045608 217.066233156943 214.507474921137 686.695833123688
2424000 255.317480608294 217.693653899744 215.083394074373 688.094528582411
2425000 255.24781005284 218.037419519634 214.887769317869 688.172998890343
2426000 255.383047168372 218.206416920686 215.07584765277 688.665311741828
2427000 256.779705875566 218.533320954042 214.935707972839 690.248734802447
2428000 257.447173688049 218.316434191436 215.768249912527 691.531857792012
2429000 257.01853150285 218.647422802424 215.997191281653 691.663145586927
2430000 256.619088927062 218.890306828879 215.614014049598 691.123409805539
2431000 256.810212327344 218.504704897062 215.334401791587 690.649319015993
2432000 256.580299451342 219.051034234069 215.811985639718 691.443319325129
2433000 257.01702869677 219.376349310283 215.38716157017 691.780539577224
2434000 257.876121519534 219.172451154034 216.073758063035 693.122330736604
2435000 258.011071284133 218.965022500977 215.749081868964 692.725175654073
2436000 258.076752625578 219.349480954829 215.257249668639 692.683483249046
2437000 259.281397835006 218.846423773288 214.988260914064 693.116082522358
2438000 259.185410573973 218.971793014993 214.955519051052 693.112722640018
2439000 260.274959482654 219.839896455895 214.908734983561 695.023590922109
2440000 259.366394869049 220.388708679302 215.013563873324 694.768667421674
2441000 258.842430759347 220.241368524734 215.122800249607 694.206599533688
2442000 259.301617784603 220.903175415915 215.032898796962 695.23769199748
2443000 258.812806320025 221.301255102617 215.570799933093 695.684861355735
2444000 258.304417452268 221.459324587711 215.840607455221 695.6043494952
2445000 259.022788672401 220.907566350581 215.53945228235 695.469807305332
2446000 258.876055776732 221.766605039411 216.132210243997 696.774871060139
2447000 258.645749786707 221.088750476398 217.426894316453 697.161394579558
2448000 259.355231052384 221.194374411955 216.638959990608 697.188565454947
2449000 258.422796344702 221.699892371471 216.008663872504 696.131352588676
2450000 258.91355870401 221.636979800632 216.890279609413 697.440818114055
2451000 258.652196346833 221.535414764628 216.419085878294 696.606696989755
2452000 258.996859701007 221.965411923604 216.81071648465 697.772988109261
2453000 258.245030255736 221.952480922059 217.147636230524 697.345147408319
2454000 259.353030153555 223.540180230312 217.051648080651 699.944858464518
2455000 258.629715451627 222.878861127066 217.004733638178 698.513310216871
2456000 258.751825248037 223.237687266911 216.821116717842 698.81062923279
2457000 258.38754750975 223.886790433552 216.855992150209 699.130330093512
2458000 259.903139418869 223.724496872318 217.733378004828 701.361014296014
2459000 259.624914595422 223.205964699493 217.516705082729 700.347584377643
2460000 258.554948864197 224.147319633291 217.417778893336 700.120047390824
2461000 259.114481757045 223.481146381367 217.041149347605 699.636777486017
2462000 258.45983020324 223.788773692505 217.217088709341 699.465692605086
2463000 257.919030579309 224.477336371141 217.365417602873 699.761784553322
2464000 258.829422971007 225.512386609784 217.323520827617 701.665330408408
2465000 259.393627754782 224.72892650925 217.106040502475 701.228594766506
2466000 259.09789341945 224.667384624657 217.891937564532 701.657215608638
2467000 259.247563612982 224.538931282145 217.822909169432 701.609404064558
2468000 258.690600391961 224.195389397199 217.430997878933 700.316987668093
2469000 259.00728528197 224.834481638107 217.307049875063 701.14881679514
2470000 259.198137385651 225.033317043479 217.59365733184 701.825111760971
2471000 258.972486525077 226.127702889183 217.293066398537 702.393255812796
2472000 259.235919775456 226.026698841487 217.548565121701 702.811183738643
2473000 258.847241044187 226.058670970785 217.457908382907 702.363820397878
2474000 259.425028171976 226.294008262452 217.54949687565 703.268533310078
2475000 259.266031286509 226.454513304511 217.886713808503 703.607258399523
2476000 259.799266035287 226.772336224248 217.769458298589 704.341060558125
2477000 259.732450515135 226.615713141046 217.796044024464 704.144207680645
2478000 260.612646007696 226.453451106675 216.864924458351 703.931021572721
2479000 259.925753248384 226.24079390444 218.117798331159 704.284345483983
2480000 261.018551438827 226.508178450706 218.461207408023 705.987937297556
2481000 260.602521818178 226.394102296861 218.522563034933 705.519187149971
2482000 260.865897702474 227.179401510422 218.303006489397 706.348305702293
2483000 259.82870141742 226.778423053708 217.666057164586 704.273181635714
2484000 260.545590532247 226.250507936935 217.604769634531 704.400868103714
2485000 260.81079645205 226.730119466046 217.263014886539 704.803930804635
2486000 260.524243597051 226.342602634292 218.056413705542 704.923259936886
2487000 261.039838902965 226.087885246014 218.775902029939 705.903626178918
2488000 260.967135158984 226.157831109635 217.279754490372 704.404720758991
2489000 260.944959240435 225.763164591818 217.718938867219 704.427062699472
2490000 261.464864807153 225.774819549144 218.249190598116 705.488874954413
2491000 261.83079139058 225.539425005554 218.197766678501 705.567983074636
2492000 261.61582010948 226.192540625726 218.551476938902 706.359837674109
2493000 261.575884460072 225.587280963286 217.973853975327 705.137019398685
2494000 262.488413989676 226.145666662159 218.122448829742 706.756529481577
2495000 261.31011276052 226.398349092348 218.337199878569 706.045661731437
2496000 262.560305627837 226.676983808379 217.946045902344 707.18333533856
2497000 263.054029195153 226.058683446389 217.763379331502 706.876091973044
2498000 263.069997798944 226.190044390268 217.690323208876 706.950365398087
2499000 262.730534963126 227.003238553011 217.877350735918 707.611124252055
2500000 263.090516767336 227.346557855442 217.925467632636 708.362542255414
2501000 263.894544152742 227.498456911215 218.125763293603 709.518764357561
2502000 264.697413648371 227.684136141337 218.150373477381 710.531923267088
2503000 264.374090099917 227.314986999496 219.572665811484 711.261742910898
2504000 265.167976965263 228.000576090417 218.700888169594 711.869441225274
2505000 265.184068409008 227.772264679871 219.222830692463 712.179163781341
2506000 264.890234365922 227.345882727495 219.468067366102 711.70418445952
2507000 264.593870030913 227.959111374236 219.137702610744 711.690684015894
2508000 265.745929626077 228.117714061976 218.796018284975 712.659661973028
2509000 265.547664004295 227.265636188155 218.893826830563 711.707127023013
2510000 265.494230653158 227.80560580682 219.453634648725 712.753471108702
