# Fix print output for fix 3
10000 2.01948391736579e-28 0 0 2.01948391736579e-28
11000 0.274270998576069 0.290815023212149 0.321587332784554 0.886673354572773
12000 0.368116344978172 0.341878156331891 0.402237648570321 1.11223214988038
13000 0.472987382826478 0.469095902055517 0.549358385902712 1.49144167078471
14000 0.606318528409986 0.576693322363868 0.669286599334664 1.85229845010852
15000 0.732383597416762 0.769806603855644 0.890988435070143 2.39317863634255
16000 0.884989187706381 0.935549549113733 1.04992551975311 2.87046425657322
17000 0.986279239042353 1.08983901160296 1.12480199923007 3.20092024987538
18000 1.09584723959975 1.14594143251153 1.25803953211026 3.49982820422155
19000 1.27620937294606 1.36672237160384 1.40573402712775 4.04866577167764
20000 1.46150357750206 1.49262075112578 1.56003180784962 4.51415613647746
21000 1.52817059515473 1.64759365969121 1.76061313979965 4.9363773946456
22000 1.66361318640675 1.82538828878095 1.91729310447612 5.40629457966382
23000 1.83252514767177 1.96060540963008 2.05335520105667 5.84648575835852
24000 1.89502680049135 2.20177576695388 2.24294947783078 6.33975204527601
25000 1.92842568539083 2.22663207389476 2.28147483002258 6.43653258930817
26000 2.09591578759285 2.4216174642009 2.49641012160864 7.01394337340239
27000 2.25122174422618 2.4829683257008 2.55634561469324 7.29053568462022
28000 2.37890093558968 2.5610832866791 2.65069182117481 7.59067604344359
29000 2.46714907321494 2.68028622990862 2.80522454933202 7.95265985245558
30000 2.58852444013864 2.79066539033385 2.9144773112465 8.29366714171899
31000 2.75977010434418 2.88570263056257 2.99337599355146 8.63884872845822
32000 2.8363770053851 2.95937633804494 3.05070742667184 8.84646077010187
33000 2.87359638876979 3.00286494430168 3.19707341217879 9.07353474525025
34000 2.98593645067501 3.09643823381186 3.35131672534552 9.4336914098324
35000 3.06398915692178 3.16319461330246 3.36453179262018 9.59171556284442
36000 3.06761036452763 3.20757950227438 3.5086910207886 9.78388088759061
37000 3.2298111044544 3.44268190126739 3.67939903439809 10.3518920401199
38000 3.51824440342559 3.70815870561746 3.98077070274186 11.2071738117849
39000 3.6619037187977 3.79210217725811 4.19171008074223 11.645715976798
40000 3.67596222230676 3.88084587568695 4.13220945721264 11.6890175552063
41000 3.876364329307 4.07701247257269 4.4135875294012 12.3669643312809
42000 4.08039194646328 4.26324040424745 4.54211809230426 12.885750443015
43000 4.26068705653465 4.39540188454662 4.83326405200122 13.4893529930825
44000 4.37206368943452 4.56011787119536 4.87680367440413 13.808985235034
45000 4.36812539510971 4.76758626591068 5.13629475084095 14.2720064118613
46000 4.61521891385525 4.88254375656135 5.21785733922377 14.7156200096404
47000 4.67009972780248 5.04349264088742 5.34285753744121 15.0564499061311
48000 4.80221317743475 4.94880306716593 5.39948110116565 15.1504973457663
49000 4.92201028909522 5.08434771117688 5.44354933687202 15.4499073371441
50000 5.02697576928373 5.34807910657691 5.63507512706609 16.0101300029267
51000 5.06687851722496 5.59166584285709 5.90774550533471 16.5662898654168
52000 5.28958406441676 5.67858264071136 6.08208318945488 17.050249894583
53000 5.35479150266966 5.75220589212401 6.08177204133651 17.1887694361302
54000 5.49710408099865 5.89309165350072 6.09050955280218 17.4807052873016
55000 5.74958225597906 6.00662194341887 6.36354907647104 18.119753275869
56000 6.01516825768791 6.17765077998757 6.60357850356026 18.7963975412357
57000 5.9514515856573 6.31925865186745 6.70104491378188 18.9717551513066
58000 6.19528981986072 6.38753706682781 6.70352900016739 19.2863558868559
59000 6.39994384005074 6.60813870324327 7.00135477591771 20.0094373192117
60000 6.5876569075522 6.75023622298496 7.32111253191404 20.6590056624512
61000 6.75083673758968 6.82232209432516 7.73340561827915 21.306564450194
62000 6.99915768553459 6.94173761720042 7.92771261926571 21.8686079220007
63000 7.16803023932523 7.11101743614478 7.89861731582334 22.1776649912933
64000 7.19499113619654 7.25842550519714 8.0741052899765 22.5275219313702
65000 7.41127314075128 7.41543851565918 8.16810327800178 22.9948149344122
66000 7.56000147330624 7.44896098522723 8.23277698186819 23.2417394404017
67000 7.71960868181286 7.57450445538381 8.22540258039416 23.5195157175908
68000 7.96120932764777 7.83518835930944 8.40357722597648 24.1999749129337
69000 8.09341982230314 7.94921306249616 8.57438977143682 24.6170226562361
70000 8.15146039652439 8.14252715215427 8.67343864941438 24.967426198093
71000 8.09807558103276 8.06691543192841 8.79535843625345 24.9603494492146
72000 8.27860909425728 8.1693281363258 9.04573088354336 25.4936681141264
73000 8.23471734330336 8.19432677841167 9.04719776833884 25.4762418900539
74000 8.40958664625071 8.18863904334684 9.28719695447934 25.8854226440769
75000 8.85509280068585 8.53036728617665 9.45765421434425 26.8431143012068
76000 8.97861859227121 8.58621894730005 9.58422175509339 27.1490592946647
77000 9.07394290471776 8.92326012739128 9.79409050356041 27.7912935356695
78000 9.24966661800307 9.28678194315965 10.1065797747571 28.6430283359198
79000 9.4487958179678 9.32310359320817 10.3388266166802 29.1107260278562
80000 9.54229123477207 9.31551483283941 10.4069458067456 29.2647518743571
81000 9.57986049863079 9.41283238539399 10.4273968595848 29.4200897436096
82000 9.70487939921639 9.73064664059437 10.7532762801546 30.1888023199654
83000 9.89776205938577 9.69692176860529 10.8789795352637 30.4736633632547
84000 10.0566873557404 9.95728467469631 11.0082922670205 31.0222642974572
85000 10.2027957987645 10.0051950643965 10.9748819759609 31.1828728391218
86000 10.384151767858 10.2301975579438 11.1145861802031 31.7289355060049
87000 10.4740905594553 10.5130638782846 11.3842970581538 32.3714514958937
88000 10.6969621641839 10.5482504605453 11.5944604154785 32.8396730402077
89000 10.860740734118 10.7970554266262 11.5863593184402 33.2441554791844
90000 10.8318075549041 11.0085806078503 11.7113972862456 33.5517854489999
91000 10.8748870457336 11.2498161775948 11.8307115189332 33.9554147422616
92000 11.2100741564893 11.2685853575096 11.9610116880596 34.4396712020585
93000 11.212973501948 11.7019302560334 12.1487873425208 35.0636911005022
94000 11.5040653120971 11.9065536433173 12.2115992676434 35.6222182230578
95000 11.6068733791161 11.9841757788625 12.5808624833647 36.1719116413432
96000 11.5741447494621 11.9810805536857 12.38875817586 35.9439834790078
97000 11.6479158972948 11.8935312961164 12.564713202326 36.1061603957372
98000 12.0552506691778 12.2245361141302 12.793623644532 37.07341042784
99000 12.1293518525423 12.4578819727497 13.0478267997387 37.6350606250306
100000 12.1989891941032 12.425527669854 13.2101040479344 37.8346209118916
101000 12.36844924428 12.5215742568893 13.2620488826744 38.1520723838437
102000 12.4691333055395 12.6708095454515 13.3586088599768 38.4985517109679
103000 12.7180925171233 12.788567390667 13.4016723559619 38.9083322637522
104000 12.9153668400008 12.6916869947106 13.5984534797164 39.2055073144277
105000 12.9323154427413 12.8436359907874 13.8375770682426 39.6135285017713
106000 13.036886592008 12.8769270673894 13.9491748484281 39.8629885078255
107000 13.1809965302374 12.9899405255776 13.9406278865892 40.1115649424042
108000 13.4516019787257 13.0456725631352 14.1284060626619 40.6256806045229
109000 13.6591087291836 13.2588384038903 14.2416301844346 41.1595773175085
110000 13.8671906699529 13.3402912263941 14.7978956984928 42.0053775948398
111000 13.9815520831278 13.4886905470102 14.8235972449475 42.2938398750855
112000 14.1617638812566 13.7589237174646 14.9861415954253 42.9068291941465
113000 14.2575773275132 13.8527703030646 15.2531732317363 43.3635208623141
114000 14.4616800705085 13.9347422983379 15.2535561750654 43.6499785439118
115000 14.2221435384075 13.9485013162824 15.2800270864524 43.4506719411423
116000 14.5434732708012 14.2368178123723 15.4579076260402 44.2381987092137
117000 14.4328781970581 14.2056729755452 15.7644716623394 44.4030228349427
118000 14.6166019522384 14.3947115980232 15.7062091920379 44.7175227422996
119000 14.7579641193801 14.4954499840452 15.8021061011253 45.0555202045507
120000 14.6698949473874 14.7515323781777 15.9179470256694 45.3393743512345
121000 14.9375429630759 14.6897118771981 15.9320050083787 45.5592598486528
122000 15.0106480711558 14.8583140696679 16.1418868372223 46.010848978046
123000 15.1025058696913 14.9242496537763 16.2815852579621 46.3083407814298
124000 15.2448357260862 15.1122613393803 16.2678371742119 46.6249342396784
125000 15.3585481713616 15.3505896391114 16.3428429945746 47.0519808050476
126000 15.271201549909 15.456194800963 16.367350810666 47.094747161538
127000 15.5449950204214 15.5743477160308 16.7003999716268 47.819742708079
128000 15.6121803302701 15.5801742973408 17.0131135514415 48.2054681790524
129000 15.8328670487384 15.681455237591 17.0868650919524 48.6011873782818
130000 16.0741214915554 15.6926155007485 17.1218317633589 48.8885687556627
131000 16.215964324483 15.8476926373465 17.2027848483927 49.2664418102222
132000 16.4249920380834 16.1074904443606 17.2879641939675 49.8204466764115
133000 16.4707221163082 16.0799607103588 17.4277602727523 49.9784430994192
134000 16.4952618368362 16.4755054704439 17.4739515211914 50.4447188284715
135000 16.7229539582256 16.5360495473829 17.5779485584327 50.8369520640412
136000 16.8374219818525 16.5688371125066 17.5540744362981 50.9603335306573
137000 17.1594137495741 16.772690616802 17.8239393407978 51.7560437071738
138000 17.1392163984872 16.7394941299918 18.2665555749384 52.1452661034174
139000 17.5948966853295 17.0912955456795 18.4276709157656 53.1138631467746
140000 17.5619783632429 17.086409631463 18.4338240564415 53.0822120511474
141000 17.5842653103179 17.2036150820454 18.652287981269 53.4401683736322
142000 17.4808287909953 17.187554153487 18.9480955352779 53.6164784797602
143000 17.8531953269862 17.6096971619898 19.0224718561364 54.4853643451125
144000 17.6873435599356 17.7666102965211 18.9717641520356 54.4257180084923
145000 17.9429465324695 17.8911144180149 19.4367731053178 55.2708340558022
146000 17.9597293603557 18.0642282717862 19.4949273898402 55.5188850219821
147000 18.0979655977392 18.2433722679368 19.8193421935662 56.1606800592422
148000 18.1328593138012 18.3153143068714 19.6679293727082 56.1161029933808
149000 18.3085821460528 18.6441543698476 19.9723900977633 56.9251266136637
150000 18.3398301478624 18.7089468023127 20.2417270314636 57.2905039816387
151000 18.7934605618193 18.8047410976181 20.3590661593765 57.9572678188139
152000 18.7928562414588 18.8935690633359 20.5620619276868 58.2484872324816
153000 18.7103936646447 18.9417468264974 20.6473824425201 58.2995229336623
154000 19.092872684548 19.1414063372414 20.7902361551312 59.0245151769206
155000 19.2483146952645 19.1733156177732 20.69913654946 59.1207668624977
156000 19.4664819161104 19.0866353570588 20.9278357163175 59.4809529894867
157000 19.706190891207 19.2518959195312 20.8361722712208 59.7942590819591
158000 19.6357410588995 19.1489814468788 20.7708542823447 59.5555767881229
159000 19.6828007032942 19.2371948484755 21.0218383876026 59.9418339393724
160000 19.8909747165124 19.2538444391342 21.259190599076 60.4040097547226
161000 20.0795508618639 19.4675169209845 21.2563091234053 60.8033769062537
162000 20.1986439017201 19.4307250454604 21.5213926360496 61.1507615832301
163000 19.9998586002285 19.5908387463405 21.6613133159313 61.2520106625003
164000 20.1244911919586 19.7700243661337 21.9982637148293 61.8927792729216
165000 20.2690752486313 19.9766833850659 22.106437935506 62.3521965692032
166000 20.422425165826 20.4105429025634 21.9419550565808 62.7749231249702
167000 20.4486342908336 20.0897678813031 22.1540024963409 62.6924046684777
168000 20.5986667888084 20.4297183051273 21.9392063513769 62.9675914453126
169000 20.5562076309062 20.5720337642243 21.8839668177901 63.0122082129206
170000 20.801476335007 20.4861957567335 22.1492527459175 63.436924837658
171000 21.0607372262432 20.6264004422348 22.5624123180176 64.2495499864955
172000 21.4513113415773 20.7621495882263 22.3754380740826 64.5888990038861
173000 21.461364050841 20.7358655165833 22.5970962136076 64.794325781032
174000 21.8738358012605 20.8874714621655 22.4698681681822 65.2311754316083
175000 22.2451486609109 20.9828463909824 22.8036241931016 66.0316192449948
176000 22.3072980551663 20.9352669825289 23.0762105670717 66.3187756047669
177000 22.6505461339273 21.1273302573628 23.1245241627135 66.9024005540036
178000 22.9860751921926 21.2618824912618 23.0037084532239 67.2516661366783
179000 22.8944267005198 21.3285482523594 23.0300584637516 67.2530334166307
180000 23.0039368959191 21.5276605702556 23.1637391145925 67.6953365807672
181000 23.0834046077763 21.6567573826914 23.1981209648844 67.9382829553522
182000 22.8735654649288 21.6654475322282 23.3479019409672 67.8869149381241
183000 23.1738237300038 21.9513310797508 23.5248157797686 68.6499705895232
184000 23.4215609353753 21.9878669322607 23.9658325809734 69.3752604486095
185000 23.4214958555707 22.2254754716941 24.1965795281713 69.8435508554361
186000 23.7948882674757 22.4162018018347 24.5241677055112 70.7352577748217
187000 23.7981279167171 22.2612580052812 24.4162745534541 70.4756604754525
188000 24.100469434388 22.7144679698672 24.6539646090207 71.4689020132759
189000 24.0869896020815 22.8858857382546 24.800896629449 71.7737719697851
190000 24.2873433535036 23.0867346290963 24.8017265811516 72.1758045637514
191000 24.3218994766086 23.2081432266523 24.3751887460662 71.9052314493271
192000 24.5300080577671 23.1784166353642 24.4331752088118 72.1415999019431
193000 24.5590836808145 23.2459599395054 24.8353020481588 72.6403456684787
194000 24.7549048405732 23.1398666677172 25.1607828809406 73.0555543892311
195000 24.7689593377673 23.5817863485563 25.0420070362491 73.3927527225727
196000 24.972128077597 23.7832806758913 25.2952554595502 74.0506642130385
197000 25.3778349211671 23.8918023024158 25.3919069423261 74.661544165909
198000 25.4478914456427 24.2501635811114 25.6347344387785 75.3327894655326
199000 25.5614365153203 24.3143398814009 25.6046891198677 75.4804655165889
200000 25.9482105733278 24.3262903525439 25.649235495491 75.9237364213626
201000 26.0086543656912 23.9898202171662 25.7494816364642 75.7479562193216
202000 26.0314829048763 24.0756534260778 25.8816621080615 75.9887984390157
203000 26.3325313809363 24.1316731255232 25.8034072501304 76.2676117565899
204000 26.1832586482213 24.2635644961165 26.1382147397996 76.5850378841375
205000 26.5297235800715 24.6307984972326 26.0096113181573 77.1701333954614
206000 26.4171893609894 24.7047696427966 25.9903041543701 77.1122631581561
207000 26.7755249381637 24.7624203354674 26.2622151170966 77.8001603907276
208000 26.7825466719843 25.0363516363962 26.2730401565076 78.0919384648881
209000 27.1727580823369 25.2635592930948 26.6502009084511 79.0865182838827
210000 27.4671532517003 25.0526841067564 26.729792704729 79.2496300631857
211000 27.6357852801748 25.0636734350175 26.8821719973816 79.5816307125739
212000 28.257460995486 25.199914102698 26.9768442234715 80.4342193216555
213000 28.0437304551893 25.7865007802275 27.1240793020903 80.954310537507
214000 28.3059130403414 25.9179484456904 27.0836874937188 81.3075489797506
215000 28.2225201467482 26.1076574065493 27.4436876310774 81.773865184375
216000 28.623692507046 26.0795195702172 27.7073512316955 82.4105633089587
217000 28.441604597741 26.292688451126 27.6507946613908 82.3850877102578
218000 28.8292277882846 26.5309849801062 27.589734463956 82.9499472323468
219000 29.079254590362 26.7548293242635 27.8574863774847 83.6915702921103
220000 28.7483631455646 26.6359418916389 28.1524999851296 83.536805022333
221000 29.1844731219356 26.540058204725 28.0969071551058 83.8214384817664
222000 29.3492701171567 27.0367273961131 28.1930893406056 84.5790868538754
223000 29.4482181852854 27.0649085105448 28.2758721048212 84.7889988006515
224000 29.8366565423994 27.1022219883876 28.5289091439737 85.4677876747607
225000 29.8056907726562 27.3807367180891 28.8529428864576 86.0393703772029
226000 29.8045191760821 27.5295071389587 29.0591654187812 86.393191733822
227000 30.1300763039187 27.6337586949652 29.2022864031797 86.9661214020637
228000 30.040815594182 27.6753442304974 29.0450804801503 86.7612403048297
229000 30.4179173000388 27.6966858935904 28.9715322787529 87.0861354723822
230000 30.2644543544316 28.2217082455243 29.2566626255925 87.7428252255484
231000 30.3556126139419 28.3031972161074 29.5048728184104 88.1636826484597
232000 30.4682485632077 28.4013898232286 29.5981608334503 88.4677992198867
233000 30.4848922298929 28.4169379247547 29.6463882589754 88.548218413623
234000 30.9909278759588 28.558935272539 30.108987872819 89.6588510213168
235000 31.1009404493952 28.7710656679876 30.2664008086827 90.1384069260655
236000 31.3762789055019 28.8585253487794 30.2592684599669 90.4940727142483
237000 31.3376848910872 28.9230625871894 30.5929987947219 90.8537462729985
238000 31.4784047960066 29.1102393823523 30.4199049665673 91.0085491449261
239000 31.3854588784881 29.2925298603677 30.975214063455 91.6532028023108
240000 31.6562120477502 29.3034610850228 31.060478462535 92.020151595308
241000 31.7787560035059 29.2956949032741 30.9982360016845 92.0726869084645
242000 32.1067563747582 29.6156688189286 30.9916456976183 92.7140708913051
243000 32.1849002238208 29.8100778745424 30.7392717894323 92.7342498877955
244000 32.3150042871206 29.3386411790724 31.0803788120915 92.7340242782845
245000 32.594428911763 29.5097376389194 31.0346978652053 93.1388644158877
246000 32.7003062113556 29.4511277973367 31.0840741356221 93.2355081443143
247000 32.7154001848025 29.587135393249 31.1706123572945 93.473147935346
248000 33.0104607576067 29.8663044970244 31.1945979436343 94.0713631982654
249000 32.9344927249982 29.8172468188685 31.5493122516374 94.3010517955041
250000 33.2867158760144 30.0180491876166 31.1168180107624 94.4215830743934
251000 33.1930663445096 29.8842517392277 31.3068483272201 94.3841664109575
252000 33.1665461839015 29.9175137350756 31.4118987646391 94.4959586836162
253000 33.2937097852472 29.8788546437314 31.7289335085441 94.9014979375226
254000 33.2951472272841 30.2049152823629 31.9367498890201 95.4368123986671
255000 33.1335887972501 30.2515116147275 31.7892140539977 95.1743144659754
256000 33.5822330348858 30.5045510707621 32.2684512710509 96.3552353766989
257000 33.8045566393268 30.6812493037086 32.4141500444907 96.8999559875261
258000 34.068477530553 30.6060709917316 32.5083111393474 97.182859661632
259000 34.2685490947452 31.0209376142418 32.3595362747772 97.6490229837643
260000 34.2785966289009 31.0166685249077 32.4538759171486 97.7491410709572
261000 34.5039763631344 30.8828508233664 32.7238877529928 98.1107149394937
262000 34.8261324139488 31.0061835492507 32.6928375072365 98.525153470436
263000 34.9929766603642 31.2485372987768 32.7155864062945 98.9571003654355
264000 35.0934979480641 31.085255964739 32.656883450207 98.8356373630101
265000 35.0071664368851 31.3694125155399 32.8569292434405 99.2335081958656
266000 35.1740304287267 31.8637642404333 33.267765749796 100.305560418956
267000 35.3489786252254 31.7884537949773 33.3981446706148 100.535577090817
268000 35.2076393172358 31.7638118082658 33.7602143461272 100.731665471629
269000 35.7372135255025 32.0311958604517 33.9717220621335 101.740131448088
270000 35.8963751697396 32.4179486245085 33.8538882629343 102.168212057182
271000 35.893748341417 32.5630817658063 34.4789311105142 102.935761217737
272000 35.8916209782358 32.536513980659 34.5865872112078 103.014722170103
273000 36.2757013350246 32.7364575701304 34.8728674517334 103.885026356888
274000 36.1778867238715 32.853242973129 35.075057781369 104.106187478369
275000 36.2223193622096 32.9357969045777 35.1315777905714 104.289694057359
276000 36.2588661013441 32.7922603640994 35.4343638374 104.485490302843
277000 36.212235652225 32.8606132646656 35.3713574443734 104.444206361264
278000 36.3261708197658 33.3258956855321 35.0936852518821 104.74575175718
279000 36.5128315253713 33.1801501697331 35.3797666772243 105.072748372329
280000 36.5731499349765 33.529920294356 35.3963890119911 105.499459241324
281000 36.828470828665 33.4818060180553 35.4794976567681 105.789774503488
282000 36.9633285849483 33.8204121779722 35.5486572720357 106.332398034956
283000 37.3206812647134 33.5921516624134 35.3875011804274 106.300334107554
284000 37.7919755469021 33.8182902839954 35.9395349031227 107.54980073402
285000 37.7028373576339 34.1480296085002 35.6500128496393 107.500879815773
286000 37.5430418224702 34.2504835449707 35.6138374938731 107.407362861314
287000 37.5824526253699 34.3864469194554 36.1864242566185 108.155323801444
288000 37.8816250324533 34.4506192332712 35.9085322854711 108.240776551196
289000 38.0626548216512 34.8478360649328 35.8777937145867 108.788284601171
290000 37.9792470579129 34.7090833303473 36.1382589564653 108.826589344726
291000 37.9153682198514 35.0165154644618 36.0013487262844 108.933232410598
292000 38.0742485123659 35.3218465519507 36.4144344625235 109.81052952684
293000 38.3701304765932 35.0612243176448 36.5817634687048 110.013118262943
294000 38.6502205249212 34.9949420786994 36.7720041141265 110.417166717747
295000 39.2653756439244 35.269247241639 36.7616451169479 111.296268002511
296000 39.2932669979122 35.0006360011141 37.0169776400622 111.310880639089
297000 39.5546760794699 35.2767998297398 37.4605600972856 112.292036006495
298000 39.8975935927824 35.3805957609612 37.600778943274 112.878968297018
299000 39.7535717232589 35.4185942043412 37.6662419757979 112.838407903398
300000 39.754697279522 35.4305264111659 37.6182308561653 112.803454546853
301000 39.7957787901863 35.4317359281551 37.9238390110181 113.15135372936
302000 39.8537762513675 35.7379818689636 38.1110099630417 113.702768083373
303000 39.6148176258065 35.9870884075192 37.991826318444 113.59373235177
304000 39.8577772526555 35.9593617240414 38.1709611704039 113.988100147101
305000 39.5723434189129 36.0819583243623 38.7463307540447 114.40063249732
306000 39.6021866028738 36.4139082360894 38.6377277750024 114.653822613966
307000 39.7261275850629 36.6111889480193 39.1383711449847 115.475687678067
308000 39.5736047551134 36.3802778164351 39.0336313009356 114.987513872484
309000 39.9015194455568 36.3353854519099 39.4041345981152 115.641039495582
310000 39.9411634550301 36.6826830923318 39.3861913461692 116.010037893531
311000 40.155387553159 36.5618095620324 39.4412467848952 116.158443900087
312000 40.522837309326 36.455008763018 39.5637412444659 116.54158731681
313000 40.7859906203267 36.614895758359 39.5186398080527 116.919526186738
314000 40.8940935750838 36.7893421899958 39.2767471531692 116.960182918249
315000 40.8359858538574 36.7131785701902 39.5736784254399 117.122842849488
316000 40.6071819566897 36.9539426848247 39.7372804532163 117.298405094731
317000 41.0733409888268 36.8925943932138 39.5571750050508 117.523110387091
318000 40.9751895020775 37.1022982650148 39.9452094278395 118.022697194932
319000 41.1314351240748 37.1639101129132 39.8344344180555 118.129779655043
320000 41.0955127604229 37.4895754715556 40.0306056554136 118.615693887392
321000 40.8610996416404 37.4364904903613 39.9215711746267 118.219161306628
322000 40.8996851235726 37.4894565139007 39.8829754485049 118.272117085978
323000 41.062399411409 37.9046997927668 39.9345889991277 118.901688203304
324000 41.3517793668023 37.9983620761691 39.9297993830657 119.279940826037
325000 41.3352541637895 37.8956662041786 40.2102847890413 119.441205157009
326000 41.5091441268538 37.9000004535126 40.0885337780318 119.497678358398
327000 41.51716077331 38.0366429717842 40.1791924049369 119.732996150031
328000 41.9179508454425 37.9351612456075 39.9512275157784 119.804339606828
329000 41.7852556468158 38.3068309124415 40.5718584521799 120.663945011437
330000 41.4765262167373 38.7089263737965 40.6520580960133 120.837510686547
331000 41.8321359941863 38.9435544349043 40.8044681288508 121.580158557941
332000 41.5497203192944 38.8854376445763 40.76065512207 121.195813085941
333000 41.4368193156794 39.086132826946 40.8907062684229 121.413658411048
334000 41.6861596151777 38.9679597642363 41.1903114681205 121.844430847534
335000 42.0500594576352 39.2867455052413 41.1765950137291 122.513399976606
336000 42.1984356954917 39.3738377964874 41.5979852531677 123.170258745147
337000 42.2981005012997 39.1525002731546 41.6085281531746 123.059128927629
338000 42.3943496395558 39.459378585055 41.7330434232359 123.586771647847
339000 42.3335535600785 39.5724613613215 41.8316319977389 123.737646919139
340000 42.8463762261222 39.6292172361079 41.7535605344983 124.229153996728
341000 42.7846129451816 39.7185662905227 42.0327014961185 124.535880731823
342000 43.1686222072937 39.8426557078014 42.3208284681636 125.332106383259
343000 43.3701695270971 40.1546658407718 42.3540195302991 125.878854898168
344000 43.3829758570709 40.3230456386706 42.3243981396738 126.030419635415
345000 43.3210718965109 40.3611483144578 42.5764964765778 126.258716687546
346000 43.5763845592319 40.2290232828602 42.9835127159871 126.788920558079
347000 43.5203187904662 40.406520060878 42.7281845734971 126.655023424841
348000 43.8971011517258 40.6952888769783 42.6898502850168 127.282240313721
349000 44.1411627105262 40.7712450165208 42.9349913290144 127.847399056061
350000 44.2215036417379 40.6963979502831 43.3428873729685 128.26078896499
351000 44.5842632823386 40.7513941116216 43.019811733936 128.355469127896
352000 44.3986553700402 41.1760202791863 43.0702309990384 128.644906648265
353000 44.5923371476226 41.3343593188605 42.9690902125912 128.895786679074
354000 44.9312442242058 41.6218908836789 43.1410462665514 129.694181374436
355000 44.9563843485836 41.2776253223343 43.3560931811869 129.590102852105
356000 45.1000555363949 41.108247758801 43.5735674181887 129.781870713385
357000 45.073390768157 41.2739655966449 43.6286566762747 129.976013041077
358000 45.2105118178015 41.2359054686205 43.7001087361226 130.146526022545
359000 45.188791237086 41.6256642823598 44.0317749683114 130.846230487757
360000 45.3149725007085 41.4785884932362 44.3109748835071 131.104535877452
361000 45.0921059809132 41.7109217342649 44.2777860475079 131.080813762686
362000 45.0871263790321 41.6957165936164 44.8155689150933 131.598411887742
363000 45.4183275234287 41.9140678143276 44.7291649094028 132.061560247159
364000 45.7826484419023 42.0020034200621 44.7068145829072 132.491466444872
365000 46.1314801987277 41.9853094371619 44.6627801577556 132.779569793645
366000 46.1959209313469 42.3053774554251 45.0021531279161 133.503451514688
367000 46.6410375666527 42.3514295458751 45.1558044372155 134.148271549743
368000 46.6083107348252 42.7754392517462 45.5249199853628 134.908669971934
369000 46.6921661065334 43.0899970682114 45.4897301768376 135.271893351582
370000 47.1524129808901 43.4185703073279 45.4984908990961 136.069474187314
371000 47.3057066421226 43.427242073246 45.9550795555093 136.688028270878
372000 47.1024157621346 43.190105061789 46.0363574339997 136.328878257923
373000 47.358107986466 43.3423770337545 46.239517094539 136.940002114759
374000 47.2429942992321 43.3762623311129 46.4734856197259 137.092742250071
375000 47.2425216651392 43.7032714371529 46.6622136604233 137.608006762715
376000 47.681649913674 43.6130873407646 46.6573597504288 137.952097004867
377000 47.7771403053961 43.6887334426926 47.1159424436437 138.581816191732
378000 47.9277444757917 43.942967381837 47.1571940136044 139.027905871233
379000 48.1370605661362 43.761786655823 47.366867460681 139.26571468264
380000 47.8923791681448 44.012556017294 47.1763830074614 139.0813181929
381000 47.8983625192892 44.0118272163824 47.618046126623 139.528235862295
382000 48.3485156517154 44.6272174776801 47.4220756915601 140.397808820956
383000 48.3971577283415 44.4350050499896 47.6173483208656 140.449511099197
384000 48.6659480305971 44.8053648000756 47.4741246565875 140.94543748726
385000 48.9699726398941 45.342455962739 47.3264180859075 141.638846688541
386000 48.9428539624422 45.1237755225151 47.7315363914798 141.798165876437
387000 48.8626336168074 45.1670714623212 47.7188152784115 141.74852035754
388000 49.041532990399 45.3380540911624 47.9161762495262 142.295763331088
389000 49.3765504601649 45.4597394858577 47.998006465127 142.83429641115
390000 49.4025137493632 45.7925247889421 48.4603501711631 143.655388709468
391000 49.7030924353683 45.8208132781005 48.5234089939312 144.0473147074
392000 50.2006002702994 46.1928232711931 48.4962321888511 144.889655730344
393000 50.0500669965822 46.0582713804279 48.6126374033966 144.720975780407
394000 50.0317240509997 46.5440288036131 48.9639753594571 145.53972821407
395000 50.0183394571592 46.7362076293448 48.9860149915416 145.740562078046
396000 50.3270537753955 46.7440990312154 48.8703306115745 145.941483418185
397000 49.9057986031751 46.5582909500734 49.0790764894212 145.54316604267
398000 49.809533668102 46.5856479703805 49.1822254993534 145.577407137836
399000 49.6580915919432 46.8106754571225 49.5715512972687 146.040318346334
400000 49.8515535199088 47.0338100041377 49.7953557657988 146.680719289845
401000 49.6518248565589 47.6794695276922 50.4475520572144 147.778846441466
402000 49.6838571759628 47.9803961525634 49.9545581711247 147.618811499651
403000 50.1200651602997 48.0036653240512 50.4392479565777 148.562978440929
404000 49.9887136342987 47.9172352424323 50.1913538081933 148.097302684924
405000 49.8588668912516 47.8647192006961 50.2941599439443 148.017746035892
406000 50.2409850933768 48.1234726669046 50.6422828753716 149.006740635653
407000 50.8099937690138 48.4120076604529 50.3851345364729 149.60713596594
408000 50.7438659688332 48.13324510465 50.9245524632524 149.801663536736
409000 51.5642490611955 48.4687992771957 50.7394684485635 150.772516786955
410000 51.5322730176722 48.8317266595429 50.8813825920338 151.245382269249
411000 51.2184717114493 48.6636539070037 50.7345080042216 150.616633622675
412000 51.4038387218495 48.8453639317143 50.9420285059038 151.191231159468
413000 51.4821791901209 48.7296591472418 51.3198940701649 151.531732407528
414000 51.7821032157074 48.8062832329229 51.3927183015479 151.981104750178
415000 51.5856659218415 49.1622375098126 51.6912260176437 152.439129449298
416000 51.7458312934237 49.0051193756844 51.4387246695935 152.189675338702
417000 51.642578762041 49.1446183315933 51.5623828872844 152.349579980919
418000 51.4147440559131 49.4360099976178 52.0226212852446 152.873375338776
419000 51.6631766084158 49.592988942448 51.8122100054095 153.068375556273
420000 51.8349288929481 49.6590520664798 52.0705853044211 153.564566263849
421000 51.9355267761643 49.3909083790447 51.8955240938414 153.22195924905
422000 52.7834437713346 49.7418771455179 52.2734578053288 154.798778722181
423000 52.633112701592 49.8912798933539 52.3355380285614 154.859930623507
424000 52.9357313720045 50.1652886739231 52.2345651479656 155.335585193893
425000 52.9410306381555 50.3260433975509 52.5758565679087 155.842930603615
426000 53.3298203685887 50.4566139721265 52.7181525999881 156.504586940703
427000 53.308478277084 50.4267029564794 52.8701361020154 156.605317335579
428000 53.412215352928 50.5560521092617 53.0811554647304 157.04942292692
429000 53.0511037404529 51.0037869908011 53.8836258924271 157.938516623681
430000 52.7932177641272 51.4479684462879 54.0539395228302 158.295125733245
431000 52.5166980965689 51.3751366986831 53.893835125126 157.785669920378
432000 52.7925730237339 51.2686190120922 53.6195150071555 157.680707042982
433000 52.9889230351429 51.0243990634513 53.5458054537892 157.559127552383
434000 53.2064559206446 50.8362200954131 53.8817682299916 157.924444246049
435000 53.6436757461043 51.2151672870329 53.4348117905273 158.293654823665
436000 53.5819163667721 51.477977238503 54.3692736819117 159.429167287187
437000 53.6579429812945 51.6136672504308 54.3388838048074 159.610494036533
438000 53.8185257329217 51.6743250767976 54.4919921955627 159.984843005282
439000 54.1058295776428 51.3929503230951 54.5696100861287 160.068389986867
440000 54.0289315944161 51.5529723662655 54.8324160446728 160.414320005354
441000 54.1223865120413 52.020829000714 54.9584729368706 161.101688449626
442000 54.3666993016481 52.2635856099601 54.9598481331363 161.590133044744
443000 54.5875939024311 52.1727530292841 55.0353226390874 161.795669570803
444000 54.7303370622093 51.9036890005351 55.4121160288973 162.046142091642
445000 54.7515006456817 52.339735544131 55.3187147554364 162.409950945249
446000 55.0114292763754 52.7284024783231 54.8086104158858 162.548442170584
447000 54.6185026157508 52.3520290559323 55.2409988286254 162.211530500309
448000 54.820678372647 52.6976992464848 55.5753581270674 163.093735746199
449000 55.7484697313902 52.8687254173258 55.4287745971163 164.045969745832
450000 55.5533646535189 52.9444562228543 55.4594720855576 163.957292961931
451000 55.2491938783293 52.7321295137777 55.5426999430906 163.524023335198
452000 55.6318434072986 52.8413500637236 55.7932254484808 164.266418919503
453000 55.4718049255729 52.8368013739781 55.8673841829664 164.175990482517
454000 55.4764978364782 53.5265207390625 55.7575081094717 164.760526685012
455000 55.8852506750478 53.5112590768403 55.785153732541 165.181663484429
456000 55.8979734726371 53.6315395442177 55.7454065987318 165.274919615587
457000 56.2513571421487 54.04341750186 56.0393870617787 166.334161705787
458000 56.1917247061636 54.6374808576528 56.2800636442394 167.109269208056
459000 56.5772243779983 54.2508491318759 56.5374616210383 167.365535130912
460000 56.6126336463146 54.2654482012726 56.2297010430416 167.107782890629
461000 56.67520524773 54.2478652871061 56.3453883561778 167.268458891014
462000 56.8146198888854 54.5064659608077 56.7717255983474 168.092811448041
463000 56.785399935646 54.2893633230444 56.8265262005996 167.90128945929
464000 56.8557704431522 54.4640241561334 57.2237883841604 168.543582983446
465000 56.9885428331527 54.7016919904597 57.5920295601002 169.282264383713
466000 57.3582063517081 54.9707785717781 57.3871080972876 169.716093020774
467000 57.6277572130379 55.0788563981499 57.4405550320243 170.147168643212
468000 58.2576953950362 55.3206886438541 57.5541536915426 171.132537730433
469000 58.2944561651422 55.2988194894567 58.1180669792112 171.71134263381
470000 58.8865712974688 55.502808338741 57.9675791539738 172.356958790184
471000 59.0355650179637 55.5626338739514 58.2890669939915 172.887265885907
472000 59.2542565539869 55.6971655460526 57.9887660277573 172.940188127797
473000 59.0810732117313 55.7097729627216 58.3330655164365 173.123911690889
474000 59.5054710874837 55.8171047403327 58.3527911698291 173.675366997645
475000 59.4468090192593 56.1064273549269 58.7874629745818 174.340699348768
476000 59.7312367310054 55.9053868388346 58.8593021948571 174.495925764697
477000 59.7236622780308 56.0725247628883 58.9415833420681 174.737770382987
478000 59.5185407246984 56.5539983221788 59.3675585199439 175.440097566821
479000 59.8282142878546 56.0102329159787 59.2780755757969 175.11652277963
480000 60.0961289912571 56.448816698163 59.5133860408273 176.058331730247
481000 60.1336546954265 56.4302469075504 60.0632256240382 176.627127227015
482000 60.2415328465237 56.3812495617014 60.1173662018197 176.740148610045
483000 60.5088721808162 56.8373178197487 60.5009275950557 177.847117595621
484000 60.4363080152507 56.6769430187641 60.7399132962161 177.853164330231
485000 60.1657832976395 57.0693234216974 60.6959039442075 177.931010663545
486000 60.8296895425879 57.3141238472882 60.6021870027879 178.746000392664
487000 60.9337591213616 57.4636155278894 60.8147234235872 179.212098072838
488000 61.1440401477173 57.459247510201 61.1889811995193 179.792268857438
489000 61.5073702002367 57.4981233991558 61.2932623608762 180.298755960269
490000 61.4329233318255 57.5412531288261 61.5174720510416 180.491648511693
491000 61.8514611738503 57.4257566055613 61.513647403688 180.7908651831
492000 61.8435125779532 57.747478325634 62.233225374324 181.824216277911
493000 61.9066007327947 58.1668083823039 62.3098306166226 182.383239731721
494000 61.6351800260243 58.21192290755 62.3820906696842 182.229193603259
495000 62.0065707607161 57.8239978773288 62.8467070162545 182.677275654299
496000 61.8654389385452 58.645363475475 63.1762732655534 183.687075679574
497000 61.8710379912119 58.21963393466 63.41211156032 183.502783486192
498000 62.1352923046069 58.3734546557987 63.6969753983607 184.205722358766
499000 62.7735640531133 58.9581758137963 64.070185688419 185.801925555328
500000 62.5148362572724 58.7414551094703 64.2082430847295 185.464534451472
501000 62.5783049510211 58.926186783718 64.4676182582099 185.972109992949
502000 62.8623840818506 59.4798399239631 64.4709411290015 186.813165134815
503000 62.9324772045359 59.3765563238085 64.5318359396513 186.840869467996
504000 63.0609089216397 59.6425281722946 64.8167348157064 187.520171909641
505000 62.9053000516343 59.5448330393221 64.817100511396 187.267233602352
506000 63.1537227113903 59.5865869194592 64.9043953180653 187.644704948915
507000 63.4993740685694 59.6673946990111 64.9290153403309 188.095784107911
508000 63.3908415398259 59.2103336968505 65.5635161975395 188.164691434216
509000 63.1809050578945 60.1558498111549 65.7942199397083 189.130974808758
510000 63.5573003515286 60.0417100209381 66.0701352155295 189.669145587996
511000 63.4772261971745 60.72514226647 65.9409083678666 190.143276831511
512000 63.9416753274622 60.6627985846268 66.1624972001073 190.766971112196
513000 63.6127114273949 60.7240240398284 65.8943809687843 190.231116436008
514000 63.8048109904813 61.5355269517516 65.812386052604 191.152723994837
515000 64.2513826807459 61.7842703783978 66.2628496988958 192.29850275804
516000 64.9821531742166 62.1356413163447 66.4243785373768 193.542173027938
517000 65.0695573417112 61.4825152063781 66.8978222926132 193.449894840703
518000 64.9908758324738 61.6829704050593 66.5564173914618 193.230263628995
519000 65.2295882101413 62.1078831004555 66.8653000840111 194.202771394608
520000 65.479234564356 62.2243726145769 66.6881548897709 194.391762068704
521000 65.86716409565 62.3853761656995 66.8031375385728 195.055677799922
522000 66.2021463692331 62.6353103256473 67.1338255456593 195.97128224054
523000 66.3349126426954 62.9883128645375 66.9159658651189 196.239191372352
524000 66.0853399683519 63.0691418402054 67.399751363564 196.554233172121
525000 66.0109867511661 62.8975176747038 67.3438376348762 196.252342060746
526000 66.1533040905779 62.7181610664663 67.4374988802873 196.308964037332
527000 66.4294467263389 62.8365532910276 67.5203641923486 196.786364209715
528000 66.3221101370394 62.8053687672564 67.6385252662446 196.76600417054
529000 66.5449573626097 62.6701120347239 67.3021576049724 196.517227002306
530000 67.1302534066449 62.9876166433465 67.2619651187902 197.379835168782
531000 67.2449526550168 62.6274293337824 67.2526489318321 197.125030920631
532000 67.2822895272348 62.7963223327603 67.6412968730405 197.719908733036
533000 67.3949054883048 63.0184556623839 67.8222565641228 198.235617714811
534000 67.524773427615 63.556920137655 68.2119596478613 199.293653213131
535000 67.8963397825706 63.8343233318045 68.3861132238947 200.11677633827
536000 67.7916482996281 63.6710235040262 68.8080779854978 200.270749789152
537000 68.4617493216363 64.42378142072 68.8139818847003 201.699512627057
538000 68.2343332454636 63.9701741132239 68.7578917944947 200.962399153182
539000 68.1309741541429 63.7647569013438 68.7438886696892 200.639619725176
540000 68.1470253067515 64.0163643448242 69.2621716826731 201.425561334249
541000 67.9434700904235 64.1457784934306 69.3090270044413 201.398275588295
542000 68.1779755356305 64.2424807253822 69.2517335211069 201.67218978212
543000 68.7674310160423 64.6382552218928 69.6956374028065 203.101323640741
544000 68.5429778922215 64.270121118054 70.2471407882313 203.060239798507
545000 68.5422343872892 64.6098376597528 70.5667986627329 203.718870709775
546000 68.3073581009007 64.7710661074119 70.5185139907383 203.596938199051
547000 69.017613580358 64.6499307541442 71.0334147501595 204.700959084662
548000 69.2974607676585 64.6878398870323 70.9986869173754 204.983987572066
549000 69.4634058475481 64.9632843581682 71.1181631799076 205.544853385624
550000 70.0742899902609 65.5248462993653 71.2543849458907 206.853521235517
551000 70.126671390903 64.9361990762883 71.3831315811348 206.446002048326
552000 70.237497844516 65.6565192945169 71.3402373160639 207.234254455097
553000 70.3398437231574 65.0581437566262 71.8084375214475 207.206425001231
554000 70.7782673322903 65.1692661157934 72.1916825115432 208.139215959627
555000 70.8119886372346 65.1050417975208 71.5485868697965 207.465617304552
556000 71.0538133206062 65.6537995528011 72.2406245672803 208.948237440688
557000 71.3367585385968 65.7918291581451 72.1375213705855 209.266109067327
558000 71.6543623356743 65.6276105520968 72.6369452536061 209.918918141377
559000 71.4317421523704 66.1919590533902 72.6963032721416 210.320004477902
560000 71.6760729468577 66.7553873503941 72.8791543120046 211.310614609256
561000 71.6302441265972 66.6709514545967 72.7615326637485 211.062728244942
562000 71.8195381344799 67.0397572235312 72.7894436530981 211.648739011109
563000 72.171649553226 66.4403987627757 72.9850342979955 211.597082613997
564000 72.3745556892659 67.0078442658141 72.584636974956 211.967036930036
565000 72.2467930005298 67.2681566234708 72.9382573162183 212.453206940219
566000 72.2441378557937 67.260891262266 72.8706995473117 212.375728665371
567000 72.3547166433039 67.2455311127302 72.7073765605647 212.307624316599
568000 72.5362721273429 67.2834960506876 72.6396649603575 212.459433138388
569000 72.7306882319356 67.3592131457563 73.2892066503521 213.379108028044
570000 72.5615710388189 67.2664231296785 73.3839020906129 213.21189625911
571000 73.0233728165782 67.5337208278235 73.7137335191858 214.270827163588
572000 73.3974270058335 67.7887996559345 73.664510191878 214.850736853646
573000 73.4405815301386 67.5065714302251 73.5476397634658 214.494792723829
574000 73.5546508697515 68.0002799964505 73.7505045943923 215.305435460594
575000 73.6131033784759 68.2813445060705 73.5322660321725 215.426713916719
576000 73.2770951663901 68.4346989793561 73.4934815156433 215.205275661389
577000 73.2767062120445 68.8506561078341 73.2744347502201 215.401797070099
578000 73.4443915208636 68.7608765567469 74.0654044882151 216.270672565826
579000 73.3469791749563 68.990126719592 73.8612854481809 216.198391342729
580000 73.6163431117952 69.4979643648581 74.2584103138357 217.372717790489
581000 73.7145889590556 69.2888616908376 74.8234596000003 217.826910249893
582000 73.701051493521 69.5447085764779 75.2225556341566 218.468315704156
583000 73.3777316829957 70.262952792324 75.1544330459109 218.795117521231
584000 74.0385122659748 69.9416393468369 75.5509488450465 219.531100457858
585000 73.9896266007467 70.1410178721578 75.4893956260632 219.620040098968
586000 74.5509535656431 70.0952838726946 75.5005444185347 220.146781856872
587000 74.1846544117373 70.2430389527415 75.6655303661214 220.0932237306
588000 74.5847989565687 70.4130149690791 75.8265653200882 220.824379245736
589000 75.2210009059501 70.5630567203356 75.867170195622 221.651227821908
590000 74.9139431945728 70.4866094195284 76.0562324032778 221.456785017379
591000 74.9495765248833 70.820404953883 76.1653259138127 221.935307392579
592000 75.2255368841691 70.2614286518683 75.9574409187725 221.44440645481
593000 75.2712904438997 70.5004778230935 75.8513239801303 221.623092247123
594000 75.5294297113111 70.5446761182349 76.3158385953695 222.389944424915
595000 75.4465540267937 70.5159819308249 76.4107083402835 222.373244297902
596000 75.7139501942914 71.042298168386 76.1978511959091 222.954099558586
597000 75.7225158413582 70.704717218696 77.1086794725914 223.535912532646
598000 75.5863520831775 71.1719092295706 77.2837010014286 224.041962314177
599000 75.7806940324401 71.5732754193948 77.0190910169777 224.373060468812
600000 75.9865737153202 71.8497089125997 77.3311472647237 225.167429892644
601000 76.0500329546577 71.5546863948787 76.9309894393079 224.535708788844
602000 75.937640303007 71.6714709866356 77.7943450964815 225.403456386124
603000 76.1239494078519 72.1090456355658 77.7055396967507 225.938534740168
604000 76.6043509457734 72.2141358486273 77.6371784223484 226.455665216749
605000 76.4044800344133 72.2554596085478 78.1070803543851 226.767019997346
606000 76.6005117767912 72.6707990102858 78.1575849549973 227.428895742074
607000 76.3331077727597 72.8663955688436 78.5663483670419 227.765851708645
608000 76.7180590501269 72.7247523458042 78.4984191143415 227.941230510273
609000 76.686858481578 73.1467547243382 79.0443220985478 228.877935304464
610000 76.4043610222578 72.7502803450237 78.9816060305832 228.136247397865
611000 76.7146055527957 73.1581801543377 78.6122542572573 228.485039964391
612000 77.327355436409 73.2467046139195 79.1964264632386 229.770486513567
613000 77.5756712258111 73.2553360906566 79.0689554751588 229.899962791627
614000 77.7733242570691 73.341510890057 79.0061963957961 230.121031542922
615000 77.6379613712022 73.4464087658056 79.2548362992436 230.339206436251
616000 78.2145425242297 73.2606139227025 79.4014523964934 230.876608843426
617000 78.3826395421108 73.4016038378389 79.9218507636801 231.70609414363
618000 78.0158311624242 73.2227984308976 79.7619990946951 231.000628688017
619000 78.2718622938763 73.7500430834709 79.8605302028456 231.882435580193
620000 78.5706338913691 73.9971121337298 79.8042229428858 232.371968967985
621000 79.0218206575931 73.5741589147839 79.6880544123053 232.284033984682
622000 79.195048475718 73.5656370678555 79.5527028063941 232.313388349968
623000 79.780058881191 74.3454934371849 79.8319126208887 233.957464939264
624000 79.4933331083158 74.3858068399289 79.3337474057858 233.21288735403
625000 79.6798323285004 74.6377364982649 80.0115441148516 234.329112941617
626000 79.9902205695158 74.4085474389784 80.2428638076191 234.641631816113
627000 79.5222179014586 74.8047321592929 80.6063925795466 234.933342640298
628000 79.9633178369265 74.7636929898172 80.0684171874458 234.79542801419
629000 79.7874070017733 74.8094354761363 80.3396469662406 234.93648944415
630000 79.9554928892593 74.8849553807332 81.1435334817728 235.983981751765
631000 80.5231209311077 75.0736196397699 80.9373339215987 236.534074492476
632000 80.2437506793797 75.356373136477 81.089367346357 236.689491162214
633000 80.6314032765899 75.3422263563236 81.2107832537996 237.184412886713
634000 81.360610341957 75.2563270240149 81.4171756697681 238.03411303574
635000 81.4608692816634 75.1318061733907 81.5000862519298 238.092761706984
636000 81.1635288975268 75.4072122479082 81.7131563919053 238.28389753734
637000 81.175985803466 75.3572296041324 82.1704772661502 238.703692673749
638000 81.809242597865 75.989088546866 81.9728652547136 239.771196399445
639000 81.8495410616028 75.992161872046 81.8895948891097 239.731297822759
640000 81.7646276790191 75.787040144653 82.1690693541913 239.720737177863
641000 82.1055151188962 75.9448365428965 81.8619623834374 239.91231404523
642000 82.4915290569696 76.1172724904653 81.886044742134 240.494846289569
643000 83.2182410269296 76.2442018773742 81.8223671417743 241.284810046078
644000 82.9804888574673 76.5514561260459 82.5641797585254 242.096124742039
645000 83.547051161258 76.4260722476789 82.739193187842 242.712316596779
646000 83.930660349546 76.82204297521 82.6593634523613 243.412066777117
647000 83.883007623367 76.9673369746519 82.9298879330205 243.780232531039
648000 83.6538504625481 76.9135756663275 83.0583262855003 243.625752414376
649000 83.8540868152843 76.7876199229272 82.9811899911748 243.622896729386
650000 84.0201589310282 77.7527038503778 83.0064370222463 244.779299803652
651000 83.9665008126505 78.0000427078587 83.7109703724089 245.677513892918
652000 84.4462864687171 77.7702580118 84.2272228510406 246.443767331558
653000 85.2773619708858 77.7101567108928 84.1244523656944 247.111971047473
654000 84.8612333202655 77.8082086059924 84.364519243273 247.033961169531
655000 85.0569791404073 77.9933680867374 84.5665411804405 247.616888407585
656000 85.4700243236566 77.9185716459237 84.4114975426982 247.800093512278
657000 85.2875043139892 77.5230687321307 84.8060161698239 247.616589215944
658000 85.583678170991 77.5270544947671 85.0504967569998 248.161229422758
659000 85.4420773807458 77.5489710195847 84.9768737336649 247.967922133995
660000 85.9836207580557 77.5959779614714 85.3732805820482 248.952879301575
661000 85.2638700941103 78.3783022630198 85.6971090566206 249.339281413751
662000 85.0969055578881 78.1199822373655 86.0171593859604 249.234047181214
663000 85.4146903151003 77.9834921721939 85.7696436078629 249.167826095157
664000 85.4498922188501 79.0740336713104 86.5130626440379 251.036988534198
665000 85.9851927255061 78.8154454040886 86.4621903325662 251.262828462161
666000 85.9970985605574 79.0034264974696 86.4244483189765 251.424973377004
667000 86.3232962409961 78.8327496014778 87.0367710759369 252.192816918411
668000 85.7859471351629 79.0043205969571 87.019016911777 251.809284643897
669000 85.8999450091997 79.3009442817693 87.4420728097716 252.642962100741
670000 86.173381616345 79.3521469781518 87.1431868204097 252.668715414907
671000 86.384169078766 78.9552509878802 87.265058913493 252.604478980139
672000 85.9055854900737 79.4050660368248 88.0301741095739 253.340825636472
673000 86.1552296683068 79.224556169526 88.3459506051366 253.725736442969
674000 86.7343635439925 78.912646894424 88.3305270470759 253.977537485492
675000 86.4967210567504 79.2363695691215 88.6577781869972 254.390868812869
676000 86.5553830335931 79.5389913174508 88.6837661685026 254.778140519546
677000 87.1695285279573 79.9189179595484 88.5202265205136 255.608673008019
678000 86.5837738334882 80.0769438916287 88.6709489700294 255.331666695146
679000 87.0237725296818 79.6453756762169 89.2140104080469 255.883158613946
680000 86.9703740393413 79.7260102717791 89.1836155073202 255.879999818441
681000 87.4642607897465 79.2898482852762 88.9116478125631 255.665756887586
682000 87.2142552927118 79.3098685095697 89.0399259723022 255.564049774584
683000 87.1826427363677 80.1042806426881 88.9912522911499 256.278175670206
684000 87.2879844198525 80.2083406380098 89.2633866470289 256.759711704891
685000 87.3867719353158 80.6500802069904 89.632900174638 257.669752316944
686000 87.9639417375606 80.863955835929 89.4994017356111 258.327299309101
687000 87.4902784261843 81.0235782943181 89.6874857472355 258.201342467738
688000 88.1502590185235 80.7101727174635 90.0372190721081 258.897650808095
689000 88.1239589017951 80.9497221067309 89.6771095081014 258.750790516627
690000 88.2885675229579 81.201067294067 90.1713697102291 259.661004527254
691000 87.6542802527263 81.2830669321648 91.1208013289306 260.058148513822
692000 87.8863646870374 81.6166607544165 90.8821276058483 260.385153047302
693000 88.2775133252088 81.8622104866803 91.3560394402318 261.495763252121
694000 88.4195356433741 82.1589105760821 91.6931133297212 262.271559549177
695000 88.1218670789255 82.1195191071127 92.2475479294563 262.488934115494
696000 88.6196928040874 82.2754428845465 92.4615102184545 263.356645907088
697000 88.8969136075746 81.8340103730437 92.3848105978071 263.115734578426
698000 88.4145380634222 82.3134805827971 92.4045101445687 263.132528790788
699000 88.6738590493802 82.764493279649 92.6308753384005 264.06922766743
700000 89.2321031074843 82.4247569502087 92.5587597095704 264.215619767263
701000 89.3765103359201 82.0139485497756 92.2533507614205 263.643809647116
702000 89.2583902708265 81.6801095924782 92.6107103571433 263.549210220448
703000 89.0221838180487 82.0435310405412 93.3871574506107 264.452872309201
704000 89.4087615392976 82.232821215671 93.1475502633553 264.789133018324
705000 89.8589712853303 82.0664347181353 93.3011079857138 265.226513989179
706000 89.9588340154947 82.3608243808877 93.5883971963563 265.908055592739
707000 90.1669948083885 82.0237134975779 94.1303562422001 266.321064548167
708000 89.9555727727349 82.1778975264567 94.58805727953 266.721527578722
709000 90.6309719318654 82.3858838654044 94.6752152992405 267.69207109651
710000 90.6683627830762 82.3814016905097 94.8979765268606 267.947741000447
711000 90.7845981153825 82.8160385652037 95.4444474134805 269.045084094067
712000 90.6590902254091 83.7084314999146 95.7243103049803 270.091832030304
713000 90.8656027950318 83.144381453568 95.7470687104528 269.757052959053
714000 91.111857181633 83.4281427783853 95.4429322583391 269.982932218357
715000 91.5134042154821 83.1029829567887 95.4130563281711 270.029443500442
716000 91.3187969237495 83.5789683663339 94.8821897615686 269.779955051652
717000 91.2652127118776 84.2037913941521 94.8149378210206 270.28394192705
718000 91.7026659717689 84.473586122552 95.3500183784323 271.526270472753
719000 92.063228175489 84.4526604099017 94.8707560281648 271.386644613555
720000 91.8229927458394 85.1182552782969 95.3835344054733 272.32478242961
721000 92.1385354478505 85.024712205577 95.3694508699986 272.532698523426
722000 92.3767943168921 85.3397496382655 96.1799150330627 273.89645898822
723000 92.8250146549519 85.3654187832518 95.9802336672428 274.170667105447
724000 92.7545463563427 85.3536727732177 96.5747757085027 274.682994838063
725000 93.1904354956235 85.3798656709723 97.0933973454633 275.663698512059
726000 92.9444998275189 85.6390460595376 96.949230845542 275.532776732598
727000 93.0339028448221 85.9492108367111 97.3468385369518 276.329952218485
728000 93.0940934117485 85.7167146611695 96.6993192223894 275.510127295307
729000 93.473183496273 86.0561498683706 97.1391474610218 276.668480825665
730000 93.8280784315067 85.9668969924825 97.7351079804176 277.530083404407
731000 93.656969977794 86.096987842148 97.522233620591 277.276191440533
732000 94.343843747959 86.2217566303294 97.3537871411472 277.919387519436
733000 94.2798038960559 86.3181430981537 97.5307784648298 278.128725459039
734000 94.1097191376015 86.5859112065816 97.7978263826623 278.493456726845
735000 94.4509793719666 87.0126220393729 98.0612427416645 279.524844153004
736000 94.0237421155863 86.9243746950087 98.5609067638076 279.509023574403
737000 94.6160800367118 86.9278049811113 98.0644111719992 279.608296189822
738000 94.9686361471496 86.6770666486104 98.7009453266328 280.346648122393
739000 94.7475184133532 86.2052585702032 98.8420770378979 279.794854021454
740000 94.6130903199272 86.6694763991255 98.6283071066969 279.910873825749
741000 95.0121299751339 86.8585872644362 98.7864545615103 280.65717180108
742000 94.6016373319749 86.9798201607259 99.1104581466633 280.691915639364
743000 95.0173897368071 86.8589223314083 99.8427290936443 281.71904116186
744000 95.2768859518935 86.8215278005292 99.8598790170559 281.958292769479
745000 96.0256319705914 86.5622187408917 99.9557777850058 282.543628496489
746000 95.938883474214 87.0068670082522 99.828354885255 282.774105367721
747000 96.3189150886523 86.9212742492151 100.14251350017 283.382702838037
748000 96.0379273750449 87.3172009527638 99.8357455253462 283.190873853155
749000 96.3221301758532 87.2839126004124 100.230861890719 283.836904666985
750000 96.2371953096369 87.320316899184 99.8998264081068 283.457338616928
751000 96.3757334163855 87.6820978798734 100.127982664923 284.185813961182
752000 96.2609736768717 87.7356059135437 100.228459768273 284.225039358689
753000 96.0999455574485 88.0412044117158 99.542568316853 283.683718286017
754000 95.8732450985755 88.4098008576993 100.219838665465 284.502884621739
755000 96.1630690226405 88.9151015555906 100.289655616697 285.367826194928
756000 96.1316828144734 89.3597617463811 100.413367815613 285.904812376468
757000 96.3851769972813 88.8488596970579 100.774319852381 286.00835654672
758000 96.5302419085488 89.5003634210354 100.72248331157 286.753088641155
759000 96.8420676525903 90.0567423540637 101.386257998473 288.285068005127
760000 96.4993183660365 90.2734470153643 100.660259744619 287.43302512602
761000 97.2264926235992 89.910556362898 101.298074143827 288.435123130324
762000 97.1550111863478 89.7018881459633 101.361789478867 288.218688811178
763000 97.5848306467798 90.0324554700899 101.784340541228 289.401626658098
764000 97.4216536127128 90.1184598178797 101.251912560084 288.792025990676
765000 97.3012039177381 90.2313507431191 101.193965240536 288.726519901393
766000 97.3987854958256 90.2102018701947 100.963188110844 288.572175476864
767000 97.7139919848815 89.9704718320461 101.421482439148 289.105946256076
768000 97.5865478358832 90.2421252014289 101.623478630718 289.452151668031
769000 97.9187899255458 90.258145848837 101.667550134328 289.844485908711
770000 97.5505509629991 90.5822416493285 101.584125164971 289.716917777298
771000 97.6146818193986 90.7302636326176 102.037550799713 290.382496251729
772000 97.8276480280027 90.7928651409987 101.766262761669 290.38677593067
773000 98.0506658393153 90.8726366824044 102.056580261452 290.979882783172
774000 98.2004728233524 90.6231342218879 102.505225509323 291.328832554563
775000 97.9513307139582 90.776404570977 102.491904500285 291.21963978522
776000 98.2488704443813 90.8378607755607 103.099132478916 292.185863698858
777000 98.0565173540443 90.9042487077342 103.098015701196 292.058781762974
778000 98.1862879611785 91.5801118481854 102.970025450142 292.736425259506
779000 98.4992944733445 91.0045736244594 103.737382001421 293.241250099225
780000 98.5802918775328 91.364102248549 103.662497322558 293.60689144864
781000 98.7432057505727 91.7962981307816 103.719156829653 294.258660711008
782000 99.1394926532512 91.462056494396 103.156276089872 293.757825237519
783000 98.9042552192045 91.7208888320555 103.583379625765 294.208523677025
784000 99.8274872185248 91.5972464676769 103.072609631763 294.497343317965
785000 99.384577896597 91.8186977452396 103.443867507375 294.647143149212
786000 99.9410508571842 91.2361106976409 103.505837251556 294.682998806381
787000 99.8818018544465 91.697538084916 103.547160366457 295.12650030582
788000 100.332141293179 91.5610231468356 104.213142035172 296.106306475186
789000 100.675200885327 91.7313337487872 104.210879921919 296.617414556033
790000 100.641262887532 92.3035058141599 103.767155338139 296.711924039831
791000 100.551455790875 92.0982439106517 104.251570032973 296.9012697345
792000 100.355346879581 92.6896515382359 104.010646080456 297.055644498273
793000 101.230288968254 92.0478221218104 104.453067378893 297.731178468957
794000 101.010260067689 92.1243034734062 104.350107983708 297.484671524804
795000 101.251689081771 92.1038056503153 105.238932823373 298.594427555459
796000 101.082823503821 92.4442002588898 105.684149128865 299.211172891576
797000 101.10517633603 92.7342793188941 105.697425973205 299.536881628129
798000 100.958753777992 92.826032749015 105.36412864638 299.148915173387
799000 101.249431294778 92.9856444799009 105.467476224788 299.702551999467
800000 101.272942891041 93.2666980912094 106.016232425157 300.555873407407
801000 101.269407855615 93.6603059442768 106.107101850878 301.03681565077
802000 101.334217100752 93.5684421244131 106.891974609159 301.794633834325
803000 102.283481250814 94.0471927328812 106.739165841051 303.069839824746
804000 101.752547865808 94.430666401014 106.383986478224 302.567200745046
805000 101.914083174407 93.6008356049806 106.533176821071 302.048095600459
806000 102.366297487304 94.8418524436999 106.547104024595 303.755253955598
807000 102.436630993481 94.9833460555709 106.864968179366 304.284945228418
808000 102.223727356815 95.0154259050071 106.96099559199 304.200148853812
809000 102.576677729057 95.6086158746322 106.599860106539 304.785153710228
810000 102.837180586579 95.8121823884206 107.190681069161 305.84004404416
811000 103.16460701307 95.1785266847912 107.599209959887 305.942343657748
812000 102.850983524239 95.2870709096387 108.165778968202 306.303833402079
813000 103.17742695195 95.4373947251055 108.2991178873 306.913939564356
814000 103.490637903528 95.3888714123045 108.573972844971 307.453482160804
815000 104.263065007906 95.5548474011509 108.990048912761 308.807961321818
816000 103.795145519997 95.2644981868298 109.28934067728 308.348984384107
817000 103.655023292284 95.9383069714003 109.388360999605 308.98169126329
818000 103.89689355138 96.3891717952545 108.580506248412 308.866571595047
819000 104.232367214003 96.0792748388227 108.606807532082 308.918449584908
820000 103.598585895565 96.577539524089 109.074564398543 309.250689818197
821000 103.606506503222 96.3849532254574 109.23433462093 309.22579434961
822000 103.54761872818 96.096080693505 109.858347935241 309.502047356926
823000 103.80167465812 96.1462829176293 110.202197182773 310.150154758523
824000 103.725010627724 96.3345737179487 110.21334002585 310.272924371523
825000 103.63064298726 96.6048473283614 110.301002932158 310.53649324778
826000 104.012247706885 96.9638508252953 110.582018742246 311.558117274426
827000 104.380508040881 96.9051219860767 110.629234784989 311.914864811947
828000 103.972453105786 96.8978661497824 110.833378364566 311.703697620134
829000 103.781271911418 96.7940531820593 110.97788728088 311.553212374357
830000 104.391676989319 97.1991825665918 110.72367748836 312.314537044271
831000 104.47928315478 97.6772199644155 111.209136556926 313.365639676122
832000 104.571793427169 97.7052824388156 111.128499044053 313.405574910038
833000 104.619304561345 97.6900357010821 111.375813063277 313.685153325705
834000 104.603553172927 97.7015076440726 111.469381325506 313.774442142505
835000 105.066369611693 97.7389324435427 111.159995742394 313.965297797629
836000 105.614745029795 97.9558598729643 112.248799385869 315.819404288628
837000 105.60330432748 98.3464562576956 112.266589547249 316.216350132424
838000 105.807527927085 98.2325548141408 112.425188994143 316.465271735369
839000 105.371016917092 98.5060203401113 112.535304886648 316.412342143852
840000 105.227375639144 98.6624443713415 112.699259686874 316.589079697359
841000 105.941381358575 98.6213729419891 112.979390966683 317.542145267247
842000 105.225245163988 98.8733356790679 112.588107251682 316.686688094737
843000 105.857005179495 99.2410925158011 113.341636795501 318.439734490797
844000 105.906042021766 99.5937868593402 113.134580615096 318.634409496202
845000 106.264534010965 99.1901180962326 113.531409545177 318.986061652374
846000 106.620948831404 99.4407519968748 113.210320379603 319.272021207882
847000 106.281212352732 99.5188457712686 113.369343046221 319.169401170222
848000 106.348963003732 99.7145165512359 113.515172679761 319.578652234729
849000 107.10103955945 99.8394527573549 113.061771796297 320.002264113102
850000 106.480112493709 100.149745851744 113.181686509561 319.811544855014
851000 106.666053087139 99.8320505202353 112.951213709437 319.449317316811
852000 106.608730072699 100.371245214661 113.226329165716 320.206304453075
853000 106.859387864338 100.039229825043 113.687521155199 320.58613884458
854000 106.67278336334 100.221705769183 113.620931131892 320.515420264415
855000 106.934009954395 100.305483280747 113.965746901211 321.205240136353
856000 107.110234184112 100.444579543047 114.215688008455 321.770501735615
857000 107.464599122179 100.707768409024 113.523362313596 321.6957298448
858000 107.574164283239 100.566261138246 113.57678888987 321.717214311355
859000 107.971739505528 100.648791210555 114.485171958428 323.105702674511
860000 108.386817926064 100.587935263174 114.247799402077 323.222552591315
861000 108.283305226422 100.710080313561 114.12750743466 323.120892974643
862000 108.404362052196 100.6251887467 113.770624346244 322.80017514514
863000 108.439054213549 100.743056048249 114.553788098298 323.735898360096
864000 108.124445371323 101.037764587791 114.662352249116 323.82456220823
865000 108.747113540827 100.647173723703 114.436909076183 323.831196340712
866000 108.35163733764 100.996477351565 114.218116504444 323.566231193649
867000 108.901286350722 101.015380931116 114.616794976987 324.533462258825
868000 108.79098299276 100.644619606704 114.594647170684 324.030249770149
869000 109.023564678029 100.671162043488 114.176075252808 323.870801974324
870000 109.79660340653 100.532575984729 114.439635918384 324.768815309643
871000 109.604552573339 100.515743762805 114.560014130032 324.680310466175
872000 109.329600405113 100.611146670844 114.36935382129 324.310100897247
873000 109.559164949502 101.149206038905 114.605484027077 325.313855015484
874000 109.644159710349 101.307663420183 114.838939395073 325.790762525604
875000 109.597874881347 101.654240177222 115.239624155818 326.491739214387
876000 109.505698106981 102.184614552432 115.883615570649 327.573928230062
877000 109.384045371056 102.136545462131 115.480294855852 327.000885689039
878000 109.177998786537 102.437468226516 115.377474198293 326.992941211346
879000 109.561652924311 103.077228175057 115.733454495184 328.372335594552
880000 109.820052441472 102.431326647308 116.580119701605 328.831498790385
881000 109.941311520187 103.18911873883 115.81896444694 328.949394705957
882000 110.728018057803 103.326327913687 116.556507996032 330.610853967522
883000 110.427623979749 103.614784507706 116.657702532062 330.700111019517
884000 110.528628169695 103.4775607501 116.870561141811 330.876750061607
885000 110.848481475196 103.726641397357 116.769502536723 331.344625409277
886000 110.878559287412 103.909787682246 117.230158616554 332.018505586212
887000 111.679875765064 104.019962564449 116.94881362368 332.648651953193
888000 111.648377613104 103.873257595548 116.931774817396 332.453410026049
889000 111.504110808982 104.392404691936 116.8562774168 332.752792917718
890000 111.893830500215 104.486362003786 116.978375230984 333.358567734985
891000 111.796309415268 104.986616283108 117.215808780793 333.998734479169
892000 112.442192465735 105.075601684578 117.746817745644 335.264611895957
893000 112.430614781969 105.182707054724 117.448936633545 335.062258470238
894000 112.343957200282 105.417766579133 117.408948971606 335.17067275102
895000 112.541235908252 105.414907657672 117.715268897281 335.671412463205
896000 112.75567675344 105.810446231091 117.636671263872 336.202794248403
897000 112.395275717136 106.103326931302 117.780736341948 336.279338990386
898000 112.137307281462 105.889734456872 117.358354457014 335.385396195348
899000 112.168998000759 105.9471963836 118.130123332328 336.246317716687
900000 112.701824558768 106.419179592224 118.672473821902 337.793477972894
901000 112.41914690432 106.717836651363 119.375635958651 338.512619514334
902000 112.251514404394 107.304685642444 118.979326299438 338.535526346277
903000 112.42436645676 107.074954727654 119.067588069129 338.566909253543
904000 112.44819337595 107.216041294944 119.881128886167 339.545363557061
905000 112.977952450335 107.15948720425 119.606703797762 339.744143452347
906000 113.142219560189 107.208955561458 120.238623947785 340.589799069432
907000 112.96956056196 106.836932657557 120.538497573033 340.34499079255
908000 113.198071328866 107.560935455104 120.682200528036 341.441207312006
909000 112.690296026346 107.205800845526 120.863004060493 340.759100932365
910000 112.681395356526 107.017156540335 120.957524821266 340.656076718127
911000 113.178559154961 107.076147197703 121.780796976615 342.035503329279
912000 113.936266087754 107.277924741909 121.096666250557 342.310857080221
913000 113.054048118667 106.811192464393 121.147022600299 341.012263183359
914000 114.411707813161 106.921738065497 121.018233752701 342.351679631359
915000 113.972704271733 106.547196873308 120.889644497351 341.409545642392
916000 114.167048915264 106.585108140699 121.094397952074 341.846555008038
917000 114.596312034145 107.338962964253 121.109080423089 343.044355421488
918000 114.699748372244 107.787831356399 121.191095065898 343.678674794542
919000 114.653674660014 107.908279625731 121.401834299049 343.963788584793
920000 114.309193866766 108.428528186403 121.614215339812 344.351937392981
921000 114.333714803893 108.747061564616 121.665179553123 344.745955921632
922000 115.543110403307 109.165884249436 121.708714400279 346.417709053023
923000 115.22515405123 109.104070510439 121.698463889886 346.027688451555
924000 115.378359254587 109.198927157267 121.562466757674 346.139753169528
925000 115.451826553496 109.553556472649 122.047559835532 347.052942861676
926000 116.013815918926 109.405548812576 122.628117171589 348.047481903091
927000 115.718344699001 109.63607623501 122.175004882234 347.529425816245
928000 116.221803931209 110.166348603813 121.747215165991 348.135367701013
929000 116.186501890743 109.9040275268 122.069450875786 348.15998029333
930000 116.6389478616 110.477511730423 122.285301930168 349.401761522191
931000 116.669811798394 110.278027282207 122.305363528595 349.253202609196
932000 116.211190832268 111.045729514451 122.969798375873 350.226718722591
933000 116.807674123673 111.57194409974 122.818137556934 351.197755780346
934000 116.233400784601 111.37688474418 123.872096330978 351.482381859758
935000 116.56759690042 111.640676520794 123.642894625792 351.851168047006
936000 116.67775788128 111.953484053334 123.853395258465 352.484637193079
937000 116.918439235531 112.022539881313 123.645006828962 352.585985945805
938000 116.543360714323 111.796970795922 123.685059181509 352.025390691753
939000 116.452387113384 112.555145823391 123.687805709615 352.69533864639
940000 116.755662832733 112.388420526226 124.123631966397 353.267715325356
941000 116.433594207021 113.020828076445 124.388238304105 353.842660587571
942000 116.591669498349 113.102093866078 124.686386979998 354.380150344425
943000 116.965152709114 113.468141708433 124.664955878325 355.098250295872
944000 116.603699154951 113.211072508106 124.789021297455 354.603792960513
945000 117.071671583626 113.297672763852 124.590365543161 354.959709890638
946000 117.133962455078 113.426818199606 125.262326374487 355.823107029171
947000 117.70622445893 113.256432691182 124.870721476428 355.833378626539
948000 117.935838571433 113.429984002155 124.969033627037 356.334856200625
949000 117.816267349698 113.520458090691 125.117446548639 356.454171989029
950000 118.003220927679 113.187445192839 125.260709165567 356.451375286085
951000 117.577889394821 113.231201075717 125.051638938943 355.860729409482
952000 117.954068061442 113.889991025929 124.962805994314 356.806865081685
953000 117.971113679708 113.90129604706 124.850529437585 356.722939164353
954000 118.291633907293 113.93139256781 125.631200913495 357.854227388598
955000 118.133533166511 114.41661328232 125.44482749775 357.994973946581
956000 117.499351852032 114.129871443166 125.899407084112 357.52863037931
957000 117.678276643504 114.505555243185 126.694287748683 358.878119635372
958000 117.914490946477 114.279188624167 126.725591938291 358.919271508935
959000 117.655188629398 114.725298184908 126.436915038569 358.817401852876
960000 118.005313814117 114.827311204912 126.297937372773 359.130562391802
961000 117.447261205344 114.724839928287 125.806794234782 357.978895368412
962000 117.980430299998 115.041281940326 125.477958333513 358.499670573837
963000 117.780745101814 114.185100725818 126.106378394212 358.072224221844
964000 117.650001399972 114.740687496407 126.524702009188 358.915390905566
965000 118.194800837951 115.025688225314 127.104453535184 360.324942598449
966000 118.149889312231 114.438229835911 127.20641198164 359.794531129782
967000 118.700872534109 114.466273725661 127.34887028195 360.516016541719
968000 118.843536192555 115.140490413413 126.970952940439 360.954979546407
969000 118.972348746636 114.944877603383 127.150332148218 361.067558498237
970000 119.815516428137 115.99305941925 126.978883265496 362.787459112883
971000 120.34021223198 115.561129776069 126.523844256446 362.425186264495
972000 120.060567459219 115.374542973358 127.574148661705 363.009259094282
973000 120.556872237817 116.259857456168 126.998029527907 363.814759221892
974000 121.146318430576 115.998859302599 126.894583670275 364.03976140345
975000 120.726858156959 115.812171143584 126.968808081517 363.50783738206
976000 120.792391800001 116.078946269498 127.051909704349 363.923247773847
977000 121.072891931234 116.136038372336 127.060444984073 364.269375287643
978000 121.039552493909 116.587513016211 127.346018989955 364.973084500075
979000 121.924117015471 116.335580610928 127.797823725111 366.057521351511
980000 121.828298851736 116.517847163131 127.935285494648 366.281431509515
981000 122.305061137811 116.113995524758 128.133241347497 366.552298010065
982000 121.88105662173 117.077672699194 128.700308766881 367.659038087805
983000 121.935235568598 117.145632434054 128.829085444461 367.909953447113
984000 121.798599235405 117.153706446388 128.902595438145 367.854901119938
985000 122.250428759664 117.083498168676 128.019695041185 367.353621969526
986000 122.448488031638 117.898250721881 128.234938168665 368.581676922183
987000 121.910868688393 118.418262081873 128.564534384787 368.893665155053
988000 122.235186547375 118.186561679851 127.792176678448 368.213924905675
989000 122.851204832553 118.355452392702 127.894365919376 369.10102314463
990000 121.956199627557 118.252519436898 128.209894214704 368.41861327916
991000 122.38579339206 117.906296677184 128.063636365862 368.355726435105
992000 122.766182814546 118.30067233487 128.221036590463 369.287891739879
993000 122.606268758304 118.468729010233 128.648688810299 369.723686578836
994000 122.458985960664 118.317086407472 128.023096050544 368.79916841868
995000 122.282383899249 118.511216650666 128.364979063074 369.15857961299
996000 122.927419108578 119.215739680795 128.431591654246 370.574750443619
997000 122.801690840043 119.30972290455 128.763050721557 370.87446446615
998000 122.442041743161 118.989809905692 129.767121930789 371.198973579642
999000 122.845925132689 119.51176726712 130.404019597665 372.761711997474
1000000 122.702133093984 119.912157302055 130.093278957802 372.707569353841
1001000 123.036081161261 120.506658830387 130.09136036923 373.634100360878
1002000 123.060159681817 120.559990402653 130.249898177303 373.870048261772
1003000 122.493663510037 120.755630612609 130.375141876843 373.624435999489
1004000 122.903121177054 121.307952555473 129.429048783587 373.640122516114
1005000 122.719828140442 121.416942378236 129.611461415254 373.748231933932
1006000 122.567018716538 120.733813408431 129.637317162384 372.938149287352
1007000 122.862977639878 120.959735796525 129.606665923642 373.429379360045
1008000 122.979206970498 121.074099805011 130.176120830224 374.229427605733
1009000 122.981020487864 121.439899980155 130.509006767998 374.929927236017
1010000 123.662629937707 120.755181686996 130.233021472342 374.650833097045
1011000 123.377863770396 121.593253591079 130.79276841498 375.763885776454
1012000 124.148759865283 122.266523569029 130.700453128522 377.115736562833
1013000 123.691571908942 122.150751578739 131.096749768172 376.939073255853
1014000 123.816330059502 122.470322900953 131.279645548415 377.56629850887
1015000 124.753952409871 122.342163713223 132.323129559562 379.419245682656
1016000 124.524045439404 122.842223172484 132.00395697588 379.370225587768
1017000 124.910717518918 122.552541522295 132.558895858443 380.022154899656
1018000 124.972590949626 122.504296076716 132.874009022274 380.350896048617
1019000 125.238480247546 122.912439441108 133.113170995778 381.264090684433
1020000 125.703408108657 123.308972378187 132.430752215131 381.443132701975
1021000 125.584370159646 122.447626396962 133.846197710357 381.878194266965
1022000 125.234989262784 122.863809143322 133.00357322044 381.102371626547
1023000 126.190715410461 122.831316604207 133.79534995404 382.817381968709
1024000 126.328208711674 122.569617234106 133.324547485019 382.222373430799
1025000 125.905016902493 123.228334266182 133.515191399542 382.648542568217
1026000 126.252463088262 123.491023585668 133.439232662367 383.182719336296
1027000 126.163450686961 123.714431433694 133.449038159337 383.326920279992
1028000 126.16648982886 123.486567842516 134.211408420773 383.864466092148
1029000 126.830635882775 123.913619414375 133.907243647689 384.651498944839
1030000 127.014313054099 123.60452092079 133.9138839657 384.532717940589
1031000 127.314183128314 123.371256028627 134.509525233231 385.194964390171
1032000 127.424741716628 123.748718100741 134.135001752561 385.30846156993
1033000 127.839227096609 123.715483248174 134.388652661269 385.943363006053
1034000 127.482287069875 124.798436904875 134.957083972711 387.237807947461
1035000 128.028094331642 124.393133679923 134.701219001363 387.122447012928
1036000 127.71732135406 124.485970749069 135.080463159941 387.283755263069
1037000 127.772040809548 125.474953822308 135.029055295629 388.276049927485
1038000 127.877791280901 125.16529947063 135.275316484742 388.318407236274
1039000 127.85188963812 125.349053171091 135.036938010495 388.237880819706
1040000 128.044818099009 125.897059245841 135.228468196437 389.170345541288
1041000 128.964870814403 125.902906380396 134.996306497173 389.864083691971
1042000 128.608553299863 125.981041751351 134.971442607389 389.561037658602
1043000 128.689891438623 126.751759617175 134.650868799986 390.092519855784
1044000 128.478241467798 126.684510801282 134.397656972208 389.560409241288
1045000 128.984690695042 127.077137971065 134.970449784928 391.032278451035
1046000 129.126979411338 127.200727405476 134.84647601642 391.174182833233
1047000 129.0093479094 127.690183497956 135.342889484809 392.042420892166
1048000 128.723610574237 127.334638840879 135.286330948635 391.344580363751
1049000 129.050571195115 127.929998957185 135.672750532825 392.653320685125
1050000 129.227060956005 127.923882838574 135.186985808312 392.337929602891
1051000 129.857705165858 128.098925159479 135.963959715114 393.92059004045
1052000 129.513753253605 127.618802722942 135.615016513656 392.747572490203
1053000 129.778780165774 127.789542976242 136.69320089424 394.261524036255
1054000 130.134420878366 127.313165349409 136.667365039019 394.114951266794
1055000 129.878898425628 127.674950470696 136.825891929483 394.379740825807
1056000 130.118286171062 127.537803276596 137.238017791987 394.894107239645
1057000 130.46527958189 127.861512265247 137.168793203953 395.495585051089
1058000 130.148797916218 128.498229589141 137.258027030046 395.905054535405
1059000 130.567069547113 128.570824193276 137.414963975825 396.552857716215
1060000 130.484752737136 128.527902545802 137.221690416858 396.234345699796
1061000 130.910890015846 128.679668151304 137.387848223001 396.978406390151
1062000 131.312158891474 128.813682511399 137.829999130619 397.955840533492
1063000 131.199618071155 129.492590257781 137.708981901822 398.401190230759
1064000 131.378606587321 129.140356247864 137.31034578012 397.829308615304
1065000 131.36954534344 129.75994563817 137.250895238566 398.380386220176
1066000 131.524266044596 129.885396000064 137.354235389239 398.763897433898
1067000 130.982341573595 130.326935091339 137.295573082062 398.604849746996
1068000 131.098885601372 130.107345861738 138.058162810017 399.264394273127
1069000 130.473395360429 130.136656631734 138.247278916749 398.857330908911
1070000 131.304383698958 130.601788275691 138.444467824946 400.350639799596
1071000 131.158002167017 130.914232681623 138.346462159668 400.418697008308
1072000 131.674555806526 130.827436392158 138.162566894026 400.664559092711
1073000 131.923789553992 130.790927341714 138.186114199336 400.900831095041
1074000 131.610266710677 131.299006638379 138.078359349371 400.987632698427
1075000 132.378251221122 131.146691017639 138.703928219481 402.228870458242
1076000 132.160783567338 131.796872500467 138.500464503198 402.458120571003
1077000 132.21109047233 131.721392070573 138.805183505056 402.73766604796
1078000 132.038829634659 132.206335143959 138.901643024937 403.146807803555
1079000 131.879564514056 132.06722883601 138.968911741212 402.915705091278
1080000 131.956670718841 132.629191414482 139.069192834133 403.655054967456
1081000 132.11618156741 132.96511363986 139.196268093874 404.277563301144
1082000 132.417322477545 132.466703568184 139.40419581877 404.288221864499
1083000 131.899248953554 132.951968611561 138.85681857283 403.708036137944
1084000 132.236582131596 133.086559027846 139.415702298491 404.738843457933
1085000 132.136215274832 132.950199575808 139.152809286103 404.239224136742
1086000 131.672642955167 133.169186894703 140.353389353807 405.195219203677
1087000 132.499110489642 133.442134646951 140.298984293893 406.240229430486
1088000 132.004379753511 133.951249431776 140.698563793791 406.654192979077
1089000 132.015931819005 133.183261273938 140.481809961448 405.681003054391
1090000 132.1095988675 133.611236073136 140.252153919944 405.972988860579
1091000 132.112052627544 133.228565715279 141.317516861828 406.658135204651
1092000 132.128211355604 133.533440444632 141.324836392537 406.986488192773
1093000 132.427659935437 133.583693111861 140.839171736561 406.850524783858
1094000 132.027496563313 133.985441167674 140.740311062115 406.753248793102
1095000 131.920923974113 133.498290751008 141.285999247974 406.705213973095
1096000 132.016391955005 134.437643036784 140.792012138898 407.246047130686
1097000 132.304966209822 134.176149804044 141.098760349629 407.579876363495
1098000 133.132811482541 133.861110432753 141.041617536188 408.035539451483
1099000 132.982068589761 134.098281003345 141.480789177387 408.561138770494
1100000 133.124855262209 134.177701528298 141.459780386761 408.762337177268
1101000 133.543788228427 133.967985469669 141.471779763365 408.983553461461
1102000 133.910523360021 133.541751398234 142.637560158695 410.089834916949
1103000 133.273281790907 134.298967820753 142.242638160581 409.814887772241
1104000 133.355993109522 134.286226822902 141.974584806326 409.61680473875
1105000 133.130531987791 133.962539818047 142.340304916612 409.43337672245
1106000 133.627595149896 133.993073601818 142.724261497406 410.34493024912
1107000 133.530864308532 133.823126862585 142.686327820141 410.040318991257
1108000 133.483275830327 133.75717154094 142.879391598832 410.119838970098
1109000 133.214314494516 134.094195010383 143.585564093325 410.894073598224
1110000 134.100703557761 134.111823395617 143.54656793005 411.759094883429
1111000 134.010930379734 134.289981223815 143.67322301151 411.97413461506
1112000 134.060786357691 134.703557002358 143.83737080407 412.601714164119
1113000 134.842599710646 134.490188534737 144.29051413782 413.623302383203
1114000 135.044610436379 134.924185497022 143.737423463499 413.706219396901
1115000 135.279742151704 134.920871240697 144.157398317442 414.358011709843
1116000 135.571140145586 134.80041730097 144.465612350306 414.837169796862
1117000 135.205407870028 134.665997466943 145.038433127257 414.909838464228
1118000 135.721866000246 135.695585639286 144.524331800458 415.941783439991
1119000 135.902273340916 136.572927906747 145.546060061569 418.021261309231
1120000 135.939728121207 136.134288853751 145.282615005498 417.356631980457
1121000 136.092287060297 135.773969931058 144.941362991719 416.807619983074
1122000 135.136064323489 136.097806113678 145.564659850608 416.798530287775
1123000 135.251566461164 136.234165008609 145.270298162968 416.756029632741
1124000 134.958515417269 136.312404875315 144.667862056955 415.938782349538
1125000 135.056867854569 136.268459112456 145.895548832938 417.220875799963
1126000 135.766178465455 136.207641355125 146.049181256875 418.023001077455
1127000 135.761269095691 136.914955327178 145.947831852205 418.624056275074
1128000 136.194849119302 136.817975813875 144.829690015843 417.84251494902
1129000 136.479029070381 136.680179120169 145.054843797996 418.214051988546
1130000 136.773390741283 137.058541176422 145.051063275323 418.882995193029
1131000 136.817015007574 137.004281746478 144.764007019111 418.585303773163
1132000 136.366488255805 137.195122829841 145.251292799491 418.812903885137
1133000 136.908452803276 137.986275710553 145.007063027824 419.901791541654
1134000 136.785651635254 137.106802943637 145.449140398744 419.341594977635
1135000 137.4612691838 137.492256101612 145.016391855365 419.969917140778
1136000 138.312575846037 137.1800404184 145.674728657508 421.167344921944
1137000 138.848357657694 137.065826739772 145.169214947168 421.083399344633
1138000 138.685873386844 137.568222401642 144.968147577114 421.2222433656
1139000 139.369597495065 137.188077412238 145.093530930719 421.651205838023
1140000 139.492218086422 137.500840556229 146.074056572339 423.067115214989
1141000 139.041027810169 137.537123740472 146.192051366519 422.77020291716
1142000 139.583923809253 137.81015748362 145.245766834897 422.63984812777
1143000 139.40276278082 138.070141582307 145.815715988271 423.288620351397
1144000 140.23138683755 138.297146472313 146.297717464843 424.826250774706
1145000 140.117308685906 138.021439293847 145.73318889652 423.871936876274
1146000 140.927670945443 138.522933686899 145.585491762397 425.036096394738
1147000 140.132743825366 138.853223613233 146.033177413906 425.019144852505
1148000 140.000572061143 138.779789519867 145.253100217697 424.033461798707
1149000 140.074373018336 139.309696154184 145.590712380094 424.974781552614
1150000 140.192586976421 139.769821034637 146.136197259114 426.098605270172
1151000 140.575394637805 140.341854293595 146.023433635565 426.940682566965
1152000 141.05422961892 140.194712567056 145.979005023704 427.22794720968
1153000 141.009722393388 140.392925975389 146.328773534377 427.731421903154
1154000 141.473919136501 140.044949257278 146.402709050426 427.921577444204
1155000 141.789229112182 140.368884977481 146.233743051808 428.391857141472
1156000 141.042645986463 139.931936487307 146.20017727548 427.17475974925
1157000 141.614298385824 139.530596666097 146.548354934986 427.693249986907
1158000 141.532069565553 139.796995564001 146.177613093127 427.506678222681
1159000 141.465923839348 139.237934125919 146.956646604068 427.660504569335
1160000 141.829024211456 139.255876172243 147.412511036823 428.497411420522
1161000 141.692734296033 139.552381631353 147.872405666982 429.117521594367
1162000 141.712164541772 139.913236390013 147.774474312661 429.399875244446
1163000 142.257828545019 139.656960489912 148.45809083501 430.37287986994
1164000 142.310864691914 139.588291646281 149.132805727925 431.031962066121
1165000 142.299530800622 139.813819302136 148.565679520854 430.679029623612
1166000 142.291950321184 140.079020454711 148.73432541814 431.105296194034
1167000 142.608351752397 140.601868739571 148.721011098246 431.931231590215
1168000 142.809013152347 140.214588810897 148.823516825778 431.847118789022
1169000 143.47485265992 140.199143283281 149.36533406448 433.03933000768
1170000 143.605686047091 140.130852209738 149.319874004596 433.056412261426
1171000 143.436042046325 140.672882786165 149.50658017315 433.61550500564
1172000 144.135447393185 140.56671829864 149.819734000524 434.52189969235
1173000 144.243331902617 141.089401127796 149.817936871775 435.150669902189
1174000 143.785083121597 141.347989077645 149.804383081674 434.937455280917
1175000 143.471634388735 141.416070900933 150.25003273658 435.137738026249
1176000 143.326756082709 141.530283992735 150.581673178347 435.438713253791
1177000 143.038580288933 140.930927917251 150.170288693989 434.139796900173
1178000 142.883983710615 141.922169069388 150.046073513689 434.852226293691
1179000 143.160914243552 141.2633084593 150.195398152306 434.619620855158
1180000 143.599654935175 141.568208089869 149.466016158317 434.633879183361
1181000 143.94720269928 141.529027855751 150.171706801738 435.647937356769
1182000 144.058922733596 141.286386327713 150.86444486406 436.209753925368
1183000 144.053466846151 141.801321612305 150.258096905117 436.112885363573
1184000 144.711192133376 141.287175417174 150.723649188234 436.722016738784
1185000 144.520655501614 141.796150683755 151.245629989436 437.562436174805
1186000 144.840307135706 142.578232014932 151.091833259902 438.510372410541
1187000 145.004149233373 142.834932514591 150.895875406054 438.734957154018
1188000 145.11908844375 142.664235212217 151.549233093476 439.332556749444
1189000 144.58416548545 142.112062604618 152.523693930004 439.219922020072
1190000 145.111399209976 142.328094024024 152.566836761153 440.006329995152
1191000 145.421028609773 142.783791361773 152.822141018337 441.026960989883
1192000 145.489124280046 142.654207284917 152.273093626649 440.416425191612
1193000 145.727200509467 142.69072675406 152.740770780667 441.158698044195
1194000 145.334617259272 142.608257134969 153.11082034027 441.05369473451
1195000 145.344397376656 142.993478855904 153.434416672806 441.772292905366
1196000 145.902555969534 142.194949573578 153.583741287549 441.681246830661
1197000 146.278623427379 142.796253151923 153.246816736138 442.32169331544
1198000 146.610398462684 142.569253009043 153.126266474896 442.305917946623
1199000 146.703114127055 142.168912535032 153.479390634309 442.351417296396
1200000 147.078463423854 141.821566493224 153.610103974395 442.510133891473
1201000 146.763304415762 142.141722155506 153.586372137991 442.49139870926
1202000 146.128277939424 142.12118851096 153.965524346109 442.214990796493
1203000 146.510720426989 141.745469365241 153.970320612771 442.226510405001
1204000 146.426571267108 142.239627720035 154.153013896911 442.819212884054
1205000 146.533724122266 141.93598752778 155.024356866912 443.494068516957
1206000 146.309665051399 142.196683478784 154.501420849039 443.007769379222
1207000 146.62275002868 142.794754959061 154.633832192632 444.051337180372
1208000 146.80393152277 142.768073135955 154.819703051636 444.391707710362
1209000 146.918150282338 143.031142203331 155.714290373532 445.663582859201
1210000 147.565376337397 143.138851471828 155.15632864295 445.860556452175
1211000 147.044726972535 142.89123739268 154.865711275353 444.801675640568
1212000 146.951617395218 143.612216948511 155.902479554489 446.466313898218
1213000 147.014925431565 142.570221854541 156.577433096178 446.162580382284
1214000 146.566431986723 143.21553055045 156.279571897641 446.061534434815
1215000 146.91529232667 143.57566821945 156.45889304976 446.94985359588
1216000 147.054351258863 143.99671788914 156.607268959844 447.658338107846
1217000 147.031414023988 143.950726988608 156.402613722153 447.384754734749
1218000 146.695040873739 143.778458324197 156.357955190115 446.831454388052
1219000 147.323855829807 143.782687679981 157.016813746598 448.123357256386
1220000 147.588776050039 144.173528289778 156.440891848781 448.203196188598
1221000 148.045657023309 144.198309219946 156.245338334806 448.48930457806
1222000 148.045649910412 143.409430431708 156.564590759105 448.019671101225
1223000 149.327816256895 143.78061317546 156.573674651311 449.682104083666
1224000 149.516046496036 143.921124477192 156.927639059308 450.364810032536
1225000 149.593381255524 143.99448463979 157.1297758126 450.717641707914
1226000 149.82621044416 143.591667005561 157.678175275465 451.096052725186
1227000 149.406283854995 144.098291770919 156.91451424891 450.419089874824
1228000 149.546807725678 143.56092821138 156.97156850962 450.079304446678
1229000 149.327233433857 144.914590654535 157.365985906518 451.60780999491
1230000 149.575434717643 144.847296822661 156.806370716637 451.229102256941
1231000 149.748897414833 144.52729906887 157.450464470806 451.726660954509
1232000 149.575120697557 144.955263956296 156.934828631737 451.46521328559
1233000 149.599839659706 145.442747396066 157.726094735661 452.768681791433
1234000 149.635536302203 145.516893459938 157.444364358071 452.596794120212
1235000 150.275047983865 145.913758011602 157.59737441401 453.786180409477
1236000 150.209237541922 145.119535213547 157.70294944132 453.031722196789
1237000 150.183772315391 146.043773926821 157.620164411352 453.847710653564
1238000 150.984308356274 145.70530126526 158.549245632554 455.238855254088
1239000 150.528991473439 146.215909703693 158.299860895724 455.044762072856
1240000 150.934847050978 146.17855471672 158.812491806001 455.925893573699
1241000 150.869564752857 145.855152155062 157.604082536864 454.328799444784
1242000 151.218191928775 145.974792993777 157.431798099527 454.624783022079
1243000 152.108092380423 145.195285921808 157.902249433819 455.20562773605
1244000 152.132409156835 145.627290433086 157.913490271886 455.673189861807
1245000 152.470471177906 145.514668272783 158.76367379821 456.748813248899
1246000 152.809369782398 145.868911972296 158.37560912706 457.053890881754
1247000 153.252652419543 146.431355346263 158.890261818239 458.574269584044
1248000 152.781966545496 146.186724575157 159.052885683711 458.021576804364
1249000 152.467456887679 146.649331296642 159.197988175394 458.314776359715
1250000 151.809765194399 146.536810337985 159.532841903191 457.879417435575
1251000 151.926539611975 146.410352369076 159.681278301817 458.018170282868
1252000 152.305069345584 146.807771453569 160.001682892625 459.114523691778
1253000 152.130972459799 146.930183734091 160.281209842455 459.342366036344
1254000 151.966514554054 147.759679351371 160.186101085087 459.912294990512
1255000 152.042897691499 147.602183558285 160.421811746162 460.066892995947
1256000 152.303252051616 148.297276914863 160.431313839317 461.031842805795
1257000 153.59729755471 148.39368189626 161.347355529839 463.338334980809
1258000 153.324113296271 147.869140009429 161.491301799249 462.684555104949
1259000 153.634224566149 148.163727377243 161.302749709304 463.100701652695
1260000 154.325708949866 148.256227789996 161.930151602034 464.512088341896
1261000 154.496612868685 147.628062922056 161.756308835001 463.880984625741
1262000 154.716706913797 148.291222582617 161.066656243967 464.074585740381
1263000 154.057111912726 148.354993200202 161.079935835299 463.492040948226
1264000 155.082728547982 148.477891920494 160.941007762732 464.501628231208
1265000 154.83936695765 149.150203695671 161.109979669748 465.099550323069
1266000 155.408868610533 148.878237745633 162.057763867163 466.34487022333
1267000 156.04855020911 149.443217573334 162.380739792958 467.872507575403
1268000 155.973465898337 149.253949784938 162.191974040824 467.419389724099
1269000 156.255981052154 148.98370222549 162.402720255263 467.642403532907
1270000 155.836452899638 149.147097343489 162.042537259607 467.026087502734
1271000 156.499970290931 149.425938804801 162.785440121062 468.711349216794
1272000 156.759152105031 149.17600535585 162.48814347996 468.423300940842
1273000 157.200239954423 148.936615513847 162.907715927642 469.044571395912
1274000 157.020691943219 149.231554165376 162.683960853002 468.936206961596
1275000 157.03992096671 149.57269318945 162.81855235449 469.43116651065
1276000 157.54606412118 149.348021169114 162.792920084242 469.687005374535
1277000 156.843856295741 149.683142978228 162.867431286602 469.394430560571
1278000 157.235354946767 149.46300527133 163.000899256964 469.699259475062
1279000 157.424229086495 149.632921115016 163.161968515741 470.219118717252
1280000 157.700759900082 149.976123378239 163.468136966678 471.145020244999
1281000 158.232177390424 149.885887058535 163.006674954534 471.124739403493
1282000 158.360713183057 150.235515103541 162.967197152969 471.563425439567
1283000 158.535354331441 149.805565972825 161.927327367066 470.268247671332
1284000 158.396708425419 150.247709219775 162.582833872402 471.227251517596
1285000 158.171653884958 150.849053060415 162.515864193583 471.536571138956
1286000 158.314983664046 150.453829252262 162.953717126772 471.72253004308
1287000 158.694936532463 150.658719437844 162.669370130541 472.023026100848
1288000 158.708522595241 150.363895945848 162.414859220754 471.487277761842
1289000 158.589821384279 150.981773261303 161.388573715975 470.960168361557
1290000 158.928394006991 151.124041003701 162.495814671523 472.548249682215
1291000 159.135345634561 150.856518112343 162.189329432768 472.181193179671
1292000 159.230824375337 151.270432004213 162.510412650576 473.011669030125
1293000 159.561874516976 151.286473194419 162.872330911473 473.720678622868
1294000 159.601688546663 151.474062896307 163.041657874251 474.117409317222
1295000 159.825287004559 151.580240240409 163.482498994239 474.888026239207
1296000 159.77935411838 151.721817332301 163.785789989989 475.28696144067
1297000 159.56213938659 150.904053103729 163.65878826784 474.124980758159
1298000 160.142126448658 151.059177545646 163.878481989439 475.079785983743
1299000 160.699219155306 151.742473899913 163.703437618182 476.145130673402
1300000 161.433696654474 151.621936696675 163.351224550322 476.406857901471
1301000 161.459440078432 152.034259700149 164.148464789984 477.642164568565
1302000 162.16046781884 152.584914296099 164.180829133126 478.926211248065
1303000 162.350896973687 152.326465950343 163.296104991509 477.973467915538
1304000 163.061797790758 152.279622317947 164.000145131552 479.341565240256
1305000 163.414430939755 152.442536461307 164.123609824464 479.980577225526
1306000 164.010101448183 153.476389995533 163.368049840552 480.854541284268
1307000 164.348225084452 153.013153344177 164.327774929639 481.689153358268
1308000 164.566805646432 153.183962463303 164.559123664506 482.309891774242
1309000 164.480347639226 153.638710835747 164.016613983802 482.135672458775
1310000 164.966503801558 152.948689846728 163.96379623951 481.878989887796
1311000 165.589749378932 154.363289393429 163.794774859616 483.747813631976
1312000 165.504350087632 153.470179542276 164.87314855198 483.847678181888
1313000 165.693190100477 154.773832031435 164.54089898506 485.007921116972
1314000 165.753697940328 154.440491665589 165.446614423951 485.640804029868
1315000 166.087950260028 154.58825196285 164.934890693644 485.611092916523
1316000 165.995607021699 153.961235354267 164.89300440177 484.849846777736
1317000 166.635969021231 154.430910742674 164.594969959327 485.661849723232
1318000 166.881322219936 154.497520841474 164.520758823676 485.899601885086
1319000 166.59820087639 154.241786621044 164.66264224311 485.502629740544
1320000 166.888524079577 154.362351599471 163.956448016494 485.207323695542
1321000 166.63705334534 154.46528910598 164.32227434392 485.424616795241
1322000 166.692201572365 154.17071379301 164.139438795149 485.002354160524
1323000 166.389076437374 155.086305707476 163.858823586381 485.334205731232
1324000 167.06381481381 154.15408750389 164.146671347388 485.364573665087
1325000 167.213232986523 154.785051938152 164.131036120889 486.129321045564
1326000 167.727651580091 154.693607148675 164.801835177514 487.223093906279
1327000 167.403104933629 155.506939221212 164.464829611536 487.374873766377
1328000 167.481385069727 155.249419700186 164.521794575118 487.25259934503
1329000 167.666867948356 155.243799667823 165.198933853472 488.10960146965
1330000 167.926905704669 155.243008160735 164.710120045351 487.880033910756
1331000 168.378186502722 155.629781625942 164.694946329817 488.702914458481
1332000 168.155091020359 155.566661284795 164.582372813977 488.304125119131
1333000 167.377382321434 154.92942148192 165.357495900801 487.664299704155
1334000 168.608682548977 155.185231554122 165.089506891182 488.883420994281
1335000 167.392596742437 155.316492360005 165.82308481294 488.532173915382
1336000 168.488246349355 155.653580314165 165.29479720607 489.43662386959
1337000 168.482569030303 155.371378151942 165.013577386103 488.867524568348
1338000 168.429686981735 156.248659034908 165.57639695427 490.254742970913
1339000 169.124354677534 156.84069466636 165.743696625209 491.708745969104
1340000 169.193033349364 155.975328307288 165.492274242698 490.66063589935
1341000 169.331576030156 156.639335430352 165.578414396051 491.549325856559
1342000 169.316578188996 156.391614449642 165.78966577973 491.497858418368
1343000 168.650008041693 156.665908460624 164.959302291722 490.275218794039
1344000 168.846596003816 156.276529340216 165.543339528454 490.666464872485
1345000 168.768856724645 155.969686090141 165.407494840525 490.146037655311
1346000 169.309203399268 156.274967596258 165.434504797733 491.018675793259
1347000 169.501653860536 156.994619271314 166.11510867314 492.611381804989
1348000 169.662846414399 157.074909782228 166.245259363368 492.983015559995
1349000 169.555487412612 157.766255210345 166.133602806213 493.45534542917
1350000 170.224910086963 157.710737501385 166.389413694791 494.325061283139
1351000 170.730522462777 158.183023959429 166.78099221012 495.694538632326
1352000 170.548373809567 158.612232165376 166.761434332928 495.922040307871
1353000 170.556471832987 159.056122838517 166.591077832588 496.203672504092
1354000 170.804706877541 159.67213842041 167.167469133231 497.644314431183
1355000 171.703506350696 160.728368729413 167.459696342794 499.891571422903
1356000 171.67941617645 160.160863563816 168.028254700671 499.868534440937
1357000 171.496517197839 159.695729071503 167.918733864962 499.110980134303
1358000 171.671815241179 160.663040046067 167.873642732469 500.208498019715
1359000 171.343198032286 160.069224087713 168.668217302298 500.080639422296
1360000 172.149651183868 160.595010390704 167.810834800544 500.555496375115
1361000 172.12730894641 160.887811064393 168.619139196824 501.634259207627
1362000 172.580883441975 160.069536759872 168.73005134895 501.380471550797
1363000 172.533755563151 160.629004516832 169.458417397896 502.621177477879
1364000 173.624458441862 161.631901379881 169.251990580815 504.508350402558
1365000 172.784716224398 161.463616085059 169.459577128995 503.707909438452
1366000 172.900580615843 161.061375823762 170.469686448041 504.431642887646
1367000 173.238203811486 161.511266416989 170.330892529848 505.080362758323
1368000 173.342988361839 161.545879791555 170.180220845078 505.069088998472
1369000 173.172652204404 162.040801003962 170.197460560285 505.410913768651
1370000 173.462913822419 162.061314082691 170.792074876104 506.316302781214
1371000 173.963902341453 162.258749981676 170.936783889851 507.159436212979
1372000 173.955159089081 162.414690601086 170.956981597754 507.326831287921
1373000 174.571696101297 162.683452363554 171.048420578277 508.303569043128
1374000 174.393333531141 163.100249417173 171.468905342766 508.96248829108
1375000 174.888693801797 162.549580880664 171.039576695384 508.477851377846
1376000 175.098751444512 162.97722172001 171.178332777284 509.254305941806
1377000 175.416297577211 164.158528212658 171.102138825848 510.676964615717
1378000 176.03450260975 164.325839776782 171.31904423686 511.679386623391
1379000 176.236038925146 164.169251842049 171.752578920167 512.157869687361
1380000 176.638813363986 164.417910661193 171.715097962997 512.771821988176
1381000 176.646999779631 164.7294467156 172.275774338615 513.652220833846
1382000 176.270379535223 165.079704541737 172.368765184831 513.718849261791
1383000 176.297639174522 165.924973322887 172.691265020675 514.913877518084
1384000 176.6966962695 165.28951677597 172.392277716696 514.378490762166
1385000 176.883763738204 165.175463309008 172.540299387533 514.599526434745
1386000 176.783489573932 164.7769275728 172.225060459993 513.785477606725
1387000 176.961636215497 165.409087080936 172.323893714904 514.694617011337
1388000 177.19173504762 165.185084602706 172.70975628409 515.086575934416
1389000 177.705612904931 165.556523806897 172.237742208544 515.499878920372
1390000 178.01137962613 164.730872033492 172.72152753734 515.463779196962
1391000 177.971584824362 165.457483994367 172.328346599901 515.757415418631
1392000 178.089033889046 165.994722776437 172.829023537205 516.912780202688
1393000 178.922662787517 166.273735935662 172.123018240628 517.319416963807
1394000 178.501118953046 165.964533664324 172.37818652747 516.843839144839
1395000 178.949094618472 165.043810109805 172.663825473546 516.656730201823
1396000 178.670207482812 165.395301249321 172.949244893613 517.014753625746
1397000 178.425717003687 165.003379478702 173.450301795442 516.879398277831
1398000 178.58489119548 165.362131281421 174.346115287076 518.293137763977
1399000 179.220057259498 165.208715986247 174.472589357667 518.901362603413
1400000 179.183693405716 164.98253686023 174.073798981264 518.240029247211
1401000 179.669796319018 165.015313558091 174.165060710703 518.850170587812
1402000 180.194263858928 164.880423914547 174.44160666805 519.516294441525
1403000 179.133369570356 165.517512704844 174.52540492675 519.17628720195
1404000 180.188052858627 165.964379147617 174.868222370714 521.020654376959
1405000 179.942422273889 166.003310258304 175.784734191657 521.730466723849
1406000 180.928108893229 165.898067871023 175.301016042488 522.12719280674
1407000 180.393890615024 166.436041462306 176.000491509656 522.830423586985
1408000 180.619421063373 166.634449793867 175.646356077361 522.900226934601
1409000 180.903614732868 166.536469026929 175.444514091385 522.884597851183
1410000 180.67131050069 167.063769166701 176.346026859247 524.081106526639
1411000 180.84926436604 166.682485648872 176.392306394976 523.924056409888
1412000 181.517426784402 167.131948730046 176.021271081684 524.670646596132
1413000 181.39470722294 166.815766604285 176.882969929239 525.093443756464
1414000 181.887875693874 167.080989797423 177.485466010857 526.454331502154
1415000 181.89094376773 168.050416111537 177.583185360606 527.524545239873
1416000 180.568628572979 167.945562617799 177.177104908234 525.691296099012
1417000 181.069087128018 167.804649446563 177.902369552113 526.776106126695
1418000 181.68062469046 167.937581718406 177.132397369476 526.750603778342
1419000 180.73739736115 167.755481842231 176.958571968429 525.45145117181
1420000 180.91473609556 168.334523301259 177.036402136465 526.285661533284
1421000 181.274440692059 167.621732212892 177.247673867517 526.143846772468
1422000 181.510499094949 168.160251218474 177.58972396713 527.260474280553
1423000 181.210398556271 168.429515838841 177.619480496949 527.259394892061
1424000 181.466885179488 168.375871266859 178.819997102399 528.662753548746
1425000 181.544054434359 167.71005409766 179.198642500761 528.45275103278
1426000 181.174360680333 168.328354520159 179.30897462625 528.811689826742
1427000 182.281172669405 168.245902560722 179.472319486481 529.999394716608
1428000 181.851760099596 167.906028861318 179.266395106996 529.02418406791
1429000 182.701241825463 168.220232252023 179.167448530686 530.088922608172
1430000 182.648516161744 168.85234786572 179.709473728244 531.210337755708
1431000 182.898442695313 169.694181261674 179.421383419272 532.01400737626
1432000 182.704199472729 168.761733693649 179.713845083578 531.179778249956
1433000 182.986120849231 169.154906729825 178.817031315966 530.958058895022
1434000 182.583794808162 169.057802038902 179.966265962134 531.607862809198
1435000 182.868181111663 169.288974532295 178.774801782257 530.931957426214
1436000 183.063059801565 169.452854950452 178.765106876103 531.28102162812
1437000 183.171588534348 168.890190759255 178.924285073636 530.98606436724
1438000 182.764642965651 169.660041997622 178.734819073216 531.159504036489
1439000 182.859661534325 169.5004619604 179.20333520067 531.563458695395
1440000 183.008657073544 169.115764662114 179.960073457208 532.084495192866
1441000 183.600729476706 169.054185271977 180.454182256924 533.109097005607
1442000 183.415881285736 169.498699099331 179.59234312446 532.506923509527
1443000 183.272513763605 168.978081609553 180.151041222689 532.401636595847
1444000 183.469953308245 169.141954837471 180.419163429017 533.031071574734
1445000 183.262333590161 169.545095367525 180.401389514194 533.208818471881
1446000 183.707015493602 170.136511319189 181.442963069147 535.286489881938
1447000 183.922249534622 170.841689955263 180.495878413416 535.2598179033
1448000 183.766910893284 170.29539970505 181.011724607105 535.074035205438
1449000 183.881161321811 171.063796180123 181.051979480613 535.996936982547
1450000 184.429178888672 171.249658014748 181.216859564196 536.895696467616
1451000 184.469089324685 170.862518568076 180.443848789117 535.775456681878
1452000 183.907822713083 171.454897740212 181.362060865677 536.724781318973
1453000 184.954782754538 171.606500504493 181.018603937762 537.579887196793
1454000 185.124089837675 171.702400537532 180.98130226952 537.807792644727
1455000 184.851449942542 171.619161646715 180.418668466742 536.889280055999
1456000 185.583829062035 171.311222743275 181.225514339055 538.120566144366
1457000 185.312119068119 170.757076846208 181.936871253594 538.00606716792
1458000 185.593691296116 171.41823362209 181.799997998011 538.811922916217
1459000 185.406071842649 171.851406978247 181.662141279308 538.919620100203
1460000 184.835579819861 172.185264789571 181.465898362796 538.486742972228
1461000 184.594304543197 171.862553623997 182.102045028712 538.558903195906
1462000 185.476656789856 171.702060219635 182.243046306345 539.421763315836
1463000 186.407570401836 172.14899203716 182.372099078842 540.928661517838
1464000 185.604953217927 171.76360596709 182.909041981959 540.277601166976
1465000 186.356072484983 172.420884744587 183.111603563545 541.888560793115
1466000 186.761779839542 172.235918285568 182.667317057006 541.665015182116
1467000 186.96435514051 172.858823520644 183.112416230192 542.935594891346
1468000 186.42813039488 173.270644179748 183.088815487912 542.787590062541
1469000 186.902480655468 174.417101717367 183.248948439531 544.568530812366
1470000 186.750646010024 173.525617538226 183.643172057998 543.919435606248
1471000 186.550205443039 173.717283748075 183.617332950425 543.884822141539
1472000 186.574547839428 174.303123987734 183.834779898971 544.712451726133
1473000 186.297801607432 173.581755096638 183.957616364337 543.837173068407
1474000 186.363707812887 174.263109107073 183.408913688154 544.035730608114
1475000 186.516410758793 174.142171387863 184.054858767921 544.713440914577
1476000 186.335086901084 174.418743827627 184.399209418529 545.15304014724
1477000 186.486091038209 174.586619833843 184.496612914789 545.569323786841
1478000 186.987673689973 174.431023779069 185.061424325445 546.480121794487
1479000 186.723578056235 174.564389628359 184.394338245644 545.682305930238
1480000 186.978544760766 174.849061943845 185.658793134605 547.486399839216
1481000 187.212476995534 175.582685737789 184.829294851043 547.624457584366
1482000 187.390529718987 174.514600991977 185.078323585833 546.983454296797
1483000 187.662201306063 175.254556783783 184.842520615274 547.75927870512
1484000 187.9340490399 175.667902364954 185.671848442063 549.273799846917
1485000 188.406355028309 176.467685338414 185.386853009413 550.260893376137
1486000 188.417235219403 175.871609371581 186.321622125968 550.610466716952
1487000 189.382911431924 176.044138581528 186.171087146876 551.598137160328
1488000 188.661943830696 176.070538083491 186.83295520315 551.565437117337
1489000 188.780277625841 175.933851965182 186.285279086905 550.999408677928
1490000 188.860113681247 176.540153710739 186.72303930574 552.123306697726
1491000 188.849864727634 176.178964107664 187.315418670801 552.344247506098
1492000 189.004683009448 176.77714421709 186.74286836616 552.524695592698
1493000 189.072752888871 176.662735216282 187.374202427693 553.109690532846
1494000 188.752062066869 177.190516166067 187.179430630199 553.122008863135
1495000 189.093756081094 177.193831665138 188.118253161787 554.405840908018
1496000 189.004211599665 177.407210838272 188.299794662413 554.71121710035
1497000 189.330472648333 176.595820557138 188.353671997603 554.279965203074
1498000 188.927477690778 176.792091795551 188.042289712394 553.761859198723
1499000 188.9487921287 177.249404972473 188.100027895406 554.298224996579
1500000 189.98505026504 176.70994231371 188.388101191797 555.083093770548
1501000 189.2927302434 177.128932544327 188.350594421873 554.7722572096
1502000 189.45693455916 177.003199009747 189.062490879317 555.522624448225
1503000 189.194348441441 176.607929819006 188.863833362415 554.666111622863
1504000 189.005046424654 176.728717435199 189.366821015794 555.100584875648
1505000 189.871708464022 176.179030226669 188.957473042538 555.008211733228
1506000 189.330219151677 177.02511388099 189.103338154194 555.458671186861
1507000 188.738985536935 177.693732074767 188.820776865747 555.253494477448
1508000 188.52990822504 176.845253127009 190.044430810345 555.419592162394
1509000 188.123446767185 177.260634652075 190.26292233454 555.647003753801
1510000 189.396844028644 178.014935087783 190.052062378685 557.463841495112
1511000 189.529422146957 178.166783074789 190.666966572748 558.363171794495
1512000 189.675204961892 178.299114126139 190.346965256982 558.321284345013
1513000 189.758186269647 178.162825867767 190.048124842324 557.969136979737
1514000 189.239196028187 179.024552928816 190.138952760156 558.402701717159
1515000 189.748596385531 178.581879727434 190.982231995004 559.312708107969
1516000 190.202813423793 178.5776116184 191.163044959743 559.943470001937
1517000 191.014817477248 178.01887678426 191.509986954956 560.543681216463
1518000 190.061914297438 178.742442816191 190.904762233019 559.709119346648
1519000 191.177279396034 178.211477635194 191.879615620453 561.268372651681
1520000 191.352801133251 178.704506868785 191.562617315121 561.619925317156
1521000 191.841811264319 179.544196266843 191.531887755703 562.917895286866
1522000 191.869533775339 179.132124387125 190.782551870608 561.784210033071
1523000 192.637868575999 178.566308104859 191.925039795752 563.12921647661
1524000 191.808020890684 179.224684302145 191.770551064679 562.803256257509
1525000 192.077072990885 179.627581350262 191.462913354493 563.167567695639
1526000 191.910516766666 180.02494273871 191.221854849055 563.157314354431
1527000 191.92343275111 179.509102940576 191.4629942225 562.895529914186
1528000 192.762337385693 179.938656261369 191.305098469515 564.006092116578
1529000 192.329774584178 181.030114777204 190.697903829934 564.057793191316
1530000 191.502056218157 181.074196976132 191.239495010952 563.815748205241
1531000 191.919027249467 181.048804915059 190.753864308967 563.721696473493
1532000 192.120820041997 181.240500279647 191.091202814705 564.452523136349
1533000 192.488843781395 181.360998920188 191.160399517314 565.010242218897
1534000 192.864789626567 180.779181798343 191.378426218965 565.022397643875
1535000 192.822741133008 181.202710400363 190.715542044747 564.740993578119
1536000 192.154087718882 181.766056791715 190.392051900173 564.312196410769
1537000 192.495221888173 181.812683740487 191.323683870139 565.631589498799
1538000 192.11665875204 182.211960991445 191.105028001252 565.433647744737
1539000 192.248197292671 182.634772077822 191.59612481821 566.479094188703
1540000 191.930187451998 182.444519271189 190.822603968301 565.197310691487
1541000 191.434080663139 182.913575908102 191.415053016421 565.762709587662
1542000 191.97688041614 182.978898546033 191.645354609302 566.601133571474
1543000 191.886507752034 182.997787007001 191.376523342152 566.260818101186
1544000 192.625908229101 182.582294756964 191.720675324446 566.928878310511
1545000 192.367381673268 183.231502520502 191.497163421036 567.096047614805
1546000 192.841831538774 183.460102118843 191.648982446528 567.950916104146
1547000 193.008911803306 183.920376361887 191.607191526423 568.536479691616
1548000 193.550747634942 185.224564370366 191.932234031898 570.707546037206
1549000 194.229151308089 185.480493799755 192.102190803494 571.811835911338
1550000 194.882175300353 186.044920879241 191.7807041581 572.707800337694
1551000 195.199205068723 186.050831341925 191.853366186312 573.10340259696
1552000 194.537319201672 186.964351689764 192.385312012014 573.88698290345
1553000 194.931678329806 186.327348012127 193.360238750901 574.619265092835
1554000 194.620316676356 186.839705979722 193.721104572912 575.18112722899
1555000 194.544029254738 187.181722827032 194.053676120021 575.77942820179
1556000 194.706777873993 187.341816061855 193.670310655397 575.718904591246
1557000 194.729555861703 187.85382560484 194.285729253016 576.869110719558
1558000 195.472341757378 187.04424807251 194.7625828802 577.279172710088
1559000 195.587712649808 187.312392326519 194.602988570366 577.503093546693
1560000 194.727580175889 188.438777403065 195.002153720023 578.168511298978
1561000 195.004826913186 188.034668969899 195.510200210318 578.549696093404
1562000 194.919242334308 188.773608135981 194.815642541835 578.508493012124
1563000 194.627033362643 189.478886324168 194.577252536262 578.683172223074
1564000 195.209032923115 189.12756889342 194.585043102887 578.921644919422
1565000 195.985612736007 189.446833146437 195.119042160939 580.551488043383
1566000 196.426650703979 189.930091703277 194.317134800122 580.673877207378
1567000 195.934063456109 189.849008849345 194.263672299319 580.046744604773
1568000 195.727903937727 190.546222499553 195.359288043146 581.633414480426
1569000 195.552978470127 191.5710817349 195.804635525499 582.928695730526
1570000 195.723602076826 191.282381619446 195.020849570782 582.026833267054
1571000 195.534007279446 191.42302777436 195.40844661735 582.365481671156
1572000 195.281661138369 191.197800161585 195.727056464896 582.20651776485
1573000 194.613559434278 191.763204164837 195.457086975601 581.833850574716
1574000 195.47862648625 191.437448387307 195.294929166357 582.211004039914
1575000 195.754273276483 191.616020482896 196.020843405302 583.391137164681
1576000 195.980419775456 192.408747813072 196.030243702851 584.419411291379
1577000 195.925312346402 191.388140435314 195.94283699286 583.256289774577
1578000 195.704554618908 191.30811215788 196.357414682783 583.370081459571
1579000 196.390055362923 191.544179364208 196.982490806943 584.916725534074
1580000 196.319555165534 191.375108340124 197.509274748037 585.203938253695
1581000 196.488325918316 191.811169450812 197.136030025882 585.43552539501
1582000 196.938234790419 191.565776467053 197.647182356671 586.151193614143
1583000 197.279822075315 191.670998327819 197.268357232818 586.219177635953
1584000 196.758771780896 191.907460066569 198.026346747865 586.69257859533
1585000 196.572738130995 191.641888908632 198.019087033446 586.233714073073
1586000 196.740248321649 192.22749560833 197.657717784899 586.625461714878
1587000 196.165402561068 192.085457111894 198.168631527756 586.419491200717
1588000 196.711426049631 192.517699655556 197.712127842217 586.941253547404
1589000 197.056728816692 192.536039875478 198.113046615834 587.705815308005
1590000 196.365309868364 192.846558282383 198.321273897604 587.533142048351
1591000 197.586162145167 192.510513284088 198.648611657249 588.745287086503
1592000 198.395092487849 192.645363123539 198.617353152991 589.657808764379
1593000 196.505123687704 192.524442117924 199.046345655829 588.075911461457
1594000 197.364894747855 193.315316988846 198.664398918252 589.344610654953
1595000 196.623532134353 192.9057328109 198.860519208789 588.389784154042
1596000 197.160543046854 193.093727414366 199.506423521229 589.760693982449
1597000 196.817288524126 193.375896973707 199.041567284595 589.234752782428
1598000 196.957539063599 193.445698563845 199.040970799673 589.444208427118
1599000 197.315249392115 193.267306592895 198.844896486276 589.427452471287
1600000 197.399634568173 194.108164398039 199.228485946536 590.736284912748
1601000 197.123017532359 194.200194079891 198.507140584307 589.830352196557
1602000 197.234148436611 195.014002976491 198.774699451932 591.022850865034
1603000 197.495768562095 194.650466311826 198.571434340414 590.717669214335
1604000 197.492543119373 194.852241130032 199.184299738187 591.529083987592
1605000 197.791954763817 195.107455752115 199.031574484273 591.930985000205
1606000 197.604035293713 194.494406751302 199.60498816447 591.703430209486
1607000 198.052691009133 195.464180763703 199.733832246163 593.250704018999
1608000 198.048952674748 195.045415090253 199.278119668813 592.372487433814
1609000 198.262846821526 194.767997276432 199.423303883451 592.454147981409
1610000 199.281704229566 195.018905982658 199.909984056103 594.210594268328
1611000 198.235383421314 194.607040616457 199.397090994165 592.239515031936
1612000 199.114921715631 195.327269691606 198.945047558024 593.387238965261
1613000 199.469857037522 195.256832728487 198.854962620318 593.581652386327
1614000 199.246896294158 195.265232752913 198.675914095144 593.188043142215
1615000 200.340154799903 195.608481417182 198.590023761131 594.538659978216
1616000 199.507246955684 196.340723712336 198.236516980004 594.084487648025
1617000 199.589888355678 196.305844887462 199.092202848783 594.987936091923
1618000 199.421034534272 196.02514776598 199.132299751076 594.578482051329
1619000 200.41026850522 196.010141201613 198.759476447031 595.179886153863
1620000 199.929028147547 195.522886789902 198.390205709151 593.8421206466
1621000 200.209543904206 195.795333418868 198.272385132742 594.277262455816
1622000 200.217527695817 196.101541428117 199.006127768929 595.325196892863
1623000 199.968725555593 195.914554090205 198.765204087189 594.648483732987
1624000 200.078023760608 196.380607388515 199.079405066837 595.53803621596
1625000 200.349697033254 196.335837666459 199.431908495819 596.117443195532
1626000 200.462629958676 196.181435961162 199.474649780926 596.118715700763
1627000 200.830081841518 196.629369028178 199.360431300241 596.819882169937
1628000 201.204146530221 196.508304444545 199.214225938693 596.926676913459
1629000 201.799193994079 196.720530428662 198.996606838308 597.516331261049
1630000 200.095955452865 196.707020430175 199.138301169508 595.941277052548
1631000 200.672455930306 197.016394503948 199.343495559532 597.032345993786
1632000 200.574486320951 196.803538097957 199.110632567782 596.488656986689
1633000 200.279283386358 196.323476500757 199.630731055173 596.233490942288
1634000 201.228996105431 196.280561691805 200.270801585285 597.780359382521
1635000 201.095211740629 196.332991230391 200.442046803968 597.870249774988
1636000 201.172150169664 196.39426184226 201.148542621736 598.714954633661
1637000 201.124947055558 195.995096201787 201.568254065708 598.688297323053
1638000 201.713173990027 196.734424303446 201.416765035816 599.864363329288
1639000 201.116573449401 197.298374811599 201.411053868582 599.826002129581
1640000 201.36183154181 197.309788985792 201.575972492608 600.24759302021
1641000 200.992534937416 197.206863966659 201.417405248479 599.616804152555
1642000 200.654613825299 197.365507984355 201.982368255736 600.002490065389
1643000 201.227463700238 197.246479036905 202.070419655114 600.544362392258
1644000 201.493246665758 197.688626241893 202.23176948056 601.413642388211
1645000 201.165995255336 197.743169756153 201.708841904389 600.618006915878
1646000 200.826112972717 197.613373140503 201.101040811281 599.5405269245
1647000 201.295930355557 197.589549790062 201.390471664539 600.275951810159
1648000 201.3145822985 197.618681311186 202.157011598611 601.090275208297
1649000 200.835815041316 198.309493140038 202.275834734476 601.42114291583
1650000 201.465282867438 198.048926250546 202.412384813858 601.926593931842
1651000 201.521548804572 198.17389611617 203.012184759246 602.707629679988
1652000 201.749775749775 198.570604174707 202.824898939445 603.145278863927
1653000 201.946652533983 198.891688979248 203.256594703086 604.094936216317
1654000 202.031801210303 199.096538205321 203.10082386871 604.229163284334
1655000 202.121727906994 199.225385376828 203.790970164602 605.138083448423
1656000 202.860960273064 199.553291780208 203.375500072147 605.78975212542
1657000 203.003461049495 198.762000729146 203.646965386784 605.412427165425
1658000 202.848165786759 199.413813885202 203.489422226166 605.751401898127
1659000 203.366923151398 199.504916740341 203.185363241977 606.057203133716
1660000 202.867054129605 199.422597305405 203.502731262312 605.792382697322
1661000 202.870108444826 199.398633872903 204.107952206059 606.376694523788
1662000 203.315259024826 199.617264903035 204.338180975162 607.270704903023
1663000 203.524297791568 199.510174794032 204.741673898107 607.776146483706
1664000 204.256431252061 199.31105652173 205.220896494209 608.788384268
1665000 204.078628466855 199.740243707053 204.653594171468 608.472466345376
1666000 204.510985969456 200.545124248345 204.416303512897 609.472413730698
1667000 205.080507025825 200.829616556399 204.734836032197 610.644959614421
1668000 205.452777631287 200.605248324914 205.029721751547 611.087747707748
1669000 205.397980491699 200.509450464387 206.304273005364 612.211703961449
1670000 205.811136492322 200.442234952364 205.308967912346 611.562339357032
1671000 205.419196233064 200.28430289996 205.26024791039 610.963747043413
1672000 206.005770233659 200.555158764177 205.140918891873 611.701847889708
1673000 205.378266347176 200.472552272 205.651595223116 611.502413842292
1674000 206.110157356073 200.307605384778 205.68433051223 612.102093253082
1675000 206.612943151626 200.55296099484 205.740662685695 612.90656683216
1676000 206.684472797722 201.603263100178 205.711726438195 613.999462336096
1677000 207.278271292977 200.924943479296 206.340174094122 614.543388866395
1678000 206.337589550026 201.716340163754 206.899864251719 614.9537939655
1679000 207.0999550271 202.217211654684 205.850790076355 615.16795675814
1680000 207.018019006424 203.121538954157 206.959663328427 617.099221289008
1681000 207.169629444422 202.242114903331 206.963209289878 616.374953637632
1682000 207.284164705459 202.702978477817 207.325625219067 617.312768402343
1683000 207.672381770805 202.444737829239 207.29518485574 617.412304455783
1684000 208.299574656124 202.25470236216 207.566596373786 618.12087339207
1685000 207.797817036601 201.882776099778 207.648811924904 617.329405061283
1686000 207.730416311667 202.061977075033 208.578881473638 618.371274860338
1687000 207.561736697148 202.37382500266 207.585019848987 617.520581548794
1688000 208.052410667511 202.362251802769 207.241604764639 617.656267234919
1689000 207.707148830143 202.520300608156 208.425592951289 618.653042389588
1690000 207.50505394278 202.675368712111 208.074615308002 618.255037962893
1691000 207.3807119304 202.172991873897 208.40081064762 617.954514451917
1692000 207.965066209544 202.434297979751 208.046986162369 618.446350351665
1693000 208.38660746852 202.810372029946 207.894372421439 619.091351919904
1694000 208.807105081103 202.563845529669 207.93608689452 619.307037505292
1695000 208.866603012054 202.174200580461 208.278258339647 619.319061932163
1696000 208.936954947758 202.06139932087 208.602286706842 619.60064097547
1697000 208.284121022528 202.899582762292 208.319647354079 619.503351138899
1698000 208.566619335416 202.773709602238 207.552566480438 618.892895418092
1699000 208.83206605258 202.542378804544 208.752314854404 620.126759711528
1700000 208.758816322913 202.359842510047 207.369190208856 618.487849041816
1701000 208.47196384669 202.790357446496 208.414433018553 619.676754311739
1702000 208.814643219682 203.464780845558 207.870537793102 620.149961858342
1703000 209.42386911411 202.655272123388 208.79545386506 620.874595102558
1704000 209.368855658801 203.146099934219 208.207166059531 620.722121652551
1705000 209.342081256991 202.961428011805 208.419996356069 620.723505624865
1706000 209.442354847294 202.746191798446 208.825193935973 621.013740581713
1707000 209.194125376166 203.711088694048 207.571656159075 620.476870229289
1708000 209.160460898282 204.371310331487 207.647025912932 621.178797142701
1709000 208.665064686825 204.714964376756 207.38362277913 620.763651842712
1710000 208.93307583799 204.583916096027 206.660709985572 620.177701919588
1711000 209.418383068441 205.5708784732 206.958572366504 621.947833908145
1712000 209.559764236059 205.716169276155 207.038154473518 622.314087985732
1713000 209.7386785206 205.82203647248 207.218872815827 622.779587808907
1714000 208.801906332746 206.328042811 206.209352892435 621.33930203618
1715000 209.622632376892 205.043781503032 206.81028777662 621.476701656544
1716000 209.849178713429 205.463133520648 206.496942263302 621.809254497379
1717000 209.797228043591 205.407964591879 207.605285633458 622.810478268928
1718000 209.863804456762 206.004483923473 208.066990799571 623.935279179806
1719000 209.924801940681 206.423616027543 208.767186810639 625.115604778863
1720000 210.171015885709 206.317090753361 208.396286501587 624.884393140657
1721000 210.085572681982 206.704145429381 208.399605919567 625.18932403093
1722000 209.789436282422 207.068643104619 209.088382551446 625.946461938487
1723000 209.754540594822 207.568370500834 208.444758461369 625.767669557026
1724000 210.301492688655 207.57140703635 208.618740617176 626.49164034218
1725000 210.810657492191 207.01039518172 208.791021474227 626.612074148138
1726000 209.997786361477 207.211647784638 208.849983335348 626.059417481462
1727000 209.986520076741 206.691532110318 209.773147007693 626.451199194752
1728000 211.119607885934 207.157772632062 209.667185977547 627.944566495542
1729000 210.841418338727 207.207030904677 209.560215521527 627.60866476493
1730000 210.352265983812 207.899001950344 210.457900409627 628.709168343784
1731000 210.378331071122 207.838021206763 210.638691209538 628.855043487422
1732000 211.218765739854 207.554405406511 210.328706453061 629.101877599425
1733000 211.544171274708 207.681198637862 211.325820515128 630.551190427698
1734000 211.669015488287 207.865275815999 211.493624715393 631.027916019678
1735000 210.835851208351 207.993832811322 211.170823410269 630.000507429942
1736000 211.258342642391 207.683976452538 211.514434134249 630.456753229177
1737000 211.927750452485 208.062615558753 211.723970593446 631.714336604683
1738000 211.844719880384 207.987666978366 212.047678288161 631.880065146911
1739000 211.684498688772 207.549623418397 211.317299352374 630.551421459543
1740000 211.477060927856 207.344378891216 211.312650650291 630.134090469363
1741000 212.346262078219 207.434146941411 211.743638935598 631.524047955228
1742000 212.22075794746 206.86293633842 212.722037932852 631.805732218733
1743000 211.719089074271 208.003259919732 211.788414580834 631.510763574838
1744000 212.208703324648 207.476140870523 210.838630259536 630.523474454707
1745000 212.873617301448 207.461359046318 211.422785126511 631.757761474276
1746000 212.49212931912 206.673336923729 211.316909209103 630.482375451951
1747000 213.109707388032 207.174007913736 211.97101656761 632.254731869378
1748000 212.902553897453 206.572652190018 212.480462375631 631.955668463101
1749000 213.000196118338 207.487792706223 212.622364529986 633.110353354547
1750000 213.290232931609 206.657240893745 213.046888965922 632.994362791276
1751000 214.354174907275 207.670627200385 213.686198246227 635.711000353888
1752000 214.024197884587 208.093570664054 214.459755759361 636.577524308002
1753000 214.201119684667 207.984912205236 213.942657555592 636.128689445495
1754000 213.716982630796 208.441584598606 214.097283355487 636.255850584889
1755000 214.342830740567 207.823507888493 213.22023944587 635.38657807493
1756000 213.56419823836 208.171689053779 213.97168565821 635.707572950348
1757000 213.818097116091 208.200919625718 213.993384755259 636.012401497068
1758000 213.934252701519 207.93645718574 214.845714935266 636.716424822525
1759000 214.237645139631 209.105209142827 214.589526961453 637.932381243911
1760000 215.480290741184 208.584460122422 214.281595969765 638.346346833372
1761000 214.75457420266 209.329416668961 214.248105809563 638.332096681183
1762000 214.240018104062 209.223633336131 214.56708684097 638.030738281163
1763000 214.472033173198 209.662222038118 215.540786251188 639.675041462504
1764000 214.516811428895 209.410197763974 214.648543933403 638.575553126273
1765000 214.76423088812 209.850215948146 214.836359906245 639.450806742511
1766000 213.90025782942 210.517118724823 214.827890780751 639.245267334994
1767000 213.914277411667 209.97222373363 215.246220762232 639.132721907529
1768000 214.397136037242 211.182315470375 214.946125381146 640.525576888763
1769000 214.312466287024 210.038844711734 215.307853687502 639.65916468626
1770000 213.878425280078 211.064611915322 215.554954838143 640.497992033542
1771000 214.575266184787 210.558891509957 216.185832944373 641.319990639116
1772000 214.163310459698 211.649554847399 216.243074780471 642.055940087568
1773000 214.783849116245 211.738571700015 216.945060388201 643.467481204462
1774000 214.919441471349 211.714473076458 216.226170617587 642.860085165394
1775000 214.936890792664 211.556538621856 217.609537747692 644.102967162211
1776000 215.331538449597 211.446107116183 217.765564570258 644.543210136038
1777000 215.351025990725 212.411703298 217.640762123705 645.40349141243
1778000 215.537624637004 211.395153472175 217.117371706937 644.050149816116
1779000 215.586917373097 211.443186203575 217.522720068498 644.55282364517
1780000 215.74568821983 210.961501227157 216.631149761808 643.338339208796
1781000 215.937852423126 211.082424348372 217.185930930232 644.20620770173
1782000 216.075213583933 210.631851941551 217.061869103857 643.768934629341
1783000 215.689739104625 210.562124073765 217.012901380406 643.264764558796
1784000 216.182369264533 211.281660540262 217.080322763416 644.54435256821
1785000 215.003727975723 210.819926747662 218.017219956606 643.840874679991
1786000 216.029365509999 210.911026854175 218.232569739142 645.172962103316
1787000 216.005990570904 211.670482791175 217.680532938227 645.357006300306
1788000 215.939480261386 210.857661308346 217.206688154954 644.003829724685
1789000 215.584585111364 211.578352212068 217.309463236402 644.472400559833
1790000 215.877084475991 211.740680489137 217.471558204099 645.089323169227
1791000 216.210565717099 211.867417714304 216.750342237719 644.828325669122
1792000 216.620604601033 212.039017160237 217.230213841417 645.889835602688
1793000 216.585061760254 211.867667767976 216.496132779313 644.948862307544
1794000 217.529324181117 212.84207086944 216.946264773598 647.317659824155
1795000 217.882645004976 212.76807407546 216.792431582355 647.443150662791
1796000 217.763851471094 212.380603009206 218.005346433516 648.149800913817
1797000 217.403318565458 212.302588986706 217.820964829191 647.526872381355
1798000 217.69095104496 212.643132854268 218.072473507376 648.406557406603
1799000 218.240307666536 212.690959821187 217.516718463993 648.447985951716
1800000 218.652136140893 213.169139878336 217.605244622524 649.426520641753
1801000 218.923262728791 213.201879757201 217.979856827738 650.104999313729
1802000 218.939610794317 212.511515990357 218.812818494187 650.263945278861
1803000 220.118997008471 212.290092171878 219.183138571486 651.592227751835
1804000 220.273429171772 211.967418848564 218.581278438173 650.82212645851
1805000 219.809623586232 212.052223546528 219.058500502861 650.92034763562
1806000 220.112195452051 211.789207457568 218.657558835229 650.558961744848
1807000 220.89120485562 212.092209619714 218.93622286375 651.919637339084
1808000 220.914408763339 212.313467741641 219.01610059725 652.24397710223
1809000 220.88641383566 212.290910145686 219.38861956432 652.565943545666
1810000 221.296047302353 212.25382000292 219.176648137467 652.726515442741
1811000 221.969967241671 212.19022924646 219.629021538925 653.789218027056
1812000 221.597836765554 212.512979575647 220.823612225059 654.93442856626
1813000 222.275615013118 211.937538267684 220.643927517165 654.857080797968
1814000 223.195046106566 212.219389628451 221.352918449893 656.767354184911
1815000 222.298994080881 212.470519329376 219.978187911067 654.747701321323
1816000 223.319250489679 212.113135437072 219.8519526053 655.284338532052
1817000 222.365608836667 212.269070514569 220.210013176213 654.844692527449
1818000 222.533354989472 212.984009595912 220.76257672018 656.279941305564
1819000 222.869284094912 212.922281851444 220.069530898461 655.861096844817
1820000 223.278133440327 212.83610012315 219.739069036964 655.853302600442
1821000 223.428632157234 213.619384047654 219.766935867937 656.814952072825
1822000 223.102730684602 213.155600716421 220.390961056878 656.649292457901
1823000 223.161157597614 212.325586915989 220.272487847491 655.759232361094
1824000 222.793944606334 212.578144280997 220.179306732986 655.551395620317
1825000 222.866680126954 213.158295340878 220.603348715624 656.628324183456
1826000 223.930872937793 212.849318630436 220.201843072232 656.98203464046
1827000 224.656063581175 213.615481078449 220.198113017139 658.469657676763
1828000 224.49300138559 213.71462148347 219.782015091652 657.989637960711
1829000 224.488018198116 214.25176897296 219.880728306876 658.620515477951
1830000 224.325616822072 214.136090010498 220.408682712286 658.870389544856
1831000 225.074205292676 214.183113198619 220.189598613873 659.446917105168
1832000 224.582025853947 213.980321211076 221.011774449265 659.574121514288
1833000 224.451886336108 213.812849054448 221.352584318533 659.617319709089
1834000 224.029895526583 214.788006296287 221.660795189939 660.478697012809
1835000 224.463725106874 215.26150856879 221.835628550733 661.560862226397
1836000 224.518213307161 215.16881154052 221.461431559206 661.148456406887
1837000 225.472496890307 215.972217082262 222.233226533356 663.677940505925
1838000 225.640256513115 215.422225991279 222.22452878786 663.287011292254
1839000 226.23564306188 215.635092436995 222.317260372871 664.187995871746
1840000 225.678680476237 215.728065254043 222.688347320652 664.095093050932
1841000 226.225896948237 215.927642224985 222.526860652613 664.680399825834
1842000 226.689201381729 216.248928568029 222.657869564809 665.595999514567
1843000 227.146303618522 215.460841093784 222.75992930981 665.367074022116
1844000 226.831012347362 215.68817566254 222.595669070435 665.114857080337
1845000 226.595373631344 216.045254751117 222.801730617437 665.442358999898
1846000 227.708777687278 216.137730603099 222.451198541611 666.297706831988
1847000 227.785634467908 216.342083286671 222.725884073859 666.853601828439
1848000 227.707513031164 216.119267751027 222.590452387874 666.417233170065
1849000 227.154698660691 216.747947896119 222.719512565284 666.622159122093
1850000 227.467928987555 216.91244855155 222.01369146159 666.394069000694
1851000 227.941442879936 216.734650688681 221.82334139771 666.499434966327
1852000 227.822256047848 217.240194718632 221.438789030742 666.501239797222
1853000 228.146161421491 216.657693459746 221.74721804166 666.551072922898
1854000 227.827064677281 216.983187743886 221.948243559225 666.758495980392
1855000 228.685710803779 216.935000432491 222.199928431189 667.82063966746
1856000 228.164571898517 216.786744831958 221.941225013272 666.892541743747
1857000 228.302471921452 218.09868167408 221.926494263761 668.327647859293
1858000 228.533124722639 218.553631253347 222.713540987013 669.800296962998
1859000 229.598432395596 219.120952157811 222.770349438229 671.489733991636
1860000 228.592093162232 218.577792649106 221.798007452059 668.967893263396
1861000 228.40723180867 218.915646645324 222.465531942047 669.788410396042
1862000 228.995656847955 218.904253466425 222.317183537563 670.217093851944
1863000 229.282404545604 218.778833030159 222.963500077469 671.024737653233
1864000 229.941260110688 218.653371935376 222.48419245928 671.078824505345
1865000 230.481651700134 218.83717503494 223.046180094104 672.365006829177
1866000 230.284232013387 217.869123663149 223.546979352609 671.700335029144
1867000 230.547838692909 219.358061368057 223.901048804623 673.806948865589
1868000 230.405770094037 219.371977423315 224.071098176945 673.848845694297
1869000 231.430901745823 219.064646359684 224.275469002812 674.771017108319
1870000 230.903336152928 219.52828083453 225.039925464222 675.47154245168
1871000 231.505107274514 219.752639048097 224.450253640782 675.707999963393
1872000 231.101790775312 220.478540143776 224.326796218155 675.907127137243
1873000 232.109780648461 220.870638008477 225.483308336039 678.463726992977
1874000 231.917160324446 221.303142243267 225.942347495035 679.162650062747
1875000 232.633026376899 221.315855311308 226.207538332027 680.156420020234
1876000 231.432237645953 221.745109481216 225.581205250809 678.758552377978
1877000 232.221630522523 221.654010799218 227.000720132311 680.876361454052
1878000 232.709155320947 221.229058108383 226.239006657253 680.177220086583
1879000 232.832508541708 221.42434866145 226.603051062898 680.859908266056
1880000 233.100389825197 221.604188815726 226.585383837995 681.289962478918
1881000 232.33413308091 221.940802960376 227.174555927301 681.449491968587
1882000 232.873680229265 222.490682507217 227.476787952786 682.841150689267
1883000 233.372335949855 223.041978285238 228.047937183862 684.462251418955
1884000 232.845542140238 222.95254001468 227.391853614797 683.189935769714
1885000 233.016223155802 222.689442104804 227.52741163531 683.233076895916
1886000 232.814818875653 223.812235794527 227.915832402414 684.542887072594
1887000 232.443715236807 224.047779902394 228.233701826576 684.725196965777
1888000 232.446072320765 223.726085737061 228.482278811704 684.65443686953
1889000 232.571200787083 223.783181908964 228.189463944717 684.543846640764
1890000 233.201296876205 224.140739460839 228.769863165101 686.111899502145
1891000 233.283926099238 223.77309759366 229.077224758577 686.134248451475
1892000 233.153889731977 223.935194679494 229.207922270482 686.297006681953
1893000 232.605838217203 224.311777028956 229.042293611099 685.959908857257
1894000 232.525185540859 223.036557568496 229.211822799549 684.773565908905
1895000 232.750060760891 223.836807542532 229.444903841248 686.031772144671
1896000 233.612972128158 224.019920573078 230.08291408204 687.715806783276
1897000 233.963774826933 224.511027820323 230.596967187417 689.071769834673
1898000 233.850721152765 224.551779143288 231.189330266897 689.59183056295
1899000 234.915281292472 224.637846492895 231.143032925918 690.696160711285
1900000 235.153071094637 224.274286278009 231.986292383353 691.413649755999
1901000 234.878418816947 225.053613433837 232.219755152298 692.151787403082
1902000 235.156366058897 224.368308313119 232.165019558669 691.689693930685
1903000 235.18372972823 224.465818223293 232.740451818649 692.389999770173
1904000 234.779540238601 224.030823595275 233.00425585954 691.814619693416
1905000 235.590983059751 225.236858519928 232.742251553588 693.570093133268
1906000 235.717211554034 225.621634776106 232.96501505406 694.3038613842
1907000 236.390055474696 225.241964244586 232.167940756946 693.799960476229
1908000 236.541774205935 225.239578428355 233.489346618491 695.270699252781
1909000 235.723412872067 225.797029985621 233.685863466337 695.206306324026
1910000 236.503111918842 225.443855259834 233.079514532596 695.026481711272
1911000 236.605690038132 225.076719466954 233.725816280147 695.408225785233
1912000 236.530752438528 225.633237230902 233.703561126126 695.867550795557
1913000 237.638658368952 226.127065540711 234.504170932431 698.269894842094
1914000 237.343416789897 227.020946453856 234.149070874264 698.513434118017
1915000 237.362718274691 226.953626556676 235.386181525395 699.702526356763
1916000 237.604654336297 228.116757026642 234.488542643193 700.209954006133
1917000 238.367288827755 228.514638147289 235.351729960409 702.233656935454
1918000 238.442138620767 229.138200842805 234.829343519276 702.409682982848
1919000 237.725374471055 229.826105450713 235.693598693091 703.245078614859
1920000 238.306391688555 229.512018284834 236.249549943051 704.06795991644
1921000 238.464522219518 229.509269024254 236.307270162807 704.281061406578
1922000 237.841437764035 230.084122759452 236.379197410664 704.304757934151
1923000 238.362716952085 230.83390005548 236.607844694016 705.804461701582
1924000 238.439277128941 230.406629742172 236.67999429658 705.525901167693
1925000 239.245030420988 230.266548644526 236.844991405526 706.35657047104
1926000 237.657050715838 230.647876397876 237.060893012725 705.365820126438
1927000 238.286761127801 231.265622973892 237.352528687037 706.90491278873
1928000 238.88025093429 230.557297028966 237.456783531379 706.894331494635
1929000 238.195643090894 231.590507532024 238.741118078337 708.527268701255
1930000 238.274019256194 230.411858205444 239.108566805965 707.794444267603
1931000 237.600351088437 230.725044858071 238.460063834659 706.785459781167
1932000 238.179637112484 230.828751657748 238.816796616061 707.825185386292
1933000 238.555877792351 230.466971238313 238.440858938622 707.463707969287
1934000 238.308864873694 229.990854948174 238.252281175315 706.552000997183
1935000 238.581340758524 229.399361816647 237.749121214206 705.729823789376
1936000 238.39900890875 230.038402205633 238.351138484524 706.788549598906
1937000 238.94336177524 229.03263871508 238.092276558532 706.068277048852
1938000 238.685547668047 229.814882772074 238.706794972566 707.207225412687
1939000 239.592059397673 230.03315502158 239.22263827582 708.847852695073
1940000 239.246477146882 229.356268128672 238.400523950472 707.003269226026
1941000 239.593499608966 230.080552200506 238.852003565271 708.526055374742
1942000 239.110304263112 230.41910515653 238.742750333834 708.272159753477
1943000 238.278238963959 231.181478311335 239.360914114359 708.820631389654
1944000 237.898060928371 230.613761914741 239.905445799358 708.417268642471
1945000 239.276383845464 230.391801282631 239.168248444193 708.836433572289
1946000 238.608618667509 230.146282080666 239.264460534485 708.01936128266
1947000 238.367295095114 231.728486555872 238.89756319427 708.993344845256
1948000 237.861319302513 231.410662230744 239.992543083129 709.264524616386
1949000 238.160016170882 231.64155581585 239.359802919596 709.161374906327
1950000 238.374902116055 232.185112353812 239.389907140555 709.949921610423
1951000 239.06387160692 232.086631987368 240.605802604329 711.756306198616
1952000 238.716458764015 233.112440668823 240.522303414715 712.351202847553
1953000 239.335496196102 232.198283690814 240.350862112002 711.884641998919
1954000 239.966286941981 232.38560097985 240.192471765375 712.544359687206
1955000 239.953906313169 233.087112010488 241.059288413824 714.100306737481
1956000 240.077558298664 232.475587911825 241.935488831021 714.48863504151
1957000 240.824318970364 232.813043771878 241.34919741818 714.986560160422
1958000 240.065062047121 232.950882295531 242.22575881823 715.241703160881
1959000 240.663895896268 233.46787448316 241.983604581292 716.11537496072
1960000 241.16567636894 233.550912570513 242.545923291558 717.26251223101
1961000 241.697549270723 233.070026295129 241.940202719719 716.707778285571
1962000 241.483403563277 234.022664677032 241.777077786233 717.283146026542
1963000 242.529039514836 234.486161114286 242.595757346673 719.610957975795
1964000 241.765056955291 235.041278515749 242.695930129894 719.502265600935
1965000 241.700915636245 234.6528303296 243.903026253455 720.2567722193
1966000 241.024753767451 235.95408068251 242.974780002499 719.95361445246
1967000 241.371933091397 234.584706419233 244.342071769238 720.298711279868
1968000 242.736159495516 234.583378704489 243.85584635485 721.175384554855
1969000 241.243152793536 234.796259164087 244.339664162798 720.379076120421
1970000 241.821510228293 234.983725509543 243.914785228018 720.720020965854
1971000 242.434518825322 235.524083662991 244.063701685288 722.022304173602
1972000 241.878294902953 236.45850791521 243.986231975313 722.323034793476
1973000 242.706886604485 235.126011990888 244.604408057167 722.43730665254
1974000 242.704255926535 235.601451894274 243.442949339545 721.748657160354
1975000 243.293596325356 236.105686511495 243.578736366205 722.978019203055
1976000 243.478644330668 236.112805762644 243.903339061946 723.494789155259
1977000 243.865423424093 236.719871921894 244.261712892642 724.847008238629
1978000 244.130132011872 236.153952739473 244.067156891876 724.351241643222
1979000 244.495174856835 236.350689567943 243.482020707977 724.327885132756
1980000 245.150848964519 236.355814773898 242.596544330648 724.103208069065
1981000 244.431181281473 237.32989780892 242.454908647826 724.215987738219
1982000 244.235269227041 236.439576231791 242.273322904497 722.948168363329
1983000 244.683464616923 236.185693944359 242.192191297404 723.061349858686
1984000 244.733249850433 236.770433680916 242.906271175315 724.409954706663
1985000 246.036926063499 236.933840980398 243.003396888153 725.974163932049
1986000 245.464966676973 236.565310896886 243.059119482707 725.089397056565
1987000 246.023373886317 236.87654110058 242.210176072355 725.110091059252
1988000 245.377368761273 236.511396858595 242.996593793851 724.88535941372
1989000 245.979585840395 237.781423579405 242.595808427851 726.35681784765
1990000 245.103614914398 236.424656355675 243.627558813473 725.155830083546
1991000 245.216937679209 237.562944748743 243.459098908907 726.238981336859
1992000 245.791350443946 236.847988414864 243.892715863989 726.532054722798
1993000 245.111470892421 236.891713180793 243.861099983077 725.864284056291
1994000 244.874391292368 237.060112132098 243.905677784141 725.840181208607
1995000 244.517031344987 237.898118459626 244.009600386032 726.424750190645
1996000 244.753800820677 237.443420355342 244.44828710918 726.6455082852
1997000 245.031923320818 236.891994774971 244.098342622596 726.022260718385
1998000 244.427204359293 237.484083255765 244.654285365734 726.565572980792
1999000 244.351918485179 237.001053592928 244.842672075179 726.195644153286
2000000 244.421520204438 237.774305788979 245.740392044644 727.936218038062
2001000 245.350423738648 236.750044279615 245.292532682437 727.3930007007
2002000 244.840279315271 237.439925636032 245.613659558524 727.893864509827
2003000 245.098962615083 237.161941432126 245.346748892839 727.607652940049
2004000 245.018554758656 237.192809826293 246.30229629779 728.513660882739
2005000 244.747021849782 237.370009023537 246.108598722176 728.225629595495
2006000 245.141528244856 237.584278070267 245.464573871805 728.190380186928
2007000 245.391201935407 238.760966271922 244.219345495361 728.37151370269
2008000 244.832890896467 238.689202395645 245.376715669425 728.898808961537
2009000 245.131231570801 238.835821376792 244.94395036112 728.911003308713
2010000 244.813737032171 239.452589591516 245.11649330255 729.382819926237
2011000 245.20512250499 240.229255950926 246.235813349403 731.670191805318
2012000 245.224323974654 239.87435917116 246.968106876206 732.066790022019
2013000 244.944587134822 239.843643963929 246.537065059742 731.325296158493
2014000 245.032151503169 239.072260617683 245.775174869511 729.879586990363
2015000 244.933124187999 240.516160894566 246.618123227439 732.067408310004
2016000 244.174070535741 239.955250081194 245.603136782103 729.732457399037
2017000 244.304147799755 239.95288545545 246.438837372816 730.69587062802
2018000 244.722046709699 240.632295119116 246.65408581882 732.008427647634
2019000 245.131082704614 240.404803424965 245.747767899801 731.28365402938
2020000 244.708393254806 240.232764997592 246.446475965163 731.387634217561
2021000 244.783760596193 240.484949388892 247.091277538809 732.359987523894
2022000 244.578175186069 240.718255304202 247.124074158812 732.420504649083
2023000 245.418601594612 239.982230920609 247.372562907028 732.773395422248
2024000 245.688175410701 240.539685321887 247.188144683215 733.416005415803
2025000 245.992069338458 240.742819656719 247.62476842225 734.359657417427
2026000 246.706135479782 240.964133991328 248.181095194547 735.851364665658
2027000 246.247350722828 241.832508706803 248.282290391288 736.362149820918
2028000 246.411267820607 242.272036042877 248.356384798771 737.039688662255
2029000 245.880531161946 242.207552578544 248.394448675093 736.482532415583
2030000 246.25437273032 241.84058072313 248.440436406909 736.535389860358
2031000 246.148968839751 241.91622108486 248.755372645373 736.820562569985
2032000 246.62170600111 241.786179685571 248.035789214277 736.443674900959
2033000 246.17870317208 241.422556435349 248.532851288045 736.134110895475
2034000 246.682876174818 241.582735240333 248.298159740128 736.563771155278
2035000 245.982041812106 241.440137746271 248.765927537244 736.188107095621
2036000 246.058364978098 241.832298270366 248.819928492886 736.710591741351
2037000 245.762692094038 241.776720827402 249.885502759818 737.424915681257
2038000 246.125782677344 242.051845675331 250.123778349828 738.301406702503
2039000 246.016034987231 241.738992670487 250.496097021311 738.251124679029
2040000 245.750096249708 242.096593948132 250.288642860631 738.135333058471
2041000 246.22009626737 241.3987880617 249.935393125019 737.554277454089
2042000 246.076659751774 241.505558384757 250.389466299182 737.971684435714
2043000 246.12934313711 241.119381882767 250.433774053871 737.682499073748
2044000 244.872293318751 242.311353935108 250.993234644843 738.176881898702
2045000 244.966546340805 242.490721459957 250.934290125646 738.391557926408
2046000 245.017420525449 243.562669848725 251.441890915633 740.021981289806
2047000 246.071776184827 243.026098581244 251.170839993509 740.268714759581
2048000 245.726874487082 244.106446877226 251.544975242373 741.378296606682
2049000 246.431848196041 243.466027240104 251.349734443555 741.2476098797
2050000 246.265056238214 244.445054884772 252.14844690148 742.858558024467
2051000 246.831407643726 244.713987629886 252.282522934198 743.82791820781
2052000 246.375521906289 245.296931897582 252.669776876842 744.342230680713
2053000 246.419485853054 245.519978698971 252.250072812533 744.189537364558
2054000 246.28826177066 245.59504127289 252.770743660383 744.654046703933
2055000 246.211167316203 245.750833372518 252.465901071329 744.427901760051
2056000 245.479387695917 246.137679940815 253.12046846915 744.737536105883
2057000 246.238183469639 246.535570354796 253.472859995589 746.246613820024
2058000 245.462177895274 246.862219920329 252.559785272425 744.884183088028
2059000 246.071054574008 247.07542002238 253.181722883186 746.328197479574
2060000 245.050650138358 246.632867281432 252.661876120113 744.345393539903
2061000 245.257539057147 247.363734691187 251.82328621042 744.444559958754
2062000 245.858935158505 247.199477277713 252.021366331996 745.079778768215
2063000 246.15116196581 247.771022105413 252.431665729551 746.353849800774
2064000 246.049875195328 247.88933477075 252.592442589245 746.531652555323
2065000 246.486773003692 247.81431091578 252.383890602015 746.684974521486
2066000 245.933305992937 248.30792994275 252.577232939209 746.818468874897
2067000 245.748466064861 247.988566701262 253.254841324418 746.991874090541
2068000 246.07997755427 248.635098164824 253.911082169449 748.626157888544
2069000 247.121342531333 248.136347874329 254.539881945998 749.79757235166
2070000 247.079144659412 248.222380284491 254.787803915535 750.089328859438
2071000 247.114611728947 248.690641002664 254.822621067314 750.627873798925
2072000 247.557116966207 248.738762184331 254.557516800042 750.85339595058
2073000 247.489423333911 249.976383917798 255.553373262092 753.0191805138
2074000 247.421466607242 249.883055451386 255.887917901517 753.192439960145
2075000 247.833191819262 249.77681441029 256.309134775958 753.919141005511
2076000 246.872429389625 249.857304013342 255.223828367987 751.953561770954
2077000 248.238710918722 249.874567184104 255.680571173847 753.793849276673
2078000 247.144311674285 250.570629623349 255.739140523038 753.454081820672
2079000 247.421503585722 250.887952047505 256.733796542888 755.043252176115
2080000 247.635955034734 250.179210251047 257.522954592888 755.338119878669
2081000 247.570224261682 250.746505795188 257.014685018373 755.331415075244
2082000 247.078969041266 251.206207595342 257.617945664882 755.90312230149
2083000 247.538257132223 251.98910133245 257.916065031408 757.443423496081
2084000 248.115081437602 251.333316343774 258.609046992082 758.057444773457
2085000 247.531199198169 252.340399647996 258.155724718799 758.027323564964
2086000 248.535481171419 251.737103168465 259.013280485072 759.285864824956
2087000 247.959487793371 251.112326342154 259.34663970234 758.418453837865
2088000 247.897596294884 250.802930511309 259.319618488997 758.02014529519
2089000 248.577074771487 250.812742383476 259.895964575509 759.285781730472
2090000 247.438875060402 251.427236290683 259.695114519423 758.561225870508
2091000 248.642913759885 250.900345705328 259.901991914258 759.445251379471
2092000 248.346702345471 252.366940892328 260.143582185912 760.857225423711
2093000 248.84798095502 252.62887228808 260.396533463093 761.873386706192
2094000 247.95604830145 252.282775772758 260.568005143202 760.80682921741
2095000 248.907662871767 252.185801222433 260.542762116291 761.636226210491
2096000 249.293469653766 251.692795991528 261.107321821047 762.093587466341
2097000 248.318133406715 252.580786037684 260.137133033782 761.036052478182
2098000 248.529317243802 252.962803982398 260.344610415514 761.836731641715
2099000 249.031754648868 253.485842576418 261.022798843647 763.540396068932
2100000 248.976745100886 253.138020415189 260.521257081398 762.636022597473
2101000 249.08922765391 253.101068871878 261.384446937631 763.57474346342
2102000 249.317305839015 253.868565385042 260.316963634881 763.502834858938
2103000 249.285482775758 253.95618153747 261.525247571933 764.766911885161
2104000 248.55724722252 254.227675701406 262.475064325945 765.25998724987
2105000 249.208119573409 253.383108780676 262.520112363486 765.111340717571
2106000 249.46662156872 253.240311947209 261.801412749007 764.508346264935
2107000 250.628373861688 253.83920790463 262.448154408534 766.915736174852
2108000 249.85117086993 253.138006993512 262.314516258386 765.303694121828
2109000 250.642329626944 253.314612384847 262.225133615642 766.182075627433
2110000 250.616832762842 253.926966528381 262.4873718398 767.031171131022
2111000 251.352323439754 253.275931844981 263.3337185197 767.961973804435
2112000 251.585126845643 253.188063657194 263.480277533271 768.253468036108
2113000 251.011514199088 253.252003117079 262.91688019371 767.180397509877
2114000 250.762593345123 253.26814015017 263.697731488835 767.728464984128
2115000 250.582595528534 254.207070489136 262.812809236418 767.602475254088
2116000 251.376154443554 253.954579460134 263.300802214492 768.63153611818
2117000 251.873333435703 254.871962502628 263.37587205519 770.121167993521
2118000 251.083483313332 254.622970245854 263.91599619617 769.622449755356
2119000 251.301557442769 254.917337938473 264.028069639236 770.246965020479
2120000 251.730613188535 255.376028634378 264.1382966237 771.244938446613
2121000 252.02793643395 254.809764815153 263.355729100082 770.193430349185
2122000 251.43884360683 255.0649657601 263.098461226996 769.602270593927
2123000 251.936423030047 255.573471460003 263.400717455146 770.910611945196
2124000 251.218088359927 255.046912020767 264.06016336594 770.325163746634
2125000 251.427672562903 255.251319679412 263.907743948902 770.586736191218
2126000 251.727307190126 255.176676534723 264.462440984163 771.366424709012
2127000 252.056827398331 256.531342710322 263.719978673272 772.308148781924
2128000 252.35792596038 256.133700303365 263.881255898468 772.372882162213
2129000 252.461447370015 256.465768368193 263.705271647852 772.632487386059
2130000 251.551125227273 256.131283562923 264.312642849399 771.995051639595
2131000 252.397505708295 256.154506085227 264.372970099741 772.924981893263
2132000 252.407797045417 256.431382759401 263.179186521384 772.018366326202
2133000 252.300795477383 256.571411133003 263.758307064181 772.630513674567
2134000 252.454006359309 256.819319013967 264.276271684972 773.549597058249
2135000 252.772233663586 255.763184703542 264.141360851539 772.676779218666
2136000 252.721348525177 256.363342136046 264.3586576963 773.443348357523
2137000 253.636355073914 256.050482305276 265.206088807594 774.892926186784
2138000 253.227729153272 257.374569075464 264.640921241197 775.243219469933
2139000 253.091294877718 256.63286448197 265.37780191825 775.101961277938
2140000 252.835686463457 256.811352852534 265.90479901956 775.55183833555
2141000 253.306459972371 256.245365870518 265.586876090749 775.138701933637
2142000 253.518901537763 255.875098294055 265.076875973863 774.470875805682
2143000 254.451838732586 255.115045934622 265.679141271522 775.246025938729
2144000 253.900999265228 255.405292860927 264.846236507899 774.152528634054
2145000 254.634832609391 254.532077533724 265.881169267894 775.048079411009
2146000 254.852373016076 255.076286775243 266.089783123119 776.018442914439
2147000 255.627772337585 255.157753052026 266.830506219342 777.616031608953
2148000 255.319881191501 256.306798954085 267.527722759024 779.15440290461
2149000 254.939402362359 256.134857838135 267.324606712663 778.398866913157
2150000 254.682909939252 255.549082038417 267.169422688712 777.40141466638
2151000 255.841982055206 255.712863980727 267.762859643817 779.31770567975
2152000 256.053069546417 255.249424442914 268.268091295136 779.570585284467
2153000 256.295605374849 254.51402517076 268.051603111278 778.861233656887
2154000 255.329309706087 254.14331787118 267.901896766308 777.374524343575
2155000 255.352638634331 254.366607881234 267.894688339261 777.613934854826
2156000 254.129262903338 254.127014523703 267.561832153186 775.818109580227
2157000 254.985439255927 254.146614178207 268.865961424814 777.998014858949
2158000 254.486541618384 253.194816984969 268.223081234498 775.904439837852
2159000 254.282965883878 253.725667609863 267.542509135294 775.551142629035
2160000 254.488537609813 253.644981667044 267.644878039847 775.778397316704
2161000 254.567396211298 253.88946946742 268.069141217352 776.526006896069
2162000 255.18899963716 254.301697207906 267.501151219286 776.991848064352
2163000 255.225918818481 253.666215309237 268.309006296896 777.201140424613
2164000 255.183139897321 254.88300457896 268.303286860319 778.369431336601
2165000 255.545333555228 254.612876493676 268.555822959782 778.714033008686
2166000 256.16739715466 254.538720544687 268.72488831146 779.431006010807
2167000 255.322934667598 254.263855923793 267.662575526108 777.249366117499
2168000 255.387069319074 254.725566587784 268.853521203651 778.966157110509
2169000 255.975351198343 254.521494859439 268.790872414877 779.287718472658
2170000 256.366754308986 254.787319530149 269.159324392162 780.313398231298
2171000 255.752669142495 254.228405350175 270.249927357634 780.231001850304
2172000 255.733030839705 254.819163826939 269.291705966306 779.84390063295
2173000 255.469675060084 254.915608136021 270.070168252109 780.455451448214
2174000 255.91477724136 254.233926244636 270.337224984118 780.485928470115
2175000 255.62508953021 255.00551298163 270.621785757315 781.252388269154
2176000 255.170909396151 255.871398691675 270.993778877356 782.036086965182
2177000 256.653298632407 255.536173218224 270.116726597458 782.306198448088
2178000 255.796043853962 256.297803442498 271.866352107871 783.960199404331
2179000 256.560262652307 256.407016006072 271.22028698752 784.187565645899
2180000 256.273510497058 257.125171078568 271.687945698898 785.086627274524
2181000 256.875445537783 256.98274402578 272.689067416756 786.547256980319
2182000 257.199217751896 257.420152231875 272.962861527091 787.582231510863
2183000 257.050278348646 257.650159034035 273.262026069484 787.962463452165
2184000 258.270275653273 257.725456961504 273.395999272002 789.391731886779
2185000 257.577805310065 257.925928563449 274.343311337488 789.847045211003
2186000 258.712309342339 257.477569563774 274.281005437713 790.470884343826
2187000 258.15871613944 258.046953166483 275.09417142461 791.299840730533
2188000 258.940182550368 257.378031038863 275.102229273172 791.420442862403
2189000 259.713716516641 257.822545533863 274.744549813242 792.280811863745
2190000 258.585323245034 258.654057713611 273.572518477001 790.811899435646
2191000 259.362594057693 257.565481817499 274.778787351498 791.706863226691
2192000 259.492750047646 258.15146567787 274.835825600092 792.480041325608
2193000 258.999189905134 257.60316373097 274.360473891733 790.962827527837
2194000 259.281344804368 258.516296746168 273.483198239821 791.280839790357
2195000 258.460060320017 258.697802959847 273.544899205942 790.702762485805
2196000 259.106324876989 259.990873692285 274.221452162086 793.31865073136
2197000 258.682736492111 259.241363582916 274.73484645077 792.658946525797
2198000 259.369287363991 259.072749225418 274.004313491897 792.446350081306
2199000 258.955060464011 258.969770364789 275.536698912031 793.461529740831
2200000 258.440532916612 259.570193580276 275.037097366518 793.047823863407
2201000 259.0199521359 259.496043146681 275.842098123038 794.35809340562
2202000 258.575855631228 259.665636951988 275.542542783778 793.784035366993
2203000 258.732989436073 259.644688535975 275.276004789194 793.653682761242
2204000 258.294020363809 260.662446370035 275.82651192967 794.782978663514
2205000 259.316077198913 260.251504659532 276.372425047871 795.940006906315
2206000 258.931044787585 260.784184226382 276.48661626764 796.201845281608
2207000 259.007731740457 261.03993281241 277.885870288261 797.933534841128
2208000 259.550187763641 261.357313807047 278.252022434126 799.159524004814
2209000 259.696899189164 261.688396509742 278.278784465637 799.664080164544
2210000 259.832645714316 262.271942424982 279.286287606568 801.390875745866
2211000 259.888520417533 262.5746980438 278.948399327077 801.41161778841
2212000 260.116928674063 262.093417544062 279.51968185469 801.730028072815
2213000 260.50616161653 263.112867219408 279.22928712177 802.848315957709
2214000 260.6383476198 262.699538130044 279.77167706904 803.109562818884
2215000 260.326066504267 263.636718871739 279.722334438138 803.685119814144
2216000 261.256230110293 263.987836930393 279.487740360242 804.731807400927
2217000 260.013932524082 262.50979447938 278.946276996429 801.470003999891
2218000 261.360594878928 263.212223346187 278.986085765706 803.558903990822
2219000 261.562470523451 262.606000967138 278.948905972304 803.117377462893
2220000 262.311210512957 263.225901132129 278.820247211453 804.357358856539
2221000 263.605280771672 263.521487825355 278.766093355832 805.892861952858
2222000 263.551114820345 263.467632634357 278.639853762661 805.658601217363
2223000 263.155779321689 264.696560547021 278.216278462908 806.068618331618
2224000 263.360767705742 264.303427706214 278.932654383955 806.596849795912
2225000 263.541528181459 265.508576052608 278.590466273185 807.640570507251
2226000 262.945390747774 264.861700442779 278.134939974015 805.942031164568
2227000 262.975116350626 264.636154647545 277.580166190663 805.191437188833
2228000 262.937090864104 264.545929648726 278.225784402904 805.708804915734
2229000 262.848464788701 265.012459864013 277.698804370763 805.559729023478
2230000 262.879091922338 265.492313480229 278.572263427843 806.943668830409
2231000 263.175671377146 264.798569718786 278.612114418874 806.586355514807
2232000 263.371225082477 265.549275181145 277.957433094832 806.877933358454
2233000 263.196197325884 265.81440859297 278.463051379345 807.473657298198
2234000 262.708496778796 265.306053051763 279.128033115965 807.142582946524
2235000 262.075976878528 265.178823241344 278.98224356798 806.237043687851
2236000 263.427240532622 265.593729880881 279.503858830931 808.524829244434
2237000 263.270860623136 266.262974528988 279.202628344784 808.736463496909
2238000 263.418929534473 266.304682243786 280.087674772586 809.811286550845
2239000 263.612210933806 266.675480514557 280.068235861918 810.355927310281
2240000 263.713251089713 267.242171728398 280.578658786473 811.534081604584
2241000 264.057567202942 266.830114403393 280.233876739716 811.121558346051
2242000 263.546978412274 267.231653306546 280.195358663621 810.973990382441
2243000 263.629488208327 267.420564252048 280.331528285139 811.381580745514
2244000 263.586813441462 267.772065723918 279.829472865147 811.188352030527
2245000 263.745140346405 268.342632548956 280.058519639224 812.146292534585
2246000 262.987602983962 267.791760357718 280.616049025824 811.395412367504
2247000 263.194918427505 269.287398111868 280.395199834161 812.877516373533
2248000 263.83931857278 268.450634214473 280.187125203861 812.477077991114
2249000 264.505594137459 269.398208552233 280.861753100458 814.76555579015
2250000 265.264670707726 269.742414139535 281.687609355803 816.694694203063
2251000 264.597884982269 269.385932579788 281.622081242105 815.605898804162
2252000 263.970401544997 268.682314566289 281.435503707685 814.088219818971
2253000 264.233477955144 269.381675216281 281.201630624575 814.816783796
2254000 264.429538761049 269.596074473901 282.194485441666 816.220098676615
2255000 264.270293664804 270.146508316921 282.643950693097 817.060752674822
2256000 264.146883265067 269.988048597697 282.929793997013 817.064725859777
2257000 264.448189816003 269.732002488258 283.489551612027 817.669743916288
2258000 264.607542490842 269.839196715915 283.537504161003 817.98424336776
2259000 264.264616301068 270.470815449088 284.133423420138 818.868855170294
2260000 264.237964070582 270.112370601244 282.905902121717 817.256236793542
2261000 264.353547939518 270.32069100602 283.510944422174 818.185183367712
2262000 264.916830721668 270.426413306128 284.053741840042 819.396985867839
2263000 264.807243887663 269.947460685583 284.353841967944 819.10854654119
2264000 265.117776090858 270.188429876928 284.984238592497 820.290444560283
2265000 264.652183236971 270.145471835821 285.253756289866 820.051411362657
2266000 265.012434649064 270.810516994492 284.585455084835 820.408406728391
2267000 265.315128545787 270.751616292308 284.341611190157 820.408356028252
2268000 264.774079871436 271.215872384164 284.808084875992 820.798037131592
2269000 265.365241831008 271.072872411278 283.762898286595 820.20101252888
2270000 264.346695548086 271.616603049645 284.751472924999 820.71477152273
2271000 264.992392277697 271.719836867622 285.190854165275 821.903083310594
2272000 264.833091409191 272.039309795875 284.289748070978 821.162149276043
2273000 264.996940679787 271.334879609665 284.006576937962 820.338397227413
2274000 264.764588332099 271.511895495065 284.714817081464 820.991300908627
2275000 263.817079188683 271.69161454347 284.755095109759 820.263788841912
2276000 263.899234923968 272.068996301699 284.748723237962 820.716954463628
2277000 264.198226311119 272.437999498058 285.287573507392 821.923799316569
2278000 264.264458355727 272.568159199819 285.237990382019 822.070607937565
2279000 263.776691229653 272.968728842863 285.433400673015 822.178820745531
2280000 264.289700039566 273.035001680124 285.116640162528 822.441341882219
2281000 264.071613376837 273.461431663367 286.156896722701 823.689941762904
2282000 264.049993443251 273.276141048264 286.072212541844 823.39834703336
2283000 264.869668787442 272.740345450331 287.275608047619 824.885622285392
2284000 264.741039285151 272.315563851734 287.30511017065 824.361713307535
2285000 265.336337340178 271.09761398908 287.281010560001 823.714961889259
2286000 265.173224667389 271.309380003829 286.787761930252 823.27036660147
2287000 266.158096890193 271.90886152348 287.817991886503 825.884950300175
2288000 265.169725412397 272.841491711937 285.894753285154 823.905970409488
2289000 266.122405961456 272.820375804156 286.220696146856 825.163477912468
2290000 266.486040828347 272.897439180235 287.090940535253 826.474420543835
2291000 266.530219019241 272.917062372534 286.134713941032 825.581995332807
2292000 266.935103571892 272.775230437272 286.384174941151 826.094508950314
2293000 266.697091220587 272.436631239619 286.216209481534 825.349931941739
2294000 265.921810828324 272.701112139364 285.820158911166 824.443081878854
2295000 265.990022670831 272.321120728065 285.226232093392 823.537375492287
2296000 265.865147140298 272.830765294928 286.177233908613 824.873146343839
2297000 266.058021322674 273.723056188604 285.506217068343 825.287294579622
2298000 266.07307723599 273.462336723292 286.272757640931 825.808171600214
2299000 266.400890736473 273.597655592692 286.071434078234 826.069980407399
2300000 266.135236592511 273.899159856802 285.817005132223 825.851401581536
2301000 266.376119430716 274.393343350055 285.860622255549 826.630085036321
2302000 266.808732137334 274.427947398969 286.121990643472 827.358670179776
2303000 265.971295083656 275.114284412409 286.601152778239 827.686732274303
2304000 266.528026488364 275.168039533415 286.93334533954 828.629411361319
2305000 266.894378330205 275.135253763584 287.178338209367 829.207970303156
2306000 268.224042418359 275.529270438085 288.227936925711 831.981249782155
2307000 267.954838819766 274.897762022809 287.414648251881 830.267249094456
2308000 267.160918485981 275.285577756921 286.876369137557 829.322865380458
2309000 267.954040718537 274.898167009422 287.795123254847 830.647330982806
2310000 268.036351067364 274.769973553829 286.949813627229 829.756138248423
2311000 268.631599939991 275.257822814836 287.327287588972 831.216710343799
2312000 269.411098188564 275.834071854979 287.346204970987 832.591375014531
2313000 268.795566658377 275.262903088903 288.215088638915 832.273558386196
2314000 268.972054654075 275.11459848226 287.346330189312 831.432983325647
2315000 268.754598862327 275.869591948797 287.775557721815 832.399748532939
2316000 269.228964447927 276.23969877477 287.433486559422 832.902149782118
2317000 269.027332520724 277.689029002963 288.298215033367 835.014576557055
2318000 269.045162109245 277.029671935404 287.556313515397 833.631147560046
2319000 269.898048000897 277.02983259234 286.897706814037 833.825587407274
2320000 269.365474091062 277.500711602454 287.340888316575 834.207074010091
2321000 269.754944346536 277.222408110043 287.895379844932 834.872732301511
2322000 269.900068366732 277.189232181143 287.489865038117 834.579165585992
2323000 270.97817135932 277.027456618263 288.313011042213 836.318639019795
2324000 270.752704151167 277.357186700923 288.634643926135 836.744534778225
2325000 270.278442263108 277.049891804676 288.72090904903 836.049243116815
2326000 270.465497411414 276.513914642404 288.904101409915 835.883513463734
2327000 271.376655641351 275.680972855397 290.087606432214 837.145234928962
2328000 272.105596882324 276.020027627344 289.270566472282 837.39619098195
2329000 272.471333733556 275.631099506744 288.817645130999 836.920078371299
2330000 272.577335891293 275.397763832807 289.543228468831 837.518328192931
2331000 273.191209679636 275.912022351103 289.063991773982 838.167223804721
2332000 271.919788018542 276.445949976412 289.368892930117 837.734630925071
2333000 272.014298808672 276.121871066697 290.580540154166 838.716710029534
2334000 272.381093360028 276.018244513133 290.156590652685 838.555928525846
2335000 272.699402096094 276.370989387951 290.408307951396 839.478699435441
2336000 272.779279660439 276.588648695612 289.977096928221 839.345025284272
2337000 272.06651723693 276.633525893708 290.273451266171 838.973494396809
2338000 272.702444039625 276.687098752396 291.173971913978 840.563514705999
2339000 272.721237828061 277.534517602455 290.377308277206 840.633063707722
2340000 273.088519328851 277.831106304774 291.287931789681 842.207557423305
2341000 273.785109168568 278.407647883926 290.43345094546 842.626207997953
2342000 273.761233149979 278.401937486892 290.689903899797 842.853074536668
2343000 273.837085643232 278.430196134207 291.093377000022 843.360658777461
2344000 273.211565379833 278.473452622644 290.748994918694 842.434012921171
2345000 273.664433334368 279.112881153797 290.496665015192 843.273979503356
2346000 274.110132626964 278.065508006205 290.35206803754 842.527708670709
2347000 274.67073243538 278.568215108342 290.511332307386 843.750279851107
2348000 274.090593470411 278.738796109715 290.121346937911 842.950736518036
2349000 274.586388902938 279.233510110903 289.63884402379 843.458743037631
2350000 274.2627966212 279.326018294477 290.250267495961 843.839082411638
2351000 274.982353820812 279.783651412487 290.157946167496 844.923951400795
2352000 275.177717610003 279.894313562786 290.28349785015 845.355529022939
2353000 275.525206425824 280.342531027103 290.104180142806 845.971917595733
2354000 275.765799790648 280.487425585953 291.236518510384 847.489743886985
2355000 274.977200740279 279.388168942369 290.549265855682 844.91463553833
2356000 274.658280780422 279.533313581968 290.582914796853 844.774509159244
2357000 275.456404539143 279.539515952385 290.463568149417 845.459488640945
2358000 275.380883229262 280.230948901013 290.440271014875 846.052103145151
2359000 275.369514298537 279.3039587657 291.874487194535 846.547960258772
2360000 275.065013042785 280.622479291165 292.322534261787 848.010026595738
2361000 275.277643692543 280.546580472314 292.183064884393 848.00728904925
2362000 275.535954750171 280.49910420777 292.011734325676 848.046793283617
2363000 275.495225918251 281.075509387835 292.218615178639 848.789350484725
2364000 275.592843320947 281.351758073258 292.12191850603 849.066519900235
2365000 275.107150435791 281.930227072815 292.204751540498 849.242129049104
2366000 275.871884150987 281.5819730256 291.935804259702 849.389661436289
2367000 275.113392296978 281.684995032017 292.550145298352 849.348532627347
2368000 275.479486838672 282.19664252568 292.301491833493 849.977621197846
2369000 275.905296171292 281.618208765015 293.568536838671 851.092041774978
2370000 276.266566712205 282.445177232026 293.840118312148 852.551862256379
2371000 276.744117473572 282.355142666687 293.978489655798 853.077749796056
2372000 276.664172836382 282.800573425463 293.357417640449 852.822163902294
2373000 277.505137759208 282.314766472041 293.154758355261 852.97466258651
2374000 277.919879427113 282.781610384639 293.700442070907 854.401931882659
2375000 277.926723749557 282.272781698716 293.578128922196 853.777634370469
2376000 277.933788867353 283.021671947038 293.953460169228 854.908920983619
2377000 277.997348004064 283.425667069394 295.614725195401 857.03774026886
2378000 278.809328766584 283.872451773357 295.635543350274 858.317323890215
2379000 278.442161174326 284.332569217111 295.177806643073 857.95253703451
2380000 279.22144397354 284.44281645806 294.871605448868 858.535865880469
2381000 279.511116006067 284.436624730209 296.239707292084 860.187448028359
2382000 279.874165998715 283.963421200721 295.643692623259 859.481279822694
2383000 279.816583912115 283.910385899976 295.256023505855 858.982993317945
2384000 279.740626935768 284.554646929814 295.90136861145 860.196642477031
2385000 280.109507310971 284.709484940453 294.63595723821 859.454949489634
2386000 279.024203816839 284.22823268497 296.758498233884 860.010934735693
2387000 279.714248010023 285.187025918209 296.939829483556 861.841103411788
2388000 280.476834438214 285.511499004884 297.058977409816 863.047310852914
2389000 279.62166759917 285.258760681529 297.26660756026 862.147035840958
2390000 280.026775532407 285.810282484008 296.540649144877 862.377707161293
2391000 279.530025965775 285.141044806851 297.687541912715 862.358612685341
2392000 279.730356509419 285.169391039149 296.776066040659 861.675813589227
2393000 279.908759922413 285.030642261459 297.41176121919 862.351163403062
2394000 280.528780337479 285.174615014736 297.153119593803 862.856514946018
2395000 280.4848404036 286.035517041437 298.23968037898 864.760037824016
2396000 280.063150687804 285.378948972689 297.361840207981 862.803939868473
2397000 280.259478792803 286.799217294701 297.360891888453 864.419587975957
2398000 279.977678670875 286.650488826316 297.941918849504 864.570086346695
2399000 280.411255469775 286.592286378701 297.871112549675 864.874654398151
2400000 279.92147191745 285.911560780669 298.397200558562 864.230233256681
2401000 279.99114033333 286.397482434537 298.776541206737 865.165163974604
2402000 279.828050363095 286.333117802024 298.643758126693 864.804926291812
2403000 280.372917554689 286.55539490111 297.770473225102 864.698785680901
2404000 279.46266223472 286.347695686776 298.050842460632 863.861200382128
2405000 279.429503128496 285.707825266017 298.891517830868 864.028846225381
2406000 278.730985008009 287.299197067891 299.502192089909 865.532374165809
2407000 279.769791362775 286.454522194477 299.430163670453 865.654477227705
2408000 280.774574025633 287.092748219797 299.528286215895 867.395608461325
2409000 280.96228687494 285.727646826456 299.328758697103 866.018692398499
2410000 280.883984329446 285.292338758716 299.354272777187 865.530595865349
2411000 281.314206237038 285.261400703636 298.323280425948 864.898887366622
2412000 281.920685619266 285.151481594073 299.531968548568 866.604135761907
2413000 281.38739031316 285.883532199472 298.981342422382 866.252264935013
2414000 281.464637868345 285.776074653661 299.380718394561 866.621430916567
2415000 280.946658607338 285.899950349198 298.910837302546 865.757446259081
2416000 281.05132009794 285.686535598278 299.376490223381 866.1143459196
2417000 280.920690893598 285.590700683491 299.382150576414 865.893542153504
2418000 281.107592479757 285.444930036097 299.652088168642 866.204610684497
2419000 281.97589623128 285.257578126152 299.340081647797 866.573556005229
2420000 281.097253958828 285.815762731968 299.846885575336 866.759902266132
2421000 281.333756621998 285.902230061445 300.105151815871 867.341138499314
2422000 281.236876675671 285.279985114001 301.336044352247 867.852906141919
2423000 282.327505150698 286.763963964147 301.60379615145 870.695265266296
2424000 283.054586213 286.946862399128 301.259833965293 871.261282577421
2425000 282.797356132606 287.839660755531 301.458651774889 872.095668663026
2426000 282.670326137094 287.960086465308 301.367339271682 871.997751874084
2427000 284.070481446215 288.53331941947 302.217572165774 874.821373031459
2428000 283.734430083669 287.500837051163 302.207186779246 873.442453914077
2429000 284.048591803814 287.492143058123 301.670400064399 873.211134926335
2430000 283.561424634915 287.688443143104 302.488237471571 873.73810524959
2431000 283.835402784442 288.016497812231 301.467705390438 873.319605987111
2432000 283.063298397816 287.935089367424 302.883960662634 873.882348427874
2433000 284.692575457018 288.552700649135 303.441871403329 876.687147509482
2434000 285.013436623651 288.3307159021 303.239064510477 876.583217036228
2435000 284.457740484325 288.826817670681 303.627583788277 876.912141943283
2436000 284.610125412657 289.43366370963 304.432275245901 878.476064368189
2437000 284.934251638023 288.574362683428 304.051954380429 877.560568701881
2438000 285.609279039279 289.758830131556 303.52426089917 878.892370070005
2439000 285.435289737792 289.837493144014 303.165078474294 878.437861356101
2440000 285.280677168552 289.21318570065 303.045522325026 877.539385194229
2441000 284.731555881682 289.978335527931 303.524918144613 878.234809554227
2442000 285.020451494362 289.223078028939 302.299965384799 876.5434949081
2443000 284.517530927824 289.417980878353 302.561814770952 876.497326577129
2444000 285.288179389742 289.029952243134 301.971498106575 876.289629739451
2445000 285.492525714182 288.876869753602 302.385105758383 876.754501226167
2446000 285.002193664431 289.142177821557 303.191455318894 877.335826804882
2447000 286.668536818732 288.968121376477 302.758523592629 878.395181787839
2448000 285.814648656446 289.635717562811 304.016764182243 879.467130401501
2449000 284.612124861195 289.565915852622 304.570510286287 878.748551000104
2450000 286.479268030921 289.954382784095 304.479010367804 880.912661182819
2451000 286.861935578827 289.618735644919 305.022664853092 881.503336076838
2452000 288.103286474976 289.791497256432 304.582056475763 882.476840207171
2453000 286.950059801428 290.018346480841 305.722612993439 882.691019275708
2454000 287.152035529272 289.896999646193 304.044744391123 881.093779566589
2455000 286.98327054731 289.963280061795 305.191104709054 882.137655318159
2456000 286.907615568441 290.265706729509 305.835278552227 883.008600850177
2457000 288.495920595776 290.19915980839 306.33528832495 885.030368729116
2458000 286.909263767876 290.573927748927 307.191330938752 884.674522455555
2459000 286.667744508709 290.144890644029 307.397951053691 884.210586206429
2460000 287.009093654278 290.408277325054 307.238863257581 884.656234236912
2461000 287.187340577691 289.921579853095 307.972070144993 885.08099057578
2462000 287.223012816671 289.78511768671 307.676983350483 884.685113853863
2463000 285.850468187142 290.154657882824 309.535101160524 885.54022723049
2464000 286.280247375859 290.328949407605 309.31695006025 885.926146843714
2465000 286.289543412262 291.119226287781 308.393562942189 885.802332642232
2466000 286.069958735113 290.79385786235 308.67268213449 885.536498731953
2467000 286.288764949277 291.926530838578 309.72489665227 887.940192440125
2468000 286.141345545715 292.414131232128 309.701083121835 888.256559899678
2469000 286.970764544752 292.31801508163 310.942164200585 890.230943826968
2470000 287.411392964969 292.685722081079 310.498846200268 890.595961246317
2471000 288.089033814111 292.766818780524 310.952321824859 891.808174419494
2472000 288.714800250991 294.099962977921 312.139662849778 894.95442607869
2473000 288.467253210906 294.183600925207 311.875280327821 894.526134463934
2474000 288.474241932367 294.789662139684 311.044847461635 894.308751533686
2475000 289.569970089154 295.881234677482 311.86638707281 897.317591839446
2476000 289.867454318148 295.150685048776 311.732878958935 896.751018325859
2477000 289.70125534259 295.710179650834 312.493111823201 897.904546816625
2478000 290.083840037757 295.937157995892 311.905435580344 897.926433613992
2479000 290.329934616202 296.067486605998 311.348509924383 897.745931146583
2480000 290.059839871685 295.361923112511 312.108092368883 897.529855353079
2481000 290.391565199721 295.513060324894 312.068347489311 897.972973013927
2482000 291.059487229931 296.264881986135 312.295299521996 899.619668738062
2483000 292.361875510765 294.889189960863 312.314913308253 899.565978779881
2484000 291.569035014054 295.637100554057 310.963379608814 898.169515176925
2485000 292.328405047055 295.262694564319 311.705215347763 899.296314959136
2486000 292.371020253518 295.052204847361 312.546014849061 899.96923994994
2487000 293.079006805607 295.788466620415 312.908028699363 901.775502125385
2488000 293.027135623081 295.454306241275 312.626364769269 901.107806633625
2489000 293.198298705811 296.051279499324 313.339208448698 902.588786653832
2490000 293.294781331013 295.51500725646 312.914767970304 901.724556557777
2491000 292.897865414317 295.975147416593 312.378793180778 901.251806011688
2492000 293.977409612869 296.227557852713 312.296140577151 902.501108042733
2493000 293.867471901899 296.669842127635 311.942108486846 902.47942251638
2494000 293.75217369339 296.809974029296 312.594839437813 903.1569871605
2495000 293.979952744043 296.828249945581 310.561868449444 901.370071139068
2496000 292.812121944298 296.210258859335 310.504286191107 899.52666699474
2497000 293.861687033217 296.177503641903 311.310719532109 901.349910207229
2498000 293.515312970362 296.643187887603 311.591983983001 901.750484840966
2499000 294.246081919567 295.196611273135 312.16452031616 901.607213508862
2500000 294.471579346418 296.633669550862 310.921396191312 902.026645088592
2501000 295.062509862212 296.130063766449 311.833543806348 903.026117435009
2502000 295.071340786335 296.676292564014 311.692611521519 903.440244871867
2503000 295.583305236536 295.143374361266 311.291497239751 902.018176837552
2504000 296.847119970595 294.694210894332 311.147148143609 902.688479008536
2505000 295.924442993287 295.439553296505 311.939419287678 903.30341557747
2506000 296.554465142147 294.79039369369 312.95265694369 904.297515779526
2507000 296.113470302582 294.848244568625 312.965126137022 903.926841008229
2508000 295.735514896536 294.933354846049 313.270616096684 903.939485839268
2509000 296.597976277087 295.683352657181 313.143227434033 905.424556368301
2510000 296.0364728006 296.347624616121 314.488269057371 906.872366474092
