# Fix print output for fix 2
10000 3.79378796454305e-33 7.58757592908609e-33 5.05838395272406e-33 1.64397478463532e-32
11000 0.30560800151353 0.302957864627325 0.304899936983064 0.913465803123918
12000 0.440556330325303 0.429811801739614 0.432084681012421 1.30245281307734
13000 0.562856506154741 0.552803370064011 0.555465012682424 1.67112488890118
14000 0.688109630084284 0.674172491144653 0.672316795205059 2.034598916434
15000 0.806645688791029 0.793276979238726 0.786887607628675 2.38681027565843
16000 0.926675645520089 0.906256776989359 0.906434505728995 2.73936692823844
17000 1.05033809432143 1.02984026049536 1.0223241942669 3.1025025490837
18000 1.16727248044874 1.14733588012793 1.1414442490372 3.45605260961387
19000 1.2819857077693 1.25809401557583 1.2510858093238 3.79116553266893
20000 1.38961246483277 1.36396126084869 1.36122666821563 4.1148003938971
21000 1.51094230005995 1.47948700770568 1.46935912588417 4.4597884336498
22000 1.62625910187458 1.59946558740994 1.57287061638846 4.79859530567298
23000 1.73376990249904 1.70876024787984 1.6874282823497 5.12995843272857
24000 1.84878385718124 1.8195550466716 1.79824326712421 5.46658217097706
25000 1.95321009021885 1.93076506228661 1.89898577215016 5.78296092465562
26000 2.08166326397299 2.0482909795787 2.02506786347374 6.15502210702543
27000 2.19722912878612 2.15476615298293 2.12523707452417 6.47723235629321
28000 2.31151811930737 2.26838976653253 2.23458118764698 6.81448907348688
29000 2.43133329731194 2.37393247395643 2.34405417478182 7.14931994605019
30000 2.53689088731631 2.47279210638159 2.45199782011699 7.4616808138149
31000 2.64578344789138 2.58768978917881 2.5619839652706 7.79545720234079
32000 2.75719624770974 2.68524768928428 2.67130971920779 8.11375365620181
33000 2.8649347987167 2.80500571960568 2.78262332419261 8.45256384251499
34000 2.98145270925936 2.9007228579043 2.88657238931389 8.76874795647755
35000 3.08789537846073 3.01257404862274 2.98871155544879 9.08918098253226
36000 3.20175374613622 3.12218764123399 3.08963756777771 9.41357895514791
37000 3.30329682508191 3.22847244813513 3.20310496572892 9.73487423894595
38000 3.42730523623939 3.33587102578526 3.30718017840135 10.070356440426
39000 3.52432898921825 3.43316509914608 3.42037126310882 10.3778653514731
40000 3.63972582075123 3.54653083583754 3.52023905069762 10.7064957072864
41000 3.75735471549215 3.64295062487016 3.61286499257297 11.0131703329353
42000 3.8620497677415 3.74807102552084 3.70900986238319 11.3191306556455
43000 3.97380114914824 3.87228410284968 3.81728126076177 11.6633665127597
44000 4.09455249450721 3.98230537497661 3.92453169660275 12.0013895660866
45000 4.21028721475421 4.08525372221724 4.02765633778331 12.3231972747548
46000 4.31740138129335 4.18018956058943 4.12669187193681 12.6242828138196
47000 4.41472380542907 4.27677034566338 4.24396650158836 12.9354606526808
48000 4.51939175427245 4.37135470914846 4.33749491384702 13.2282413772679
49000 4.64396927727217 4.47691651343804 4.44342248061053 13.5643082713207
50000 4.76907627302444 4.57864823740019 4.56619320264711 13.9139177130717
51000 4.89370703298788 4.68720052737368 4.67065930427933 14.2515668646409
52000 4.99014613311847 4.79245584801991 4.76873593177275 14.5513379129111
53000 5.07883215551291 4.8951878365767 4.86897148204478 14.8429914741344
54000 5.18847673371602 4.98834177118352 4.97005857084137 15.1468770757409
55000 5.29671053606709 5.10237127601965 5.0689409693191 15.4680227814058
56000 5.41704714720156 5.2216266726706 5.16595186627826 15.8046256861504
57000 5.50938484744227 5.32545221739736 5.27139956856092 16.1062366334005
58000 5.62285236432913 5.43526758917076 5.38029336584409 16.438413319344
59000 5.72908525201731 5.52716417383149 5.48200449509581 16.7382539209446
60000 5.84851270487114 5.6381131177525 5.58721480849041 17.0738406311141
61000 5.94953213812878 5.74148294595546 5.7042747984208 17.395289882505
62000 6.06481222662545 5.84784425308546 5.80968169647155 17.7223381761825
63000 6.16695061765396 5.94020740872485 5.90658341845608 18.0137414448349
64000 6.27381782327638 6.0315402713322 6.01493497366747 18.3202930682761
65000 6.37859154161434 6.12935880296577 6.11784045257981 18.6257907971599
66000 6.47998147344378 6.23146664846985 6.19818607829953 18.9096342002132
67000 6.58864934809988 6.33292089145339 6.29317886718769 19.214749106741
68000 6.70925043042201 6.440170499574 6.40425629825924 19.5536772282552
69000 6.81442271446833 6.54370384621773 6.5032529067228 19.8613794674089
70000 6.94201553790277 6.65222169764833 6.61434376402958 20.2085809995807
71000 7.05764146104098 6.74723213339851 6.71111880688044 20.5159924013199
72000 7.15813751141693 6.84535396427398 6.82151816770617 20.8250096433971
73000 7.2595622791906 6.94560615316476 6.9313899085882 21.1365583409436
74000 7.3844811366953 7.04775802706778 7.02714982105132 21.4593889848144
75000 7.5056435572178 7.16036384027766 7.12206730368162 21.7880747011771
76000 7.61882355413633 7.25391421160901 7.23908087738736 22.1118186431327
77000 7.70141767331446 7.35722655740857 7.34393788517766 22.4025821159007
78000 7.81830163763058 7.45281528387034 7.44264970284063 22.7137666243415
79000 7.93111016679755 7.56791655670929 7.55871801419793 23.0577447377048
80000 8.05110834795047 7.69927183777015 7.65886456592169 23.4092447516423
81000 8.14479441439724 7.78943584165205 7.766401106751 23.7006313628003
82000 8.25935601386336 7.88340921078192 7.85407590617159 23.9968411308169
83000 8.35515773727904 7.97673200625231 7.94498467065124 24.2768744141826
84000 8.47665332666384 8.08193743791516 8.03995740686872 24.5985481714477
85000 8.57467258044547 8.16576014567967 8.12858004814371 24.8690127742688
86000 8.68029414098647 8.2714722605132 8.20421149947185 25.1559779009715
87000 8.77161991081762 8.35993780764551 8.30285691804964 25.4344146365128
88000 8.88401915109445 8.47354919168831 8.39638983838803 25.7539581811708
89000 8.98124854257639 8.57298720760279 8.49948961311389 26.0537253632931
90000 9.07604112316213 8.66785275413829 8.60303107523213 26.3469249525326
91000 9.19000656316874 8.78555126566201 8.70091188212219 26.6764697109529
92000 9.3017958424302 8.88319846559553 8.81739397429502 27.0023882823207
93000 9.38692409325618 8.99224077115437 8.91969001318288 27.2988548775934
94000 9.50650885835359 9.11571280809773 9.01594682694288 27.6381684933942
95000 9.62344553187717 9.20229951996128 9.1093468662735 27.9350919181119
96000 9.72603059148169 9.29974882938076 9.19211211926628 28.2178915401287
97000 9.82438441941026 9.3907624272001 9.28095559421717 28.4961024408275
98000 9.94239478596198 9.49842526658087 9.37975553417366 28.8205755867165
99000 10.0531337251501 9.61275904138716 9.48063613869588 29.1465289052331
100000 10.1383484068099 9.68159979057042 9.56115783840602 29.3811060357863
101000 10.2477121125275 9.78388818705696 9.67864207647079 29.7102423760553
102000 10.3561812035767 9.86109752716359 9.79195778474767 30.0092365154879
103000 10.4512148983953 9.96458029369744 9.87421874960614 30.2900139416989
104000 10.5471433805478 10.069750735379 9.9850462437081 30.6019403596349
105000 10.6567922944235 10.1713652400596 10.080986438524 30.9091439730072
106000 10.748363432501 10.2592675127199 10.1861735324511 31.193804477672
107000 10.8683225278806 10.3549408131815 10.3011626710565 31.5244260121186
108000 10.9664031222818 10.4400974398117 10.3833419120368 31.7898424741302
109000 11.0833259571841 10.5273332552406 10.4957379512978 32.1063971637225
110000 11.1873474754685 10.6495417955417 10.6045593901835 32.4414486611938
111000 11.2698202642576 10.7367430365233 10.6923083419489 32.6988716427298
112000 11.3659073021327 10.8298166508808 10.7845574453402 32.9802813983536
113000 11.4641869329053 10.9180146284613 10.887959144462 33.2701607058287
114000 11.5852087086789 11.0368437508622 10.9715271473338 33.5935796068749
115000 11.6729245333643 11.1389040174503 11.0791414778465 33.8909700286611
116000 11.7675836108974 11.242059498011 11.1725438122256 34.182186921134
117000 11.8815805775026 11.3371870918252 11.2663844651029 34.4851521344307
118000 11.9802857289087 11.4487957426855 11.3519971082455 34.7810785798396
119000 12.0986095164551 11.5529445143553 11.4503881726947 35.101942203505
120000 12.1989033559802 11.6640289298735 11.5376074731153 35.400539758969
121000 12.2851186031687 11.7597038159118 11.6339193742381 35.6787417933187
122000 12.3798472654747 11.8444125176771 11.7307776095252 35.9550373926769
123000 12.4740222501929 11.9367132434573 11.839352915658 36.2500884093082
124000 12.5917525399419 12.0349764498759 11.9409671195475 36.5676961093653
125000 12.6901134949797 12.1249481044319 12.011367330489 36.8264289299006
126000 12.7912240389186 12.2394947076206 12.1170235397558 37.1477422862949
127000 12.9002492940673 12.3499738773842 12.2430974139349 37.4933205853864
128000 12.9849947615005 12.4410907224388 12.3417039996658 37.7677894836052
129000 13.0833781729647 12.5381353057428 12.452453365473 38.0739668441805
130000 13.1679717362321 12.6407537698218 12.5503485378472 38.3590740439011
131000 13.2787568531466 12.7223338468984 12.6267940375523 38.6278847375972
132000 13.3952000786009 12.820135238265 12.738210980142 38.9535462970079
133000 13.5010634534294 12.9363125828471 12.8238216053589 39.2611976416354
134000 13.5973979948283 13.0420381804246 12.906223099069 39.545659274322
135000 13.6877917606374 13.1359257959625 13.0068835951237 39.8306011517236
136000 13.8062946390126 13.2312506715876 13.0945756830556 40.1321209936559
137000 13.8997458649339 13.3377781810222 13.1952407130535 40.4327647590095
138000 14.0189878367335 13.4278795520402 13.3017230061804 40.7485903949541
139000 14.1214462010704 13.5304217332549 13.3930304597433 41.0448983940686
140000 14.190964232558 13.6279360126759 13.4793920668755 41.2982923121094
141000 14.2971975525383 13.7242650097431 13.5810266759486 41.60248923823
142000 14.4025994648298 13.8216770788448 13.6617142568245 41.885990800499
143000 14.5130617972532 13.9377855083969 13.7654743834129 42.216321689063
144000 14.6114338577554 14.0412299531427 13.8770099305478 42.529673741446
145000 14.7235702837058 14.1407203170829 13.9574988854122 42.8217894862009
146000 14.8348125238758 14.2472980795338 14.0351581003189 43.1172687037285
147000 14.9466855586451 14.3354713594446 14.1476406285377 43.4297975466274
148000 15.0438927830545 14.4170810180581 14.2367803623562 43.6977541634689
149000 15.1276379821801 14.5341019782546 14.3361252945708 43.9978652550055
150000 15.233219431261 14.6466429771464 14.4457052067202 44.3255676151276
151000 15.3331621241075 14.7536425698879 14.5452515589111 44.6320562529064
152000 15.4390421534397 14.8468489402873 14.6218386928647 44.9077297865917
153000 15.5162393249622 14.9498482642821 14.7015645442248 45.1676521334691
154000 15.6370405356546 15.044555384341 14.7891585823222 45.4707545023177
155000 15.7389015871934 15.1331981541063 14.8913518936921 45.7634516349919
156000 15.8305953927546 15.2281031815979 14.9835074404098 46.0422060147623
157000 15.9182485534315 15.3388969054133 15.1051140096748 46.3622594685196
158000 16.0065795546147 15.4232208539053 15.1960177542198 46.6258181627397
159000 16.0924869296875 15.5149542521454 15.2886397152633 46.8960808970962
160000 16.1988895110529 15.6242877240653 15.3762569361235 47.1994341712417
161000 16.3212523705418 15.7116002088808 15.478255267116 47.5111078465386
162000 16.4193319541377 15.8170444857427 15.5853168997236 47.821693339604
163000 16.522436087033 15.9041831609483 15.6871008432642 48.1137200912455
164000 16.6409465923277 16.0075163028949 15.7766894385182 48.4251523337408
165000 16.715385451664 16.1176619406342 15.8823527887927 48.7154001810908
166000 16.844856925616 16.1959945717095 15.9891746476741 49.0300261449997
167000 16.9464693027189 16.2849575057523 16.0664328660237 49.2978596744949
168000 17.0277680485426 16.3991832592556 16.1684774728753 49.5954287806735
169000 17.1178238173934 16.4815331861601 16.2487991717335 49.848156175287
170000 17.2186363765544 16.5848902284502 16.3434191432576 50.1469457482622
171000 17.3226514470996 16.6829903936799 16.4185464885867 50.4241883293662
172000 17.4175006644249 16.789491156658 16.5457020528355 50.7526938739184
173000 17.5370420767007 16.8785761246191 16.6113913092202 51.02700951054
174000 17.6516484526354 16.9733563210372 16.7310715119456 51.3560762856181
175000 17.7453400485611 17.0628308740565 16.8408269227063 51.648997845324
176000 17.8401476661847 17.1687917524871 16.9160921019577 51.9250315206295
177000 17.9266401183219 17.2305291169486 17.0030942773526 52.1602635126231
178000 18.041364701933 17.3650321127522 17.1012932393441 52.5076900540293
179000 18.1555018511175 17.4437247372971 17.1959489022477 52.7951754906622
180000 18.2699420824091 17.5176613971673 17.3053416434988 53.0929451230752
181000 18.3590208723534 17.6031693993955 17.3918915737005 53.3540818454494
182000 18.4576465038777 17.7332007005434 17.4841212339471 53.6749684383682
183000 18.5895950896394 17.788027234159 17.5909888327393 53.9686111565377
184000 18.6965516197708 17.9061812875665 17.6949021110019 54.2976350183391
185000 18.7771168101764 18.0136868731269 17.7963630943536 54.5871667776568
186000 18.8828367337054 18.1439587340284 17.8873972632976 54.9141927310314
187000 18.9827896476053 18.2383144549378 17.9640405161477 55.1851446186907
188000 19.1018759882408 18.348993492218 18.0714308129354 55.5223002933941
189000 19.1931551261254 18.4319941296863 18.1773160644532 55.8024653202649
190000 19.2981342016741 18.5297761411102 18.2785962711898 56.1065066139741
191000 19.3988588800554 18.6443406160329 18.3727020604259 56.4159015565141
192000 19.4997376219367 18.7068961148007 18.4573803063374 56.6640140430748
193000 19.6206907903635 18.8242738606657 18.5474067648561 56.9923714158853
194000 19.7090016534616 18.9367791242398 18.6559485785841 57.3017293562854
195000 19.8311929720384 19.01076033418 18.7210011116808 57.5629544178992
196000 19.9324766451836 19.1094904461259 18.8375298502234 57.879496941533
197000 20.0411698640905 19.1988775244864 18.9519770846035 58.1920244731805
198000 20.1259760505526 19.3051881882685 19.0107410485297 58.4419052873508
199000 20.2490360720562 19.3888041449733 19.1194998144661 58.7573400314955
200000 20.2998481665479 19.4878638962384 19.2119931578597 58.999705220646
201000 20.4309015707799 19.6076466511235 19.291478583592 59.3300268054954
202000 20.5333659589701 19.6801512736355 19.3872764958404 59.600793728446
203000 20.6172927067314 19.7908948299949 19.4786811454939 59.8868686822203
204000 20.6978204795364 19.8854776991688 19.57885298179 60.1621511604953
205000 20.8009419366818 19.9924480091863 19.6753874358079 60.468777381676
206000 20.9024590898265 20.082796932973 19.7895244193299 60.7747804421295
207000 21.0194810447965 20.1982414295155 19.8643123856736 61.0820348599856
208000 21.1078429787838 20.2897539416491 19.95552438154 61.3531213019729
209000 21.1968833978209 20.3703245364491 20.0539738791637 61.6211818134336
210000 21.2994090657909 20.4539350641736 20.1296458444077 61.8829899743721
211000 21.4030291934233 20.5366274636962 20.2242324068254 62.1638890639449
212000 21.4716793861257 20.6472019966535 20.3211615687417 62.4400429515209
213000 21.5677369636532 20.7516517878858 20.4379692094449 62.7573579609838
214000 21.6660254262005 20.8577072990339 20.5238883569979 63.0476210822322
215000 21.7482175299595 20.9588990435256 20.6188208966628 63.3259374701479
216000 21.8523842130344 21.0354763671809 20.7066152159981 63.5944757962135
217000 21.9669301260281 21.1190854080904 20.7872213676398 63.8732369017582
218000 22.0655038594209 21.2491938879452 20.8837350756127 64.1984328229788
219000 22.1638902439954 21.3290096976896 20.9775759285289 64.4704758702138
220000 22.2629699606267 21.4507484706417 21.0798342766076 64.793552707876
221000 22.381788940347 21.5419650019942 21.1536475759744 65.0774015183156
222000 22.4905298301075 21.6414389152085 21.2319716951573 65.3639404404733
223000 22.5818058680755 21.7303896159459 21.3132472077373 65.6254426917586
224000 22.6698199856096 21.8127533447412 21.4085700355646 65.8911433659154
225000 22.7709472271763 21.917515558717 21.4978686797364 66.1863314656297
226000 22.8845221845046 22.0095814087454 21.5813795493024 66.4754831425524
227000 23.0134407502546 22.0925869372874 21.6819493509437 66.7879770384857
228000 23.0970465351078 22.1951010706207 21.7819819877032 67.0741295934317
229000 23.1931834794739 22.2784127713657 21.8808835047222 67.3524797555619
230000 23.2878667517119 22.3645829216351 21.9531271788708 67.6055768522177
231000 23.4290846298791 22.4673936073281 22.0207260425014 67.9172042797086
232000 23.5259911026494 22.559280706262 22.1372296025941 68.2225014115055
233000 23.6448372817919 22.6512017014982 22.2174022225859 68.513441205876
234000 23.7071938256997 22.7235321085903 22.31694058235 68.74766651664
235000 23.8145763275733 22.8287473478075 22.4345227772106 69.0778464525914
236000 23.903232112403 22.9196422773535 22.5064780780508 69.3293524678072
237000 23.9878150045119 23.0214978625237 22.5972982914851 69.6066111585206
238000 24.0545852446044 23.1184021794673 22.6918595139748 69.8648469380465
239000 24.1471099179845 23.1961414726775 22.7733018401337 70.1165532307957
240000 24.2330160650174 23.2902777991156 22.8737456768428 70.3970395409758
241000 24.3435805343308 23.383205423595 22.9703941034062 70.697180061332
242000 24.4235693129839 23.4870738509956 23.0542451654211 70.9648883294006
243000 24.4960058022839 23.5890370589723 23.1607131529169 71.245756014173
244000 24.5889623871351 23.6816007918477 23.2561569363021 71.5267201152849
245000 24.7032296550456 23.7717003231426 23.3363697982722 71.8112997764604
246000 24.8091039008073 23.8761730238445 23.4039345364466 72.0892114610984
247000 24.9086320664506 23.9633639598196 23.5259934247743 72.3979894510446
248000 25.0183193206963 24.0877668502618 23.6344773522745 72.7405635232326
249000 25.1336727975266 24.1807418252637 23.7281222776161 73.0425369004065
250000 25.2240963800938 24.2280877269097 23.8420097953372 73.2941939023407
251000 25.3245882828384 24.3312903267952 23.9150480159421 73.5709266255757
252000 25.422613699699 24.419274839649 24.0260870972892 73.8679756366372
253000 25.5299295226275 24.5122181704206 24.096998311548 74.1391460045961
254000 25.6388419164697 24.6273111098981 24.1848150764887 74.4509681028564
255000 25.7259706079616 24.7080653874688 24.2680443759649 74.7020803713953
256000 25.8169231314863 24.8158034025737 24.3408259184446 74.9735524525045
257000 25.938892949078 24.9247364229276 24.455648713035 75.3192780850406
258000 26.0102232187928 25.0067895438893 24.5475555465114 75.5645683091935
259000 26.0745916133604 25.1055280131362 24.6236764996678 75.8037961261644
260000 26.1932557719651 25.1701303539022 24.7138985893343 76.0772847152017
261000 26.2951843934413 25.272796085212 24.8179236777413 76.3859041563946
262000 26.3871328940766 25.3043188192623 24.8757713705735 76.5672230839124
263000 26.4864627933623 25.4128532247937 24.9489408002866 76.8482568184426
264000 26.569075821713 25.5353722184601 25.035984363651 77.1404324038241
265000 26.6601108763616 25.6124015979543 25.1480423222514 77.4205547965672
266000 26.8095553534171 25.7283275828931 25.2367905209757 77.7746734572859
267000 26.8956505710648 25.8062299753724 25.3357757066501 78.0376562530872
268000 26.9919083393007 25.9147977015506 25.4070242578244 78.3137302986757
269000 27.1358532491713 26.0113039677565 25.5184351501711 78.665592367099
270000 27.2450622424281 26.1433149255512 25.5945537550148 78.9829309229941
271000 27.3404738439626 26.2316652357762 25.7098951638721 79.2820342436108
272000 27.4582118850297 26.319507096862 25.7890688576657 79.5667878395574
273000 27.5595510915549 26.4267587444942 25.8996755761853 79.8859854122343
274000 27.654139198029 26.5616865582164 25.9859608452433 80.2017866014887
275000 27.7647479052298 26.624788780081 26.0816410847803 80.4711777700911
276000 27.862413962912 26.7095231756848 26.1822039059845 80.7541410445813
277000 27.974927279543 26.810606210215 26.2810722229659 81.066605712724
278000 28.074645074363 26.8907735112355 26.3667016814882 81.3321202670867
279000 28.1422128473514 26.9920904171123 26.4701407607513 81.604444025215
280000 28.2451386810041 27.0906062847035 26.5629685718391 81.8987135375467
281000 28.351249518348 27.1640260154292 26.6379109783762 82.1531865121534
282000 28.4319412909536 27.2779577044643 26.7428324981347 82.4527314935525
283000 28.5353689721781 27.3685219745815 26.8289129573811 82.7328039041408
284000 28.6467869068851 27.436859765048 26.9136090766991 82.9972557486322
285000 28.7621523587989 27.539904798801 27.0337507498902 83.3358079074901
286000 28.8786164010277 27.6479292311339 27.1101318023168 83.6366774344783
287000 28.9922661977447 27.7554978416665 27.189944136545 83.9377081759562
288000 29.0770361582148 27.840526399563 27.3017524112597 84.2193149690375
289000 29.1536201644807 27.921049961125 27.3674397537413 84.442109879347
290000 29.2341293870885 28.0315011345263 27.4640793669784 84.7297098885932
291000 29.3176815722986 28.128555653843 27.545310021241 84.9915472473826
292000 29.4400854200314 28.2250842462972 27.6474538354887 85.3126235018173
293000 29.5393023555454 28.2983962685182 27.7538559690256 85.5915545930892
294000 29.6086924005712 28.4020492448815 27.8657234854495 85.8764651309022
295000 29.6857513403502 28.4731936905224 27.9648512660899 86.1237962969625
296000 29.7926861910487 28.5751328195435 28.070994340464 86.4388133510561
297000 29.8877390108818 28.6408623282486 28.1313151990342 86.6599165381645
298000 30.000474842507 28.7312300570036 28.2587931348651 86.9904980343758
299000 30.0769044248055 28.8221492573174 28.3777944723845 87.2768481545075
300000 30.1765111081482 28.922508194932 28.4822006285199 87.5812199316001
301000 30.2752499759054 29.01045428906 28.5911298993444 87.8768341643098
302000 30.3655763077787 29.1056415633733 28.6729971763314 88.1442150474834
303000 30.4551097164433 29.2242004520259 28.7644123338334 88.4437225023026
304000 30.5462604234597 29.3013834004232 28.8611035654288 88.7087473893117
305000 30.6883770301258 29.3938159748683 28.9681518223634 89.0503448273574
306000 30.7698119225492 29.5018413700304 29.0677990151901 89.3394523077697
307000 30.8682412726856 29.5964953657409 29.17023343144 89.6349700698665
308000 30.9480927173702 29.6712261198787 29.2432911936487 89.8626100308976
309000 31.0530482965065 29.7548447520593 29.3319966983003 90.1398897468662
310000 31.1789248452978 29.8713146786432 29.4360033687562 90.4862428926971
311000 31.2864408642594 29.9442633425462 29.5233386388071 90.7540428456127
312000 31.385861925491 30.0548193553553 29.6314760233156 91.0721573041619
313000 31.4774122962286 30.1320679455373 29.7113211725774 91.3208014143434
314000 31.5874821836222 30.2254720196276 29.8038434140858 91.6167976173355
315000 31.7146644267906 30.3255088037978 29.9139491887108 91.9541224192991
316000 31.8195868047297 30.4381615215513 29.9970677887457 92.2548161150266
317000 31.8927072906182 30.4966244982131 30.0751968662149 92.4645286550462
318000 31.9620641412715 30.5801791954525 30.1783448681644 92.7205882048884
319000 32.064982225105 30.6626912051457 30.2556812015973 92.983354631848
320000 32.1542131394795 30.7692118259678 30.3669388985881 93.2903638640354
321000 32.2782934438039 30.8621688122364 30.4357993550325 93.5762616110728
322000 32.4037759917282 30.9689275460164 30.5354321050576 93.9081356428021
323000 32.4982018817739 31.0675085796476 30.6379223648303 94.2036328262518
324000 32.6298073178839 31.1586812253562 30.7148800227402 94.5033685659803
325000 32.7312160896001 31.2731044758321 30.8019305430237 94.8062511084559
326000 32.8256112109683 31.3288314648209 30.8833417190886 95.0377843948777
327000 32.9288259186998 31.423214345862 30.99500713314 95.3470473977018
328000 33.0178785744403 31.5100899156136 31.0951383043795 95.6231067944334
329000 33.1154641823364 31.6436409234084 31.1997553583785 95.9588604641233
330000 33.2038646189227 31.7219091309715 31.3112039399513 96.2369776898454
331000 33.2988818824573 31.8247531897606 31.3911115010612 96.514746573279
332000 33.4120938538603 31.912079468134 31.4536553014441 96.7778286234384
333000 33.5003602323608 32.0407145088132 31.5792727050501 97.1203474462241
334000 33.6149882709359 32.09644752185 31.6737992833564 97.3852350761423
335000 33.7114503381998 32.2289003777905 31.7971838705036 97.7375345864939
336000 33.8137291123548 32.3459517666677 31.8968776811062 98.0565585601287
337000 33.946876864636 32.4030950454616 31.9793958479552 98.3293677580529
338000 34.0306347047163 32.4916981625392 32.0583581625259 98.5806910297814
339000 34.1545347388395 32.5687273621991 32.1552104644982 98.8784725655369
340000 34.2346472090222 32.6819080847779 32.2224752619099 99.13903055571
341000 34.3644405052148 32.7882436717315 32.32585707294 99.4785412498863
342000 34.4519734901909 32.8820651438808 32.409045712669 99.7430843467406
343000 34.5362053838602 32.9455731562508 32.5016195000793 99.9833980401904
344000 34.623817915752 33.0330091648307 32.5822127760093 100.239039856592
345000 34.6963380417842 33.1380114124257 32.6800548463167 100.514404300527
346000 34.8271831989076 33.2527991820858 32.7869537091602 100.866936090154
347000 34.9245112169648 33.3271564477655 32.8653417786944 101.117009443425
348000 35.0283948450957 33.4216941954444 32.9343279911879 101.384417031728
349000 35.1055405311003 33.5020636200733 33.022417907483 101.630022058657
350000 35.2312546092265 33.5866926763592 33.0923283940756 101.910275679661
351000 35.3398264321267 33.6798760149787 33.2236559060298 102.243358353135
352000 35.4426929809301 33.774189622571 33.3001243361792 102.51700693968
353000 35.526460117452 33.8591517561642 33.4242561429038 102.80986801652
354000 35.6461343788367 33.9414474100505 33.5110797181266 103.098661507014
355000 35.7306136228383 34.0379288028021 33.5725904278456 103.341132853486
356000 35.8208761545579 34.159923244718 33.6858404018036 103.666639801079
357000 35.9313404753073 34.2120813157669 33.7203675863561 103.86378937743
358000 36.0135042186504 34.3149065209092 33.8497059908986 104.178116730458
359000 36.0913112475501 34.3940764538802 33.9491465997139 104.434534301144
360000 36.1724215881421 34.5094176056175 34.0145801459813 104.696419339741
361000 36.2787803798803 34.572003432696 34.134520214581 104.985304027157
362000 36.3920185520103 34.6829704225582 34.2337904942918 105.30877946886
363000 36.5024946329766 34.7513139323996 34.2982596759857 105.552068241362
364000 36.5807380502426 34.875022796187 34.3901197918255 105.845880638255
365000 36.6622115529006 34.9424877592854 34.4991479088458 106.103847221032
366000 36.7662966866188 35.0422491856906 34.5671361071616 106.375681979471
367000 36.8775257579705 35.135992957079 34.6557232375352 106.669241952585
368000 36.9633161166206 35.2235736018351 34.7632721065524 106.950161825008
369000 37.0580856153101 35.3186294297154 34.8781739987608 107.254889043786
370000 37.1816431003407 35.4393882217889 34.9799306178827 107.600961940012
371000 37.2614623805148 35.5041934183122 35.0814835386137 107.847139337441
372000 37.3555174280397 35.6000820632733 35.2151542246979 108.170753716011
373000 37.4413976486291 35.6762872388553 35.3107290771952 108.42841396468
374000 37.541938213414 35.7800382793941 35.4112129261874 108.733189418995
375000 37.6192318520733 35.8515080894068 35.5009799004228 108.971719841903
376000 37.7138076546597 35.9483751846667 35.5627771461368 109.224959985463
377000 37.8422145221757 36.0011834704824 35.6881330143985 109.531531007056
378000 37.935199716877 36.0996335246226 35.7888145294718 109.823647770971
379000 38.0228336936658 36.2115487170191 35.8696443510343 110.104026761719
380000 38.1231154009082 36.3180482727857 35.9910313738751 110.432195047569
381000 38.1996442876231 36.3890518486575 36.0409857692602 110.629681905541
382000 38.2817950568497 36.501345806334 36.1280887056089 110.911229568793
383000 38.3802987777061 36.6093588147522 36.214336137076 111.203993729534
384000 38.4973432876114 36.7139921910677 36.2802436056626 111.491579084342
385000 38.6038978589138 36.7948081688584 36.3698144018092 111.768520429581
386000 38.6833609983374 36.886080308987 36.4828282403635 112.052269547688
387000 38.8006073951964 36.9866223868762 36.594025672384 112.381255454457
388000 38.8886547467883 37.0531219108253 36.6262960387153 112.568072696329
389000 39.0000306629136 37.1563193745301 36.7120964890474 112.868446526491
390000 39.1028198787092 37.253705192551 36.8007005014638 113.157225572724
391000 39.1997131441499 37.3594908308387 36.9292536957574 113.488457670746
392000 39.2995189474362 37.4254354669264 37.0334710626739 113.758425477037
393000 39.3783805002345 37.5324066783339 37.093560296013 114.004347474581
394000 39.4734498777893 37.5886683590246 37.185658280295 114.247776517109
395000 39.5567146527206 37.7129642723351 37.2700179722855 114.539696897341
396000 39.6519295786308 37.8080462054024 37.3446880929895 114.804663877023
397000 39.7360668867867 37.8955303778423 37.4212889758742 115.052886240503
398000 39.8643931579622 37.9920438516405 37.5392254575768 115.39566246718
399000 39.9739137940241 38.0816437355497 37.6325621237089 115.688119653283
400000 40.0521177491144 38.1508584920844 37.7145902393008 115.9175664805
401000 40.1673348453417 38.23833445902 37.8111898660941 116.216859170456
402000 40.2666686730287 38.3276295099721 37.8847356412765 116.479033824277
403000 40.3524764247986 38.4449963077061 37.9807013616278 116.778174094132
404000 40.4474403535981 38.5256451396104 38.0741421763092 117.047227669518
405000 40.5486159079394 38.6032675077774 38.1547429945059 117.306626410223
406000 40.6664935589584 38.6916903789844 38.2649054398433 117.623089377786
407000 40.7605902056763 38.7796260857352 38.3409549245168 117.881171215928
408000 40.8351172457876 38.8975591500313 38.4101136442873 118.142790040106
409000 40.9511923011916 39.0187904493371 38.50058598448 118.470568735009
410000 41.0261317117242 39.1103101519297 38.5987382633285 118.735180126982
411000 41.1288080271255 39.2163683625613 38.6841176262919 119.029294015979
412000 41.1959827364136 39.2943166905389 38.7771455686902 119.267444995643
413000 41.3270045911389 39.3731631189558 38.8523620238113 119.552529733906
414000 41.4085895411406 39.4742425072423 38.9334401964463 119.816272244829
415000 41.5030847840608 39.5584943367327 39.0247950815393 120.086374202333
416000 41.6100395015593 39.6305559385468 39.1205609665311 120.361156406637
417000 41.7288472529621 39.7024330567732 39.1979701004851 120.62925041022
418000 41.8341729398912 39.7949330481549 39.3038996768691 120.933005664915
419000 41.8988438970508 39.8766004284232 39.420749047115 121.196193372589
420000 42.0169050272052 39.9990054941726 39.4773907798333 121.493301301211
421000 42.0890930772668 40.0709124114118 39.5787741385132 121.738779627192
422000 42.1884254970307 40.1550075085829 39.673151948137 122.016584953751
423000 42.3198781566323 40.2328158531229 39.7906944937588 122.343388503514
424000 42.4143219264809 40.3179381356993 39.8853576043048 122.617617666485
425000 42.496974121409 40.4096343052415 39.9816792818617 122.888287708512
426000 42.6319913451326 40.4624473708589 40.0608914610783 123.15533017707
427000 42.7335656856945 40.5786346426211 40.1472173449962 123.459417673312
428000 42.798133856808 40.6498096684302 40.2904759230878 123.738419448326
429000 42.9037873429559 40.7168073691811 40.3425648329634 123.9631595451
430000 42.9901760835847 40.8219308231721 40.4403777074485 124.252484614205
431000 43.0624193583677 40.9116305964762 40.5393995421823 124.513449497026
432000 43.1793173295118 41.0069306874386 40.6076166646062 124.793864681557
433000 43.2913753144342 41.1115890703258 40.719639447901 125.122603832661
434000 43.3776583031355 41.2099412695018 40.7711648944865 125.358764467124
435000 43.4814423984495 41.2800832912979 40.8675126974683 125.629038387216
436000 43.5705497610654 41.4149398986773 40.9500627211169 125.93555238086
437000 43.6810424899678 41.5175433468544 41.0697541316312 126.268339968453
438000 43.7976569807987 41.6091316674322 41.150058315048 126.556846963279
439000 43.8498010687225 41.7068841863436 41.2243676136184 126.781052868685
440000 43.9427690770284 41.8129597792542 41.3212124059658 127.076941262248
441000 44.0310053214115 41.8918071305997 41.4261343355781 127.348946787589
442000 44.1524746032482 42.0024213823518 41.5038555184211 127.658751504021
443000 44.2193890267004 42.1045480161317 41.5657063610772 127.889643403909
444000 44.3129823639109 42.1790188163671 41.6791978584078 128.171199038686
445000 44.3854838427431 42.2473656729485 41.7706578481817 128.403507363873
446000 44.5004516357592 42.358448816749 41.860054473093 128.718954925601
447000 44.6174282113964 42.4624953261934 41.9669506692283 129.046874206818
448000 44.7104018104289 42.5401594628403 42.044265665556 129.294826938825
449000 44.8220309239909 42.665137865435 42.1189803533523 129.606149142778
450000 44.8809042453166 42.7207994393023 42.2028491612817 129.804552845901
451000 44.9623080215506 42.8082515531909 42.284597136117 130.055156710858
452000 45.0989787271014 42.8982106960446 42.4033214340475 130.400510857194
453000 45.1503876625464 42.9737144056704 42.4747097835582 130.598811851775
454000 45.259887868513 43.091486531195 42.6000458034962 130.951420203204
455000 45.3338422936441 43.187271225585 42.7153048021593 131.236418321388
456000 45.4138621564387 43.253761498976 42.7626808296548 131.43030448507
457000 45.5331683749071 43.3617996621564 42.896672138652 131.791640175716
458000 45.6050206361991 43.4271065186194 42.9905268870773 132.022654041896
459000 45.7272488633756 43.5263337380157 43.0895584413448 132.343141042736
460000 45.8072024828787 43.631549401445 43.140473833471 132.579225717795
461000 45.8943653724482 43.6931600531642 43.2155319857749 132.803057411387
462000 46.0151644024463 43.7974511379594 43.2990628818538 133.11167842226
463000 46.0925759534151 43.8688801246123 43.3949902454495 133.356446323477
464000 46.1668053401679 43.9574359212675 43.5065662151399 133.630807476575
465000 46.2759461342728 44.0858465331505 43.5587879900241 133.920580657447
466000 46.3907777960304 44.1532682589136 43.6539437465308 134.197989801475
467000 46.5058444400945 44.2561576500907 43.7788002252624 134.540802315448
468000 46.5866387609916 44.3364954664698 43.8603301955288 134.78346442299
469000 46.6997155741058 44.4574717329578 43.9839568611669 135.141144168231
470000 46.8093008420424 44.5378742648158 44.0482104073249 135.395385514183
471000 46.9015974401275 44.6411785625564 44.1107567240558 135.65353272674
472000 46.9970826909994 44.7252249888694 44.1838986195909 135.90620629946
473000 47.0868641390324 44.7864534298697 44.2566454846697 136.129963053572
474000 47.1568117075391 44.8651899311735 44.3444801846112 136.366481823324
475000 47.2662219738551 44.9309864621505 44.4514519372317 136.648660373237
476000 47.382309275401 45.0472348018702 44.5386426132208 136.968186690492
477000 47.4877580879661 45.1193085811587 44.6169623745404 137.224029043665
478000 47.5996485841812 45.2550887561413 44.7045746742513 137.559312014574
479000 47.6921444446303 45.3536957015683 44.8064701768239 137.852310323022
480000 47.7830649769516 45.4495785766136 44.895982584555 138.12862613812
481000 47.8829981750799 45.5271328769002 44.9617848200666 138.371915872047
482000 47.9847615932129 45.5875144083903 45.0471903391482 138.619466340751
483000 48.1032749686279 45.6952326343696 45.1331433539855 138.931650956983
484000 48.1928661729053 45.7749350736667 45.2044480296625 139.172249276234
485000 48.2835572121351 45.879933257815 45.3101824160868 139.473672886037
486000 48.4118047805188 45.9747003534363 45.3749936026931 139.761498736648
487000 48.5179742281604 46.0853592390017 45.4646261625872 140.067959629749
488000 48.6089047317757 46.2250574705642 45.5450236654584 140.378985867798
489000 48.7025320772847 46.3026337645682 45.6288663820433 140.634032223896
490000 48.7950748572807 46.4435980107568 45.735605579501 140.974278447538
491000 48.9011273682946 46.5351454680266 45.7894065440383 141.225679380359
492000 48.990728073887 46.6382151849687 45.934153514 141.563096772856
493000 49.0846595267757 46.7517075102443 46.0144181675471 141.850785204567
494000 49.189603687221 46.818009479939 46.0800460585592 142.087659225719
495000 49.2958999118512 46.9164594041831 46.1538933992293 142.366252715264
496000 49.3900071071829 47.0089300302371 46.2389079106059 142.637845048026
497000 49.4921235969486 47.1044164335275 46.3285222506014 142.925062281078
498000 49.6100629474982 47.1767142183603 46.3851349839602 143.171912149819
499000 49.6879062588445 47.2861796918797 46.4793776165144 143.453463567239
500000 49.7691762175851 47.3581462340951 46.5406887168186 143.668011168499
501000 49.8478067852449 47.4794091058482 46.6364343657279 143.963650256821
502000 49.9433251925523 47.5623884723932 46.7408341001221 144.246547765068
503000 50.0211683773249 47.6746307170354 46.844177788043 144.539976882403
504000 50.0921988321695 47.7610311229907 46.9124005828347 144.765630537995
505000 50.2229449048287 47.7924469269912 47.0077574033873 145.023149235207
506000 50.2987910958725 47.9100263825297 47.0858039351896 145.294621413592
507000 50.4096458863506 48.0299760561286 47.1870089966475 145.626630939127
508000 50.4637840396173 48.0712028430677 47.2772822938782 145.812269176563
509000 50.573393372603 48.1612616571508 47.3280139678037 146.062668997557
510000 50.6750471487929 48.2583312731646 47.4284842470601 146.361862669018
511000 50.7768514614399 48.3266513360969 47.4855703702596 146.589073167796
512000 50.8604359452607 48.383724721319 47.5653483265902 146.80950899317
513000 50.9511462269726 48.4511236040467 47.645286274006 147.047556105025
514000 51.0350599544499 48.5315015087285 47.7189718272242 147.285533290403
515000 51.1259190172779 48.6188326222968 47.8280958970252 147.5728475366
516000 51.1670538849202 48.7118844046539 47.9373731552245 147.816311444799
517000 51.3127910152947 48.7647455498368 48.0452060000221 148.122742565154
518000 51.3658942873453 48.8601559228829 48.1435030668898 148.369553277118
519000 51.4931466754606 49.0024428677595 48.2116071364211 148.707196679641
520000 51.5760761695763 49.0887123049274 48.3332375591759 148.99802603368
521000 51.673812034084 49.1781851237849 48.4163163952111 149.26831355308
522000 51.7704422837496 49.2432483365101 48.5078005220493 149.521491142309
523000 51.8793855292758 49.359146975494 48.6214049722932 149.859937477063
524000 51.9717338174387 49.4683937142353 48.7114517368839 150.151579268558
525000 52.0662453017706 49.5563523933232 48.8208445885286 150.443442283622
526000 52.1760759978174 49.619041646421 48.9110773304737 150.706194974712
527000 52.2538490779183 49.6999607810992 49.019953979039 150.973763838056
528000 52.3533131770521 49.8468642035643 49.0732284072588 151.273405787875
529000 52.4881039777222 49.9437129319235 49.1789463946547 151.6107633043
530000 52.5980571361145 50.0120464717564 49.2904711295664 151.900574737437
531000 52.6754833884055 50.0827544083857 49.3937945214113 152.152032318203
532000 52.785222213163 50.2024863515519 49.4504781181191 152.438186682834
533000 52.841403279782 50.2862811694129 49.5389761918572 152.666660641052
534000 52.9605243151064 50.3613803317043 49.6361209709318 152.958025617742
535000 53.0426107078866 50.4621111915611 49.7172886992422 153.22201059869
536000 53.1262863859401 50.5601537498165 49.8139051924244 153.500345328181
537000 53.1841011255449 50.619185111592 49.9093068709982 153.712593108135
538000 53.3027695063738 50.7290386463137 49.9824488411341 154.014256993822
539000 53.3631524231919 50.7954023516922 50.0636798144959 154.22223458938
540000 53.5125791045131 50.89539026576 50.1528233719813 154.560792742254
541000 53.5834247932686 50.9945279009326 50.2286635536949 154.806616247896
542000 53.6599239540481 51.0912770069542 50.3316596376427 155.082860598645
543000 53.7788231750991 51.2266639317459 50.4254537071005 155.430940813946
544000 53.8466418365543 51.3021052468676 50.5504917779969 155.699238861419
545000 53.9626841512082 51.3970996789319 50.6499176893692 156.009701519509
546000 54.0732822028596 51.4878330638712 50.7232312596863 156.284346526417
547000 54.1452430513479 51.5786011458019 50.830297339333 156.554141536483
548000 54.2469511279108 51.6467318837385 50.9440410785928 156.837724090242
549000 54.3056118826561 51.7395502013131 50.9972250748562 157.042387158825
550000 54.4494529444055 51.819739562334 51.1001920405277 157.369384547267
551000 54.5536088350334 51.9024876511603 51.1689356904417 157.625032176635
552000 54.6007812292318 52.0351734061521 51.2521064941378 157.888061129522
553000 54.6596585418143 52.1197808348038 51.3745922984186 158.154031675037
554000 54.8031435405394 52.2532702863218 51.4155452765521 158.471959103413
555000 54.862496676195 52.320502651906 51.5192412558405 158.702240583942
556000 54.9560128666146 52.4331950915688 51.6255535623908 159.014761520574
557000 55.0758762616645 52.5344472319906 51.7110961824888 159.321419676144
558000 55.1789672490189 52.6059503932726 51.78203400231 159.566951644601
559000 55.2827407417564 52.7185647316807 51.8659773213209 159.867282794758
560000 55.3524264472204 52.8189681609431 51.9572461454841 160.128640753648
561000 55.432508983499 52.9002793921481 52.0578124587443 160.390600834391
562000 55.5736140668324 53.0111512605089 52.1668914982704 160.751656825612
563000 55.6420028839738 53.0643459419562 52.2841365670472 160.990485392977
564000 55.7455472800683 53.1584015099106 52.3948919498198 161.298840739799
565000 55.8646164055416 53.2842192097839 52.4987250867153 161.647560702041
566000 55.9728097237046 53.3682297985439 52.5833403245563 161.924379846805
567000 56.0622163619369 53.4623081564353 52.6920833597371 162.216607878109
568000 56.1517560130334 53.5314205866446 52.7918182435337 162.474994843212
569000 56.2396037909803 53.6397800133108 52.8477027607195 162.727086565011
570000 56.3086934658829 53.7164286337227 52.9560808290689 162.981202928675
571000 56.3969054241444 53.7860963752621 53.094374987964 163.27737678737
572000 56.4594466226054 53.8716330253584 53.1609174701984 163.491997118162
573000 56.5442972691725 53.9571425310183 53.2266686731876 163.728108473378
574000 56.6237761849773 54.031742785382 53.3599104376623 164.015429408022
575000 56.6656643001704 54.1525559657394 53.4737852021059 164.292005468016
576000 56.7560479617824 54.205987173246 53.50925496969 164.471290104718
577000 56.8693125491225 54.3258212208462 53.5977332629537 164.792867032922
578000 56.9208202797994 54.4571392215635 53.7301394367169 165.10809893808
579000 57.0003791442645 54.5404567873458 53.7678784436381 165.308714375248
580000 57.1117364588343 54.634633128838 53.8707746147529 165.617144202425
581000 57.1898842843883 54.7493490790638 53.9610138795354 165.900247242988
582000 57.2947869108109 54.867539519203 54.0404481810975 166.202774611111
583000 57.3578248677721 54.9583823353656 54.1543766068502 166.470583809988
584000 57.4503480906916 55.0813212839079 54.2061904393092 166.737859813909
585000 57.5394438096242 55.1877457622931 54.2872736610197 167.014463232937
586000 57.5924283589693 55.2745815219194 54.3903771739177 167.257387054806
587000 57.7199738396879 55.3761882245417 54.457723377979 167.553885442208
588000 57.7993011994746 55.4503177673162 54.5383798553703 167.787998822161
589000 57.8837175760988 55.5414964333618 54.6464939687108 168.071707978171
590000 58.0157735933562 55.6267382824241 54.7693962866655 168.411908162446
591000 58.1124983236552 55.7064935321043 54.8126760312886 168.631667887048
592000 58.1873363887414 55.8004980142406 54.9033504687913 168.891184871773
593000 58.315105553908 55.9324772510761 55.0047185168841 169.252301321868
594000 58.3694507248483 55.9453190739757 55.1391912167383 169.453961015562
595000 58.4262311986049 56.0353445334436 55.1885153396343 169.650091071683
596000 58.5104350185668 56.0762838002517 55.2821757531876 169.868894572006
597000 58.5831398049471 56.1899186957334 55.3942582845 170.167316785181
598000 58.7047531569212 56.2958738060874 55.4924444525796 170.493071415588
599000 58.7651781683827 56.4116957096167 55.5915514402286 170.768425318228
600000 58.8608702306279 56.5044007039176 55.6919713062862 171.057242240832
601000 58.9440338268571 56.6061061862054 55.7790646061584 171.329204619221
602000 59.0283027825885 56.681320334636 55.8665546170781 171.576177734303
603000 59.1362541007841 56.7484350435828 55.9303205565451 171.815009700912
604000 59.2031765419577 56.8628203775042 56.0253704256756 172.091367345137
605000 59.2826432500614 56.9408737395521 56.1536851140231 172.377202103637
606000 59.344896307144 57.045730838443 56.2023126284537 172.592939774041
607000 59.4456841073756 57.1527973542582 56.2981461690223 172.896627630656
608000 59.5619104112633 57.2733333188898 56.3658232785395 173.201067008693
609000 59.6471823798666 57.3776770072016 56.4749055812546 173.499764968323
610000 59.7359308689303 57.4199677130062 56.5749170210606 173.730815602997
611000 59.8146811189324 57.5005282287541 56.6363784716086 173.951587819295
612000 59.9248719779649 57.567010274886 56.7036944452922 174.195576698143
613000 60.0124105299069 57.6617689699666 56.8158563258197 174.490035825693
614000 60.1243963178503 57.7446743482738 56.9111167974942 174.780187463618
615000 60.2047120982427 57.8724696268611 56.9785468816023 175.055728606706
616000 60.3372553732804 57.9706099158059 57.0906839813711 175.398549270457
617000 60.3800923007636 58.0099121311235 57.1800679515624 175.570072383449
618000 60.4466839070851 58.1096226842632 57.2421940685886 175.798500659937
619000 60.5564949771097 58.1904222792445 57.3963464746308 176.143263730985
620000 60.6396377836039 58.2938064409011 57.4707822412759 176.404226465781
621000 60.7504653691857 58.3720948915065 57.4962017934835 176.618762054176
622000 60.8209126811436 58.4406828118719 57.6022886219767 176.863884114992
623000 60.9083181511105 58.5664904269749 57.7011498058255 177.175958383911
624000 61.0129071962929 58.6570263054925 57.7963252254736 177.466258727259
625000 61.1309604505974 58.7599814386458 57.8721141313511 177.763056020594
626000 61.2481882978659 58.7922800544652 57.9355488247413 177.976017177072
627000 61.309036678839 58.9249420279185 58.0425875799215 178.276566286679
628000 61.431241823279 59.0131816516263 58.1030656350048 178.54748910991
629000 61.492651948875 59.0841014237434 58.2127504549227 178.789503827541
630000 61.5970896924121 59.1904771563926 58.3215288762504 179.109095725055
631000 61.7083258969433 59.2814913581714 58.3724832974064 179.362300552521
632000 61.7759710514626 59.4186286853822 58.492995486191 179.687595223036
633000 61.877930453962 59.5062846335334 58.5646606511119 179.948875738607
634000 61.9955606968575 59.6252824334781 58.654166948875 180.275010079211
635000 62.0727321668226 59.6811874065467 58.7834708695606 180.53739044293
636000 62.1279980317498 59.7763582023796 58.8470655462922 180.751421780422
637000 62.2337439858799 59.8586157992326 58.9544635964495 181.046823381562
638000 62.3566262240518 59.9802054330899 59.0438153301147 181.380646987256
639000 62.4308568671733 60.0820354863957 59.0903700250934 181.603262378662
640000 62.534388536893 60.1661657404097 59.2057463299011 181.906300607204
641000 62.6458297995097 60.2712947004519 59.3117046516186 182.22882915158
642000 62.6975259229035 60.3487343376252 59.4144335025234 182.460693763052
643000 62.756352211189 60.4662569563892 59.4537592163252 182.676368383903
644000 62.8661620525596 60.5426863139206 59.5340116541457 182.942860020626
645000 62.9727061583705 60.6078746290378 59.6832351098771 183.263815897285
646000 63.0337089739498 60.7007318196631 59.7501979810457 183.484638774659
647000 63.1688767756342 60.7794362818387 59.8454350435631 183.793748101036
648000 63.2646330408413 60.8686612791011 59.9402483160404 184.073542635983
649000 63.3350754920296 60.9340137212383 60.0545700584551 184.323659271723
650000 63.4521646869559 61.0112929430202 60.1412040549419 184.604661684918
651000 63.5915000534871 61.0946465242704 60.2350185908552 184.921165168613
652000 63.6878792957201 61.1826009546254 60.3055746182633 185.176054868609
653000 63.7470364720481 61.2691230148542 60.4283264246661 185.444485911569
654000 63.837938124903 61.3859206224949 60.4976196442675 185.721478391665
655000 63.924446299375 61.4667356879619 60.6192540395729 186.01043602691
656000 64.0252698587573 61.6173684507467 60.7120347495258 186.35467305903
657000 64.1069062966054 61.7054543441068 60.8141863864265 186.626547027139
658000 64.2280767556024 61.8077435163383 60.9359742703618 186.971794542302
659000 64.3233451652507 61.8889659001877 61.0017222228315 187.21403328827
660000 64.4205402688623 61.9597614521187 61.0723386681101 187.452640389091
661000 64.5736446753938 62.0338248724363 61.1639850859916 187.771454633822
662000 64.6408916981353 62.1345604585531 61.2413201644513 188.01677232114
663000 64.7574356273197 62.2639108743861 61.3561661285141 188.37751263022
664000 64.8828745724527 62.3622882016918 61.4034688697694 188.648631643914
665000 64.993807670286 62.4381607747749 61.4924739922691 188.92444243733
666000 65.0592322822288 62.5385991749124 61.5729307750795 189.170762232221
667000 65.1478700733844 62.6032413447306 61.6827406077851 189.4338520259
668000 65.2748703632528 62.6843335240685 61.7510042777594 189.710208165081
669000 65.3553404952632 62.8154765910761 61.8508793511561 190.021696437495
670000 65.4495590568927 62.886745162188 61.9890354707144 190.325339689795
671000 65.5089573462026 62.9778687872837 62.05269815305 190.539524286536
672000 65.6588627534029 63.0596462020915 62.1188987197224 190.837407675217
673000 65.741182834104 63.1549469114289 62.1921638976364 191.088293643169
674000 65.8429766555171 63.233591775644 62.2686747213344 191.345243152495
675000 65.9038972259308 63.3483043239691 62.3821608476292 191.634362397529
676000 65.9995797666081 63.460370326463 62.4772976539051 191.937247746976
677000 66.0976207100381 63.5394251652253 62.5652284235818 192.202274298845
678000 66.1773950093438 63.6762957705762 62.6263756666614 192.480066446581
679000 66.3303264733973 63.7501595778902 62.7088076690805 192.789293720368
680000 66.4077927481699 63.801264739951 62.8426778059485 193.051735294069
681000 66.5388970901438 63.9067104222497 62.902932460525 193.348539972919
682000 66.6522141014338 63.9620402736056 62.9967976138976 193.611051988937
683000 66.7393923104857 64.0292832583862 63.1013462408791 193.870021809751
684000 66.8624274810455 64.1477900427458 63.1800374879825 194.190255011774
685000 66.9213163517234 64.2272090738137 63.2926301589022 194.441155584439
686000 67.0519987659998 64.2958597814907 63.3820458178668 194.729904365357
687000 67.1630402963602 64.3528749406836 63.4635895584819 194.979504795526
688000 67.2273658253201 64.4701740946664 63.5589874299026 195.256527349889
689000 67.336931764913 64.6138247650313 63.6352825260398 195.586039055984
690000 67.3998811172506 64.7184306406975 63.7422042932334 195.860516051181
691000 67.4860907310061 64.7823204428238 63.798735835302 196.067147009132
692000 67.6280445258842 64.8863363999824 63.9209125982813 196.435293524148
693000 67.6553785791501 64.9810828178768 63.9876794642555 196.624140861282
694000 67.7683051103558 65.0708385855846 64.0487798986756 196.887923594616
695000 67.881949134938 65.1856589213928 64.1580324150456 197.225640471376
696000 67.9728036882054 65.2459528501082 64.2144490162335 197.433205554547
697000 68.096094268483 65.3182789686363 64.3277102511444 197.742083488264
698000 68.1537771607472 65.4177323077723 64.424006369026 197.995515837545
699000 68.2339312876022 65.5327753965236 64.5113239326239 198.27803061675
700000 68.3362842877347 65.617972178419 64.6185951793095 198.572851645463
701000 68.4328378654506 65.6914834590071 64.6693627754738 198.793684099932
702000 68.5046462719857 65.7726941372055 64.7503819750137 199.027722384205
703000 68.5796416332752 65.8576564041193 64.8887188078942 199.326016845289
704000 68.662332376577 65.9671555024254 64.9475840769129 199.577071955915
705000 68.7296265148834 66.0772486217332 65.0208685917907 199.827743728407
706000 68.8744658359522 66.1794138952157 65.1362795261225 200.19015925729
707000 68.9395257380849 66.2505141357762 65.1817317826398 200.371771656501
708000 69.0709741889298 66.3676830070079 65.2756211149219 200.71427831086
709000 69.1167448973252 66.4785928216799 65.3485138660846 200.94385158509
710000 69.2161477249344 66.5444978804377 65.4528494549122 201.213495060284
711000 69.3030726033682 66.6518111918702 65.5235153554253 201.478399150664
712000 69.4372402389576 66.7481263664413 65.6500364901851 201.835403095584
713000 69.5029961919875 66.8385712414619 65.7414217859232 202.082989219373
714000 69.5694703793657 66.9233041390841 65.8191000551285 202.311874573578
715000 69.720952423034 66.9975396090432 65.9038919171469 202.622383949224
716000 69.8039871508304 67.0995598638206 65.9888443299369 202.892391344588
717000 69.886036636264 67.1997012542492 66.1265145458595 203.212252436373
718000 70.0221345031854 67.2606003383298 66.1709895086083 203.453724350123
719000 70.0621828055328 67.3655936126356 66.2795242029136 203.707300621082
720000 70.1767540916513 67.4650645988364 66.4488156891335 204.090634379621
721000 70.2716993949274 67.5465339896286 66.4998583934325 204.318091777988
722000 70.3399748798866 67.6610908234476 66.598030895908 204.599096599242
723000 70.4902343247395 67.7309956019304 66.7104266728558 204.931656599526
724000 70.5808039314687 67.7814164405473 66.8196400533575 205.181860425373
725000 70.6168281468019 67.8902700440671 66.9480289840551 205.455127174924
726000 70.7168147528264 67.9647542775712 67.0057198815382 205.687288911936
727000 70.8468268491547 68.0705882542006 67.1089030820068 206.026318185362
728000 70.9452424280389 68.1492520251069 67.1736610978431 206.268155550989
729000 71.0492669503534 68.2733486158112 67.3083891296771 206.631004695842
730000 71.1888233460315 68.3478155953818 67.3789288029359 206.915567744349
731000 71.2744005734828 68.457313560366 67.4377540388774 207.169468172726
732000 71.3618970704322 68.5691618076156 67.5083597655438 207.439418643592
733000 71.4833336957994 68.6291049103011 67.6368888390335 207.749327445134
734000 71.5254055438084 68.7440220991877 67.7125608223659 207.981988465362
735000 71.627820712536 68.8448761706499 67.7791913397242 208.25188822291
736000 71.6827769945363 68.9586928655012 67.8698672670915 208.511337127129
737000 71.8087518658888 69.0797615553992 67.9707219716461 208.859235392934
738000 71.8518225097321 69.1787261411319 68.0582979968902 209.088846647754
739000 71.9507714704085 69.2546101158797 68.1793355222396 209.384717108528
740000 72.084902657531 69.3509601329182 68.236396827724 209.672259618173
741000 72.1500178623137 69.4374689683532 68.3227773445343 209.910264175201
742000 72.2190306122717 69.5370501119421 68.3965984768727 210.152679201086
743000 72.2989424637055 69.6462677216469 68.4858957754206 210.431105960773
744000 72.4200327256835 69.7056215873196 68.5703320264699 210.695986339473
745000 72.5462913072279 69.8201027810544 68.6787907242519 211.045184812534
746000 72.6563189189086 69.8618885050445 68.7963789457755 211.314586369729
747000 72.7306816677658 69.9750315607407 68.8655371884007 211.571250416907
748000 72.8284207064618 70.0415651467046 68.9687346799569 211.838720533123
749000 72.8684329210474 70.1179650674591 69.0597125001835 212.04611048869
750000 72.9463011350813 70.2343578304066 69.1412754184571 212.321934383945
751000 73.0494400530203 70.338428663105 69.2750587154822 212.662927431608
752000 73.1302646829946 70.4109293190716 69.3525675490592 212.893761551125
753000 73.2349442746385 70.5348544216816 69.4303621853612 213.200160881681
754000 73.3604947418027 70.6434355734582 69.5290969156725 213.533027230933
755000 73.4564272540966 70.7239438513633 69.5986102216642 213.778981327124
756000 73.5833945044703 70.8395465638654 69.7283126841251 214.151253752461
757000 73.6404597042836 70.8989879484135 69.7961179643447 214.335565617042
758000 73.7321628508385 70.9829035651992 69.9027719104542 214.617838326492
759000 73.8153068151909 71.0678470959314 70.0195445149017 214.902698426024
760000 73.9148984810303 71.2066927117303 70.0720397516865 215.193630944447
761000 74.0135510912103 71.272992188701 70.1738739447072 215.460417224618
762000 74.097403543732 71.3485003442199 70.2415329308854 215.687436818837
763000 74.2068697003468 71.4327612281068 70.3614580096756 216.001088938129
764000 74.2714959592666 71.5173323006434 70.4945494736371 216.283377733547
765000 74.3729568899989 71.5967295589919 70.5693181254144 216.539004574405
766000 74.4552638840058 71.6635743441733 70.656085749948 216.774923978127
767000 74.5294752811262 71.786974278211 70.7172507789194 217.033700338257
768000 74.6853557075455 71.8649067542903 70.791362150093 217.341624611929
769000 74.7829568175761 71.9572390436011 70.8852039674237 217.625399828601
770000 74.863879019995 72.0275657805106 70.9934302669681 217.884875067474
771000 74.9600809385381 72.095323808284 71.0787992368758 218.134203983698
772000 75.0539359237015 72.218468480719 71.1611875236456 218.433591928066
773000 75.1489544494904 72.2639422158134 71.2753911071771 218.688287772481
774000 75.2642035596847 72.3313989995903 71.3550400831355 218.950642642411
775000 75.3556338458188 72.3798866632282 71.4442545527131 219.17977506176
776000 75.4428315081702 72.5098401305071 71.5155662477761 219.468237886453
777000 75.5155858534912 72.578043857675 71.5945378510504 219.688167562217
778000 75.6283978576076 72.6580033755218 71.7289082668156 220.015309499945
779000 75.689568302738 72.7460149233877 71.7983397099464 220.233922936072
780000 75.8014257531505 72.8461963203651 71.9059562028319 220.553578276347
781000 75.8819409397862 72.9328480897605 72.0055382490912 220.820327278638
782000 75.9700548229613 73.0043436255259 72.0329086741088 221.007307122596
783000 76.0558796362936 73.0757896596735 72.1583802346855 221.290049530653
784000 76.1818302232401 73.1270004098362 72.2253623521142 221.534192985191
785000 76.2300628157498 73.2310947639381 72.3057143956883 221.766871975376
786000 76.3114495663803 73.3280882961647 72.3451127158223 221.984650578367
787000 76.3799212224536 73.3893460532111 72.4775679540958 222.24683522976
788000 76.4826351539783 73.4882466468254 72.5163807166415 222.487262517445
789000 76.5409472327686 73.5711695860874 72.6275774156354 222.739694234491
790000 76.6740956547429 73.6404878368715 72.751115065896 223.06569855751
791000 76.7615463992921 73.7474736314203 72.792268017341 223.301288048053
792000 76.8629584277598 73.8148535991922 72.8690390854391 223.546851112391
793000 76.9047865628336 73.8943927138783 72.9623982027739 223.761577479486
794000 77.0244049440647 73.9935734345743 73.0646289637808 224.08260734242
795000 77.1028427672099 74.0376187318553 73.1288746721844 224.26933617125
796000 77.2116002445094 74.1440262287876 73.2436195079646 224.599245981262
797000 77.3162918038092 74.2442702732621 73.3295951836187 224.89015726069
798000 77.3946106109624 74.3569283886685 73.4704681222189 225.22200712185
799000 77.5092706648825 74.3915004031917 73.5516814576134 225.452452525688
800000 77.6056885242823 74.5404958502208 73.6349560326666 225.78114040717
801000 77.6794893876447 74.6112607383656 73.6767986959462 225.967548821956
802000 77.7771761906742 74.7152523777134 73.7637299242504 226.256158492638
803000 77.8651022695289 74.8106418031024 73.836840503675 226.512584576306
804000 77.9427445125788 74.868000065075 73.950424944322 226.761169521976
805000 78.0641462617227 74.9907711720145 73.9966833290032 227.05160076274
806000 78.1166761270003 75.0734007683733 74.0560654504784 227.246142345852
807000 78.2396029190124 75.1940057415049 74.1221600893635 227.555768749881
808000 78.30240449652 75.2314053994049 74.2252541127674 227.759064008692
809000 78.4063663920843 75.2999378488336 74.3192460786477 228.025550319566
810000 78.5083965042303 75.3685834721831 74.4056586204635 228.282638596877
811000 78.6509617235128 75.5040890884132 74.4958102808324 228.650861092758
812000 78.6969376515761 75.5680026521707 74.597301918309 228.862242222056
813000 78.7795084052286 75.7045217674786 74.7112410692315 229.195271241939
814000 78.8465024647951 75.791698401282 74.7952644355579 229.433465301635
815000 78.9860816841734 75.8979010641932 74.8678048829474 229.751787631314
816000 79.1252217701587 75.9976243559626 74.9823976887019 230.105243814823
817000 79.2074952595084 76.1100914137056 75.0904526147381 230.408039287952
818000 79.2965283168227 76.2073691989395 75.1540620517263 230.657959567488
819000 79.3808175027973 76.2930032500664 75.238302187424 230.912122940288
820000 79.4423653306579 76.3898330524468 75.3184249442442 231.150623327349
821000 79.5332997556173 76.4484886864789 75.4340836554262 231.415872097522
822000 79.6162479935941 76.5162289588125 75.5460678523948 231.678544804801
823000 79.7195834421483 76.6152413979459 75.627385808742 231.962210648836
824000 79.8134044989255 76.7257347019494 75.7201663987567 232.259305599632
825000 79.8869933727955 76.7892808277958 75.8177816013111 232.494055801902
826000 79.993700309531 76.8892854233007 75.8964281540101 232.779413886842
827000 80.050842153688 76.9721469765942 75.9634404664507 232.986429596733
828000 80.1979213688135 77.0269669861247 76.0496986435246 233.274586998463
829000 80.2750775697556 77.1364385045292 76.1299725741045 233.541488648389
830000 80.3951948383591 77.2458505848367 76.2165187684712 233.857564191667
831000 80.5147188102671 77.3351891974221 76.3485540848435 234.198462092533
832000 80.5949348251297 77.4094331845796 76.3899398388861 234.394307848595
833000 80.7056655493809 77.4821901224238 76.4883453895729 234.676201061378
834000 80.7773482631766 77.5753440789336 76.6228249143003 234.97551725641
835000 80.8674814310831 77.7104414502911 76.6939868265542 235.271909707928
836000 80.8952601211435 77.769212903355 76.7870677077445 235.451540732243
837000 81.0120118392727 77.8450174567429 76.9028453485771 235.759874644593
838000 81.1151310820173 77.9313925287885 77.0100234316495 236.056547042455
839000 81.1504806219106 78.0578161192628 77.0899541680894 236.298250909263
840000 81.2811080280669 78.1511410277793 77.2113934817587 236.643642537605
841000 81.3353680825968 78.203605970963 77.3204736585679 236.859447712128
842000 81.4573918102837 78.3651375425435 77.4039227179019 237.226452070729
843000 81.5166500655799 78.4963665134809 77.5012087230964 237.514225302157
844000 81.6690307553553 78.5622644215924 77.5922955670354 237.823590743983
845000 81.7442034991129 78.6773246401287 77.714534549202 238.136062688444
846000 81.8370574934534 78.780820046327 77.7729724468519 238.390849986632
847000 81.9853329619437 78.8687729125746 77.8801738084535 238.734279682972
848000 82.0451818319051 78.9907889580029 77.9493332553635 238.985304045271
849000 82.1241073639144 79.044491580364 78.0583303701326 239.226929314411
850000 82.2422204487694 79.1798326108208 78.1175811816047 239.539634241195
851000 82.3710997014996 79.248836639084 78.2245409251926 239.844477265776
852000 82.4519554460064 79.3565882699374 78.2917663425397 240.100310058484
853000 82.4877534318629 79.4444754538796 78.382650079137 240.314878964879
854000 82.6463532288633 79.5042208156386 78.4808457173433 240.631419761845
855000 82.7762482324891 79.6160166082663 78.5487498600748 240.94101470083
856000 82.8956805790129 79.7023108390537 78.6897127945633 241.28770421263
857000 82.9498872825201 79.8693518026641 78.7660533425707 241.585292427755
858000 83.0300531058065 79.9594479314226 78.8277442018504 241.81724523908
859000 83.147915904434 80.0173954205408 78.9265953836077 242.091906708582
860000 83.2558379486612 80.1018559443511 79.0063541926996 242.364048085712
861000 83.3559986146065 80.172136967205 79.082558152237 242.610693734049
862000 83.4535294640324 80.289990186637 79.2362952009543 242.979814851624
863000 83.5121322755187 80.3852369462242 79.326620677695 243.223989899438
864000 83.5802571038664 80.4533831615418 79.4207557729358 243.454396038344
865000 83.6892468711567 80.5583139170874 79.467409230846 243.71497001909
866000 83.7780957656926 80.652308128354 79.5374172089451 243.967821102992
867000 83.8469149012113 80.7265264857776 79.6394878304226 244.212929217411
868000 83.9632706907802 80.8469780918387 79.7585072311423 244.568756013761
869000 84.0332464214152 80.9082232153543 79.8622502225995 244.803719859369
870000 84.1653570921229 80.9738736179838 79.9438411118724 245.083071821979
871000 84.2721211224497 81.0404264851126 80.0509040769831 245.363451684545
872000 84.3872096307875 81.1755074954673 80.1132995647773 245.676016691032
873000 84.4630526118136 81.2339135396147 80.2162750108254 245.913241162254
874000 84.5502464233233 81.368041320632 80.2839059566232 246.202193700579
875000 84.6412881093883 81.4336129153719 80.406852212822 246.481753237582
876000 84.7577290174398 81.5405456896415 80.4453618133349 246.743636520416
877000 84.8515936713894 81.6017832552032 80.5442296550466 246.997606581639
878000 84.9817977955235 81.6851284267894 80.6122209782045 247.279147200517
879000 85.0804367974045 81.7765795307105 80.7348063458127 247.591822673928
880000 85.1445861900293 81.8656412902312 80.8298631814024 247.840090661663
881000 85.261449221531 81.9414118646021 80.9194532324391 248.122314318572
882000 85.3494182040692 82.067019306275 81.0029535808507 248.419391091195
883000 85.40693695665 82.1759136638004 81.0310858239716 248.613936444422
884000 85.500917271163 82.2423404066096 81.085127408938 248.828385086711
885000 85.6535036411573 82.3462994915283 81.175055169532 249.174858302218
886000 85.739843490409 82.4231222978455 81.2509241205681 249.413889908823
887000 85.8623700983163 82.5452523539298 81.3432997432448 249.750922195491
888000 85.9179107019356 82.6777672407808 81.481091975321 250.076769918037
889000 86.0209686182508 82.7631704401923 81.5749934427302 250.359132501173
890000 86.1489121166577 82.8812123308882 81.6539399807071 250.684064428253
891000 86.2289093434536 82.8874836085698 81.7014144844825 250.817807436506
892000 86.2903446550077 83.0657119090769 81.8643123759238 251.220368940008
893000 86.3772647459188 83.1526917591104 81.9446680099121 251.474624514941
894000 86.5111666600868 83.2800935271181 82.0008120188616 251.792072206066
895000 86.6235514207414 83.3932385659555 82.0820315089248 252.098821495622
896000 86.7185128986947 83.4734697475101 82.1985245311876 252.390507177392
897000 86.8043934445731 83.5751811190214 82.2803504364157 252.65992500001
898000 86.861711193988 83.6325711434064 82.3674223928184 252.861704730213
899000 86.9639211624098 83.7196212628905 82.4157523849017 253.099294810202
900000 87.0975382461369 83.8260508395425 82.5068660013578 253.430455087037
901000 87.2152906904064 83.9015027436092 82.6241415814568 253.740935015473
902000 87.3320996738953 83.9765808063093 82.7529708660062 254.061651346211
903000 87.4533901138409 84.0862561671016 82.8042067451142 254.343853026057
904000 87.5630060551954 84.1850958389299 82.8441408373835 254.592242731509
905000 87.6691478714064 84.2693564317648 82.939061997006 254.877566300177
906000 87.7648573817503 84.372041926689 83.1064379550627 255.243337263502
907000 87.7978085582095 84.4243221820366 83.1310523400886 255.353183080335
908000 87.8877564120324 84.5219936603137 83.2363240238583 255.646074096204
909000 87.914893988009 84.606751589809 83.3513091731546 255.872954750972
910000 88.0040038604187 84.7149750557356 83.4584226325519 256.177401548706
911000 88.1441474307645 84.8112041981148 83.545447091993 256.500798720872
912000 88.2556992464071 84.8898168462399 83.6461389309558 256.791655023603
913000 88.2879250210486 84.995639906562 83.7456949742317 257.029259901842
914000 88.4132453428953 85.0562154180036 83.8309997529091 257.300460513808
915000 88.4621687138504 85.1588923549592 83.934077339093 257.555138407902
916000 88.5811353381944 85.2467404635348 84.0118159020719 257.839691703801
917000 88.6811047819086 85.3705108629357 84.0800295199854 258.13164516483
918000 88.7549322219972 85.4686063714332 84.1740796659812 258.397618259412
919000 88.8426587055638 85.5290639171751 84.2302392444474 258.601961867186
920000 88.9733564563401 85.6428620470134 84.2731026277483 258.889321131102
921000 89.0671899003759 85.7194790983796 84.3546640882333 259.141333086989
922000 89.1368286211713 85.7773219702874 84.4594568658622 259.373607457321
923000 89.2327309353401 85.8798683175431 84.5592433248641 259.671842577747
924000 89.3876741231477 85.9634310172822 84.62547625012 259.97658139055
925000 89.4375988687556 86.0605951351105 84.7421871679307 260.240381171797
926000 89.5666123291164 86.1910031347668 84.8295383636886 260.587153827572
927000 89.6646914306476 86.2731484377975 84.9229703410279 260.860810209473
928000 89.7143604788974 86.3508359813899 85.0121900767033 261.077386536991
929000 89.8593440963214 86.4686274418076 85.063942534654 261.391914072783
930000 89.9015946552905 86.5327487536763 85.1481562581576 261.582499667124
931000 90.0173380010414 86.6257021665156 85.2506484499701 261.893688617527
932000 90.1473370808697 86.7252384122996 85.3519880248916 262.224563518061
933000 90.2110097572322 86.8439363323649 85.4397949866283 262.494741076225
934000 90.3401915818241 86.9508647912129 85.567423386004 262.858479759041
935000 90.4371116791616 87.0455105548488 85.6719947886144 263.154617022625
936000 90.5760077099101 87.1331763841321 85.6670252248638 263.376209318906
937000 90.6785412249852 87.2394599994863 85.7449618792652 263.662963103737
938000 90.7174596418578 87.3366875831822 85.8339428766386 263.888090101679
939000 90.7797929121509 87.4427370673278 85.981305751965 264.203835731444
940000 90.8730395177507 87.4977774881942 86.08528637464 264.456103380585
941000 90.9546921438074 87.5842840960549 86.1348936977421 264.673869937604
942000 91.0661509307824 87.6877062422783 86.2446719863263 264.998529159387
943000 91.1811987320747 87.750663391868 86.2825836642589 265.214445788202
944000 91.3245236776639 87.8484590193305 86.3743456548573 265.547328351852
945000 91.4205636750615 87.9321682583347 86.4580593315111 265.810791264907
946000 91.5009799023199 88.0308574150891 86.537099087552 266.068936404961
947000 91.5553981111037 88.1400586871587 86.5786714206042 266.274128218867
948000 91.6504943014761 88.2121780582481 86.7258386718047 266.588511031529
949000 91.713010630257 88.3084083199844 86.7639814271133 266.785400377355
950000 91.8289638111082 88.4071636911402 86.8474551109137 267.083582613162
951000 91.8630829864666 88.4369406610343 86.9473192832952 267.247342930796
952000 91.978501111911 88.5457648531089 87.0220852380251 267.546351203045
953000 92.0787063145612 88.624327733244 87.1341202612799 267.837154309085
954000 92.2275041886519 88.7083182212169 87.1851312845121 268.120953694381
955000 92.2795345959393 88.7990610546634 87.2599407958234 268.338536446426
956000 92.3711026056181 88.8888735753368 87.3733380268428 268.633314207798
957000 92.4566286846956 88.9445125611944 87.4711370855394 268.872278331429
958000 92.5892314992387 89.0981614023298 87.594892713001 269.28228561457
959000 92.694025829631 89.1539893402044 87.666634906252 269.514650076087
960000 92.765407456661 89.262893334945 87.7733566285202 269.801657420126
961000 92.8745683088457 89.3342613258766 87.8369246579404 270.045754292663
962000 92.9570620146516 89.4635264293212 87.9266654137092 270.347253857682
963000 93.0714066413095 89.5103238624449 87.9642941578943 270.546024661649
964000 93.1376804539336 89.617669635742 88.0367027203362 270.792052810012
965000 93.2285910996353 89.7104246026749 88.1326245270802 271.07164022939
966000 93.3278986872077 89.7851403775826 88.23590089212 271.34893995691
967000 93.4128802945835 89.9036221402402 88.3348737492811 271.651376184105
968000 93.4787634188063 89.9548999284596 88.4154089805889 271.849072327855
969000 93.592154873854 90.0714760887444 88.5151699238126 272.178800886411
970000 93.6925089774525 90.1663098673174 88.6459783484878 272.504797193258
971000 93.8052719850183 90.2311793792903 88.6918246277862 272.728275992095
972000 93.8873671494303 90.3186904552789 88.7630680169861 272.969125621695
973000 94.0106469880409 90.3362632188888 88.8300141278273 273.176924334757
974000 94.0916913457754 90.4828640408864 88.9068346680031 273.481390054665
975000 94.1954470883339 90.5543606659167 88.9793543257258 273.729162079977
976000 94.3047202612804 90.664018423444 89.102117856884 274.070856541608
977000 94.4069775335408 90.6986428808978 89.2052270369704 274.310847451409
978000 94.5110475981399 90.8005763047605 89.3188809980148 274.630504900915
979000 94.6391971159099 90.936084114836 89.3775101006203 274.952791331366
980000 94.7420834786818 90.9792026295275 89.5077749884847 275.229061096694
981000 94.8434057559111 91.0587941353161 89.5841579259868 275.486357817214
982000 94.9382910585424 91.1187833987018 89.6061560012981 275.663230458542
983000 95.0264322911216 91.181477555681 89.7546113582475 275.96252120505
984000 95.1403025006885 91.3186411951064 89.8524131269333 276.311356822728
985000 95.2493202198525 91.3403979428065 89.9119630948399 276.501681257499
986000 95.3658412505484 91.3756691457337 90.018520423926 276.760030820208
987000 95.4592303775381 91.4907934045972 90.1112975680267 277.061321350162
988000 95.5248023190992 91.609890657194 90.2127694157846 277.347462392078
989000 95.6292333140453 91.7384213759059 90.3155627315165 277.683217421468
990000 95.6977300168134 91.8059455556078 90.3875018960258 277.891177468447
991000 95.8011159782087 91.8812103428884 90.4930801470458 278.175406468143
992000 95.8764176416469 91.9496660002706 90.5742499989535 278.400333640871
993000 95.9445191679499 92.0131659523327 90.6419772191572 278.59966233944
994000 95.9981481808397 92.1221683243252 90.7206002399865 278.840916745151
995000 96.115937726389 92.2293953172086 90.8329871637592 279.178320207357
996000 96.196325492357 92.2857389607742 90.8874389181031 279.369503371234
997000 96.268135457312 92.362942346413 90.9658322159217 279.596910019647
998000 96.3667946784881 92.4748771261133 91.0997020708634 279.941373875465
999000 96.5229569696873 92.5887303145481 91.1633258613475 280.275013145583
1000000 96.6631710781873 92.67281615248 91.2287958429156 280.564783073583
1001000 96.7482510068619 92.7568385635564 91.3212105265457 280.826300096964
1002000 96.8374216171198 92.8403805204343 91.4523606608707 281.130162798425
1003000 96.9665091251765 92.8951571652671 91.4954482208931 281.357114511337
1004000 97.052817725289 93.0064339408204 91.5291923624232 281.588444028533
1005000 97.1193040097492 93.1003380685814 91.6424269183417 281.862068996672
1006000 97.18647110366 93.2094138289788 91.7326222757453 282.128507208384
1007000 97.2695774981783 93.3140020245605 91.8184015272336 282.401981049972
1008000 97.366463489441 93.3495413458382 91.8814846915836 282.597489526863
1009000 97.4158516682144 93.4861097157291 91.9330674656508 282.835028849594
1010000 97.5077155912305 93.5772264839595 92.0256673950871 283.110609470277
1011000 97.5900954231666 93.6776637468544 92.0949836747845 283.362742844805
1012000 97.6882149233954 93.7449746078763 92.2090337184608 283.642223249733
1013000 97.7977755029561 93.8573054928768 92.3061208506255 283.961201846458
1014000 97.8865752618324 93.9584834370483 92.3921302860878 284.237188984969
1015000 97.9999427209295 94.0639525845513 92.459628453396 284.523523758877
1016000 98.1197214775339 94.1463964044766 92.569487595271 284.835605477282
1017000 98.1856585141347 94.2626577433187 92.6778269488091 285.126143206262
1018000 98.2878126749607 94.3049420779722 92.8071332318719 285.399887984805
1019000 98.3574004630561 94.3823454828436 92.8938351564613 285.633581102361
1020000 98.433260292016 94.5207271404616 92.9675773998285 285.921564832306
1021000 98.5916895826974 94.6112134763753 93.0643161963674 286.26721925544
1022000 98.6879453997483 94.6913240145557 93.1300317579259 286.50930117223
1023000 98.7290599447578 94.8012719196716 93.2129140015298 286.743245865959
1024000 98.8347833161023 94.8529824541848 93.2978431388291 286.985608909116
1025000 98.9320904223772 94.9085645699782 93.3935784742293 287.234233466585
1026000 99.0557585706653 95.0431115836346 93.5180402261092 287.616910380409
1027000 99.1652916367896 95.1028078848053 93.6331226895982 287.901222211193
1028000 99.2523359254339 95.1803829165246 93.7026863605503 288.135405202509
1029000 99.4259599465661 95.2913643045126 93.7611937344883 288.478517985567
1030000 99.5126016947225 95.3405648176194 93.8796052225993 288.732771734941
1031000 99.6187628930487 95.4666955265249 93.959931175304 289.045389594878
1032000 99.696885522376 95.5657548459803 94.0352603126579 289.297900681014
1033000 99.766882699771 95.6658696435311 94.0897606894621 289.522513032764
1034000 99.8734465810146 95.7886770035184 94.2009076211293 289.863031205662
1035000 100.027293318163 95.8616680991959 94.2750454023676 290.164006819727
1036000 100.04527511088 95.93496070053 94.3225312179742 290.302767029384
1037000 100.23765218322 96.024239161076 94.4224962428622 290.684387587158
1038000 100.299633212151 96.1120754598845 94.5594752427513 290.971183914787
1039000 100.455845262226 96.1775022654439 94.6434555570937 291.276803084763
1040000 100.578635695472 96.3005727281368 94.7356959656809 291.614904389289
1041000 100.615764292357 96.3834585922346 94.8337574118333 291.832980296425
1042000 100.734235198177 96.4532644047919 94.9281827210236 292.115682323992
1043000 100.823562246155 96.522973700434 95.0639469443332 292.410482890922
1044000 100.919311148225 96.6391305445277 95.1819086793753 292.740350372128
1045000 101.034531052545 96.7298560931785 95.3104168589424 293.074804004666
1046000 101.108778711107 96.8230616269301 95.4113486814135 293.343189019451
1047000 101.193290763904 96.9245570706369 95.5073526817809 293.625200516322
1048000 101.246886177783 96.9854687901744 95.5419142048178 293.774269172775
1049000 101.294294972823 97.0653649173012 95.623889787301 293.983549677425
1050000 101.381705533956 97.1616321711595 95.6615777472519 294.204915452368
1051000 101.470978039168 97.2537173925125 95.7703700232386 294.495065454919
1052000 101.491429019738 97.3326932270007 95.8380322223828 294.662154469122
1053000 101.571178661866 97.4171532545612 95.9564855151897 294.944817431616
1054000 101.646437044541 97.5320484349894 96.054873271946 295.233358751477
1055000 101.689689781931 97.5968234363535 96.109970188393 295.396483406677
1056000 101.776911420133 97.6951869244439 96.1915437818678 295.663642126444
1057000 101.889586775508 97.8320180709685 96.2711170324592 295.992721878935
1058000 101.963768652252 97.9500037847675 96.3505778081877 296.264350245207
1059000 102.037550521129 98.0162984787199 96.4677580769202 296.521607076769
1060000 102.092091399003 98.1616349181728 96.5528093127413 296.806535629917
1061000 102.18890218773 98.2550798698261 96.654839813152 297.098821870708
1062000 102.294442851839 98.3177643051453 96.7275827823627 297.339789939347
1063000 102.401717454591 98.4326384875139 96.777224081779 297.611580023884
1064000 102.466828057615 98.5039191402567 96.841405880856 297.812153078728
1065000 102.537694363026 98.6127325746705 96.9639429342909 298.114369871987
1066000 102.695473764296 98.6710257690958 97.0556114277153 298.422110961107
1067000 102.723530743145 98.7378432893752 97.1490015860586 298.610375618579
1068000 102.803484685134 98.8791384217037 97.2380286461028 298.92065175294
1069000 102.918583947649 98.9985294088526 97.3007775878361 299.217890944338
1070000 103.066592619667 99.0762640563328 97.4165412167504 299.55939789275
1071000 103.145957781448 99.139961834785 97.51694395026 299.802863566493
1072000 103.199785853054 99.2383243258486 97.5416951514062 299.979805330309
1073000 103.320269858643 99.3212741824461 97.6493357275593 300.290879768648
1074000 103.469898997226 99.3745836386966 97.7209044781112 300.565387114034
1075000 103.607844369803 99.5124596475539 97.7763762591899 300.896680276547
1076000 103.695105516691 99.5885151281991 97.8912224521297 301.17484309702
1077000 103.80117071461 99.6926860041983 97.9528343769817 301.44669109579
1078000 103.876042000944 99.7362700403001 98.0820594125549 301.694371453799
1079000 103.973600927811 99.8595867631654 98.1749608459066 302.008148536883
1080000 104.093233843445 99.9641701343864 98.2320482256099 302.289452203441
1081000 104.181832862648 100.050377347427 98.2996277936529 302.531838003728
1082000 104.290541792632 100.093005580367 98.3896484419857 302.773195814985
1083000 104.35548300688 100.189896126737 98.5138681085766 303.059247242194
1084000 104.443366940444 100.248894109021 98.6480057338521 303.340266783317
1085000 104.533706587891 100.344185263155 98.7215087628868 303.599400613933
1086000 104.636251913473 100.409850744127 98.8000709247414 303.846173582342
1087000 104.730799914327 100.515866816318 98.8427699906878 304.089436721333
1088000 104.80349735653 100.625234596824 98.9383776171042 304.367109570458
1089000 104.956517585463 100.712907511211 98.9904444359771 304.65986953265
1090000 105.043461563536 100.808747905183 99.0801760985364 304.932385567256
1091000 105.131380882591 100.893799509711 99.2009355093844 305.226115901687
1092000 105.202429355049 101.037213500553 99.3589317637075 305.598574619309
1093000 105.280342725376 101.088620691261 99.4116606317807 305.780624048418
1094000 105.398640036699 101.230415936909 99.4869920384557 306.116048012064
1095000 105.531779301004 101.265230645714 99.5707669679491 306.367776914667
1096000 105.648842205286 101.36743826704 99.6377950894436 306.654075561769
1097000 105.705215101035 101.441219692046 99.750576716525 306.897011509606
1098000 105.821203256035 101.507546798697 99.8145974732344 307.143347527967
1099000 105.91957550806 101.550664415221 99.92811658995 307.398356513231
1100000 105.976375555429 101.708897472666 100.028531440682 307.713804468777
1101000 106.056218081176 101.763559444914 100.11560068616 307.935378212249
1102000 106.168114762707 101.902901993849 100.2143419366 308.285358693156
1103000 106.242120382677 102.01249530375 100.260984332986 308.515600019413
1104000 106.311103220007 102.127198154076 100.348996794912 308.787298168995
1105000 106.425782148939 102.183878493286 100.498789908768 309.108450550993
1106000 106.551320383737 102.251202772748 100.57753119351 309.380054349995
1107000 106.588998485786 102.360757378938 100.648602182915 309.598358047639
1108000 106.627387413038 102.463324028253 100.770597567056 309.861309008347
1109000 106.701818908918 102.510458061321 100.830396697296 310.042673667536
1110000 106.806324486159 102.613937139383 100.93632523641 310.356586861952
1111000 106.917087991179 102.700603788001 101.023303443932 310.640995223112
1112000 106.987627399529 102.801060946244 101.108341515217 310.89702986099
1113000 107.060180336741 102.894720953079 101.233117774918 311.188019064737
1114000 107.184956266064 103.003024536257 101.332062659484 311.520043461805
1115000 107.223765115535 103.052740684881 101.383561352176 311.660067152592
1116000 107.362828299247 103.126241085237 101.481830385395 311.970899769879
1117000 107.473006614051 103.221553819024 101.546640502212 312.241200935287
1118000 107.569056524007 103.311742047254 101.630510204468 312.51130877573
1119000 107.619424637264 103.389606100653 101.739348992937 312.748379730854
1120000 107.746232706257 103.489832809945 101.805493280288 313.04155879649
1121000 107.870746175755 103.56634476359 101.911788480716 313.348879420061
1122000 107.921226581255 103.601931815802 102.006642504105 313.529800901162
1123000 108.000385689314 103.659747169843 102.080510496521 313.740643355679
1124000 108.105396333473 103.795291474802 102.16539853909 314.066086347365
1125000 108.225258464953 103.90349450925 102.272090495073 314.400843469276
1126000 108.280154456271 103.972712000158 102.379569674425 314.632436130854
1127000 108.345107658788 104.080601532424 102.432534497857 314.858243689069
1128000 108.405036228636 104.172827261509 102.524285117922 315.102148608067
1129000 108.553886383931 104.278489754814 102.598767442803 315.431143581548
1130000 108.639311463482 104.331894971014 102.647127620952 315.618334055447
1131000 108.750406360562 104.484723213925 102.75036664124 315.985496215727
1132000 108.819512783972 104.539075501818 102.871723830577 316.230312116367
1133000 108.920646123251 104.625284422521 102.934066994081 316.479997539852
1134000 109.016955979868 104.748516235944 103.074169704955 316.839641920768
1135000 109.065773452221 104.823134461124 103.197157226934 317.086065140278
1136000 109.241647794868 104.867425654729 103.228357941947 317.337431391544
1137000 109.29072841086 105.040256515418 103.275251402933 317.606236329211
1138000 109.349639457546 105.106117917569 103.366266070937 317.822023446052
1139000 109.48996461459 105.189629110095 103.421356806017 318.100950530702
1140000 109.55219187605 105.288120222915 103.505904285533 318.346216384498
1141000 109.618179884723 105.302698763288 103.635495785117 318.556374433128
1142000 109.714406460944 105.404541627955 103.708383551227 318.827331640126
1143000 109.860174358415 105.483778319325 103.806106233633 319.150058911372
1144000 109.954820369554 105.57237642522 103.905847811984 319.433044606759
1145000 109.989803155262 105.651187397711 103.935659185481 319.576649738454
1146000 110.101683266287 105.725867140833 104.00422313071 319.83177353783
1147000 110.222225132769 105.876312847007 104.062289279388 320.160827259165
1148000 110.345711695788 105.938331966406 104.182365359308 320.466409021502
1149000 110.414936974511 106.033498581231 104.238133200525 320.686568756267
1150000 110.541049876617 106.110252197516 104.341286834407 320.992588908539
1151000 110.635834893929 106.131234766399 104.433091371425 321.200161031752
1152000 110.753511485958 106.234539169084 104.518177951777 321.506228606818
1153000 110.797110783543 106.344061461728 104.601608360685 321.742780605957
1154000 110.865697259222 106.484767622588 104.740821197787 322.091286079597
1155000 110.933142494609 106.601523685944 104.78485134457 322.319517525123
1156000 111.051955086512 106.658966093595 104.893227781024 322.604148961132
1157000 111.103578361274 106.758229228084 104.930261949726 322.792069539084
1158000 111.210019635872 106.8369797459 104.98384574698 323.030845128752
1159000 111.299382448908 106.918600146348 105.123910017012 323.341892612268
1160000 111.394701576033 106.995625292263 105.189459089861 323.579785958158
1161000 111.482960885908 107.119369946419 105.293241985392 323.89557281772
1162000 111.535709707533 107.129541991763 105.368947742847 324.034199442144
1163000 111.63574930534 107.239452170309 105.496923273144 324.372124748793
1164000 111.75794376673 107.350414088141 105.523371705493 324.631729560364
1165000 111.808249534278 107.439869303685 105.611523623938 324.859642461901
1166000 111.935203143745 107.540820070725 105.749782497178 325.225805711648
1167000 111.99217118357 107.563781520221 105.808262491632 325.364215195423
1168000 112.025329517323 107.63063878611 105.950236169806 325.60620447324
1169000 112.161888839923 107.699003402527 105.948675508645 325.809567751095
1170000 112.230405093757 107.771282360158 106.049541246519 326.051228700434
1171000 112.353383575404 107.851114420365 106.092016176369 326.296514172137
1172000 112.450419669882 107.983452416494 106.179872305518 326.613744391894
1173000 112.565891726369 108.115806006539 106.258489898743 326.940187631651
1174000 112.638970241357 108.181543229293 106.358164371301 327.178677841951
1175000 112.763295067311 108.294855980778 106.461591913837 327.519742961925
1176000 112.848460371906 108.331344360493 106.576727002091 327.756531734491
1177000 112.987964508281 108.440749588726 106.721921948342 328.150636045349
1178000 113.023827156812 108.510641744164 106.825251621786 328.359720522761
1179000 113.118006453906 108.589899272216 106.846546120474 328.554451846595
1180000 113.196842642714 108.701288369355 106.957404021928 328.855535033998
1181000 113.329526513541 108.757416853153 107.045043030912 329.131986397606
1182000 113.381396322697 108.869968353441 107.11996022584 329.371324901978
1183000 113.510778148105 108.956221577537 107.22138684918 329.688386574822
1184000 113.59169440274 109.023976984189 107.336892522226 329.952563909154
1185000 113.639452473087 109.10413532208 107.446931362981 330.190519158148
1186000 113.717769405697 109.179038374952 107.548838479566 330.445646260215
1187000 113.817578187783 109.287004962124 107.643228723303 330.74781187321
1188000 113.913350599133 109.354497750006 107.698606025268 330.966454374406
1189000 113.997286161496 109.452342197924 107.804343544536 331.253971903956
1190000 114.056364634942 109.526487109226 107.93703201466 331.519883758828
1191000 114.109380130192 109.607549537199 108.044486000678 331.761415668069
1192000 114.196334325596 109.688951176036 108.154311223716 332.039596725348
1193000 114.293439258455 109.804293089101 108.217303787933 332.315036135489
1194000 114.462123192607 109.885304403226 108.279712463842 332.627140059675
1195000 114.549298819552 109.908638343343 108.37660561046 332.834542773355
1196000 114.61414251098 109.994095024039 108.473808225374 333.082045760393
1197000 114.723800690824 110.079342158133 108.515161926294 333.318304775251
1198000 114.86929767156 110.215284488782 108.593298451662 333.677880612005
1199000 114.965528301396 110.254212467981 108.664867997799 333.884608767176
1200000 115.047377367314 110.384309199607 108.754228093978 334.185914660899
1201000 115.131055075281 110.489668806822 108.878431151437 334.499155033539
1202000 115.217023338027 110.527495926591 109.023826154002 334.768345418621
1203000 115.302851057818 110.613529835112 109.077577375099 334.993958268029
1204000 115.403793799235 110.65230658463 109.141592301156 335.197692685021
1205000 115.528924455829 110.836913085749 109.207504343653 335.573341885231
1206000 115.609571257678 110.915144320566 109.323721993344 335.848437571588
1207000 115.685552184362 110.983274400226 109.414599430238 336.083426014826
1208000 115.796610858944 111.020054997962 109.482907767045 336.299573623951
1209000 115.864914854801 111.091152820319 109.59593425968 336.5520019348
1210000 115.909937548405 111.190678790764 109.651129062809 336.751745401979
1211000 116.054340561948 111.274838661241 109.71871586839 337.04789509158
1212000 116.169531397441 111.395888171742 109.808166882593 337.373586451776
1213000 116.247604305177 111.461492037825 109.883189670206 337.592286013208
1214000 116.321490462883 111.584680595459 109.985360062758 337.8915311211
1215000 116.415750448961 111.670599795366 110.088597236564 338.174947480891
1216000 116.533813810793 111.74618385102 110.161818607622 338.441816269435
1217000 116.612980118185 111.802112977686 110.229633567462 338.644726663333
1218000 116.661373690966 111.925397853358 110.334399182978 338.921170727302
1219000 116.760376101692 112.019932325536 110.429909316951 339.210217744179
1220000 116.918498871683 112.066395891177 110.516248079934 339.501142842794
1221000 117.019968246022 112.163638722125 110.569769282492 339.753376250639
1222000 117.116618896616 112.279201942093 110.642852706154 340.038673544862
1223000 117.183675348543 112.296409723906 110.722167391535 340.202252463984
1224000 117.316631867239 112.436552205306 110.804912371637 340.558096444182
1225000 117.430451412418 112.504841099984 110.964294560815 340.899587073217
1226000 117.499195110983 112.58545688694 111.082232969768 341.166884967691
1227000 117.556338680361 112.710058069318 111.210099914377 341.476496664056
1228000 117.66003404165 112.754054577662 111.239691311963 341.653779931275
1229000 117.812204449696 112.793297222214 111.351262655449 341.95676432736
1230000 117.887216375937 112.922009852126 111.417168567481 342.226394795544
1231000 117.945913532228 113.018343025134 111.45976766564 342.424024223002
1232000 118.092900145378 113.107084550471 111.565766264535 342.765750960385
1233000 118.148653507988 113.184876165753 111.673822156716 343.007351830456
1234000 118.183811143819 113.283528686733 111.78935786852 343.256697699072
1235000 118.244192968829 113.418718477305 111.856545927636 343.519457373769
1236000 118.360640476122 113.439642889438 111.941273096858 343.741556462418
1237000 118.504226272009 113.55104289437 112.009623805549 344.064892971927
1238000 118.567983419964 113.639751502623 112.073700027677 344.281434950264
1239000 118.654048158397 113.732330640889 112.164351973215 344.550730772501
1240000 118.777280579257 113.840905548175 112.241029143804 344.859215271237
1241000 118.899065385786 113.999051514959 112.29994599648 345.198062897225
1242000 118.925774912851 114.018972729353 112.423751473747 345.368499115951
1243000 119.022108685276 114.141973291234 112.555317535854 345.719399512364
1244000 119.111792736565 114.217042190822 112.65634419331 345.985179120697
1245000 119.20045589249 114.279409635827 112.735094753499 346.214960281816
1246000 119.252160881163 114.42766248063 112.831474021623 346.511297383416
1247000 119.340687670303 114.501778756195 112.940839799441 346.783306225939
1248000 119.381090243925 114.613704730239 113.050228757398 347.045023731562
1249000 119.468440639109 114.627129858821 113.111980039331 347.207550537261
1250000 119.601424260563 114.801534067447 113.19658091953 347.59953924754
1251000 119.695151163154 114.811804762235 113.206779353173 347.713735278562
1252000 119.80159526745 114.970275090613 113.316957076915 348.088827434978
1253000 119.929621305505 115.081487399519 113.382799385331 348.393908090355
1254000 120.021630525044 115.148273064367 113.499762599677 348.669666189088
1255000 120.10955280825 115.253382479358 113.571731922367 348.934667209976
1256000 120.231107160657 115.352121278639 113.633835473555 349.217063912851
1257000 120.348223321725 115.416867637642 113.730948227188 349.496039186555
1258000 120.425144572155 115.527469167897 113.830280357805 349.782894097857
1259000 120.555460404518 115.612564029032 113.914961452985 350.082985886535
1260000 120.61949159414 115.735330355644 114.020537933326 350.37535988311
1261000 120.742238642063 115.865464446256 114.134415667058 350.742118755378
1262000 120.807202843664 115.954725832676 114.200431589696 350.962360266037
1263000 120.911879019018 116.030966687789 114.286546412573 351.22939211938
1264000 120.962684331195 116.129211879446 114.444203087151 351.536099297793
1265000 121.068338897645 116.235386126424 114.46505413627 351.76877916034
1266000 121.16204032555 116.289282422273 114.567013025836 352.018335773659
1267000 121.270222717239 116.384639587444 114.698250135347 352.35311244003
1268000 121.339220715755 116.485357876519 114.765614922638 352.590193514912
1269000 121.48139103116 116.611776655329 114.817771561875 352.910939248364
1270000 121.586394357198 116.684018068149 114.913031423577 353.183443848924
1271000 121.665671931384 116.792725403575 115.00680844993 353.465205784889
1272000 121.7260036289 116.873113536793 115.038697775419 353.637814941112
1273000 121.827270370329 116.978472157119 115.143657716373 353.949400243822
1274000 121.959640125728 117.06939683412 115.228495833957 354.257532793805
1275000 122.042975497481 117.176765090308 115.325428718622 354.545169306411
1276000 122.129564707699 117.256088563851 115.45241107605 354.8380643476
1277000 122.169567007676 117.397833078877 115.524810718833 355.092210805386
1278000 122.240854887589 117.463717934473 115.624331434823 355.328904256885
1279000 122.34895301134 117.551112892827 115.692663409239 355.592729313405
1280000 122.438701992448 117.699413712267 115.748908950864 355.887024655579
1281000 122.538892436358 117.753407954297 115.878792751807 356.171093142462
1282000 122.611747408558 117.789346389141 115.930497542405 356.331591340104
1283000 122.658020973628 117.858816884842 116.045899224062 356.562737082532
1284000 122.768479004595 117.965975330179 116.134959300076 356.869413634849
1285000 122.841124205004 118.049361020413 116.229058003976 357.119543229393
1286000 122.909032909624 118.146925454115 116.329353430742 357.385311794481
1287000 122.976795888886 118.233073070432 116.439245638631 357.649114597949
1288000 123.042937355934 118.290609334592 116.55052426924 357.884070959766
1289000 123.1794034691 118.377285504176 116.638481925166 358.195170898441
1290000 123.242687656705 118.446314886008 116.74956443672 358.438566979433
1291000 123.380279339488 118.580543604544 116.83645400151 358.797276945543
1292000 123.476059899291 118.680028208851 116.885269465413 359.041357573555
1293000 123.605548398312 118.723790918806 116.937410428908 359.266749746026
1294000 123.715322794291 118.831076581796 117.078920934932 359.625320311019
1295000 123.783657152318 118.870523485801 117.149667300598 359.803847938717
1296000 123.898949874316 118.897033338248 117.220583184357 360.016566396921
1297000 124.037030299868 119.063488689512 117.293282652261 360.393801641641
1298000 124.111747840798 119.143970825538 117.397306045895 360.653024712232
1299000 124.170659521237 119.22747267257 117.465807323163 360.86393951697
1300000 124.280237095894 119.261216517902 117.605569170113 361.147022783909
1301000 124.377225169206 119.337325414809 117.697803758843 361.412354342859
1302000 124.472104559488 119.44227515718 117.789314488116 361.703694204783
1303000 124.557071152559 119.55941251184 117.909717131075 362.026200795475
1304000 124.60857192697 119.702973845591 117.972539375974 362.284085148534
1305000 124.762239907325 119.755507373663 118.064856437585 362.582603718574
1306000 124.879574650812 119.86644904258 118.133058941559 362.879082634952
1307000 124.953604484323 119.957691363186 118.267939888927 363.179235736436
1308000 125.040584599409 120.107759617531 118.310448239468 363.458792456408
1309000 125.159094954301 120.187331989809 118.410959876049 363.757386820159
1310000 125.181230347453 120.236819512104 118.504825337447 363.922875197004
1311000 125.318571338502 120.326244955753 118.600520667069 364.245336961324
1312000 125.371725928786 120.416016928109 118.691652344382 364.479395201277
1313000 125.55801248603 120.485789505953 118.796871152601 364.840673144585
1314000 125.60216641999 120.597141083108 118.879689823782 365.07899732688
1315000 125.735280182646 120.653886126056 118.93097191593 365.320138224632
1316000 125.817571594329 120.722101889433 119.023922193039 365.563595676801
1317000 125.862657036859 120.78414240023 119.121652522356 365.768451959445
1318000 125.946624286519 120.877772644023 119.216196934104 366.040593864645
1319000 126.106437853816 120.98349939519 119.327857825222 366.417795074228
1320000 126.179899913044 121.060729818714 119.438033196072 366.678662927831
1321000 126.202422217695 121.176501582937 119.504428765728 366.883352566361
1322000 126.287638422234 121.220330027795 119.631041600847 367.139010050875
1323000 126.416837931892 121.333623671091 119.667618972404 367.418080575387
1324000 126.460634573947 121.38427763057 119.787006632098 367.631918836615
1325000 126.589172940363 121.547985553995 119.903177893115 368.040336387472
1326000 126.615558389235 121.59527781633 119.992658302536 368.203494508102
1327000 126.765283676921 121.710969949441 120.087276026889 368.56352965325
1328000 126.824664390676 121.799094486337 120.150248405905 368.774007282918
1329000 126.950034939829 121.876418715213 120.198589871959 369.025043527001
1330000 127.049411349655 121.985123008037 120.282918259356 369.317452617049
1331000 127.082243904231 122.083980175481 120.340273245977 369.506497325689
1332000 127.202714019226 122.235940992792 120.436944286742 369.87559929876
1333000 127.272085651417 122.284732845483 120.522942720825 370.079761217725
1334000 127.375645789856 122.414905659173 120.620887902563 370.411439351592
1335000 127.508246312691 122.460822282308 120.720784934768 370.689853529766
1336000 127.60565722978 122.591925151616 120.812790164896 371.010372546293
1337000 127.698823144938 122.732483842147 120.907777975489 371.339084962573
1338000 127.805904136719 122.842546551403 120.934663273878 371.583113962
1339000 127.946370605476 122.927941462229 120.958436739462 371.832748807167
1340000 128.019642015221 122.952358053183 121.076890318611 372.048890387014
1341000 128.063758378386 123.009172512207 121.160939339775 372.233870230369
1342000 128.235203258692 123.083418801007 121.228491080705 372.547113140404
1343000 128.263767739248 123.203401709795 121.290807609026 372.757977058069
1344000 128.40006290422 123.287397746788 121.370190838012 373.057651489021
1345000 128.477219935634 123.370783284009 121.459582043503 373.307585263146
1346000 128.587088173301 123.501236043637 121.552994369615 373.641318586553
1347000 128.660699748734 123.616594231307 121.657977947368 373.93527192741
1348000 128.725384277293 123.684561771335 121.73303094725 374.142976995878
1349000 128.79233677149 123.764415922561 121.852796521142 374.409549215192
1350000 128.880257131951 123.885677355557 121.929356453227 374.695290940735
1351000 128.95482294224 123.93248429013 122.082652432946 374.969959665315
1352000 129.04013255028 124.025436751877 122.224741685582 375.29031098774
1353000 129.155607422055 124.089019575921 122.266072176482 375.510699174458
1354000 129.248980116646 124.085798651975 122.342816581766 375.677595350387
1355000 129.306882609457 124.179473378366 122.452857676849 375.939213664672
1356000 129.456926780554 124.247799379502 122.54312291112 376.247849071176
1357000 129.572075147429 124.297615332088 122.656532060107 376.526222539623
1358000 129.661584250349 124.442137040769 122.729675579893 376.83339687101
1359000 129.752269933727 124.530138536332 122.84069183678 377.123100306838
1360000 129.875655004614 124.645831939333 122.932054591294 377.453541535241
1361000 129.934824957635 124.784537310837 122.992046343498 377.711408611969
1362000 130.052687595792 124.849402726722 123.113069379739 378.015159702253
1363000 130.080239821772 124.92265304891 123.169696090346 378.172588961028
1364000 130.175189766465 124.973417456529 123.257961579607 378.4065688026
1365000 130.260477881274 125.069288890818 123.346546565155 378.676313337247
1366000 130.347940101061 125.159080082246 123.41490466072 378.921924844027
1367000 130.444940023823 125.266487839813 123.546922211476 379.258350075112
1368000 130.487278264152 125.387672811901 123.609568163342 379.484519239396
1369000 130.574145414436 125.416968433181 123.646213417869 379.637327265486
1370000 130.670824338949 125.517130962583 123.791536235792 379.979491537324
1371000 130.803561444049 125.591940329767 123.844790449844 380.240292223661
1372000 130.897838811259 125.686877563782 123.969659986795 380.554376361836
1373000 130.992291209098 125.771962923933 124.130415695435 380.894669828465
1374000 131.034315416512 125.888290154455 124.215545310596 381.138150881563
1375000 131.129793915999 125.980512750952 124.297301868644 381.407608535595
1376000 131.225353634389 126.048718462244 124.394969774503 381.669041871136
1377000 131.381358409899 126.130355998768 124.447033759415 381.958748168082
1378000 131.45330930422 126.253904844404 124.505130913112 382.212345061736
1379000 131.551028458499 126.328036755373 124.673837483294 382.552902697166
1380000 131.68474377483 126.358350777506 124.696780079994 382.73987463233
1381000 131.748058997484 126.433766585676 124.753532963126 382.935358546286
1382000 131.811731328353 126.542143136551 124.88283610937 383.236710574274
1383000 131.897820277977 126.657045876578 125.002694415636 383.557560570191
1384000 131.971489370967 126.743071726119 125.120669698212 383.835230795298
1385000 132.061967368963 126.823936796114 125.247180490687 384.133084655765
1386000 132.127359567073 126.936992014136 125.265171945406 384.329523526615
1387000 132.244139109277 127.065994545962 125.41521569335 384.725349348589
1388000 132.28306141676 127.155474093287 125.502331102722 384.940866612769
1389000 132.322148461597 127.228665429001 125.529921097957 385.080734988554
1390000 132.462875054911 127.238649834204 125.635758919155 385.33728380827
1391000 132.525061683232 127.363477550539 125.714981145809 385.60352037958
1392000 132.622213797833 127.454177420575 125.793953641392 385.8703448598
1393000 132.664713935883 127.537060289347 125.920118566234 386.121892791464
1394000 132.788253486277 127.653651350081 126.031519303596 386.473424139953
1395000 132.879100960778 127.713873555311 126.116852201751 386.70982671784
1396000 133.0347971305 127.818601327596 126.25035019162 387.103748649715
1397000 133.060522718871 127.904991661981 126.345582864865 387.311097245717
1398000 133.137370777439 127.978060836038 126.371981317091 387.487412930568
1399000 133.242464516254 128.087828581996 126.540098625135 387.870391723385
1400000 133.311908966424 128.15508261189 126.564269763745 388.03126134206
1401000 133.411405693241 128.234590589789 126.616886625595 388.262882908625
1402000 133.530527878569 128.284684705587 126.719721963468 388.534934547624
1403000 133.609533546571 128.371785816807 126.819253083987 388.800572447365
1404000 133.674192111132 128.486471084 126.891936436815 389.052599631947
1405000 133.791790983792 128.582144943129 127.008427563112 389.382363490034
1406000 133.918229318222 128.617762144431 127.142466078973 389.678457541626
1407000 134.02869880357 128.762394408322 127.222861389785 390.013954601677
1408000 134.122525341875 128.898753289284 127.286935229943 390.308213861103
1409000 134.203957899029 128.933674738833 127.313080436168 390.45071307403
1410000 134.317252172795 129.048900640562 127.408367685062 390.774520498419
1411000 134.4565043918 129.169474908138 127.431857882305 391.057837182243
1412000 134.537494853124 129.226279291895 127.564923634551 391.328697779571
1413000 134.544880714175 129.314862602505 127.66404860324 391.52379191992
1414000 134.626732444948 129.37366056984 127.760931159003 391.761324173791
1415000 134.746331958488 129.509188746218 127.836949802922 392.092470507629
1416000 134.814328661535 129.600305090188 127.97403462652 392.388668378244
1417000 134.917051934537 129.685302410226 128.080948991571 392.683303336334
1418000 135.055847529218 129.771493172589 128.158216378914 392.985557080721
1419000 135.130559338108 129.842379399722 128.276685349893 393.249624087723
1420000 135.217706587622 129.921082517727 128.344198900765 393.482988006114
1421000 135.304423939901 129.989095697252 128.421751132532 393.715270769685
1422000 135.364245325015 130.095428171913 128.516932845432 393.97660634236
1423000 135.429596387236 130.199412036061 128.569052867107 394.198061290404
1424000 135.533165430646 130.270903685044 128.642120329245 394.446189444934
1425000 135.582640502512 130.361463040961 128.726212453852 394.670315997326
1426000 135.684689626511 130.465094679838 128.821082804749 394.970867111099
1427000 135.811369363233 130.561287834426 128.958851441973 395.331508639632
1428000 135.883836217544 130.603119216109 129.046097623549 395.533053057202
1429000 135.904770618902 130.723224341967 129.138073055771 395.76606801664
1430000 136.02889120476 130.780935541982 129.192007955194 396.001834701935
1431000 136.151670946642 130.879591746041 129.305673150165 396.336935842848
1432000 136.285514900313 130.959687235594 129.428957175083 396.67415931099
1433000 136.296646737048 131.006197095902 129.477736541565 396.780580374515
1434000 136.450091730249 131.074542733097 129.580655619625 397.10529008297
1435000 136.54611489254 131.210883221046 129.635412066889 397.392410180475
1436000 136.657497156612 131.278887381268 129.684730607324 397.621115145204
1437000 136.814224405878 131.392593367793 129.819332243446 398.026150017117
1438000 136.869627909442 131.513278224663 129.868354593325 398.251260727429
1439000 136.995083968376 131.616141931881 129.981335061043 398.592560961301
1440000 137.060685676517 131.668787765524 130.066911572886 398.796385014927
1441000 137.153905836469 131.707411917763 130.163748166935 399.025065921167
1442000 137.287944992452 131.840426579577 130.280895863968 399.409267435997
1443000 137.342103506856 131.940191299685 130.361059059899 399.643353866441
1444000 137.480507566445 132.05933798145 130.455342914442 399.995188462337
1445000 137.565556203629 132.085031870447 130.585943615824 400.236531689901
1446000 137.644968236916 132.214927597802 130.677595699814 400.537491534532
1447000 137.747073948287 132.373150809331 130.827529519938 400.947754277556
1448000 137.864466237935 132.413347847876 130.899448329289 401.1772624151
1449000 137.958917769509 132.486557529279 130.940704220008 401.386179518796
1450000 138.03340347484 132.607373929585 131.066625374323 401.707402778748
1451000 138.115032704066 132.64470966003 131.148677263619 401.908419627715
1452000 138.205379365954 132.703589963645 131.204447927965 402.113417257564
1453000 138.298825814731 132.748458222721 131.280580757891 402.327864795342
1454000 138.437812539448 132.877029643295 131.393171274084 402.708013456828
1455000 138.531143683984 132.954906997751 131.455775335755 402.94182601749
1456000 138.640288647774 133.055847094232 131.522847762286 403.218983504291
1457000 138.740517800907 133.177547875635 131.666966088079 403.585031764621
1458000 138.85259755723 133.225162304004 131.727884161754 403.805644022988
1459000 138.940990995823 133.32281093315 131.823297492838 404.087099421812
1460000 139.070835912976 133.427673269936 131.909037788247 404.407546971159
1461000 139.196130428011 133.515978854272 132.006110435257 404.71821971754
1462000 139.24865465031 133.599369920508 132.057557166492 404.90558173731
1463000 139.393343521738 133.698290647001 132.160280497228 405.251914665968
1464000 139.488481825005 133.747589080207 132.258039970571 405.494110875783
1465000 139.561330476585 133.862217175339 132.295617896376 405.719165548299
1466000 139.618290007832 133.94434500666 132.379892946898 405.942527961391
1467000 139.718273644665 134.007944709334 132.513434134432 406.239652488432
1468000 139.868252675042 134.129110187669 132.597953719082 406.595316581792
1469000 139.950196023648 134.216661088836 132.658074217457 406.824931329941
1470000 140.077699008212 134.315027035487 132.756068053686 407.148794097385
1471000 140.116906997338 134.381757953167 132.883973756313 407.382638706818
1472000 140.22170151867 134.462779803917 132.908034724903 407.592516047489
1473000 140.275217804831 134.54709121787 133.037827252431 407.860136275131
1474000 140.382297800019 134.605740994542 133.096439661354 408.084478455914
1475000 140.462028915376 134.62964103226 133.160122946313 408.25179289395
1476000 140.614892987441 134.732659993784 133.302456480374 408.650009461599
1477000 140.686150975189 134.835260646514 133.409805163991 408.931216785694
1478000 140.860140035649 134.912950588993 133.49367049056 409.266761115202
1479000 140.967874966284 135.025894744386 133.542804116512 409.536573827182
1480000 141.132813696035 135.129670947213 133.651963769826 409.914448413075
1481000 141.19877356777 135.203513356471 133.739186681002 410.141473605242
1482000 141.285497015041 135.280934751402 133.800389043434 410.366820809877
1483000 141.395671082993 135.348598360829 133.881981348144 410.626250791966
1484000 141.408243323994 135.468113044477 134.009253382746 410.885609751217
1485000 141.563204971888 135.588547350993 134.066101160862 411.217853483743
1486000 141.614785510167 135.596522674697 134.138971127971 411.350279312835
1487000 141.759634077609 135.69370843276 134.189192331405 411.642534841773
1488000 141.813870203671 135.822154575282 134.295149403529 411.931174182482
1489000 141.946636059589 135.955190734167 134.383140122268 412.284966916025
1490000 141.998126732308 136.022411199724 134.452965935222 412.473503867254
1491000 142.074249377547 136.038661366993 134.536516632287 412.649427376826
1492000 142.11850335356 136.162699782068 134.626726454787 412.907929590414
1493000 142.237895521223 136.258261274203 134.740277191127 413.236433986552
1494000 142.248853802556 136.357645847421 134.796007701482 413.402507351459
1495000 142.392664016813 136.455917365267 134.934366591045 413.782947973124
1496000 142.497482243727 136.502617991445 134.992406591867 413.992506827039
1497000 142.555673547765 136.592038434852 135.095296105274 414.243008087891
1498000 142.60984288082 136.69614064654 135.177284776936 414.483268304296
1499000 142.711841340451 136.751342941094 135.24411540935 414.707299690895
1500000 142.770801195646 136.875923051289 135.357767962933 415.004492209867
1501000 142.891727919941 136.892076280526 135.417588520789 415.201392721257
1502000 142.976583647959 136.97273042363 135.449149681989 415.398463753578
1503000 143.108036665131 137.018521035854 135.552878253778 415.679435954763
1504000 143.199440668839 137.159261396544 135.664225063943 416.022927129326
1505000 143.28667878513 137.258299794805 135.665607063635 416.21058564357
1506000 143.360132949997 137.278027374031 135.833168144792 416.47132846882
1507000 143.44704795056 137.440995667194 135.867514495648 416.755558113402
1508000 143.544687548247 137.518138325132 135.919275638575 416.982101511954
1509000 143.624735603786 137.578089676634 136.062535708583 417.265360989003
1510000 143.730746937598 137.65953697759 136.166215724077 417.556499639265
1511000 143.800739392769 137.71877149745 136.239702785632 417.759213675851
1512000 143.941159799971 137.798839915877 136.341365674378 418.081365390226
1513000 144.004975195899 137.851064909698 136.41479849095 418.270838596548
1514000 144.131543663002 137.962749095893 136.46246155796 418.556754316855
1515000 144.193711222734 138.051578535743 136.572546034058 418.817835792534
1516000 144.304104448054 138.13396545566 136.624927615597 419.062997519311
1517000 144.359318834191 138.245802198767 136.743406685611 419.348527718568
1518000 144.441048646695 138.317630420677 136.842797960299 419.601477027671
1519000 144.518875412968 138.449203474452 136.950186797095 419.918265684516
1520000 144.54641902533 138.502512780019 136.98267152817 420.031603333519
1521000 144.664562741204 138.584038730941 137.119924674428 420.368526146573
1522000 144.68952748224 138.702556884521 137.235297944529 420.62738231129
1523000 144.835281346753 138.796002887823 137.304586239703 420.93587047428
1524000 144.935854477786 138.859000947981 137.387475110594 421.182330536361
1525000 145.024373738504 138.959054100363 137.506641203024 421.490069041891
1526000 145.108257103761 139.038822414647 137.596954594308 421.744034112715
1527000 145.266145828373 139.084777567875 137.644258929271 421.995182325519
1528000 145.349616546778 139.099936383558 137.731670627268 422.181223557603
1529000 145.402593754637 139.229328221593 137.780636959 422.412558935229
1530000 145.52966279265 139.290879352079 137.867404869138 422.687947013867
1531000 145.609123289323 139.359270070325 137.998653965799 422.967047325447
1532000 145.712169996481 139.456977391031 138.099808893102 423.268956280614
1533000 145.783419810548 139.528465017737 138.188304012446 423.500188840731
1534000 145.877685168306 139.621570127346 138.277871047492 423.777126343144
1535000 145.863554077667 139.667293701403 138.344850946828 423.875698725898
1536000 145.959561663164 139.760386862711 138.422105653046 424.142054178922
1537000 146.038524265655 139.845577887253 138.509821919282 424.39392407219
1538000 146.152449925311 139.931696288641 138.598988978969 424.68313519292
1539000 146.22133651653 140.016089595897 138.640057517427 424.877483629855
1540000 146.320142218693 140.099380764167 138.744315576958 425.163838559818
1541000 146.433236022074 140.195512610054 138.839231203464 425.467979835593
1542000 146.465406674112 140.291162475511 138.876122578633 425.632691728256
1543000 146.556445803717 140.371968118259 138.957683084619 425.886097006594
1544000 146.650816831757 140.46574722682 139.021097266296 426.137661324874
1545000 146.7152894151 140.595443451958 139.120774338818 426.431507205876
1546000 146.798080110921 140.651676260869 139.226908702182 426.676665073972
1547000 146.930627590838 140.731083311549 139.251583884448 426.913294786834
1548000 147.011232858152 140.757082044511 139.303747124916 427.072062027579
1549000 147.107090410061 140.809516790664 139.371916790407 427.288523991131
1550000 147.164871827492 140.896552568703 139.52924863147 427.590673027665
1551000 147.356203587102 141.043121909265 139.609882752492 428.009208248859
1552000 147.459942751377 141.15071570521 139.70124933955 428.311907796137
1553000 147.489094054396 141.202349848155 139.773618652006 428.465062554556
1554000 147.501904975094 141.292398067889 139.798693213595 428.592996256578
1555000 147.575716638797 141.368124593231 139.886864501993 428.830705734021
1556000 147.650464941366 141.507105637608 139.969953272655 429.127523851629
1557000 147.73610805931 141.530665911772 140.095703564216 429.362477535298
1558000 147.902059803775 141.660393033546 140.196515783287 429.758968620608
1559000 148.021552014332 141.734030288795 140.295358255198 430.050940558325
1560000 148.119309981324 141.782143434851 140.389091956769 430.290545372943
1561000 148.174386901306 141.918164179431 140.487816823459 430.580367904196
1562000 148.248324911778 142.052666948753 140.577532744234 430.878524604765
1563000 148.366011156549 142.152446310373 140.731552362206 431.250009829128
1564000 148.328708404001 142.169027564039 140.796900059241 431.294636027281
1565000 148.404871135609 142.237896197882 140.895683958519 431.53845129201
1566000 148.498983119702 142.372419340836 140.953957658834 431.825360119372
1567000 148.634008127302 142.416814346416 141.00289421374 432.053716687459
1568000 148.745936972151 142.545887626876 141.124027760985 432.415852360012
1569000 148.810922904172 142.630144564281 141.19579375066 432.636861219113
1570000 148.930452441814 142.732605614227 141.25897996511 432.92203802115
1571000 148.983726020779 142.822981812658 141.313753463967 433.120461297404
1572000 149.073675483835 143.005485393191 141.405863191118 433.485024068143
1573000 149.206098750062 143.017258640758 141.545033627952 433.768391018773
1574000 149.326993229864 143.075730552785 141.633214004525 434.035937787174
1575000 149.429549828086 143.151790992233 141.697323496843 434.278664317162
1576000 149.475262869629 143.234635251732 141.752882658189 434.462780779551
1577000 149.567162614345 143.404887646645 141.900984196107 434.873034457097
1578000 149.670013194938 143.515694557072 141.9290388495 435.11474660151
1579000 149.6774637372 143.559481164091 142.036671684038 435.273616585328
1580000 149.758411123748 143.681942606659 142.113667944183 435.554021674589
1581000 149.824483943189 143.740650493382 142.213268651096 435.778403087666
1582000 149.951800098594 143.82952824034 142.306046028895 436.087374367828
1583000 150.044929311964 143.970965019576 142.430775382405 436.446669713945
1584000 150.137833089547 144.019268910205 142.527981583947 436.6850835837
1585000 150.220258671213 144.114020485932 142.631065000213 436.965344157357
1586000 150.298896852281 144.183046166105 142.767781706888 437.249724725274
1587000 150.407017668952 144.282293135006 142.839246694919 437.528557498878
1588000 150.500900651947 144.344067226092 142.980657459595 437.825625337634
1589000 150.532611722476 144.426359712636 142.971627850324 437.930599285435
1590000 150.672539644356 144.484770622514 143.115383128894 438.272693395763
1591000 150.700578485023 144.552307829239 143.157582473113 438.410468787376
1592000 150.789375209229 144.682611393463 143.300102518069 438.772089120761
1593000 150.880427411985 144.742172858706 143.389346585024 439.011946855715
1594000 150.955083334592 144.853587164691 143.443266517559 439.251937016842
1595000 151.087177103151 144.966681614639 143.555391781548 439.609250499338
1596000 151.171710982739 145.099310245677 143.625491277805 439.896512506221
1597000 151.275199110831 145.099517982291 143.705714817914 440.080431911036
1598000 151.33289890662 145.180941313717 143.761810981576 440.275651201913
1599000 151.462743308527 145.273225538277 143.789438002942 440.525406849747
1600000 151.56600180174 145.418203485426 143.816526379314 440.80073166648
1601000 151.6204918287 145.523294644088 143.895114616021 441.038901088809
1602000 151.733055528153 145.609027095975 143.944280004015 441.286362628143
1603000 151.848412767076 145.715560361211 144.035294133567 441.599267261854
1604000 151.939349717547 145.732017273176 144.168288942733 441.839655933455
1605000 152.048318380068 145.854118250731 144.268867924052 442.171304554851
1606000 152.167718058646 145.902831643858 144.351882224024 442.422431926529
1607000 152.250869061355 145.996144612033 144.467861639812 442.7148753132
1608000 152.334689066652 146.06691403165 144.518160798753 442.919763897054
1609000 152.368476077139 146.194147837682 144.605551433228 443.168175348048
1610000 152.494793111493 146.267764067 144.742070700663 443.504627879156
1611000 152.544291267923 146.404083862636 144.837162748189 443.785537878748
1612000 152.663757075874 146.451962630296 144.863466109454 443.979185815624
1613000 152.723710760564 146.51852851228 144.971116828599 444.213356101443
1614000 152.842227284584 146.587444684219 145.097105347966 444.526777316769
1615000 152.837161748678 146.618927331241 145.172715757858 444.628804837778
1616000 152.942423965764 146.69805150804 145.268494983608 444.908970457413
1617000 153.038167559671 146.807159591353 145.375787536993 445.221114688017
1618000 153.050467513707 146.873240483285 145.45557788446 445.379285881452
1619000 153.148227750706 146.973677896724 145.552792796161 445.674698443591
1620000 153.211768931928 147.04410313132 145.615857728978 445.871729792227
1621000 153.349483699254 147.134367664118 145.711243836829 446.195095200201
1622000 153.396062031928 147.229421184271 145.727863868489 446.353347084687
1623000 153.488750259684 147.270174970328 145.770335243422 446.529260473433
1624000 153.570495467509 147.445260330003 145.909260348934 446.925016146446
1625000 153.606824946092 147.553120545924 145.927970980532 447.087916472547
1626000 153.754799265687 147.617686872057 146.062506833313 447.434992971057
1627000 153.882733581421 147.661563040775 146.109030961473 447.653327583669
1628000 154.030706758066 147.744314467563 146.216570855473 447.991592081102
1629000 154.127309717918 147.848840866336 146.270838259366 448.246988843619
1630000 154.19041514265 147.852947311571 146.371255465309 448.41461791953
1631000 154.309404368603 148.023094850368 146.524517595267 448.857016814238
1632000 154.383427358773 148.05892277315 146.599948417272 449.042298549194
1633000 154.46877751507 148.201599746264 146.660210763487 449.330588024821
1634000 154.572905475917 148.267508200533 146.805318974422 449.645732650871
1635000 154.734387815297 148.316779185951 146.861700317018 449.912867318265
1636000 154.800302062757 148.481485093981 146.981636302596 450.263423459334
1637000 154.850742340147 148.561397943959 147.062619425272 450.474759709379
1638000 154.896674053902 148.673088797312 147.124506512326 450.69426936354
1639000 155.003149453907 148.821089311283 147.216886912362 451.041125677551
1640000 155.152430146265 148.871978578348 147.343179339758 451.367588064371
1641000 155.222769127479 148.932331137808 147.451973540644 451.607073805931
1642000 155.283422874933 149.069080146439 147.548619916208 451.90112293758
1643000 155.371928431802 149.117875685711 147.652119254656 452.141923372169
1644000 155.42550300717 149.110140040056 147.725552246738 452.261195293964
1645000 155.525803675414 149.262582416047 147.802817028651 452.591203120112
1646000 155.62336267296 149.374765332532 147.897279287786 452.895407293278
1647000 155.725387027996 149.469973909385 147.976550097946 453.171911035327
1648000 155.840427512461 149.509281293285 148.04891607479 453.398624880536
1649000 155.980894063533 149.580089199011 148.168610716656 453.7295939792
1650000 156.018899581052 149.695699570394 148.281343572827 453.995942724274
1651000 156.105065377926 149.744201868766 148.337241992039 454.186509238731
1652000 156.229677032293 149.870210582499 148.433926371593 454.533813986385
1653000 156.25978296313 149.966081213986 148.483465170307 454.709329347423
1654000 156.393605524838 150.034695992322 148.537360625524 454.965662142684
1655000 156.455853204909 150.169714782501 148.598231116769 455.22379910418
1656000 156.499526494193 150.226051301514 148.728438835072 455.454016630778
1657000 156.70694960733 150.357331770215 148.870047537901 455.934328915447
1658000 156.766377700007 150.388327996852 148.925582179457 456.080287876316
1659000 156.849309726783 150.481339358889 148.996601427309 456.327250512981
1660000 157.020610744279 150.597758254973 149.070840666584 456.689209665835
1661000 157.061005618742 150.733424897254 149.135477463939 456.929907979935
1662000 157.118820812401 150.764651339994 149.227688710905 457.1111608633
1663000 157.257413493609 150.835165141688 149.334819900456 457.427398535754
1664000 157.299323774779 150.958481928547 149.392070938536 457.649876641863
1665000 157.411308769321 151.100260450567 149.455943884635 457.967513104523
1666000 157.418293123986 151.159329524785 149.55494270187 458.132565350642
1667000 157.544676293117 151.190980871831 149.623574803708 458.359231968656
1668000 157.579569289034 151.266867042807 149.732646747488 458.579083079329
1669000 157.61594228607 151.375983834313 149.803364536678 458.795290657061
1670000 157.680136863342 151.483183395764 149.899932060554 459.063252319659
1671000 157.813217424978 151.55893638741 149.989099555669 459.361253368057
1672000 157.926769369871 151.652004918484 150.089479773805 459.66825406216
1673000 158.014202298888 151.722098268015 150.161070517058 459.897371083961
1674000 158.080243306118 151.789566986678 150.276267668278 460.146077961074
1675000 158.204085356355 151.896196953254 150.340998231182 460.441280540792
1676000 158.227403830187 151.937807428774 150.451693717866 460.616904976828
1677000 158.295216121931 152.118430218325 150.539004381084 460.95265072134
1678000 158.33929080592 152.170148035847 150.580491982404 461.089930824171
1679000 158.476306901918 152.291095688165 150.671446609941 461.438849200024
1680000 158.583974686683 152.420867343341 150.715530713657 461.72037274368
1681000 158.711003122933 152.466421126923 150.777374579706 461.954798829562
1682000 158.764003536291 152.565828540004 150.864382805065 462.19421488136
1683000 158.884140932633 152.669777086189 150.973821256975 462.527739275797
1684000 158.945157832074 152.687703600239 151.096586869784 462.729448302098
1685000 159.017297122978 152.80336639622 151.159473833637 462.980137352835
1686000 159.120617745509 152.870893313797 151.2073947133 463.198905772605
1687000 159.274380703641 152.957911845448 151.300886162308 463.533178711396
1688000 159.323234887174 153.05555173224 151.374858660056 463.75364527947
1689000 159.485235525684 153.140344167873 151.459875749408 464.085455442965
1690000 159.552984976839 153.278593385029 151.544174091254 464.375752453122
1691000 159.597046398657 153.393133262855 151.630661557276 464.620841218788
1692000 159.730610698042 153.46662590563 151.677247893056 464.874484496728
1693000 159.72720776092 153.53581862575 151.78352409996 465.04655048663
1694000 159.857190573918 153.59319710988 151.857481286132 465.307868969931
1695000 159.914003267372 153.659468005052 151.926192709729 465.499663982153
1696000 159.980169730926 153.734883210584 152.030890583958 465.745943525467
1697000 160.000549064232 153.836529190723 152.158466670162 465.995544925117
1698000 160.159389952785 153.939441106508 152.244706795609 466.343537854901
1699000 160.224131957628 154.023123315029 152.289380250704 466.536635523361
1700000 160.280894327356 154.142424959277 152.362916928235 466.786236214868
1701000 160.398089127164 154.186884782401 152.431644370185 467.01661827975
1702000 160.457953129383 154.270915725531 152.55893122236 467.287800077275
1703000 160.575053913026 154.361195533877 152.630755939732 467.567005386635
1704000 160.655341626761 154.486549294857 152.727414240531 467.86930516215
1705000 160.777283196294 154.560498403765 152.752782998736 468.090564598795
1706000 160.872646745412 154.658083906055 152.802622835484 468.333353486951
1707000 160.911385282462 154.738605806336 152.90143243977 468.551423528568
1708000 160.939338701722 154.797724144247 153.024963889763 468.762026735732
1709000 161.087990755151 154.910095962646 153.07946629032 469.077553008117
1710000 161.114394422044 154.961396538309 153.159192049216 469.234983009568
1711000 161.241871627724 155.100844818506 153.213164355195 469.555880801426
1712000 161.33849917898 155.141220627518 153.313804445076 469.793524251574
1713000 161.359721985443 155.220563646597 153.372837810251 469.953123442291
1714000 161.475625525964 155.309250937323 153.458018915823 470.242895379111
1715000 161.587359709255 155.407745527601 153.559896327306 470.555001564161
1716000 161.667796786252 155.518486025781 153.639731866882 470.826014678915
1717000 161.719802384479 155.591230253409 153.734939879744 471.045972517632
1718000 161.807265621242 155.646243059494 153.802434534488 471.255943215224
1719000 161.930180816111 155.683982698843 153.892586230496 471.50674974545
1720000 161.94966101362 155.754556126086 153.941892565274 471.646109704979
1721000 162.044850497336 155.791215931716 154.023844890029 471.859911319081
1722000 162.1082798512 155.90710813262 154.082486934174 472.097874917995
1723000 162.160908984023 155.96322653141 154.223890461495 472.348025976928
1724000 162.227889725799 156.09746238039 154.341157879886 472.666509986075
1725000 162.373177549359 156.17381659707 154.414496922794 472.961491069224
1726000 162.493480706551 156.2178368699 154.560625423268 473.271942999718
1727000 162.604146577431 156.320877437798 154.551387868474 473.476411883702
1728000 162.706758193314 156.357179700417 154.652862279478 473.716800173209
1729000 162.775232842165 156.52034114453 154.744337914561 474.039911901255
1730000 162.879682449863 156.557514397315 154.873589146006 474.310785993184
1731000 162.969473533375 156.701149229949 154.92996731797 474.600590081294
1732000 163.035221761702 156.761129764149 155.027763781535 474.824115307386
1733000 163.151763168437 156.804603607763 155.118513264639 475.074880040839
1734000 163.290320464292 156.92742982231 155.209960285287 475.427710571889
1735000 163.349140523254 157.055862416532 155.250220120771 475.655223060557
1736000 163.476152659269 157.082441853336 155.297055147259 475.855649659864
1737000 163.55578870525 157.20131963427 155.339814518238 476.096922857758
1738000 163.626333882551 157.322166160629 155.425079427511 476.373579470691
1739000 163.792099160976 157.332409620482 155.59944333912 476.723952120578
1740000 163.86287061287 157.490826181727 155.699698945873 477.05339574047
1741000 163.99058661821 157.542320367831 155.715568426437 477.248475412477
1742000 164.047660227598 157.602178992332 155.829664262428 477.479503482358
1743000 164.112305851438 157.66171339691 155.92746242946 477.701481677808
1744000 164.228705673189 157.763813899066 155.979513042242 477.972032614497
1745000 164.301877707221 157.927388841663 155.989775554507 478.219042103391
1746000 164.444380564514 158.033505272742 156.145618272558 478.623504109815
1747000 164.459833622651 158.017145315892 156.223990535177 478.70096947372
1748000 164.560353363866 158.136350952756 156.268582326897 478.965286643519
1749000 164.657670417992 158.228278094243 156.404505131759 479.290453643994
1750000 164.793261545044 158.340559952655 156.487661431383 479.621482929082
1751000 164.911946722669 158.43177834683 156.568310518689 479.912035588188
1752000 164.949229831067 158.488565842596 156.692666990614 480.130462664276
1753000 165.083924816101 158.606538476731 156.777440182586 480.467903475418
1754000 165.14578517519 158.689914889574 156.898469815631 480.734169880395
1755000 165.207956608353 158.761710081099 157.005424101186 480.975090790638
1756000 165.317839309447 158.855248601335 157.055983242073 481.229071152855
1757000 165.361584033174 158.984793371246 157.152442117498 481.498819521918
1758000 165.455400896657 159.060790777163 157.267560244562 481.783751918381
1759000 165.567467894762 159.15648809209 157.361002255664 482.084958242516
1760000 165.69009500087 159.270467495339 157.358839135119 482.319401631328
1761000 165.724070795888 159.352875659923 157.474242796014 482.551189251824
1762000 165.813955135174 159.475918828442 157.575695401018 482.865569364634
1763000 165.938377608214 159.579982645887 157.653650440008 483.172010694109
1764000 166.081946659836 159.633914967827 157.79728963864 483.513151266303
1765000 166.198213452879 159.725395074551 157.801047667908 483.724656195339
1766000 166.353539970989 159.817575276101 157.910146090846 484.081261337935
1767000 166.468964594367 159.923106977644 158.012656985296 484.404728557307
1768000 166.561644586993 160.020216446702 158.080311961767 484.662172995461
1769000 166.636969919616 160.161982922175 158.188096029962 484.987048871753
1770000 166.713700216597 160.188126803052 158.288810479936 485.190637499585
1771000 166.799592439215 160.304221942572 158.329947436987 485.433761818774
1772000 166.893829118914 160.356191583716 158.415000602281 485.665021304912
1773000 167.030314967727 160.520274749568 158.484995390382 486.035585107678
1774000 167.05367095096 160.56275239011 158.596666590957 486.213089932027
1775000 167.163446209388 160.614176003401 158.681146444324 486.458768657113
1776000 167.321651299284 160.710773815323 158.744457250579 486.776882365186
1777000 167.40097967806 160.800651251853 158.837193748336 487.038824678249
1778000 167.509142764003 160.909228073855 158.945624194011 487.363995031869
1779000 167.606299403739 161.038549348061 159.064157237965 487.709005989766
1780000 167.687432831895 161.164023471926 159.122647690003 487.974103993824
1781000 167.790079232789 161.252245328237 159.279740301068 488.322064862094
1782000 167.878537332847 161.332674370544 159.338472974545 488.549684677936
1783000 167.916198997949 161.395988211802 159.398880978765 488.711068188516
1784000 168.01863605177 161.453745997066 159.533010894481 489.005392943318
1785000 168.170189704889 161.587237134113 159.600281072232 489.357707911234
1786000 168.225782941502 161.660183761801 159.727283474691 489.613250177993
1787000 168.337496906493 161.859482790248 159.850641485737 490.047621182478
1788000 168.34928929432 161.889573093973 159.932177015095 490.171039403387
1789000 168.496031052429 161.978201282148 160.028085195732 490.502317530309
1790000 168.581616056211 162.053953708193 160.118802856779 490.754372621183
1791000 168.683672434743 162.189909908474 160.115872946815 490.989455290032
1792000 168.748649617026 162.299906809102 160.278749995642 491.327306421769
1793000 168.890875265408 162.332387180066 160.413503801213 491.636766246687
1794000 168.961821038075 162.416128426394 160.471177538674 491.849127003143
1795000 169.005567639186 162.478580009045 160.609146611466 492.093294259698
1796000 169.100878028345 162.604962791173 160.73088840931 492.436729228828
1797000 169.155342196754 162.645719705011 160.781500697411 492.582562599175
1798000 169.31990435388 162.736788781281 160.929053125197 492.985746260358
1799000 169.393784547771 162.814019338648 161.026598211042 493.234402097461
1800000 169.551026218144 162.949109398047 161.158558400076 493.658694016266
1801000 169.566210336716 162.965397682728 161.181160286322 493.712768305766
1802000 169.6638629718 163.073518518428 161.290693942567 494.028075432796
1803000 169.75465415804 163.132120397925 161.440624059855 494.32739861582
1804000 169.804741369803 163.265971898744 161.463230910733 494.53394417928
1805000 169.822955049951 163.333234948819 161.57790296767 494.73409296644
1806000 169.922675461861 163.438417536995 161.627183486905 494.988276485761
1807000 170.069658084035 163.545841392641 161.737518495793 495.353017972469
1808000 170.124752413113 163.618890607703 161.81019938044 495.553842401257
1809000 170.257755578995 163.776177491262 161.901404067626 495.935337137883
1810000 170.356059919289 163.877925561353 161.942226706414 496.176212187057
1811000 170.44040480685 163.860823291124 162.038088424035 496.339316522008
1812000 170.509052178541 163.967119631356 162.075450209993 496.551622019889
1813000 170.546771311695 164.081715764892 162.168164493828 496.796651570414
1814000 170.664971757992 164.180750484959 162.256150724067 497.101872967018
1815000 170.778624408884 164.247323728253 162.414567564025 497.440515701162
1816000 170.762097872955 164.320324644598 162.481796781284 497.564219298837
1817000 170.931118913327 164.423909673276 162.606562885201 497.961591471805
1818000 170.985431173494 164.530340226885 162.701818123234 498.217589523613
1819000 171.058007584611 164.572767034488 162.78431928678 498.415093905879
1820000 171.189847257666 164.701439966278 162.858012261895 498.749299485839
1821000 171.264571406802 164.819102609482 162.952219290837 499.035893307121
1822000 171.354569647619 164.929500470886 163.027311862372 499.311381980877
1823000 171.422770245879 164.956374340248 163.046899765132 499.426044351258
1824000 171.545707669466 165.057731541391 163.132881706752 499.736320917609
1825000 171.600860992803 165.149382362059 163.258284689227 500.00852804409
1826000 171.705910727188 165.233295643819 163.345788071884 500.284994442892
1827000 171.744787262345 165.336499093287 163.471441232471 500.552727588103
1828000 171.883905810155 165.431158572937 163.513813122485 500.828877505577
1829000 171.97814291303 165.500357910728 163.674852611076 501.153353434834
1830000 172.140277975734 165.582484294875 163.675725750266 501.398488020876
1831000 172.244526378718 165.683663969299 163.796142833504 501.72433318152
1832000 172.369453850082 165.774551202983 163.876190559019 502.020195612084
1833000 172.401255670127 165.835142418899 163.946612709492 502.183010798518
1834000 172.454209962376 165.953468575454 163.972328902652 502.380007440483
1835000 172.583152454986 166.05757542451 164.150373671637 502.791101551133
1836000 172.671341982624 166.10730253338 164.262219241472 503.040863757476
1837000 172.768105973325 166.234134927718 164.236202685852 503.238443586895
1838000 172.816498767777 166.253948431212 164.343307465886 503.413754664875
1839000 172.88563009561 166.398241716516 164.368261450494 503.652133262621
1840000 173.013697814988 166.472098841281 164.442238569029 503.928035225298
1841000 173.085317953768 166.511468726834 164.513558996572 504.110345677175
1842000 173.249212241023 166.587099210216 164.61405137253 504.45036282377
1843000 173.334767451827 166.690227315273 164.738785332582 504.763780099683
1844000 173.491852013308 166.834885760551 164.867726771895 505.194464545753
1845000 173.575945766127 166.873440151646 164.888695423209 505.338081340982
1846000 173.648424809742 166.977572371271 164.925397270762 505.551394451775
1847000 173.768674055883 167.047740431924 165.047654448244 505.864068936051
1848000 173.884585590571 167.206175756982 165.167792177717 506.25855352527
1849000 173.980319886384 167.265453362475 165.245817315837 506.491590564696
1850000 174.143427987739 167.383558332986 165.32090083445 506.847887155175
1851000 174.232399917582 167.461565420823 165.39380529267 507.087770631075
1852000 174.429856953648 167.564742200468 165.511321116468 507.505920270584
1853000 174.437474487121 167.622332144918 165.578268308919 507.638074940957
1854000 174.608537831706 167.655667584116 165.698208916096 507.962414331917
1855000 174.679933841333 167.816695504701 165.786103468794 508.282732814828
1856000 174.816715456829 167.862225021234 165.855227291733 508.534167769796
1857000 174.857662266572 167.961353235578 165.916581085956 508.735596588106
1858000 174.955839986268 168.088629674064 165.999555971987 509.044025632319
1859000 175.06123696624 168.117489490106 166.078737909375 509.257464365722
1860000 175.150498415658 168.213487530218 166.243865980139 509.607851926014
1861000 175.257870403861 168.379179678638 166.295405239566 509.932455322065
1862000 175.33024994233 168.417786034867 166.374669160177 510.122705137374
1863000 175.543274408848 168.497411851552 166.456395417099 510.4970816775
1864000 175.596998459648 168.653844989898 166.568353890989 510.819197340535
1865000 175.692660948696 168.691012794297 166.674292526313 511.057966269306
1866000 175.801673579847 168.798288949997 166.790762514942 511.390725044786
1867000 175.863592936338 168.890220162401 166.885315324098 511.639128422837
1868000 175.961292167075 169.029045550756 166.987830980351 511.978168698183
1869000 175.965584102726 169.063127817934 167.052716068619 512.081427989278
1870000 176.134824602549 169.178884845534 167.126187483743 512.439896931826
1871000 176.130623833896 169.289011847508 167.199905213839 512.619540895244
1872000 176.230559477456 169.379519927219 167.326530597043 512.936610001717
1873000 176.270365157704 169.415365863369 167.409933487689 513.095664508762
1874000 176.453530224648 169.520480279489 167.554615507545 513.528626011681
1875000 176.482498622652 169.605103093815 167.644463356027 513.732065072493
1876000 176.567853471984 169.693226293156 167.73081303343 513.99189279857
1877000 176.640392489425 169.880047562089 167.777949764119 514.298389815633
1878000 176.77040186044 169.832543973205 167.816823369269 514.419769202915
1879000 176.85576712094 169.991204986083 167.918177825532 514.765149932555
1880000 176.983247795133 170.061004970317 167.982072411584 515.026325177034
1881000 177.019123302835 170.230742423518 168.020617102309 515.270482828662
1882000 177.125035043495 170.300285478426 168.16848555912 515.593806081041
1883000 177.204323295155 170.329590461634 168.238938922832 515.77285267962
1884000 177.304981964929 170.454300150546 168.321544307769 516.080826423244
1885000 177.44765180095 170.523947362257 168.447195505344 516.418794668551
1886000 177.465613474173 170.581347542742 168.495407857852 516.542368874766
1887000 177.525683611076 170.6447018611 168.581750250217 516.752135722392
1888000 177.567252569349 170.751673318319 168.639128322347 516.958054210016
1889000 177.62587340016 170.839442642439 168.655805625819 517.121121668418
1890000 177.753639941876 170.844636311531 168.723374611917 517.321650865323
1891000 177.848752178045 170.927007991238 168.755944528049 517.531704697333
1892000 177.944981337536 170.970813407761 168.865857910926 517.781652656222
1893000 178.024696719353 171.156461683722 168.988242681955 518.16940108503
1894000 178.02224109134 171.213480111412 169.037873909987 518.273595112739
1895000 178.137055319913 171.277154333243 169.14064293562 518.554852588776
1896000 178.199600291585 171.320330868436 169.219179004264 518.739110164284
1897000 178.295589608498 171.416393888672 169.339665197217 519.051648694387
1898000 178.40502153661 171.529494432447 169.403698599018 519.338214568074
1899000 178.467514781402 171.662678453551 169.499034040479 519.629227275432
1900000 178.575788119137 171.768368773058 169.58176770618 519.925924598375
1901000 178.691615302284 171.769217769339 169.7753783612 520.236211432823
1902000 178.736289931855 171.838927848595 169.837290216939 520.412507997389
1903000 178.895571471295 171.920008755639 169.963746629189 520.779326856123
1904000 178.932085705555 172.00343513984 169.936922007272 520.872442852668
1905000 179.030297326969 172.08685959505 170.015518426579 521.132675348597
1906000 179.147018264937 172.152442326743 170.104060153159 521.403520744839
1907000 179.194411462 172.247125475372 170.221076630789 521.662613568161
1908000 179.358920851943 172.319326273131 170.28929310436 521.967540229434
1909000 179.454537916355 172.352699220926 170.408253347435 522.215490484716
1910000 179.504210292915 172.513493898168 170.457838790405 522.475542981488
1911000 179.599615704726 172.574716923276 170.536199525387 522.710532153389
1912000 179.653078638387 172.696164924111 170.59565775851 522.944901321007
1913000 179.768611269091 172.749874458478 170.667457626252 523.18594335382
1914000 179.831605962083 172.896482347859 170.706808982224 523.434897292166
1915000 179.909184930141 172.977260719862 170.711300236317 523.59774588632
1916000 180.018609978722 173.064627617735 170.738999898058 523.822237494515
1917000 180.090984095022 173.166720666886 170.827353758428 524.085058520336
1918000 180.172962875099 173.267608855878 170.917920689365 524.358492420342
1919000 180.314464926447 173.403973624079 170.955949664169 524.674388214695
1920000 180.411156212496 173.498454313289 171.035862369584 524.945472895368
1921000 180.473670258783 173.538852512762 171.104561942732 525.117084714277
1922000 180.56293198783 173.656528872662 171.247053310933 525.466514171426
1923000 180.692357375179 173.714245942293 171.264009013578 525.670612331051
1924000 180.7837770786 173.790489322208 171.379944170162 525.95421057097
1925000 180.912055126131 173.938304158192 171.496875152165 526.347234436488
1926000 180.962852576471 173.96274119756 171.515340412698 526.440934186729
1927000 181.025228579382 174.025959429201 171.587274699225 526.638462707809
1928000 181.155181407377 174.092916599321 171.601636487612 526.84973449431
1929000 181.235928640348 174.193657123137 171.677016484024 527.106602247509
1930000 181.299012016365 174.248072776967 171.782974450181 527.330059243514
1931000 181.377085418817 174.442458283562 171.855117031802 527.674660734181
1932000 181.381964572597 174.54070749116 171.99627621877 527.918948282527
1933000 181.508807846728 174.60711811804 172.055322628251 528.171248593019
1934000 181.525174710349 174.674083470544 172.101207585302 528.300465766195
1935000 181.60554944042 174.813696810085 172.192351315249 528.611597565753
1936000 181.733621051837 174.8559925002 172.221200136437 528.810813688474
1937000 181.882786168447 174.987179689017 172.346120923578 529.216086781042
1938000 181.940169323975 175.096036667446 172.430759540254 529.466965531675
1939000 182.042541800814 175.124837328698 172.549691028249 529.71707015776
1940000 182.109937793047 175.232717505297 172.722436914724 530.065092213068
1941000 182.243441190291 175.401604767453 172.763783350768 530.408829308512
1942000 182.301401596857 175.478293981457 172.822238847802 530.601934426115
1943000 182.428899066197 175.588098608151 173.013390673745 531.030388348093
1944000 182.514343694178 175.638535606754 173.068572933208 531.22145223414
1945000 182.572283474149 175.7627875325 173.198143603598 531.533214610248
1946000 182.620055390927 175.871150803131 173.248077645667 531.739283839726
1947000 182.715880604954 175.961181230769 173.279918254663 531.956980090386
1948000 182.791923435155 175.999512239963 173.324433435297 532.115869110415
1949000 182.950554736373 176.085018558792 173.428672830696 532.464246125861
1950000 183.025803202323 176.182028926851 173.485210918364 532.693043047538
1951000 183.134467320582 176.219523409852 173.575161854045 532.929152584478
1952000 183.254346780518 176.334074897427 173.660400508664 533.248822186609
1953000 183.344675262238 176.365826798683 173.785969225035 533.496471285956
1954000 183.422928863173 176.396980318835 173.860496012824 533.680405194833
1955000 183.494159808969 176.518922278227 173.965952898358 533.979034985553
1956000 183.595543408144 176.645247239373 174.00499075821 534.245781405727
1957000 183.738149111337 176.731717960388 174.139381349252 534.609248420977
1958000 183.754467129053 176.76596665362 174.252953153749 534.773386936422
1959000 183.905400170312 176.87075149883 174.326700434306 535.102852103448
1960000 184.019839167606 176.912807558691 174.389922716965 535.322569443262
1961000 184.058035049753 176.977670113082 174.472201112857 535.507906275692
1962000 184.206559801973 177.046788484488 174.599573680611 535.852921967073
1963000 184.257299925646 177.167898088243 174.730822817824 536.156020831714
1964000 184.35146356295 177.24101315783 174.799102114668 536.391578835448
1965000 184.492331008047 177.340373936751 174.860122540596 536.692827485395
1966000 184.599392591274 177.459587886736 174.93899184581 536.99797232382
1967000 184.678127703678 177.521911897138 174.97320128153 537.173240882347
1968000 184.752752658073 177.633941752621 175.092726129908 537.479420540603
1969000 184.830033811031 177.695355110206 175.164187478502 537.689576399739
1970000 184.91116032774 177.801501713966 175.300784453672 538.013446495378
1971000 184.983861017329 177.881962176612 175.40668532061 538.272508514551
1972000 185.126861466859 177.935848052403 175.533060007178 538.595769526441
1973000 185.231339803056 178.03384825704 175.589521843252 538.854709903347
1974000 185.346828972909 178.099405665454 175.733158882581 539.179393520945
1975000 185.428930028861 178.140696182307 175.804239982118 539.373866193287
1976000 185.471409512947 178.266300802906 175.874988783246 539.612699099099
1977000 185.484864863728 178.382310068412 175.905019147872 539.772194080012
1978000 185.663209292507 178.429278764679 175.972014472403 540.064502529589
1979000 185.774579619872 178.566661671802 176.104533943201 540.445775234874
1980000 185.836762716227 178.656759900325 176.117932937796 540.611455554347
1981000 185.976897481243 178.709127566376 176.241545960403 540.927571008022
1982000 186.034995251934 178.866429673877 176.279111344966 541.180536270777
1983000 186.066925270058 178.927707779245 176.376545280163 541.371178329466
1984000 186.172669102507 179.053758998222 176.493375749974 541.719803850703
1985000 186.248157369637 179.162453582453 176.652869933349 542.06348088544
1986000 186.310284742042 179.280034570584 176.741709476631 542.332028789258
1987000 186.450318925608 179.355379613556 176.870025996096 542.675724535259
1988000 186.564757670838 179.461066401095 176.920606939261 542.946431011194
1989000 186.644415399938 179.533555182235 177.004391795034 543.182362377206
1990000 186.75070656842 179.577078140406 177.131318558672 543.459103267497
1991000 186.853160485283 179.725941318413 177.233189093213 543.812290896909
1992000 186.928724913052 179.807502920628 177.316614343619 544.052842177298
1993000 186.965456934764 179.873855317791 177.396125306542 544.235437559097
1994000 187.038131994771 179.931362488778 177.463725762629 544.433220246177
1995000 187.186220947086 180.0421232151 177.564067713681 544.792411875868
1996000 187.158142395839 180.089981430401 177.672906636115 544.921030462355
1997000 187.254304605933 180.21048177076 177.785602453819 545.250388830512
1998000 187.389413361843 180.253458801505 177.867119335388 545.509991498737
1999000 187.358116799196 180.340946068198 177.934307568788 545.633370436182
2000000 187.492702165265 180.355006755998 178.006144764446 545.85385368571
2001000 187.485455169282 180.505558919833 178.097561277564 546.088575366679
2002000 187.536169911012 180.642970656854 178.139526098257 546.318666666123
2003000 187.629811361084 180.718999051536 178.243720311595 546.592530724215
2004000 187.739767978363 180.767219677485 178.290790632471 546.797778288319
2005000 187.835475657897 180.858909793478 178.381093208777 547.075478660152
2006000 187.883950552442 180.983512042691 178.407371863055 547.274834458188
2007000 188.001302666069 181.053391001356 178.501387087166 547.556080754592
2008000 188.122029162694 181.134308040092 178.548387934002 547.804725136788
2009000 188.201727414834 181.23828361356 178.669534942819 548.109545971213
2010000 188.37417226861 181.331807865175 178.745883281503 548.451863415288
2011000 188.423806959991 181.493860853109 178.787811675042 548.705479488141
2012000 188.538153951338 181.563238754114 178.859963420584 548.961356126035
2013000 188.603503728307 181.608501174988 178.997824397576 549.209829300871
2014000 188.639544147387 181.71435299126 179.125536957241 549.479434095888
2015000 188.784662928721 181.82343332658 179.171478142788 549.779574398089
2016000 188.867758372422 181.916850517737 179.274491572297 550.059100462456
2017000 188.989273748857 181.991888191199 179.315332776476 550.296494716532
2018000 189.083698524063 182.099980185749 179.390129637821 550.573808347633
2019000 189.083983337195 182.201165398816 179.44008253937 550.725231275381
2020000 189.273874472052 182.237388523215 179.568035110318 551.079298105585
2021000 189.401681449344 182.299816338639 179.669740996473 551.371238784455
2022000 189.527393996946 182.416047187291 179.792414900943 551.73585608518
2023000 189.481547135258 182.451851296863 179.787509609363 551.720908041483
2024000 189.659305368661 182.54140876709 179.908077997614 552.108792133365
2025000 189.755619868576 182.632514055336 180.01394079558 552.402074719492
2026000 189.802705674994 182.675890805186 180.11449918446 552.59309566464
2027000 189.896431165671 182.833231448563 180.267393975447 552.997056589682
2028000 189.965639301981 182.91979328072 180.331093732452 553.216526315153
2029000 190.061274244408 183.00431991867 180.449965257154 553.515559420232
2030000 190.141650783854 183.147701940086 180.553965563115 553.843318287055
2031000 190.270388251624 183.25042113116 180.606246045221 554.127055428006
2032000 190.505267282578 183.299353355443 180.688676702567 554.493297340588
2033000 190.554451477427 183.386513495937 180.832123300297 554.773088273661
2034000 190.625215249074 183.477727165921 180.921842635408 555.024785050402
2035000 190.689282742919 183.549869807139 181.066436688403 555.305589238462
2036000 190.85999515753 183.60778389733 181.139185295792 555.606964350653
2037000 190.998931608174 183.758065008789 181.213700600795 555.970697217759
2038000 191.087485554979 183.844850461984 181.310540221885 556.242876238848
2039000 191.17063222311 183.919836349985 181.44843839225 556.538906965344
2040000 191.250998521241 183.983530865742 181.513804941094 556.748334328077
2041000 191.3413824896 184.05927030684 181.556468692333 556.957121488774
2042000 191.436273584034 184.166675669041 181.650107886251 557.253057139326
2043000 191.570426873179 184.229366074808 181.712095432322 557.511888380309
2044000 191.615116483431 184.323331610318 181.808454539972 557.746902633721
2045000 191.747351334669 184.36428023924 181.868242211205 557.979873785114
2046000 191.88636411812 184.452222824217 181.955460504218 558.294047446554
2047000 191.993595086027 184.581162817726 182.055576104901 558.630334008653
2048000 191.983508140049 184.635162928059 182.109944278732 558.728615346839
2049000 192.081694980665 184.725192337721 182.219527059018 559.026414377403
2050000 192.183924053636 184.808060903843 182.366566936813 559.358551894293
2051000 192.332194590561 184.89728023829 182.433466141952 559.662940970802
2052000 192.367247241689 184.953758211854 182.516030403077 559.83703585662
2053000 192.447432699257 185.093275131785 182.5288607721 560.069568603142
2054000 192.560795899228 185.163439527083 182.650365587443 560.374601013754
2055000 192.658891379952 185.264619308562 182.759334976682 560.682845665196
2056000 192.758297239029 185.376419747933 182.820581767563 560.955298754526
2057000 192.863257771392 185.438940571167 182.876411674445 561.178610017004
2058000 192.922331777998 185.597254087782 182.902265543302 561.421851409081
2059000 192.992236553335 185.684198035462 183.064965773955 561.741400362752
2060000 193.108640155643 185.777264668615 183.148485148004 562.034389972262
2061000 193.222912294464 185.890306636202 183.242720686734 562.355939617401
2062000 193.345840534417 185.909952935386 183.260958428845 562.516751898648
2063000 193.485167443324 186.033630931467 183.408819752689 562.927618127481
2064000 193.518084518448 186.112079664381 183.551618326412 563.18178250924
2065000 193.582219408513 186.159746512263 183.562479172863 563.304445093639
2066000 193.694011024431 186.266838059423 183.646009870166 563.60685895402
2067000 193.772756234953 186.349508576228 183.731057521427 563.853322332608
2068000 193.84374588179 186.449319133344 183.764866174649 564.057931189783
2069000 193.961199562425 186.493921834116 183.873850177558 564.328971574099
2070000 194.036442804896 186.635749918271 183.927823753293 564.60001647646
2071000 194.110595933912 186.773307056543 184.045488028056 564.929391018511
2072000 194.198055831903 186.869686926974 184.112611111039 565.180353869917
2073000 194.345490632768 186.960199950828 184.267410541646 565.573101125242
2074000 194.36323831085 187.069098069617 184.29300823781 565.725344618278
2075000 194.459110422919 187.173789645162 184.421043566074 566.053943634155
2076000 194.517643098146 187.247422269346 184.477831909927 566.242897277419
2077000 194.618151784811 187.25933833682 184.646385409108 566.523875530738
2078000 194.736432155612 187.341084435486 184.72114088149 566.798657472588
2079000 194.838219916763 187.426403528222 184.737595240697 567.002218685682
2080000 194.974484099701 187.483297097509 184.776635949978 567.234417147189
2081000 195.060515848922 187.522615940487 184.928103259113 567.511235048522
2082000 195.164690410746 187.601579106861 184.946055019132 567.712324536739
2083000 195.248545857504 187.718296751637 185.037522913826 568.004365522967
2084000 195.321774077119 187.819427712055 185.065427270607 568.206629059781
2085000 195.467818279746 187.865916574905 185.11031960707 568.444054461722
2086000 195.590723376458 187.952270234977 185.225704298236 568.768697909671
2087000 195.656030314852 188.015494414898 185.341132437159 569.012657166909
2088000 195.775206162464 188.126692521717 185.388402185407 569.290300869587
2089000 195.887800234583 188.242902153899 185.520735470219 569.651437858701
2090000 195.996008138142 188.36838412403 185.582732132776 569.947124394949
2091000 196.07322121428 188.394576663942 185.624496695556 570.092294573779
2092000 196.20452504401 188.485240736337 185.712317518776 570.402083299122
2093000 196.235035941524 188.623611641396 185.771104382242 570.629751965162
2094000 196.301453641676 188.693525390809 185.838406267359 570.833385299844
2095000 196.344779675991 188.787576733176 186.016877912493 571.149234321659
2096000 196.581684081611 188.900598514283 186.015213781815 571.497496377708
2097000 196.640994072297 188.987758976514 186.166528629799 571.795281678609
2098000 196.731311604691 189.057329928507 186.251599219021 572.040240752219
2099000 196.73440027424 189.174041353719 186.28062891794 572.189070545899
2100000 196.847037395766 189.239969452903 186.350732390224 572.437739238894
2101000 196.948443876109 189.35351355246 186.494057796171 572.79601522474
2102000 197.045909752624 189.495193199745 186.514480320353 573.055583272722
2103000 197.103823602437 189.537657399748 186.660356950055 573.301837952239
2104000 197.18618638075 189.626864547187 186.652497961202 573.465548889138
2105000 197.249502420623 189.759326090094 186.729028355447 573.737856866165
2106000 197.353718076854 189.82616450395 186.891655313778 574.071537894582
2107000 197.447503705867 189.872486513822 186.926951349275 574.246941568964
2108000 197.536230264649 189.98514625972 186.967121903047 574.488498427416
2109000 197.610395857895 190.039243844589 187.011380839096 574.66102054158
2110000 197.689919825709 190.139444614706 187.167406241871 574.996770682286
2111000 197.83652292922 190.294754910961 187.269687462479 575.40096530266
2112000 197.878479872604 190.345046708755 187.350838769576 575.574365350936
2113000 197.965132384634 190.351459723651 187.383607129881 575.700199238167
2114000 198.049417201706 190.438259846182 187.511586251728 575.999263299616
2115000 198.064874359907 190.534583193208 187.609468008696 576.208925561811
2116000 198.067743055097 190.626726541323 187.664981314804 576.359450911224
2117000 198.222271015885 190.631278961568 187.770419812115 576.623969789569
2118000 198.300017018305 190.728269907703 187.791847975975 576.820134901983
2119000 198.350499880536 190.845578825179 187.910351591107 577.106430296823
2120000 198.493718817476 190.944536543001 187.984739461723 577.422994822201
2121000 198.528940085472 190.96287397156 188.091612509955 577.583426566987
2122000 198.66045866543 191.078768702035 188.125429607459 577.864656974924
2123000 198.742628447628 191.139076289169 188.197093874765 578.078798611562
2124000 198.778188897545 191.249085954447 188.24586289434 578.273137746332
2125000 198.819168289868 191.350438195061 188.321505440067 578.491111924997
2126000 198.971064281924 191.46209538519 188.403793282785 578.836952949899
2127000 198.998561124747 191.519094485465 188.50295180902 579.020607419232
2128000 199.12295346065 191.616774829727 188.576531794566 579.316260084943
2129000 199.211925553685 191.674219665088 188.639304150843 579.525449369616
2130000 199.298281223998 191.729892944503 188.756922936556 579.785097105057
2131000 199.377874099155 191.837877380562 188.78750157399 580.003253053707
2132000 199.460320017115 191.929644097441 188.917788484386 580.307752598941
2133000 199.557780739359 192.137790709846 188.97269007325 580.668261522455
2134000 199.589869751244 192.185594628144 189.051581038165 580.827045417553
2135000 199.751932531728 192.193219314146 189.104735472048 581.049887317923
2136000 199.80276378744 192.281261794219 189.225092804531 581.309118386189
2137000 199.884561865838 192.377566855106 189.271606284192 581.533735005135
2138000 199.921629861773 192.497776028948 189.325825189884 581.745231080605
2139000 200.033978321785 192.608716985676 189.396092507947 582.038787815408
2140000 200.051774550705 192.721598707422 189.421766161745 582.195139419872
2141000 200.187639368216 192.846686008651 189.573638700596 582.607964077464
2142000 200.26477631198 192.982580782126 189.582799467867 582.830156561974
2143000 200.325155650931 193.116252445134 189.761927974352 583.203336070417
2144000 200.45540648355 193.164508211058 189.857482124478 583.477396819086
2145000 200.550971298283 193.302449810438 189.929301229058 583.782722337779
2146000 200.638762719154 193.283172060362 189.970234755468 583.892169534984
2147000 200.70689065444 193.348409145461 190.07045462402 584.125754423922
2148000 200.850174061648 193.438417853313 190.152310970255 584.440902885216
2149000 200.939692846858 193.561412396053 190.218644291959 584.71974953487
2150000 201.024750367539 193.581508702007 190.297069802667 584.903328872213
2151000 201.127811879718 193.672102729326 190.395171789114 585.195086398159
2152000 201.264581506672 193.811675142587 190.422550687832 585.498807337091
2153000 201.365735340961 193.866080397274 190.50143481036 585.733250548596
2154000 201.413375906786 193.969952147757 190.587638453867 585.970966508409
2155000 201.540878679355 194.037993188524 190.648983139893 586.227855007772
2156000 201.600113067551 194.173043969622 190.791930506405 586.565087543579
2157000 201.696646966976 194.252687980177 190.903963567851 586.853298515004
2158000 201.71650011231 194.288236207822 190.985588150749 586.990324470882
2159000 201.823055425924 194.38315475397 191.05547403469 587.261684214584
2160000 201.940527185339 194.497372666538 191.179878482702 587.617778334579
2161000 201.93175917727 194.59390135185 191.172523780715 587.698184309836
2162000 202.070882318357 194.666973312844 191.214381584997 587.952237216198
2163000 202.166086503589 194.742500956116 191.34325400121 588.251841460915
2164000 202.240439222112 194.843582492301 191.469222057042 588.553243771455
2165000 202.307127647825 194.895289902208 191.46478131472 588.667198864753
2166000 202.454285920846 195.02241676813 191.542060639103 589.018763328079
2167000 202.598913624738 195.092566267703 191.693891959778 589.385371852219
2168000 202.670452779399 195.260883531732 191.787582310258 589.718918621389
2169000 202.734359832848 195.313068369046 191.838308167538 589.885736369432
2170000 202.84813394479 195.442044129724 191.894550247242 590.184728321756
2171000 202.941599281894 195.446674777872 191.990396101474 590.37867016124
2172000 202.990900029291 195.554957844079 192.088898305072 590.634756178443
2173000 203.124659618662 195.600710129179 192.159549396536 590.884919144376
2174000 203.258061118547 195.652548853459 192.232270394361 591.142880366367
2175000 203.278974729071 195.738770374252 192.313917385654 591.331662488978
2176000 203.34474653978 195.8904191172 192.436126819913 591.671292476893
2177000 203.476892790771 195.943620245571 192.504330417389 591.924843453731
2178000 203.571074679393 196.104840612293 192.60093011966 592.276845411345
2179000 203.641269319271 196.121195742327 192.70199255731 592.464457618907
2180000 203.734760841535 196.201063900885 192.746865843426 592.682690585847
2181000 203.783500431066 196.275970035439 192.813394639005 592.872865105511
2182000 203.923764280712 196.334768087231 193.001111227805 593.259643595747
2183000 203.944392150584 196.470262765659 193.036855945242 593.451510861485
2184000 204.083737248864 196.536536170757 193.077444398426 593.697717818048
2185000 204.166459346845 196.65630666953 193.187176413129 594.009942429504
2186000 204.21567287149 196.691959389338 193.350573263961 594.258205524789
2187000 204.287290092062 196.760667154137 193.416993826352 594.464951072551
2188000 204.442526084266 196.824891648151 193.49116399584 594.758581728256
2189000 204.519283640503 196.867987382372 193.532264555371 594.919535578246
2190000 204.647625925634 196.978966647892 193.658845676479 595.285438250005
2191000 204.66445776482 197.094217358271 193.729024045659 595.48769916875
2192000 204.772861808732 197.109230029844 193.78333769047 595.665429529045
2193000 204.831587568592 197.226766118425 193.812380514618 595.870734201634
2194000 204.851847530956 197.295895232879 193.891592864866 596.039335628701
2195000 204.892715795289 197.396962587228 193.984174909479 596.273853291995
2196000 205.06417782026 197.522254360547 194.064688163114 596.651120343921
2197000 205.178334063545 197.509278850904 194.158222965463 596.845835879911
2198000 205.28702103833 197.570506557587 194.287405442187 597.144933038104
2199000 205.409086705853 197.629245618038 194.332123086767 597.370455410658
2200000 205.509749838146 197.764915272135 194.418532430353 597.693197540634
2201000 205.548582243252 197.833718890138 194.432864357152 597.815165490542
2202000 205.584487179782 197.870387955096 194.582831296302 598.03770643118
2203000 205.665518714042 198.029565977978 194.663937405596 598.359022097615
2204000 205.749664721214 198.06714079269 194.713399349263 598.530204863168
2205000 205.864365692214 198.105816566907 194.777878823246 598.748061082367
2206000 205.93464463072 198.290309332317 194.856941785371 599.081895748408
2207000 206.014274396201 198.319645259276 194.970339611921 599.304259267399
2208000 206.100625543996 198.428480898531 195.01567725777 599.544783700297
2209000 206.119419870245 198.518157988199 195.087460092674 599.725037951118
2210000 206.196671516909 198.608077647666 195.207496135991 600.012245300566
2211000 206.290256767761 198.699649042647 195.290376404531 600.280282214938
2212000 206.384908977149 198.834765517761 195.368553376746 600.588227871656
2213000 206.343112935585 198.84410581296 195.414882944573 600.602101693118
2214000 206.448442047431 198.966849806031 195.575731665717 600.991023519179
2215000 206.591564899264 198.989631699073 195.659446899666 601.240643498002
2216000 206.622550510402 199.115561765055 195.704382861652 601.442495137109
2217000 206.778703158678 199.244618091118 195.854552357881 601.877873607678
2218000 206.859784647719 199.331303670897 195.950301029714 602.141389348329
2219000 206.963736453106 199.483943573616 196.091316266859 602.538996293581
2220000 207.063908304103 199.540760944853 196.126696249555 602.731365498511
2221000 207.092787741815 199.601603384414 196.282621783588 602.977012909817
2222000 207.191869402862 199.682848546874 196.365866419497 603.240584369233
2223000 207.355713400861 199.776514894268 196.397583213057 603.529811508186
2224000 207.475129449514 199.779864278903 196.46782882801 603.722822556427
2225000 207.524622266234 199.880152089245 196.582168598158 603.986942953637
2226000 207.595319392252 200.020066923699 196.667219705192 604.282606021143
2227000 207.749679790801 200.024400403234 196.749003732691 604.523083926726
2228000 207.830068323187 200.08494207233 196.810057468755 604.725067864272
2229000 207.937039015533 200.158394130107 196.891926705677 604.987359851317
2230000 208.048288383493 200.262256289366 196.944045750118 605.254590422977
2231000 208.138943159958 200.35700276179 196.972614525664 605.468560447412
2232000 208.24970893093 200.519280941988 197.030712510133 605.79970238305
2233000 208.448260199453 200.668782521382 197.109904143793 606.226946864627
2234000 208.442892440442 200.688914697436 197.180385484701 606.31219262258
2235000 208.599693960204 200.814194613494 197.210526798538 606.624415372237
2236000 208.675582079891 200.909347070312 197.344678099112 606.929607249315
2237000 208.745580170708 200.985622140969 197.360183134579 607.091385446255
2238000 208.828438085283 201.057694588878 197.50862833037 607.394761004532
2239000 208.924892674232 201.186058867918 197.620969874626 607.731921416776
2240000 209.024642107529 201.313061919104 197.71628467236 608.053988698994
2241000 209.109565044395 201.381799494554 197.706631557236 608.197996096185
2242000 209.204729805372 201.458147037242 197.822367857173 608.485244699787
2243000 209.282946299014 201.509557799155 197.974966598612 608.767470696782
2244000 209.319881816957 201.622707358818 198.09412041689 609.036709592665
2245000 209.456077602412 201.712881991646 198.181205162261 609.350164756319
2246000 209.57299240955 201.817732235562 198.30628429136 609.697008936473
2247000 209.617650682435 201.897329865596 198.289757843602 609.804738391633
2248000 209.787355958318 201.940591482397 198.418038933477 610.145986374192
2249000 209.906389633308 202.00725115029 198.568388741935 610.482029525534
2250000 209.951529661311 202.167025126525 198.698410412925 610.816965200761
2251000 210.071990048826 202.264420809691 198.746656780223 611.08306763874
2252000 210.157840322795 202.360613843474 198.787353067083 611.305807233353
2253000 210.188443312557 202.540388722477 198.918737924134 611.647569959168
2254000 210.287919247563 202.554386014064 198.920542730282 611.762847991909
2255000 210.391074815047 202.565022896354 198.94835777727 611.904455488671
2256000 210.424636405388 202.635524675261 199.107815495044 612.167976575693
2257000 210.492415566654 202.674035144111 199.160233273945 612.32668398471
2258000 210.517736697404 202.790764469429 199.270034480959 612.578535647792
2259000 210.712607454641 202.853122869739 199.337438357958 612.903168682338
2260000 210.722103849967 202.87657025107 199.443361236026 613.042035337063
2261000 210.805417993681 203.032888071143 199.541019806492 613.379325871315
2262000 210.921019134563 203.124672159667 199.600630305137 613.646321599367
2263000 211.038235428874 203.188010626694 199.715990357452 613.942236413019
2264000 211.117535093572 203.280792252462 199.813426229882 614.211753575916
2265000 211.217281066439 203.37577440861 199.922003548616 614.515059023665
2266000 211.254338693708 203.526913523622 199.979618380892 614.760870598222
2267000 211.431128543182 203.649981138365 200.10019431178 615.181303993327
2268000 211.495726794708 203.812273025386 200.194114970254 615.502114790347
2269000 211.536147030527 203.852872664408 200.287484100339 615.676503795274
2270000 211.639872144479 203.985040625588 200.392437575625 616.017350345692
2271000 211.713365710923 204.12622823819 200.473680538905 616.313274488018
2272000 211.901629458507 204.150234037486 200.532022731291 616.583886227285
2273000 211.964220610008 204.184189686947 200.671112373444 616.8195226704
2274000 211.975827537307 204.26719987804 200.731327553434 616.974354968781
2275000 212.158549601699 204.379737281177 200.845925146666 617.384212029542
2276000 212.229004124879 204.467851315812 200.885434034884 617.582289475575
2277000 212.373921822261 204.508840196259 200.954062796048 617.836824814568
2278000 212.470016652975 204.647616001189 201.030520283154 618.148152937319
2279000 212.459074629216 204.770223274093 201.061330634717 618.290628538026
2280000 212.576693119027 204.855924442732 201.172125717551 618.604743279309
2281000 212.657463025594 204.889977636689 201.309060171048 618.856500833331
2282000 212.77820155938 204.979162992471 201.368624393542 619.125988945392
2283000 212.845295287027 205.022232847925 201.466977526733 619.334505661685
2284000 212.920155314046 205.071105312958 201.569012712432 619.560273339437
2285000 213.063096888058 205.193261949936 201.720998492672 619.977357330666
2286000 213.132026880115 205.236161123802 201.727751557807 620.095939561724
2287000 213.349022266984 205.324708462312 201.796625472022 620.470356201318
2288000 213.443047719047 205.400673604467 201.875989991485 620.719711314999
2289000 213.464015477332 205.35884416723 201.967292890126 620.790152534688
2290000 213.564381139321 205.560828777085 202.072278790452 621.197488706857
2291000 213.675556702932 205.669832796044 202.179234470372 621.524623969347
2292000 213.74467089563 205.678046030455 202.313759736208 621.736476662293
2293000 213.903872033921 205.768412616355 202.384690240968 622.056974891245
2294000 214.025927780842 205.863083550832 202.380238925136 622.26925025681
2295000 214.112410656744 205.869661803025 202.514303907873 622.496376367642
2296000 214.280425583884 205.905249196724 202.577997842865 622.763672623473
2297000 214.378431789708 206.033422696733 202.727622429235 623.139476915676
2298000 214.469183121771 206.100438417915 202.776541586118 623.346163125804
2299000 214.523026794129 206.18696291587 202.902956299939 623.612946009938
2300000 214.638317026354 206.311367210247 202.986281026146 623.935965262747
2301000 214.725579360981 206.379094817719 203.068928528856 624.173602707557
2302000 214.750819812092 206.491702961797 203.135425896404 624.377948670293
2303000 214.920811050979 206.509040240769 203.264163637438 624.694014929186
2304000 214.950506976405 206.657833754236 203.34393520644 624.952275937081
2305000 215.066267934761 206.673010967494 203.37099150127 625.110270403525
2306000 215.159385692341 206.72764379299 203.521703857624 625.408733342956
2307000 215.282877674233 206.805287485336 203.611974870598 625.700140030168
2308000 215.415418872133 206.863563238559 203.707705112306 625.986687222998
2309000 215.436503418487 206.930670408294 203.741517600172 626.108691426953
2310000 215.570430724783 207.014626688725 203.817918030955 626.402975444464
2311000 215.622385107342 207.10108717744 203.858779564512 626.582251849295
2312000 215.756813985625 207.236160953493 203.985955587918 626.978930527035
2313000 215.81973157309 207.34076881584 204.04015111733 627.20065150626
2314000 215.871027969579 207.36442691236 204.084779687753 627.320234569691
2315000 216.047268069589 207.423031868232 204.208931435192 627.679231373012
2316000 216.104437278119 207.506141496202 204.347043865085 627.957622639406
2317000 216.127635551209 207.571122063034 204.432025248167 628.13078286241
2318000 216.212997720317 207.650561318005 204.582746992869 628.446306031191
2319000 216.294241431817 207.761197587424 204.676439185434 628.731878204674
2320000 216.287490616827 207.810013749542 204.775371752609 628.872876118977
2321000 216.403812525819 207.794977073454 204.778719756749 628.977509356021
2322000 216.456048120182 207.884596265204 204.949054624627 629.289699010013
2323000 216.639341503918 207.918223530988 205.002445696385 629.560010731291
2324000 216.730371511005 208.014962797786 205.098797589066 629.844131897857
2325000 216.763752555124 208.07009478508 205.158244780634 629.992092120839
2326000 216.897668416966 208.125172612097 205.271725278542 630.294566307605
2327000 216.990932171607 208.305382433551 205.386174808404 630.682489413563
2328000 217.047120412786 208.394648611826 205.424462810239 630.866231834852
2329000 217.142171790979 208.466512919253 205.631727967438 631.240412677669
2330000 217.20652162359 208.671409904684 205.69107572706 631.569007255334
2331000 217.233273529978 208.745175128097 205.798297854841 631.776746512916
2332000 217.361815247578 208.829811794421 205.851167459573 632.042794501572
2333000 217.524650389845 208.899708301043 205.875188642286 632.299547333174
2334000 217.602166877901 208.99017907436 205.997116652229 632.589462604489
2335000 217.708498010745 209.117957739793 206.020245210228 632.846700960765
2336000 217.811168536021 209.143156453086 206.246977919784 633.201302908891
2337000 217.911041798405 209.207706568006 206.302843970234 633.421592336645
2338000 217.971618056407 209.317216635764 206.406485583753 633.695320275924
2339000 218.014101653872 209.401267470478 206.537756537006 633.953125661356
2340000 218.100457722485 209.491312441758 206.662590777358 634.254360941601
2341000 218.225551944944 209.569377448514 206.697153995356 634.492083388814
2342000 218.318211971999 209.632787524274 206.763563537905 634.714563034178
2343000 218.386288279425 209.746000488596 206.873700429971 635.005989197991
2344000 218.446442741664 209.823310008377 206.971780255162 635.241533005203
2345000 218.621358232107 209.853566986639 206.998275614537 635.473200833283
2346000 218.631375708677 209.914383713267 207.074222401222 635.619981823165
2347000 218.703559116685 210.013392933707 207.185158314276 635.902110364669
2348000 218.791089262318 210.072316311423 207.280779967821 636.144185541563
2349000 218.829293504377 210.141041117408 207.333979966075 636.30431458786
2350000 218.877300654463 210.227072278503 207.417162351374 636.521535284339
2351000 218.946442769982 210.240545195623 207.489089360382 636.676077325987
2352000 219.018003164849 210.363783278244 207.572085073299 636.953871516391
2353000 219.090645558946 210.468909810551 207.687486501128 637.247041870626
2354000 219.123720705722 210.492130289009 207.784996023998 637.400847018728
2355000 219.190805283087 210.616885471283 207.88370047735 637.691391231721
2356000 219.202300589542 210.721720820506 207.979986600188 637.904008010236
2357000 219.218259609378 210.769688770437 208.11835397341 638.106302353224
2358000 219.300728191204 210.896149674377 208.177363111867 638.374240977448
2359000 219.373965446967 210.983851857095 208.196395970848 638.554213274909
2360000 219.502297842751 211.092667059323 208.297874495104 638.892839397178
2361000 219.569845488219 211.129047039907 208.405278444428 639.104170972554
2362000 219.596744727194 211.210602559319 208.460407622064 639.267754908578
2363000 219.673976419848 211.313577788225 208.548619562148 639.536173770221
2364000 219.768370337797 211.329175766588 208.651705451686 639.74925155607
2365000 219.851583521775 211.429287574188 208.715474720701 639.996345816664
2366000 219.973660242465 211.516993000463 208.866769481259 640.357422724188
2367000 220.025145514998 211.645918133694 208.899308853027 640.570372501719
2368000 220.089342409423 211.693663761581 208.971030689683 640.754036860687
2369000 220.146523233117 211.714773808737 209.133980032112 640.995277073966
2370000 220.163353903363 211.867436019929 209.150895107674 641.181685030965
2371000 220.291477586913 211.985576365148 209.295121272717 641.572175224778
2372000 220.348875142935 212.095425065875 209.371399868754 641.815700077565
2373000 220.447937351154 212.168102032011 209.408596913799 642.024636296964
2374000 220.531025302889 212.191292369053 209.55259655412 642.274914226062
2375000 220.592385152573 212.188595991209 209.530185818809 642.31116696259
2376000 220.67392458084 212.32281117424 209.651613223621 642.648348978702
2377000 220.752892360252 212.416445383735 209.782571016273 642.951908760259
2378000 220.797860155294 212.51878691649 209.896245928957 643.212893000741
2379000 220.880182450732 212.594005097157 209.945008220558 643.419195768447
2380000 220.902503480431 212.67702212864 210.027996508846 643.607522117918
2381000 221.06091967522 212.722333112353 210.143843287902 643.927096075475
2382000 221.097430395313 212.809310535729 210.19211608695 644.098857017992
2383000 221.149409416444 212.948132592284 210.282084960577 644.379626969304
2384000 221.242496703835 213.032800609528 210.389261864955 644.664559178317
2385000 221.271911642088 213.107670089912 210.420253316462 644.799835048462
2386000 221.354722604313 213.279549013289 210.473795248214 645.108066865816
2387000 221.40093794054 213.307443854111 210.542554363221 645.250936157872
2388000 221.523096756446 213.389863354788 210.588037581872 645.500997693105
2389000 221.651532596454 213.46678931583 210.769546415523 645.887868327807
2390000 221.760145024648 213.534486225896 210.831125206319 646.125756456863
2391000 221.847233777206 213.603834807039 210.826259354128 646.277327938373
2392000 221.927532243273 213.762271207409 210.899422525478 646.58922597616
2393000 221.991741328011 213.819000382944 210.963285211432 646.774026922386
2394000 222.046146883333 213.8808728963 211.13952279194 647.066542571572
2395000 222.239310437508 214.025460327137 211.220020561491 647.484791326136
2396000 222.369010833935 214.140817248971 211.327575685367 647.837403768272
2397000 222.437793113387 214.188061384877 211.421757854818 648.047612353082
2398000 222.498182027565 214.307886107883 211.444365863551 648.250433998999
2399000 222.593021245669 214.38057252947 211.549907097159 648.523500872298
2400000 222.741615942114 214.444439257161 211.655478514499 648.841533713773
2401000 222.845713507741 214.501538632775 211.770712530018 649.117964670534
2402000 222.922555741217 214.661171927815 211.891480543503 649.475208212535
2403000 222.997168466288 214.73459291304 211.964821729057 649.696583108386
2404000 223.024362316748 214.850485438064 212.073259073272 649.948106828084
2405000 223.191403811314 214.880505660916 212.197052038787 650.268961511016
2406000 223.229149390476 214.993851364524 212.230790227295 650.453790982295
2407000 223.316526891221 215.121454285541 212.324544300203 650.762525476964
2408000 223.371367794535 215.16708480294 212.349207864021 650.887660461496
2409000 223.457377424943 215.238313942438 212.477391821193 651.173083188574
2410000 223.559582808742 215.440980643085 212.513439807722 651.514003259548
2411000 223.629629760074 215.505176318184 212.549479439247 651.684285517504
2412000 223.722012885131 215.640114398432 212.643337564729 652.005464848292
2413000 223.843139173036 215.739859845291 212.70744546526 652.290444483588
2414000 223.951288443068 215.876407986067 212.773236477084 652.600932906219
2415000 224.065830758466 215.931775599523 212.885204435243 652.882810793233
2416000 224.150556613143 215.966546451944 212.981002139422 653.098105204509
2417000 224.273029041119 216.044086643869 213.026159684535 653.343275369523
2418000 224.384996590831 216.179601243355 213.140852801609 653.705450635794
2419000 224.451561087033 216.22557917717 213.231987196035 653.909127460238
2420000 224.500030283038 216.285751808396 213.26594262119 654.051724712623
2421000 224.567220715594 216.360436687282 213.341298030657 654.268955433533
2422000 224.684250561725 216.420710574911 213.464750412848 654.569711549484
2423000 224.755414200095 216.529332559329 213.600244233577 654.884990993001
2424000 224.860006402656 216.533193650634 213.712719839997 655.105919893287
2425000 224.947702779179 216.608676717403 213.698749867253 655.255129363835
2426000 225.002278898882 216.70448113753 213.790231616484 655.496991652896
2427000 225.056356218032 216.850067931371 213.926525867796 655.832950017199
2428000 225.166014548183 217.01028875953 213.961012593716 656.137315901429
2429000 225.226895750059 217.108455091108 214.070304659557 656.405655500724
2430000 225.309892623839 217.163269974363 214.22830453371 656.701467131912
2431000 225.447425562011 217.299560646676 214.221316408648 656.968302617335
2432000 225.55881364283 217.34196130916 214.30745112335 657.20822607534
2433000 225.645792850828 217.452033265642 214.395653901626 657.493480018096
2434000 225.730149051559 217.52866475367 214.539392031532 657.798205836761
2435000 225.838874557877 217.631821878341 214.550441192425 658.021137628642
2436000 225.912220365527 217.717970675597 214.695703415144 658.325894456268
2437000 226.050292893822 217.870176467293 214.835678614646 658.756147975761
2438000 226.133058546041 217.976889619972 214.889172077628 658.99912024364
2439000 226.306932405177 218.01160492235 214.978185398208 659.296722725735
2440000 226.435291468402 218.083783637529 215.058452351473 659.577527457404
2441000 226.450435772814 218.144703003116 215.153766378922 659.748905154852
2442000 226.597525393267 218.281449324176 215.24689117849 660.125865895933
2443000 226.57096971863 218.382966768364 215.382629279285 660.336565766279
2444000 226.736414083414 218.525335573939 215.423029526593 660.684779183946
2445000 226.824009339109 218.585861976577 215.450872053834 660.86074336952
2446000 226.932008433537 218.752545942327 215.527013659844 661.211568035709
2447000 227.011458691826 218.828101109433 215.655758585619 661.495318386877
2448000 227.079686949582 218.918753659703 215.668550319221 661.666990928506
2449000 227.188637565009 218.964856685074 215.67842124532 661.831915495403
2450000 227.335355427145 219.122936918357 215.752725226968 662.211017572471
2451000 227.431157697938 219.197290992838 215.765832219635 662.394280910411
2452000 227.554704308765 219.302353971257 215.892570944534 662.749629224556
2453000 227.687037613646 219.39265543911 216.026471324205 663.106164376962
2454000 227.795012912927 219.47486552961 216.093348192868 663.363226635405
2455000 227.89230945705 219.585589196558 216.157641395675 663.635540049284
2456000 227.951545203263 219.643868629575 216.207917993871 663.803331826709
2457000 228.071680318137 219.760702117683 216.270221059892 664.102603495712
2458000 228.196999852708 219.858325607221 216.32826923904 664.383594698969
2459000 228.162398544394 219.899715786402 216.397204598037 664.459318928834
2460000 228.197390728172 220.002420887443 216.514348401316 664.714160016931
2461000 228.3131215936 220.060308144006 216.62407885113 664.997508588737
2462000 228.418351633312 220.188390729737 216.763813777711 665.37055614076
2463000 228.540837223779 220.324791594518 216.900575495238 665.766204313534
2464000 228.541541346136 220.373320152107 216.918764868732 665.833626366975
2465000 228.661767428525 220.445660186323 216.992248025632 666.09967564048
2466000 228.815666977821 220.535225112193 217.052308316991 666.403200407005
2467000 228.894939259873 220.613798829411 217.13212146175 666.640859551034
2468000 229.001775819428 220.702436889204 217.241953520701 666.946166229333
2469000 229.084503034347 220.723363578166 217.318675139188 667.126541751701
2470000 229.21088644642 220.812727055854 217.396133507199 667.419747009473
2471000 229.281263848717 220.885604747729 217.471620751635 667.638489348081
2472000 229.307758620256 220.9730257783 217.552697307801 667.833481706357
2473000 229.375787180671 221.095713810747 217.573087486603 668.044588478021
2474000 229.372665494378 221.186074574187 217.665145704711 668.223885773276
2475000 229.504912089783 221.260332455335 217.705196711161 668.470441256279
2476000 229.62914409393 221.385559525335 217.837043534868 668.851747154133
2477000 229.769746556065 221.434066127878 217.93207466525 669.135887349192
2478000 229.812842005509 221.478301981485 217.991066304176 669.282210291169
2479000 229.855564629798 221.590956375939 218.07106634876 669.517587354496
2480000 229.950035008032 221.644178204525 218.170128070352 669.764341282909
2481000 230.045013378434 221.709428139174 218.213319137369 669.967760654976
2482000 230.186595792251 221.806501775296 218.32280602619 670.315903593738
2483000 230.196606659921 221.916750652995 218.42336137243 670.536718685346
2484000 230.243509093415 222.021176547025 218.511662054103 670.776347694542
2485000 230.320200361684 222.067343581524 218.551641177942 670.939185121149
2486000 230.298500820692 222.111767674776 218.695372134982 671.105640630451
2487000 230.360862539347 222.183050087694 218.684206546011 671.228119173052
2488000 230.486586202526 222.336265255393 218.758930320835 671.581781778753
2489000 230.502432546146 222.373016265468 218.830721419594 671.706170231208
2490000 230.605448893576 222.477669504739 219.004574000709 672.087692399024
2491000 230.701832819818 222.618206806602 219.037293046252 672.357332672673
2492000 230.862042172959 222.685299689374 219.155117613642 672.702459475975
2493000 230.878754280769 222.805181889988 219.296663141678 672.980599312435
2494000 230.940030075432 222.916630162997 219.372819634222 673.229479872651
2495000 230.965395981888 222.999054721062 219.471681849023 673.436132551973
2496000 231.002713876402 223.080855448699 219.467469871402 673.551039196503
2497000 231.153734434353 223.218987950247 219.599442995955 673.972165380555
2498000 231.282293732435 223.211181283141 219.703935946789 674.197410962365
2499000 231.297294234195 223.35732861285 219.704418633415 674.35904148046
2500000 231.35794023955 223.362133470063 219.832711981294 674.552785690907
2501000 231.332737853921 223.460199471659 219.975925794044 674.768863119625
2502000 231.518125386918 223.547145068078 220.044605434537 675.109875889532
2503000 231.606200448405 223.683747307102 220.085357370334 675.375305125841
2504000 231.71102098139 223.777526676921 220.196824477059 675.685372135371
2505000 231.718033964376 223.899738927317 220.283691211225 675.901464102918
2506000 231.826521228252 224.053794616503 220.385378068594 676.265693913349
2507000 231.923432394658 224.104809758157 220.478685515932 676.506927668746
2508000 232.03067910171 224.163808149429 220.534039625374 676.728526876513
2509000 232.136151024572 224.303504105415 220.69264971256 677.132304842547
2510000 232.229197473952 224.364301897696 220.684906739739 677.278406111386
