# Fix print output for fix 2
10000 4.79895421974084e-33 2.08213426470451e-28 2.08021468301661e-28 4.16239693726331e-28
11000 0.309001175547348 0.312812187966399 0.311095904117116 0.932909267630862
12000 0.436300014488668 0.452253438371066 0.446954792137135 1.33550824499687
13000 0.566511074539111 0.583350764621963 0.579605096005685 1.72946693516676
14000 0.692776411077161 0.718618403454962 0.707482529237351 2.11887734376947
15000 0.816334566152884 0.844502913961586 0.832559136375308 2.49339661648978
16000 0.940476371478427 0.976012190896648 0.954826309756828 2.8713148721319
17000 1.06448451353964 1.10570234720092 1.0804120348324 3.25059889557296
18000 1.18626255318624 1.23275757336901 1.20648369811565 3.6255038246709
19000 1.30225468176078 1.35445407085039 1.32460533913671 3.98131409174789
20000 1.42077776260363 1.48363680814852 1.44771862069356 4.35213319144571
21000 1.53788574927811 1.61757208832782 1.57039793431171 4.72585577191764
22000 1.6615423955463 1.73454075479605 1.69713748718524 5.09322063752759
23000 1.78094698047331 1.85645067116815 1.81847696612744 5.45587461776889
24000 1.89542479883889 1.98988990207673 1.93696232095857 5.82227702187418
25000 2.00872805816342 2.1063426218976 2.04924537168432 6.16431605174534
26000 2.12888130537832 2.22894633552853 2.16157498921602 6.51940263012287
27000 2.2481842811293 2.35751710328771 2.28537836783164 6.89107975224865
28000 2.36523115442671 2.47505405386625 2.40174679772486 7.24203200601782
29000 2.48651065798408 2.59951011539093 2.53488751147791 7.62090828485292
30000 2.60069535423753 2.71463366692916 2.65122595055125 7.96655497171794
31000 2.71697538217342 2.83635614029756 2.77261830275894 8.32594982522992
32000 2.83108764421524 2.95827374578425 2.88551512442544 8.67487651442493
33000 2.95269654849853 3.08974615794328 3.00337665278508 9.04581935922688
34000 3.06160711277916 3.20372072898546 3.11617224301064 9.38150008477526
35000 3.17894699317452 3.33245238598012 3.23106410487956 9.7424634840342
36000 3.30925211988283 3.45447708845579 3.35617480842222 10.1199040167608
37000 3.43654391526085 3.58657072725814 3.47849783751346 10.5016124800325
38000 3.54003774491473 3.71008994916513 3.59384165273326 10.8439693468131
39000 3.67176927286442 3.82863833938898 3.71732717674304 11.2177347889964
40000 3.78736054193095 3.95573122553375 3.83148744056072 11.5745792080254
41000 3.90167976622438 4.07411156531536 3.95170523918974 11.9274965707295
42000 4.025967492564 4.19290356242019 4.07795689390671 12.2968279488909
43000 4.1366200056073 4.31923949752119 4.18644345245081 12.6423029555793
44000 4.26209215502077 4.44435215606334 4.29933961517051 13.0057839262546
45000 4.38121676274291 4.57944270634752 4.41466347837314 13.3753229474636
46000 4.48836246196558 4.68762459622729 4.53319817354198 13.7091852317348
47000 4.60800823965989 4.81000384430151 4.65681115310705 14.0748232370685
48000 4.69395132823754 4.92768578300557 4.7686010483856 14.3902381596287
49000 4.79957527919157 5.04341237415625 4.87429736254752 14.7172850158953
50000 4.91861212715099 5.17100889997677 5.00009519819369 15.0897162253215
51000 5.02793108758668 5.28965852259161 5.11662870590608 15.4342183160844
52000 5.14738409072452 5.41318317573759 5.23700271950835 15.7975699859705
53000 5.25437340821998 5.52022171639485 5.35670698274953 16.1313021073644
54000 5.35800778794427 5.64614106981987 5.46528048759391 16.469429345358
55000 5.47118122379969 5.76466300279337 5.5797086199839 16.815552846577
56000 5.60464857195654 5.88474068366229 5.69879745866283 17.1881867142817
57000 5.71035201855556 6.00602447008568 5.79858445560813 17.5149609442494
58000 5.81745100200082 6.12871434228109 5.91455318198319 17.8607185262651
59000 5.93946255777136 6.25464036940982 6.04854736863406 18.2426502958152
60000 6.04550892905543 6.36206177695213 6.14549306407483 18.5530637700824
61000 6.14836667631165 6.48374971334734 6.25649158912092 18.8886079787799
62000 6.27121237407395 6.61244728954832 6.39539727110668 19.2790569347289
63000 6.38896176594945 6.71826321239052 6.49657007401578 19.6037950523557
64000 6.50179537153219 6.83610207257647 6.60836291424672 19.9462603583554
65000 6.63259088689734 6.93998670759387 6.71153070711314 20.2841083016044
66000 6.7288964468909 7.06240483513334 6.82642112348635 20.6177224055106
67000 6.83028042714585 7.17410773457766 6.93223498945704 20.9366231511806
68000 6.94024046200028 7.28333483795762 7.0363347747524 21.2599100747103
69000 7.05011041810913 7.40242258778478 7.16224650659412 21.614779512488
70000 7.14821124442488 7.51119339139244 7.25755023065451 21.9169548664718
71000 7.26454152580526 7.63012773088453 7.37705073045287 22.2717199871427
72000 7.37369216812834 7.76092964852337 7.47204958213179 22.6066713987835
73000 7.48455938365194 7.8795785517709 7.59475567128941 22.9588936067123
74000 7.61440412713841 8.00967225288494 7.71690889355434 23.3409852735777
75000 7.73841681484145 8.13840158601006 7.83518287078414 23.7120012716357
76000 7.83941574361494 8.24752177104129 7.95062182733864 24.0375593419949
77000 7.94886869667426 8.35816184627636 8.05963094654743 24.366661489498
78000 8.07692964818869 8.48257028217282 8.19240816183624 24.7519080921978
79000 8.18138773301069 8.59244989447946 8.29549281452828 25.0693304420184
80000 8.29303534841487 8.6968975581498 8.41730028680453 25.4072331933692
81000 8.40823251862178 8.80094308468125 8.52793791524325 25.7371135185463
82000 8.51836191129682 8.92085233651995 8.63962656127964 26.0788408090964
83000 8.63517466290867 9.02898492393992 8.74709518648894 26.4112547733375
84000 8.74367698979497 9.16378153015357 8.87483072047726 26.7822892404258
85000 8.85139067671093 9.28039738034636 8.98523112293109 27.1170191799884
86000 8.95006389081742 9.37950964133686 9.08758158170142 27.4171551138557
87000 9.06663586835735 9.5035824427928 9.18390439246147 27.7541227036116
88000 9.16689086876564 9.61063767539389 9.30492587274982 28.0824544169093
89000 9.28541659778065 9.73477917920501 9.41587075488609 28.4360665318718
90000 9.39506447664558 9.84828194818087 9.53893373365232 28.7822801584788
91000 9.51091009432474 9.96977992761374 9.640492445859 29.1211824677975
92000 9.6052243207297 10.0677002559938 9.74885920742802 29.4217837841515
93000 9.69828213155488 10.1950598789551 9.84722875539691 29.7405707659069
94000 9.80311411528304 10.3091909510855 9.95281556759504 30.0651206339636
95000 9.89933238684186 10.4421425982658 10.0607348035892 30.4022097886968
96000 10.0346661950247 10.5609797999461 10.1802054110751 30.7758514060459
97000 10.1408823288725 10.6766573834211 10.2906053375131 31.1081450498066
98000 10.2270324865293 10.7897637629341 10.3853895623503 31.4021858118136
99000 10.3318275211978 10.8918330114684 10.4948581353638 31.71851866803
100000 10.4386342278446 11.0159257100947 10.6182750247309 32.0728349626702
101000 10.5303279155134 11.1172165453231 10.7024881159167 32.3500325767532
102000 10.6483915773849 11.2421028256685 10.823545312616 32.7140397156694
103000 10.7516816396655 11.3638652034349 10.9470802184363 33.0626270615366
104000 10.8394854821218 11.4765323648972 11.0568121627294 33.3728300097484
105000 10.9501788263833 11.6057914957505 11.1768155473595 33.7327858694933
106000 11.0594730476416 11.7098673427653 11.2815507352311 34.050891125638
107000 11.1671637744694 11.822289799699 11.3942302406471 34.3836838148155
108000 11.2816260714773 11.9510721446412 11.5110584891528 34.7437567052713
109000 11.3752274628992 12.051009570333 11.6228487385825 35.0490857718147
110000 11.4635266942521 12.149760671604 11.7386066156988 35.3518939815549
111000 11.5738836855916 12.2640980539789 11.8494120981919 35.6873938377624
112000 11.6774370930515 12.3976663159013 11.9694634786292 36.0445668875821
113000 11.7776874355659 12.5035462218503 12.0924880792094 36.3737217366256
114000 11.8975578652668 12.6317229072099 12.2051011826604 36.7343819551371
115000 11.9781281638914 12.7431569733987 12.3150119970634 37.0362971343536
116000 12.0902913266976 12.8671629908513 12.4156349405417 37.3730892580906
117000 12.203024843247 12.9620553469375 12.5072130702908 37.6722932604753
118000 12.2938293886666 13.0623380650303 12.6277721488515 37.9839396025483
119000 12.4067122833992 13.1837844869036 12.742819953945 38.3333167242478
120000 12.5191214358806 13.3153084931134 12.8650374862121 38.6994674152061
121000 12.6280308948334 13.4348929500187 12.9884432085701 39.0513670534222
122000 12.7548474373797 13.5675675267547 13.132190309085 39.4546052732194
123000 12.8550959583399 13.6690982112409 13.2436329813706 39.7678271509515
124000 12.982561472775 13.7749187252141 13.349948820645 40.107429018634
125000 13.0918351685636 13.8863555279211 13.4665942765667 40.4447849730514
126000 13.2095493573509 13.9945596435671 13.5750876994142 40.7791967003322
127000 13.3023677848685 14.1085003701127 13.6965442662934 41.1074124212746
128000 13.4210454657892 14.223897343685 13.817373666198 41.4623164756722
129000 13.5111274781123 14.3261126700739 13.9241233737326 41.7613635219188
130000 13.6180041014164 14.4336626213122 14.0260707465944 42.0777374693229
131000 13.7533445499131 14.5396338124014 14.1275750372581 42.4205533995727
132000 13.841937156214 14.6688536942644 14.2292502711257 42.7400411216042
133000 13.938866956905 14.7763237620329 14.346799212278 43.0619899312159
134000 14.0563970200525 14.8963271296681 14.4522129765586 43.4049371262792
135000 14.1671889414308 15.007942048214 14.5783581247902 43.7534891144349
136000 14.2861497585047 15.1190370643708 14.707647023982 44.1128338468574
137000 14.3793917932632 15.241327961956 14.8283287397334 44.4490484949525
138000 14.4669308438197 15.3524277158285 14.9199954342619 44.7393539939101
139000 14.5957644284223 15.4719826334687 15.0263877268814 45.0941347887725
140000 14.7126182436009 15.5742135718118 15.1361896047852 45.4230214201978
141000 14.8042117750165 15.691091927412 15.2457783180687 45.7410820204973
142000 14.9149785391299 15.8021736495285 15.3485610957733 46.0657132844317
143000 15.0181653630278 15.9147608272083 15.4512926756215 46.3842188658576
144000 15.1187316458417 16.0257314503415 15.5651262986745 46.7095893948578
145000 15.2295991054935 16.1461326862347 15.6690879225538 47.0448197142821
146000 15.3281743458361 16.2658931683226 15.7785588915608 47.3726264057196
147000 15.4359442667423 16.4060970823967 15.8900468751976 47.7320882243366
148000 15.5380226021106 16.5042936468491 15.9896327058968 48.0319489548565
149000 15.6214906962684 16.6381473763567 16.1043731095227 48.3640111821479
150000 15.7521354552641 16.7331648339255 16.2317132464857 48.7170135356753
151000 15.8496781126809 16.8270505422924 16.321275148492 48.9980038034653
152000 15.952534494873 16.9360882680563 16.4205664823461 49.3091892452753
153000 16.0331378720312 17.0713521763459 16.5298695031499 49.6343595515269
154000 16.1606275972352 17.2111927208138 16.6283325710789 50.0001528891279
155000 16.2634177299912 17.3250086939717 16.7416963591602 50.330122783123
156000 16.3474414526765 17.4371680244735 16.8526663163358 50.6372757934858
157000 16.4730602852815 17.5501194466061 16.9781659827613 51.0013457146488
158000 16.5754887961333 17.6739265985763 17.0765787531809 51.3259941478906
159000 16.6688269981605 17.7874236491343 17.1972031623068 51.6534538096017
160000 16.7978767714792 17.8802908474138 17.3101190705217 51.9882866894147
161000 16.8872508481128 17.9875151870673 17.4404091329834 52.3151751681634
162000 16.9830571347919 18.110535190647 17.5305794204711 52.62417174591
163000 17.0950035159997 18.2212790543373 17.6296882436511 52.945970813988
164000 17.2100014331964 18.3272940103153 17.7452303491459 53.2825257926576
165000 17.3089968319657 18.4173147813992 17.8520513052244 53.5783629185893
166000 17.4020035363683 18.5328338479081 17.9804201990783 53.9152575833546
167000 17.5190966642342 18.6408546726606 18.095472872026 54.2554242089209
168000 17.6078529959617 18.7735616332644 18.2157643922823 54.5971790215084
169000 17.7105557771073 18.8992168327496 18.3043935548983 54.9141661647551
170000 17.7934329144401 18.9893346627362 18.3991026931532 55.1818702703294
171000 17.8950635654816 19.1090887486703 18.5071037726466 55.5112560867985
172000 18.0013541406424 19.2137119709835 18.6294323120715 55.8444984236974
173000 18.1101711885796 19.3083474073242 18.7127088795708 56.1312274754745
174000 18.2357331902348 19.432437809007 18.8183213524436 56.4864923516853
175000 18.3363445312993 19.5263991836981 18.9240705087944 56.7868142237918
176000 18.4509939834349 19.6195014565693 19.0254984053623 57.0959938453665
177000 18.5398169020788 19.7398637067107 19.1285051986029 57.4081858073924
178000 18.6503168047324 19.8542326376078 19.2340269038105 57.7385763461507
179000 18.7568969730754 19.9603251887435 19.3439817521235 58.0612039139424
180000 18.8608107582474 20.0664034558707 19.4601757642146 58.3873899783327
181000 18.9566111112228 20.1960515697696 19.5731157662436 58.725778447236
182000 19.0709901671577 20.2856190905297 19.6533956563555 59.0100049140429
183000 19.1833871111307 20.3948230194451 19.760895712396 59.3391058429719
184000 19.2826346915161 20.5121576421786 19.8811622144062 59.6759545481008
185000 19.393706166619 20.622945742543 19.9881401567767 60.0047920659387
186000 19.5098471278666 20.7293180033701 20.0717206424818 60.3108857737185
187000 19.6081684082266 20.853007686226 20.1741978311312 60.6353739255838
188000 19.7072197150865 20.9473504652816 20.2964109351516 60.9509811155198
189000 19.8368195941954 21.0535298583116 20.3885310684446 61.2788805209516
190000 19.9316449415823 21.1650992789722 20.4917508204562 61.5884950410107
191000 20.0446109216394 21.2843511175236 20.6136755225156 61.9426375616786
192000 20.1626410489456 21.3964576724182 20.757804636596 62.3169033579599
193000 20.2447572994539 21.5257163427391 20.8677946436098 62.6382682858028
194000 20.3696078367563 21.6215103504121 20.9835217525828 62.9746399397511
195000 20.4776770524894 21.7244442833352 21.078830920763 63.2809522565877
196000 20.5775450333842 21.8215484259317 21.1894974596618 63.5885909189777
197000 20.6689136876121 21.932872175428 21.3154889085438 63.917274771584
198000 20.7867995881977 22.0563180298077 21.4171254429131 64.2602430609186
199000 20.8843817039984 22.1740222453023 21.543694961763 64.6020989110636
200000 20.983293050644 22.2851375497841 21.6540176396286 64.9224482400566
201000 21.0934368694084 22.4118751051824 21.7679275823945 65.2732395569853
202000 21.199477127594 22.5005337219048 21.8839793670347 65.5839902165335
203000 21.3216514590765 22.6061550799544 22.0101688788586 65.9379754178895
204000 21.4159241500816 22.720923157464 22.0905255781469 66.2273728856926
205000 21.5536031306534 22.8488138939251 22.1860439989675 66.588461023546
206000 21.6360688870871 22.9620339762249 22.3025419086808 66.9006447719928
207000 21.7407103500541 23.0549098828374 22.4134478888108 67.2090681217023
208000 21.85834687334 23.1770477717062 22.5040816758858 67.539476320932
209000 21.9491850833002 23.2898514315544 22.6110478766098 67.8500843914644
210000 22.0429304470807 23.3888094002824 22.7306333170436 68.1623731644067
211000 22.1213707965845 23.5134156839324 22.8499443382457 68.4847308187626
212000 22.2265762568603 23.5884600841821 22.959075066348 68.7741114073904
213000 22.3351862659795 23.6966518113751 23.0653546486146 69.0971927259693
214000 22.4511917255046 23.8129639416673 23.1765423447935 69.4406980119655
215000 22.5287540143991 23.9267400740229 23.2843251371938 69.7398192256157
216000 22.6290282289126 24.0337981769639 23.4046150068237 70.0674414127002
217000 22.7436714262752 24.1435929651192 23.5007462638579 70.3880106552523
218000 22.8482846578612 24.2697979400702 23.5972350611164 70.7153176590478
219000 22.9607335896708 24.3773891405642 23.698317762858 71.036440493093
220000 23.0334863937265 24.4983877298008 23.7936939526004 71.3255680761277
221000 23.1585516779988 24.5878625176475 23.91582104532 71.6622352409663
222000 23.2728810119005 24.7027687430004 24.0192846261913 71.9949343810923
223000 23.3599880629044 24.8231655502331 24.1207193477845 72.303872960922
224000 23.4596737489722 24.9280992794009 24.2242121184597 72.6119851468328
225000 23.569665455401 25.0257577803584 24.3413200763056 72.936743312065
226000 23.6936452126408 25.1230141651837 24.4551806020924 73.2718399799169
227000 23.8099872901355 25.255851165276 24.5573251217942 73.6231635772057
228000 23.8907696163195 25.3473964012914 24.6804441794332 73.9186101970442
229000 23.9896311376919 25.4319975173525 24.7693115704108 74.1909402254552
230000 24.0855542364945 25.5256814302366 24.8835555868572 74.4947912535883
231000 24.1754176411266 25.6588830598384 24.9812253682592 74.8155260692242
232000 24.2910101663335 25.7626543526159 25.1071629590974 75.1608274780468
233000 24.3834194952002 25.8762747854598 25.2016613419388 75.4613556225988
234000 24.4772954739804 25.9841433027424 25.313449596304 75.7748883730268
235000 24.5796773748606 26.0658028044498 25.4015113214622 76.0469915007726
236000 24.6865868069728 26.2189287572822 25.522337472426 76.427853036681
237000 24.7688034833871 26.3150599836825 25.6448068304511 76.7286702975208
238000 24.898643186188 26.4361880252794 25.7307656080148 77.0655968194822
239000 25.0105816921626 26.5421322687522 25.8500681919831 77.4027821528979
240000 25.1122983622614 26.6525954969383 25.9689756268365 77.7338694860363
241000 25.2279247923137 26.7741813463585 26.0687458157916 78.0708519544638
242000 25.3033688715497 26.8753446975363 26.2004620718391 78.379175640925
243000 25.4250586096425 26.9667823179651 26.2902302467022 78.6820711743099
244000 25.5211427174728 27.0821490172207 26.4144449771901 79.0177367118835
245000 25.6072336319803 27.1688900326931 26.5265716637659 79.3026953284393
246000 25.724119147054 27.2918406278347 26.6421190609491 79.6580788358378
247000 25.8147825105149 27.3993228505112 26.7488516342129 79.962956995239
248000 25.9330519867024 27.5041599644048 26.8510354594187 80.2882474105258
249000 26.015136679141 27.6042501367553 26.9340780047118 80.553464820608
250000 26.1125653270081 27.7302914501473 27.037985813336 80.8808425904914
251000 26.225955506161 27.8748492811229 27.1558892412274 81.2566940285113
252000 26.3060703001836 27.9537307742946 27.2482451030053 81.5080461774835
253000 26.4071939448397 28.0770075759454 27.3689659384722 81.8531674592573
254000 26.5165688829978 28.1816954612345 27.4615623248904 82.1598266691226
255000 26.6078846631382 28.3168944546938 27.5768127491766 82.5015918670086
256000 26.710737040563 28.3787537451789 27.6806113215633 82.7701021073052
257000 26.8515916456379 28.5153904761376 27.7844683616867 83.1514504834622
258000 26.9627641506117 28.65974642852 27.8989078824415 83.5214184615732
259000 27.073830937485 28.7542454913211 27.9851640254265 83.8132404542326
260000 27.1902481327546 28.8688981566863 28.0868503202275 84.1459966096683
261000 27.2906388005028 28.9835199408379 28.2267061187282 84.5008648600689
262000 27.3669869962248 29.0869848737774 28.3152200064943 84.7691918764966
263000 27.4751218483092 29.223576555876 28.4277446422161 85.1264430464013
264000 27.5823543142389 29.311916449874 28.562242754769 85.4565135188819
265000 27.6929122618595 29.3999486205127 28.666189003327 85.7590498856993
266000 27.7842715407385 29.5535152789842 28.7660750586191 86.1038618783419
267000 27.8676636333474 29.6572768981565 28.8513521004515 86.3762926319554
268000 27.9532130913646 29.7720612577915 28.963420387684 86.6886947368401
269000 28.0551324341134 29.8855490848435 29.0616345296867 87.0023160486436
270000 28.1670780539411 29.996091395591 29.185902269103 87.3490717186351
271000 28.2652869348453 30.1172166039978 29.3048543624032 87.6873579012463
272000 28.3692153634646 30.1906330891366 29.4073572900478 87.967205742649
273000 28.470589223961 30.3321876660124 29.5091543986581 88.3119312886315
274000 28.5788096832882 30.4475369300856 29.6462468187682 88.672593432142
275000 28.6733017827663 30.549545419781 29.7439939576558 88.9668411602031
276000 28.7860702245408 30.673166997044 29.8732243371146 89.3324615586994
277000 28.8993935189149 30.8076188449034 29.976943824388 89.6839561882063
278000 29.0341101755735 30.9236087868742 30.0760977619369 90.0338167243846
279000 29.1624949105248 31.0206211350177 30.1769268656036 90.3600429111461
280000 29.2908053546316 31.1324375841065 30.274088878511 90.6973318172491
281000 29.3668145884139 31.2777031239035 30.4010308796506 91.045548591968
282000 29.4622671197152 31.3998005195403 30.4983234359059 91.3603910751614
283000 29.5646282795 31.4894201831141 30.6170158735159 91.67106433613
284000 29.6719730255989 31.6046515202327 30.7287835574215 92.0054081032531
285000 29.7793213084108 31.6932542317572 30.7830486312142 92.2556241713822
286000 29.852844393254 31.8076920304067 30.9246457472682 92.5851821709289
287000 29.9260416260671 31.8975467759353 31.0296842095697 92.8532726115721
288000 30.0447672553534 32.0263515267529 31.1296336270678 93.2007524091742
289000 30.1622299247291 32.1476968861115 31.2414672795941 93.5513940904347
290000 30.2500961033084 32.2517928507935 31.3624383281412 93.8643272822431
291000 30.3846817894552 32.3720408964633 31.4790480777595 94.235770763678
292000 30.4797056743365 32.4942170637427 31.5983032888485 94.5722260269278
293000 30.588324858283 32.6240795840809 31.6823486390559 94.8947530814199
294000 30.6732901794682 32.755000036819 31.788697539305 95.2169877555923
295000 30.7496807214401 32.8445605325864 31.9183803035593 95.5126215575858
296000 30.8804346990809 32.9890913784639 32.0272186997647 95.8967447773096
297000 30.9751117195041 33.0754545389528 32.1300955777236 96.1806618361805
298000 31.0521933674877 33.1765951901621 32.250277338514 96.4790658961638
299000 31.1732320968951 33.2660967709049 32.3709188511956 96.8102477189956
300000 31.2676909031063 33.3783444907996 32.4645237169836 97.1105591108895
301000 31.3654225290834 33.4791413177482 32.5912106300826 97.4357744769142
302000 31.466635046821 33.5653182662299 32.6542142300583 97.6861675431092
303000 31.5554113552554 33.6650847906429 32.7880338398101 98.0085299857083
304000 31.6378150689151 33.7654828623366 32.8856899774432 98.2889879086949
305000 31.7453549438913 33.8689694337263 32.9671777070536 98.5815020846712
306000 31.8593281181668 33.9944784133793 33.0859920090007 98.9397985405468
307000 31.9287978075324 34.1210922061111 33.1725768203613 99.2224668340048
308000 32.0551043991643 34.2385985430031 33.2582846438712 99.5519875860386
309000 32.1447793128395 34.3075645380174 33.3201334088112 99.7724772596682
310000 32.2439836576267 34.4709381720392 33.4229566354818 100.137878465148
311000 32.3130254019044 34.5805978654192 33.5225808808737 100.416204148197
312000 32.3987351834543 34.7313978761972 33.6477950082352 100.777928067887
313000 32.5078595935414 34.8343525320513 33.7421671656637 101.084379291256
314000 32.6125015114639 34.952697995508 33.8426739544293 101.407873461401
315000 32.7077604450734 35.0589393136722 33.9639072373127 101.730606996058
316000 32.8109158635519 35.1873852140989 34.0923269330795 102.09062801073
317000 32.9238146411013 35.2801969969638 34.2130191388575 102.417030776923
318000 33.0303271870047 35.3773162915691 34.2968443862979 102.704487864872
319000 33.1255693236524 35.4498739185774 34.3735303700659 102.948973612296
320000 33.2446542186604 35.5620427055728 34.4997260955449 103.306423019778
321000 33.3724479536557 35.6765542260093 34.6007626720726 103.649764851738
322000 33.4845060931679 35.795047857518 34.7314475856672 104.011001536353
323000 33.5814463479007 35.923533590381 34.8261263480331 104.331106286315
324000 33.6854002415848 36.0446104810123 34.9221002931482 104.652111015745
325000 33.8008235126441 36.1452097333842 35.0357616534668 104.981794899495
326000 33.9019465962901 36.2991395100936 35.1535487375922 105.354634843976
327000 33.9989127275692 36.4106862652109 35.2655962135682 105.675195206348
328000 34.1087056856124 36.4851628427512 35.3995079914312 105.993376519795
329000 34.2195433765729 36.5924572182308 35.5013071168847 106.313307711688
330000 34.2995483399918 36.6855817720024 35.5696479774715 106.554778089466
331000 34.3981846037955 36.7838504598676 35.6780098832442 106.860044946907
332000 34.5358450770189 36.8970457267739 35.7925827820322 107.225473585825
333000 34.6430307468896 37.0413627689017 35.8818534911723 107.566247006964
334000 34.7306227430805 37.1214318890053 36.0213369770382 107.873391609124
335000 34.8131731000142 37.2568960964623 36.1330304835581 108.203099680035
336000 34.9161375200261 37.3534541531558 36.1963379273102 108.465929600492
337000 35.0082076367231 37.4642068310759 36.311176679926 108.783591147725
338000 35.1182101917216 37.5675012989356 36.4080280934459 109.093739584103
339000 35.2206212163216 37.679439531409 36.5207383933158 109.420799141046
340000 35.3076780270317 37.7709877166214 36.6291482103573 109.70781395401
341000 35.4400256231512 37.8593569096893 36.7472406672814 110.046623200122
342000 35.5355305975459 37.9619685069699 36.8331230569599 110.330622161476
343000 35.6371002186885 38.0820074701538 36.944343795566 110.663451484408
344000 35.7482799087721 38.2051808386344 37.0641325694148 111.017593316821
345000 35.8556359866514 38.3028065119624 37.1617041943832 111.320146692997
346000 35.9650946830749 38.3812826436004 37.2717376533025 111.618114979978
347000 36.0867378471025 38.5245219456994 37.4053480833277 112.01660787613
348000 36.184966804593 38.6525586407654 37.5293797264084 112.366905171767
349000 36.2589555352461 38.7529236520471 37.6273940964755 112.639273283769
350000 36.3763194071174 38.8879654253531 37.7523377957344 113.016622628205
351000 36.4779192252947 38.9679408464557 37.8144849400363 113.260345011787
352000 36.5902416963576 39.0985819433809 37.9250712125111 113.61389485225
353000 36.6799311027584 39.2426045363949 38.0561679342824 113.978703573436
354000 36.7979484253979 39.3305774524367 38.1382944303148 114.266820308149
355000 36.8781668412426 39.4520616962819 38.2179853497267 114.548213887251
356000 36.9826063538602 39.5614193711931 38.3437336397279 114.887759364781
357000 37.0829381921013 39.673410493765 38.4424216917271 115.198770377593
358000 37.1996156821831 39.7658868994826 38.5735620532118 115.539064634877
359000 37.3033252521144 39.8459301970055 38.6573922655251 115.806647714645
360000 37.3777245314062 39.9715551177638 38.7630515504079 116.112331199578
361000 37.4561839810603 40.0724647849142 38.8389606310762 116.367609397051
362000 37.5540343665688 40.1839080238515 38.9485243824608 116.686466772881
363000 37.6337143820388 40.2955439075996 39.0294147014458 116.958672991084
364000 37.7158609006109 40.3923040319101 39.133126275619 117.24129120814
365000 37.8341314393483 40.5108126994572 39.2187828989195 117.563727037725
366000 37.924958719467 40.6173539914939 39.323528368592 117.865841079553
367000 38.0166347022458 40.71154389888 39.4615779154035 118.189756516529
368000 38.0898926751366 40.7916976450026 39.532825091331 118.41441541147
369000 38.216644849601 40.9027954733637 39.6143579690188 118.733798291984
370000 38.2660094085278 41.0356564476507 39.737161567493 119.038827423671
371000 38.3487952164763 41.1495050171224 39.8251991476526 119.323499381251
372000 38.4781453343156 41.2658861236157 39.9139467832979 119.657978241229
373000 38.5858468830584 41.3917503254131 40.0555427919211 120.033140000392
374000 38.6724233664404 41.4895941359144 40.1370268445292 120.299044346884
375000 38.8164417829918 41.6187990170929 40.2327200128275 120.667960812912
376000 38.8922979093685 41.7289072057022 40.3727544714176 120.993959586488
377000 38.9898177327948 41.8314010776965 40.4733972648742 121.294616075365
378000 39.0931367571022 41.9395748239605 40.5692198356658 121.601931416728
379000 39.1854161993507 42.057810448733 40.6484234996935 121.891650147777
380000 39.3056823972695 42.1429812218982 40.7412445947778 122.189908213945
381000 39.4009343098296 42.3168751554299 40.8924018358837 122.610211301143
382000 39.4806942960999 42.4213439244794 40.9885677875939 122.890606008173
383000 39.575374908263 42.5186864015444 41.0826077787865 123.176669088594
384000 39.6581864850706 42.6096024484317 41.1586664392825 123.426455372785
385000 39.7929924037377 42.7154839301708 41.2947715672625 123.803247901171
386000 39.8935027299067 42.8421555780265 41.4297903226757 124.165448630609
387000 40.0144510582354 42.9379292688674 41.4949108259793 124.447291153082
388000 40.1143144941613 43.0534665806029 41.6162362820224 124.784017356787
389000 40.2292880247648 43.1651750928864 41.7590612051482 125.153524322799
390000 40.3154225007018 43.2898432775093 41.8615008644886 125.4667666427
391000 40.3963516162582 43.3911977841723 41.9444122598683 125.731961660299
392000 40.4850882071972 43.50428927075 42.0610793120718 126.050456790019
393000 40.5905016467383 43.610456157205 42.1495936825931 126.350551486536
394000 40.7103555447335 43.7010469951714 42.2707384691408 126.682141009046
395000 40.7900917463831 43.8095608379259 42.374870650884 126.974523235193
396000 40.9345364634839 43.9781121253118 42.4808535579928 127.393502146788
397000 41.0204145508725 44.0735282548891 42.5988038177842 127.692746623546
398000 41.0930248956239 44.1845154863967 42.66894962884 127.946490010861
399000 41.1971754924703 44.301517003918 42.7760031896941 128.274695686082
400000 41.3254576054379 44.446103653491 42.8670884933649 128.638649752294
401000 41.4102772158077 44.5491553544088 42.9794058750382 128.938838445255
402000 41.4993176289194 44.6770586719342 43.0869089242434 129.263285225097
403000 41.6088841957615 44.7864953765806 43.1913387766022 129.586718348944
404000 41.7180443211563 44.8767491614383 43.2946954999863 129.889488982581
405000 41.8322767185187 44.9780595707241 43.4128420537736 130.223178343016
406000 41.9244656449144 45.1352187410398 43.5053838456811 130.565068231635
407000 42.0293747657556 45.2055361149243 43.5929274820321 130.827838362712
408000 42.1305171679885 45.2999778950185 43.6723925667498 131.102887629757
409000 42.2728009997539 45.4347985930049 43.8056621311237 131.513261723883
410000 42.3883555136778 45.5515423114162 43.9059619027151 131.845859727809
411000 42.4616051742906 45.6473693379941 44.032453900116 132.141428412401
412000 42.5862189015324 45.7684384246115 44.1225905314664 132.47724785761
413000 42.6841796411411 45.9076085369926 44.2209811030775 132.812769281211
414000 42.7859458149146 46.0157460476524 44.3463252305367 133.148017093104
415000 42.8889119902756 46.1149594808684 44.4229597571364 133.42683122828
416000 42.9988392936182 46.2282750335724 44.5445470898982 133.771661417089
417000 43.1110979701386 46.3469302842183 44.6307632873821 134.088791541739
418000 43.2113768773701 46.4697392416448 44.7703881719465 134.451504290961
419000 43.3444805461525 46.5842211960078 44.8565197502505 134.785221492411
420000 43.4533835473443 46.7086478959539 44.9477357035518 135.10976714685
421000 43.5464071736653 46.8001415938163 45.0483817721049 135.394930539586
422000 43.6462631707563 46.9074802487649 45.1713603282083 135.72510374773
423000 43.7614306907253 47.0466079473872 45.2753565709387 136.083395209051
424000 43.8644632637482 47.1265600947761 45.3690899282479 136.360113286772
425000 43.9646396676983 47.196657503908 45.4685876364322 136.629884808039
426000 44.043884912547 47.3059424829594 45.5867160050321 136.936543400539
427000 44.1324746019973 47.4362490480477 45.6893064915595 137.258030141604
428000 44.2213091490208 47.5359016651573 45.8098330159518 137.56704383013
429000 44.3062522524103 47.6436459102305 45.879775921213 137.829674083854
430000 44.4115613818575 47.7458017394655 45.9685500513732 138.125913172696
431000 44.5545933105063 47.8521838911213 46.0814477555728 138.4882249572
432000 44.6135519397205 47.9571981387082 46.1743057532598 138.745055831689
433000 44.7340604444603 48.0362342034959 46.2800895577702 139.050384205726
434000 44.8691805883339 48.1290966686532 46.36839680552 139.366674062507
435000 44.9327619083619 48.2324079774555 46.5135889690196 139.678758854837
436000 45.0263502198565 48.3341903049262 46.6018657709598 139.962406295742
437000 45.1452418785199 48.4607609618822 46.7055953042232 140.311598144625
438000 45.2697591033633 48.5857870611576 46.7958956128569 140.651441777378
439000 45.3613035050833 48.7019665291437 46.9015356220239 140.964805656251
440000 45.4702623553158 48.8132674258716 46.9964154552469 141.279945236434
441000 45.558585845887 48.9162427036603 47.1169823589227 141.59181090847
442000 45.6453686180191 49.0108632166928 47.1904640300473 141.846695864759
443000 45.7086345746062 49.0893430987896 47.2763044481941 142.07428212159
444000 45.8290603898916 49.1666785126441 47.4006385338364 142.396377436372
445000 45.9094217282291 49.2789381591347 47.5194716891423 142.707831576506
446000 46.0038036936663 49.4211784930523 47.6608431954985 143.085825382217
447000 46.1153706662082 49.5323710425028 47.7633773670701 143.411119075781
448000 46.2191371723705 49.6203811975168 47.8808322597174 143.720350629605
449000 46.3192866634134 49.7313506887305 47.9774192908967 144.028056643041
450000 46.4099229730894 49.8562799641601 48.1022311418937 144.368434079143
451000 46.5152361992338 49.9711240420154 48.2335702833878 144.719930524637
452000 46.6488241322831 50.0369892648398 48.3574720813213 145.043285478444
453000 46.7444999482347 50.1591138050617 48.4835740372172 145.387187790514
454000 46.9081990645069 50.2712781970394 48.5766047688876 145.756082030434
455000 46.9620380620473 50.3695930233972 48.686577712259 146.018208797704
456000 47.1028148533506 50.4913014862634 48.7666630300371 146.360779369651
457000 47.1954031252221 50.5684426930528 48.8674613019406 146.631307120215
458000 47.321739061136 50.7039960641262 48.9768292513101 147.002564376572
459000 47.3839353775628 50.8073314229114 49.0912451971675 147.282511997642
460000 47.5098282155231 50.9045328932884 49.2310450671161 147.645406175928
461000 47.5602647530069 51.0016779592386 49.3450111549736 147.906953867219
462000 47.6685218861722 51.1079134765446 49.4193721347379 148.195807497455
463000 47.7441189706305 51.1989715511502 49.5200629112922 148.463153433073
464000 47.839430188127 51.2851639836489 49.5994665237537 148.72406069553
465000 47.9599006026836 51.4143389577571 49.7263483543662 149.100587914807
466000 48.0541454212445 51.547179987588 49.8359531233699 149.437278532202
467000 48.1517223027291 51.6830540245643 49.9569868176947 149.791763144988
468000 48.2835520333558 51.7981876023449 50.0592040873574 150.140943723058
469000 48.3662275105354 51.9058695657316 50.1766113655644 150.448708441831
470000 48.4422624577473 52.015102426684 50.2717214976937 150.729086382125
471000 48.5722154947522 52.1367221704397 50.350773649625 151.059711314817
472000 48.6436768354887 52.2738701601736 50.4675739434514 151.385120939114
473000 48.7443360056199 52.4083114473433 50.5634210631932 151.716068516156
474000 48.8386958526078 52.4917645141094 50.6973066148984 152.027766981616
475000 48.9218322654039 52.5874294310833 50.7805884126041 152.289850109091
476000 49.0091223765649 52.6898034066031 50.899341813417 152.598267596585
477000 49.1173032777089 52.8050096963509 50.9906442016646 152.912957175724
478000 49.2171680056246 52.8798236728808 51.1252105313462 153.222202209852
479000 49.2850849512483 53.0017755787431 51.2434164074107 153.530276937402
480000 49.4328955658177 53.0827932708838 51.3663898246929 153.882078661394
481000 49.4839399664051 53.195148003383 51.4589356395426 154.138023609331
482000 49.5960142009434 53.2909670856043 51.5317706127663 154.418751899314
483000 49.7038479828107 53.4265264258715 51.6206718553418 154.751046264024
484000 49.7674039288983 53.5053825916615 51.6914056193871 154.964192139947
485000 49.8908663568542 53.6317232369729 51.8516823715769 155.374271965404
486000 49.9924867227031 53.7134542283755 51.9184390689356 155.624380020014
487000 50.1131757648304 53.8270491800772 52.0197485043975 155.959973449305
488000 50.2165117257547 53.9312956517303 52.1660352219623 156.313842599447
489000 50.3029237669377 54.0618354167946 52.2477285022051 156.612487685937
490000 50.4141364240301 54.1757589049461 52.3697803923481 156.959675721324
491000 50.4927189483685 54.2640055135415 52.4382535095644 157.194977971474
492000 50.5879667065317 54.3847164051168 52.573532523881 157.546215635529
493000 50.6592361041596 54.4924235848295 52.6751662555201 157.826825944509
494000 50.8019955809558 54.591941166326 52.801229372797 158.195166120079
495000 50.884266702273 54.6773052200737 52.8972399580473 158.458811880394
496000 50.9623268157294 54.7928033925173 53.0243449394371 158.779475147684
497000 51.0655890467179 54.8861857098189 53.1525222475902 159.104297004127
498000 51.1758488426542 54.9810492713755 53.2554601806144 159.412358294644
499000 51.2721689120024 55.1152670746317 53.3607986647232 159.748234651357
500000 51.4041124211261 55.2238468522513 53.422780626499 160.050739899876
501000 51.5019345770996 55.3028702016928 53.5919925325201 160.396797311313
502000 51.6042787963208 55.4001301707261 53.6959568271213 160.700365794168
503000 51.7019881170391 55.5122306443013 53.7535324013597 160.9677511627
504000 51.7984988497218 55.632715761521 53.8593653746199 161.290579985863
505000 51.8710884196097 55.747029030426 53.9276626846622 161.545780134698
506000 51.9959816986068 55.8536400507663 54.0540319768182 161.903653726191
507000 52.0971063406273 55.9569107271276 54.1783062908546 162.23232335861
508000 52.2031864191292 56.1070569137243 54.2810716304534 162.591314963307
509000 52.3162252384245 56.2411919278619 54.369772168164 162.92718933445
510000 52.4263333331774 56.3685461387102 54.4721434474182 163.267022919306
511000 52.5305905506341 56.4722174284022 54.5529919520635 163.5557999311
512000 52.6607976961469 56.5684875089139 54.6573623833984 163.886647588459
513000 52.7028799423852 56.6854409933347 54.7438972886678 164.132218224388
514000 52.8189514626543 56.7908078817284 54.8698501002361 164.479609444619
515000 52.9247552475836 56.9380267329135 54.9772990706976 164.840081051195
516000 53.0202925470043 57.0571538653271 55.0973667148796 165.174813127211
517000 53.1050281535785 57.1548210769449 55.2130422709234 165.472891501447
518000 53.2100191813397 57.2695551352448 55.3347487047529 165.814323021337
519000 53.3543738755903 57.3884962560159 55.4426588449586 166.185528976565
520000 53.4291037531199 57.4793040198017 55.5563493208315 166.464757093753
521000 53.5359847183229 57.5783056681006 55.6709978081053 166.785288194529
522000 53.6048067837482 57.6727122641138 55.78213935893 167.059658406792
523000 53.6969127579538 57.7778851297206 55.9061737028628 167.380971590537
524000 53.7612923346422 57.9110703019799 56.0318728178805 167.704235454503
525000 53.8758695389135 58.0153936859023 56.1448793826264 168.036142607442
526000 53.9585733234987 58.1131396009204 56.1945780727699 168.266290997189
527000 54.076790136074 58.2143005891824 56.2571041071264 168.548194832383
528000 54.177483910398 58.3480824285289 56.370100554084 168.895666893011
529000 54.2782274055075 58.4544751006892 56.4722566465306 169.204959152727
530000 54.3356802321235 58.5763355057188 56.5848649559927 169.496880693835
531000 54.4117209579337 58.7226238605869 56.6776685871464 169.812013405667
532000 54.5018443896259 58.7899149385781 56.7879662468701 170.079725575074
533000 54.5399789580903 58.9273754412467 56.8757420174837 170.343096416821
534000 54.682257431244 59.0361939569972 56.9335731229338 170.652024511175
535000 54.7367731709626 59.1385489099131 57.0931452051289 170.968467286005
536000 54.8451842498219 59.2320728930538 57.196464972525 171.273722115401
537000 54.9541497560922 59.3497814960993 57.2799489479294 171.583880200121
538000 55.0565845999229 59.5001065119543 57.4179488764477 171.974639988325
539000 55.1943899101403 59.6226028708404 57.5359681060907 172.352960887071
540000 55.2817027443306 59.7133816610095 57.6310470590076 172.626131464348
541000 55.3809722380313 59.836098860269 57.7628098273402 172.979880925641
542000 55.4888427112421 59.9117605221902 57.8617335286646 173.262336762097
543000 55.6114791238945 60.001315371775 58.012274991299 173.625069486968
544000 55.7041161076769 60.1220816004387 58.027683361345 173.853881069461
545000 55.794374181727 60.2403322313356 58.1591179349616 174.193824348024
546000 55.8759026179334 60.3679879690382 58.2617891889125 174.505679775884
547000 55.9709955947206 60.448706932828 58.3083816187009 174.72808414625
548000 56.084866140074 60.5590239077894 58.4570687503647 175.100958798228
549000 56.1689393608986 60.64606324527 58.5899386347913 175.40494124096
550000 56.2735482622668 60.7448266193303 58.709059364321 175.727434245918
551000 56.3578156170639 60.8862097731869 58.8204256616384 176.064451051889
552000 56.4367718853574 61.0070214139456 58.9524187613747 176.396212060678
553000 56.5479513381861 61.1057789262233 59.0509490221792 176.704679286589
554000 56.6303412640487 61.2392068258896 59.1653551452314 177.03490323517
555000 56.7599105198318 61.3452941551849 59.2826783413671 177.387883016384
556000 56.8630886816956 61.3909548494946 59.3931059845756 177.647149515766
557000 57.0012123870954 61.5533149268786 59.4705041114538 178.025031425428
558000 57.0683119195227 61.6507801822979 59.5836818513775 178.302773953198
559000 57.2044579619077 61.7554663865059 59.6924076344127 178.652331982826
560000 57.3185624412121 61.8297679795344 59.8050163849528 178.953346805699
561000 57.4385210295896 61.9752925487191 59.9327216458932 179.346535224202
562000 57.5238604510283 62.079150601241 60.0467113741903 179.64972242646
563000 57.627133378728 62.1741156302375 60.1562252950209 179.957474303986
564000 57.7523775577741 62.2989334169712 60.2574995908467 180.308810565592
565000 57.8289459071687 62.411975121824 60.3450251242347 180.585946153227
566000 57.9272271359537 62.5128752148582 60.4523045967188 180.892406947531
567000 58.0332475754061 62.607320047605 60.5407179937386 181.18128561675
568000 58.1177623837296 62.7367845609224 60.6507691636415 181.505316108294
569000 58.2188641317021 62.8427924405138 60.7845058195399 181.846162391756
570000 58.3023382279877 62.9410403454784 60.8992592947651 182.142637868231
571000 58.3932610020512 63.0735529160617 60.9644657188211 182.431279636934
572000 58.5251443451301 63.179390677038 61.0601599433487 182.764694965517
573000 58.6268608925711 63.2995889586988 61.1790247443608 183.105474595631
574000 58.7289971203133 63.4054729340039 61.2985758384192 183.433045892736
575000 58.7976352041924 63.5235111125865 61.4137079457735 183.734854262552
576000 58.9003203381681 63.6159479035018 61.498454141552 184.014722383222
577000 59.0472064535473 63.6897582684357 61.570307445063 184.307272167046
578000 59.1268058353757 63.8563614574796 61.654781427041 184.637948719896
579000 59.2033378105364 63.9406469822757 61.776040063636 184.920024856448
580000 59.2777509823471 64.0806155609039 61.8879504262113 185.246316969462
581000 59.349746178129 64.1585692411025 61.9767668128197 185.485082232051
582000 59.4926400420616 64.2489002803384 62.1037053743354 185.845245696735
583000 59.5962396735838 64.3809733713402 62.1810205553571 186.158233600281
584000 59.6983039628883 64.4882069566924 62.2581663802181 186.444677299799
585000 59.7848614586228 64.585741261066 62.3551501151368 186.725752834826
586000 59.9325243047207 64.6602161138644 62.4601444135934 187.052884832179
587000 59.9736223398041 64.7468496074876 62.5284757033417 187.248947650633
588000 60.0586465260776 64.8906153776513 62.6541034081493 187.603365311878
589000 60.1666211194075 64.9781137137299 62.7752445573996 187.919979390537
590000 60.2651406410683 65.0991579059824 62.8474626276055 188.211761174656
591000 60.3871702151622 65.2629930201408 62.9531321139367 188.60329534924
592000 60.4647324326185 65.329477612891 63.0419986740342 188.836208719544
593000 60.5583856215406 65.443986878105 63.1693880265964 189.171760526242
594000 60.6832257886607 65.5402648804858 63.278055860226 189.501546529373
595000 60.7617689602062 65.6389033019552 63.3917667709015 189.792439033063
596000 60.835811569235 65.7181644798971 63.4833888429828 190.037364892115
597000 60.9476639099798 65.8423000378397 63.5962984289062 190.386262376726
598000 61.0314539514182 65.9488243938032 63.700061188074 190.680339533295
599000 61.1230797275776 66.0567392645364 63.7913761288727 190.971195120987
600000 61.2408332046775 66.160722834411 63.8966251792034 191.298181218292
601000 61.2894261174573 66.2557405038402 64.0260577206752 191.571224341973
602000 61.4149223716371 66.3513380928568 64.1401684734347 191.906428937929
603000 61.5546103511219 66.4781932597378 64.2183790893673 192.251182700227
604000 61.6638276271761 66.5811144110158 64.3190812191746 192.564023257367
605000 61.7638171880364 66.6915605414692 64.4306652242661 192.886042953772
606000 61.8814870562115 66.7726038467089 64.4933615170747 193.147452419995
607000 61.9493810181961 66.9111785335472 64.6059479345776 193.466507486321
608000 62.0838648615859 67.0272244380446 64.7088709516053 193.819960251236
609000 62.1750335342741 67.087402365502 64.7976508830776 194.060086782854
610000 62.2806446390064 67.1752531129759 64.9363395513605 194.392237303343
611000 62.41908535962 67.3202409399118 65.0105214391178 194.74984773865
612000 62.5015006184664 67.4261553245169 65.1436947602204 195.071350703204
613000 62.5925494146859 67.5697860974392 65.2636795101281 195.426015022253
614000 62.6763580099008 67.6576224947614 65.3912275388929 195.725208043555
615000 62.8220819240582 67.7637038306991 65.4629548672808 196.048740622038
616000 62.9038430911915 67.8829513652172 65.5696548916385 196.356449348047
617000 62.9646909512506 68.0604488003767 65.6927169715812 196.717856723209
618000 63.0789758079026 68.1399080109056 65.7924584621182 197.011342280926
619000 63.1454828285839 68.2719843366792 65.9141123908575 197.331579556121
620000 63.2703264660251 68.3340258158944 66.0113594233107 197.61571170523
621000 63.350750629077 68.4372887702406 66.073383223253 197.861422622571
622000 63.4625672061557 68.5676367105911 66.1607582032705 198.190962120017
623000 63.5177588186893 68.655870162085 66.2643425438649 198.437971524639
624000 63.5976022846843 68.7635741142872 66.3741666919506 198.735343090922
625000 63.7339826608606 68.8569178114309 66.4633611531853 199.054261625477
626000 63.8393499691302 68.939491562763 66.547519336682 199.326360868575
627000 63.9671659171435 69.0426385730522 66.6381651519576 199.647969642153
628000 64.0807184476021 69.139585326989 66.7790286193384 199.99933239393
629000 64.1877124068379 69.2511871249368 66.8908577442825 200.329757276057
630000 64.2913038727482 69.4021508858488 66.9678739968229 200.66132875542
631000 64.3474500991414 69.5125226182309 67.069983882173 200.929956599545
632000 64.4616431510128 69.630070948631 67.1711825484692 201.262896648113
633000 64.557687045803 69.7289923531651 67.2981322503162 201.584811649284
634000 64.6730317463093 69.810987369428 67.4227393016443 201.906758417382
635000 64.7467588338217 69.9128621557966 67.5330322712843 202.192653260903
636000 64.8777851753437 70.0078319846788 67.6674130420021 202.553030202025
637000 64.9788299646463 70.0782097187555 67.7793130697715 202.836352753173
638000 65.0255032898265 70.1872448787987 67.8860830782886 203.098831246914
639000 65.1879646047944 70.3236309798052 67.955398909633 203.466994494233
640000 65.2757675037999 70.405934964238 68.0839384838895 203.765640951927
641000 65.3934603135824 70.5581585757977 68.23148080884 204.18309969822
642000 65.4787703707943 70.6568698041253 68.3244934913525 204.460133666272
643000 65.6019306371147 70.7839478955294 68.425421383556 204.8112999162
644000 65.703562693753 70.9263635815475 68.5464205320023 205.176346807303
645000 65.8397078256335 71.0350739083999 68.6866089360651 205.561390670099
646000 65.9270877258393 71.1442615743747 68.7583887282546 205.829738028469
647000 66.0314867394497 71.2610100019386 68.8423321772567 206.134828918645
648000 66.16581102287 71.3534860783197 68.9355134266394 206.454810527829
649000 66.2713272115003 71.4750369070222 69.0389711096853 206.785335228208
650000 66.3667664059462 71.5311688947171 69.1060753725726 207.004010673236
651000 66.4834323089522 71.6703844917346 69.2430206904024 207.396837491089
652000 66.5749153582058 71.7646035203719 69.3362134076931 207.675732286271
653000 66.7474572179044 71.8539972690251 69.4347852378491 208.036239724779
654000 66.8118898180646 71.9508054874252 69.528647351231 208.291342656721
655000 66.9086713258359 72.029806259305 69.6233806924828 208.561858277624
656000 66.9971023961677 72.1500329637007 69.7229845809316 208.8701199408
657000 67.0782796501224 72.2385012468405 69.821882509288 209.138663406251
658000 67.1972752869347 72.333180937743 69.9316906844233 209.462146909101
659000 67.2720218350834 72.4308629525084 70.0260355374667 209.728920325058
660000 67.3713288743341 72.5581308111744 70.1296879000043 210.059147585513
661000 67.477991880154 72.6421939793452 70.1945871139256 210.314772973425
662000 67.5529935366407 72.7859316191135 70.3140287962973 210.652953952052
663000 67.6250040809784 72.9107352344752 70.4259646602121 210.961703975666
664000 67.7214147976282 72.9903082729865 70.5104680023281 211.222191072943
665000 67.8485594577875 73.1132073439823 70.6133954210655 211.575162222835
666000 67.9171951222311 73.2032063533346 70.7105300618607 211.830931537426
667000 67.9988084829363 73.2714066553901 70.8016782501374 212.071893388464
668000 68.1029375095618 73.3948830503339 70.9098845359126 212.407705095808
669000 68.213763201276 73.5385651137267 71.0469343812077 212.79926269621
670000 68.3317276982423 73.6381409200871 71.1243802193401 213.09424883767
671000 68.4515777114384 73.7399973840661 71.2703474877918 213.461922583296
672000 68.5271854049384 73.8263805523748 71.3529739142001 213.706539871513
673000 68.6116508759996 73.9561048760907 71.4596434758673 214.027399227958
674000 68.7191791737301 74.0133180407564 71.523203924398 214.255701138884
675000 68.842088064611 74.1520520521011 71.6148926066502 214.609032723362
676000 68.9320041567903 74.1969798557304 71.7095512259083 214.838535238429
677000 69.0235824782003 74.3049473193642 71.840238462073 215.168768259637
678000 69.119259133569 74.4493410795588 71.9175532436931 215.486153456821
679000 69.1826243622472 74.5539976738681 72.0056587379963 215.742280774112
680000 69.2804388629761 74.6598375434624 72.1009506665602 216.041227072999
681000 69.4049214945146 74.7981379398584 72.2292030134365 216.43226244781
682000 69.4874605363096 74.8727247842656 72.3226120170822 216.682797337657
683000 69.5803507859062 74.9774989182032 72.415289281139 216.973138985248
684000 69.6883994711341 75.0766387035896 72.5568753469119 217.321913521636
685000 69.8026260267056 75.1983281553459 72.6652303011646 217.666184483216
686000 69.9028838738722 75.3340716793222 72.7933229460646 218.030278499259
687000 70.0149462735581 75.4391285926832 72.8573744588539 218.311449325095
688000 70.1267771136673 75.5532354499418 72.9365780274102 218.616590591019
689000 70.1971804969919 75.6987406739581 73.0626599778403 218.95858114879
690000 70.2845411976804 75.7919104248811 73.1709375471631 219.247389169725
691000 70.4027721277981 75.8762488380833 73.2566535932414 219.535674559123
692000 70.5365280644783 75.9732365211108 73.360589951783 219.870354537372
693000 70.6197046237738 76.0648109369095 73.4690148908462 220.15353045153
694000 70.6616587304574 76.1675232101095 73.5697998316878 220.398981772255
695000 70.8050944456197 76.3035465622147 73.6782823862161 220.786923394051
696000 70.9146490825506 76.4297425814061 73.8032617828515 221.147653446808
697000 71.0229885114233 76.4807271245704 73.8928932653986 221.396608901392
698000 71.1012147431362 76.6250425476479 73.9849757806043 221.711233071388
699000 71.2213806458071 76.7480955300022 74.0335098379057 222.002986013715
700000 71.3787157822983 76.8850410846172 74.1790247741632 222.442781641079
701000 71.4692735643596 76.9538915282791 74.2326164445384 222.655781537177
702000 71.5518901019754 77.0271148382188 74.3535793087134 222.932584248908
703000 71.6609261632688 77.1337693721713 74.452598840412 223.247294375852
704000 71.7710040182993 77.2698934790871 74.5518903569173 223.592787854304
705000 71.89008601454 77.3605716895308 74.6494372038291 223.9000949079
706000 72.0204625133893 77.4723114893758 74.7880207009879 224.280794703753
707000 72.129847979824 77.5781640264178 74.8786148339041 224.586626840146
708000 72.2543529510586 77.727723758825 75.0044512616313 224.986527971515
709000 72.3483546322758 77.8003762845035 75.0835809438518 225.232311860631
710000 72.4447130275291 77.910755663428 75.217485098649 225.572953789606
711000 72.4966944646922 78.0330389835922 75.3300625696362 225.859796017921
712000 72.5831861242371 78.1201812558214 75.4299825315517 226.13334991161
713000 72.6794971550932 78.2766071805663 75.4821299350848 226.438234270744
714000 72.7963491815773 78.3590070804183 75.6137742210473 226.769130483043
715000 72.9061042717497 78.4648404399055 75.7191524092756 227.090097120931
716000 72.990296089423 78.5653671618951 75.8329167137626 227.388579965081
717000 73.1336226810492 78.6989985244036 75.9579322781364 227.790553483589
718000 73.1914120890699 78.7762671865763 76.0262178019352 227.993897077581
719000 73.2586287735484 78.8675428539595 76.1738611947882 228.300032822296
720000 73.3704974444369 78.9819230825139 76.278709213282 228.631129740233
721000 73.4488136575114 79.12018766854 76.3778661963508 228.946867522402
722000 73.5710812434994 79.1788694789681 76.4908700899105 229.240820812378
723000 73.6433768539402 79.2896055479435 76.6034681326413 229.536450534525
724000 73.8184084664531 79.3897959916025 76.701626758795 229.909831216851
725000 73.8571175255865 79.4948386484304 76.7964895452857 230.148445719303
726000 73.9333165655849 79.6232588500991 76.9034566368238 230.460032052508
727000 74.050377248398 79.7288503756224 76.9961968683637 230.775424492384
728000 74.1421749110397 79.826370050463 77.0989649118421 231.067509873345
729000 74.205698053463 79.9254073608715 77.2224121285802 231.353517542915
730000 74.316773850322 80.0582700748003 77.3087083355446 231.683752260667
731000 74.4287348289836 80.1894520183195 77.4246333364778 232.042820183781
732000 74.5611204350055 80.2490631923679 77.5338277364768 232.34401136385
733000 74.672499564229 80.3570706745421 77.6694318178121 232.699002056583
734000 74.7449557498171 80.4733531939643 77.785586134419 233.0038950782
735000 74.8692960857321 80.5716100822558 77.8870477932176 233.327953961206
736000 74.9903015303656 80.6591781120411 77.9935807993043 233.643060441711
737000 75.0831164409243 80.7967903605792 78.0983702427481 233.978277044252
738000 75.1572197082598 80.950823488246 78.1866484927667 234.294691689272
739000 75.273507221699 81.0457736591392 78.3080466929341 234.627327573772
740000 75.3606629349628 81.1593668431945 78.4194562782535 234.939486056411
741000 75.4937860904935 81.2497023491556 78.488972924545 235.232461364194
742000 75.5386639559705 81.3431427571256 78.6158287898982 235.497635502994
743000 75.6624496598508 81.4219020974419 78.7253067399313 235.809658497224
744000 75.7809482612461 81.5093207174134 78.8769929952744 236.167261973934
745000 75.8274634249382 81.6243890824245 78.9545185671718 236.406371074535
746000 75.977544297587 81.7420758686864 79.0549798588479 236.774600025121
747000 76.079165892344 81.8590306883073 79.1695561929826 237.107752773634
748000 76.1641624942163 81.9856062882399 79.2633384923089 237.413107274765
749000 76.2678849894604 82.0910359757326 79.3628046337386 237.721725598932
750000 76.37067168697 82.2441044550145 79.4999337775305 238.114709919515
751000 76.464737762136 82.3424530045488 79.5945023549204 238.401693121605
752000 76.5517193535797 82.4311972179201 79.7293393619158 238.712255933416
753000 76.6312906848153 82.576902884569 79.8049185499824 239.013112119367
754000 76.6630526228898 82.6647847425091 79.9019287500061 239.229766115405
755000 76.8135994249352 82.7602150963724 80.0573626965842 239.631177217892
756000 76.9194385551579 82.8475735014538 80.1538463760363 239.920858432648
757000 77.0066796210177 82.9353585615193 80.2562713798786 240.198309562416
758000 77.0974819689154 83.0467295541138 80.3579504767457 240.502161999775
759000 77.1561615408533 83.106881468021 80.4183211340404 240.681364142915
760000 77.2598209364319 83.1788647656196 80.5482083455479 240.986894047599
761000 77.3736645802316 83.297275112124 80.6956886045604 241.366628296916
762000 77.4526678433765 83.4251933546167 80.7786196524309 241.656480850424
763000 77.6007940715701 83.5199927983717 80.8675070923986 241.98829396234
764000 77.6798212356398 83.6310132622126 80.9675800793502 242.278414577203
765000 77.7879193191634 83.7461631988654 81.0802552654481 242.614337783477
766000 77.8814144555953 83.8497877437146 81.2287228356119 242.959925034922
767000 78.0270768204745 83.9491836189925 81.3275381503433 243.30379858981
768000 78.126721860496 84.0212256370202 81.4261251827313 243.574072680247
769000 78.227718615219 84.133516027168 81.5344973811466 243.895732023534
770000 78.3362250269569 84.2395962444138 81.6186974474791 244.19451871885
771000 78.404012712049 84.3218087657737 81.7034479324536 244.429269410276
772000 78.5392102706124 84.4377688360903 81.7954042568412 244.772383363544
773000 78.5844069342755 84.5723384031135 81.9196032552547 245.076348592644
774000 78.6632696111697 84.6460484886313 82.0243464408376 245.333664540639
775000 78.8267627661564 84.7521661025992 82.0933758591493 245.672304727905
776000 78.8872768163044 84.8960237186858 82.2292766381516 246.012577173142
777000 79.0109861937403 84.9975046072737 82.3353320268231 246.343822827837
778000 79.0750574544644 85.1064602929477 82.405944442002 246.587462189414
779000 79.1625927079486 85.2499395011182 82.5099483086369 246.922480517704
780000 79.2494216056768 85.3388633619791 82.5959992196987 247.184284187355
781000 79.3602175871978 85.4405476404884 82.7234392909749 247.524204518661
782000 79.4675673128115 85.5307344871861 82.8392288941046 247.837530694102
783000 79.5328401988767 85.6076033420319 82.9087408066664 248.049184347575
784000 79.629123760065 85.7162792235117 83.0263363885554 248.371739372132
785000 79.7115431368908 85.8007403781932 83.147564473811 248.659847988895
786000 79.7902361384125 85.9340899390264 83.2633377097265 248.987663787165
787000 79.8848029691942 86.0206282260122 83.3728802383888 249.278311433595
788000 80.007408023634 86.1756527609703 83.4791554179078 249.662216202512
789000 80.059951143035 86.2799223661242 83.5772482772118 249.917121786371
790000 80.1485152470218 86.3751165867604 83.6557228813809 250.179354715163
791000 80.2853913455393 86.4951554333601 83.7733012867126 250.553848065612
792000 80.3598376099437 86.631188846587 83.8634754173025 250.854501873833
793000 80.4425985101541 86.7193131349253 83.9798223637899 251.141734008869
794000 80.5747920835591 86.7892625621512 84.0736445619519 251.437699207662
795000 80.668178255925 86.907942458508 84.1137758131066 251.68989652754
796000 80.7496778608102 87.0180171511639 84.2597062626573 252.027401274631
797000 80.8889072149395 87.1480320913256 84.3142570005013 252.351196306766
798000 80.9533965643901 87.2764624410477 84.4645358243154 252.694394829753
799000 81.0113232659956 87.3872787975163 84.5398530472745 252.938455110786
800000 81.1221176330524 87.4688523101789 84.6507937974212 253.241763740652
801000 81.2219524701656 87.5574369616845 84.7404577556072 253.519847187457
802000 81.319190576234 87.6762862237903 84.8657444864527 253.861221286477
803000 81.4515814160117 87.8057365349798 84.9894565663288 254.24677451732
804000 81.5588570740731 87.888016321819 85.0493773998508 254.496250795743
805000 81.6351905276667 87.980517017514 85.1525463265745 254.768253871755
806000 81.7710465314202 88.0930927337195 85.2956116991115 255.159750964251
807000 81.8413085835679 88.2597163950011 85.4212762341106 255.52230121268
808000 81.9092928084859 88.3334026135634 85.474302094942 255.716997516991
809000 82.0282215343008 88.4208426554614 85.6392839414017 256.088348131164
810000 82.1476414531472 88.5825517532396 85.7802250783942 256.510418284781
811000 82.2032307726505 88.6807252383685 85.9016517047831 256.785607715802
812000 82.3132482425319 88.7557283886019 86.0289153934472 257.097892024581
813000 82.4370928666709 88.8508108160189 86.1722716892358 257.460175371926
814000 82.5336979231664 88.9153257039488 86.1948938725081 257.643917499623
815000 82.6322257048674 88.9778582293528 86.2720686107076 257.882152544928
816000 82.751522921155 89.1139285281611 86.3993043289058 258.264755778222
817000 82.8409389750568 89.1940349981802 86.4979532662671 258.532927239504
818000 82.9710952506938 89.3092483693998 86.6513075944459 258.931651214539
819000 82.9954611284642 89.4374793035738 86.7329921681415 259.16593260018
820000 83.0791659558281 89.5226716168269 86.8199076922312 259.421745264886
821000 83.1837250919191 89.6076506799986 86.9114160482741 259.702791820192
822000 83.2588935636369 89.7637238955597 87.0242179013012 260.046835360498
823000 83.3444979509868 89.8126437585097 87.1250874068745 260.282229116371
824000 83.4626489033139 89.9002319909262 87.1871096845769 260.549990578817
825000 83.5861617993882 90.0229246419381 87.2784041807726 260.887490622099
826000 83.7020367205493 90.0803320902908 87.380206378768 261.162575189608
827000 83.7877073418607 90.2833219936393 87.5042074901088 261.575236825609
828000 83.9425763284872 90.3690851842637 87.6195219142002 261.931183426951
829000 84.0040571791735 90.4863763855744 87.7464146977016 262.236848262449
830000 84.0909979907581 90.6050113045287 87.7995332654045 262.495542560691
831000 84.1094366235367 90.7320877892033 87.9327566073048 262.774281020045
832000 84.1727828357873 90.8622849923467 88.0027866149609 263.037854443095
833000 84.3091969580257 91.0113831810098 88.115068307739 263.435648446775
834000 84.3928437443434 91.1265664616854 88.2272106454342 263.746620851463
835000 84.4560506540984 91.2571981008989 88.2939823798547 264.007231134852
836000 84.5732260361214 91.3638781388321 88.4093212505296 264.346425425483
837000 84.6837051769304 91.503952905922 88.5454650442928 264.733123127145
838000 84.7784010826479 91.6311570409484 88.6152007911717 265.024758914768
839000 84.9140293332147 91.7848827885482 88.7298924465251 265.428804568288
840000 84.979828210374 91.8918615345291 88.8312098582571 265.70289960316
841000 85.0871182491414 91.9675018212883 88.8875270839752 265.942147154405
842000 85.2261543310021 92.0308507602531 88.9979142177278 266.254919308983
843000 85.2757809944468 92.1629304400495 89.1110923348864 266.549803769383
844000 85.3481135234856 92.2779195332317 89.2015212968184 266.827554353536
845000 85.4083165218937 92.37388284297 89.3332445757653 267.115443940629
846000 85.4831593285531 92.5122655240666 89.3983428231545 267.393767675774
847000 85.5432173303826 92.6402358602512 89.5132866237822 267.696739814416
848000 85.6018349975459 92.7340125933443 89.6220481958887 267.957895786779
849000 85.6998883013848 92.8355639490383 89.6936188668004 268.229071117224
850000 85.7711678474843 92.9479204830249 89.7927176275844 268.511805958094
851000 85.8608503900108 93.0211777880228 89.9082969857966 268.79032516383
852000 85.9627992539518 93.1238853865802 90.0614248309415 269.148109471473
853000 86.1039044883911 93.2420022208711 90.1248977702457 269.470804479508
854000 86.1854152837898 93.3684855778773 90.2347650850735 269.78866594674
855000 86.3083538486805 93.4768154741967 90.3252723411505 270.110441664028
856000 86.3749318995092 93.5406623071691 90.4242415560032 270.339835762682
857000 86.5044194170238 93.6722372872209 90.5027978452544 270.679454549499
858000 86.5866927889204 93.7883594817359 90.6019949655497 270.977047236206
859000 86.7187135270124 93.8793478684828 90.7411476201385 271.339209015634
860000 86.8154884104055 93.9200542962007 90.8178619291539 271.55340463576
861000 86.9293880660986 94.0188154263661 90.9173316611631 271.865535153628
862000 87.0032328848852 94.1392346259232 91.0740660401458 272.216533550954
863000 87.1674547400605 94.2234750514166 91.1394966499294 272.530426441406
864000 87.2661822192764 94.3011621623766 91.2526363134717 272.819980695125
865000 87.3420793432989 94.4377756959735 91.3296872935258 273.109542332798
866000 87.4159990550074 94.5422503138476 91.4220975141686 273.380346883024
867000 87.4905323247507 94.6599436781763 91.5706261357729 273.7211021387
868000 87.5920351758167 94.7105712445941 91.6640783204876 273.966684740898
869000 87.7330499591424 94.8439253915124 91.779578111004 274.356553461659
870000 87.8350212265293 94.9813911029912 91.9041001737292 274.72051250325
871000 87.9627478060212 95.0215708351923 92.0355388091273 275.019857450341
872000 88.0502304192725 95.150681127936 92.1400896031905 275.341001150399
873000 88.1401959716015 95.2460139484474 92.2432070600382 275.629416980087
874000 88.260801674193 95.3898438520971 92.3480393641917 275.998684890482
875000 88.3774128109508 95.5160203804386 92.46507137807 276.358504569459
876000 88.5097150473373 95.6230239322708 92.5416189026717 276.67435788228
877000 88.5676020969259 95.7099754953059 92.6025177520615 276.880095344293
878000 88.6601840075757 95.8293909384872 92.6865364270659 277.176111373129
879000 88.7817012926532 95.9585340131955 92.7938583122725 277.534093618121
880000 88.8870152714203 96.0835948428458 92.8872556159937 277.85786573026
881000 89.0084047022928 96.2187431903682 93.0051137582558 278.232261650917
882000 89.1274821519363 96.2966834531255 93.0957788920917 278.519944497154
883000 89.2319137729854 96.4109009343396 93.2196301112947 278.86244481862
884000 89.3180781188219 96.4731167084795 93.342313375847 279.133508203148
885000 89.427055678038 96.5781994100665 93.4477326131519 279.452987701256
886000 89.5866579430662 96.6613303545227 93.5664913465383 279.814479644127
887000 89.666290704724 96.7735176175339 93.6589238052257 280.098732127484
888000 89.7431503360256 96.9066957531541 93.7742695910131 280.424115680193
889000 89.8549916408623 96.9958416483827 93.8701105310389 280.720943820284
890000 89.9502238674801 97.148961800658 93.9557027711724 281.054888439311
891000 90.0532249983655 97.2816516685197 94.0893576127852 281.42423427967
892000 90.1529624705435 97.4018129956254 94.2049294492611 281.75970491543
893000 90.2798263212087 97.5397834542206 94.2755708172108 282.09518059264
894000 90.3810934978405 97.6549836660283 94.3644264015726 282.400503565441
895000 90.4791668302284 97.7224842456486 94.4811974201965 282.682848496074
896000 90.5743720649579 97.8335530684663 94.5374066928958 282.94533182632
897000 90.684286513651 97.9511592180623 94.6546125748227 283.290058306536
898000 90.7510772529929 98.0578168118461 94.7787383958544 283.587632460693
899000 90.7924777039742 98.1500683453657 94.8687259360566 283.811271985397
900000 90.9448126310027 98.3338474116138 94.9673459154442 284.246005958061
901000 91.0547248580427 98.4289437392443 95.0508329757913 284.534501573078
902000 91.1635968052788 98.5441587635408 95.153383609656 284.861139178476
903000 91.2333512442275 98.659351010001 95.2311903162059 285.123892570434
904000 91.3398141206029 98.7368416523811 95.2999873265711 285.376643099555
905000 91.3896161161669 98.8779208509479 95.4089250805502 285.676462047665
906000 91.509986043945 98.9551714684516 95.513908432036 285.979065944433
907000 91.614372800627 99.1025799263132 95.6593664018225 286.376319128763
908000 91.7081610136091 99.2107802923769 95.7302910778853 286.649232383871
909000 91.7924694114437 99.3041288695905 95.7930105694249 286.889608850459
910000 91.8945981964949 99.3933186430307 95.8858184398011 287.173735279327
911000 91.9774587105528 99.5133722487662 95.9890389006401 287.479869859959
912000 92.1306978619111 99.6078908033084 96.1269641344684 287.865552799688
913000 92.1956657596812 99.7055216881604 96.2176507994475 288.118838247289
914000 92.2485851428581 99.8296527713908 96.310692312209 288.388930226458
915000 92.3138046642338 99.9105297733674 96.4023980178579 288.626732455459
916000 92.4521107602463 100.060930490551 96.5435248146969 289.056566065494
917000 92.5383593016672 100.172763992164 96.6137650443956 289.324888338227
918000 92.6315118486866 100.303495621035 96.7356479179273 289.670655387648
919000 92.7737728244153 100.417198120974 96.8282750415382 290.019245986928
920000 92.8592686988524 100.546269722376 96.9442174362933 290.349755857522
921000 92.98383800793 100.675272695425 97.0488348814763 290.707945584832
922000 93.0641641135117 100.738361679362 97.1601476853098 290.962673478184
923000 93.165734289057 100.855085269778 97.220914490754 291.241734049589
924000 93.2387393675336 100.947399322896 97.3372345755859 291.523373266016
925000 93.3442706237817 101.039643805795 97.4468501599431 291.83076458952
926000 93.4203954994206 101.188227313079 97.5306027551554 292.139225567655
927000 93.5395895039236 101.353651092798 97.6260218364377 292.519262433159
928000 93.6405226350495 101.481731286399 97.7414949751518 292.8637488966
929000 93.7653397615749 101.58736632263 97.850425382692 293.203131466897
930000 93.9180583184805 101.726590322251 97.9089437474874 293.553592388219
931000 93.9665088282288 101.792458531721 98.0769606346783 293.835927994628
932000 94.0904151316174 101.883107253941 98.2018759761511 294.175398361709
933000 94.1998971185585 102.045487559965 98.3039580743813 294.549342752905
934000 94.2578245062235 102.20081164814 98.3620115779612 294.820647732325
935000 94.377582583072 102.300020266342 98.5090971627962 295.18670001221
936000 94.4443614182639 102.385477096129 98.6132971578804 295.443135672273
937000 94.5502594138598 102.500819701955 98.7743771932059 295.825456309021
938000 94.6434232528093 102.639329185413 98.8398662687972 296.12261870702
939000 94.7911104697669 102.711227209911 98.9584730357486 296.460810715426
940000 94.8774520549536 102.782836791974 98.993117673673 296.6534065206
941000 94.9744308666963 102.898206748144 99.1350321341197 297.00766974896
942000 95.061169819224 103.051682749323 99.2396796293506 297.352532197897
943000 95.1657145651654 103.179537913233 99.2954776394189 297.640730117817
944000 95.2408487855825 103.211605914843 99.4197121830383 297.872166883464
945000 95.3710033315182 103.338324566017 99.5338148777009 298.243142775236
946000 95.462695550159 103.451346304436 99.5730061643629 298.487048018958
947000 95.5273891596563 103.544748148167 99.6725890416494 298.744726349473
948000 95.6196473977812 103.613091219742 99.8091755760251 299.041914193548
949000 95.7343913541702 103.707645382099 99.8979092673291 299.339946003598
950000 95.8504171085656 103.83310571998 100.007617646833 299.691140475378
951000 95.9797945699901 103.969731244151 100.070379586964 300.019905401106
952000 96.0596801356259 104.016455680864 100.177678895427 300.253814711917
953000 96.1274313580653 104.131314735736 100.269931693489 300.528677787291
954000 96.2429979932173 104.321520541223 100.371261418572 300.935779953012
955000 96.3153552805038 104.390142824855 100.476531377313 301.182029482672
956000 96.4446052563374 104.504297911201 100.591633825343 301.540536992882
957000 96.5832607465998 104.61900904854 100.660559360227 301.862829155367
958000 96.6637449738358 104.683795648073 100.737848668706 302.085389290615
959000 96.7454794450895 104.808628901055 100.841601685707 302.395710031851
960000 96.8939100532756 104.928171160883 100.886849603655 302.708930817814
961000 96.9903504693079 105.005276956916 100.961794838006 302.95742226423
962000 97.0996196554724 105.133491899464 101.129469137998 303.362580692934
963000 97.1621129905938 105.178145073426 101.213025410412 303.553283474432
964000 97.2983791900356 105.3008911615 101.278058568341 303.877328919877
965000 97.3835658764469 105.439419215751 101.348688593351 304.171673685549
966000 97.4639581994331 105.595847718496 101.4846494248 304.544455342729
967000 97.5618018073478 105.698137622802 101.640648968124 304.900588398274
968000 97.673410880406 105.815285004207 101.688441011832 305.177136896445
969000 97.7846329692755 105.931982459563 101.744203951839 305.460819380677
970000 97.8627949925319 106.028298960043 101.913422068998 305.804516021572
971000 97.9985833568899 106.137176584167 101.98812500666 306.123884947717
972000 98.0936553204441 106.268260358995 102.115838478176 306.477754157616
973000 98.1797925817597 106.352315091092 102.250890433014 306.782998105866
974000 98.2377931262812 106.519695557759 102.402721432263 307.160210116304
975000 98.3259836258241 106.647997076048 102.465140820245 307.439121522117
976000 98.4936263318582 106.746347800003 102.586451289464 307.826425421325
977000 98.6167177379016 106.772761548874 102.688388546167 308.077867832943
978000 98.7405617138107 106.911329992565 102.78679614816 308.438687854536
979000 98.8809088959102 107.056405352824 102.931531297893 308.868845546628
980000 98.9634851413437 107.129236990417 102.991875660885 309.084597792646
981000 99.0576744520041 107.202136861329 103.095768503044 309.355579816377
982000 99.196234477876 107.346297327695 103.207640950595 309.750172756166
983000 99.3062134662134 107.421993734916 103.336131976551 310.06433917768
984000 99.426119626949 107.5441620505 103.39258564344 310.362867320889
985000 99.522031284363 107.64294252207 103.497077561054 310.662051367487
986000 99.5830480352479 107.76199330337 103.636888775158 310.981930113776
987000 99.6687148088692 107.864515806141 103.734388979293 311.267619594303
988000 99.773574348443 107.972402568321 103.864181946198 311.610158862962
989000 99.8698101619097 108.073679165895 103.985690048216 311.929179376021
990000 99.9430163485642 108.15781208498 104.090949004498 312.191777438043
991000 100.104665312674 108.30424851864 104.229165737111 312.638079568424
992000 100.150633731883 108.417052668051 104.305329455735 312.873015855669
993000 100.275650422166 108.530583113195 104.395718319135 313.201951854495
994000 100.396211425569 108.619748969305 104.517215805673 313.533176200547
995000 100.485352275986 108.72401340478 104.62421300553 313.833578686296
996000 100.546298279492 108.841301717154 104.762573218073 314.150173214719
997000 100.662106772768 108.933963054314 104.86683252522 314.462902352301
998000 100.760749959408 109.055184917101 105.009359299682 314.825294176191
999000 100.877339708261 109.154518281086 105.106687732555 315.138545721902
1000000 100.934846833721 109.241176993213 105.250488238123 315.426512065056
1001000 101.040643930736 109.304619894316 105.310564889381 315.655828714432
1002000 101.118829862317 109.432787405002 105.491144871732 316.042762139052
1003000 101.199517430648 109.508080382941 105.589215381616 316.296813195206
1004000 101.285571977162 109.613741294404 105.670932136442 316.570245408008
1005000 101.427050890845 109.737726145033 105.785363455694 316.950140491573
1006000 101.544304163301 109.864493939136 105.880461848459 317.289259950896
1007000 101.600064548675 109.958378609253 105.934551249048 317.492994406976
1008000 101.711974973704 110.087112183116 106.057748912897 317.856836069718
1009000 101.785365553689 110.220856634632 106.182537189589 318.18875937791
1010000 101.919495562499 110.303657696504 106.263723131988 318.486876390991
1011000 102.041388272415 110.467827485517 106.372081892271 318.881297650202
1012000 102.177952967153 110.54827726811 106.538913497814 319.265143733077
1013000 102.244299637103 110.603187728244 106.650284947887 319.497772313234
1014000 102.389114533733 110.688144919062 106.759714859959 319.836974312754
1015000 102.47872120907 110.840527069735 106.858832849896 320.1780811287
1016000 102.609132282972 110.928112892231 106.96627521047 320.503520385673
1017000 102.708115479442 111.085865923623 107.074133030244 320.868114433309
1018000 102.803067579626 111.208875051826 107.148387247626 321.160329879078
1019000 102.935263698463 111.346948314972 107.19996812362 321.482180137055
1020000 103.062607580806 111.466117758042 107.356043063022 321.88476840187
1021000 103.109131270525 111.558392618601 107.423776086009 322.091299975135
1022000 103.210841879862 111.668330343517 107.551775078577 322.430947301955
1023000 103.347884506904 111.764659597333 107.679589135688 322.792133239925
1024000 103.461753340568 111.85865714325 107.76536706305 323.085777546868
1025000 103.525552066259 112.000806065133 107.885911719045 323.412269850437
1026000 103.66326415561 112.161736489718 107.954072919307 323.779073564635
1027000 103.727295248585 112.232649773536 108.047561015684 324.007506037805
1028000 103.812789052037 112.34897007066 108.149302858097 324.311061980795
1029000 103.928685417854 112.430208577441 108.181938517932 324.540832513227
1030000 104.073418936804 112.507205027929 108.284608103595 324.865232068329
1031000 104.139256856387 112.617877139489 108.355593590168 325.112727586044
1032000 104.241988973085 112.69984425742 108.470180018119 325.412013248624
1033000 104.358205959783 112.747689637356 108.606210783942 325.712106381082
1034000 104.489508307396 112.820823243282 108.728897646181 326.03922919686
1035000 104.565401666458 112.991703224355 108.821870354438 326.378975245251
1036000 104.645618521716 113.124867386922 108.898206435037 326.668692343674
1037000 104.788020288523 113.225629551024 108.995792895271 327.009442734817
1038000 104.866660986664 113.34095597385 109.106346040013 327.313963000527
1039000 104.99651770554 113.423475542485 109.214684580584 327.634677828609
1040000 105.090792490881 113.555005102295 109.290840568971 327.936638162147
1041000 105.21306908106 113.686527228366 109.410269527005 328.309865836431
1042000 105.304092837357 113.799703689452 109.461304919723 328.565101446532
1043000 105.422965745508 113.858098440194 109.589779843091 328.870844028792
1044000 105.48346947493 114.007879234981 109.686329120688 329.177677830599
1045000 105.677980341499 114.073471633651 109.813201921139 329.564653896289
1046000 105.736709429679 114.194597292611 109.882979702365 329.814286424655
1047000 105.865978366646 114.320444092269 110.018299654691 330.204722113605
1048000 105.937479106428 114.429703557626 110.090083287885 330.457265951939
1049000 106.014067538936 114.502080926225 110.178204264791 330.694352729951
1050000 106.090604136307 114.545669570151 110.245075507453 330.881349213911
1051000 106.173037561401 114.684901177005 110.340812240095 331.198750978501
1052000 106.312152627999 114.781845460506 110.452482619867 331.546480708372
1053000 106.410536863991 114.870649162367 110.549856648171 331.831042674529
1054000 106.495651638461 114.934648891032 110.64036264708 332.070663176573
1055000 106.63743946878 114.993376608066 110.732142080946 332.362958157792
1056000 106.699890683738 115.070208934579 110.797713883145 332.567813501462
1057000 106.806576184391 115.187593152594 110.912236311572 332.906405648557
1058000 106.880308264777 115.274637302145 111.049447482119 333.20439304904
1059000 106.994962004161 115.421655324418 111.122771777528 333.539389106107
1060000 107.067154233942 115.511092233603 111.193183053651 333.771429521196
1061000 107.188106954485 115.605138995692 111.242087258612 334.035333208789
1062000 107.255491435168 115.677082997004 111.413739370162 334.346313802335
1063000 107.408698405593 115.784504752946 111.514999042755 334.708202201293
1064000 107.510858851499 115.907354400523 111.643673678765 335.061886930788
1065000 107.634970981189 115.977139052037 111.759222335571 335.371332368796
1066000 107.741866119935 116.134275516073 111.867019419336 335.743161055344
1067000 107.839393752742 116.269991617741 111.913454440464 336.022839810947
1068000 107.977297704019 116.332145853885 112.039781707784 336.349225265688
1069000 108.084101756833 116.450538340802 112.182796452308 336.717436549943
1070000 108.197115671506 116.566440612962 112.271471188575 337.035027473043
1071000 108.337444671442 116.681093956881 112.386977184995 337.405515813318
1072000 108.40472811463 116.740541960442 112.452512933706 337.597783008778
1073000 108.547346422548 116.7979191433 112.572402729763 337.917668295611
1074000 108.605046027921 116.930106544497 112.684216586518 338.219369158936
1075000 108.69318127288 117.059464496209 112.743343871827 338.495989640916
1076000 108.791559753491 117.15057302679 112.843329087032 338.785461867313
1077000 108.835149910702 117.355718567596 112.988580535929 339.179449014227
1078000 108.897527049161 117.399757497697 113.100716478657 339.398001025515
1079000 108.946559049846 117.483215398256 113.226253740576 339.656028188678
1080000 109.07512817785 117.555734145 113.301083229372 339.931945552222
1081000 109.171754097622 117.663383106229 113.386316401924 340.221453605775
1082000 109.2027608998 117.797154176417 113.491028917809 340.490943994026
1083000 109.294294693637 117.891363005215 113.610703946916 340.796361645767
1084000 109.374700178445 118.001814566283 113.705245394979 341.081760139707
1085000 109.527592158388 118.096276610532 113.808905646929 341.43277441585
1086000 109.591751602976 118.195148276622 113.901271447595 341.688171327193
1087000 109.730674472334 118.295206499687 113.969260673636 341.995141645657
1088000 109.79686215357 118.360913586536 114.081007471447 342.238783211554
1089000 109.894189800518 118.487052455797 114.204534456213 342.585776712528
1090000 109.993814634822 118.584869142198 114.302557520811 342.881241297831
1091000 110.092166483255 118.66776193153 114.365058574871 343.124986989656
1092000 110.184041755545 118.803804640642 114.443853803049 343.431700199236
1093000 110.26657926331 118.91553735497 114.580452099426 343.762568717706
1094000 110.387698727909 119.00602452142 114.694013278424 344.087736527753
1095000 110.487190871016 119.168252306793 114.800151500136 344.455594677945
1096000 110.589664897144 119.229167102905 114.915837925458 344.734669925506
1097000 110.655089637439 119.316829830097 115.028398885421 345.000318352957
1098000 110.770660092022 119.370053528871 115.192869934597 345.33358355549
1099000 110.85324363618 119.503012813455 115.203081936221 345.559338385857
1100000 110.976830036789 119.567272411575 115.343730068729 345.887832517093
1101000 111.05571677846 119.68299720615 115.467134898763 346.205848883373
1102000 111.190267912416 119.776160206295 115.563715214537 346.530143333248
1103000 111.314611242568 119.913752693787 115.626173691121 346.854537627476
1104000 111.392531248792 120.015342318959 115.692456063482 347.100329631233
1105000 111.459058174366 120.191525344107 115.835622140562 347.486205659035
1106000 111.58674081853 120.295304438329 115.881781495699 347.763826752558
1107000 111.702392196709 120.386015782074 115.984493857168 348.072901835951
1108000 111.816083612252 120.459048813502 116.129582203902 348.404714629656
1109000 111.93527795795 120.610735491821 116.204351542413 348.750364992184
1110000 112.041815059241 120.714313953214 116.305613029955 349.061742042409
1111000 112.158746578858 120.84888560907 116.413030518608 349.420662706536
1112000 112.239978616783 120.900304550823 116.51739232546 349.657675493065
1113000 112.329608804753 121.024790303785 116.5842544126 349.938653521139
1114000 112.363418091746 121.122186252623 116.63961566023 350.125220004599
1115000 112.499794227511 121.189520843043 116.754073431071 350.443388501626
1116000 112.584310289503 121.299707937433 116.859591545676 350.743609772613
1117000 112.709187563731 121.379940929861 116.952484242628 351.041612736221
1118000 112.806433299266 121.480178507402 117.051464518424 351.338076325092
1119000 112.88899300184 121.58592049404 117.195797991377 351.670711487258
1120000 112.982637563729 121.646724978858 117.28303910022 351.912401642807
1121000 113.079136654479 121.763794110342 117.375629384611 352.218560149433
1122000 113.217864865497 121.86076471316 117.513799117034 352.592428695692
1123000 113.28703554735 121.951239246104 117.638567653495 352.876842446949
1124000 113.390777191068 122.034347641996 117.7072085405 353.132333373563
1125000 113.519633216184 122.144261028722 117.906680443652 353.570574688558
1126000 113.632558470225 122.256144273146 118.019586762882 353.908289506253
1127000 113.710055388191 122.282750930615 118.117486652372 354.110292971178
1128000 113.791368442098 122.448186853375 118.256728793903 354.496284089377
1129000 113.866728194017 122.573043737031 118.36068477003 354.800456701078
1130000 114.003342988736 122.672750813199 118.412769069303 355.088862871238
1131000 114.09932112736 122.878384394079 118.470636622688 355.448342144127
1132000 114.202115655519 122.94137088777 118.609560029161 355.75304657245
1133000 114.302976957505 123.073245940987 118.640242267704 356.016465166195
1134000 114.434132212031 123.208577434255 118.749523336154 356.39223298244
1135000 114.513230053321 123.246132553209 118.948318668889 356.707681275419
1136000 114.648865753577 123.396505302024 119.044250966822 357.089622022423
1137000 114.723102673492 123.519902430966 119.157617978083 357.40062308254
1138000 114.857232858632 123.675717841624 119.219408641436 357.752359341692
1139000 114.932737638113 123.748141045086 119.318783930834 357.999662614033
1140000 115.025880426295 123.813573204351 119.384922832919 358.224376463565
1141000 115.109353301442 123.93173242531 119.58406585311 358.625151579861
1142000 115.218915324524 124.006433612573 119.693100679698 358.918449616795
1143000 115.310094462265 124.103680311388 119.768336360274 359.182111133927
1144000 115.393622636799 124.251699221141 119.873828102507 359.519149960448
1145000 115.479126073785 124.340015069238 119.980585875136 359.799727018159
1146000 115.602225426744 124.507641709449 120.101241018628 360.211108154821
1147000 115.704661795112 124.613336766276 120.169454769274 360.487453330662
1148000 115.797316646028 124.710375571137 120.280696898012 360.788389115177
1149000 115.948007057731 124.777086619261 120.443209387932 361.168303064924
1150000 116.00006071773 124.874918849672 120.472787776361 361.347767343762
1151000 116.063327262822 124.977178318326 120.559045929404 361.599551510552
1152000 116.183124772679 125.073179580989 120.644485283136 361.900789636805
1153000 116.277080925085 125.15416526564 120.773192927203 362.204439117928
1154000 116.369004043064 125.261441077641 120.900263032783 362.530708153488
1155000 116.473482324773 125.333451249691 121.013499090007 362.820432664471
1156000 116.523018745909 125.496867854125 121.073765773883 363.093652373916
1157000 116.666960505169 125.637151299685 121.173506546849 363.477618351703
1158000 116.751211728341 125.749191234026 121.315961508954 363.816364471322
1159000 116.853342232229 125.854238089331 121.429756601215 364.137336922775
1160000 116.907807922328 125.9418095841 121.545608035455 364.395225541883
1161000 117.054316110124 126.087974503583 121.607110862199 364.749401475906
1162000 117.118914480942 126.185953577271 121.719256605202 365.024124663415
1163000 117.233448229678 126.29428568992 121.810743439281 365.338477358879
1164000 117.375448852122 126.393943892887 121.964250200024 365.733642945033
1165000 117.435736698455 126.519647212477 122.058902998085 366.014286909017
1166000 117.583889439801 126.579626729459 122.156078935488 366.319595104749
1167000 117.666640337436 126.70564730925 122.193214472571 366.565502119257
1168000 117.803788122202 126.781745563794 122.31060099062 366.896134676616
1169000 117.822928977414 126.905160011582 122.417059126775 367.145148115771
1170000 117.97173724093 126.958216696701 122.429714031772 367.359667969403
1171000 118.033593991054 127.092307696182 122.576295013794 367.702196701029
1172000 118.092934847678 127.221177855457 122.715054626766 368.0291673299
1173000 118.140301594391 127.326083640902 122.844818048576 368.31120328387
1174000 118.30550596777 127.433423721118 122.885285343893 368.624215032781
1175000 118.385333000783 127.500905897677 122.977517436574 368.863756335033
1176000 118.485431554948 127.656488974623 123.065178828405 369.207099357976
1177000 118.622819856508 127.763292069022 123.152030512729 369.538142438258
1178000 118.765216981607 127.873534352583 123.286812621708 369.925563955898
1179000 118.83799976611 127.97831538565 123.36863938057 370.184954532331
1180000 118.949198034051 128.049692682246 123.414358079591 370.413248795888
1181000 119.030015688518 128.155895932165 123.539986908274 370.725898528957
1182000 119.1321982079 128.290630699387 123.698573500605 371.121402407892
1183000 119.181385350097 128.385961124076 123.789020741346 371.356367215518
1184000 119.276546559137 128.478249776395 123.897700811522 371.652497147054
1185000 119.394368270999 128.601234020818 124.021252926794 372.016855218611
1186000 119.470961780098 128.683777083942 124.201459486004 372.356198350044
1187000 119.582079764234 128.86280750996 124.292107131774 372.736994405968
1188000 119.673816924908 128.996763464178 124.39858059261 373.069160981696
1189000 119.753336431008 129.018924294674 124.445208735194 373.217469460876
1190000 119.85970847389 129.160352969964 124.519223781832 373.539285225686
1191000 119.934560722354 129.27158176521 124.643275706747 373.849418194312
1192000 120.016918731215 129.407539133773 124.726396094445 374.150853959433
1193000 120.116583861927 129.553197066001 124.760173309678 374.429954237606
1194000 120.216568859477 129.623569010422 124.904387860114 374.744525730012
1195000 120.27892613376 129.753940400945 125.011257224203 375.044123758908
1196000 120.367505248306 129.834842075333 125.092780792225 375.295128115864
1197000 120.51347572063 129.884453351771 125.213385634357 375.611314706758
1198000 120.60469803576 129.988738907324 125.322336765408 375.915773708493
1199000 120.63281779812 130.130562918323 125.38731963303 376.150700349473
1200000 120.692894167744 130.183544419309 125.497196534751 376.373635121804
1201000 120.76814954069 130.324585840876 125.626406830893 376.719142212459
1202000 120.838882247788 130.458753049837 125.740865939326 377.038501236951
1203000 120.993619646384 130.527433294807 125.84587968293 377.36693262412
1204000 121.044176525786 130.679584209697 125.900329969972 377.624090705455
1205000 121.130267135444 130.761283315126 126.010673484285 377.902223934855
1206000 121.2475833485 130.863969128151 126.101789348344 378.213341824995
1207000 121.314814064508 130.933104562906 126.14225671573 378.390175343144
1208000 121.423275769915 131.094281755523 126.239626119677 378.757183645114
1209000 121.510458198811 131.175192472284 126.307860571572 378.993511242667
1210000 121.626772912811 131.272951381595 126.420535430593 379.320259725
1211000 121.730762124667 131.390556254958 126.503201001154 379.624519380779
1212000 121.863099438929 131.502393805483 126.529734336017 379.89522758043
1213000 121.97745261072 131.593466067838 126.639855378861 380.210774057418
1214000 122.057862224901 131.673241238198 126.717035781398 380.448139244497
1215000 122.139327633892 131.818460456509 126.842833555547 380.800621645947
1216000 122.235824012023 131.925171745634 126.953378962725 381.114374720382
1217000 122.381044255925 132.037907213561 127.098851559622 381.517803029108
1218000 122.461093912821 132.195679255894 127.19816492378 381.854938092494
1219000 122.554574030668 132.308902917397 127.294890654108 382.158367602173
1220000 122.597679667173 132.402793708737 127.430799995361 382.43127337127
1221000 122.769949361858 132.488428183819 127.514086843318 382.772464388996
1222000 122.849070592525 132.547952601582 127.61650084556 383.013524039666
1223000 122.979712867919 132.638833035425 127.731899652467 383.350445555811
1224000 123.045402756692 132.699601541236 127.768277257969 383.513281555898
1225000 123.163413529348 132.894301525319 127.910030681556 383.967745736223
1226000 123.275152807155 132.910934001646 128.077000339883 384.263087148684
1227000 123.369794650194 133.018421666739 128.190205275942 384.578421592875
1228000 123.432353143498 133.146256545901 128.269606991121 384.84821668052
1229000 123.550843460131 133.204395877827 128.357458500851 385.112697838809
1230000 123.670338356069 133.310466807444 128.483586381741 385.464391545254
1231000 123.74475001716 133.448579738442 128.570782744479 385.764112500082
1232000 123.897553745548 133.48732778313 128.65842598914 386.043307517817
1233000 124.037073987195 133.62547700802 128.785722113272 386.448273108486
1234000 124.158893626337 133.804888362553 128.925309704141 386.889091693032
1235000 124.230782883457 133.880110611194 128.967247148225 387.078140642876
1236000 124.287510882652 133.978033356345 129.087713978218 387.353258217216
1237000 124.504675605518 134.038585855411 129.194670916774 387.737932377703
1238000 124.599579460498 134.141077373926 129.337013394386 388.07767022881
1239000 124.6652007908 134.217553198653 129.414158884452 388.296912873905
1240000 124.758513982806 134.387935566163 129.540105463379 388.686555012348
1241000 124.8744701126 134.437125009409 129.640909960649 388.952505082658
1242000 124.962532955997 134.621522150643 129.756384691229 389.34043979787
1243000 125.002992481716 134.686917125321 129.870797902744 389.560707509781
1244000 125.155411590158 134.857432505462 129.896105076866 389.908949172486
1245000 125.262055512063 134.9627833558 130.012063442978 390.236902310841
1246000 125.397444858449 135.058712829973 130.128901499086 390.585059187508
1247000 125.451981153252 135.183979889403 130.224327158629 390.860288201284
1248000 125.583077476565 135.244543042592 130.361032469538 391.188652988695
1249000 125.67975309477 135.365582569226 130.458425508619 391.503761172615
1250000 125.747037457361 135.429161469597 130.569675880283 391.745874807241
1251000 125.87672253772 135.537525977425 130.692869320511 392.107117835656
1252000 125.987808420358 135.613162117462 130.78285282383 392.38382336165
1253000 126.06705604603 135.694247483249 130.883134280961 392.64443781024
1254000 126.153679693087 135.869024350161 130.983960172505 393.006664215753
1255000 126.273549476997 135.954390443479 131.116046259695 393.343986180171
1256000 126.395082546888 136.067114923122 131.230796162729 393.692993632738
1257000 126.507619765093 136.208714906592 131.366622030306 394.082956701991
1258000 126.650720778333 136.289768461982 131.486277621591 394.426766861907
1259000 126.707402510926 136.399730169005 131.538749465216 394.645882145147
1260000 126.743465951196 136.540908258769 131.632331779814 394.916705989779
1261000 126.886735208954 136.581759579599 131.703756228077 395.172251016629
1262000 126.979131311419 136.684081627886 131.79819076046 395.461403699764
1263000 127.10594567712 136.792844102587 131.933917005974 395.832706785681
1264000 127.248754941605 136.917860186435 132.043080745917 396.209695873957
1265000 127.313552654478 137.025218017947 132.191915052335 396.53068572476
1266000 127.408951192109 137.159917646579 132.356698581557 396.925567420245
1267000 127.488686820591 137.246732057625 132.445626181954 397.181045060169
1268000 127.59265514655 137.364293620156 132.511877329126 397.468826095833
1269000 127.739409276286 137.499887494371 132.641279238446 397.880576009103
1270000 127.819023618832 137.570146672446 132.730522815597 398.119693106875
1271000 127.898811520887 137.71811897371 132.845391513381 398.462322007978
1272000 128.009551332277 137.812032225022 132.89354221835 398.715125775649
1273000 128.094052167333 137.953348302844 133.010883829066 399.058284299243
1274000 128.217075398015 138.031519564668 133.115850398708 399.364445361391
1275000 128.275889625497 138.109820343752 133.261630031424 399.647340000673
1276000 128.37277916441 138.214141463567 133.369111961792 399.956032589768
1277000 128.455829752291 138.343470072119 133.491226296716 400.290526121125
1278000 128.575478918145 138.428234324689 133.627769078356 400.631482321189
1279000 128.638551251789 138.532544537809 133.776847763537 400.947943553135
1280000 128.78574547417 138.675335019758 133.858685252681 401.319765746609
1281000 128.874314725624 138.750367621381 133.956752238236 401.58143458524
1282000 128.978826272699 138.815454425232 134.077976133656 401.872256831588
1283000 129.057690652458 138.92635041499 134.145640141396 402.129681208844
1284000 129.099915492909 139.05173368745 134.30270897398 402.454358154339
1285000 129.204763782869 139.114420047612 134.409479649265 402.728663479747
1286000 129.28543178209 139.242589054204 134.574779930075 403.102800766369
1287000 129.396673357391 139.288021444165 134.631516219882 403.316211021437
1288000 129.550980659374 139.404382787979 134.751957159747 403.7073206071
1289000 129.598178853543 139.494584549239 134.85527255316 403.948035955942
1290000 129.694639310494 139.596043843196 134.951313414904 404.241996568594
1291000 129.802647823198 139.659074096856 135.081230022111 404.542951942165
1292000 129.896429301372 139.760116896572 135.175558300218 404.832104498162
1293000 129.959302529738 139.808514014094 135.287847411067 405.0556639549
1294000 130.052068820594 139.92861807593 135.369543693149 405.350230589673
1295000 130.106499554416 140.041725933885 135.476099362111 405.624324850412
1296000 130.231810204003 140.155357245825 135.594575032833 405.981742482661
1297000 130.309971006915 140.257980403686 135.712570312736 406.280521723338
1298000 130.427823927024 140.317339645741 135.834397325216 406.57956089798
1299000 130.558328114343 140.430106914425 135.913002691897 406.901437720665
1300000 130.691982579108 140.574713734359 135.959204281035 407.225900594501
1301000 130.804775589857 140.686602663487 136.038857247792 407.530235501136
1302000 130.92873118699 140.751025693532 136.157928891097 407.837685771619
1303000 131.012001897453 140.822539149494 136.274209774527 408.108750821475
1304000 131.102838630776 140.922560823528 136.364487360234 408.389886814537
1305000 131.182787560114 141.022817597354 136.503132217179 408.708737374648
1306000 131.274155778626 141.14657414529 136.550993459193 408.971723383108
1307000 131.391393585366 141.25770067089 136.655862214525 409.304956470782
1308000 131.48361764303 141.335626363532 136.78081604185 409.600060048412
1309000 131.610268951503 141.452344089795 136.891447231472 409.95406027277
1310000 131.694943229409 141.555526529306 137.008827105455 410.25929686417
1311000 131.815544991756 141.64851252258 137.103468104343 410.567525618679
1312000 131.931024832496 141.748433357094 137.244147633776 410.923605823367
1313000 132.020227273287 141.852153587949 137.342319654045 411.214700515281
1314000 132.097339055712 141.916754138449 137.393049166728 411.407142360889
1315000 132.243794276569 142.007096017746 137.500196681229 411.751086975544
1316000 132.362310923854 142.135986137875 137.624802474861 412.123099536591
1317000 132.425788407626 142.231558259848 137.750238837319 412.407585504794
1318000 132.5333873741 142.43252371742 137.881045331912 412.846956423432
1319000 132.612005914921 142.514696579148 137.986388123575 413.113090617644
1320000 132.749015624926 142.565723379987 138.056727537019 413.371466541932
1321000 132.803357299472 142.718326077934 138.13469471812 413.656378095526
1322000 132.886029196071 142.862100028695 138.23939435761 413.987523582376
1323000 132.988479722491 142.967064624734 138.318308642809 414.273852990034
1324000 133.074736980967 143.076740070399 138.468072912492 414.619549963859
1325000 133.14417256719 143.15584588901 138.555648804237 414.855667260437
1326000 133.243018022456 143.24778618242 138.67822964509 415.169033849966
1327000 133.40735887147 143.364769721796 138.765149948086 415.537278541351
1328000 133.465917150824 143.496455284579 138.921272299092 415.883644734495
1329000 133.571148800586 143.574637238323 139.020690732221 416.166476771131
1330000 133.66907483883 143.651093420188 139.136622198186 416.456790457204
1331000 133.769414023311 143.779090745256 139.271614977227 416.820119745793
1332000 133.891738658292 143.880843437356 139.345903939524 417.118486035172
1333000 134.001991635102 143.968754104781 139.389562578356 417.360308318239
1334000 134.121657558914 144.10510406482 139.516094837179 417.742856460913
1335000 134.23497009084 144.242998353975 139.656285972711 418.134254417526
1336000 134.321762335007 144.378994522588 139.682106912531 418.382863770126
1337000 134.387169829592 144.542343909396 139.76801109037 418.697524829358
1338000 134.504484318642 144.604566961853 139.882034323536 418.991085604031
1339000 134.605362129851 144.714075701791 140.006153874538 419.32559170618
1340000 134.749142994353 144.769196373178 140.093265419118 419.611604786648
1341000 134.79078283356 144.8523173029 140.171832500286 419.814932636747
1342000 134.938023275531 144.962542681886 140.28095957911 420.181525536527
1343000 135.003367884234 145.047250946058 140.422552590728 420.473171421019
1344000 135.151659762621 145.132573189427 140.479963799401 420.76419675145
1345000 135.250906078105 145.228881118355 140.640081540866 421.119868737325
1346000 135.333775812091 145.304692896036 140.71119133193 421.349660040056
1347000 135.415609794505 145.39783452563 140.851278131044 421.664722451179
1348000 135.474292708582 145.515417535428 140.948275426745 421.937985670755
1349000 135.57689164261 145.601911625965 141.030726445932 422.209529714507
1350000 135.718082467721 145.662689391067 141.117594952871 422.498366811659
1351000 135.833201006924 145.809262383527 141.231688685796 422.874152076247
1352000 135.926692100646 145.915107744065 141.330156712675 423.171956557385
1353000 136.033103184395 146.028878616359 141.422592145807 423.484573946562
1354000 136.195768274898 146.110395792977 141.57059139698 423.876755464854
1355000 136.259267990818 146.22032814709 141.644074221263 424.123670359171
1356000 136.362485245075 146.336825755424 141.730494237908 424.429805238407
1357000 136.444929784667 146.456161066759 141.813252993589 424.714343845014
1358000 136.528621234416 146.571236004957 141.903938375738 425.003795615111
1359000 136.640502849381 146.667258073701 142.019548268994 425.327309192075
1360000 136.74022019263 146.721263939476 142.173610525836 425.635094657942
1361000 136.85205284688 146.847111558899 142.228741026264 425.927905432044
1362000 136.956560460297 146.952083133533 142.284709311183 426.193352905013
1363000 137.062908971759 147.068959702719 142.439157298888 426.571025973366
1364000 137.188704984878 147.164101737291 142.536458864063 426.889265586231
1365000 137.254611201481 147.296613750862 142.630326932731 427.181551885074
1366000 137.38662507187 147.405132511247 142.808443401233 427.600200984349
1367000 137.494172524381 147.483948765722 142.907497249269 427.885618539372
1368000 137.506004825605 147.626628580397 142.961708545088 428.09434195109
1369000 137.601749049473 147.650525676069 143.076004646561 428.328279372103
1370000 137.725915439035 147.79989169588 143.23905034008 428.764857474994
1371000 137.792881936859 147.889697288184 143.308197815836 428.990777040879
1372000 137.867417652107 147.973069311568 143.433894068291 429.274381031967
1373000 137.977345117461 148.064300994084 143.583892824739 429.625538936284
1374000 138.094638249039 148.166999604217 143.649514088857 429.911151942113
1375000 138.189801855442 148.327139892112 143.75605156945 430.272993317005
1376000 138.321399077746 148.437806390165 143.870606765663 430.629812233574
1377000 138.414894175529 148.508919470522 143.99655474568 430.920368391731
1378000 138.546445594143 148.636848311728 144.111187917573 431.294481823443
1379000 138.62363673819 148.723655081059 144.106063362819 431.453355182068
1380000 138.69261485878 148.899210194365 144.225053674811 431.816878727955
1381000 138.776503416551 148.953420609384 144.296701320788 432.026625346723
1382000 138.878253261815 149.111282272665 144.451005602804 432.440541137285
1383000 138.955979206329 149.23043277795 144.553835352294 432.740247336573
1384000 139.047865105785 149.344384643039 144.646393391012 433.038643139836
1385000 139.165935740793 149.44926072152 144.728725054259 433.343921516572
1386000 139.25636918156 149.525561726706 144.848115625997 433.630046534263
1387000 139.36122927661 149.59817131663 144.934262693068 433.893663286309
1388000 139.453849274787 149.715661938032 145.039398261644 434.208909474462
1389000 139.536893993461 149.865340815181 145.187032427112 434.589267235754
1390000 139.647161859722 149.873886335778 145.276766429417 434.797814624918
1391000 139.759950098817 150.002059393421 145.365831022284 435.127840514522
1392000 139.88217204757 150.124761343108 145.424325289078 435.431258679757
1393000 139.996915704611 150.245901787324 145.5822158042 435.825033296135
1394000 140.087800954434 150.342535761359 145.701906902494 436.132243618286
1395000 140.120026302377 150.483503595529 145.744262007647 436.347791905553
1396000 140.203595319205 150.531191013676 145.938692206764 436.673478539644
1397000 140.324309249411 150.725991433057 146.00983926249 437.060139944957
1398000 140.450305850058 150.802050669496 146.108262543922 437.360619063477
1399000 140.554505747291 150.963988728572 146.181602290941 437.700096766805
1400000 140.648666984004 151.054936953145 146.32268873097 438.026292668118
1401000 140.745740835889 151.123711161558 146.458713557071 438.328165554519
1402000 140.877715093273 151.149804456261 146.535761806963 438.563281356497
1403000 140.9753952087 151.292323332618 146.641057690691 438.908776232009
1404000 141.042491820345 151.367742072401 146.72715942094 439.137393313687
1405000 141.213176918838 151.414809138297 146.813633208442 439.441619265577
1406000 141.301692971999 151.551803927868 146.910259091567 439.763755991434
1407000 141.4109818955 151.655844213321 147.040388611053 440.107214719875
1408000 141.514396652385 151.767800616036 147.107847833887 440.390045102308
1409000 141.653052813964 151.851335941793 147.225137647365 440.729526403122
1410000 141.748087109947 151.9519350309 147.351205553873 441.05122769472
1411000 141.82973662115 152.062911517772 147.38778785462 441.280435993542
1412000 141.913503039045 152.188136493939 147.473665354203 441.575304887187
1413000 141.983610321276 152.280472745098 147.560226439757 441.824309506131
1414000 142.029333379349 152.385718026554 147.636060197643 442.051111603547
1415000 142.162305670226 152.512431253762 147.739398493299 442.414135417287
1416000 142.278480187755 152.628573869067 147.840106024538 442.74716008136
1417000 142.374833332409 152.740713071326 147.945262456547 443.060808860281
1418000 142.495207536068 152.84934137486 148.073676340664 443.418225251591
1419000 142.54807052206 152.950669339941 148.153495671919 443.652235533919
1420000 142.688085223714 153.049491927218 148.26388927798 444.001466428912
1421000 142.748736133911 153.107947471013 148.41633228705 444.273015891974
1422000 142.909912483695 153.2515485298 148.513767119035 444.67522813253
1423000 143.041467757681 153.331066151941 148.615718065851 444.988251975472
1424000 143.142230878569 153.463583431628 148.70616202263 445.311976332827
1425000 143.201753874837 153.537792652052 148.843574084462 445.583120611351
1426000 143.32383916401 153.681385343764 148.920355579834 445.925580087608
1427000 143.410010523901 153.807500425347 149.044662195154 446.262173144402
1428000 143.548017546633 153.877522728808 149.15512736361 446.580667639051
1429000 143.643384196895 153.988744700828 149.20680613431 446.838935032034
1430000 143.805811165044 154.095254254505 149.246972539051 447.1480379586
1431000 143.853468042279 154.155742150072 149.36567016704 447.37488035939
1432000 143.856978998913 154.296890980747 149.465944607191 447.619814586851
1433000 144.005345489834 154.397520199621 149.55849793633 447.961363625786
1434000 144.097012708102 154.485533435579 149.674750351292 448.257296494974
1435000 144.209257828349 154.565639523694 149.765341374776 448.540238726819
1436000 144.265439587176 154.709434714894 149.812396157552 448.787270459622
1437000 144.415581669287 154.815038443094 149.889164978325 449.119785090706
1438000 144.518216818695 154.91591393758 149.987112470089 449.421243226364
1439000 144.613385538482 155.062828524572 150.094058905475 449.770272968529
1440000 144.752936591905 155.169262407331 150.217924361569 450.140123360805
1441000 144.843446710459 155.291608867957 150.36275669128 450.497812269696
1442000 144.880581964468 155.407703672829 150.451538227589 450.739823864887
1443000 145.039336366796 155.488431511029 150.556626196391 451.084394074215
1444000 145.101172490155 155.583823542297 150.706968292665 451.391964325116
1445000 145.202554405184 155.628705890561 150.772333250588 451.603593546334
1446000 145.322592889658 155.766099320106 150.893365105129 451.982057314894
1447000 145.401872595793 155.87853566185 150.970535795623 452.250944053266
1448000 145.505572342418 155.940683927855 151.083487126872 452.529743397144
1449000 145.606775630578 156.003615914398 151.233606665757 452.843998210734
1450000 145.731615944568 156.091954994001 151.286880891357 453.110451829926
1451000 145.827635067287 156.196002406624 151.450452710574 453.474090184485
1452000 145.906725243039 156.33049154159 151.509800051017 453.747016835645
1453000 145.938250738883 156.513742187751 151.65842574584 454.110418672473
1454000 145.995846004919 156.637531827731 151.770220399719 454.403598232369
1455000 146.018231490935 156.770407554776 151.897292193612 454.685931239322
1456000 146.14051995092 156.881810670542 151.981738459747 455.004069081209
1457000 146.247713063818 157.027468269803 152.114116053293 455.389297386913
1458000 146.339494657192 157.055505260958 152.167310447062 455.562310365212
1459000 146.448814944082 157.179294051672 152.289765044268 455.917874040023
1460000 146.498486616377 157.336385435708 152.352723601479 456.187595653564
1461000 146.65176076478 157.442517108781 152.475521155521 456.569799029083
1462000 146.731416364514 157.554855886623 152.506760711763 456.793032962901
1463000 146.851350226462 157.623017455885 152.641608665995 457.115976348343
1464000 146.950573367907 157.685052645171 152.750961748921 457.386587761998
1465000 147.018877269702 157.797994139197 152.819286679115 457.636158088014
1466000 147.17021139342 157.882581216344 152.955950379024 458.008742988787
1467000 147.265464501034 157.971213561996 153.074370822159 458.311048885189
1468000 147.345309004822 158.027151288944 153.14917196959 458.521632263356
1469000 147.461742648944 158.10786287711 153.252912915553 458.822518441607
1470000 147.555640379582 158.237545708906 153.308844513383 459.102030601871
1471000 147.673885311963 158.390339726578 153.409906281985 459.474131320526
1472000 147.807943127761 158.41240829661 153.4641967252 459.684548149571
1473000 147.97782264009 158.544109901285 153.538831526712 460.060764068086
1474000 148.123197465186 158.672608578949 153.686167867375 460.48197391151
1475000 148.19898947121 158.723176191097 153.768494811778 460.690660474085
1476000 148.300909247563 158.800964973473 153.825491318206 460.927365539242
1477000 148.421812077493 158.993094291548 153.94771140682 461.362617775861
1478000 148.474699590565 159.103385033518 154.037423738188 461.615508362271
1479000 148.602711757661 159.167367322999 154.100986479945 461.871065560605
1480000 148.716260120627 159.282705517082 154.187094193297 462.186059831007
1481000 148.820700743088 159.422088241001 154.305343976005 462.548132960094
1482000 148.920415981141 159.53063730559 154.327840925592 462.778894212323
1483000 149.077087160109 159.622623957175 154.493439029987 463.193150147271
1484000 149.151817028204 159.677818153297 154.566928369897 463.396563551398
1485000 149.242250443326 159.820660304192 154.626984246781 463.689894994298
1486000 149.362600506652 159.948396257649 154.721007988518 464.032004752819
1487000 149.501696466254 160.0282381113 154.888306342351 464.418240919905
1488000 149.62107765478 160.083529276794 154.955831605237 464.660438536812
1489000 149.734936322115 160.206330780248 155.037669084311 464.978936186673
1490000 149.802140749819 160.269456041641 155.205442234628 465.277039026088
1491000 149.939315992485 160.38373763323 155.308303530391 465.631357156106
1492000 149.99402446816 160.484233219496 155.482674476011 465.960932163667
1493000 150.11845296643 160.595493216128 155.540168511108 466.254114693667
1494000 150.153472321537 160.717906974758 155.679159390075 466.55053868637
1495000 150.288969394583 160.861614599344 155.78162401185 466.932208005777
1496000 150.356072793278 160.966496850711 155.929294479046 467.251864123036
1497000 150.46908474264 161.044820857657 156.032492405282 467.546398005579
1498000 150.547089421906 161.192641259111 156.14152032964 467.881251010656
1499000 150.599869599818 161.304260424066 156.204380576942 468.108510600827
1500000 150.692962411094 161.412268331486 156.289294355603 468.394525098184
1501000 150.763557704633 161.494832453281 156.39252731374 468.650917471653
1502000 150.869300985247 161.603037269791 156.525536177297 468.997874432335
1503000 150.959136912827 161.746593499894 156.638985527155 469.344715939876
1504000 151.075095707397 161.906969644269 156.646360486408 469.628425838074
1505000 151.164569900636 161.965758645304 156.795215545523 469.925544091463
1506000 151.232664016132 162.158826705049 156.819672549287 470.211163270467
1507000 151.323287708765 162.247455560388 156.883489474152 470.454232743306
1508000 151.443462266823 162.379650423426 157.000597047886 470.823709738136
1509000 151.585244249897 162.491374453332 157.155197810519 471.231816513748
1510000 151.697478406596 162.582257257795 157.238886165413 471.518621829804
1511000 151.762783429044 162.617073631032 157.329422016206 471.709279076281
1512000 151.832441217321 162.749809017601 157.482636978098 472.064887213021
1513000 151.93056146135 162.875279567673 157.606414324243 472.412255353267
1514000 152.109658242292 162.975581025297 157.655840455073 472.741079722662
1515000 152.206475605556 163.066736846459 157.767956504527 473.041168956541
1516000 152.298197528272 163.153655687369 157.870311163693 473.322164379333
1517000 152.357245598563 163.236357633571 157.982287570665 473.575890802799
1518000 152.472961748583 163.390778600457 158.140102899788 474.003843248827
1519000 152.541008834701 163.482954313185 158.280085515126 474.304048663012
1520000 152.669089947349 163.59701760555 158.319458751835 474.585566304733
1521000 152.749167996589 163.600458139239 158.383736535116 474.733362670944
1522000 152.844495684148 163.66021704844 158.531349989723 475.036062722311
1523000 152.959020745605 163.796108067772 158.634518137395 475.389646950772
1524000 152.99531822658 163.876136095077 158.673842336863 475.54529665852
1525000 153.128440542004 164.060712370989 158.751743158433 475.940896071426
1526000 153.14495564818 164.185401904677 158.857871993285 476.188229546142
1527000 153.218534083349 164.251881253105 158.967572722501 476.437988058955
1528000 153.280129091485 164.374300510018 159.118765822427 476.77319542393
1529000 153.443215472896 164.505589529228 159.237512521647 477.186317523772
1530000 153.505214029038 164.633909425191 159.304027926038 477.443151380267
1531000 153.619375022304 164.730728596691 159.393646052546 477.743749671541
1532000 153.700018804389 164.84507278172 159.490344926522 478.035436512632
1533000 153.84735007933 164.96318991326 159.584431310568 478.394971303158
1534000 153.90999344435 165.118268069067 159.68974959147 478.718011104886
1535000 154.032107971978 165.172391913659 159.816548932969 479.021048818606
1536000 154.122190940475 165.321275765771 160.024795571966 479.468262278212
1537000 154.290828826164 165.407924909627 160.123489527774 479.822243263565
1538000 154.361236410416 165.45388723562 160.21569528155 480.030818927586
1539000 154.484243342386 165.637068871185 160.293945642588 480.415257856159
1540000 154.652770923023 165.636982146553 160.450300875649 480.740053945225
1541000 154.738000481769 165.712268811425 160.502637548352 480.952906841546
1542000 154.822751076109 165.76389256959 160.577127906059 481.163771551758
1543000 154.984074893466 165.886090699833 160.682436595558 481.552602188858
1544000 155.1299892672 165.966262598899 160.805097948853 481.901349814952
1545000 155.215797996553 166.076716585776 160.903045916919 482.195560499249
1546000 155.303828096795 166.226292344673 161.009344084294 482.539464525761
1547000 155.436470312555 166.336492110267 161.13727283144 482.910235254262
1548000 155.559853265043 166.434497264194 161.246450957785 483.240801487021
1549000 155.685390554968 166.542318502022 161.358630161264 483.586339218254
1550000 155.778883937404 166.666792684645 161.471668973785 483.917345595834
1551000 155.920990470168 166.674724148372 161.523942402888 484.119657021427
1552000 155.94225526347 166.845133422453 161.616409059832 484.403797745757
1553000 156.06596052102 166.896256979833 161.674408611333 484.636626112187
1554000 156.231258477393 167.008765565496 161.769212026602 485.009236069491
1555000 156.278606737901 167.136537453084 161.883411683624 485.298555874609
1556000 156.389813467459 167.259761069569 162.028864769923 485.678439306951
1557000 156.531043060508 167.291420523221 162.201169280491 486.023632864221
1558000 156.566742305433 167.362297589006 162.259473215179 486.188513109617
1559000 156.633104790384 167.459032793893 162.399085118865 486.491222703142
1560000 156.739235506232 167.594303417173 162.479984576372 486.813523499776
1561000 156.814300992879 167.653984050557 162.589337245267 487.057622288703
1562000 156.888749911274 167.792587445046 162.736498369295 487.417835725615
1563000 156.946350916548 167.886927963087 162.821700446132 487.654979325767
1564000 157.07867606334 168.059919007371 162.908917183827 488.047512254538
1565000 157.236191334295 168.168335095375 163.033267993321 488.437794422991
1566000 157.393310811905 168.244695318593 163.134077208507 488.772083339005
1567000 157.430724644655 168.347155360246 163.239341911232 489.017221916133
1568000 157.536813352222 168.473819395732 163.371833164345 489.382465912299
1569000 157.651452298447 168.618467612963 163.415212360846 489.685132272255
1570000 157.697629191029 168.704182136805 163.499251259965 489.9010625878
1571000 157.834696607091 168.917322359398 163.670162805296 490.422181771785
1572000 157.961124366483 169.00368973633 163.73139765713 490.696211759943
1573000 158.098359849998 169.056558630775 163.838658042768 490.993576523541
1574000 158.216021190443 169.205978267527 163.878750447701 491.30074990567
1575000 158.278922439571 169.316302419324 164.011374405072 491.606599263967
1576000 158.385038813742 169.398298329592 164.0715014012 491.854838544534
1577000 158.515520132383 169.491409946502 164.134230593054 492.14116067194
1578000 158.606490383547 169.579695745701 164.285592539547 492.471778668795
1579000 158.66753600695 169.666789423566 164.403995811362 492.738321241878
1580000 158.806245265752 169.710945774614 164.463659411265 492.980850451632
1581000 158.86422082242 169.843598984718 164.594726965893 493.302546773031
1582000 158.893016381063 169.907700003282 164.712377438661 493.513093823006
1583000 159.062307209273 169.962361302544 164.831783135634 493.856451647451
1584000 159.142983144094 170.040497260307 164.903216943498 494.086697347899
1585000 159.278646869929 170.220621457174 165.00818407431 494.507452401413
1586000 159.305638477249 170.304583310976 165.134584553069 494.744806341295
1587000 159.377855989418 170.409143232814 165.224604338928 495.01160356116
1588000 159.492763085566 170.582821243477 165.407544878653 495.483129207696
1589000 159.572966647958 170.69276599717 165.477719150728 495.743451795856
1590000 159.670987910732 170.827736638479 165.578420557437 496.077145106648
1591000 159.824331642272 170.909494936432 165.651875976884 496.385702555588
1592000 159.880243684482 171.060719320461 165.853040611565 496.794003616508
1593000 159.996082702747 171.130783671845 165.839197866655 496.966064241247
1594000 160.124279854794 171.215328358028 165.919362725333 497.258970938155
1595000 160.164999708817 171.328177860067 166.042275387701 497.535452956585
1596000 160.30592605137 171.463006819679 166.092094192248 497.861027063297
1597000 160.362454592458 171.602290062818 166.222785511378 498.187530166653
1598000 160.441887354694 171.657245381463 166.31898188401 498.418114620167
1599000 160.58325322464 171.695538808159 166.453050317834 498.731842350633
1600000 160.655000420435 171.881662164582 166.626003587033 499.162666172049
1601000 160.774598862669 172.009819850561 166.619100174292 499.403518887522
1602000 160.912607524472 172.117185302964 166.765414166245 499.795206993681
1603000 160.917781052648 172.208309763499 166.897805718463 500.023896534611
1604000 161.015817387091 172.304888163389 166.924194831315 500.244900381794
1605000 161.051157932355 172.373517471077 167.080052220398 500.50472762383
1606000 161.204672392774 172.46255010722 167.152940675257 500.82016317525
1607000 161.280548842288 172.615063631362 167.318349224107 501.213961697757
1608000 161.387717204423 172.714217392707 167.380658437567 501.482593034697
1609000 161.501224795616 172.87567564131 167.420291423685 501.797191860612
1610000 161.592891448162 172.930942038754 167.564405461462 502.088238948378
1611000 161.664804554655 173.048022630424 167.697724126137 502.410551311217
1612000 161.765883017102 173.105570726908 167.835486078155 502.706939822166
1613000 161.876347686435 173.280102087735 167.936982807761 503.093432581931
1614000 161.946340176741 173.37262712292 167.963214070669 503.282181370329
1615000 162.099341294041 173.455529970545 168.068673093969 503.623544358556
1616000 162.184983797036 173.587384462404 168.186515981263 503.958884240703
1617000 162.27970309691 173.710318968225 168.287421873669 504.277443938804
1618000 162.354469469442 173.784490087136 168.408736025509 504.547695582086
1619000 162.476613672189 173.925074786406 168.452414755351 504.854103213946
1620000 162.550117413285 174.039169761147 168.588930619086 505.178217793518
1621000 162.690829297138 174.134894828706 168.697756925883 505.523481051727
1622000 162.777102523271 174.303255715169 168.836259831086 505.916618069526
1623000 162.922448113733 174.378763178451 168.947742060746 506.24895335293
1624000 162.992412499817 174.465139864219 169.088707555506 506.546259919542
1625000 163.057997584118 174.618134232437 169.093431360295 506.76956317685
1626000 163.163796289192 174.750718255448 169.256559217527 507.171073762168
1627000 163.218620309457 174.857069072028 169.406779883369 507.482469264854
1628000 163.276063498871 174.950537121703 169.509022609103 507.735623229676
1629000 163.356485879382 175.030223892086 169.628138222809 508.014847994277
1630000 163.486490130049 175.167131686104 169.71120205019 508.364823866343
1631000 163.594700289579 175.231603895368 169.78343843487 508.609742619816
1632000 163.643866860664 175.300923810429 169.887993801406 508.832784472499
1633000 163.699236671712 175.443898274018 169.994362167801 509.137497113531
1634000 163.863956012711 175.476260975018 170.089106018083 509.429323005813
1635000 163.931339795975 175.64102165379 170.157716834396 509.730078284161
1636000 163.98689497389 175.699727317754 170.240999584998 509.927621876642
1637000 164.130929793875 175.838542207397 170.334301199046 510.303773200318
1638000 164.198359076196 175.905968959025 170.438536672258 510.54286470748
1639000 164.289245086951 176.061527039444 170.51349420364 510.864266330036
1640000 164.412257484542 176.157944746926 170.609093977745 511.179296209213
1641000 164.552408824512 176.205427322376 170.727116583038 511.484952729926
1642000 164.656636499301 176.379911360592 170.773379267939 511.809927127832
1643000 164.707632282236 176.489685632545 170.934561332977 512.131879247758
1644000 164.813648221006 176.592528862686 171.080501495891 512.486678579583
1645000 164.901087877971 176.714372950473 171.155464433384 512.770925261828
1646000 165.019680700104 176.768289414866 171.279466870875 513.067436985844
1647000 165.170727537831 176.820341513821 171.35621710824 513.347286159891
1648000 165.213474003335 176.955920372357 171.458579628891 513.627974004584
1649000 165.353419141493 176.992389626532 171.517996014944 513.863804782969
1650000 165.456793788551 177.130324356374 171.62193765259 514.209055797515
1651000 165.539756136541 177.189761342467 171.734637867676 514.464155346683
1652000 165.646600351955 177.421043016915 171.787981553436 514.855624922307
1653000 165.764255171347 177.508560529202 171.903934141196 515.176749841745
1654000 165.824849873084 177.628644229968 172.029868731296 515.483362834348
1655000 165.931298879036 177.750817042136 172.161386737826 515.843502658998
1656000 166.102634370619 177.793846501118 172.26409039039 516.160571262126
1657000 166.121151857814 177.937384440689 172.371002178879 516.429538477382
1658000 166.274135029864 178.005361700544 172.434189910816 516.713686641224
1659000 166.369463980208 178.091737297943 172.50648602681 516.96768730496
1660000 166.500603561918 178.245061976262 172.617566355066 517.363231893246
1661000 166.535693001336 178.328274109664 172.766510807922 517.630477918923
1662000 166.651070715779 178.426462718097 172.862179016388 517.939712450263
1663000 166.709849526038 178.49683533385 172.944770993538 518.151455853425
1664000 166.752087449326 178.720577798778 173.082424776844 518.555090024948
1665000 166.882025078423 178.840539904143 173.12612769377 518.848692676336
1666000 166.934179348186 178.898829634364 173.29356475394 519.12657373649
1667000 167.030128523286 179.055999769084 173.337205868214 519.423334160584
1668000 167.136244450994 179.191916366857 173.484105194659 519.81226601251
1669000 167.234121805348 179.316787050128 173.563706125132 520.114614980608
1670000 167.297424153505 179.427791680632 173.718134544822 520.443350378958
1671000 167.414591520032 179.521711917206 173.8045363391 520.740839776338
1672000 167.471563687661 179.624259700681 173.872455668261 520.968279056603
1673000 167.565206418564 179.719841093683 174.030658087316 521.315705599564
1674000 167.680175709992 179.838715717351 174.126627499031 521.645518926374
1675000 167.772473164604 179.95742423624 174.25122671116 521.981124112004
1676000 167.857255666148 180.015798424322 174.371372335789 522.24442642626
1677000 168.042070453726 180.17728041188 174.459644279047 522.678995144653
1678000 168.077424014356 180.265248274189 174.594657103379 522.937329391924
1679000 168.213131644944 180.354423583159 174.698158041941 523.265713270045
1680000 168.234931886924 180.443000412257 174.834503685005 523.512435984186
1681000 168.324524694002 180.54328959542 174.941805011308 523.80961930073
1682000 168.445665726232 180.589829726397 175.02075132966 524.056246782289
1683000 168.581267744016 180.711182094307 175.118046966291 524.410496804614
1684000 168.638957615506 180.828259071065 175.273420590466 524.740637277037
1685000 168.755973765673 180.92951396039 175.422086644553 525.107574370617
1686000 168.90116379859 181.016248282261 175.539417553563 525.456829634414
1687000 168.978655745054 181.074062168266 175.660409794247 525.713127707567
1688000 169.061026971141 181.193982425121 175.747073363444 526.002082759706
1689000 169.096764154894 181.329099008985 175.898926517149 526.324789681029
1690000 169.213060908455 181.407383986586 175.984000919029 526.604445814069
1691000 169.306889108389 181.538189492238 176.078271771878 526.923350372505
1692000 169.454132135047 181.618488555079 176.216272477381 527.288893167508
1693000 169.459975533604 181.725296220753 176.314524081568 527.499795835925
1694000 169.57258866936 181.84780149622 176.403358807809 527.823748973388
1695000 169.637249140795 181.925982388988 176.567653872445 528.130885402228
1696000 169.773462193091 181.997077748638 176.662223673097 528.432763614826
1697000 169.832620885318 182.053223183377 176.786596103948 528.672440172643
1698000 169.953645076869 182.211547295281 176.878157916262 529.043350288411
1699000 170.107586180538 182.314721178675 176.965857150107 529.38816450932
1700000 170.196632041841 182.422150124314 177.130827836345 529.7496100025
1701000 170.327719225409 182.547718514432 177.308862336195 530.184300076036
1702000 170.416649562177 182.677299736782 177.369157194029 530.463106492988
1703000 170.465879630092 182.756510453428 177.421483984527 530.643874068047
1704000 170.574852339525 182.855886446748 177.54072910511 530.971467891383
1705000 170.777206652808 183.014516125074 177.647949897201 531.439672675083
1706000 170.800934723325 183.060531582467 177.714920283094 531.576386588886
1707000 170.987412443726 183.220601246643 177.804134050198 532.012147740567
1708000 171.097969138776 183.266148779395 177.973503012045 532.337620930215
1709000 171.202320893268 183.412540866999 178.023688526085 532.638550286352
1710000 171.249243427047 183.503208525852 178.157430878298 532.909882831196
1711000 171.387897201111 183.638522983883 178.237208079078 533.263628264072
1712000 171.422761256407 183.768798654786 178.328408132297 533.519968043491
1713000 171.578746018555 183.838375511026 178.460865064994 533.877986594576
1714000 171.638281838669 183.937707734376 178.544742297068 534.120731870113
1715000 171.717112804126 184.090184101166 178.739615989513 534.546912894805
1716000 171.81495523775 184.225013463404 178.891291779036 534.93126048019
1717000 171.934081488349 184.335502501572 179.012309340397 535.281893330318
1718000 171.977213313347 184.452916414619 179.060167297207 535.490297025174
1719000 172.033981047937 184.589453144874 179.179006685565 535.802440878376
1720000 172.195270382298 184.698092189187 179.276216118147 536.169578689631
1721000 172.347046293746 184.799991525656 179.345212671567 536.492250490969
1722000 172.411489943286 184.900077769409 179.475570900707 536.787138613402
1723000 172.509115040484 185.046985417876 179.615547723464 537.171648181824
1724000 172.587912594895 185.088065788856 179.734808087024 537.410786470775
1725000 172.693805595905 185.190891384335 179.875170031279 537.759867011519
1726000 172.754716632834 185.255400668604 180.014468971238 538.024586272677
1727000 172.924515639077 185.375213460723 180.099723617652 538.399452717451
1728000 172.97358430668 185.476244571592 180.152711517452 538.602540395725
1729000 173.096112718533 185.478854689279 180.27357761593 538.848545023742
1730000 173.219339360088 185.746158734716 180.371449851886 539.336947946691
1731000 173.267058526967 185.85090508007 180.504586960052 539.622550567089
1732000 173.429673530323 185.932509893875 180.601843411964 539.964026836162
1733000 173.539704395154 186.035401072823 180.701425041088 540.276530509065
1734000 173.679377392451 186.085738291022 180.817985519965 540.583101203438
1735000 173.686249338421 186.241762087961 180.92696003973 540.854971466111
1736000 173.786619202678 186.3685816345 181.035755656438 541.190956493616
1737000 173.922494879872 186.462951715604 181.140435571769 541.525882167245
1738000 173.954560038972 186.552952737238 181.30327487148 541.81078764769
1739000 174.004149347738 186.553810589786 181.397868913593 541.955828851116
1740000 174.186816214256 186.649873508743 181.491389870402 542.3280795934
1741000 174.3243652135 186.727401730157 181.598445925598 542.650212869255
1742000 174.391597614077 186.805978527725 181.754218678115 542.951794819918
1743000 174.468124405581 186.888561866187 181.865558006756 543.222244278524
1744000 174.612416761813 186.892992695685 181.945382120356 543.450791577854
1745000 174.705515611363 187.018652167952 182.059520047199 543.783687826515
1746000 174.803143186139 187.053578745633 182.186090763905 544.042812695677
1747000 174.90856817889 187.168228764909 182.259454462972 544.336251406771
1748000 175.018848923926 187.264220786257 182.286641237902 544.569710948084
1749000 175.101383678229 187.375663852485 182.377611293334 544.854658824047
1750000 175.185268649817 187.454689093579 182.511021018656 545.150978762052
1751000 175.338588278652 187.57735915616 182.663018611653 545.578966046465
1752000 175.34578766577 187.6690118466 182.696235454314 545.711034966684
1753000 175.554004781229 187.813270049764 182.754797305194 546.122072136188
1754000 175.579714637232 187.92805900838 182.872886083504 546.380659729116
1755000 175.702044728778 187.973795716321 182.990402615989 546.666243061088
1756000 175.811888797718 188.067349560469 183.103548814388 546.982787172576
1757000 175.846868424769 188.228660982267 183.197744338475 547.273273745512
1758000 175.944882230333 188.281841844749 183.281642895243 547.508366970325
1759000 176.04770585827 188.437408483197 183.399964162813 547.885078504281
1760000 176.1576279553 188.511049960303 183.49460572429 548.163283639892
1761000 176.185841080318 188.688534394377 183.600972090558 548.475347565253
1762000 176.287130608043 188.726920899446 183.692711766454 548.706763273943
1763000 176.421960030251 188.817556171834 183.785069981902 549.024586183986
1764000 176.502294021263 188.911743514583 183.896383455299 549.310420991145
1765000 176.586351083108 189.054106170353 183.994709426541 549.635166680001
1766000 176.708529169291 189.183474337059 184.111180776254 550.003184282604
1767000 176.78992729186 189.312984722137 184.221550215547 550.324462229544
1768000 176.878577611447 189.430934976316 184.282504621113 550.592017208876
1769000 176.980074330663 189.526269352058 184.381357976445 550.887701659166
1770000 177.076612485034 189.579616445896 184.474947273421 551.131176204351
1771000 177.211836403651 189.641559638701 184.587090901196 551.440486943549
1772000 177.277398608083 189.778085156553 184.732736949734 551.78822071437
1773000 177.426368509122 189.883443757027 184.85025879436 552.160071060509
1774000 177.497929037006 190.019405660348 184.961046092682 552.478380790036
1775000 177.600237783675 190.146884211688 184.971924706026 552.719046701389
1776000 177.706618514691 190.19002860831 185.082669643135 552.979316766137
1777000 177.824857708918 190.329707996467 185.199953489967 553.354519195352
1778000 177.9099064662 190.40494852867 185.368504109797 553.683359104667
1779000 178.015627570577 190.445290712546 185.472647326903 553.933565610025
1780000 178.08310299065 190.637244129726 185.47916161053 554.199508730906
1781000 178.246087706703 190.727014975491 185.625068114274 554.598170796469
1782000 178.39062686809 190.798403635762 185.759242571747 554.948273075599
1783000 178.51331836063 190.899301299997 185.894317036999 555.306936697626
1784000 178.583696862717 190.99734376266 185.990963079035 555.572003704413
1785000 178.710019659857 191.132340708524 186.088553383786 555.930913752166
1786000 178.825176400277 191.29035487973 186.166029406679 556.281560686686
1787000 178.956626833977 191.39067289181 186.306492441359 556.653792167147
1788000 179.015926048197 191.418032069821 186.400126520326 556.834084638344
1789000 179.134682669716 191.558090912119 186.57716733247 557.269940914305
1790000 179.235615990919 191.714196533465 186.599126259159 557.548938783543
1791000 179.363280861857 191.799072482478 186.731374068822 557.893727413156
1792000 179.422970231059 191.907849859569 186.847186845894 558.178006936523
1793000 179.538162950029 192.024964156614 186.905256223181 558.468383329825
1794000 179.652341533464 192.126383143838 186.992623812226 558.771348489527
1795000 179.750349328866 192.203153457691 187.112795954012 559.06629874057
1796000 179.845805068066 192.277423366844 187.173939979745 559.297168414655
1797000 179.944367598322 192.382384553207 187.311542696825 559.638294848354
1798000 180.015733994318 192.510702969262 187.425718099448 559.952155063027
1799000 180.07543835352 192.594373930789 187.49755885794 560.167371142248
1800000 180.201556922847 192.734225797581 187.524521257954 560.460303978381
1801000 180.244465009364 192.825270099812 187.59893548549 560.668670594667
1802000 180.34882902591 192.897026257133 187.718970558002 560.964825841045
1803000 180.451339835942 193.014012399788 187.811342940304 561.276695176034
1804000 180.475041742892 193.124130757062 187.870520771725 561.469693271679
1805000 180.629474774383 193.239625468775 187.996008543948 561.865108787106
1806000 180.747235239524 193.366345465115 188.08609600058 562.199676705219
1807000 180.810380780191 193.493539295664 188.166675366622 562.470595442477
1808000 180.905646052718 193.654610045476 188.332795865437 562.893051963631
1809000 180.969046545819 193.719410321052 188.393679009753 563.082135876624
1810000 181.060854467198 193.810685926641 188.505760202819 563.377300596659
1811000 181.128064759543 193.943906757037 188.584875437064 563.656846953643
1812000 181.27193939285 194.001364074266 188.717564533331 563.990868000447
1813000 181.331451048956 194.121309791705 188.815056619306 564.267817459967
1814000 181.46695331398 194.291438815272 188.918614798749 564.677006928
1815000 181.551784977283 194.392043879833 189.027835370461 564.971664227577
1816000 181.696218324849 194.510718355237 189.107341686965 565.31427836705
1817000 181.745023053493 194.590665360826 189.186569182376 565.522257596695
1818000 181.879124617098 194.715161355713 189.286889808427 565.881175781237
1819000 181.972912970051 194.839321479821 189.446459448347 566.25869389822
1820000 182.019982204306 194.951788141839 189.51584195341 566.487612299554
1821000 182.069546451053 194.933116273163 189.583735857972 566.586398582187
1822000 182.157544526957 195.079254278955 189.705960197784 566.942759003695
1823000 182.218216688919 195.266356076826 189.782380928305 567.266953694049
1824000 182.288259978296 195.269115044439 189.928165281773 567.485540304509
1825000 182.384808373473 195.455712520757 190.043166282705 567.883687176936
1826000 182.498696650324 195.531604769437 190.163025749981 568.193327169741
1827000 182.607602742846 195.671250953673 190.234312839627 568.513166536146
1828000 182.681036033998 195.765323181647 190.36760619042 568.813965406066
1829000 182.741829213959 195.857729215696 190.465859875263 569.065418304918
1830000 182.871443853628 196.008670314678 190.543497828668 569.423611996973
1831000 182.975293214819 196.075830425039 190.714843992864 569.765967632723
1832000 183.032909357726 196.191131047278 190.821215260486 570.04525566549
1833000 183.08545931365 196.327703966146 190.921736828595 570.334900108391
1834000 183.19910484116 196.413501558245 191.032486866763 570.645093266168
1835000 183.405634161069 196.499974894876 191.158074492364 571.063683548309
1836000 183.525871174346 196.671879710247 191.281590121136 571.479341005729
1837000 183.552671331194 196.762997020009 191.408031605059 571.723699956262
1838000 183.601712477844 196.862264366284 191.494909778571 571.958886622699
1839000 183.690389016493 196.999776571874 191.557994968895 572.248160557262
1840000 183.762923227647 197.120591371885 191.605848429978 572.48936302951
1841000 183.859629503085 197.193691663487 191.708732923751 572.762054090323
1842000 184.0058799276 197.366616789419 191.815906943345 573.188403660364
1843000 184.096350997426 197.398868406963 191.957746128316 573.452965532705
1844000 184.182082345464 197.54694094511 192.031393822537 573.760417113111
1845000 184.250303304991 197.600481259482 192.178818860423 574.029603424896
1846000 184.378168623209 197.722929620532 192.288824985035 574.389923228776
1847000 184.529062618906 197.89358737774 192.406096790335 574.828746786981
1848000 184.600715693965 197.970008868786 192.461531909628 575.032256472379
1849000 184.715275913411 198.100614645603 192.567848391495 575.383738950509
1850000 184.807821346455 198.213583212371 192.713365304767 575.734769863593
1851000 184.960308003775 198.315216418092 192.79820337083 576.073727792697
1852000 185.092063554551 198.415730929784 192.901847479723 576.409641964058
1853000 185.143086601339 198.522027019561 192.981811448949 576.64692506985
1854000 185.246781138216 198.650542623672 193.066195251537 576.963519013425
1855000 185.354890075609 198.759518359395 193.203487480969 577.317895915973
1856000 185.495732882279 198.845360361842 193.248248054289 577.589341298411
1857000 185.58470346046 198.9390306994 193.463044472854 577.986778632713
1858000 185.679301315724 199.004480031887 193.438661594063 578.122442941674
1859000 185.659864577541 199.071487328544 193.569070243637 578.300422149722
1860000 185.783956220393 199.190538326931 193.764812938892 578.739307486216
1861000 185.809900363007 199.287784844311 193.842860124118 578.940545331435
1862000 185.915639151013 199.34940260851 193.905234848708 579.170276608231
1863000 186.060395064254 199.414566085222 194.064776966255 579.539738115731
1864000 186.144844290423 199.464402150585 194.190666510297 579.799912951304
1865000 186.253722333985 199.561999213031 194.293679116885 580.109400663902
1866000 186.344025531236 199.728474383903 194.431405885733 580.503905800873
1867000 186.465872801366 199.770194350623 194.463787786827 580.699854938816
1868000 186.572219895519 200.005440481991 194.576634176366 581.154294553876
1869000 186.643266423829 200.096333709867 194.716045016606 581.455645150303
1870000 186.817299306314 200.164167099108 194.779051175996 581.760517581419
1871000 186.80811730733 200.343707833093 194.826240403842 581.978065544265
1872000 186.96240501352 200.4160031944 194.954909255017 582.333317462937
1873000 187.036018852551 200.588220985953 195.034336183071 582.658576021575
1874000 187.167946252306 200.735443082743 195.125471161084 583.028860496133
1875000 187.219270677731 200.743097582679 195.238116417029 583.200484677438
1876000 187.376913444268 200.906251527104 195.297497841467 583.580662812839
1877000 187.45355037393 201.036884414511 195.422644404542 583.913079192983
1878000 187.491609026399 201.136478653084 195.513047112981 584.141134792464
1879000 187.605672683531 201.216225080921 195.655199252284 584.477097016736
1880000 187.652706730907 201.287432431248 195.686275531396 584.62641469355
1881000 187.837367365776 201.439072681828 195.771808577487 585.04824862509
1882000 187.907719755459 201.513760007114 195.883977739787 585.30545750236
1883000 188.060908175557 201.524023418017 196.000723650265 585.585655243839
1884000 188.204974917069 201.72545744378 196.100160593715 586.030592954563
1885000 188.325075499206 201.819209088116 196.180035530825 586.324320118147
1886000 188.425060345788 201.937080158691 196.360345017069 586.722485521547
1887000 188.514728993012 201.976979032134 196.405914186247 586.897622211392
1888000 188.617433102111 202.154821260276 196.515278609685 587.287532972073
1889000 188.741687264849 202.200358289826 196.599750062999 587.541795617673
1890000 188.860736267155 202.271666071408 196.759482363077 587.891884701639
1891000 188.912389278317 202.317309259649 196.889161660163 588.118860198129
1892000 189.12211038594 202.424522743119 196.992199792822 588.538832921881
1893000 189.161964414593 202.555155217913 197.151188213556 588.868307846062
1894000 189.256324227913 202.656370889619 197.274929697934 589.187624815466
1895000 189.386709249987 202.682664559517 197.406501645705 589.475875455209
1896000 189.525220241207 202.83496411549 197.463693971494 589.82387832819
1897000 189.655838350107 202.953032225521 197.544737899661 590.153608475289
1898000 189.72424832724 203.136902347906 197.605718288041 590.466868963187
1899000 189.857683771494 203.191041410749 197.727119059307 590.77584424155
1900000 189.965795924169 203.292544282393 197.863153117863 591.121493324424
1901000 190.045111907043 203.397627341227 197.891255706183 591.333994954453
1902000 190.161582169468 203.439062045256 198.003345601378 591.603989816102
1903000 190.304388802109 203.548317010402 198.090777451263 591.943483263774
1904000 190.373570964122 203.633958421359 198.12504945041 592.132578835891
1905000 190.45270645042 203.703595986334 198.230744401807 592.387046838561
1906000 190.558899534844 203.780566342063 198.315599517375 592.655065394283
1907000 190.692902442302 203.875929100216 198.37577325943 592.944604801949
1908000 190.729986117831 204.002255769847 198.481186791917 593.213428679595
1909000 190.865754713188 204.13487337302 198.640593496131 593.641221582339
1910000 191.038472617913 204.226599293756 198.800590484106 594.065662395775
1911000 191.105689170349 204.292078332579 198.795604025975 594.193371528902
1912000 191.182055171526 204.352045388336 198.936541315718 594.47064187558
1913000 191.314485500317 204.432181827841 199.042998320673 594.78966564883
1914000 191.408535537001 204.456579529795 199.14880145693 595.013916523726
1915000 191.501712708803 204.649062618439 199.256006869361 595.406782196603
1916000 191.60746961158 204.707399952974 199.41632661541 595.731196179964
1917000 191.711692508752 204.859122174481 199.527860498246 596.098675181479
1918000 191.829116583646 204.905860747766 199.585769019294 596.320746350706
1919000 191.956970132497 205.067980892244 199.728129658183 596.753080682924
1920000 192.099834670486 205.13090134583 199.813986652394 597.044722668709
1921000 192.17401935441 205.263119654633 199.917169901301 597.354308910343
1922000 192.330224636511 205.381757579594 200.031668398907 597.743650615011
1923000 192.466549521353 205.538791919546 200.038612766278 598.043954207177
1924000 192.473139523882 205.52529166656 200.144295566266 598.142726756708
1925000 192.606490369601 205.62203840834 200.180930162066 598.409458940006
1926000 192.670424099995 205.718103107585 200.320908447643 598.709435655223
1927000 192.7952737274 205.856996655909 200.360436900989 599.012707284297
1928000 192.941795871362 205.993821746124 200.462344166213 599.397961783699
1929000 193.030102190251 206.098790414913 200.64165048596 599.770543091123
1930000 193.073146557513 206.231007046924 200.739544655151 600.043698259588
1931000 193.177479465851 206.276843355146 200.877721319113 600.33204414011
1932000 193.255977623269 206.389266128479 200.95768478034 600.602928532088
1933000 193.30224063744 206.540989510453 201.079054038118 600.922284186011
1934000 193.398559792081 206.694604914707 201.113270906646 601.206435613435
1935000 193.531114571212 206.853056932998 201.288714388323 601.672885892533
1936000 193.643841692686 206.90320032757 201.38975360984 601.936795630096
1937000 193.747374920422 207.036151411015 201.484942788467 602.268469119904
1938000 193.901098291444 207.114019000583 201.569089960194 602.584207252221
1939000 193.997055858414 207.248918513346 201.706110560404 602.952084932165
1940000 194.102152516389 207.417462817764 201.768491661411 603.288106995564
1941000 194.139675344824 207.466222152997 201.881030085267 603.486927583088
1942000 194.292004280156 207.622344866671 201.91200430049 603.826353447317
1943000 194.40054591637 207.740690106261 202.009500350841 604.150736373471
1944000 194.469936568483 207.786872049821 202.131736782132 604.388545400435
1945000 194.671416274124 207.862604039445 202.216640558789 604.750660872358
1946000 194.783949638424 207.989341618894 202.327956933819 605.101248191137
1947000 194.861177968415 208.085571848984 202.461296251718 605.408046069118
1948000 194.91954555276 208.210060908761 202.499045691206 605.628652152727
1949000 195.034648686908 208.325770831064 202.618919668076 605.979339186048
1950000 195.153659063927 208.410725384859 202.685069687839 606.249454136624
1951000 195.252214592559 208.519395476682 202.745053524126 606.516663593367
1952000 195.33428127284 208.66711751745 202.809273093385 606.810671883676
1953000 195.415574299603 208.762523709708 202.963278710502 607.141376719814
1954000 195.597486399109 208.879632456361 203.049013917563 607.526132773033
1955000 195.725239719155 209.021428767961 203.072855100229 607.819523587345
1956000 195.792130458646 209.12387231674 203.184084292816 608.100087068202
1957000 195.890364522506 209.246463940913 203.321420704144 608.458249167562
1958000 195.975892500005 209.32587615088 203.462804604482 608.764573255366
1959000 196.082837569052 209.417039042537 203.569682835525 609.069559447114
1960000 196.104520555919 209.547863839979 203.667260212658 609.319644608556
1961000 196.284594036847 209.685152758722 203.768273208942 609.738020004512
1962000 196.341187457332 209.889957130324 203.848124958712 610.079269546368
1963000 196.435276579433 209.995821201971 203.965615692082 610.396713473486
1964000 196.527451009417 210.121377847951 204.074396683921 610.723225541289
1965000 196.640036314366 210.230434199437 204.196331646975 611.066802160779
1966000 196.738186036561 210.361379990019 204.336233833188 611.435799859768
1967000 196.842723935018 210.458769724767 204.391344518565 611.69283817835
1968000 196.908807136864 210.557595096989 204.505633405843 611.972035639695
1969000 196.980106679634 210.696966052388 204.623520957969 612.300593689991
1970000 197.107859851761 210.783701868639 204.767280644108 612.658842364509
1971000 197.204965341764 210.882881623707 204.875253782787 612.963100748259
1972000 197.332607171588 210.954513657752 205.016131526748 613.303252356089
1973000 197.441965155754 211.065310637279 205.110846071323 613.618121864355
1974000 197.47848030142 211.16436620351 205.215179037409 613.85802554234
1975000 197.636793288037 211.237528561324 205.352370181603 614.226692030965
1976000 197.6408200619 211.29712013944 205.456033894676 614.393974096016
1977000 197.763795592726 211.426288774728 205.550257820792 614.740342188247
1978000 197.860174373854 211.538407430767 205.646728597999 615.045310402621
1979000 197.999610015273 211.678410767395 205.638614784791 615.316635567458
1980000 198.068408582354 211.779206501926 205.828912151796 615.676527236077
1981000 198.161612408211 211.878467240605 205.912872860948 615.952952509763
1982000 198.319146996219 212.002843531925 206.071713851417 616.393704379561
1983000 198.405080203439 212.150066959315 206.189761692717 616.74490885547
1984000 198.544211036239 212.169660867518 206.269724794386 616.983596698142
1985000 198.6084233394 212.356473454116 206.374606986065 617.339503779582
1986000 198.706412504076 212.402623789096 206.494876869955 617.603913163127
1987000 198.792190243005 212.394192148331 206.643638015275 617.830020406611
1988000 198.862460459665 212.547227096765 206.672571958531 618.082259514961
1989000 198.978890548033 212.658197308301 206.757257119452 618.394344975787
1990000 199.062793462253 212.771939138795 206.888194336571 618.72292693762
1991000 199.192402180624 212.873926698414 207.008256501577 619.074585380615
1992000 199.268046308173 212.952730419397 207.114783224214 619.335559951784
1993000 199.421352535879 212.964398879305 207.241636705488 619.627388120673
1994000 199.539160059454 213.090729465697 207.317579495335 619.947469020486
1995000 199.566902559233 213.171541876809 207.441809971262 620.180254407304
1996000 199.631394598995 213.261533768439 207.520199849165 620.413128216599
1997000 199.711637271676 213.387222894001 207.615799299936 620.714659465612
1998000 199.821451168565 213.439670767297 207.681294447268 620.942416383129
1999000 199.840278923817 213.535847472628 207.828649537408 621.204775933853
2000000 199.980536318027 213.642129391986 207.918295099771 621.540960809784
2001000 200.017538722004 213.730465588892 208.085322499823 621.833326810719
2002000 200.071023202302 213.868606587965 208.196476275107 622.136106065374
2003000 200.191713450624 213.951053747888 208.281409912561 622.424177111073
2004000 200.294872572532 214.095052087487 208.443131438382 622.833056098401
2005000 200.357373698211 214.169090198295 208.555271368644 623.08173526515
2006000 200.419512659128 214.311437396542 208.58410418516 623.31505424083
2007000 200.556272823503 214.437500659033 208.657949494017 623.651722976553
2008000 200.672731994069 214.509575973998 208.826575148 624.008883116067
2009000 200.764360723869 214.657045965898 208.952848100436 624.374254790203
2010000 200.914216905033 214.731007611394 209.09983670439 624.745061220817
2011000 200.986882874093 214.864422145014 209.159049179211 625.010354198317
2012000 201.141834392175 214.930665461819 209.288282595318 625.360782449312
2013000 201.214521667109 215.013999224116 209.384450862054 625.612971753279
2014000 201.310390247457 215.143899238844 209.518718320055 625.973007806356
2015000 201.411261883857 215.222594482405 209.612478725641 626.246335091902
2016000 201.512051863737 215.343767658748 209.685316471971 626.541135994456
2017000 201.642801986737 215.403465093574 209.784248096442 626.830515176753
2018000 201.711926933581 215.52691182008 209.883634830888 627.122473584549
2019000 201.819000601679 215.586186756605 210.019137098769 627.424324457053
2020000 201.939753519561 215.646629982344 210.065575689746 627.65195919165
2021000 202.008921297135 215.768035924103 210.222299335014 627.999256556252
2022000 202.162605853392 215.90213493511 210.305214880033 628.369955668534
2023000 202.238249821117 215.900274580044 210.405957886682 628.544482287843
2024000 202.330417281526 216.084892195242 210.47300158121 628.888311057978
2025000 202.448593353155 216.096008344512 210.528870713621 629.073472411288
2026000 202.530299075449 216.237487894951 210.66815308789 629.43594005829
2027000 202.589321053501 216.278940330016 210.786351078008 629.654612461525
2028000 202.686834432495 216.382537209453 210.899804683145 629.969176325093
2029000 202.727041769572 216.406752646666 210.983336764003 630.117131180241
2030000 202.828798000269 216.511964661141 211.002689845473 630.343452506883
2031000 202.945638486317 216.595277172306 211.150041198847 630.690956857469
2032000 203.078466426987 216.737469293635 211.218052203919 631.033987924541
2033000 203.214701634012 216.876323655314 211.412201722831 631.503227012158
2034000 203.256959482709 216.916947664399 211.480145685864 631.654052832971
2035000 203.326985470936 216.99597684179 211.611021046317 631.933983359042
2036000 203.462297915351 217.113259669341 211.673108352987 632.248665937679
2037000 203.538192624239 217.215298502373 211.794051687816 632.547542814428
2038000 203.580449273141 217.345047878666 211.907790304967 632.833287456774
2039000 203.65524749863 217.438077739035 211.897953951224 632.991279188889
2040000 203.738713377961 217.552837114844 212.062440022999 633.353990515804
2041000 203.91119032355 217.641293258965 212.145926105415 633.69840968793
2042000 203.989550950505 217.716436468359 212.202348321377 633.908335740241
2043000 204.128738009036 217.822927175227 212.280383980695 634.232049164958
2044000 204.242003081842 217.975360902996 212.386868117974 634.604232102812
2045000 204.346261464741 218.134975310165 212.499164525446 634.980401300352
2046000 204.47764531852 218.327181397175 212.617091571546 635.42191828724
2047000 204.573083881522 218.472618955666 212.684380652308 635.730083489496
2048000 204.677695911399 218.559095800339 212.801551208241 636.038342919979
2049000 204.67469654091 218.656156758482 212.916284881421 636.247138180812
2050000 204.820447806823 218.765479168576 212.950010519677 636.535937495076
2051000 204.885420088399 218.83422113092 213.036174057916 636.755815277235
2052000 205.021483251916 218.942485255462 213.149295804844 637.113264312222
2053000 205.113981158832 219.000043762105 213.2190761596 637.333101080536
2054000 205.191961946353 219.172981796629 213.344453435741 637.709397178722
2055000 205.291764896131 219.27932555533 213.414088839361 637.985179290821
2056000 205.323936478482 219.329750704688 213.582019368995 638.235706552166
2057000 205.403962600025 219.478593063265 213.653541770677 638.536097433966
2058000 205.478284382541 219.589292292754 213.787511695022 638.855088370317
2059000 205.665934638089 219.743669550423 213.911774824695 639.321379013208
2060000 205.804195341778 219.778741862672 213.995607987919 639.578545192368
2061000 205.908666565028 219.927662932055 214.131874161967 639.96820365905
2062000 205.974761551142 220.042153680718 214.165077830298 640.181993062158
2063000 206.03299477396 220.162283980706 214.269116211185 640.464394965852
2064000 206.158021709277 220.247762064482 214.395194279103 640.800978052861
2065000 206.254552865233 220.328729269056 214.561544430603 641.144826564891
2066000 206.362662567155 220.420197393597 214.612529946094 641.395389906845
2067000 206.449143288017 220.583438494091 214.69804688745 641.730628669559
2068000 206.482913361211 220.603300800221 214.826190288168 641.912404449599
2069000 206.611050389037 220.752124287699 214.869754815329 642.232929492066
2070000 206.695455172811 220.820445056581 214.997989629266 642.513889858658
2071000 206.773830286407 220.999056799852 215.093083092135 642.865970178394
2072000 206.93215727707 221.080869431944 215.208417150413 643.221443859427
2073000 207.045596316202 221.124250154497 215.319937117075 643.489783587774
2074000 207.116371462994 221.199190120266 215.394911772217 643.710473355477
2075000 207.25055654095 221.406210854445 215.556967229168 644.213734624563
2076000 207.316423653965 221.483476343578 215.614011477284 644.413911474826
2077000 207.48613434523 221.589864611586 215.666485770799 644.742484727615
2078000 207.526460564957 221.716224120026 215.756117655957 644.99880234094
2079000 207.634176710748 221.849587144697 215.857025519636 645.340789375082
2080000 207.770963772834 221.911288850064 215.952689171227 645.634941794125
2081000 207.892467688445 222.053121598519 215.995958585747 645.94154787271
2082000 207.986771295802 222.152158535714 216.067146635518 646.206076467034
2083000 208.092875945321 222.235912937684 216.24129176802 646.570080651025
2084000 208.173712006955 222.347238088693 216.261937136704 646.782887232352
2085000 208.320950488533 222.438049644662 216.42466868871 647.183668821906
2086000 208.432725583239 222.504126082987 216.464759856761 647.401611522988
2087000 208.473624640068 222.624146921973 216.56940448891 647.667176050952
2088000 208.537160938379 222.730523722671 216.634640727854 647.902325388904
2089000 208.635560900835 222.881661314018 216.765630240337 648.282852455189
2090000 208.836499917938 222.934990093857 216.917266590866 648.688756602661
2091000 208.985768445201 222.944996572945 217.013128832074 648.94389385022
2092000 209.112529824205 223.095414436884 217.13128040953 649.339224670619
2093000 209.189805585207 223.172008150591 217.207795784444 649.569609520242
2094000 209.318338577816 223.31172396292 217.357968312796 649.988030853532
2095000 209.381886964249 223.418662036995 217.411004094141 650.211553095384
2096000 209.535109885869 223.561289700337 217.552711213115 650.64911079932
2097000 209.604881680921 223.66835120864 217.653856572143 650.927089461704
2098000 209.687351201878 223.759437156493 217.754398212627 651.201186570998
2099000 209.881526277253 223.891860904323 217.839823457883 651.613210639459
2100000 209.924725259564 223.98500918386 217.9677045804 651.877439023825
2101000 210.000944762664 224.106185167671 218.029732148371 652.136862078706
2102000 210.087376184292 224.198697766644 218.140486888604 652.426560839539
2103000 210.212782866679 224.323652431046 218.263147077182 652.799582374906
2104000 210.360483655089 224.444376693149 218.402080326059 653.206940674296
2105000 210.427286686541 224.46326058003 218.428774501421 653.319321767992
2106000 210.464159323223 224.560301089713 218.600533201708 653.624993614644
2107000 210.507519026075 224.670346588169 218.692306156091 653.870171770335
2108000 210.693506339739 224.761872363684 218.896407410774 654.351786114197
2109000 210.755496673216 224.884900740488 218.913667285237 654.554064698941
2110000 210.832836785409 224.947665220932 219.068688084882 654.849190091223
2111000 210.90434888187 225.043830629373 219.136730631826 655.084910143069
2112000 211.066742747891 225.132880381747 219.193767236263 655.3933903659
2113000 211.143414559184 225.15231235133 219.313621600519 655.609348511033
2114000 211.277620288086 225.236547480349 219.412510191003 655.926677959438
2115000 211.339210164932 225.356041817136 219.512171486695 656.207423468764
2116000 211.389433477243 225.537118706991 219.646967825344 656.573520009578
2117000 211.516640379893 225.627031952527 219.698609151451 656.84228148387
2118000 211.603283861635 225.775040860624 219.832050934754 657.210375657014
2119000 211.728732020148 225.82460817424 219.970374220186 657.523714414574
2120000 211.789859506768 225.921368328867 220.091370270273 657.802598105908
2121000 211.895839412942 225.960990131188 220.209934272031 658.066763816161
2122000 211.94619421388 226.048861852359 220.306701700083 658.301757766322
2123000 212.060252017298 226.114052770814 220.358503451131 658.532808239244
2124000 212.189924913313 226.21221417902 220.460169974375 658.862309066708
2125000 212.206763991352 226.406938892647 220.603916274103 659.217619158103
2126000 212.286439423732 226.47940971802 220.701530318317 659.467379460069
2127000 212.339209476444 226.637848361356 220.748381149192 659.725438986992
2128000 212.449659254382 226.741239567593 220.943943137752 660.134841959727
2129000 212.508358469924 226.83001110999 221.019640994695 660.358010574609
2130000 212.630503480197 226.977367323503 221.119120426127 660.726991229828
2131000 212.732568860571 227.063516178944 221.181843143235 660.97792818275
2132000 212.817833578015 227.279589895132 221.230885189162 661.328308662309
2133000 212.902763196617 227.348320691052 221.331720088087 661.582803975756
2134000 212.964336182523 227.452472847895 221.424898744386 661.841707774804
2135000 213.01624413941 227.528366200402 221.609354921796 662.153965261608
2136000 213.181446135765 227.613379749899 221.725267839142 662.520093724805
2137000 213.307564748153 227.670409077346 221.90098482057 662.878958646068
2138000 213.357747213675 227.767077879679 222.028167033421 663.152992126775
2139000 213.401386612394 227.882999488523 222.181795704045 663.466181804962
2140000 213.541354645599 227.950898619145 222.329033056371 663.821286321116
2141000 213.635795949005 228.06453320553 222.424274869787 664.124604024322
2142000 213.740534752516 228.162995892925 222.50488412042 664.408414765861
2143000 213.857103909973 228.26534157347 222.619341938268 664.741787421711
2144000 213.895795494806 228.370819385043 222.646081466539 664.912696346387
2145000 214.004781135253 228.542857668844 222.828571705277 665.376210509374
2146000 214.057168942824 228.647344089157 222.92590625183 665.630419283811
2147000 214.180583827286 228.73630130113 222.987543278463 665.904428406879
2148000 214.271397728346 228.868059278466 223.112181466712 666.251638473524
2149000 214.365838684917 228.947710954414 223.184554138631 666.498103777963
2150000 214.461955791907 229.034073974636 223.317558739027 666.81358850557
2151000 214.539237376521 229.100756440587 223.438014514225 667.078008331332
2152000 214.588938265468 229.245910464951 223.566708025004 667.401556755422
2153000 214.725834304606 229.342344246182 223.647485159446 667.715663710234
2154000 214.862607657289 229.518466045953 223.79308023355 668.174153936792
2155000 214.953059436547 229.57330012016 223.855308560195 668.381668116902
2156000 215.045767911393 229.723264196067 224.03920068792 668.808232795381
2157000 215.144992418409 229.764405494997 224.142030483891 669.051428397297
2158000 215.202322197261 229.875500811826 224.227633506091 669.305456515179
2159000 215.342259702976 229.920079188131 224.300601310592 669.5629402017
2160000 215.414965421417 230.012282320298 224.433757742757 669.861005484472
2161000 215.427600700154 230.131543523847 224.544568772126 670.103712996127
2162000 215.571461435652 230.124500606211 224.687183993999 670.383146035862
2163000 215.651573489493 230.310861959711 224.73849488801 670.700930337215
2164000 215.667229796794 230.431786338089 224.803569701027 670.902585835911
2165000 215.757887301599 230.554923812771 224.948019350388 671.260830464758
2166000 215.929121559994 230.726978985537 225.079990759846 671.736091305377
2167000 215.959315717536 230.826823747844 225.151842226902 671.937981692281
2168000 216.052256581032 230.944326616631 225.238301643628 672.234884841291
2169000 216.20285627194 231.007564074992 225.400268588184 672.610688935115
2170000 216.239259371347 231.154144573191 225.41570602309 672.809109967628
2171000 216.371508055694 231.156806426983 225.513934878383 673.04224936106
2172000 216.456058310697 231.215788817547 225.616124297828 673.287971426073
2173000 216.529122581955 231.399908926562 225.759958002731 673.688989511247
2174000 216.673401395884 231.458684677659 225.839976366986 673.972062440528
2175000 216.739547401869 231.567622046615 225.88903904897 674.196208497454
2176000 216.830003660286 231.63556101769 225.970321298319 674.435885976295
2177000 216.9214819039 231.721034306082 226.069269527921 674.711785737903
2178000 217.003764025355 231.778999352079 226.276776149609 675.059539527044
2179000 217.097230462034 231.840361001402 226.38660206115 675.324193524585
2180000 217.223701896983 231.987197553723 226.475928821948 675.686828272654
2181000 217.300890660829 232.060873330951 226.559240242188 675.921004233968
2182000 217.420841124821 232.138215605679 226.658648157761 676.217704888261
2183000 217.528099853566 232.294224487675 226.760198907493 676.582523248733
2184000 217.560544408293 232.330613699898 226.865137390155 676.756295498347
2185000 217.695552092844 232.476524350229 227.010655256721 677.182731699794
2186000 217.716753531459 232.626308764351 227.123558130031 677.466620425842
2187000 217.842766968468 232.693841536571 227.162437150359 677.699045655398
2188000 217.890724328609 232.733708417111 227.291541330886 677.915974076606
2189000 218.031182105704 232.89597122167 227.369529805397 678.296683132771
2190000 218.131504896579 232.920818292818 227.443184884335 678.495508073733
2191000 218.267548844636 233.101273829737 227.59374990521 678.962572579582
2192000 218.340684587622 233.211856940651 227.73474170343 679.287283231703
2193000 218.45734848965 233.311276582006 227.817190355626 679.585815427282
2194000 218.564434572476 233.365969127115 227.860812673876 679.791216373467
2195000 218.683824935434 233.453809105262 227.932589430285 680.070223470981
2196000 218.777371644441 233.565303793339 228.072583532536 680.415258970316
2197000 218.878257014302 233.769650814782 228.133361368618 680.781269197703
2198000 219.020333709973 233.8501796226 228.16937747272 681.039890805293
2199000 219.165114740464 233.927647787282 228.289493020389 681.382255548134
2200000 219.233862473092 234.00222683235 228.455176504156 681.691265809598
2201000 219.298890129533 234.039089446387 228.583035055626 681.921014631546
2202000 219.395460484088 234.146862548937 228.664937482342 682.207260515368
2203000 219.482388516109 234.229001917686 228.859169982891 682.570560416686
2204000 219.567496538407 234.27102352099 228.961278201374 682.79979826077
2205000 219.648379472331 234.438185286484 229.087866675848 683.174431434663
2206000 219.758078858539 234.491126938931 229.186683164516 683.435888961986
2207000 219.83069384487 234.640615578312 229.321728439911 683.793037863093
2208000 219.977318344069 234.736838848221 229.406546198404 684.120703390693
2209000 220.052792208767 234.857917847521 229.444178192572 684.35488824886
2210000 220.162906832847 234.912457374704 229.583189661789 684.65855386934
2211000 220.247130895297 235.05392204651 229.689864050119 684.990916991926
2212000 220.295734377556 235.213317835751 229.841340878183 685.350393091489
2213000 220.408254357468 235.244518774023 229.979925062744 685.632698194234
2214000 220.602243844579 235.404889779705 230.055227781088 686.062361405371
2215000 220.602938681443 235.456093074649 230.109952335624 686.168984091717
2216000 220.679991116131 235.649468314796 230.262682865386 686.592142296313
2217000 220.828647993103 235.707907063198 230.33643839949 686.872993455791
2218000 220.964045105029 235.781125086598 230.541936411864 687.287106603492
2219000 221.06289531892 235.915763966634 230.513093215012 687.491752500567
2220000 221.1475193299 236.038476757445 230.678108062041 687.864104149385
2221000 221.308128754141 236.113485192316 230.77745294658 688.199066893037
2222000 221.369732812455 236.150478316279 230.876777032521 688.396988161254
2223000 221.537638862256 236.239579509635 230.956369557455 688.733587929347
2224000 221.621574630523 236.328098194706 231.090149803052 689.039822628281
2225000 221.68756135896 236.447570020513 231.161723481576 689.296854861048
2226000 221.792776723491 236.519961936833 231.274908111774 689.587646772097
2227000 221.849461899547 236.630354011359 231.406289583822 689.886105494728
2228000 221.912720125364 236.657217643927 231.483274578382 690.053212347674
2229000 222.039197102368 236.812701091109 231.58774103609 690.439639229567
2230000 222.176582207321 236.892168539455 231.652655133739 690.721405880515
2231000 222.294788938062 236.994331607409 231.725159425216 691.014279970687
2232000 222.298951973784 237.103122214606 231.771854305792 691.173928494183
2233000 222.418074859718 237.198424616062 231.9472243071 691.56372378288
2234000 222.515501094723 237.306994824415 232.043809857853 691.866305776991
2235000 222.553812498885 237.461947349811 232.201289323895 692.21704917259
2236000 222.686487145786 237.503583826001 232.268020641816 692.458091613603
2237000 222.744743576065 237.654662361988 232.283544059025 692.682949997078
2238000 222.909329864008 237.790557559531 232.41552923142 693.115416654959
2239000 222.921590647954 237.912692338237 232.531617929271 693.365900915461
2240000 222.951645787928 238.005805726301 232.644548378305 693.601999892533
2241000 223.072242619887 238.019829027645 232.855148597838 693.94722024537
2242000 223.197531825993 238.161984819791 232.90271568544 694.262232331224
2243000 223.260834764475 238.293822211 232.930901616003 694.485558591478
2244000 223.272396461844 238.330401545935 233.044383579144 694.647181586924
2245000 223.358014667882 238.512150834853 233.135911235273 695.006076738008
2246000 223.454941680239 238.684548968342 233.248932513674 695.388423162255
2247000 223.497752336927 238.765268237982 233.385614185944 695.648634760853
2248000 223.582449460807 238.830521626921 233.461423113965 695.874394201692
2249000 223.638147429892 238.974311827476 233.56551685563 696.177976112998
2250000 223.715217279294 239.081095425936 233.636391739592 696.432704444822
2251000 223.760328836997 239.230468998055 233.768314328401 696.759112163453
2252000 223.952008282264 239.349390238361 233.880945958871 697.182344479495
2253000 223.992486113698 239.409779582694 233.969861331991 697.372127028383
2254000 224.110189969164 239.533169908811 234.174164440669 697.817524318645
2255000 224.222908541598 239.581645396556 234.270371760788 698.074925698942
2256000 224.286923173949 239.627444491361 234.406197951221 698.320565616532
2257000 224.441659924736 239.688887862169 234.549042598422 698.679590385327
2258000 224.500788338943 239.816594981769 234.62869553069 698.946078851402
2259000 224.616821859382 239.962955471724 234.791098477943 699.370875809049
2260000 224.745585289426 240.053879891368 234.849314410019 699.648779590813
2261000 224.802332341855 240.191504710019 234.918309644252 699.912146696126
2262000 224.906096464144 240.313689908151 235.050222498365 700.27000887066
2263000 224.985177655814 240.461021892257 235.098538889667 700.544738437738
2264000 225.056890065954 240.557580933604 235.273957495153 700.888428494712
2265000 225.227000668632 240.658483579229 235.26115325167 701.146637499531
2266000 225.316004562415 240.724374338017 235.361192816691 701.401571717123
2267000 225.44815193394 240.844792974037 235.449061334762 701.742006242739
2268000 225.54401034989 240.90250793075 235.543244853094 701.989763133733
2269000 225.659836880568 240.998394709679 235.667803109407 702.326034699654
2270000 225.700049470059 241.078735946706 235.720888570301 702.499673987066
2271000 225.831529273596 241.213787891384 235.889634343366 702.934951508345
2272000 225.936860017223 241.285342619352 235.918561718344 703.140764354919
2273000 226.090144257465 241.397689518384 235.993872063169 703.481705839017
2274000 226.123406682665 241.527400718752 236.052940675768 703.703748077185
2275000 226.261619463549 241.542222246095 236.115407386161 703.919249095805
2276000 226.332284076605 241.701864492556 236.214659590105 704.248808159266
2277000 226.433284310647 241.812898185566 236.343323358111 704.589505854324
2278000 226.54861270232 241.946047825043 236.445249553352 704.939910080715
2279000 226.661474327746 242.007875835203 236.621714207954 705.291064370903
2280000 226.74297013109 242.138186371136 236.707717204152 705.588873706378
2281000 226.853231887678 242.170623377086 236.827731131675 705.851586396439
2282000 227.027279806902 242.330143967947 236.91147758532 706.268901360169
2283000 227.140771241913 242.406652780252 236.978038969955 706.52546299212
2284000 227.209667814492 242.486729099253 237.152760722414 706.84915763616
2285000 227.288912390563 242.647548809627 237.249255147183 707.185716347373
2286000 227.326402746235 242.746910971127 237.322443818268 707.39575753563
2287000 227.395895704623 242.770865118808 237.476460524301 707.643221347732
2288000 227.535148824848 242.805645077513 237.546073934883 707.886867837243
2289000 227.682902555907 242.911330628373 237.613710365344 708.207943549623
2290000 227.771124669512 243.010408255662 237.678244274088 708.459777199261
2291000 227.92225026342 243.128702169699 237.770992271487 708.821944704606
2292000 228.026219624212 243.132437447807 237.861118335687 709.019775407706
2293000 228.088862504784 243.17147760566 237.980597723721 709.240937834165
2294000 228.123195126229 243.340449626598 238.127436568885 709.591081321712
2295000 228.30160229241 243.443511070061 238.219118716293 709.964232078765
2296000 228.420782717273 243.474206502983 238.327376178992 710.222365399248
2297000 228.588190860705 243.594219065498 238.482322494905 710.664732421108
2298000 228.683413315723 243.72103095418 238.488426558464 710.892870828367
2299000 228.826251247104 243.839762091519 238.58593505093 711.251948389553
2300000 228.95343687011 243.964234710313 238.701773252314 711.619444832737
2301000 229.053970003563 244.02883258266 238.784569745016 711.86737233124
2302000 229.076675816231 244.162376794293 238.918225459061 712.157278069586
2303000 229.212896228821 244.197301169851 239.034995806338 712.44519320501
2304000 229.26768634574 244.400288023178 239.197415956389 712.865390325307
2305000 229.414478740294 244.528777694486 239.252303262442 713.195559697223
2306000 229.513947550244 244.599090294902 239.347837704432 713.460875549579
2307000 229.62578023911 244.686511579984 239.460448193859 713.772740012953
2308000 229.690114870165 244.785216113635 239.569411710602 714.044742694401
2309000 229.725307816485 244.945237018773 239.656754265107 714.327299100365
2310000 229.791696582707 245.029932804758 239.710348352384 714.531977739849
2311000 229.882246622031 245.148884254472 239.850080670702 714.881211547205
2312000 229.966572586988 245.281196195869 239.983639656199 715.231408439056
2313000 230.000083127948 245.40902764568 240.135266153893 715.544376927521
2314000 230.109732003624 245.471365610377 240.188119195295 715.769216809296
2315000 230.206135289598 245.639094491742 240.313491605628 716.158721386967
2316000 230.312740790017 245.677305813268 240.462293390988 716.452339994273
2317000 230.382440063605 245.773280758976 240.569157009512 716.724877832093
2318000 230.504323390461 245.904266077601 240.656080475661 717.064669943723
2319000 230.529169010285 246.028729817615 240.661482270571 717.219381098472
2320000 230.610078324996 246.120402611535 240.712815028918 717.443295965449
2321000 230.640090793462 246.247635080901 240.765586098467 717.65331197283
2322000 230.724311335966 246.305283527715 240.939078564801 717.968673428483
2323000 230.809349809932 246.40889392707 241.0386461315 718.256889868502
2324000 230.967774417425 246.534392970165 241.08308325184 718.585250639429
2325000 231.112615022492 246.691143724221 241.210672562446 719.014431309159
2326000 231.206052236671 246.764961587706 241.247054270894 719.21806809527
2327000 231.216350705595 246.899506911609 241.338692817821 719.454550435025
2328000 231.318854959385 246.952657093974 241.441313204367 719.712825257727
2329000 231.401849596307 246.964296168936 241.553255217209 719.919400982453
2330000 231.511897461503 247.163074663048 241.717638610654 720.392610735205
2331000 231.5025786771 247.320505367767 241.796340404131 720.619424448999
2332000 231.573859660407 247.49077994881 241.869635797355 720.934275406572
2333000 231.727350017959 247.515680981054 242.000433926076 721.24346492509
2334000 231.781149988264 247.655036991325 242.105821091738 721.542008071326
2335000 231.945959910663 247.74379890365 242.299000736958 721.988759551271
2336000 231.972291130615 247.804819253274 242.306383579469 722.083493963357
2337000 232.050246081484 247.951906412558 242.47305193687 722.475204430912
2338000 232.102749720981 248.041571948401 242.578867436114 722.723189105495
2339000 232.2310230889 248.174932874267 242.68577584317 723.091731806338
2340000 232.31355862193 248.311413836467 242.728388528773 723.35336098717
2341000 232.400741869028 248.395012449718 242.837226913095 723.632981231841
2342000 232.524293918033 248.486601089834 242.945260060817 723.956155068684
2343000 232.608213388883 248.579628490935 243.062805091321 724.250646971139
2344000 232.719850494716 248.640090498429 243.165427162346 724.52536815549
2345000 232.791287422771 248.76791167588 243.277452889392 724.836651988042
2346000 232.907161538784 248.834818744917 243.366336923477 725.108317207178
2347000 233.008876379171 248.977847369318 243.40511234891 725.391836097399
2348000 233.022376227194 249.041336782342 243.529335591486 725.593048601022
2349000 233.143193717837 249.123323844936 243.598446633501 725.864964196274
2350000 233.192062210319 249.264772831483 243.700375301443 726.157210343245
2351000 233.199571976669 249.372072080525 243.765873385284 726.337517442478
2352000 233.358541962487 249.462434236984 243.854239610541 726.675215810012
2353000 233.383999040125 249.606209227141 243.969944370402 726.960152637668
2354000 233.514411942646 249.711492840476 244.058705521084 727.284610304206
2355000 233.6262549867 249.803432541861 244.230210938762 727.659898467324
2356000 233.677039849891 249.886906395439 244.303636479929 727.867582725259
2357000 233.781435772133 250.036263369947 244.399421931807 728.217121073887
2358000 233.921353641348 250.153363319533 244.577683877873 728.652400838754
2359000 233.981498655437 250.244524607158 244.615279729702 728.841302992297
2360000 234.035896648311 250.409508540527 244.79701004767 729.242415236507
2361000 234.161646909039 250.478442003038 244.869206829059 729.509295741135
2362000 234.261129351919 250.547925543232 244.930912612036 729.739967507187
2363000 234.399525620062 250.761516059096 244.993759407206 730.154801086364
2364000 234.49479550178 250.747730501932 245.096192931244 730.338718934957
2365000 234.551510161928 250.930541137667 245.143814149141 730.625865448736
2366000 234.613706833081 251.053856403859 245.285687077354 730.953250314294
2367000 234.734302487781 251.187509157953 245.389046692924 731.310858338657
2368000 234.830992501802 251.355961858231 245.506628418578 731.693582778611
2369000 234.984871388673 251.437560418057 245.650749801172 732.073181607902
2370000 235.071220099668 251.540529690968 245.820401470885 732.432151261521
2371000 235.142047837326 251.698479887632 245.950783174996 732.791310899953
2372000 235.215944429025 251.764111944424 246.029626458907 733.009682832356
2373000 235.321769981494 251.85190879312 246.109496062076 733.283174836691
2374000 235.424260969951 251.940440853271 246.163682369017 733.528384192239
2375000 235.485353940062 252.086633666059 246.251258862555 733.823246468677
2376000 235.484073272249 252.106614564716 246.317824446869 733.908512283833
2377000 235.556121610471 252.204387332494 246.442322987972 734.202831930937
2378000 235.744848052447 252.2805920333 246.537833476133 734.563273561879
2379000 235.893872090809 252.447189128645 246.663894136746 735.0049553562
2380000 235.947687599667 252.542474232981 246.710731756982 735.200893589631
2381000 236.102080942979 252.698964321216 246.784215898234 735.585261162429
2382000 236.16137097669 252.841742838552 246.869096999942 735.872210815184
2383000 236.180970574616 252.928954584208 246.994229662692 736.104154821517
2384000 236.267144849877 253.028128383116 247.066375423798 736.36164865679
2385000 236.420777298056 253.074606183079 247.135044087477 736.630427568612
2386000 236.530818024476 253.127478028083 247.267764078618 736.926060131177
2387000 236.625424641105 253.253584138202 247.375989545352 737.254998324659
2388000 236.80582886852 253.39416770477 247.384468121931 737.584464695221
2389000 236.861488476829 253.570526201617 247.519363903202 737.951378581649
2390000 236.930980552194 253.728682027332 247.612869945805 738.27253252533
2391000 237.049577005724 253.823169644229 247.805755348534 738.678501998487
2392000 237.124622905086 253.998656340084 247.946202878424 739.069482123594
2393000 237.22623061277 254.058238294212 247.994537762772 739.279006669754
2394000 237.291664841088 254.112950806869 248.069682795599 739.474298443556
2395000 237.359118547292 254.258956720494 248.211044578762 739.829119846547
2396000 237.461174849347 254.411734657283 248.29484063102 740.167750137649
2397000 237.526653954865 254.568268463618 248.377937955602 740.472860374085
2398000 237.676394488279 254.623373036112 248.486811717786 740.786579242177
2399000 237.694583054703 254.756782503387 248.592874399478 741.044239957568
2400000 237.728685886681 254.799001473145 248.70843465824 741.236122018066
2401000 237.779007442601 254.911120042377 248.804418026446 741.494545511424
2402000 237.914128690203 254.981877537492 248.917336931253 741.813343158947
2403000 238.064539694039 255.098733674587 249.016883326607 742.180156695233
2404000 238.0697838153 255.151108672795 249.103341362387 742.324233850481
2405000 238.18463887509 255.314559379107 249.268135936625 742.767334190822
2406000 238.308831268347 255.362309116768 249.271933468465 742.94307385358
2407000 238.391265009046 255.397190818656 249.376214553413 743.164670381115
2408000 238.503311459711 255.479391147719 249.54770188522 743.53040449265
2409000 238.578593948152 255.639505044759 249.697487065557 743.915586058468
2410000 238.725102280001 255.731959264402 249.845030178067 744.30209172247
2411000 238.804977103958 255.823844616194 249.963175236248 744.591996956399
2412000 238.9079066238 255.89424776669 250.082001309264 744.884155699754
2413000 239.014840826041 255.964900335864 250.147604422416 745.12734558432
2414000 239.051929877926 256.113190096757 250.201257458511 745.366377433194
2415000 239.226622320535 256.208935402874 250.238808389687 745.674366113096
2416000 239.272751790087 256.306198521572 250.398170225698 745.977120537357
2417000 239.290772741021 256.387740419409 250.557196361838 746.235709522268
2418000 239.393622361607 256.500269111222 250.675194141842 746.56908561467
2419000 239.471183035797 256.562543073515 250.744820087813 746.778546197125
2420000 239.65485423755 256.679255118789 250.826844741187 747.160954097527
2421000 239.727043807775 256.786821185477 250.908056457262 747.421921450515
2422000 239.882550010577 256.812162533353 251.033196370682 747.727908914611
2423000 239.946977500172 256.861009726047 251.163016510873 747.971003737092
2424000 240.061401505241 256.957211807199 251.217988989384 748.236602301824
2425000 240.177656729009 257.024763459372 251.337503988938 748.539924177319
2426000 240.201140316593 257.148680834493 251.411050956323 748.76087210741
2427000 240.358222041638 257.223087455393 251.507436119552 749.088745616583
2428000 240.435567103029 257.313190930127 251.549559637332 749.298317670488
2429000 240.505478397313 257.341693727345 251.552168112785 749.399340237443
2430000 240.575989982806 257.489042388749 251.67952798531 749.744560356865
2431000 240.701616258195 257.636995593095 251.778155658184 750.116767509473
2432000 240.7964036857 257.678839792683 251.829203345852 750.304446824235
2433000 240.870757662223 257.838630041602 251.862628948946 750.572016652771
2434000 240.975219477877 257.950159501413 251.98434120773 750.909720187019
2435000 241.067483620463 258.005559774879 252.076447770674 751.149491166017
2436000 241.18774714768 258.108752127987 252.127919290569 751.424418566236
2437000 241.272168482384 258.177504456154 252.216107062175 751.665780000712
2438000 241.375526282931 258.333223983112 252.340799489323 752.049549755367
2439000 241.431882911038 258.484148737137 252.418697023943 752.334728672117
2440000 241.487169624747 258.572653344721 252.442308441841 752.502131411309
2441000 241.629652694162 258.710365833503 252.656486991297 752.996505518961
2442000 241.722294233576 258.793092583201 252.669665298239 753.185052115016
2443000 241.771263565604 258.846369655307 252.783624055615 753.401257276525
2444000 241.876882898886 259.001576716018 252.813885407654 753.692345022558
2445000 242.054780036947 259.131170180609 252.940581719427 754.126531936984
2446000 242.149685812168 259.219857155211 252.996708014629 754.366250982008
2447000 242.279377285182 259.399397108779 253.06738789681 754.74616229077
2448000 242.487115081666 259.532179144876 253.188608886986 755.207903113528
2449000 242.629897090639 259.639818089818 253.241519395277 755.511234575733
2450000 242.69205749999 259.778721216753 253.352947234976 755.823725951719
2451000 242.793490568154 259.845883873636 253.458011718476 756.097386160267
2452000 242.976848399153 259.984690371172 253.579924094176 756.541462864501
2453000 242.950068488935 260.053736704376 253.627294902525 756.631100095836
2454000 243.025513717122 260.190857396424 253.793337364776 757.009708478321
2455000 243.106043507515 260.322716808258 253.919992518901 757.348752834674
2456000 243.190232689223 260.461987114199 254.014523810522 757.666743613943
2457000 243.381969195035 260.614322377407 254.115554174408 758.111845746849
2458000 243.434472234741 260.66521122456 254.15942044248 758.259103901781
2459000 243.52504479741 260.78360264079 254.242106784408 758.550754222607
2460000 243.671469440232 260.89668599832 254.461085899989 759.029241338541
2461000 243.771425996534 261.140487663305 254.516402585852 759.428316245691
2462000 243.839929215982 261.192150304234 254.65730179381 759.689381314025
2463000 243.859402226961 261.315489956925 254.676592746616 759.851484930502
2464000 243.94838022548 261.425296094929 254.85937530093 760.233051621338
2465000 244.084353761882 261.518269821583 254.936064361771 760.538687945237
2466000 244.157686871014 261.574997361155 255.062948220884 760.795632453053
2467000 244.299430018034 261.635449286956 255.124068548902 761.058947853892
2468000 244.331626244959 261.779373416059 255.270689840962 761.38168950198
2469000 244.409206714212 261.868341555288 255.319206042817 761.596754312316
2470000 244.510871314565 261.999711135215 255.421187366078 761.931769815858
2471000 244.637104044919 262.079091599616 255.504933809609 762.221129454144
2472000 244.754979192537 262.17538802453 255.644202107937 762.574569325004
2473000 244.86702289602 262.307394661458 255.77355158894 762.947969146418
2474000 244.999122945361 262.42652247118 255.856662412514 763.282307829055
2475000 245.044180397592 262.549300586606 255.946513906418 763.539994890616
2476000 245.127422535545 262.691038831699 256.000813898288 763.819275265531
2477000 245.199033985798 262.812617228974 256.255598595156 764.267249809927
2478000 245.35997412142 262.876573681929 256.317262737987 764.553810541336
2479000 245.462872006917 263.000001402719 256.368727177296 764.831600586932
2480000 245.534193232108 263.195198619695 256.458208511342 765.187600363145
2481000 245.66651900725 263.241432342255 256.560813344107 765.468764693612
2482000 245.76508706799 263.362459425419 256.704584171461 765.83213066487
2483000 245.966341272691 263.467382966022 256.765079895878 766.198804134591
2484000 246.019442765814 263.521946344766 256.852969025316 766.394358135896
2485000 246.11493774684 263.618073795655 256.928786104167 766.661797646663
2486000 246.190665714205 263.812604093926 257.068337591155 767.071607399286
2487000 246.312867643128 263.998473146502 257.170525142256 767.481865931886
2488000 246.417531443855 264.050536480585 257.328255651391 767.79632357583
2489000 246.555529558029 264.172150498446 257.36549775961 768.093177816085
2490000 246.701613186391 264.364864959134 257.384351656441 768.450829801966
2491000 246.866296671533 264.487236092731 257.587218558951 768.940751323215
2492000 247.001498565618 264.546300168662 257.779751565165 769.327550299445
2493000 247.050130865414 264.642198251568 257.829599526568 769.52192864355
2494000 247.216578345458 264.751800284415 257.995924581573 769.964303211446
2495000 247.363192030436 264.788184916045 258.047494130188 770.198871076669
2496000 247.476444727671 264.936635192407 258.174171458986 770.587251379063
2497000 247.631885802628 265.038569691691 258.287623629248 770.958079123568
2498000 247.659523189509 265.176526981633 258.412913903731 771.248964074873
2499000 247.788038920684 265.202513807613 258.588665230178 771.579217958476
2500000 247.899221547698 265.40209351469 258.709715605375 772.011030667763
2501000 247.923779577509 265.538187561285 258.712102809026 772.17406994782
2502000 247.935527187284 265.580664351651 258.779361925667 772.295553464603
2503000 248.110194851444 265.658033596807 258.863875675715 772.632104123966
2504000 248.173482928004 265.772697183096 258.932363621739 772.878543732838
2505000 248.221220768986 265.863153219433 259.000461065614 773.084835054033
2506000 248.32048965668 266.016091931713 259.164196534173 773.500778122567
2507000 248.446937931081 266.060426271512 259.254654031252 773.762018233844
2508000 248.56222680986 266.167974646525 259.325002490453 774.055203946838
2509000 248.640699249074 266.269448860749 259.442062053149 774.352210162972
2510000 248.733832516832 266.392366276488 259.56797047982 774.69416927314
