# Fix print output for fix 2
10000 3.5144685485465e-33 8.07800595883413e-28 2.07659403127967e-28 1.01546351347993e-27
11000 0.297481622287377 0.294080795387157 0.293340655409906 0.884903073084439
12000 0.415060181347221 0.410254798226141 0.407974543915991 1.23328952348935
13000 0.527324796828175 0.520453337400899 0.516263262369014 1.56404139659809
14000 0.639125079047517 0.627858239690355 0.624608149537872 1.89159146827574
15000 0.739806176762487 0.725568818155389 0.718350236957258 2.18372523187513
16000 0.843051743351792 0.815307467553471 0.820979229888272 2.47933844079354
17000 0.95557744419219 0.924138060187003 0.920723440914922 2.80043894529412
18000 1.05361172644262 1.02556816267747 1.01157085939342 3.09075074851352
19000 1.14557414490056 1.11744235475159 1.11310367836182 3.37612017801397
20000 1.23222421683243 1.20708146890007 1.20715175474164 3.64645744047413
21000 1.33284101594866 1.29613066809596 1.29776290045896 3.92673458450359
22000 1.42204845358808 1.38754498145845 1.39055114667991 4.20014458172644
23000 1.52406117364921 1.48528034663361 1.48776264510028 4.4971041653831
24000 1.61936385225179 1.57247797056861 1.56811496150449 4.75995678432489
25000 1.71395256817858 1.66908781432323 1.64831701326618 5.03135739576799
26000 1.81151898807703 1.76590287478662 1.74618955170566 5.32361141456931
27000 1.89900105818578 1.85529866616548 1.82267629430314 5.57697601865441
28000 2.00713956453147 1.95127474020448 1.91731182064439 5.87572612538034
29000 2.10832835289191 2.04014766492368 2.0136441588164 6.16212017663199
30000 2.18187702756005 2.13447788292467 2.09211625548548 6.4084711659702
31000 2.28243925081975 2.22596057975319 2.20306348662843 6.71146331720137
32000 2.36981090216913 2.32160754177315 2.29048211608179 6.98190056002407
33000 2.47196764059368 2.41565848966429 2.37758407632699 7.26521020658496
34000 2.57111604218719 2.50240444953529 2.46868212855511 7.5422026202776
35000 2.65396533047694 2.58305476167491 2.56350337140801 7.80052346355985
36000 2.73560985340672 2.67306612546942 2.64039507882101 8.04907105769715
37000 2.83360654307716 2.76049626327189 2.73619100808111 8.33029381443016
38000 2.92843293445768 2.84904802834658 2.81386867462556 8.59134963742982
39000 3.01319668460388 2.93137196708812 2.91023501268358 8.85480366437558
40000 3.10093022117355 3.02110503505168 2.98707104441137 9.1091063006366
41000 3.21051719263383 3.11621233219864 3.08119164695133 9.4079211717838
42000 3.28549301557454 3.20621808817793 3.17197539541047 9.66368649916294
43000 3.39414019068433 3.31217830521286 3.25895919346539 9.96527768936258
44000 3.49746693851119 3.40389366371859 3.3558477777076 10.2572083799374
45000 3.59013230362192 3.49357334320174 3.45533716161263 10.5390428084363
46000 3.69657095912394 3.57821059547984 3.53785711329547 10.8126386678993
47000 3.78493223765586 3.65989855984526 3.62765094002425 11.0724817375254
48000 3.8908387119419 3.74415436126537 3.70472596891592 11.3397190421232
49000 3.96890060168583 3.81418414199567 3.79136412411542 11.5744488677969
50000 4.04969243956948 3.89751412593076 3.87409425090979 11.82130081641
51000 4.16387649131737 3.99687116713676 3.95901734490335 12.1197650033575
52000 4.23778962919984 4.06541243720088 4.03881696449089 12.3420190308916
53000 4.33684588815426 4.16079063624466 4.13818049021263 12.6358170146116
54000 4.42618884002106 4.2494677198364 4.21161625267893 12.8872728125364
55000 4.50620927172682 4.32909210822714 4.28726295599316 13.1225643359471
56000 4.60127906204013 4.41793131380901 4.37616290835372 13.3953732842029
57000 4.68875273873341 4.51786256133071 4.46319871784598 13.6698140179101
58000 4.78697452037593 4.61029942562485 4.54928963258573 13.9465635785865
59000 4.89429861494187 4.69415739043112 4.63290187137497 14.221357876748
60000 4.99092294336531 4.78751003529493 4.72953780881291 14.5079707874732
61000 5.08058046770991 4.87311943154256 4.80912518091326 14.7628250801657
62000 5.15256466880708 4.96011208309811 4.88748227712854 15.0001590290337
63000 5.24177713569667 5.0361797835917 4.96928994383014 15.2472468631185
64000 5.33851925540291 5.13522274497261 5.07057010129971 15.5443121016752
65000 5.42480124870748 5.22087583885871 5.15725457162103 15.8029316591872
66000 5.52612349201831 5.31769575385456 5.24442995132638 16.0882491971993
67000 5.61455830775784 5.4102174874717 5.34533170766713 16.3701075028967
68000 5.70385766205502 5.49917535754448 5.41909768184339 16.6221307014429
69000 5.78538037940164 5.57704874886004 5.4859957969208 16.8484249251825
70000 5.87864150773681 5.65805786753712 5.57888107162342 17.1155804468973
71000 5.97540785948567 5.74901453647165 5.66323988681634 17.3876622827737
72000 6.06170479176119 5.83960896883989 5.75070877079438 17.6520225313955
73000 6.16383971082795 5.91958165196844 5.82330717635301 17.9067285391494
74000 6.2342325477965 5.99967791050348 5.92151176176485 18.1554222200648
75000 6.31489139533003 6.08955797140836 5.98408024030689 18.3885296070453
76000 6.39311743082064 6.15879397566129 6.07082067594637 18.6227320824283
77000 6.47589816560425 6.24407609013897 6.14943019708076 18.869404452824
78000 6.56654504673599 6.31654651687708 6.23583021973622 19.1189217833493
79000 6.66827469870809 6.39951998903759 6.30956500613094 19.3773596938766
80000 6.74466586658118 6.48561718351234 6.39384429834205 19.6241273484356
81000 6.83946167418891 6.57776364389166 6.46903146486968 19.8862567829503
82000 6.91976956205469 6.65861404017271 6.54142778337277 20.1198113856002
83000 7.02036212626944 6.74056015797319 6.6267096564468 20.3876319406894
84000 7.10452360345073 6.8224503462374 6.70741867159544 20.6343926212836
85000 7.18005287821485 6.89722769913816 6.78673317979989 20.8640137571529
86000 7.26416186417484 6.98586512909655 6.87533421962236 21.1253612128938
87000 7.37135292449548 7.07304507952201 6.95843428947573 21.4028322934932
88000 7.45531533707948 7.14441917495327 7.03713763341529 21.636872145448
89000 7.52940341159909 7.23017331358132 7.11605470352396 21.8756314287044
90000 7.61230616984137 7.31482556932106 7.2045546955339 22.1316864346963
91000 7.69386869460654 7.40805062554575 7.27826379196189 22.3801831121142
92000 7.79288411873872 7.50540259551638 7.35689732938541 22.6551840436405
93000 7.87597823325867 7.60430588616207 7.46019842167497 22.9404825410957
94000 7.95985629611555 7.68730081531462 7.51849374396491 23.1656508553951
95000 8.05406743394506 7.76234939414968 7.59383668879623 23.410253516891
96000 8.14217821330605 7.87241847320746 7.67908822477873 23.6936849112922
97000 8.22913024312619 7.9514961873484 7.75649190883233 23.9371183393069
98000 8.30387302560083 8.02808949796694 7.83798532405847 24.1699478476263
99000 8.3922597195971 8.10260044679961 7.92445567994147 24.4193158463382
100000 8.48283215836881 8.22297006523075 8.00192259436241 24.707724817962
101000 8.56214081628149 8.27497513014094 8.07749031940062 24.914606265823
102000 8.6386742136176 8.35575752993686 8.15230738272203 25.1467391262765
103000 8.73259429800574 8.452524313988 8.25594657668707 25.4410651886808
104000 8.82550625050543 8.55262196945472 8.33793204076945 25.7160602607296
105000 8.91397353680691 8.62812704965797 8.42314912596988 25.9652497124348
106000 9.01488836623803 8.69159807674979 8.50752890650214 26.21401534949
107000 9.08171051457569 8.76688583958357 8.59872420533496 26.4473205594942
108000 9.15969439596893 8.86020454656602 8.66786931782449 26.6877682603594
109000 9.25189208309471 8.95090386601432 8.76768952606209 26.9704854751711
110000 9.33315589643295 9.02660894080858 8.8357935366447 27.1955583738862
111000 9.4013904935289 9.09909388608404 8.90106999845945 27.4015543780724
112000 9.48978431833729 9.18273022275918 8.96285993655369 27.6353744776502
113000 9.57177845529819 9.24743867864277 9.04610728764806 27.865324421589
114000 9.63684723899323 9.32818816405106 9.1018319221964 28.0668673252407
115000 9.72824874804463 9.42690102869194 9.18784283695714 28.3429926136937
116000 9.7928241704997 9.50801208088101 9.27606921662194 28.5769054680026
117000 9.87831957997088 9.58924601922624 9.35797613736955 28.8255417365667
118000 9.9612543716809 9.66859470853834 9.44790252805234 29.0777516082716
119000 10.0517310377037 9.75038565237164 9.51661527619361 29.3187319662689
120000 10.12813016885 9.83864382087136 9.59444603872099 29.5612200284423
121000 10.2229646756033 9.91304569399506 9.69921094037466 29.835221309973
122000 10.2958079729443 10.0062637205763 9.76542543892903 30.0674971324497
123000 10.3846704980345 10.0792092652248 9.84820064178884 30.3120804050482
124000 10.4632048080565 10.1498105459809 9.92418807455865 30.5372034285961
125000 10.5589891318956 10.2442190180661 10.0351145512543 30.838322701216
126000 10.6567708421804 10.3346966929945 10.1103754148692 31.1018429500441
127000 10.7465849664291 10.4264720629927 10.1807910866993 31.3538481161211
128000 10.844964375674 10.5235633880052 10.2680191052738 31.6365468689529
129000 10.9311119212207 10.5729126828418 10.3364000389533 31.8404246430158
130000 11.0012792242489 10.6715032029155 10.4305965311333 32.1033789582977
131000 11.1019548054201 10.7475510121033 10.5269400466503 32.3764458641737
132000 11.2002485812407 10.8280679725323 10.6170261529246 32.6453427066977
133000 11.2868509813874 10.9168032060779 10.6951420589156 32.8987962463809
134000 11.3391798850444 10.986854800385 10.7703232085058 33.0963578939352
135000 11.4480960861962 11.0564337672558 10.8476063079367 33.3521361613887
136000 11.5370434471496 11.1538824657032 10.9368638282598 33.6277897411125
137000 11.6113175205401 11.2340264644556 11.0232004061503 33.8685443911461
138000 11.6984002524199 11.3313452043745 11.0912082424862 34.1209536992806
139000 11.8169112653321 11.4048706691651 11.1947420680414 34.4165240025386
140000 11.8768026070645 11.4497052324749 11.2551238644044 34.5816317039438
141000 11.9454199371701 11.5169371084856 11.3433828867601 34.8057399324158
142000 12.0046310348654 11.5920847184886 11.401580125928 34.998295879282
143000 12.0735764824716 11.7017169771995 11.4824869704011 35.2577804300722
144000 12.1810405942233 11.7615331352439 11.5589897734058 35.501563502873
145000 12.2531446320482 11.8358197413844 11.6349436170197 35.7239079904523
146000 12.3249421044418 11.9181798038369 11.7111527790712 35.95427468735
147000 12.4152413112166 12.0023076274744 11.802663085517 36.220212024208
148000 12.5047824544397 12.089579932988 11.8702231933062 36.4645855807339
149000 12.5811935515961 12.1440741223097 11.9470444945053 36.6723121684111
150000 12.66235450793 12.211911101317 12.0193825295675 36.8936481388145
151000 12.7270012721219 12.3056589986507 12.1175144714649 37.1501747422375
152000 12.8043632146315 12.3884300989765 12.1941694949444 37.3869628085523
153000 12.8870352749047 12.4496212289216 12.2670838840754 37.6037403879017
154000 12.9668601996015 12.5481431702967 12.3426023444591 37.8576057143573
155000 13.0597504238374 12.6312828466716 12.4330649039856 38.1240981744946
156000 13.1267681193586 12.7203185078171 12.5078342123714 38.3549208395471
157000 13.2113269850262 12.7910410844344 12.5955945720618 38.5979626415224
158000 13.2929391337636 12.8607954254399 12.6593036975798 38.8130382567833
159000 13.3643336218178 12.947847310457 12.736299399458 39.0484803317327
160000 13.4439774239848 13.0001744207111 12.8170141831072 39.2611660278031
161000 13.528949505356 13.0747019330226 12.9064019749731 39.5100534133517
162000 13.6130996208054 13.1561048490669 12.9686707587392 39.7378752286115
163000 13.6915723911584 13.2264966692605 13.0536404541878 39.9717095146067
164000 13.748050300844 13.2883601672116 13.1099102481213 40.1463207161769
165000 13.8335298873682 13.3684335381506 13.1944207424938 40.3963841680126
166000 13.929377398721 13.4410614746165 13.2668122423188 40.6372511156563
167000 14.0034030253332 13.5520626043224 13.3317514035517 40.8872170332073
168000 14.0878490427844 13.6260525656583 13.3933219645441 41.1072235729868
169000 14.154612985761 13.7064887835362 13.4709980422946 41.3320998115918
170000 14.2135138018332 13.7789963135447 13.5352100118045 41.5277201271824
171000 14.2890782292981 13.8588458231242 13.6347322523527 41.7826563047751
172000 14.376895868426 13.9435580864241 13.712512445365 42.0329664002151
173000 14.4469991865644 14.0061291014018 13.7718560348712 42.2249843228373
174000 14.5468983316837 14.0932103661876 13.8311989283374 42.4713076262087
175000 14.6459065158773 14.1575892383058 13.9050009578101 42.7084967119933
176000 14.6961087097501 14.2416109447521 13.9966485466836 42.9343682011858
177000 14.7936197658665 14.3274285064332 14.0542045994588 43.1752528717584
178000 14.8610636452873 14.3843944791012 14.1393985522796 43.3848566766681
179000 14.958557997814 14.4808887779517 14.2214401864786 43.6608869622444
180000 15.0285787005474 14.5505869418721 14.301315817693 43.8804814601126
181000 15.0912372918567 14.6144932518579 14.3731993412956 44.0789298850102
182000 15.1995445117193 14.6996189013136 14.471218688793 44.3703821018258
183000 15.273929640766 14.7771922561524 14.5592389026089 44.6103607995274
184000 15.3677589960545 14.8675156556936 14.6425114831383 44.8777861348864
185000 15.4465025471617 14.9401347708967 14.7234875513412 45.1101248693995
186000 15.5468414395437 15.0260305424007 14.7776550360515 45.3505270179959
187000 15.6300774634938 15.1039536491237 14.8546251303106 45.5886562429281
188000 15.6909233394504 15.1738671844079 14.9298647236177 45.794655247476
189000 15.7697312317413 15.2417930404416 15.0003292937893 46.0118535659722
190000 15.8558600210653 15.3053721053471 15.0915031157706 46.252735242183
191000 15.9465997093506 15.415357888527 15.1854057722423 46.5473633701199
192000 16.0077781320643 15.4635881312559 15.2577038494577 46.7290701127779
193000 16.049172846583 15.5567812414538 15.350876424999 46.9568305130357
194000 16.1311115147131 15.6537451042043 15.3992262914974 47.1840829104148
195000 16.2299820264278 15.7353472228072 15.500813376719 47.466142625954
196000 16.2936904822991 15.8147112364824 15.6024976777094 47.7108993964909
197000 16.3956907019382 15.888807644371 15.6414857464996 47.9259840928088
198000 16.4669285278357 15.9677603129794 15.7328155165451 48.1675043573602
199000 16.5500737316631 16.056395437439 15.7913780313907 48.3978472004928
200000 16.6378730652368 16.0942118755371 15.8731206891902 48.6052056299641
201000 16.7299130614511 16.1714085578613 15.9335529711971 48.8348745905094
202000 16.8096434629871 16.2549290762808 16.0053410126118 49.0699135518797
203000 16.8941216993591 16.3331469004738 16.122010042183 49.3492786420159
204000 16.9687418221523 16.4122524578405 16.1955428469028 49.5765371268956
205000 17.0590709409735 16.5185739238052 16.2591093531164 49.8367542178951
206000 17.1595172095569 16.5766865738797 16.3240297968223 50.0602335802589
207000 17.211129708914 16.6604885480939 16.4102580501615 50.2818763071694
208000 17.307863085954 16.7456646910532 16.4966191854563 50.5501469624635
209000 17.3984921991454 16.8276217106089 16.5897702488387 50.815884158593
210000 17.4761611472915 16.9123034994222 16.6675362559135 51.0560009026271
211000 17.5842152762986 16.9771688058661 16.7477369868928 51.3091210690575
212000 17.674648862844 17.0540986228989 16.8094417041867 51.5381891899295
213000 17.7507266919076 17.1113851091043 16.904485476516 51.7665972775279
214000 17.8329774221894 17.1902228218895 17.0121819520028 52.0353821960817
215000 17.9272507677949 17.2697082115181 17.0933706347655 52.2903296140786
216000 18.0145927024593 17.3325011401689 17.144799527281 52.4918933699091
217000 18.1009117597366 17.4133695497649 17.227986769184 52.7422680786855
218000 18.1629656098596 17.5038365838736 17.3097459053551 52.9765480990883
219000 18.2478401532605 17.5890128796933 17.4149428014302 53.251795834384
220000 18.3384778465888 17.6486147475215 17.4868674560533 53.4739600501636
221000 18.4210362454267 17.7236524680356 17.5737696380971 53.7184583515595
222000 18.4876290121182 17.7896651341878 17.6531094533441 53.9304035996501
223000 18.6004239010966 17.8586529516677 17.75374614939 54.2128230021543
224000 18.7149557058789 17.9532889518615 17.8101264821218 54.4783711398622
225000 18.7707974692403 18.0440481595362 17.9095534592988 54.7243990880753
226000 18.8607976666498 18.1220374306954 17.9797596252181 54.9625947225634
227000 18.9605694497028 18.2203398150035 18.0721007997596 55.2530100644659
228000 19.025358021764 18.3091817752737 18.1291438512081 55.4636836482458
229000 19.1075625826504 18.4051455347214 18.2053711616274 55.7180792789993
230000 19.1684131455412 18.4522081338727 18.2683800594519 55.8890013388658
231000 19.2637716848718 18.5328312090294 18.3195000584286 56.1161029523299
232000 19.333039331394 18.6108624020298 18.4032223010023 56.3471240344261
233000 19.4182645223424 18.669051673361 18.4806762680583 56.5679924637617
234000 19.4899363615534 18.764623393998 18.5701841717714 56.8247439273227
235000 19.6004458116651 18.8265011279328 18.6308225736372 57.0577695132351
236000 19.6948613011479 18.9059636452 18.7053033155909 57.3061282619389
237000 19.7593794473009 18.9691369517722 18.7848929231334 57.5134093222065
238000 19.863633013204 19.0490058212264 18.8837489385656 57.796387772996
239000 19.9467431599168 19.1087391379104 18.9546125462433 58.0100948440704
240000 20.0227195392656 19.1852521391612 19.0170917483327 58.2250634267595
241000 20.1181886602963 19.2652531955048 19.1023802256675 58.4858220814687
242000 20.2082860237258 19.325506915483 19.1595648393724 58.6933577785812
243000 20.2905944241295 19.3863325767861 19.2204001262196 58.8973271271352
244000 20.3746594943438 19.4324072478211 19.2964972339322 59.1035639760971
245000 20.4524007830152 19.5150565066972 19.3709827661314 59.3384400558439
246000 20.5646857124319 19.6069737489982 19.4530894020858 59.6247488635159
247000 20.6321491705406 19.6841252016239 19.5242389546125 59.840513326777
248000 20.7150406799604 19.7672377712821 19.6008472095532 60.0831256607957
249000 20.8120058037514 19.8483060571506 19.6954452928338 60.3557571537358
250000 20.8863731362068 19.9285028125295 19.7575039188108 60.5723798675471
251000 20.9796025811521 19.9919892624522 19.8075078150469 60.7790996586512
252000 21.0765099072574 20.060638425319 19.8902751687632 61.0274235013396
253000 21.1399382316658 20.1380488331143 19.9652352702531 61.2432223350332
254000 21.2027804566188 20.2527500405745 20.0234323882444 61.4789628854377
255000 21.3037888744744 20.3019498137511 20.1143553985432 61.7200940867686
256000 21.3936487661969 20.3678110509027 20.1881844460606 61.9496442631603
257000 21.4530160882146 20.4062470895856 20.2359274486152 62.0951906264153
258000 21.5502070135049 20.5064179168704 20.3328218240694 62.3894467544448
259000 21.6296594900924 20.5783684992414 20.3660095774327 62.5740375667664
260000 21.6964856641239 20.647175892366 20.4522386790737 62.7959002355636
261000 21.7973018009423 20.7180129311899 20.5515116934065 63.0668264255388
262000 21.8893293884808 20.7543499484237 20.6269477249696 63.2706270618741
263000 21.96115164271 20.8432247683552 20.6952785438625 63.4996549549278
264000 22.0740077114708 20.945081103237 20.7798526521792 63.798941466887
265000 22.1236016551334 21.0165222592958 20.8352485806761 63.9753724951054
266000 22.2034964998685 21.0838216407511 20.8961659837845 64.1834841244041
267000 22.2917989000723 21.1550877266973 20.9728464641017 64.4197330908713
268000 22.3736805604284 21.2423242941399 21.0335209995577 64.6495258541259
269000 22.450987136408 21.3280825124934 21.0925861226563 64.8716557715577
270000 22.541399445392 21.3816463270947 21.1950493017942 65.1180950742809
271000 22.5870800354408 21.4564726893229 21.2525293588931 65.2960820836568
272000 22.6764527109293 21.5407614342054 21.3364061721902 65.5536203173249
273000 22.7676172998301 21.6282427169441 21.4250177666561 65.8208777834303
274000 22.8775598728044 21.7312277594737 21.4827627496268 66.0915503819049
275000 22.9391806264996 21.7825728452571 21.5453488131296 66.2671022848864
276000 23.0136997168559 21.8442570734866 21.6269657523221 66.4849225426646
277000 23.1081958317533 21.9313175150681 21.6892463926007 66.7287597394221
278000 23.1513763590271 22.0193346010029 21.7850387550928 66.9557497151227
279000 23.2448995078085 22.090542157643 21.8366990601998 67.1721407256514
280000 23.3308048118979 22.119163116475 21.8821849941641 67.332152922537
281000 23.4000255922627 22.1926844923647 21.9750824326618 67.5677925172892
282000 23.4913981830705 22.3021607129461 22.0484071458055 67.8419660418221
283000 23.5924882134715 22.3807924231898 22.1307963919922 68.1040770286535
284000 23.6635826646937 22.4468454512191 22.2134039380766 68.3238320539895
285000 23.7546500802518 22.5400694030541 22.2855805595088 68.5803000428146
286000 23.8295952026577 22.6302440768378 22.3849741042149 68.8448133837104
287000 23.9195340175602 22.7157646772631 22.4546113901499 69.0899100849732
288000 24.0265817473901 22.778421933577 22.5145158320764 69.3195195130435
289000 24.1005272400944 22.8596256408601 22.5977831293177 69.5579360102721
290000 24.1611554559517 22.9176895324742 22.6610946585787 69.7399396470046
291000 24.2525650301334 22.9976664597103 22.7638339428463 70.01406543269
292000 24.3378375608064 23.0785232475349 22.8326005405399 70.2489613488812
293000 24.4137975668582 23.1712806954476 22.8917479796321 70.4768262419379
294000 24.4806767965049 23.2632517385597 22.9630709874317 70.7069995224963
295000 24.5823523382362 23.3287893041321 23.0111930828939 70.9223347252622
296000 24.6369861557361 23.3860651470538 23.1048045618929 71.1278558646829
297000 24.7502236483484 23.4432790721879 23.1927317286268 71.3862344491631
298000 24.8279405271376 23.5320657816285 23.2523351869664 71.6123414957325
299000 24.8944561883951 23.5794646778722 23.3564111524474 71.8303320187146
300000 24.9564523526019 23.6655280713729 23.4434958065018 72.0654762304766
301000 25.0730665138342 23.7432723078963 23.4907792542209 72.3071180759515
302000 25.1238278850393 23.8102263093635 23.5855521063093 72.5196063007122
303000 25.2035670371851 23.8840042769814 23.6422216070714 72.7297929212379
304000 25.2897744700966 23.9561290994173 23.699960526006 72.9458640955199
305000 25.3483103843076 24.030644153411 23.7826297894005 73.161584327119
306000 25.4167266362651 24.1193497064392 23.8614924359064 73.3975687786107
307000 25.514875307059 24.198968406321 23.9270090099262 73.6408527233063
308000 25.5732615089353 24.325295634944 24.0034509756626 73.902008119542
309000 25.6497683112047 24.3753082444403 24.0740593358751 74.0991358915201
310000 25.7627081665 24.4545316710862 24.1550644579069 74.3723042954931
311000 25.8604301087234 24.52690295 24.2311220830146 74.618455141738
312000 25.9191509314291 24.5855908421023 24.3100172818745 74.8147590554059
313000 25.990762375652 24.6456684889354 24.3775595524257 75.0139904170131
314000 26.0546350717723 24.7532687192329 24.4694995767528 75.277403367758
315000 26.1127869360342 24.8321173311057 24.5617917418166 75.5066960089566
316000 26.1813922136246 24.9066944612028 24.6454185232785 75.7335051981059
317000 26.2899892734003 25.0110272015085 24.722561318393 76.0235777933017
318000 26.3106150940732 25.0561200899827 24.7760661694917 76.1428013535476
319000 26.4192689986207 25.1418637809898 24.8499767889828 76.4111095685934
320000 26.4859115411013 25.2339453436328 24.9070395551277 76.6268964398618
321000 26.5549797388862 25.3157276817393 24.9590310198582 76.8297384404837
322000 26.6175368454872 25.3799790296778 25.0482540304394 77.0457699056044
323000 26.6800382147847 25.4225336543708 25.1091958056484 77.2117676748039
324000 26.7578043341314 25.5157435286973 25.1596846310797 77.4332324939084
325000 26.8306372429016 25.5719042183415 25.240247455301 77.6427889165441
326000 26.8867435381387 25.6216485507786 25.3353553577968 77.8437474467141
327000 26.961855966642 25.6773804844133 25.415033055999 78.0542695070543
328000 27.0275272618359 25.7294217606333 25.5073227657649 78.2642717882341
329000 27.086268265639 25.8290638569874 25.5762079391635 78.4915400617898
330000 27.1675566004247 25.9394237306558 25.6856679218581 78.7926482529387
331000 27.2837330962426 26.0160383535823 25.7346913073299 79.0344627571549
332000 27.3625247791695 26.0850092865766 25.827679168582 79.2752132343282
333000 27.4456828410299 26.1717046710291 25.8988157393606 79.5162032514196
334000 27.5273632200366 26.2464052316299 25.97767315079 79.7514416024564
335000 27.6104180211804 26.3069654514435 26.039004301307 79.9563877739309
336000 27.6761143234222 26.3867138531683 26.089286527798 80.1521147043885
337000 27.7490654502634 26.4595296746778 26.1646963038844 80.3732914288257
338000 27.8200943475388 26.5093509699042 26.2308818325477 80.5603271499907
339000 27.8960365713125 26.5845746631193 26.2891960396543 80.769807274086
340000 27.9522401392448 26.6829651146629 26.3618520023277 80.9970572562354
341000 28.0352221495114 26.751421024466 26.4425485219673 81.2291916959447
342000 28.1277324291735 26.8397830118458 26.5467923220412 81.5143077630606
343000 28.1803129995045 26.9231789043292 26.5940443077832 81.6975362116168
344000 28.2667922353402 26.9812617665109 26.6895779096897 81.9376319115407
345000 28.3442520825955 27.0525438355066 26.7540587451242 82.1508546632264
346000 28.4245095783167 27.1356031208771 26.8220156483296 82.3821283475234
347000 28.51051227568 27.1768922776163 26.8939732945244 82.5813778478208
348000 28.573282433541 27.2528051409022 26.9531723649513 82.7792599393945
349000 28.6614362533496 27.3330137705567 27.0199530858528 83.014403109759
350000 28.727460523748 27.4153355859045 27.1180354679504 83.2608315776028
351000 28.8053479972493 27.5088061376577 27.1702513100819 83.4844054449889
352000 28.8816571495108 27.5629506231279 27.2828184740132 83.7274262466519
353000 28.9312099503014 27.6355292271848 27.3269182866414 83.8936574641276
354000 29.001925095958 27.7202435611921 27.4202587793404 84.1424274364905
355000 29.1000265204017 27.7913682225375 27.4691019058852 84.3604966488243
356000 29.1869644631507 27.8539719521993 27.5340708140081 84.5750072293582
357000 29.2972512700904 27.919427687675 27.6052649324005 84.8219438901659
358000 29.3805641203534 28.0089194698706 27.6784908971816 85.0679744874056
359000 29.4652493371172 28.0813229105235 27.7386662394816 85.2852384871223
360000 29.5351135560958 28.1274221391753 27.8208437316536 85.4833794269247
361000 29.5992506342934 28.2395000485112 27.8938655945602 85.7326162773648
362000 29.6830836661562 28.289565824473 27.9607417554313 85.9333912460605
363000 29.751084150693 28.3523889724529 28.0425677989781 86.146040922124
364000 29.8496532505188 28.4626414652832 28.1441466095047 86.4564413253067
365000 29.9030551538434 28.561527995801 28.1982237704501 86.6628069200945
366000 29.9602799846862 28.6293061704947 28.2685938776308 86.8581800328117
367000 30.0508891572652 28.7152393514328 28.3473587065409 87.113487215239
368000 30.133964444447 28.7809572461426 28.4024021607408 87.3173238513304
369000 30.198486881153 28.8717535588422 28.4710535102331 87.5412939502283
370000 30.2683518525608 28.932478778072 28.5583387632943 87.7591693939272
371000 30.3235915176072 29.0157239300927 28.6323525673071 87.971668015007
372000 30.4113852119196 29.0543814956997 28.7224046460237 88.1881713536429
373000 30.5217389747288 29.1158850280062 28.796902978544 88.4345269812791
374000 30.6080634567236 29.2144969460703 28.8822822268763 88.7048426296702
375000 30.6603605874631 29.2473379419549 28.9312067760604 88.8389053054784
376000 30.7586969583946 29.3288679294505 29.0233863255266 89.1109512133717
377000 30.82626013149 29.3791220860215 29.113504968119 89.3188871856305
378000 30.917851338866 29.4633584097137 29.1974228324581 89.5786325810378
379000 30.9797137839497 29.5328152732278 29.2361137818986 89.7486428390761
380000 31.0980822934786 29.5988792047701 29.3219469992505 90.0189084974992
381000 31.1470862942593 29.6668602531957 29.4395922186014 90.2535387660564
382000 31.2215946354152 29.766140377531 29.5163647636109 90.5040997765571
383000 31.3058470949945 29.8525462672418 29.5672264496124 90.7256198118487
384000 31.4130944589689 29.9229701499695 29.6264068816096 90.962471490548
385000 31.4579722277541 30.0094589393072 29.7126270191867 91.180058186248
386000 31.5521575058646 30.0936762686144 29.7534023201344 91.3992360946134
387000 31.6277122115244 30.170069799155 29.8291304548739 91.6269124655533
388000 31.7050592197128 30.2342092457695 29.936622479856 91.8758909453383
389000 31.7533613016798 30.3130316172322 29.9867891610954 92.0531820800074
390000 31.8356273832422 30.3588267309832 30.064307003156 92.2587611173814
391000 31.9063525690058 30.4697076021576 30.1404819666843 92.5165421378477
392000 31.999184790915 30.5137707344544 30.2348533441718 92.7478088695411
393000 32.1162691985888 30.5494027745424 30.3054460330525 92.9711180061837
394000 32.1981531054047 30.6489997409734 30.3869646708972 93.2341175172753
395000 32.266844514033 30.6864099243628 30.4163587471375 93.3696131855332
396000 32.3270593144554 30.7944311197638 30.511912590282 93.6334030245013
397000 32.421526774265 30.9099444229047 30.6138831892642 93.9453543864339
398000 32.4851686056059 30.9407588010808 30.6826328135558 94.1085602202424
399000 32.565691550947 31.0335735193401 30.7123641197992 94.3116291900863
400000 32.6560868375683 31.1096555741591 30.7875376309678 94.5532800426953
401000 32.7494827944498 31.196978205697 30.8953209686768 94.8417819688236
402000 32.8147969424424 31.2684893925368 30.9411799429436 95.0244662779228
403000 32.8926923602448 31.3034413797219 31.0081188260921 95.2042525660588
404000 32.9925968680891 31.4444646020455 31.0850241543109 95.5220856244454
405000 33.0749269722101 31.51384719523 31.1425234173255 95.7312975847656
406000 33.1362275577668 31.5861483867298 31.2301517881955 95.9525277326921
407000 33.2273923722443 31.6519142979457 31.2968868215575 96.1761934917475
408000 33.2713845206839 31.7164136475404 31.3756525185576 96.3634506867818
409000 33.3792780330812 31.7933922467135 31.4377805542727 96.6104508340674
410000 33.409268265851 31.8492358535449 31.5138205436127 96.7723246630086
411000 33.4979397800388 31.9099610863488 31.5788332831339 96.9867341495215
412000 33.5792374302844 32.0035908023954 31.6695842121579 97.2524124448377
413000 33.6419912343044 32.0812584877163 31.7618091021997 97.4850588242204
414000 33.726051808543 32.134823136983 31.8008206035923 97.6616955491183
415000 33.8022970514878 32.2336309792059 31.9056544232598 97.9415824539535
416000 33.8979534810558 32.3308560909894 31.9764880895586 98.2052976616038
417000 33.9466519074657 32.3782536400853 32.0384570097844 98.3633625573354
418000 34.0194658553237 32.4330730098849 32.1341399165907 98.5866787817993
419000 34.1059783601166 32.5276009445716 32.2282490993495 98.8618284040377
420000 34.1974196359526 32.5923368405004 32.2866995947025 99.0764560711555
421000 34.2673870635467 32.6444670777354 32.3628655841533 99.2747197254354
422000 34.3647985714092 32.7616813164388 32.4389897810542 99.5654696689022
423000 34.4339403285624 32.8557925405912 32.5053340359124 99.795066905066
424000 34.5222976012215 32.9187907266466 32.6013002998964 100.042388627765
425000 34.5517465527213 32.9718305940994 32.6626513242494 100.18622847107
426000 34.6076634892218 33.0284038408407 32.7421162952179 100.37818362528
427000 34.704542706026 33.1080499084418 32.8465033570036 100.659095971471
428000 34.7741184806867 33.2040941150549 32.9581612146643 100.936373810406
429000 34.842011445573 33.2424406923605 33.0016239036516 101.086076041585
430000 34.877094300798 33.3650927012332 33.0384302349478 101.280617236979
431000 34.9667935460082 33.4283138352441 33.1202540853908 101.515361466643
432000 35.0410163283468 33.5031522624704 33.2045643626529 101.74873295347
433000 35.1189964548245 33.5891839887262 33.2942394169028 102.002419860454
434000 35.1745674445192 33.6836827600998 33.3248330077922 102.183083212411
435000 35.2999232134288 33.7473453777481 33.4206334537324 102.467902044909
436000 35.3525019997603 33.8025950121853 33.4880474938311 102.643144505777
437000 35.4297702160121 33.8549248564109 33.5707122414793 102.855407313902
438000 35.5215905826818 33.955251394705 33.5929389275634 103.06978090495
439000 35.5789401154201 34.0217057437144 33.684321303379 103.284967162513
440000 35.6505350081921 34.0988205005448 33.7566272126768 103.505982721414
441000 35.75357684934 34.1889949247004 33.8338050211486 103.776376795189
442000 35.8387309976444 34.243774594228 33.9375019270552 104.020007518928
443000 35.9279043501099 34.3107904619837 34.0116379131293 104.250332725223
444000 36.0178224464468 34.3820260413484 34.0790240302778 104.478872518073
445000 36.123457942837 34.4459509346692 34.150515092265 104.719923969771
446000 36.2095731662307 34.5143649099436 34.280786122696 105.00472419887
447000 36.3084919555213 34.5629505778225 34.3301586058641 105.201601139208
448000 36.3778774301478 34.6836688067482 34.3944556494931 105.456001886389
449000 36.4758163003699 34.7299155410144 34.4872832862991 105.693015127683
450000 36.5511839662232 34.8245554969268 34.5386375443462 105.914377007496
451000 36.6121218955811 34.9044238938508 34.624909060603 106.141454850035
452000 36.6611803835927 34.8933798992784 34.6752026079068 106.229762890778
453000 36.761588080805 34.9723647901971 34.7574638028296 106.491416673832
454000 36.8290067315023 35.0275535553782 34.8536021837203 106.710162470601
455000 36.8927643203653 35.1066919453349 34.9242577654805 106.923714031181
456000 36.9566070517795 35.1791652293157 34.9901923901898 107.125964671285
457000 37.0693946910189 35.2342583086237 35.0560959858518 107.359748985494
458000 37.1305214899653 35.2965535686537 35.1360895912788 107.563164649898
459000 37.1950307655527 35.3969073344308 35.2107587864734 107.802696886457
460000 37.2633058519953 35.4600510327436 35.294590645629 108.017947530368
461000 37.3786032626127 35.5198242071932 35.3334385003919 108.231865970198
462000 37.4551144801372 35.5835830303252 35.3955797034957 108.434277213958
463000 37.5189543176163 35.6825671664805 35.4611752875463 108.662696771643
464000 37.5809977329899 35.7804902100287 35.5313795014538 108.892867444472
465000 37.663051097816 35.8494943211192 35.6062264633878 109.118771882323
466000 37.7445056451814 35.912042613432 35.6589103918217 109.315458650435
467000 37.8190761998185 35.9909603471005 35.7517839370417 109.561820483961
468000 37.8459065018951 36.0788656506104 35.8254897915847 109.75026194409
469000 37.9447840738706 36.1443357425081 35.9454309326312 110.03455074901
470000 38.0342270597536 36.2286513092842 35.9978127922824 110.26069116132
471000 38.0782531655354 36.3441649743886 36.0893670876878 110.511785227612
472000 38.1744412120884 36.3972574767241 36.1639924753467 110.735691164159
473000 38.2700597166152 36.4736408460342 36.2353247286881 110.979025291338
474000 38.3587634099146 36.5441528196533 36.3404319960156 111.243348225584
475000 38.4275875895459 36.6173970835607 36.4139719037991 111.458956576906
476000 38.4980508063229 36.669201506531 36.5009198887602 111.668172201614
477000 38.6020016122586 36.7212300932925 36.6002364526164 111.923468158168
478000 38.6907315022507 36.7870935270231 36.6605592810459 112.13838431032
479000 38.7794143220996 36.8795979254443 36.7288709512563 112.3878831988
480000 38.8429585389082 36.9546938768857 36.8096101044837 112.607262520278
481000 38.9073337604365 37.0021531024072 36.8627598991626 112.772246762006
482000 38.9960402716581 37.0463033549765 36.9248304202391 112.967174046874
483000 39.0591407691312 37.1270100506233 36.9749175788509 113.161068398605
484000 39.1542258277906 37.2132854364096 37.0491738015563 113.416685065756
485000 39.2263719109564 37.2884420781054 37.139545126915 113.654359115977
486000 39.2915960593578 37.3590689499112 37.1964647182565 113.847129727525
487000 39.3547707272415 37.4140960902927 37.2699226643584 114.038789481893
488000 39.4101486370348 37.4795270708778 37.321012479658 114.210688187571
489000 39.4845678376472 37.572673171127 37.3765008422978 114.433741851072
490000 39.5461841143113 37.6412912395786 37.4787823475067 114.666257701397
491000 39.6382774456233 37.6860207016187 37.5548923650324 114.879190512274
492000 39.70444271586 37.7656135462607 37.653076057839 115.12313231996
493000 39.7772204670907 37.8292295329392 37.7397660221571 115.346216022187
494000 39.8069274629572 37.9177267558828 37.7876134814879 115.512267700328
495000 39.9207514165407 37.9849662547988 37.8865003186409 115.79221798998
496000 39.9915603266796 38.0667751958452 37.9412846132669 115.999620135792
497000 40.0517449559942 38.1817227018167 38.0402408260677 116.273708483879
498000 40.1256109389711 38.2349321371548 38.1331144513282 116.493657527454
499000 40.1938140544793 38.2985069095121 38.1598608329666 116.652181796958
500000 40.2818891563337 38.3675380855665 38.2373527282003 116.8867799701
501000 40.3603199212791 38.4420689651193 38.3202809107351 117.122669797133
502000 40.4383284417291 38.528006218475 38.3462225249674 117.312557185172
503000 40.5111862104985 38.5742337386898 38.4396211911162 117.525041140304
504000 40.5851350112874 38.6920978567284 38.5500834894196 117.827316357435
505000 40.6625614193207 38.7341074818509 38.5996244776007 117.996293378772
506000 40.6712482419 38.7806307217124 38.6727178676305 118.124596831243
507000 40.7781338960416 38.8775033965084 38.7386012627754 118.394238555325
508000 40.8720339033264 38.9252306620432 38.7972697637111 118.594534329081
509000 40.9146716203209 39.0380100870771 38.864764638049 118.817446345447
510000 40.974368574932 39.0981487903495 38.9709488816962 119.043466246978
511000 41.079407332448 39.1256723898517 39.0567631557674 119.261842878067
512000 41.1661367631247 39.2241017879464 39.1112043596095 119.501442910681
513000 41.2330661625772 39.2985589046326 39.1836152720007 119.71524033921
514000 41.2957289433523 39.398633470365 39.2415531127485 119.935915526466
515000 41.3969793702097 39.4534952404953 39.3016940808221 120.152168691527
516000 41.4585243272884 39.5087974064662 39.370334448498 120.337656182253
517000 41.521851691244 39.6373140662355 39.4551413984233 120.614307155903
518000 41.6094886433351 39.6820426636685 39.5533286304115 120.844859937415
519000 41.7076600257492 39.7429957806227 39.6415900192486 121.092245825621
520000 41.7931579369632 39.8349180596206 39.6862131916087 121.314289188193
521000 41.8385622244848 39.9340799088703 39.7447162577269 121.517358391082
522000 41.9350988243273 40.000307263702 39.8488548150738 121.784260903103
523000 41.9991621224323 40.0771566552077 39.9360994150484 122.012418192688
524000 42.080670808689 40.109268502937 39.9612538655782 122.151193177204
525000 42.1382637235698 40.2262294433221 40.0423456590431 122.406838825935
526000 42.1925546432636 40.304619967314 40.0878824122957 122.585057022873
527000 42.263876314359 40.3834626365558 40.1772892090682 122.824628159983
528000 42.3471866178577 40.4302952045714 40.2517136076408 123.02919543007
529000 42.4279883542862 40.49638628654 40.2920828075275 123.216457448354
530000 42.5044935274195 40.5723690742772 40.3606328550605 123.437495456757
531000 42.5715582987483 40.638668763827 40.3911950210872 123.601422083662
532000 42.6371514554648 40.692586926465 40.5042070313055 123.833945413235
533000 42.7313246219174 40.7921604927216 40.5352783534806 124.05876346812
534000 42.8012315887552 40.874492012945 40.6271149476388 124.302838549339
535000 42.8811200042385 40.9688274600558 40.6982594762285 124.548206940523
536000 42.9639804072486 40.9911166339465 40.7807472082821 124.735844249477
537000 43.0348085882551 41.0757829356435 40.8293247515937 124.939916275492
538000 43.0979440012647 41.2000256489669 40.8773696392905 125.175339289522
539000 43.1565186175379 41.2667832373831 40.9792964295959 125.402598284517
540000 43.2289992915241 41.3140672277798 40.9958654119186 125.538931931223
541000 43.2843339264965 41.3954665998183 41.0793659967864 125.759166523101
542000 43.3963912396697 41.4760186113962 41.1315800983916 126.003989949457
543000 43.4854906621138 41.516009269091 41.2225471564334 126.224047087638
544000 43.5300722267556 41.5858153647141 41.2579909133783 126.373878504848
545000 43.5758411267596 41.6650801573041 41.3642686774401 126.605189961504
546000 43.6402583419191 41.7624479626308 41.4163107515413 126.819017056091
547000 43.7096840038793 41.8223119621621 41.5049973635002 127.036993329542
548000 43.8048388238302 41.9092116558635 41.5646886309702 127.278739110664
549000 43.8870020987188 42.0148442715367 41.6320136521004 127.533860022356
550000 43.9791558444897 42.1136556030939 41.7050227310752 127.797834178659
551000 44.0445070690827 42.1916111238345 41.8125484363676 128.048666629285
552000 44.1094625045238 42.2839147473144 41.9029147077376 128.296291959576
553000 44.2347017241559 42.3351910813077 41.9838556141986 128.553748419662
554000 44.2654821022074 42.4095044578485 42.0592366736188 128.734223233675
555000 44.3125969233214 42.4954141181856 42.1309956721826 128.93900671369
556000 44.3903917580918 42.5252794885762 42.2551810948073 129.170852341475
557000 44.4646746557839 42.6256151461634 42.3536291492421 129.443918951189
558000 44.5625800661644 42.7024130775754 42.3748805877657 129.639873731506
559000 44.6334736726309 42.7768289332471 42.4911905231252 129.901493129003
560000 44.7028634816608 42.8865510888911 42.5808854952851 130.170300065837
561000 44.8030453318374 42.9609829208619 42.656378998933 130.420407251632
562000 44.869483162211 43.0150778928491 42.7416272797161 130.626188334776
563000 44.9581206537559 43.0932625930544 42.807772555881 130.859155802691
564000 45.0508205374427 43.18958552649 42.8411723951122 131.081578459045
565000 45.1505085600089 43.2110173017942 42.9469308302652 131.308456692068
566000 45.184282858587 43.3275044700069 42.9921573603344 131.503944688928
567000 45.2436975446079 43.3623119855737 43.0454998020768 131.651509332258
568000 45.3372580411576 43.4104077377716 43.107815777125 131.855481556054
569000 45.4400840213585 43.5062597003099 43.1946230176127 132.140966739281
570000 45.4969812558362 43.5605268676901 43.3116641585225 132.369172282049
571000 45.5860589785978 43.6058731770597 43.3749774193285 132.566909574986
572000 45.6424751180906 43.6741760619486 43.4673094070418 132.783960587081
573000 45.7737995126349 43.775008215961 43.5185289075484 133.067336636144
574000 45.8473044448634 43.819360398034 43.654989779853 133.32165462275
575000 45.8756591560533 43.9143189947322 43.7046668952341 133.49464504602
576000 45.935644288815 43.9797715592462 43.7941875151074 133.709603363169
577000 46.0205695439457 44.0744281795542 43.8692811457672 133.964278869267
578000 46.0607463954305 44.1182851896437 43.8982271528705 134.077258737945
579000 46.1454645093339 44.2143918646559 44.0049911649985 134.364847538988
580000 46.2218446144896 44.3079575522411 44.0568247707302 134.586626937461
581000 46.3348166694169 44.3655942189975 44.1086944868674 134.809105375282
582000 46.3919906854318 44.3742401338459 44.1822313112068 134.948462130485
583000 46.4708696893192 44.4239706003845 44.2704374827733 135.165277772477
584000 46.485786884252 44.4811286721265 44.3534371124882 135.320352668867
585000 46.5743584953489 44.5620782429078 44.4365554986887 135.572992236945
586000 46.6746011836127 44.6451197331756 44.5296368798202 135.849357796609
587000 46.7202313709336 44.6979585295445 44.6144685834113 136.032658483889
588000 46.8012966955297 44.7440468068448 44.6746242199046 136.219967722279
589000 46.8305111972895 44.8204527695458 44.7401913612932 136.391155328129
590000 46.9614788707765 44.9077314129398 44.8172315316247 136.686441815341
591000 47.028834503705 44.9793678718431 44.8849811816833 136.893183557231
592000 47.0888025558383 45.0247299796639 44.9869799726647 137.100512508167
593000 47.1402186771161 45.0969317975201 45.0745830067826 137.311733481419
594000 47.2449210560288 45.1550915551954 45.1242832689643 137.524295880189
595000 47.2815845158543 45.2204097459112 45.1884058287912 137.690400090557
596000 47.3545824403925 45.3155687005818 45.2650599505839 137.935211091558
597000 47.4381064609232 45.4100373863404 45.3468056918155 138.194949539079
598000 47.5197257875236 45.4672875159386 45.4504664775555 138.437479781018
599000 47.6067427468026 45.5448116178652 45.4901495635897 138.641703928257
600000 47.6702160452703 45.6454525796438 45.5343834775289 138.850052102443
601000 47.8120756815016 45.7126927854054 45.5991045624044 139.123873029311
602000 47.8248775182354 45.790362926309 45.6332381984928 139.248478643037
603000 47.9124195862573 45.8940937521206 45.7402666533934 139.546779991771
604000 48.0066190563975 45.9447308354826 45.8309519588075 139.782301850688
605000 48.0783357439296 46.0234986168088 45.8497991754022 139.951633536141
606000 48.1696046454135 46.1029385114242 45.9640705403294 140.236613697167
607000 48.2646914880837 46.1494914016153 46.0128257692791 140.427008658978
608000 48.3237189443177 46.2412493174526 46.0877478699503 140.652716131721
609000 48.4307307388663 46.342172500738 46.1553808289704 140.928284068575
610000 48.4485319874834 46.3946898042487 46.2072132328734 141.050435024605
611000 48.5178092216139 46.4418633465791 46.2399386751344 141.199611243327
612000 48.6334408389068 46.4962130030825 46.3515024403486 141.481156282338
613000 48.6963276791596 46.5748840397401 46.4169248418866 141.688136560786
614000 48.7630494675102 46.6353444853063 46.4847659239465 141.883159876763
615000 48.8479099097481 46.6843875320542 46.5445361586492 142.076833600451
616000 48.8935689399342 46.7672107881387 46.6249897962376 142.28576952431
617000 49.0052021081336 46.8776479012082 46.6848186302609 142.567668639603
618000 49.1024315650865 46.9425294150623 46.7448814816449 142.789842461794
619000 49.1850505514458 47.0560373132137 46.8346471884539 143.075735053113
620000 49.2690264575654 47.1232715356555 46.9617372053535 143.354035198574
621000 49.3337549125219 47.1853508626989 46.9959476735511 143.515053448772
622000 49.3914389939183 47.2715283970573 47.0481441345938 143.711111525569
623000 49.4552800947735 47.3578965505348 47.0843242349949 143.897500880303
624000 49.5369512097087 47.4073030093238 47.1717721975789 144.116026416611
625000 49.6008087465872 47.4804335537596 47.2169240827187 144.298166383066
626000 49.6791545867344 47.5957796273869 47.2793190184774 144.554253232599
627000 49.7674919319568 47.623947004252 47.3780662179014 144.76950515411
628000 49.8305311887176 47.7159357388368 47.4334220525848 144.979888980139
629000 49.8945149040404 47.7743789653583 47.496856853864 145.165750723263
630000 49.983807301261 47.8763404183951 47.6126766703435 145.47282439
631000 50.0836869726619 47.9112041236573 47.6683881865372 145.663279282856
632000 50.1432913880103 48.0257110054669 47.7618706978678 145.930873091345
633000 50.2053392399102 48.1036952590912 47.8259207788567 146.134955277858
634000 50.3010474266873 48.1719194867813 47.889282849055 146.362249762524
635000 50.3395863516931 48.2397157443114 47.9716820822301 146.550984178235
636000 50.4327285875568 48.3530510411585 48.0263819825003 146.812161611216
637000 50.5268261290764 48.4392913803139 48.0751573886679 147.041274898058
638000 50.5625691205613 48.4945592310029 48.1556001305786 147.212728482143
639000 50.6574154445694 48.5645032904879 48.2340158454645 147.455934580522
640000 50.7498061814832 48.6724834890578 48.3088722154245 147.731161885966
641000 50.8613154419024 48.7335243301761 48.3790058653733 147.973845637452
642000 50.9097896633645 48.7706485408661 48.4510782213343 148.131516425565
643000 50.9967070975068 48.8800981200908 48.5064164635198 148.383221681117
644000 51.074910992712 48.9828072565598 48.6240524708106 148.681770720082
645000 51.1797478507644 49.0052697178901 48.6740246678041 148.859042236459
646000 51.2156415519131 49.0433443845989 48.7344197935684 148.993405730081
647000 51.2938384116524 49.1151315056586 48.8154562062033 149.224426123514
648000 51.3519137775006 49.195731286995 48.8897538866514 149.437398951147
649000 51.4252349071792 49.2792679875936 48.9554802392054 149.659983133978
650000 51.4798195539241 49.3637136467321 49.0111062730155 149.854639473672
651000 51.536741454716 49.4098133541043 49.0765636330326 150.023118441853
652000 51.6479261381265 49.5039310322728 49.0963209341026 150.248178104502
653000 51.7420197659017 49.5831202691552 49.1897200115567 150.514860046614
654000 51.8662592543761 49.6420017363501 49.3093545527684 150.817615543495
655000 51.9327411790606 49.7464397870122 49.383006108556 151.062187074629
656000 52.0116242560086 49.820535305941 49.4504306663612 151.282590228311
657000 52.0995671210834 49.9113305516288 49.5343056274563 151.545203300169
658000 52.1585789728171 49.939515054575 49.5983208799339 151.696414907326
659000 52.2614869923823 49.9658143081178 49.7116554863527 151.938956786853
660000 52.3441147696623 50.036389845765 49.7576337415769 152.138138357004
661000 52.4075744695103 50.082208992679 49.8169902044057 152.306773666595
662000 52.4304601886004 50.1730214324146 49.8792979095743 152.482779530589
663000 52.5766427157459 50.2537448912631 49.9947344386426 152.825122045652
664000 52.6498224447226 50.3110462074291 50.0287838770057 152.989652529157
665000 52.6849621044809 50.3640637073013 50.1298605566626 153.178886368445
666000 52.7625690792803 50.4215830519983 50.2101457159152 153.394297847194
667000 52.8442191607698 50.5019844979385 50.283535245801 153.629738904509
668000 52.8971508252962 50.6289277028721 50.3497025373465 153.875781065515
669000 52.9895300012334 50.7251225637441 50.4105062347135 154.125158799691
670000 53.0999675847614 50.8077747463278 50.4853630496113 154.393105380701
671000 53.1590856313151 50.9381796207094 50.5666934170555 154.66395866908
672000 53.2853445933584 50.9718747269727 50.6176201209372 154.874839441268
673000 53.343051377547 51.0523122636011 50.7446930038846 155.140056645033
674000 53.3917126990496 51.0934574970579 50.7904927296065 155.275662925714
675000 53.4670003196354 51.1927831296886 50.8589171774262 155.51870062675
676000 53.5557721614814 51.2413304138614 50.9569489100902 155.754051485433
677000 53.6190172790038 51.3041269411036 50.995133668118 155.918277888225
678000 53.7206350591136 51.3800941719629 51.0959446268084 156.196673857885
679000 53.8105896611882 51.4922681434989 51.1546480540649 156.457505858752
680000 53.8435917046721 51.5429669037228 51.2727547220015 156.659313330396
681000 53.8910153020829 51.6037386543915 51.3469129134523 156.841666869927
682000 53.9527397851772 51.7286589243339 51.4548926168793 157.13629132639
683000 54.017330973792 51.7986637460379 51.5097831366209 157.325777856451
684000 54.1160108800215 51.8611108970292 51.5860773645817 157.563199141632
685000 54.1679986058319 51.8971204981229 51.5984357418528 157.663554845808
686000 54.2484558731405 51.969769147921 51.6848240431286 157.90304906419
687000 54.2934746072648 52.0526619140358 51.6974681204093 158.04360464171
688000 54.3863484467029 52.0992992356831 51.8130125989312 158.298660281317
689000 54.4512253165965 52.1463309320972 51.8969960011573 158.494552249851
690000 54.501633786741 52.2412908967481 51.9363064671745 158.679231150664
691000 54.6123309196668 52.2934862509254 52.0208531691252 158.926670339717
692000 54.6981590835938 52.3680393876781 52.0655671283449 159.131765599617
693000 54.7841209779271 52.4712983073965 52.1398888210742 159.395308106398
694000 54.8442326857317 52.4945932678218 52.1694032370644 159.508229190618
695000 54.8922177100618 52.6077396415456 52.2220381976198 159.721995549227
696000 55.0355290973912 52.6881944696873 52.322865489453 160.046589056532
697000 55.0884707002133 52.7768662953968 52.437913405215 160.303250400825
698000 55.1804764849231 52.862237969061 52.4773645584198 160.520079012404
699000 55.221005662096 52.9387134235863 52.5523326689635 160.712051754646
700000 55.3469928056314 52.9715723836492 52.6411604042425 160.959725593523
701000 55.4242860965787 53.0298900515321 52.6918233839505 161.145999532061
702000 55.4605544538438 53.1154712154464 52.7726375316475 161.348663200938
703000 55.5555445305519 53.1652771627679 52.8313943322614 161.552216025581
704000 55.6458853448405 53.2576120657494 52.90573615858 161.80923356917
705000 55.7315512308306 53.2941670279478 52.9942231336524 162.019941392431
706000 55.7906922942425 53.3844522598923 53.0210404868299 162.196185040965
707000 55.8721129713628 53.4316266167059 53.1166481559274 162.420387743996
708000 55.9326296894499 53.5095146587302 53.1548313521877 162.596975700368
709000 56.0343252521249 53.58606488242 53.2601584751581 162.880548609703
710000 56.0883568267198 53.6473954866917 53.2984945972267 163.034246910638
711000 56.1724490377159 53.7374468413079 53.357821324165 163.267717203189
712000 56.2261479321083 53.7870041018115 53.4603833520052 163.473535385925
713000 56.2735525285106 53.8730244188882 53.5448794714495 163.691456418848
714000 56.3870814780566 53.9342420773295 53.6160446088949 163.937368164281
715000 56.4712791149959 53.9874050472443 53.7207781253732 164.179462287613
716000 56.5324296455118 54.0625577254354 53.770335838928 164.365323209875
717000 56.6180777687261 54.1576140952347 53.81133314748 164.587025011441
718000 56.676856601116 54.2045268871232 53.8829944658135 164.764377954053
719000 56.7148329591089 54.2657625117621 53.9619628387704 164.942558309641
720000 56.811468370576 54.3447368695437 54.0547046299119 165.210909870032
721000 56.9047977282383 54.4227687297935 54.1636339361137 165.491200394145
722000 56.9718311947476 54.463586149259 54.2239760099378 165.659393353944
723000 57.0543976450901 54.5702187849498 54.2586680197979 165.883284449838
724000 57.1702479692816 54.6512524386301 54.3369401400707 166.158440547982
725000 57.2504036730225 54.7475816706512 54.4175872204878 166.415572564162
726000 57.2873806755365 54.8384252449259 54.501143831413 166.626949751875
727000 57.3873487395655 54.9143850374164 54.5735923503252 166.875326127307
728000 57.4811982059598 54.9543399488004 54.6883838366017 167.123921991362
729000 57.5390885671686 55.0441360539735 54.7439072165673 167.327131837709
730000 57.6072069494369 55.1193322361397 54.8422515278178 167.568790713394
731000 57.6579924018909 55.183028731028 54.8564768434249 167.697497976344
732000 57.7525332574249 55.2243003280389 54.9463534977159 167.92318708318
733000 57.8233974066106 55.3230311591142 54.999343873619 168.145772439344
734000 57.8864705235185 55.3652128234818 55.0827075898041 168.334390936804
735000 57.9904311137789 55.4312187356879 55.0865720769792 168.508221926446
736000 58.055777018784 55.4743091874431 55.213698385209 168.743784591436
737000 58.1994355815947 55.5693212290891 55.2692009926171 169.037957803301
738000 58.2371750234518 55.6532300825044 55.3902375289662 169.280642634922
739000 58.2847868221181 55.7280202059317 55.4361639976015 169.448971025651
740000 58.3718355766478 55.8057040655295 55.4936389297374 169.671178571915
741000 58.4842181626385 55.8737632749166 55.6133728677816 169.971354305337
742000 58.4925923638483 55.9544765714346 55.6442331506487 170.091302085932
743000 58.5771735260508 56.069872229579 55.7094572031028 170.356502958733
744000 58.6216018359235 56.1237683138019 55.759070886891 170.504441036616
745000 58.7379482558714 56.208988747995 55.8462019089881 170.793138912854
746000 58.7791625736644 56.2722071590365 55.9386335826703 170.990003315371
747000 58.8410902220682 56.328978198931 55.9753322316913 171.145400652691
748000 58.9029097849792 56.3686324652424 56.0857858655798 171.357328115801
749000 58.9793390685678 56.4544023030802 56.1604841172335 171.594225488882
750000 59.0647756442518 56.5164867368273 56.2133161734425 171.794578554522
751000 59.1712686034025 56.5492227849357 56.3234480679354 172.043939456274
752000 59.2355741716345 56.6517669840544 56.3704752740056 172.257816429695
753000 59.3114221700578 56.6725679408705 56.4384665064031 172.422456617331
754000 59.4132002602631 56.7731130435534 56.4889682626275 172.675281566444
755000 59.4699774085544 56.8049689686585 56.5565734308687 172.831519808082
756000 59.5330617872364 56.8902312148664 56.6309414883756 173.054234490478
757000 59.6416687668507 56.9566853123381 56.7113817555897 173.309735834779
758000 59.7099026685251 57.0029469758782 56.7756377464112 173.488487390814
759000 59.8009712814745 57.0624623904491 56.8569825414245 173.720416213348
760000 59.8435832237742 57.1251196091478 56.9325434024574 173.901246235379
761000 59.8749191081517 57.2052126781076 57.0270940527181 174.107225838977
762000 59.9313194290379 57.27042721177 57.1044697064729 174.306216347281
763000 59.9969172266139 57.3257973469646 57.180074214173 174.502788787751
764000 60.0805930840441 57.3827582237123 57.2703863182591 174.733737626016
765000 60.1291798146435 57.4702894318323 57.3385207023831 174.937989948859
766000 60.2125873684046 57.5462165470442 57.407295813901 175.16609972935
767000 60.2426472752877 57.5642910675387 57.4403458285449 175.247284171371
768000 60.2688813262475 57.664091478362 57.5446901472241 175.477662951834
769000 60.3250319239834 57.7358932391893 57.6119758805882 175.672901043761
770000 60.387360876612 57.8117533968271 57.6866294050586 175.885743678498
771000 60.4393370417585 57.8869436720011 57.7717641647237 176.098044878483
772000 60.4972281547931 57.974363667296 57.835235637689 176.306827459778
773000 60.5325367152917 58.0176244236093 57.857664488399 176.4078256273
774000 60.6155903651152 58.100897827119 57.9591671767138 176.675655368948
775000 60.6945269008492 58.1787133265802 58.0585551524102 176.93179537984
776000 60.7391566901982 58.2201093884331 58.0724806853703 177.031746764002
777000 60.8249988261684 58.3170430188503 58.1859877444139 177.328029589433
778000 60.9082346798851 58.3737031805673 58.2515474408624 177.533485301315
779000 60.9655259706697 58.4760562066063 58.3521270914565 177.793709268733
780000 61.0567854582413 58.537027794047 58.3834143466514 177.97722759894
781000 61.1346171306268 58.577252766107 58.4765511771792 178.188421073913
782000 61.1937339190394 58.667393745119 58.519831780533 178.380959444691
783000 61.3238285813706 58.7265574560744 58.5632047210209 178.613590758466
784000 61.3506151673833 58.8086789917026 58.6645572107869 178.823851369873
785000 61.4287809461723 58.8464654869197 58.7580518489832 179.033298282075
786000 61.5122531530109 58.9194580792034 58.8210314604162 179.25274269263
787000 61.6328606757201 58.9921038379442 58.9046203400218 179.529584853686
788000 61.6795831115663 58.9934034235921 58.9740669416308 179.647053476789
789000 61.7709934062657 59.1181336525707 59.0025595918232 179.89168665066
790000 61.8167955464861 59.167474955368 59.0614041698914 180.045674671745
791000 61.9365073675676 59.2918969816749 59.124252012183 180.352656361425
792000 62.0240301377985 59.3213108947039 59.2286160225554 180.573957055058
793000 62.0750425776138 59.3904382413308 59.3489481995469 180.814429018491
794000 62.1598649139218 59.46080106172 59.3812712496206 181.001937225262
795000 62.2508646444153 59.5637482826128 59.4906609584014 181.305273885429
796000 62.2459345640651 59.6503339855145 59.5674091303334 181.463677679913
797000 62.3802247786654 59.7119872232036 59.5981360773867 181.690348079256
798000 62.4230620205096 59.7881311421419 59.659220632559 181.87041379521
799000 62.5152356322485 59.8244813630437 59.7245633038325 182.064280299125
800000 62.5821272481907 59.9072064943656 59.8074823540787 182.296816096635
801000 62.6267793992524 59.9890341941207 59.9001565633333 182.515970156706
802000 62.6892236237259 60.0864760139541 59.9197070366463 182.695406674326
803000 62.7617872257061 60.1880155929306 59.9642783793548 182.914081197991
804000 62.8420201339842 60.2152460431709 60.0578563363062 183.115122513461
805000 62.9341569337074 60.3105628633806 60.1461373167479 183.390857113836
806000 63.0251405279686 60.4252531311372 60.2491177721204 183.699511431226
807000 63.0701243020954 60.4845479947106 60.3215964270171 183.876268723823
808000 63.1432363347771 60.532671589979 60.3665406714865 184.042448596243
809000 63.1994603668506 60.5959119367914 60.4728989345081 184.26827123815
810000 63.2685845825385 60.6800141474193 60.4904351983539 184.439033928312
811000 63.3849723063533 60.7461220482562 60.5662278850329 184.697322239642
812000 63.4649643156489 60.8342462490699 60.6533802443926 184.952590809111
813000 63.5527623290045 60.8665439301705 60.7062354506215 185.125541709796
814000 63.6640621246078 60.9199885458174 60.7475939456582 185.331644616083
815000 63.7511234105297 61.0174711505209 60.8350879916951 185.603682552746
816000 63.8377014094687 61.1004214097128 60.9676570425394 185.905779861721
817000 63.8964608288605 61.178505618296 61.0343635135384 186.109329960695
818000 64.0004088956808 61.2428170113221 61.1485917322084 186.391817639211
819000 64.0213834128061 61.3288520711125 61.2167389755684 186.566974459487
820000 64.1523640664114 61.3953365021864 61.2729791674014 186.820679735999
821000 64.1891389335844 61.4579100763229 61.3499599444411 186.997008954348
822000 64.2906503742446 61.5355529022668 61.4665879402084 187.29279121672
823000 64.3714263542281 61.6517472351223 61.4947275747568 187.517901164107
824000 64.4016458200629 61.7114902459351 61.5795144672895 187.692650533287
825000 64.5347700157741 61.7804527960643 61.6216008263131 187.936823638152
826000 64.5909620618409 61.8275489921941 61.6765280965051 188.09503915054
827000 64.7010303270873 61.8692410995007 61.7647271725988 188.334998599187
828000 64.7892943983909 61.9976837941257 61.8410489735626 188.628027166079
829000 64.8156587248066 62.0284650854346 61.9104407322696 188.754564542511
830000 64.8763475967479 62.1454751825261 61.940876718573 188.962699497847
831000 64.9266163183593 62.1794360696445 62.0149876507589 189.121040038763
832000 65.0120654655919 62.2955650980306 62.075627446176 189.383258009799
833000 65.0707549134381 62.310207196404 62.1759871020745 189.556949211917
834000 65.146375827146 62.4305326082885 62.2177250279068 189.794633463341
835000 65.2174186323485 62.4771749196583 62.2904132756972 189.985006827704
836000 65.2825125031675 62.5205678666068 62.3447213332685 190.147801703043
837000 65.3706205996031 62.6189390366655 62.4145621693652 190.404121805634
838000 65.4340738504106 62.6352441270761 62.508061399201 190.577379376688
839000 65.5555766001085 62.7761977706873 62.5138861404386 190.845660511234
840000 65.6214539383656 62.8364053310243 62.6029638624278 191.060823131818
841000 65.6933544371766 62.8861856470108 62.6757394526743 191.255279536862
842000 65.7235547653611 63.0175734734779 62.7438706854938 191.484998924333
843000 65.8283222151355 63.0757488242358 62.8037881013165 191.707859140688
844000 65.8933706251137 63.1974332631202 62.8811740753175 191.971977963551
845000 65.9874062258719 63.2056225855937 62.9568562647755 192.149885076241
846000 66.0360363273297 63.3033138080568 62.9991945166862 192.338544652073
847000 66.1239419564775 63.4157028665168 63.0966459152199 192.636290738214
848000 66.1735737304723 63.438489562617 63.1558651532564 192.767928446346
849000 66.208796771271 63.4911059751849 63.2631726683517 192.963075414808
850000 66.2912892881508 63.5775881484295 63.3009553559013 193.169832792482
851000 66.3738341412624 63.6246228874992 63.3897341187312 193.388191147493
852000 66.3943981934992 63.7109559894053 63.4688565854377 193.574210768342
853000 66.4916383070326 63.8096225810058 63.5480770460264 193.849337934065
854000 66.5493084484631 63.8731713026803 63.612179607695 194.034659358838
855000 66.6294672895153 63.9611470845416 63.6925607095659 194.283175083623
856000 66.6871282798839 64.0100899713782 63.7603483288493 194.457566580111
857000 66.7934104610858 64.0695064697249 63.8074569802892 194.6703739111
858000 66.8212010533717 64.1533169762262 63.8910502514095 194.865568281007
859000 66.8804090348749 64.2209510300875 63.9914560791371 195.092816144099
860000 66.9219610496167 64.2792840776604 64.0487761504753 195.250021277752
861000 66.9530784416289 64.3715874019362 64.1041600812295 195.428825924795
862000 67.0515378696015 64.4042817363804 64.1120793544316 195.567898960413
863000 67.1356159582762 64.493002737408 64.1893708048117 195.817989500496
864000 67.2694067018792 64.6005787405745 64.2579556369557 196.127941079409
865000 67.3215537887275 64.6571387309578 64.3340371909476 196.312729710633
866000 67.3775812974229 64.754768258899 64.442199818092 196.574549374414
867000 67.4404191645082 64.8101461026018 64.4817743122449 196.732339579355
868000 67.579149251723 64.8398830636791 64.5421134501239 196.961145765526
869000 67.6737902702273 64.9724088102145 64.6054143642838 197.251613444726
870000 67.7320265301667 65.0439075044799 64.6735582186304 197.449492253277
871000 67.7874608530144 65.0939983206614 64.7550731153705 197.636532289046
872000 67.8144535113289 65.1696021648638 64.8289227798816 197.812978456074
873000 67.8855161287955 65.2456609996623 64.94378668048 198.074963808938
874000 67.9176520765701 65.2882301283595 64.9964506316636 198.202332836593
875000 67.9612025521324 65.4067963934364 65.057669472757 198.425668418326
876000 68.0907364018763 65.4418073584455 65.1445839522569 198.677127712579
877000 68.134578840638 65.4911872829033 65.2294519579786 198.85521808152
878000 68.1780189478032 65.5790127588901 65.2996717272753 199.056703433969
879000 68.3014337994085 65.6236973000964 65.3149328915964 199.240063991101
880000 68.3982992637292 65.6833110136279 65.3658406658085 199.447450943166
881000 68.4434555125921 65.7574925829675 65.4343443263869 199.635292421946
882000 68.5133782835011 65.8646218063411 65.5118478858847 199.889847975727
883000 68.6149771871287 65.9142519837198 65.5676079960519 200.0968371669
884000 68.6941751809288 65.9438901155822 65.6061705272889 200.2442358238
885000 68.749472000369 66.0424876272141 65.6798414322125 200.471801059796
886000 68.8678428427219 66.0582175695199 65.738309138125 200.664369550367
887000 68.9422113684113 66.125073868153 65.7630310966755 200.83031633324
888000 68.9491375209837 66.1963606644187 65.9068646186845 201.052362804087
889000 69.0323069073938 66.2823985364202 65.9755105716131 201.290216015427
890000 69.1027417030153 66.3741731691283 66.0818032820988 201.558718154242
891000 69.1489074431792 66.4439691757419 66.140824275753 201.733700894674
892000 69.2635263550125 66.4948759566785 66.2243592624784 201.982761574169
893000 69.3223412017994 66.5874820387816 66.3214752418424 202.231298482423
894000 69.3790487061232 66.6517558875949 66.3405164745855 202.371321068304
895000 69.4437352873671 66.7057139651473 66.4493310848976 202.598780337412
896000 69.5197754241808 66.7785498182646 66.5263441286645 202.82466937111
897000 69.5678919089291 66.7905871171267 66.5889558169962 202.947434843052
898000 69.6678156047894 66.8504945430364 66.5937627518015 203.112072899627
899000 69.7273566199674 66.9544762821842 66.6864703834769 203.368303285629
900000 69.7791096260311 66.9997221198743 66.7960690631528 203.574900809058
901000 69.8367964999254 67.0815481881376 66.885357851069 203.803702539132
902000 69.8557083773241 67.0654824113171 66.9403557832049 203.861546571846
903000 69.9178653930926 67.1736484293207 66.9644738047607 204.055987627174
904000 70.0313399193189 67.2659458660246 67.050316137372 204.347601922715
905000 70.0962898064712 67.3252729013378 67.0644219902008 204.48598469801
906000 70.1972215168869 67.4213494672102 67.1086370127418 204.727207996839
907000 70.2974688416887 67.523966148473 67.2113079720321 205.032742962194
908000 70.3589053978198 67.5329994088442 67.2819469738474 205.173851780511
909000 70.3732756650817 67.6266142456292 67.309110240696 205.309000151407
910000 70.4346555734767 67.710433014695 67.3846041241159 205.529692712288
911000 70.4880603368137 67.7936610834074 67.4522747480609 205.733996168282
912000 70.562099780699 67.819917231824 67.5388007950394 205.920817807562
913000 70.6257285046776 67.8507379188924 67.617895348691 206.094361772261
914000 70.670613988784 67.921020687137 67.6923751530574 206.284009828978
915000 70.7490283201442 68.0118923886309 67.7500380950703 206.510958803845
916000 70.8811140704827 68.0845435255653 67.8673737941125 206.833031390161
917000 70.8808061283894 68.1947471857136 67.9136111634369 206.98916447754
918000 70.9523125038248 68.238250205144 67.9911653051518 207.181728014121
919000 71.0434910980818 68.2917190376386 68.0777875462928 207.412997682013
920000 71.0899151495849 68.385033117076 68.1042544281999 207.579202694861
921000 71.1611409323336 68.4048967817508 68.145767969783 207.711805683867
922000 71.2107140257682 68.5205405867411 68.2278122984553 207.959066910965
923000 71.2949753044144 68.5773189570566 68.3642758092538 208.236570070725
924000 71.3975991071459 68.5889605208687 68.4669584922957 208.45351812031
925000 71.4841486234153 68.7088329518893 68.5175101551964 208.710491730501
926000 71.5499478445999 68.7133467351839 68.6057598645687 208.869054444352
927000 71.6205362752198 68.8074231702425 68.6749396686406 209.102899114103
928000 71.6516952114772 68.8858334915694 68.7302326926935 209.26776139574
929000 71.7486655863282 69.0027528475684 68.778736337992 209.530154771889
930000 71.859553490155 69.0700190654253 68.838084473576 209.767657029156
931000 71.9659968728269 69.1169170700788 68.9213710351612 210.004284978067
932000 71.9359709744187 69.2288406958232 68.957555719391 210.122367389633
933000 72.0484591391622 69.3376956735285 69.0271095915277 210.413264404218
934000 72.1467315788227 69.4282086912097 69.1312984538465 210.706238723879
935000 72.1807725924248 69.4990474565705 69.128384903382 210.808204952377
936000 72.2822636251966 69.5278401244542 69.2185436966693 211.02864744632
937000 72.361380418695 69.6071885509052 69.305375354201 211.273944323801
938000 72.3525456784875 69.6945840356121 69.3663722625926 211.413501976692
939000 72.4667979466933 69.7302444714982 69.4493306690531 211.646373087245
940000 72.5112736048344 69.8813938368903 69.4882376915923 211.880905133317
941000 72.6241913924779 69.9595848128144 69.5639387677362 212.147714973029
942000 72.7081981061461 69.994060844151 69.5882562278874 212.290515178185
943000 72.6901047221495 70.0461393807167 69.6186129987105 212.354857101577
944000 72.8195597019782 70.0928760292375 69.6768608263093 212.589296557525
945000 72.8497826259943 70.1330248926342 69.7465595621629 212.729367080791
946000 72.9180646844625 70.2388980223893 69.7739957446592 212.930958451511
947000 73.0092935010596 70.2971129861305 69.8538207023898 213.16022718958
948000 73.0853567221539 70.3776132112963 69.9204625479442 213.383432481394
949000 73.1431122122162 70.4642011481936 69.9824473335451 213.589760693955
950000 73.1756024577896 70.5162283244073 70.0728386292509 213.764669411448
951000 73.2754535525652 70.5847289607875 70.1392834054015 213.999465918754
952000 73.4345111041046 70.6544593252975 70.2598663048229 214.348836734225
953000 73.4604776689312 70.7708288189931 70.3375288230974 214.568835311022
954000 73.5650161816325 70.8155773686711 70.4242389196921 214.804832469996
955000 73.5455600738867 70.877529749716 70.5434671958756 214.966557019478
956000 73.7042724721081 70.9795457212883 70.601671624022 215.285489817418
957000 73.772007137849 71.0038538809636 70.6673263582614 215.443187377074
958000 73.8153459372482 71.0539344499697 70.7283245847024 215.59760497192
959000 73.891235492542 71.0761753415173 70.7390765923188 215.706487426378
960000 74.0136425220974 71.1255737149503 70.8330940562617 215.972310293309
961000 74.0293633655714 71.2366418971478 70.8902941317453 216.156299394464
962000 74.0955838489102 71.3427960275545 70.9177473172995 216.356127193764
963000 74.163385978152 71.3924805871141 70.9777480676764 216.533614632943
964000 74.1987105062372 71.4258165441703 71.0240501236666 216.648577174074
965000 74.2876061100302 71.5021225789619 71.1414291867953 216.931157875787
966000 74.3516129902703 71.5380129638406 71.2010991200563 217.090725074167
967000 74.4848506482615 71.6241889318475 71.2918485589968 217.400888139106
968000 74.5890624984314 71.6499580592825 71.356666964953 217.595687522667
969000 74.6339587699681 71.7130334667492 71.4414003352156 217.788392571933
970000 74.7171332028275 71.7930011132962 71.4899753418308 218.000109657954
971000 74.7952044112557 71.8796885172575 71.6132229093447 218.288115837858
972000 74.8518779071244 71.9503574261535 71.6864726532766 218.488707986554
973000 74.9389405144077 71.9673372521895 71.7194183802738 218.625696146871
974000 75.023233619734 72.1124413801419 71.7950573371944 218.93073233707
975000 75.1121281372186 72.1457792081915 71.8748977764823 219.132805121892
976000 75.1808299054274 72.2697427908954 71.9827933100233 219.433366006346
977000 75.2639673533847 72.2791772106691 72.0373035322225 219.580448096276
978000 75.3213544664061 72.3571126511931 72.0653424531252 219.743809570724
979000 75.3784594818735 72.3992797836808 72.1830233290731 219.960762594627
980000 75.3912701164802 72.4616482926742 72.2840131686471 220.136931577802
981000 75.5294866541758 72.5925762126206 72.3161462247636 220.43820909156
982000 75.5904948711369 72.691650632911 72.3649588024792 220.647104306527
983000 75.6313992281888 72.711137502715 72.3846365255298 220.727173256434
984000 75.7454657312262 72.7949497377782 72.4229913596765 220.963406828681
985000 75.7963967799652 72.8878964043187 72.4755446276134 221.159837811897
986000 75.8605503306398 72.9269854758769 72.5746992013561 221.362235007873
987000 75.9346521401493 72.9774891567181 72.6228557862414 221.534997083109
988000 75.9801564045716 73.0141556511393 72.675481588965 221.669793644676
989000 76.0701603980443 73.1323784614892 72.7826366488734 221.985175508407
990000 76.1615026945228 73.2119768060718 72.8668888282806 222.240368328875
991000 76.1934448688655 73.2751550808411 72.9692391856317 222.437839135338
992000 76.2308224188741 73.3567084364089 72.9710227674676 222.558553622751
993000 76.3500281605541 73.3837898096947 73.0453378352052 222.779155805454
994000 76.4062983882124 73.4627183670928 73.1113584846076 222.980375239913
995000 76.4674749503821 73.5416904474137 73.185390781302 223.194556179098
996000 76.5067175104358 73.5376396664626 73.2763365215527 223.320693698451
997000 76.5830000062867 73.6154049502742 73.3325734682285 223.530978424789
998000 76.6317388348388 73.6645464631771 73.4284561044835 223.724741402499
999000 76.7117292094209 73.6946076253938 73.4946309760165 223.900967810831
1000000 76.7530065765042 73.7743271530724 73.5194164154211 224.046750144998
1001000 76.8783544941854 73.7910413034154 73.6194539753297 224.28884977293
1002000 76.9328894310082 73.8362160152436 73.7335671026875 224.502672548939
1003000 77.0068396944189 73.9098322969181 73.7856128871371 224.702284878474
1004000 77.1511351635592 73.9267977747172 73.839781661228 224.917714599504
1005000 77.2065390003313 74.0721375235431 73.9544974456348 225.233173969509
1006000 77.2122228468591 74.1404256307388 74.02294175384 225.375590231438
1007000 77.3324019322936 74.2207346290779 74.1031245014293 225.656261062801
1008000 77.3881827241425 74.2926846976275 74.2189351132557 225.899802535026
1009000 77.4786201560999 74.4021955069538 74.2729134857294 226.153729148783
1010000 77.6116631482438 74.4877103074837 74.2990107001128 226.39838415584
1011000 77.7216984236383 74.5483709183947 74.4137776202439 226.683846962277
1012000 77.8256486175953 74.6147225648015 74.4605001965714 226.900871378968
1013000 77.8297708677891 74.7032365556951 74.5616165871695 227.094624010654
1014000 77.8908914127339 74.7360618490196 74.6516472494112 227.278600511165
1015000 77.9602630665741 74.8501463104394 74.7097839188459 227.520193295859
1016000 78.0805964594319 74.9033053954355 74.7431328408766 227.727034695744
1017000 78.1174268566779 74.9511752641486 74.818920163549 227.887522284376
1018000 78.2248932390984 74.9839448727215 74.8704606735452 228.079298785365
1019000 78.3268444618888 75.094598909158 74.9092303838788 228.330673754926
1020000 78.4245464727725 75.1106000639346 75.0025503644325 228.53769690114
1021000 78.4770140425111 75.1952910936119 75.0196651313494 228.691970267472
1022000 78.5237239797225 75.2916518066044 75.1335222229651 228.948898009292
1023000 78.5849647163139 75.3339015154773 75.1867053664898 229.105571598281
1024000 78.6900708533233 75.3848688800496 75.3082553676914 229.383195101064
1025000 78.8014761504104 75.4994447968677 75.3473760748416 229.64829702212
1026000 78.828060802994 75.5756176297166 75.4374667817609 229.841145214472
1027000 78.8737563888494 75.6944238545274 75.5089753435149 230.077155586892
1028000 78.9442628835115 75.7320520378105 75.5513489468676 230.22766386819
1029000 78.9788697251145 75.7787244939479 75.630382616239 230.387976835301
1030000 79.0906189114823 75.8287963131777 75.710395451449 230.629810676109
1031000 79.1402657020225 75.8955110163348 75.7742536989828 230.81003041734
1032000 79.2111477944845 75.998621496383 75.8207984651263 231.030567755994
1033000 79.3015589678009 76.0234784261435 75.897900376311 231.222937770255
1034000 79.4305695857803 76.1145701349572 76.0151276170192 231.560267337757
1035000 79.4915192581058 76.1466525875576 76.0851925982379 231.723364443901
1036000 79.5421638909272 76.2435571168131 76.1313275039337 231.917048511674
1037000 79.6078666504425 76.239623588227 76.1985901208077 232.046080359477
1038000 79.6367576691948 76.3322930889409 76.2748766423516 232.243927400487
1039000 79.7311092318387 76.4505150304317 76.3201007562426 232.501725018513
1040000 79.8230461505496 76.5329496080542 76.4131945605485 232.769190319152
1041000 79.8894683758468 76.6282406940709 76.512527982904 233.030237052822
1042000 79.9595015519423 76.7134873317222 76.563749430197 233.236738313862
1043000 80.0356205910261 76.8067453781555 76.657714529165 233.500080498347
1044000 80.0712421492899 76.8456560376049 76.7088171144974 233.625715301392
1045000 80.144310108686 76.9136304378567 76.790183968655 233.848124515198
1046000 80.2197639689217 76.9592241015463 76.8232322868407 234.002220357309
1047000 80.2854955418756 77.0778443726248 76.9380876973078 234.301427611808
1048000 80.3476404361469 77.1322259317431 77.0321814706101 234.5120478385
1049000 80.4305923110625 77.2108450414016 77.0955713020092 234.737008654473
1050000 80.4836983117589 77.2886857943087 77.1356350696534 234.908019175721
1051000 80.5146530937839 77.3244224129894 77.2058308140099 235.044906320783
1052000 80.6672273500774 77.4266496132369 77.2876115926628 235.381488555977
1053000 80.7349708032673 77.4804617044726 77.3463744125625 235.561806920302
1054000 80.8838840300519 77.5669741992984 77.3978972009762 235.848755430327
1055000 80.9571394766277 77.6885521257225 77.4889989598879 236.134690562238
1056000 81.0259635145186 77.7116979406216 77.5592652702169 236.296926725357
1057000 81.1121740187141 77.7950375216485 77.6241388710455 236.531350411408
1058000 81.1334989548456 77.9149966840332 77.7076260726849 236.756121711564
1059000 81.260578942603 78.0064223819111 77.7982951864461 237.06529651096
1060000 81.3676094315426 78.1418744791025 77.8772563662538 237.386740276899
1061000 81.4518512290791 78.2189679437248 77.9572703191955 237.628089491999
1062000 81.4879682870771 78.2718683713438 78.0265964538631 237.786433112284
1063000 81.5518869896118 78.3232079436648 78.0242368447084 237.899331777985
1064000 81.6192091205191 78.4174946885107 78.0848423655588 238.121546174589
1065000 81.6760251512943 78.5021370717279 78.1512231154424 238.329385338465
1066000 81.7923334387567 78.5374632474523 78.2071078483493 238.536904534558
1067000 81.8380394089366 78.6056604621541 78.2922856587098 238.735985529801
1068000 81.919533727822 78.7120063977606 78.3468664528439 238.978406578426
1069000 82.0243500262172 78.7795983168224 78.4534940350652 239.257442378105
1070000 82.0932308773633 78.8331051018481 78.5105021034846 239.436838082696
1071000 82.1446970141964 78.8838752898397 78.55393818633 239.582510490366
1072000 82.1820974782593 78.9299040426901 78.6345094259288 239.746510946878
1073000 82.3111656047315 79.0471656514493 78.7269619683513 240.085293224532
1074000 82.3406244638584 79.158684270825 78.7400122075369 240.23932094222
1075000 82.4448558828464 79.2509527515095 78.8311477603875 240.526956394743
1076000 82.5139807913205 79.3134110800058 78.9025434837339 240.72993535506
1077000 82.5645491135054 79.414160317227 78.9932732075389 240.971982638271
1078000 82.6356868240644 79.4881307208244 79.0387808585924 241.162598403481
1079000 82.7443250305962 79.5491755667814 79.1325158771271 241.426016474505
1080000 82.7137346669746 79.6250429554035 79.2026090300173 241.541386652395
1081000 82.8170614470471 79.6834563393172 79.2162475897146 241.716765376079
1082000 82.8395634708537 79.7606362843237 79.2847678247421 241.88496757992
1083000 82.9342536466065 79.7932589026963 79.4041913493237 242.131703898626
1084000 83.0474794205585 79.8473205921342 79.4907560767688 242.385556089462
1085000 83.1027961628629 79.9169407207033 79.5579155335278 242.577652417094
1086000 83.1556982707378 79.9923492315998 79.5922034468349 242.740250949172
1087000 83.2158022497061 79.988435805919 79.6185133206126 242.822751376238
1088000 83.3191562725052 80.0573107775785 79.6601951484625 243.036662198546
1089000 83.3768118413624 80.1387566863162 79.7586166386157 243.274185166294
1090000 83.4315036911245 80.1798601439254 79.8345653655694 243.445929200619
1091000 83.4884819970133 80.2731842184587 79.9040097354659 243.665675950938
1092000 83.6177700334382 80.31459824578 79.9766067116987 243.908974990917
1093000 83.6206345471515 80.4235325075795 80.0287577120926 244.072924766824
1094000 83.6478436333359 80.4925570921269 80.0929346613354 244.233335386798
1095000 83.6866147373842 80.5924789346952 80.2186330393962 244.497726711476
1096000 83.7532937934762 80.6054180603987 80.2388096886563 244.597521542531
1097000 83.8166349374842 80.7224326152695 80.2917694906331 244.830837043387
1098000 83.8935946815845 80.7510949065658 80.3679239429416 245.012613531092
1099000 84.007248372091 80.8035599697784 80.4151628782135 245.225971220083
1100000 84.0743736485763 80.8917757542427 80.5055995878687 245.471748990688
1101000 84.1485047797158 80.934198296134 80.582768193511 245.665471269361
1102000 84.2619192105405 81.0436946265748 80.6240574185165 245.929671255632
1103000 84.3200711174219 81.1053566788681 80.7114107044152 246.136838500705
1104000 84.4402605254725 81.1812186706818 80.792161705826 246.41364090198
1105000 84.5379681994991 81.3135465260731 80.8264691918355 246.677983917408
1106000 84.6186518190618 81.3892168559773 80.8895841561756 246.897452831215
1107000 84.6718935437084 81.4924046017749 81.0003812415122 247.164679386995
1108000 84.801754313859 81.5392716337379 81.0165163996017 247.357542347199
1109000 84.8289969594075 81.5998609766881 81.0851974689787 247.514055405074
1110000 84.8941827986852 81.6777339017213 81.1933156278051 247.765232328212
1111000 84.9719100152419 81.6917083884404 81.2026380631061 247.866256466788
1112000 84.9789069475852 81.7826086389408 81.3401056892039 248.10162127573
1113000 85.1120846454015 81.8004450457045 81.4517560931819 248.364285784288
1114000 85.2033837204682 81.9339585579538 81.4713215957794 248.608663874201
1115000 85.3243756094149 82.0192215778406 81.52038982943 248.863987016685
1116000 85.3894432267901 82.0546502405417 81.6201728262082 249.06426629354
1117000 85.4176113921597 82.1775958864545 81.6779021185447 249.273109397159
1118000 85.4851359110708 82.2398200152457 81.7520617670107 249.477017693327
1119000 85.5848404481691 82.2490807919562 81.8302780215814 249.664199261707
1120000 85.6879254000118 82.3399633892496 81.8893345924582 249.91722338172
1121000 85.7317131808173 82.4394242738825 81.9813774617927 250.152514916493
1122000 85.8017929524624 82.4200677963901 82.0446819030819 250.266542651935
1123000 85.9406739984425 82.4977096202353 82.1040718346693 250.542455453347
1124000 86.0338423047653 82.5729942425408 82.17763465003 250.784471197336
1125000 86.0979194454664 82.6441472118729 82.2227941135373 250.964860770877
1126000 86.1528707614604 82.7380728811351 82.2849428427113 251.175886485307
1127000 86.2250176705133 82.7842120023017 82.3534325602769 251.362662233092
1128000 86.2671939674162 82.9291822116976 82.3646110060237 251.560987185138
1129000 86.3498923188841 82.9932893416166 82.4315670894673 251.774748749968
1130000 86.5184144897908 83.038645550809 82.5271051127172 252.084165153317
1131000 86.5524401147223 83.0956659083686 82.6056657305547 252.253771753646
1132000 86.6534211463067 83.1578609596009 82.6825600447188 252.493842150626
1133000 86.7551607407125 83.2269546791062 82.82466224627 252.806777666089
1134000 86.7901508617041 83.3081308637886 82.8753717329948 252.973653458487
1135000 86.8840254403238 83.3545710325327 82.953052405367 253.191648878223
1136000 86.9278423344017 83.4099261752172 83.0306542107055 253.368422720324
1137000 86.9798867780043 83.5163325549994 83.0725412484035 253.568760581407
1138000 87.0664969532125 83.5420863957428 83.1616326559799 253.770216004935
1139000 87.1699067719222 83.5828486755525 83.2696951722549 254.02245061973
1140000 87.2214402050321 83.6756230986008 83.2750465661887 254.172109869822
1141000 87.2970055712188 83.7212533254109 83.3409279288517 254.359186825481
1142000 87.3635252683648 83.839153992511 83.4423796071713 254.645058868047
1143000 87.4354841924554 83.8786464121749 83.5044124549947 254.818543059625
1144000 87.5253951260203 83.9711592825707 83.533685668867 255.030240077458
1145000 87.6059075878001 84.0242288245416 83.6184757897431 255.248612202085
1146000 87.7021913269531 84.0523114877341 83.6633813802562 255.417884194943
1147000 87.8052928377161 84.1086315264414 83.6916230442487 255.605547408406
1148000 87.8443765425515 84.1429602766314 83.7421604758155 255.729497294998
1149000 87.8885498644829 84.2506357320941 83.7831338092764 255.922319405853
1150000 87.9858487027629 84.339945392657 83.8971073436854 256.222901439105
1151000 88.0702192556031 84.4490372719085 83.9598534847526 256.479110012264
1152000 88.1130362968784 84.5242865824434 84.023993276114 256.661316155436
1153000 88.1738721797054 84.5619716159101 84.0613049602819 256.797148755897
1154000 88.1673956057316 84.6362460473534 84.0953039186603 256.898945571745
1155000 88.3146659143818 84.7163517969956 84.1660033828723 257.19702109425
1156000 88.3590561316401 84.8050878949257 84.2282826954841 257.39242672205
1157000 88.4108467983011 84.8948818274905 84.2921266090725 257.597855234864
1158000 88.479929267258 85.012887774898 84.3309696225242 257.82378666468
1159000 88.6010543755245 85.0492133724442 84.4451565624816 258.09542431045
1160000 88.6677175971471 85.1054937854279 84.5174047883894 258.290616170964
1161000 88.7082815656432 85.1624451945288 84.4797550979705 258.350481858142
1162000 88.7919481242217 85.2036301377401 84.5893403276231 258.584918589585
1163000 88.8176238829704 85.2861059239582 84.677106010281 258.78083581721
1164000 88.9124105485425 85.3496536389681 84.7177077574469 258.979771944957
1165000 88.9277618470257 85.4265004033567 84.7711706804149 259.125432930797
1166000 89.068062204621 85.4967356749602 84.8720813838552 259.436879263436
1167000 89.1307603087408 85.5909531770261 84.9525728844988 259.674286370266
1168000 89.1969184206358 85.61021436411 85.020726086564 259.82785887131
1169000 89.2558829736947 85.7183938565411 85.1103970419948 260.084673872231
1170000 89.3554173688827 85.7511214196157 85.1555813670916 260.26212015559
1171000 89.3896706225489 85.8424254203094 85.1881500928628 260.420246135721
1172000 89.468138483231 85.9078843537862 85.275527776967 260.651550613984
1173000 89.5288529402849 85.98418751911 85.3578594832351 260.87089994263
1174000 89.5650260039356 86.0152026349291 85.392474986938 260.972703625803
1175000 89.6444128768658 86.025133445993 85.4460886543275 261.115634977186
1176000 89.7611901371277 86.1284735230551 85.5050744700556 261.394738130238
1177000 89.7432686132824 86.1800901733795 85.5312512505998 261.454610037262
1178000 89.8773751680097 86.2946871596418 85.6245816930893 261.796644020741
1179000 89.883815278083 86.3177013490314 85.708852453475 261.910369080589
1180000 90.0018764974606 86.4168692071127 85.8108572678118 262.229602972385
1181000 90.0739867309954 86.5273795440591 85.8583103285201 262.459676603575
1182000 90.1589279487432 86.558047926242 85.9316959278416 262.648671802827
1183000 90.232246088396 86.623828765833 85.9963239732686 262.852398827498
1184000 90.2893189154644 86.6278900015966 86.0360714703507 262.953280387412
1185000 90.3902269547603 86.7115477418728 86.1577434858116 263.259518182445
1186000 90.441445352797 86.8080370798461 86.1699667092929 263.419449141936
1187000 90.4596936557816 86.8973396204867 86.1729453017298 263.529978577998
1188000 90.5461017426249 86.8999837961499 86.2845385987607 263.730624137535
1189000 90.577435459519 86.9577678594196 86.3154797839247 263.850683102863
1190000 90.6436822966768 87.0618120647905 86.3640413681169 264.069535729584
1191000 90.6835874500537 87.1370157562784 86.3948276333901 264.215430839722
1192000 90.8378948616 87.2025093877306 86.4274488305219 264.467853079853
1193000 90.8694829011914 87.3220035926777 86.505998761683 264.697485255552
1194000 90.9672192255339 87.3643276124911 86.6355286074875 264.967075445512
1195000 91.0235772151973 87.4667320368374 86.7007062998241 265.191015551859
1196000 91.0191245946423 87.5523155180781 86.7533427367906 265.324782849511
1197000 91.108865035641 87.6275834562392 86.7792020064875 265.515650498368
1198000 91.1666159952538 87.7410902542789 86.8568415483786 265.764547797911
1199000 91.2326605880347 87.8590196530022 86.9247064259429 266.01638666698
1200000 91.3412762658244 87.9105716342192 87.0616396216269 266.313487521671
1201000 91.4269140013889 87.9650264234792 87.1145257480897 266.506466172958
1202000 91.5229189564965 88.0108048551472 87.2470551441641 266.780778955808
1203000 91.6137453814909 88.0383629744712 87.2925195581757 266.944627914138
1204000 91.7241677351577 88.1183298800213 87.3429080328941 267.185405648073
1205000 91.7912164198143 88.2201163394017 87.4840617026188 267.495394461835
1206000 91.8343415203692 88.3146473179207 87.5560275074573 267.705016345747
1207000 91.9161224110047 88.3494075419908 87.6445790970312 267.910109050027
1208000 91.9656391025355 88.403514571902 87.7064571167493 268.075610791187
1209000 92.0875234484896 88.4540738317205 87.7544845614042 268.296081841614
1210000 92.1461496242661 88.4942733313052 87.8110212655828 268.451444221154
1211000 92.2207760298601 88.5452483739795 87.9089355737223 268.674959977562
1212000 92.3092246474545 88.6394529940419 87.9626479854612 268.911325626958
1213000 92.3669842285886 88.7207444888245 88.0202224186981 269.107951136111
1214000 92.3741718347584 88.8000946588909 88.0966685822256 269.270935075875
1215000 92.4201342720918 88.9077219069418 88.1630720291986 269.490928208232
1216000 92.5427427172124 88.9652953460748 88.1893539986875 269.697392061975
1217000 92.5921268536143 89.0572147843719 88.2487898222785 269.898131460265
1218000 92.6188819831408 89.1236950438501 88.3400170033385 270.082594030329
1219000 92.753978482465 89.1558187285586 88.3771997103186 270.286996921342
1220000 92.8149070170085 89.218987641331 88.4761636814066 270.510058339746
1221000 92.9080914224993 89.2805687787936 88.5430628444433 270.731723045736
1222000 93.0364602719112 89.3649100078444 88.6325063559298 271.033876635685
1223000 93.1108391712667 89.3827233964852 88.6680710699932 271.161633637745
1224000 93.1572347765926 89.4624927777415 88.7613206831511 271.381048237485
1225000 93.2521219143722 89.5145693421654 88.8134789055491 271.580170162087
1226000 93.3221666213453 89.563017878397 88.8568349575852 271.742019457327
1227000 93.4135800326082 89.6011241453286 88.9348686903637 271.949572868301
1228000 93.4437445758766 89.6672244491415 89.0164909051968 272.127459930215
1229000 93.538528213275 89.7756968518296 89.0523735071935 272.366598572298
1230000 93.6751171353088 89.8895440806019 89.0652010399717 272.629862255882
1231000 93.7264122751424 89.9512231953284 89.1582450327465 272.835880503217
1232000 93.8685461925471 90.0454404793161 89.2037595470292 273.117746218892
1233000 93.9401898271349 90.0600336098553 89.2553046854588 273.255528122449
1234000 94.0151682414294 90.1513015824723 89.3842281562374 273.550697980139
1235000 94.0895681857113 90.1611598638684 89.4812635901534 273.731991639733
1236000 94.1988278642019 90.2467952096087 89.5556205808276 274.001243654638
1237000 94.2459299070297 90.293218819694 89.6168309142461 274.15597964097
1238000 94.3221203112164 90.373558009877 89.6366605367678 274.332338857861
1239000 94.3625038556381 90.4794643971427 89.7203602057583 274.562328458539
1240000 94.49332845927 90.4669778313534 89.7657470152508 274.726053305874
1241000 94.4969590454141 90.5999821262867 89.8750142532056 274.971955424906
1242000 94.585353062684 90.6526716956008 89.9325873617964 275.170612120081
1243000 94.6164495961575 90.7428179371127 90.0132115891955 275.372479122466
1244000 94.6967628918224 90.8561664690829 90.0065110247685 275.559440385674
1245000 94.7959931468341 90.9046129119369 90.1151312416065 275.815737300378
1246000 94.8661727062748 90.9575081524779 90.1587860731269 275.98246693188
1247000 94.9217209106361 91.0430876144437 90.2502474339091 276.215055958989
1248000 95.0066292054681 91.1718738896365 90.2667815601785 276.445284655283
1249000 95.1186508539748 91.2284519169072 90.3515913839078 276.69869415479
1250000 95.1964875215095 91.2901310316358 90.4326345313948 276.91925308454
1251000 95.2925089027916 91.335583173383 90.4610382202048 277.089130296379
1252000 95.3187171103144 91.4121194617386 90.5546445110487 277.285481083102
1253000 95.4354405711613 91.4456266567242 90.6097758944484 277.490843122334
1254000 95.4501414706243 91.4688681808981 90.6810448317534 277.600054483276
1255000 95.5300515269119 91.5652189905923 90.7604194820771 277.855689999581
1256000 95.5978700173276 91.6447968354681 90.8369561015233 278.079622954319
1257000 95.6546811065347 91.732844127119 90.9632710824824 278.350796316136
1258000 95.7677042901681 91.7516891054197 91.024651071796 278.544044467384
1259000 95.7886513144293 91.8265961986737 91.1113704141422 278.726617927245
1260000 95.872701598559 91.9325811165688 91.1523376843152 278.957620399443
1261000 95.9627580431309 92.0127309880828 91.2346835572563 279.21017258847
1262000 96.0140054271644 92.1131544701624 91.3060303724857 279.433190269812
1263000 96.0638355425578 92.1576812166534 91.3855369993058 279.607053758517
1264000 96.1852645872213 92.217252678196 91.4341734151445 279.836690680562
1265000 96.2050050762839 92.3214330109414 91.5208396400886 280.047277727314
1266000 96.2390442830938 92.4308111798536 91.6482472944349 280.318102757382
1267000 96.3272727198352 92.4896478314493 91.6727840631284 280.489704614413
1268000 96.4044635721563 92.5425846877414 91.762837329234 280.709885589132
1269000 96.4801918534942 92.5706873566194 91.825626259803 280.876505469917
1270000 96.5330529304164 92.6561909635906 91.9562619400069 281.145505834014
1271000 96.5871484122715 92.7485428356129 91.9976958557231 281.333387103608
1272000 96.6374369783563 92.7654418280528 92.0919938410316 281.494872647441
1273000 96.7362227579783 92.8408101142268 92.1041248935573 281.681157765762
1274000 96.806055632346 92.9002948421885 92.1808045893975 281.887155063932
1275000 96.875133050715 92.9328983519119 92.2929192378344 282.100950640461
1276000 96.9373950899167 92.9661876644124 92.303222188283 282.206804942612
1277000 97.0524905877093 93.03824608418 92.4343364955552 282.525073167445
1278000 97.0866206063489 93.1423856019025 92.450308127195 282.679314335446
1279000 97.0975617181522 93.1805241394508 92.4721713814085 282.750257239012
1280000 97.1648133716889 93.207992214974 92.548353682355 282.921159269018
1281000 97.2150004741117 93.2952970101391 92.5954390694327 283.105736553684
1282000 97.2680383131052 93.31889681856 92.7188927887826 283.305827920448
1283000 97.3852863234397 93.4300020741706 92.7445722676976 283.559860665308
1284000 97.445340124644 93.4852027642846 92.8243762829721 283.754919171901
1285000 97.5462881886581 93.5696498493358 92.9491995315422 284.065137569536
1286000 97.6206236396256 93.6000122183119 93.0407772118391 284.261413069777
1287000 97.6381091509933 93.6299511113602 93.0805547241288 284.348614986482
1288000 97.7156116714603 93.7379186699735 93.1497735319437 284.603303873377
1289000 97.8004053192348 93.7967465589781 93.2013156710317 284.798467549245
1290000 97.8496471422352 93.9487846279072 93.2864399678405 285.084871737983
1291000 97.914263049871 93.9851304633776 93.3796064209801 285.278999934229
1292000 97.9659865852293 94.117186938627 93.3866142024771 285.469787726333
1293000 98.0834882646028 94.103512971084 93.4903044933486 285.677305729035
1294000 98.1717304115053 94.1953269921339 93.5893064550682 285.956363858707
1295000 98.2506459463756 94.3032297701682 93.6128258705465 286.16670158709
1296000 98.2590944785859 94.3677990912379 93.7323870764346 286.359280646258
1297000 98.3229954696185 94.4080331403378 93.8011867672607 286.532215377217
1298000 98.3887498991537 94.4613832397163 93.8348662740991 286.684999412969
1299000 98.4819922043456 94.5894445407732 93.918138475279 286.989575220398
1300000 98.5370853152791 94.6237862005344 94.0287608021616 287.189632317975
1301000 98.6579638120481 94.7106920152411 94.1190735951367 287.487729422426
1302000 98.7341367550695 94.7757207715897 94.1572087077354 287.667066234395
1303000 98.7987022795801 94.8340754993511 94.2604308680282 287.893208646959
1304000 98.9157912099556 94.9014552848453 94.3063604728778 288.123606967679
1305000 99.0168530470522 94.9862749428805 94.3719177545016 288.375045744434
1306000 99.0258578218638 95.048681316628 94.4423284021653 288.516867540657
1307000 99.1066554273544 95.0836426915941 94.5221459746213 288.71244409357
1308000 99.1818438070847 95.1616640635385 94.61200516999 288.955513040613
1309000 99.2826871881661 95.2055199345831 94.6707979540334 289.159005076783
1310000 99.3348385278442 95.3233868472824 94.7536681039711 289.411893479098
1311000 99.442817564705 95.4223833823993 94.8671552031629 289.732356150267
1312000 99.4756064425707 95.526814574312 94.9289699688971 289.93139098578
1313000 99.573714100872 95.5023698854965 94.9500158699928 290.026099856361
1314000 99.6133773286108 95.5866396671382 94.9476244485994 290.147641444348
1315000 99.7438480457093 95.6423550558965 95.0318853820897 290.418088483695
1316000 99.7941775968069 95.6981155635951 95.1089487296333 290.601241890035
1317000 99.9020956151255 95.7801065820325 95.2274402968973 290.909642494055
1318000 99.9776970674141 95.8492622525437 95.3081347608019 291.13509408076
1319000 100.135581251352 95.8968785572163 95.2976258725925 291.330085681161
1320000 100.178952937836 95.9610742594315 95.3632739715536 291.503301168821
1321000 100.250723756609 96.0787441266002 95.4350097044244 291.764477587634
1322000 100.293035811126 96.1359464122538 95.5253255523031 291.954307775682
1323000 100.392584100087 96.1827392680478 95.5446918540693 292.120015222204
1324000 100.500269179704 96.28780821076 95.6539901634285 292.442067553893
1325000 100.533036294523 96.3385538082807 95.6672164739743 292.538806576778
1326000 100.60472694028 96.4367384322313 95.7099030822734 292.751368454784
1327000 100.647667224379 96.4251790849838 95.7645996743704 292.837445983734
1328000 100.723797379343 96.5437379439618 95.8327555973629 293.100290920668
1329000 100.783316210695 96.5981619492134 95.8772618407372 293.258740000645
1330000 100.847586064622 96.6563130425783 95.9181314142276 293.422030521428
1331000 100.866370688066 96.714076610854 95.9809477179233 293.561395016843
1332000 100.952777940047 96.7491149751017 96.0325511786525 293.734444093801
1333000 101.048528527151 96.8077986174244 96.0770959565437 293.933423101119
1334000 101.077520953001 96.8594338333055 96.1522263567267 294.089181143033
1335000 101.201377780453 96.8886518560752 96.2373917503635 294.327421386892
1336000 101.229848545207 96.9802528196483 96.3169722665076 294.527073631363
1337000 101.292727865126 97.0028055720918 96.3467407399787 294.642274177197
1338000 101.367708523591 97.1454163068085 96.4349036443005 294.9480284747
1339000 101.516006634202 97.2100931719924 96.4811744692106 295.207274275405
1340000 101.588279595034 97.2761390845611 96.5582456753413 295.422664354937
1341000 101.65572357338 97.3369307226409 96.6143887280303 295.607043024052
1342000 101.76671795854 97.4360048445503 96.7007736911955 295.903496494285
1343000 101.745308455315 97.4523075424353 96.7652645369792 295.962880534729
1344000 101.802263467146 97.554904561474 96.857582002165 296.214750030785
1345000 101.873932896747 97.6144531668116 96.9239275811015 296.41231364466
1346000 101.955408240249 97.6772101011751 96.9797922144561 296.61241055588
1347000 102.072738709037 97.7638857228926 97.0951888648123 296.931813296742
1348000 102.149347150656 97.8597048981449 97.1440322987169 297.153084347517
1349000 102.271804092652 97.9912531394316 97.2028699789607 297.465927211044
1350000 102.299353742849 98.0698021157072 97.3153934455669 297.684549304123
1351000 102.335818077864 98.1250445148452 97.3294765403066 297.790339133016
1352000 102.433949415143 98.2311225879111 97.4506257542357 298.11569775729
1353000 102.417963877551 98.3133572964532 97.5007240002725 298.232045174276
1354000 102.494581480617 98.3849304434922 97.5806294600064 298.460141384116
1355000 102.569763751928 98.4666788192738 97.6370026460926 298.673445217294
1356000 102.653250076759 98.5102444146203 97.721875879906 298.885370371285
1357000 102.713222673599 98.579750346439 97.8402998943606 299.133272914399
1358000 102.791604274306 98.6552079785518 97.8856679537565 299.332480206614
1359000 102.84683509607 98.7655229773325 98.0001857012397 299.612543774643
1360000 102.934491329012 98.804203136611 98.0888788384275 299.827573304051
1361000 102.987153930854 98.8859422469908 98.1483729836181 300.021469161463
1362000 103.039575577003 99.0018965804711 98.2027619479231 300.244234105397
1363000 103.111480673018 99.0436873321487 98.256290830356 300.411458835522
1364000 103.183846956639 99.1187878399859 98.3335397687525 300.636174565377
1365000 103.264679728594 99.1859747276255 98.4055883953246 300.856242851544
1366000 103.299855494795 99.2816067749066 98.4538711896789 301.035333459381
1367000 103.475645333362 99.3358547253383 98.536508109859 301.348008168559
1368000 103.481786030973 99.4383589319912 98.602703905496 301.522848868461
1369000 103.533216821294 99.473549917826 98.6677232004379 301.674489939558
1370000 103.587233800633 99.554661964001 98.7293933728545 301.871289137489
1371000 103.617952779282 99.6295531519053 98.7901267250776 302.037632656265
1372000 103.695519519805 99.7221038854348 98.8563046401153 302.273928045355
1373000 103.717158020213 99.8475721893397 98.9413181015454 302.506048311098
1374000 103.810879782604 99.8814722080843 98.9522939344276 302.644645925116
1375000 103.968836650222 99.9901175359218 99.042096021457 303.001050207601
1376000 104.035941058562 100.01205759178 99.091754139475 303.139752789817
1377000 104.096470848123 100.058845317308 99.1674357029682 303.3227518684
1378000 104.145411838145 100.161134614089 99.2773572754528 303.583903727687
1379000 104.253761418658 100.185444782704 99.3899103812528 303.829116582615
1380000 104.337480131766 100.270379792909 99.4343346845364 304.042194609211
1381000 104.465127197748 100.379952078089 99.5097181039267 304.354797379763
1382000 104.588451640844 100.458266697173 99.5285800695354 304.575298407552
1383000 104.65983137064 100.480501650074 99.6494948036496 304.789827824364
1384000 104.672626803521 100.50675984993 99.6672589060393 304.84664555949
1385000 104.732551850365 100.582471524345 99.7517521065278 305.066775481238
1386000 104.832637875618 100.635412971351 99.8024636872739 305.270514534243
1387000 104.901742242412 100.714368044166 99.8474846980858 305.463594984664
1388000 104.971918776579 100.779114491503 99.9356365786204 305.686669846702
1389000 105.113046512041 100.836433972904 99.9471437344563 305.896624219401
1390000 105.185192038378 100.823120750907 100.046517586182 306.054830375467
1391000 105.21868786288 100.918561601497 100.138724461949 306.275973926326
1392000 105.278403546584 101.018219773179 100.180354956275 306.476978276038
1393000 105.338477931542 101.064320790294 100.235965147294 306.63876386913
1394000 105.435479724409 101.080879384338 100.252045800916 306.768404909663
1395000 105.501437942205 101.174852662367 100.303160068058 306.97945067263
1396000 105.562484176634 101.198699862447 100.365002481342 307.126186520423
1397000 105.655251213019 101.298119190664 100.419366938207 307.37273734189
1398000 105.729087423416 101.396946064254 100.486165027003 307.612198514673
1399000 105.812165556814 101.397360443734 100.515062593827 307.724588594376
1400000 105.903062213531 101.463115404569 100.611944850081 307.978122468181
1401000 105.955135436609 101.531710300441 100.696499643895 308.183345380945
1402000 105.994298960931 101.606985718773 100.732706958136 308.33399163784
1403000 106.05384962755 101.738610180387 100.86643245528 308.658892263217
1404000 106.125799434076 101.816615189315 100.907905995638 308.850320619029
1405000 106.160001200209 101.816579147766 100.919619077996 308.896199425972
1406000 106.25199583853 101.904432663492 100.978673472798 309.13510197482
1407000 106.340932570616 101.993796659483 101.022527832566 309.357257062664
1408000 106.355930809114 102.049382223203 101.05920004814 309.464513080458
1409000 106.39578604079 102.157019636167 101.130717357973 309.683523034929
1410000 106.470278935823 102.205839354905 101.200981163572 309.877099454299
1411000 106.603326356941 102.246375901986 101.355334227896 310.205036486823
1412000 106.725455914978 102.328220219367 101.411314814129 310.464990948474
1413000 106.819405607007 102.372799160386 101.446855768534 310.639060535927
1414000 106.894207490591 102.420515298573 101.491799951098 310.806522740262
1415000 106.936603586041 102.439808882998 101.549775160896 310.926187629935
1416000 106.995952202491 102.491348633375 101.62398742971 311.111288265576
1417000 107.079985687314 102.597597855347 101.698091953443 311.375675496104
1418000 107.153082300254 102.73815030208 101.773095970263 311.664328572597
1419000 107.22129097046 102.752945666953 101.796396627409 311.770633264822
1420000 107.323215914685 102.767935458673 101.905318611365 311.996469984722
1421000 107.37108938555 102.844178080436 101.933191835287 312.148459301273
1422000 107.42690558986 102.8828663517 102.039098213568 312.348870155128
1423000 107.46561811384 103.022485034536 102.059405977348 312.547509125724
1424000 107.587111974639 103.048812086682 102.163297913558 312.799221974878
1425000 107.643016693238 103.153782399837 102.236057711089 313.032856804163
1426000 107.700223223505 103.236308155292 102.235697859905 313.172229238701
1427000 107.806483508268 103.361348472032 102.394215608009 313.562047588309
1428000 107.886012106775 103.418131179933 102.461288342243 313.765431628952
1429000 107.924238657812 103.532810072703 102.508524641598 313.965573372113
1430000 108.045037761287 103.590180688002 102.604903387659 314.240121836948
1431000 108.096344258116 103.70446514642 102.6874725232 314.488281927736
1432000 108.148843869633 103.739283989815 102.670614428339 314.558742287787
1433000 108.21757010045 103.765012689773 102.747780740679 314.730363530902
1434000 108.288355981071 103.88614083602 102.817378462887 314.991875279978
1435000 108.285942028613 103.924881389036 102.820914397181 315.03173781483
1436000 108.3393736285 104.012338968663 102.936332262144 315.288044859308
1437000 108.384526627672 104.088050132584 102.997191447313 315.469768207569
1438000 108.485012682089 104.16774217395 103.068907370835 315.721662226874
1439000 108.516828371606 104.241292242913 103.043995808522 315.802116423041
1440000 108.613633149297 104.340881143331 103.059049740802 316.01356403343
1441000 108.663920125226 104.444910269025 103.182199568154 316.291029962405
1442000 108.710307908387 104.445667696963 103.212635143605 316.368610748956
1443000 108.776415431154 104.56041121103 103.297619607987 316.634446250171
1444000 108.864242457054 104.643866172226 103.376721584218 316.884830213498
1445000 108.944861326322 104.694474967279 103.430209269259 317.06954556286
1446000 109.061885186128 104.746455703353 103.462157827639 317.27049871712
1447000 109.151606806712 104.842578615405 103.521861728408 317.516047150525
1448000 109.211803547255 104.943057159653 103.575630249158 317.730490956066
1449000 109.338252526784 105.036466549664 103.686416403323 318.061135479772
1450000 109.378552512326 105.056828971908 103.780832125869 318.216213610102
1451000 109.455678400496 105.139101580211 103.802544264747 318.397324245454
1452000 109.546199554167 105.204981943316 103.8685368123 318.619718309783
1453000 109.632818153592 105.315409703977 103.965530088751 318.91375794632
1454000 109.695460647234 105.414067131437 104.055452924514 319.164980703185
1455000 109.770036198798 105.419507668356 104.102938398167 319.29248226532
1456000 109.826051532113 105.548575113752 104.195731141306 319.570357787171
1457000 109.977784115766 105.506340642693 104.238025691749 319.722150450209
1458000 109.96635045409 105.637434228701 104.32386054519 319.927645227981
1459000 110.075258499637 105.734603389434 104.359307553572 320.169169442643
1460000 110.162404837291 105.861190476652 104.431957943084 320.455553257027
1461000 110.233126477264 105.89067039425 104.444083889179 320.567880760693
1462000 110.370098909101 105.866124739551 104.570820996645 320.807044645297
1463000 110.397509897437 105.971473644273 104.607266363004 320.976249904715
1464000 110.506127364696 106.030824631228 104.689169199738 321.226121195662
1465000 110.598669827084 106.08705245293 104.733115452518 321.418837732532
1466000 110.64663060913 106.152436782015 104.826557548281 321.625624939426
1467000 110.631458526094 106.141927711458 104.87764354258 321.651029780132
1468000 110.70539381901 106.214044829157 104.962234807619 321.881673455785
1469000 110.661392194603 106.262851677681 105.002841250313 321.927085122597
1470000 110.768603292068 106.299932580371 105.060084292933 322.128620165371
1471000 110.886770307851 106.373173931079 105.126530178159 322.386474417089
1472000 110.94897124179 106.447442524151 105.1562097494 322.55262351534
1473000 110.959131285237 106.523014689085 105.27909060498 322.761236579302
1474000 111.156494465441 106.636154797606 105.29522496612 323.087874229167
1475000 111.214259952362 106.730421331997 105.292537568083 323.237218852441
1476000 111.220718224376 106.809698388687 105.393048372745 323.423464985808
1477000 111.354056384948 106.787163384741 105.489042321607 323.630262091297
1478000 111.444682794515 106.883178195479 105.561584277799 323.889445267793
1479000 111.43133603563 106.888429136091 105.631596672654 323.951361844375
1480000 111.527146556748 106.952070751583 105.712315661595 324.191532969927
1481000 111.586046763934 106.976947159327 105.786743360146 324.349737283408
1482000 111.686477881542 107.114227007739 105.844483740223 324.645188629504
1483000 111.71153405755 107.163022747455 105.904312812823 324.778869617827
1484000 111.785650993681 107.17250545597 105.951224293727 324.909380743377
1485000 111.83236817278 107.246146210931 106.05293438997 325.131448773681
1486000 111.917808450094 107.344311571092 106.149672386428 325.411792407614
1487000 111.929943309174 107.354867344086 106.225499889539 325.510310542798
1488000 112.076988035539 107.440772693383 106.234374735617 325.752135464539
1489000 112.18719405862 107.51303576875 106.33908897656 326.03931880393
1490000 112.224312167094 107.58896941491 106.45091575367 326.264197335673
1491000 112.25690482594 107.671357792736 106.470470919613 326.398733538288
1492000 112.44339803217 107.716028337158 106.538212728569 326.697639097897
1493000 112.493345997462 107.748450336282 106.580694403974 326.822490737718
1494000 112.586884299327 107.85420341036 106.693162779254 327.134250488941
1495000 112.625973244715 107.955430732654 106.74654122892 327.327945206289
1496000 112.749484367853 108.005906541972 106.800855677258 327.556246587083
1497000 112.804711216587 108.016776676085 106.857154472779 327.678642365451
1498000 112.854474661917 108.12992349666 106.924094555124 327.908492713701
1499000 113.001159917906 108.191905094286 107.013178590546 328.206243602738
1500000 113.023955800969 108.302058580982 107.039856558226 328.365870940177
1501000 113.142208803546 108.419025941219 107.19837542811 328.759610172875
1502000 113.181136182653 108.50057816276 107.227510031715 328.909224377128
1503000 113.280295291859 108.544012124517 107.320717555588 329.145024971964
1504000 113.374967771066 108.607856338551 107.388167800236 329.370991909852
1505000 113.405999035853 108.688917098522 107.487370040135 329.582286174511
1506000 113.474190929892 108.71709937183 107.581866242693 329.773156544415
1507000 113.541772768516 108.83869917466 107.670596821877 330.051068765054
1508000 113.595524555462 108.920832429425 107.678333892237 330.194690877124
1509000 113.673105674469 108.992789309299 107.719415755298 330.385310739067
1510000 113.753694787894 109.095971639677 107.82464334894 330.67430977651
1511000 113.849918952593 109.145728829753 107.933552728084 330.92920051043
1512000 113.890202777887 109.242809255176 107.951220166528 331.084232199591
1513000 113.954702782518 109.27329265743 108.064810561305 331.292806001253
1514000 113.992841892088 109.301334795651 108.112336279532 331.406512967271
1515000 114.066183941592 109.359396329679 108.184105691385 331.609685962656
1516000 114.102084727622 109.417728471023 108.260665917868 331.780479116513
1517000 114.196079542716 109.494696810415 108.373374196777 332.064150549907
1518000 114.319702953377 109.623195346877 108.396831909643 332.339730209898
1519000 114.366607613872 109.651795617479 108.474389148359 332.49279237971
1520000 114.417473355586 109.745607804346 108.460260247233 332.623341407164
1521000 114.476844686317 109.825358987128 108.53928742448 332.841491097926
1522000 114.560620232851 109.90662560649 108.627373418736 333.094619258077
1523000 114.613711730666 109.927584968419 108.670824605362 333.212121304446
1524000 114.704578357216 109.989889948404 108.698990056486 333.393458362107
1525000 114.726237890163 110.065001811058 108.817986135945 333.609225837166
1526000 114.780163671369 110.089473505083 108.885313592665 333.754950769118
1527000 114.89379056351 110.162008591839 109.011007564646 334.066806719995
1528000 114.923925437667 110.197418475418 109.032923425037 334.154267338122
1529000 114.955926152131 110.30402897091 109.13639045185 334.396345574892
1530000 115.005965229256 110.376890532044 109.220841207233 334.603696968533
1531000 115.090149844401 110.488517754403 109.252736310509 334.831403909313
1532000 115.134455241622 110.578719733817 109.305681804819 335.018856780258
1533000 115.240629922263 110.690513667272 109.391194301405 335.322337890941
1534000 115.302258399681 110.723226314301 109.448630638185 335.474115352166
1535000 115.38807247914 110.789890698615 109.491112431374 335.66907560913
1536000 115.454541494976 110.843965131993 109.580063361661 335.87856998863
1537000 115.59609507547 110.82222342337 109.617297680424 336.035616179264
1538000 115.652469375592 110.888196315968 109.720391037502 336.261056729061
1539000 115.709959061447 110.924059624291 109.799497706704 336.433516392443
1540000 115.850518862803 110.989982159949 109.907394036565 336.747895059317
1541000 115.876763567992 111.100054324427 109.96682375492 336.943641647339
1542000 115.97917381912 111.113375078503 110.037783159536 337.130332057159
1543000 116.050819385365 111.190386044069 110.03994713006 337.281152559494
1544000 116.130464779392 111.242730210703 110.097711507011 337.470906497107
1545000 116.209782365545 111.276813376533 110.205152633054 337.691748375133
1546000 116.231477470119 111.31143418281 110.292533497408 337.835445150338
1547000 116.158077518963 111.357234875654 110.321596628162 337.836909022779
1548000 116.313321628107 111.414249941573 110.344744127733 338.072315697413
1549000 116.389371704028 111.463542838447 110.44867541405 338.301589956524
1550000 116.485673838152 111.510057373701 110.510919727528 338.506650939381
1551000 116.618404664165 111.496464239833 110.588865306438 338.703734210436
1552000 116.640416198311 111.628815482348 110.644942483609 338.914174164268
1553000 116.694085167222 111.709126884459 110.677462926717 339.080674978398
1554000 116.797684398086 111.838884432249 110.730176542359 339.366745372695
1555000 116.904799573778 111.873980909191 110.8556094455 339.634389928469
1556000 116.976386490925 111.958951803844 110.904089190599 339.839427485369
1557000 116.997509051464 112.015715713904 110.979849678044 339.993074443413
1558000 116.993382179619 112.032025366132 111.087006732303 340.112414278055
1559000 117.106912484701 112.077251654278 111.158947497079 340.343111636058
1560000 117.24076692499 112.175106514002 111.184680833052 340.600554272044
1561000 117.25192489651 112.240829354032 111.260813446687 340.753567697229
1562000 117.364343217019 112.247413986683 111.299600555446 340.911357759148
1563000 117.47370320055 112.352827871786 111.404283497375 341.23081456971
1564000 117.520656434594 112.407005903791 111.436267107372 341.363929445756
1565000 117.504507995544 112.49871241176 111.486964040223 341.490184447528
1566000 117.592568011761 112.571465568309 111.4646146913 341.62864827137
1567000 117.75660060362 112.605803741675 111.479767393842 341.842171739137
1568000 117.818568656633 112.666088914904 111.669469023824 342.154126595362
1569000 117.873053457417 112.77689840067 111.653578660597 342.303530518684
1570000 117.894948549305 112.870483217544 111.716097145184 342.481528912033
1571000 117.952054373882 112.970666437118 111.776852244415 342.699573055415
1572000 117.961687765928 113.0441349164 111.850838556832 342.856661239159
1573000 118.053466844811 113.064684351701 111.916141246977 343.034292443489
1574000 118.179826039471 113.154590666262 111.980547421675 343.314964127408
1575000 118.173266359646 113.197990480786 112.020013400696 343.391270241128
1576000 118.314723687983 113.306616010641 112.076150158981 343.697489857604
1577000 118.292047538876 113.37892684313 112.145691231689 343.816665613696
1578000 118.342746507841 113.449383738681 112.23230401363 344.024434260152
1579000 118.405645922451 113.517648416123 112.304937668421 344.228232006995
1580000 118.43147141962 113.656638727271 112.361763499014 344.449873645905
1581000 118.496409285778 113.745419081374 112.471018224957 344.71284659211
1582000 118.572148577251 113.822575230415 112.495738413649 344.890462221315
1583000 118.665082324301 113.876758766336 112.613781047684 345.155622138321
1584000 118.671489351617 114.012912549787 112.695126982862 345.379528884266
1585000 118.773138971243 114.037181603359 112.72354642729 345.533867001892
1586000 118.864502807067 114.110055233063 112.743576411032 345.718134451161
1587000 118.875771135301 114.197559582409 112.81755118904 345.89088190675
1588000 118.921916400948 114.21521233408 112.888453330781 346.025582065809
1589000 119.019994364469 114.276444328829 112.986036808226 346.282475501524
1590000 119.067282743534 114.323573485668 113.02343674483 346.414292974032
1591000 119.118843430797 114.443293900437 113.093806064302 346.655943395536
1592000 119.174728912488 114.504146955802 113.195972466743 346.874848335033
1593000 119.322445877536 114.622944827225 113.210502326338 347.155893031098
1594000 119.363977591142 114.698222237596 113.331199062805 347.393398891543
1595000 119.452691132962 114.744262045047 113.424241589629 347.621194767638
1596000 119.55339315043 114.877515792094 113.38094281534 347.811851757864
1597000 119.591702824655 114.920133226327 113.420939322679 347.932775373661
1598000 119.640531573558 115.034048796666 113.454152612552 348.128732982776
1599000 119.738880540371 115.104722637263 113.49408553276 348.337688710394
1600000 119.846578102704 115.220282603228 113.558306946577 348.625167652509
1601000 119.888032506303 115.266422322768 113.615652806588 348.770107635659
1602000 119.935434562705 115.344153550378 113.664827053179 348.944415166262
1603000 120.011393163333 115.400564742766 113.762420826358 349.174378732457
1604000 120.011711148087 115.445297842356 113.803912029515 349.260921019958
1605000 120.119020357457 115.527663556654 113.852905710141 349.499589624253
1606000 120.207657481424 115.532351542104 113.883480516397 349.623489539926
1607000 120.235740285919 115.561036297338 113.966533514854 349.76331009811
1608000 120.326008996018 115.640091398137 114.101392282939 350.067492677095
1609000 120.357257406782 115.671500131797 114.077241065785 350.105998604364
1610000 120.424769964166 115.742872242758 114.199594555553 350.367236762477
1611000 120.505643965595 115.825891271042 114.266454657855 350.597989894492
1612000 120.581396273806 115.930181740834 114.356702231014 350.868280245653
1613000 120.673594619861 116.013280152086 114.441204271541 351.128079043488
1614000 120.740576930115 116.029513419575 114.565523939944 351.335614289634
1615000 120.798320939702 116.061030399206 114.55219086773 351.411542206637
1616000 120.830893524329 116.145068454004 114.584688476436 351.560650454769
1617000 120.908856049751 116.23820884195 114.710793179644 351.857858071344
1618000 121.061190957699 116.282043765669 114.786541264274 352.129775987643
1619000 121.135660752546 116.327181482012 114.823518427654 352.286360662212
1620000 121.173432760119 116.370779242462 114.869263254137 352.413475256718
1621000 121.287786075415 116.532281075304 115.011366105817 352.831433256536
1622000 121.31266175902 116.547574422628 115.047296659907 352.907532841555
1623000 121.356909526018 116.652830964896 115.14738147661 353.157121967523
1624000 121.477731086558 116.674087247324 115.18201004357 353.333828377452
1625000 121.521014150622 116.793237149416 115.237440646779 353.551691946817
1626000 121.624555680288 116.800789938884 115.353150668984 353.778496288156
1627000 121.713175365318 116.905644709122 115.45029708224 354.06911715668
1628000 121.800259685046 116.997144408402 115.457368401818 354.254772495266
1629000 121.814842726849 117.047859572184 115.487715585067 354.3504178841
1630000 121.845545673225 117.154444474696 115.547692529813 354.547682677733
1631000 121.948674743421 117.176070237859 115.644281947859 354.769026929139
1632000 121.93737118441 117.230844148936 115.675676142389 354.843891475735
1633000 122.08971337399 117.360365272571 115.750378852907 355.200457499469
1634000 122.081227865833 117.435926333043 115.800167941034 355.31732213991
1635000 122.183916233083 117.490703286576 115.869051293573 355.543670813233
1636000 122.198113412216 117.573605124016 115.956342293783 355.728060830014
1637000 122.319528031468 117.626662149151 116.013607598395 355.959797779013
1638000 122.362350613802 117.728533628242 116.069169926441 356.160054168485
1639000 122.380272122491 117.776567644399 116.198054370577 356.354894137467
1640000 122.412885207415 117.795137100969 116.185851739873 356.393874048257
1641000 122.48508671611 117.845208185393 116.288193718389 356.618488619892
1642000 122.562814477879 117.980161816811 116.309716065465 356.852692360156
1643000 122.666428974459 118.037362265065 116.468672103816 357.17246334334
1644000 122.709095286866 118.091573244166 116.510801234497 357.311469765529
1645000 122.791817311041 118.215006704746 116.616903352068 357.623727367855
1646000 122.859179767937 118.316727538163 116.734964489329 357.910871795429
1647000 122.956906604464 118.407191614534 116.804251706119 358.168349925116
1648000 123.063766526148 118.498707774068 116.871302349559 358.433776649774
1649000 123.088256429482 118.590161892541 116.980571844445 358.658990166468
1650000 123.110546363612 118.717815400487 116.97441857171 358.802780335809
1651000 123.193405288759 118.715941838654 117.090862525039 359.000209652452
1652000 123.229263684352 118.78642816834 117.126242783106 359.141934635798
1653000 123.308434748993 118.86157635813 117.197109399613 359.367120506736
1654000 123.392305798484 118.892535632542 117.296475859129 359.581317290155
1655000 123.46470570871 118.921784852741 117.340466289166 359.726956850617
1656000 123.468912969687 119.041478099643 117.424260828788 359.934651898118
1657000 123.537767739304 119.08161763906 117.48632956337 360.105714941734
1658000 123.6015935524 119.139882746266 117.542188897659 360.283665196325
1659000 123.732068549583 119.148348498811 117.619392132542 360.499809180936
1660000 123.761698880744 119.25324258362 117.707342201902 360.722283666266
1661000 123.83475660992 119.271179944742 117.733255647684 360.839192202347
1662000 123.889225631749 119.379627158109 117.856689994518 361.125542784376
1663000 123.968333856287 119.480497691184 117.908423895973 361.357255443444
1664000 124.024693173115 119.562256309161 117.952630036464 361.53957951874
1665000 124.119642824724 119.597579357591 118.027848582961 361.745070765276
1666000 124.204900221339 119.64331170863 118.05937955892 361.90759148889
1667000 124.32136700333 119.744716387372 118.104883343425 362.170966734127
1668000 124.423876241932 119.829221106617 118.202896589858 362.455993938407
1669000 124.436354835844 119.919092609626 118.276623878966 362.632071324437
1670000 124.5072841728 120.049812842043 118.367281614775 362.924378629618
1671000 124.523384424449 120.141888632639 118.428017910589 363.093290967677
1672000 124.632597624303 120.263841998015 118.49000820154 363.386447823858
1673000 124.683207007463 120.273341697942 118.5641725042 363.520721209605
1674000 124.740939853393 120.330994962822 118.590431728273 363.662366544489
1675000 124.826556442135 120.368888876251 118.689324859247 363.884770177634
1676000 124.900014797613 120.471567235222 118.732608148815 364.10419018165
1677000 124.927913204294 120.592172257381 118.779997020871 364.300082482546
1678000 124.968178690942 120.663272913287 118.922263461521 364.55371506575
1679000 125.035319963874 120.700785454832 118.983065945247 364.719171363953
1680000 125.153806417626 120.794937798092 119.052306898916 365.001051114634
1681000 125.228584721705 120.844709115917 119.138993655726 365.212287493347
1682000 125.352030546925 120.895767439041 119.235841353368 365.483639339334
1683000 125.428464577022 121.016953032614 119.270003448372 365.715421058007
1684000 125.530686142652 121.073429002662 119.351105303717 365.955220449031
1685000 125.547440959486 121.096277079472 119.334528294257 365.978246333215
1686000 125.566666804499 121.213689645594 119.417988580157 366.19834503025
1687000 125.65592321351 121.255484788215 119.410322840183 366.321730841907
1688000 125.72779229911 121.308136716315 119.524657709844 366.560586725269
1689000 125.853693962428 121.328532300936 119.537407129492 366.719633392855
1690000 125.900442004127 121.376749387157 119.640975689935 366.918167081219
1691000 125.967542484074 121.4722026388 119.648005341879 367.087750464754
1692000 126.006102955981 121.523958954632 119.751427637954 367.281489548567
1693000 126.07358898901 121.524770231414 119.803590312394 367.401949532818
1694000 126.16898241028 121.603913077476 119.859211176484 367.63210666424
1695000 126.298614861297 121.67253788176 119.946384235776 367.917536978833
1696000 126.320475877104 121.770478065595 120.026628017486 368.117581960185
1697000 126.448815700394 121.805794247011 120.065172267394 368.319782214798
1698000 126.476737359133 121.914647860937 120.142337521926 368.533722741995
1699000 126.532337597428 121.99385266872 120.236044985462 368.76223525161
1700000 126.595499500218 122.099739597562 120.286511142492 368.981750240272
1701000 126.65222157286 122.163521903614 120.354360342729 369.170103819204
1702000 126.714037137357 122.207022956702 120.391124995203 369.312185089263
1703000 126.783001739115 122.284779902136 120.440063498634 369.507845139886
1704000 126.847975036157 122.330221887733 120.554124091296 369.732321015186
1705000 126.890437601707 122.420562161849 120.6457475233 369.956747286855
1706000 126.955444400368 122.457061636899 120.735167593537 370.147673630804
1707000 127.055376351601 122.53099131221 120.771394716388 370.357762380199
1708000 127.083130207163 122.627245980355 120.828787066342 370.53916325386
1709000 127.141172992917 122.664405656634 120.923008791387 370.728587440937
1710000 127.184934488453 122.798749484479 121.021921320939 371.005605293872
1711000 127.256743417032 122.861193207611 121.080798297915 371.198734922558
1712000 127.330408208751 122.896680709081 121.170671428202 371.397760346034
1713000 127.397970715726 122.924411319817 121.195768612827 371.51815064837
1714000 127.453195099563 123.031807119579 121.249603569477 371.734605788618
1715000 127.541821104433 123.012312792524 121.251563718707 371.805697615665
1716000 127.703027264087 123.120934547784 121.364341213781 372.188303025652
1717000 127.733149985851 123.132974373961 121.44377358524 372.309897945052
1718000 127.793512320185 123.270658589656 121.451884646656 372.516055556497
1719000 127.789354748924 123.334342176618 121.530207695613 372.653904621154
1720000 127.842695622754 123.346801634337 121.597162891813 372.786660148904
1721000 127.96018255787 123.392132170609 121.677248868084 373.029563596563
1722000 128.007588532482 123.522133155448 121.762354013171 373.292075701101
1723000 128.093109448554 123.609882058168 121.805012713375 373.508004220097
1724000 128.133346827797 123.658606880002 121.918103315177 373.710057022976
1725000 128.243920541564 123.67334655387 122.048774618906 373.96604171434
1726000 128.306012701768 123.734730807024 122.040025382035 374.080768890827
1727000 128.356688588542 123.756966090832 122.130421779145 374.24407645852
1728000 128.42493240028 123.861661842717 122.17450916405 374.461103407047
1729000 128.494472001602 123.91067963521 122.231740872985 374.636892509797
1730000 128.533465586616 123.966659649767 122.267332114533 374.767457350916
1731000 128.650323254526 124.065437467468 122.343578901454 375.059339623449
1732000 128.67174871149 124.070727870977 122.376408296661 375.118884879128
1733000 128.708897440353 124.168657738055 122.455804265562 375.33335944397
1734000 128.806794121418 124.268889824983 122.502582194769 375.57826614117
1735000 128.863866172253 124.327820207406 122.654772475569 375.846458855228
1736000 128.994897846727 124.396588982951 122.753420379896 376.144907209575
1737000 129.002959847493 124.49090022641 122.765056409947 376.25891648385
1738000 129.119301191536 124.54740345705 122.852391482117 376.519096130702
1739000 129.195200135504 124.610706371514 122.884391394089 376.690297901107
1740000 129.219841032994 124.700729741814 122.987476782401 376.908047557208
1741000 129.300857810929 124.759206475045 123.100096487898 377.160160773873
1742000 129.37629044851 124.837195611481 123.129485023127 377.342971083118
1743000 129.440350930901 124.969557395958 123.264650318512 377.674558645371
1744000 129.484100910273 124.938975606551 123.326177007111 377.749253523934
1745000 129.502864930284 124.996343613576 123.387038696825 377.886247240685
1746000 129.554270100706 125.009490151424 123.372243627757 377.936003879887
1747000 129.65929484908 125.122877756268 123.422431814394 378.204604419742
1748000 129.710076296747 125.252127054149 123.487599375298 378.449802726193
1749000 129.746602457272 125.280833161457 123.57680732588 378.604242944608
1750000 129.889501584454 125.374006980041 123.630166731441 378.893675295935
1751000 129.903126771971 125.490964389535 123.702472586857 379.096563748362
1752000 129.972783997517 125.501114944563 123.728953260963 379.202852203043
1753000 129.991765187277 125.543799606077 123.8720988762 379.407663669554
1754000 130.100450458476 125.666423240293 123.901818330887 379.668692029656
1755000 130.16143181886 125.667443366619 123.985494010347 379.814369195826
1756000 130.304756345384 125.730068236701 124.044160692861 380.078985274945
1757000 130.355485135653 125.89109061071 124.047604392141 380.294180138504
1758000 130.385919715769 125.918163583878 124.113362346597 380.417445646244
1759000 130.419241348891 125.938661765422 124.261691418121 380.619594532433
1760000 130.479078122525 126.003025862865 124.309947546422 380.792051531812
1761000 130.533904588153 126.15179036964 124.371410531327 381.057105489119
1762000 130.676318490489 126.206614755118 124.406165491628 381.289098737234
1763000 130.712033574768 126.258521620999 124.457457688193 381.428012883959
1764000 130.817945178726 126.33391465055 124.565500451153 381.717360280429
1765000 130.905187116024 126.359582408706 124.587207478896 381.851977003625
1766000 130.907465239173 126.452913114033 124.699437475766 382.059815828972
1767000 130.978475167985 126.536770745423 124.77475629226 382.290002205668
1768000 131.077379135766 126.622475012635 124.789965014091 382.489819162492
1769000 131.138565915265 126.655317808841 124.849346781717 382.643230505823
1770000 131.202257963297 126.741426214626 124.952560212406 382.89624439033
1771000 131.190500370434 126.820503860939 124.965965762494 382.976969993867
1772000 131.280290667404 126.913132129538 125.021305478597 383.214728275539
1773000 131.405997875864 127.028520621552 125.127358940946 383.561877438362
1774000 131.407342164116 127.087925759925 125.147397248927 383.642665172969
1775000 131.443023914447 127.183011659616 125.205752269498 383.831787843561
1776000 131.524212654745 127.206920427259 125.2337360016 383.964869083604
1777000 131.636243745963 127.299901237858 125.267638903623 384.203783887443
1778000 131.748255916116 127.389346653628 125.30439803671 384.442000606454
1779000 131.763692917429 127.41344699745 125.342546420664 384.519686335543
1780000 131.80180714606 127.468734800065 125.427210630317 384.697752576442
1781000 131.83366196759 127.544119196955 125.48439415892 384.862175323466
1782000 131.928893900395 127.628923016499 125.507401354666 385.06521827156
1783000 131.982175316668 127.727597575905 125.614014994521 385.323787887094
1784000 132.031327409534 127.778216920137 125.710089708936 385.519634038608
1785000 132.152057091911 127.769144355526 125.764401409896 385.685602857333
1786000 132.213422531481 127.891684887423 125.923063390143 386.028170809047
1787000 132.296182719119 127.941506751967 125.949625921227 386.187315392313
1788000 132.326683108129 128.006872273088 126.007682952155 386.341238333371
1789000 132.393688170279 128.046211183155 126.170180549561 386.610079902995
1790000 132.451243013396 128.113986596812 126.20101848009 386.766248090298
1791000 132.605337584215 128.187585575063 126.248432863326 387.041356022604
1792000 132.671791844389 128.239216013358 126.40507224002 387.316080097767
1793000 132.673218895724 128.328188095085 126.467713713437 387.469120704246
1794000 132.730260157244 128.333270832865 126.55707038234 387.62060137245
1795000 132.789887223832 128.425410679997 126.635431482245 387.850729386074
1796000 132.847249163149 128.525452580481 126.723696156621 388.096397900251
1797000 132.925525351279 128.606326148447 126.767788248503 388.299639748229
1798000 132.980135171959 128.629506694243 126.873842728569 388.483484594771
1799000 133.051546754465 128.71346828685 126.91886582037 388.683880861684
1800000 133.144629823953 128.814052719251 127.032863122794 388.991545665998
1801000 133.29158582286 128.840671053374 127.068503416119 389.200760292353
1802000 133.349368520022 128.948125360704 127.030556642509 389.328050523235
1803000 133.43946082334 128.978769877812 127.160348884858 389.57857958601
1804000 133.518137337728 129.108400694757 127.246964525865 389.87350255835
1805000 133.571257675855 129.118209966154 127.227831810746 389.917299452756
1806000 133.64363488264 129.266134211999 127.32454196054 390.234311055179
1807000 133.692880021661 129.328410796924 127.408031760946 390.429322579531
1808000 133.734447795874 129.382730190775 127.421049046096 390.538227032745
1809000 133.839943623268 129.45822367786 127.542926574723 390.841093875851
1810000 133.989272963444 129.51399480496 127.553979179305 391.057246947709
1811000 133.996715777727 129.600410583286 127.571246072615 391.168372433628
1812000 134.104887228643 129.697430797979 127.630419234386 391.432737261008
1813000 134.159556281281 129.720845392888 127.791628521397 391.672030195566
1814000 134.220066549466 129.768223641226 127.868656770087 391.85694696078
1815000 134.306490472513 129.835034292304 127.882104247006 392.023629011823
1816000 134.377297871679 129.857795303334 127.95658465639 392.191677831403
1817000 134.444927234683 129.89577131641 128.067530919419 392.408229470511
1818000 134.458185102789 129.995761436268 128.094347889702 392.548294428759
1819000 134.542647855692 130.045536948414 128.162753147002 392.750937951108
1820000 134.604845689217 130.12758312652 128.260260568587 392.992689384325
1821000 134.665546434158 130.1594037492 128.315243700101 393.140193883459
1822000 134.737830491197 130.250469977926 128.398143509449 393.386443978571
1823000 134.863810752405 130.393343195586 128.486494895254 393.743648843245
1824000 134.950717894093 130.422309538703 128.54939849599 393.922425928786
1825000 135.024345536721 130.510322568017 128.559237512023 394.093905616761
1826000 135.048883545905 130.557302182729 128.682645356489 394.288831085123
1827000 135.060572873528 130.600833678763 128.736481701716 394.397888254007
1828000 135.184012370561 130.67904664004 128.765885195984 394.628944206586
1829000 135.262645038414 130.821253082713 128.777624461678 394.861522582805
1830000 135.243185886816 130.912038943904 128.873820838488 395.029045669208
1831000 135.349038333855 131.002306211667 129.010610640624 395.361955186145
1832000 135.422654826615 131.026569479748 129.070829946086 395.520054252449
1833000 135.473642122601 131.059786967518 129.179803127328 395.713232217447
1834000 135.571128285025 131.175091218311 129.223104076323 395.969323579659
1835000 135.555587260502 131.228010517761 129.265824645497 396.049422423761
1836000 135.687198861376 131.296243227081 129.294468148109 396.277910236566
1837000 135.799127058453 131.316770583357 129.339269421734 396.455167063544
1838000 135.833414373151 131.333091068075 129.385078640946 396.551584082172
1839000 135.868348045286 131.385754432683 129.478952357062 396.73305483503
1840000 135.975486756541 131.456914215098 129.578170353732 397.01057132537
1841000 136.071070672721 131.50807210795 129.588566629421 397.167709410091
1842000 136.115511920807 131.672155131988 129.598702018924 397.386369071719
1843000 136.228687040433 131.663469772156 129.72688221143 397.619039024019
1844000 136.203795963019 131.698105856917 129.739989870272 397.641891690208
1845000 136.291449018064 131.884673401632 129.858240644632 398.034363064328
1846000 136.370105211114 131.879657597095 129.959091806742 398.208854614951
1847000 136.390987129331 131.905890727855 129.977645260329 398.274523117515
1848000 136.466919151863 131.998276130546 130.069039706226 398.534234988634
1849000 136.539876559416 132.070873824521 130.114490386982 398.725240770919
1850000 136.706882072875 132.110797237927 130.266430124404 399.084109435206
1851000 136.797192605981 132.116645305207 130.242893022171 399.15673093336
1852000 136.864859474953 132.138784353916 130.322701967692 399.326345796561
1853000 136.918261802838 132.2248900859 130.415787691976 399.558939580714
1854000 137.05934739674 132.29847881401 130.485464520912 399.843290731662
1855000 137.123690266717 132.438679049337 130.561208780414 400.123578096469
1856000 137.114370988444 132.506968770617 130.667096711014 400.288436470075
1857000 137.193212289553 132.515460814261 130.668193814384 400.376866918198
1858000 137.294215382976 132.553114454534 130.73841613252 400.58574597003
1859000 137.327246527721 132.655111564454 130.791134002667 400.773492094843
1860000 137.411279885884 132.71229100025 130.844384087609 400.967954973743
1861000 137.477156567298 132.787679407173 130.934889262804 401.199725237276
1862000 137.604699990073 132.929218636206 130.92940196436 401.463320590639
1863000 137.599496118371 133.012310913344 130.977093355801 401.588900387516
1864000 137.63914429641 132.992788822425 130.966516164931 401.598449283765
1865000 137.698794374509 133.090059504168 131.15272667181 401.941580550488
1866000 137.804322969066 133.096982906682 131.174150232777 402.075456108525
1867000 137.843403069714 133.20335784845 131.232551912327 402.279312830491
1868000 137.964058102697 133.203270433963 131.337620990124 402.504949526783
1869000 137.997637368366 133.316303454638 131.390290055051 402.704230878055
1870000 138.038047669573 133.363381853391 131.435102401747 402.836531924711
1871000 138.177267319371 133.51845990574 131.498253882348 403.193981107459
1872000 138.137854350664 133.590549674822 131.599112660851 403.327516686337
1873000 138.219794534664 133.627005774078 131.680889388947 403.52768969769
1874000 138.218539857732 133.755454556533 131.753762913863 403.727757328128
1875000 138.326421660199 133.822514611808 131.826035943704 403.974972215711
1876000 138.351132799748 133.872008829407 131.867455873385 404.090597502539
1877000 138.490859009882 133.920044771946 131.986543335118 404.397447116946
1878000 138.506257225928 134.023652382526 132.011641349537 404.541550957991
1879000 138.585102728283 134.067324373435 132.093385783628 404.745812885347
1880000 138.678517800135 134.120184089724 132.163169171708 404.961871061566
1881000 138.764210115002 134.283096663577 132.261188013608 405.308494792187
1882000 138.799163958025 134.339669482419 132.305262439057 405.444095879502
1883000 138.862626028133 134.377769737538 132.348249265455 405.588645031126
1884000 138.949539708526 134.43518571722 132.445128787046 405.829854212792
1885000 138.966022008384 134.485483680793 132.606973292402 406.058478981579
1886000 139.031973913916 134.575513921229 132.59220649407 406.199694329215
1887000 139.133470348253 134.619936596928 132.686692030708 406.44009897589
1888000 139.209256849187 134.722585006622 132.742569590547 406.674411446356
1889000 139.256430608753 134.762577491452 132.815151387339 406.834159487543
1890000 139.315979800143 134.807821667753 132.96108459662 407.084886064516
1891000 139.391658304646 134.778034310005 132.949941297803 407.119633912454
1892000 139.396612184763 134.889975314561 133.02550405917 407.312091558494
1893000 139.505621980211 134.903799944541 133.118840402794 407.528262327546
1894000 139.56630849173 135.018654788698 133.153625960815 407.738589241243
1895000 139.711669428968 135.129256874096 133.27450104447 408.115427347534
1896000 139.757814206551 135.201431003506 133.26654239295 408.225787603007
1897000 139.867049319822 135.284299379127 133.379590835512 408.530939534461
1898000 139.905694955406 135.31567597469 133.351806354745 408.573177284842
1899000 140.010700452394 135.433190841817 133.529366348938 408.973257643148
1900000 140.060247687108 135.487642884689 133.636552443166 409.184443014963
1901000 140.091804283501 135.577785723571 133.691809399314 409.361399406386
1902000 140.13217340877 135.575918386345 133.671034954163 409.379126749279
1903000 140.226003113948 135.63345114623 133.746179852485 409.605634112663
1904000 140.310469052216 135.645302131884 133.818723267654 409.774494451754
1905000 140.29145362431 135.781645391742 133.834017920807 409.90711693686
1906000 140.322680192674 135.859677663486 133.855409529139 410.0377673853
1907000 140.4197166163 135.911416897852 133.959286364347 410.290419878499
1908000 140.530958469039 135.936381366529 134.03354699698 410.500886832548
1909000 140.548486638896 136.055721513805 134.146743887301 410.750952040002
1910000 140.54663389254 136.042214732813 134.177388558388 410.76623718374
1911000 140.610120898265 136.155511056823 134.267926583601 411.033558538689
1912000 140.693385504489 136.182420879628 134.314474780158 411.190281164275
1913000 140.75361979593 136.226331430112 134.404597930333 411.384549156375
1914000 140.896283377522 136.347205998124 134.445079522431 411.688568898077
1915000 140.98954178097 136.416296246213 134.513993017262 411.919831044445
1916000 141.052251740225 136.448068156335 134.592968347131 412.093288243691
1917000 141.232330050053 136.4896323438 134.677183043455 412.399145437308
1918000 141.226819040422 136.582444797647 134.771966710471 412.58123054854
1919000 141.27741650647 136.642236811818 134.878379919735 412.798033238022
1920000 141.319786995691 136.722010159787 134.889824162778 412.931621318256
1921000 141.445792226172 136.764790429901 134.951813091201 413.162395747274
1922000 141.453857471123 136.820613251932 135.026797763545 413.301268486599
1923000 141.5365613976 136.858815615157 135.135962607892 413.531339620649
1924000 141.673830395294 136.920084135872 135.153114333285 413.747028864451
1925000 141.705380455455 137.02692353686 135.264820150325 413.99712414264
1926000 141.778229319563 137.094101828823 135.356084910549 414.228416058935
1927000 141.894453572699 137.146604158558 135.434114622359 414.475172353616
1928000 141.866228609113 137.206995706528 135.457654928969 414.530879244611
1929000 142.056612240995 137.346987631071 135.449863798874 414.85346367094
1930000 142.076829280166 137.356179156744 135.538821267262 414.971829704171
1931000 142.143551471054 137.441716467334 135.606100424327 415.191368362716
1932000 142.202611716108 137.517367825222 135.698172065317 415.418151606647
1933000 142.373046454442 137.582475733398 135.747042121882 415.702564309723
1934000 142.363585131928 137.616653103856 135.753168636797 415.733406872582
1935000 142.415794554929 137.691109981474 135.788023355847 415.89492789225
1936000 142.363488020377 137.789803188071 135.864199666539 416.017490874988
1937000 142.497564826909 137.795522021509 135.925073008165 416.218159856584
1938000 142.544571900616 137.839540927794 136.008676327414 416.392789155825
1939000 142.626846474269 137.951078597343 136.101575364824 416.679500436436
1940000 142.689387182745 137.994774796941 136.196864139937 416.881026119623
1941000 142.779789175147 138.109062373927 136.249371690219 417.138223239293
1942000 142.85839987591 138.099540654626 136.329569560601 417.287510091137
1943000 142.932411651592 138.141825354343 136.423759729163 417.497996735098
1944000 142.945946900517 138.243916725132 136.507369183254 417.697232808903
1945000 143.093295579456 138.298758397497 136.513911356494 417.905965333447
1946000 143.168077685834 138.314469467676 136.662735582398 418.145282735908
1947000 143.263636165245 138.41806699067 136.715615290539 418.397318446454
1948000 143.333514679266 138.469075216679 136.765839120939 418.568429016884
1949000 143.353626292 138.516588310707 136.888562747319 418.758777350027
1950000 143.358241918254 138.622420982394 136.923103871329 418.903766771977
1951000 143.474484942832 138.686839739662 136.904509631445 419.065834313939
1952000 143.508511707023 138.705307718522 137.05324310962 419.267062535166
1953000 143.570806245973 138.751112857864 137.110147923163 419.432067027
1954000 143.54093697977 138.844979356256 137.061969092531 419.447885428558
1955000 143.601720399924 138.845149156555 137.190598281979 419.637467838459
1956000 143.76574384539 138.926439285953 137.228149582297 419.92033271364
1957000 143.828443215326 139.005954275232 137.304346605621 420.138744096179
1958000 143.899117835439 139.072224028681 137.411579999626 420.382921863745
1959000 143.987569178649 139.144992047737 137.424215681061 420.556776907447
1960000 144.101960198324 139.277528841412 137.514393233576 420.893882273312
1961000 144.091311420669 139.304281532193 137.61668300909 421.012275961953
1962000 144.231427888589 139.387710947043 137.702554464072 421.321693299704
1963000 144.291154514513 139.413120856937 137.773892568277 421.478167939726
1964000 144.372656963142 139.538742772427 137.88773046362 421.799130199189
1965000 144.356811376671 139.561779437527 137.933550072684 421.852140886882
1966000 144.463105149579 139.624229804472 137.974638710042 422.061973664093
1967000 144.533719146614 139.707065464652 138.150094697397 422.390879308663
1968000 144.562173758897 139.809802120361 138.154411616051 422.526387495309
1969000 144.602032126181 139.832207214608 138.302930339894 422.737169680683
1970000 144.687991972816 139.967023757116 138.327905529548 422.98292125948
1971000 144.747886882156 140.057658665837 138.397262344778 423.202807892772
1972000 144.869038043422 140.132463446325 138.415283773255 423.416785263001
1973000 144.934525606844 140.177575638665 138.444042281803 423.556143527311
1974000 144.958814269744 140.290474419689 138.521375948004 423.770664637438
1975000 145.102593138753 140.325978575205 138.604560476562 424.03313219052
1976000 145.173784221315 140.361885124292 138.690846726938 424.226516072545
1977000 145.245314599443 140.39134369848 138.659490609574 424.296148907497
1978000 145.347665954959 140.486728651712 138.746500267485 424.580894874156
1979000 145.403161979653 140.527700023413 138.815525054572 424.746387057638
1980000 145.45806520931 140.593651350014 138.891586974018 424.943303533342
1981000 145.474104721842 140.624899842904 138.998618168474 425.09762273322
1982000 145.606841706459 140.694339211236 139.033796310539 425.334977228235
1983000 145.617365470035 140.734084725928 139.148706011957 425.500156207919
1984000 145.717314281911 140.834609476746 139.240776269212 425.792700027869
1985000 145.758182256699 140.912323913187 139.276017011251 425.946523181137
1986000 145.890041831476 140.936273813142 139.287466673523 426.11378231814
1987000 145.937111922939 141.022898032925 139.399064359006 426.359074314871
1988000 145.996102392938 141.069240731499 139.38122716282 426.446570287257
1989000 146.00947766225 141.148337063289 139.439616156135 426.597430881674
1990000 146.150033330436 141.201869348788 139.491049191036 426.84295187026
1991000 146.19489353885 141.259356622734 139.688123101292 427.142373262876
1992000 146.342915704195 141.357525683511 139.71083555703 427.411276944736
1993000 146.412548191431 141.451185662147 139.678120256162 427.54185410974
1994000 146.410032348025 141.56397959865 139.744580330108 427.718592276784
1995000 146.544648919375 141.559986259662 139.829493423738 427.934128602775
1996000 146.588219569807 141.595202914384 139.902176865346 428.085599349537
1997000 146.641072576019 141.675287844115 139.939495403073 428.255855823208
1998000 146.766065636194 141.72387413883 139.97198943578 428.461929210804
1999000 146.840502136731 141.846412843683 140.076497917625 428.763412898039
2000000 146.875286368955 141.916522297661 140.119903159005 428.911711825621
2001000 146.932268586883 142.015598995665 140.199482879721 429.14735046227
2002000 146.889767628465 142.021699015184 140.272839439587 429.184306083236
2003000 146.986771549308 142.201000372606 140.351293808309 429.539065730223
2004000 147.041379040031 142.185288835366 140.365277881183 429.591945756581
2005000 147.093439604783 142.225617592086 140.45713552649 429.776192723359
2006000 147.241091579254 142.273199263173 140.504084685395 430.018375527823
2007000 147.30153686211 142.338926490382 140.645508732035 430.285972084527
2008000 147.368502280361 142.443558923337 140.724857129339 430.536918333037
2009000 147.426574534724 142.477851557274 140.741302322051 430.645728414049
2010000 147.567083635336 142.530066520775 140.749079933391 430.846230089502
2011000 147.577916199103 142.611824646099 140.824089136716 431.013829981918
2012000 147.653773296527 142.686611331782 140.89453136432 431.234915992629
2013000 147.766270657046 142.703406960686 140.914420937607 431.38409855534
2014000 147.760416512945 142.799065569049 140.93295752437 431.492439606363
2015000 147.871022113261 142.839701513102 141.04744170735 431.758165333713
2016000 147.908493564643 142.903245541198 141.124085338428 431.935824444269
2017000 147.978271960287 143.012202695818 141.193815925493 432.184290581597
2018000 148.134443456252 142.984626399783 141.203274830823 432.322344686858
2019000 148.14839324354 143.114821258734 141.323559849612 432.586774351886
2020000 148.252438043886 143.1601667124 141.356894816967 432.769499573253
2021000 148.28028897502 143.251701958637 141.47890460328 433.010895536937
2022000 148.358090050771 143.250131528131 141.593392369052 433.201613947954
2023000 148.454628875979 143.294959336484 141.632057362269 433.381645574731
2024000 148.559497237131 143.350068122011 141.721831710219 433.63139706936
2025000 148.603076856914 143.369976868382 141.735065904619 433.708119629915
2026000 148.700181066863 143.440948078541 141.842324490478 433.983453635881
2027000 148.68128511741 143.531388117669 141.96190797352 434.1745812086
2028000 148.704457632151 143.536610371883 141.985513361473 434.226581365507
2029000 148.836446703973 143.669617890473 142.06370926591 434.569773860356
2030000 148.865563132459 143.744362612145 142.076300112479 434.686225857083
2031000 148.927510797168 143.830846509543 142.159570289459 434.91792759617
2032000 149.019614337422 143.843031896075 142.182265303573 435.044911537071
2033000 149.062937185052 143.910133564084 142.219486935283 435.19255768442
2034000 149.137886453039 144.039028064838 142.354952499121 435.531867016998
2035000 149.174443202253 144.099526440352 142.363951860546 435.637921503151
2036000 149.233037043718 144.17080069468 142.417659409333 435.821497147731
2037000 149.271844627979 144.177799928179 142.474478722364 435.924123278522
2038000 149.327011588896 144.252184841674 142.587109035723 436.166305466293
2039000 149.372147718964 144.309234238383 142.64264916158 436.324031118927
2040000 149.443073476232 144.380245730174 142.754598292722 436.577917499128
2041000 149.473623762552 144.394028769108 142.759294785478 436.626947317138
2042000 149.57852030871 144.467021154505 142.831485903694 436.877027366909
2043000 149.650367430727 144.452919288119 142.902390449763 437.00567716861
2044000 149.699107687116 144.487194472954 142.920835773833 437.107137933903
2045000 149.755958870432 144.608916096422 142.993936909612 437.358811876465
2046000 149.861733531469 144.646937893569 143.107091423829 437.615762848867
2047000 149.990643588261 144.684149259065 143.185313918762 437.860106766088
2048000 150.029700156881 144.711768977628 143.256795322071 437.99826445658
2049000 150.109957335159 144.829511099557 143.293757444998 438.233225879714
2050000 150.167220826085 144.896764121138 143.31790527032 438.381890217542
2051000 150.202124075558 144.905075541891 143.381468128561 438.48866774601
2052000 150.269251689314 144.958320722027 143.441542686475 438.669115097815
2053000 150.343481360191 145.067962698822 143.564013590088 438.975457649101
2054000 150.397302001758 145.132699226828 143.561298159217 439.091299387803
2055000 150.419804717024 145.1727568957 143.677911058105 439.270472670828
2056000 150.500090253557 145.268678913891 143.754104528137 439.522873695585
2057000 150.604025123722 145.351446947578 143.860346170174 439.815818241475
2058000 150.659599385557 145.381374855555 143.858918153965 439.899892395078
2059000 150.728713842739 145.454330196212 143.930073506306 440.113117545257
2060000 150.795049651443 145.498387543982 143.962298531614 440.255735727038
2061000 150.853447304884 145.594752011638 144.086570163698 440.53476948022
2062000 150.891268871015 145.630202816835 144.132359674705 440.653831362555
2063000 150.973181552052 145.732967579646 144.17780179641 440.883950928107
2064000 151.065908305634 145.796957494582 144.232164068506 441.095029868722
2065000 151.122197958962 145.851671781515 144.377958320263 441.35182806074
2066000 151.231439140136 145.902205076824 144.387143687603 441.520787904563
2067000 151.267032191738 145.936046632047 144.381283896921 441.584362720706
2068000 151.30563170511 146.011258560252 144.518489413537 441.835379678899
2069000 151.397591394334 146.054823727776 144.562924244687 442.015339366797
2070000 151.398906179366 146.163094359912 144.572582920573 442.134583459852
2071000 151.455583798576 146.211446753487 144.741668658538 442.408699210601
2072000 151.491262720306 146.324129491887 144.757347857883 442.572740070076
2073000 151.557994856991 146.355515641017 144.789435888422 442.70294638643
2074000 151.616957415279 146.354950923939 144.847635770313 442.81954410953
2075000 151.693150970117 146.472323203434 144.99477580364 443.160249977191
2076000 151.728269031199 146.530863086592 144.993179565764 443.252311683554
2077000 151.842804620913 146.585316098895 145.061219876931 443.489340596739
2078000 151.864212745243 146.574472652565 145.161940352669 443.600625750477
2079000 151.950338229033 146.692638649659 145.217705907479 443.860682786172
2080000 152.024202658429 146.692844005963 145.268769507473 443.985816171865
2081000 152.087022904088 146.740996657259 145.314200138751 444.142219700098
2082000 152.17580652073 146.775366470144 145.418411314032 444.369584304906
2083000 152.288151453494 146.921850529508 145.518053221606 444.728055204607
2084000 152.290601195817 146.985328985922 145.569707073816 444.845637255555
2085000 152.387555820966 147.160625524553 145.631843071282 445.180024416801
2086000 152.489248152922 147.184370598713 145.665611767035 445.339230518669
2087000 152.530230968574 147.30511773369 145.743949771184 445.579298473448
2088000 152.516508228861 147.34845065796 145.810737192166 445.675696078987
2089000 152.559802098504 147.449021957993 145.971719109791 445.980543166289
2090000 152.615540996442 147.531704405075 145.982631435272 446.129876836789
2091000 152.685974501094 147.543695408223 146.093637405474 446.323307314791
2092000 152.746092774168 147.701069275235 146.160029702842 446.607191752245
2093000 152.821276238457 147.750644174729 146.300395933154 446.872316346341
2094000 152.872322916906 147.862625343114 146.283949315817 447.018897575837
2095000 152.980306109212 147.864795585664 146.310169346229 447.155271041104
2096000 152.996277524795 147.907983050187 146.402307202262 447.306567777244
2097000 153.05092926081 147.956885413113 146.507511569951 447.515326243873
2098000 153.207689348325 148.056010194662 146.525952378954 447.789651921941
2099000 153.290550124135 148.114748068693 146.623913568868 448.029211761695
2100000 153.369532884024 148.144920159342 146.67502524438 448.189478287746
2101000 153.377434867298 148.163408783594 146.744968218116 448.285811869008
2102000 153.420710295288 148.264332540384 146.859535664189 448.544578499861
2103000 153.535097485667 148.33120310753 146.856541897942 448.72284249114
2104000 153.581582565289 148.336746232258 147.027500197002 448.945828994549
2105000 153.756236234356 148.379481402248 147.112752525101 449.248470161705
2106000 153.718952844707 148.410803283906 147.168026038901 449.297782167514
2107000 153.888231840452 148.543086280777 147.261192245928 449.692510367157
2108000 153.908401041932 148.545384877709 147.366428078582 449.820213998223
2109000 153.971023888151 148.648294874834 147.414423531666 450.03374229465
2110000 154.012845733767 148.711783881266 147.515948570053 450.240578185086
2111000 154.101464606672 148.796552066921 147.587720637941 450.485737311535
2112000 154.136422139832 148.954166526636 147.617588010746 450.708176677214
2113000 154.257758849689 148.980323043551 147.737525557848 450.975607451089
2114000 154.389300932933 149.04119246252 147.809629739924 451.240123135376
2115000 154.376504426735 149.188560216197 147.87261097115 451.437675614082
2116000 154.484869563969 149.263838636071 147.909452980848 451.658161180887
2117000 154.539270259215 149.264313893343 147.999561338886 451.803145491445
2118000 154.656967884971 149.347760169059 148.034802706023 452.039530760053
2119000 154.672695513977 149.348131238192 148.112379990287 452.133206742456
2120000 154.744481001679 149.455058624405 148.204442344389 452.403981970474
2121000 154.778319088021 149.541066353186 148.279113694334 452.59849913554
2122000 154.837243599815 149.574325303645 148.302715960917 452.714284864377
2123000 154.933555920326 149.628231595955 148.378845174652 452.940632690932
2124000 154.952452514517 149.699128359367 148.439456260701 453.091037134586
2125000 154.999465392094 149.781514751838 148.523736581679 453.304716725611
2126000 155.064485661051 149.846507927228 148.503380663677 453.414374251956
2127000 155.130055195826 149.896407069495 148.586431845799 453.61289411112
2128000 155.245085550683 150.006114339082 148.660122005328 453.911321895093
2129000 155.299781291784 150.138431735846 148.705272902006 454.143485929636
2130000 155.325591196323 150.207490553804 148.754966506164 454.288048256291
2131000 155.354437636784 150.298906411847 148.812225542114 454.465569590745
2132000 155.366407472211 150.350011283276 148.939051938327 454.655470693814
2133000 155.472518237855 150.37938599052 149.02201941597 454.873923644345
2134000 155.555060842646 150.478647474376 149.077382108663 455.111090425685
2135000 155.601428922826 150.565137355867 149.153643177535 455.320209456228
2136000 155.684257044286 150.619745096522 149.19106713594 455.495069276748
2137000 155.778494169114 150.693141499837 149.345274482878 455.816910151829
2138000 155.77575456667 150.706286889821 149.453870555468 455.935912011959
2139000 155.862591131774 150.779984657306 149.497779851462 456.140355640542
2140000 155.880933869362 150.870575547564 149.519881954228 456.271391371154
2141000 155.935732262244 150.890766029828 149.607486778016 456.433985070088
2142000 156.044661530293 150.893840935603 149.632871174058 456.571373639955
2143000 156.12287338019 151.012412382772 149.707236861501 456.842522624462
2144000 156.201637774006 151.108022570605 149.769097007615 457.078757352227
2145000 156.270791067189 151.23222644377 149.822362175388 457.325379686347
2146000 156.287672171491 151.287692639488 149.840605100415 457.415969911394
2147000 156.40872072635 151.328148021748 149.906359473751 457.643228221848
2148000 156.481331294522 151.427618073637 149.976382364944 457.885331733102
2149000 156.42522950186 151.459372015315 150.025073487804 457.909675004978
2150000 156.52669962573 151.528291503195 150.133613256712 458.188604385638
2151000 156.530313791344 151.65220457162 150.147209473746 458.329727836711
2152000 156.628359474914 151.65715236864 150.272231299176 458.55774314273
2153000 156.698914288512 151.75647850792 150.241086446678 458.69647924311
2154000 156.814055981787 151.8897154508 150.29353019412 458.997301626707
2155000 156.814903378169 151.931426708378 150.368733382844 459.11506346939
2156000 156.875224530167 152.025676365322 150.348022425881 459.248923321369
2157000 156.897992830082 152.100908215693 150.451360812972 459.450261858747
2158000 156.999515411583 152.098136133933 150.52781657619 459.625468121706
2159000 157.096131048109 152.147038216652 150.570349782443 459.813519047204
2160000 157.18906431868 152.194400422916 150.687671744775 460.071136486371
2161000 157.287359513143 152.240517454375 150.67639070246 460.204267669978
2162000 157.370727014235 152.28427868294 150.782356579599 460.437362276774
2163000 157.4569899545 152.432320034713 150.80450327587 460.693813265083
2164000 157.499839179254 152.475771594441 150.90053254092 460.876143314615
2165000 157.587501874474 152.524067891446 151.001823039152 461.113392805072
2166000 157.67488562772 152.559244818353 151.022207899311 461.256338345383
2167000 157.714522456872 152.685129239038 151.0621469472 461.46179864311
2168000 157.744657132254 152.814729405779 151.129393710809 461.688780248842
2169000 157.83649030317 152.872266006272 151.185957377595 461.894713687037
2170000 157.969318720407 152.963160618047 151.261547282394 462.194026620848
2171000 158.03752753612 153.123175419575 151.327395654315 462.488098610009
2172000 158.029427564835 153.192054690108 151.369661917274 462.591144172216
2173000 158.169072357827 153.292975078609 151.377869432408 462.839916868844
2174000 158.203912523535 153.421316023768 151.517044520049 463.142273067352
2175000 158.205731774453 153.472201837062 151.590004464131 463.267938075646
2176000 158.373235399305 153.540142600034 151.691069805568 463.604447804907
2177000 158.464811542416 153.609095727538 151.771326142607 463.845233412561
2178000 158.518001686192 153.667661745886 151.778256068201 463.963919500278
2179000 158.637964254008 153.70668898367 151.773349252477 464.118002490155
2180000 158.670544582191 153.786278352197 151.875640330501 464.332463264889
2181000 158.74155401343 153.85169890433 151.958434874924 464.551687792685
2182000 158.753962914849 153.939620090587 152.039543842578 464.733126848014
2183000 158.820219703157 153.954584439534 152.15184144533 464.926645588021
2184000 158.904447453795 153.994527793232 152.202794695576 465.101769942603
2185000 159.02206382907 154.087284871084 152.262637565059 465.371986265214
2186000 159.046925425099 154.15565451298 152.319110696209 465.521690634288
2187000 159.151024698627 154.261301659338 152.328941631523 465.741267989488
2188000 159.255127529717 154.360993228285 152.337724100658 465.95384485866
2189000 159.271053433787 154.501381075195 152.364310528914 466.136745037896
2190000 159.336221091034 154.567198505239 152.419203559551 466.322623155823
2191000 159.452325692963 154.641372766104 152.530198884075 466.623897343142
2192000 159.538722007585 154.735447049144 152.568073024721 466.84224208145
2193000 159.498610585484 154.760879518925 152.603958511902 466.863448616311
2194000 159.662251486097 154.814343087231 152.638302682767 467.114897256095
2195000 159.731257268858 154.950778464015 152.6876710235 467.369706756373
2196000 159.853547348566 155.038819134341 152.733236644918 467.625603127825
2197000 159.849038602057 155.146402531807 152.7997842043 467.795225338163
2198000 159.917553699729 155.136146841423 152.851099482374 467.904800023526
2199000 160.07249121425 155.236328550243 152.961876678471 468.270696442964
2200000 160.106801075968 155.330227072229 153.013743443072 468.450771591269
2201000 160.146367018357 155.471917290683 153.032279634258 468.650563943298
2202000 160.276383595003 155.487047251 153.083341829517 468.84677267552
2203000 160.284795943079 155.56815190333 153.16231455922 469.015262405629
2204000 160.373577278473 155.59542563136 153.277497436874 469.246500346707
2205000 160.474935222434 155.663941001979 153.333982936458 469.472859160871
2206000 160.570677117583 155.749252269418 153.403085332998 469.723014719999
2207000 160.611644855458 155.842512927659 153.479396281077 469.933554064194
2208000 160.631166392983 155.932177731162 153.537121419817 470.100465543962
2209000 160.661651447223 156.014960827175 153.537711018475 470.214323292873
2210000 160.775596963342 156.07004493028 153.654801618197 470.500443511818
2211000 160.75946039722 156.175971226867 153.668999193298 470.604430817385
2212000 160.871998683453 156.167781994441 153.783026326834 470.822807004727
2213000 160.944016479531 156.285428569142 153.785114431591 471.014559480264
2214000 160.989970241296 156.291726179191 153.804150762128 471.085847182615
2215000 161.075263711026 156.344185259799 153.928461783365 471.34791075419
2216000 161.137842829738 156.362622256762 153.943784560466 471.444249646966
2217000 161.186094369715 156.445166912366 154.021347620054 471.652608902135
2218000 161.245130413319 156.553510500065 154.065540445755 471.864181359139
2219000 161.26854699942 156.624272730471 154.159966033771 472.052785763662
2220000 161.375151486877 156.686114632815 154.312848302044 472.374114421735
2221000 161.455071811046 156.769573870889 154.325786024214 472.550431706148
2222000 161.570807218815 156.772323082509 154.46479356405 472.807923865375
2223000 161.64528190488 156.902366636593 154.504154386091 473.051802927564
2224000 161.634053497958 157.019119736652 154.54572247941 473.19889571402
2225000 161.761043385973 157.039702919575 154.628809052091 473.42955535764
2226000 161.756600469944 157.151623998976 154.704524495683 473.612748964604
2227000 161.845353564263 157.196562108767 154.744888814864 473.786804487895
2228000 161.937175139994 157.266373157912 154.774595019465 473.978143317371
2229000 161.947501154892 157.343910784408 154.873421896617 474.164833835917
2230000 162.040263265349 157.402209114977 154.959097036298 474.401569416624
2231000 162.1179397805 157.460509305885 154.976800305604 474.555249391989
2232000 162.248214294928 157.390876126606 155.066668768699 474.705759190233
2233000 162.277072757854 157.403155062961 155.221263051653 474.901490872468
2234000 162.30596285139 157.411265589953 155.290288365487 475.00751680683
2235000 162.38258369985 157.548567833256 155.345647153751 475.276798686856
2236000 162.459671765161 157.607162495262 155.390623371694 475.457457632116
2237000 162.552259269656 157.610903465329 155.397584045312 475.560746780296
2238000 162.594893092696 157.650384640861 155.475735820146 475.721013553703
2239000 162.668910272962 157.744909775215 155.621989558487 476.035809606664
2240000 162.737297055437 157.799355164623 155.62724847658 476.16390069664
2241000 162.808971211899 157.906933010549 155.701399754701 476.417303977149
2242000 162.876313827564 157.988496630362 155.729587855546 476.594398313473
2243000 162.987983755507 157.978660511362 155.848216047639 476.814860314508
2244000 163.040783023935 158.132026978719 155.93087352266 477.103683525315
2245000 163.077318288101 158.173655488053 155.980998373414 477.231972149568
2246000 163.162236028726 158.205801965618 156.084886552031 477.452924546375
2247000 163.257572248691 158.352597659061 156.088042097719 477.69821200547
2248000 163.393849857272 158.379558215083 156.259882087475 478.03329015983
2249000 163.41176432526 158.432899885197 156.264947715319 478.109611925776
2250000 163.510413595307 158.536376073933 156.336731566846 478.383521236087
2251000 163.52944362826 158.580305801239 156.422760593463 478.532510022962
2252000 163.623386375088 158.644030157525 156.505653917645 478.773070450258
2253000 163.742360910112 158.743618902696 156.537463183768 479.023442996577
2254000 163.842423536569 158.739033205505 156.570651155114 479.152107897187
2255000 163.843227295589 158.92572185211 156.644535146183 479.413484293881
2256000 163.974445436901 158.944903480737 156.806128359213 479.725477276851
2257000 164.069322342032 158.986038161576 156.835615474186 479.890975977794
2258000 164.051201449416 159.054532019288 156.908745451408 480.014478920112
2259000 164.139343626977 159.143977845805 156.944566953255 480.227888426037
2260000 164.255493034882 159.222350887861 157.034595989581 480.512439912325
2261000 164.342765407237 159.219527268478 156.991146231704 480.553438907419
2262000 164.412726793864 159.242893364571 157.157780255029 480.813400413464
2263000 164.454300205295 159.269500790541 157.193704016941 480.917505012777
2264000 164.463141398232 159.353301436717 157.282806016423 481.099248851373
2265000 164.607444427193 159.365923806542 157.348563800764 481.321932034499
2266000 164.648254702908 159.459158982673 157.391270185539 481.498683871121
2267000 164.710062215855 159.518529622274 157.479411069653 481.708002907783
2268000 164.819027813365 159.517484932392 157.576333029954 481.91284577571
2269000 164.893634097566 159.574433914718 157.617613116133 482.085681128416
2270000 165.084306299272 159.664603898753 157.659185279843 482.408095477868
2271000 165.109096994902 159.743844857134 157.725640417999 482.578582270035
2272000 165.168588638821 159.792569567674 157.737892013255 482.699050219751
2273000 165.210259532574 159.812520980247 157.802359461272 482.825139974093
2274000 165.252520509214 159.959171988927 157.92606515691 483.137757655051
2275000 165.331256386902 159.996464322176 157.998939490069 483.326660199146
2276000 165.37507913052 160.163900773875 158.031786262705 483.570766167099
2277000 165.436562452048 160.173888427185 158.140186317425 483.750637196658
2278000 165.557664831727 160.268070616186 158.247337469008 484.073072916922
2279000 165.567995143667 160.335596919994 158.25201310836 484.155605172022
2280000 165.634113260321 160.408315872544 158.310467808302 484.352896941167
2281000 165.661441933116 160.468512003101 158.399408422368 484.529362358585
2282000 165.839337216104 160.539553278631 158.410355893725 484.789246388461
2283000 165.843400842746 160.572179253254 158.468754611359 484.884334707359
2284000 165.894072942053 160.578626302948 158.539059990209 485.011759235211
2285000 165.935545283588 160.681505506885 158.548430060114 485.165480850587
2286000 166.032872513129 160.797914352044 158.593206840536 485.42399370571
2287000 166.157545164768 160.808253271512 158.687448588561 485.653247024841
2288000 166.175948561248 160.885471672902 158.737551016056 485.798971250206
2289000 166.222294885929 160.958987534376 158.840948178296 486.022230598601
2290000 166.300897907384 161.038494730333 158.910839753773 486.25023239149
2291000 166.320523683885 161.11795116827 158.940554107776 486.37902895993
2292000 166.436379745677 161.156855271737 158.993136295522 486.586371312936
2293000 166.543684734641 161.302492404409 159.036455806095 486.882632945146
2294000 166.577674152025 161.343614344589 159.123190792969 487.044479289584
2295000 166.63912909947 161.398875381963 159.202843816337 487.240848297771
2296000 166.666421859919 161.486672533943 159.249777482231 487.402871876093
2297000 166.82089025644 161.52546823856 159.254413334736 487.600771829735
2298000 166.929145691868 161.56561428553 159.333741423292 487.828501400691
2299000 166.957806627354 161.572332167921 159.357885723538 487.888024518813
2300000 166.971737837115 161.679267486338 159.522543936654 488.173549260106
2301000 167.047405308203 161.69425447742 159.55418905604 488.295848841663
2302000 167.113962503326 161.82054717543 159.671257228086 488.605766906842
2303000 167.220997653939 161.869831807724 159.725254438784 488.816083900448
2304000 167.229094320424 161.927083191848 159.795008588291 488.951186100563
2305000 167.254915795178 162.030292197807 159.852488514117 489.137696507101
2306000 167.453692449911 162.016701697292 159.943303331315 489.413697478518
2307000 167.491409508984 162.096925311671 160.006359982108 489.594694802762
2308000 167.561414002544 162.225583165164 160.083844889589 489.870842057297
2309000 167.655419419419 162.226058655148 160.156762901576 490.038240976142
2310000 167.723084475194 162.2995708233 160.205149343369 490.227804641863
2311000 167.829870147702 162.40662193349 160.270333457325 490.506825538516
2312000 167.861688005392 162.381801404355 160.332511633199 490.576001042946
2313000 167.924559134855 162.491545270897 160.480583636265 490.896688042017
2314000 167.935678095295 162.545119200631 160.514828969339 490.995626265265
2315000 167.986541752453 162.621873597825 160.538421055796 491.146836406075
2316000 168.070085868393 162.73681489076 160.513366062954 491.320266822107
2317000 168.19296180949 162.81565496842 160.571721245493 491.580338023404
2318000 168.221102816976 162.960564775594 160.642732092669 491.824399685239
2319000 168.252508306381 162.954151148856 160.677890650562 491.884550105799
2320000 168.304666373802 163.02496341368 160.761804839316 492.091434626798
2321000 168.462444627982 163.055177390913 160.761562047461 492.279184066357
2322000 168.51746808462 163.154444547428 160.886614812788 492.558527444836
2323000 168.693448483814 163.197644609957 160.856184628847 492.747277722618
2324000 168.692204056643 163.246630653754 160.975818780037 492.914653490435
2325000 168.792669798653 163.311750265655 161.088394878115 493.192814942423
2326000 168.932019479986 163.376794146311 161.089098937894 493.39791256419
2327000 169.050282375413 163.382705094477 161.202954867485 493.635942337375
2328000 169.12643954679 163.472640562244 161.276780797585 493.87586090662
2329000 169.134750046397 163.507637787015 161.30998032739 493.952368160802
2330000 169.253822859978 163.556660704631 161.42614469337 494.236628257979
2331000 169.395175528306 163.618845826602 161.495822418277 494.509843773185
2332000 169.416089906341 163.724856606008 161.579388787075 494.720335299424
2333000 169.449241631411 163.848688604597 161.611880043737 494.909810279745
2334000 169.625838221557 163.941174260075 161.685670115954 495.252682597587
2335000 169.72925219581 164.010830255223 161.806717407557 495.54679985859
2336000 169.798419610965 164.096963882335 161.907041035712 495.802424529012
2337000 169.835693345543 164.125313086344 161.889508538682 495.850514970569
2338000 169.942936310457 164.259498841438 161.987585388828 496.190020540724
2339000 170.026986122323 164.282507824036 162.090027733882 496.39952168024
2340000 170.117298100036 164.307069972439 162.160485172555 496.58485324503
2341000 170.178318072226 164.374349931536 162.20281789219 496.755485895951
2342000 170.204758741867 164.466427478207 162.264035525901 496.935221745976
2343000 170.285515506114 164.569573090184 162.301764982093 497.15685357839
2344000 170.35042465409 164.616696395542 162.357213414607 497.324334464239
2345000 170.390600032803 164.649564638292 162.459871795547 497.500036466642
2346000 170.518364429971 164.689569231497 162.482797532347 497.690731193815
2347000 170.542418492828 164.712189073714 162.533598682161 497.788206248703
2348000 170.654092279729 164.851681314229 162.565123346064 498.070896940022
2349000 170.705778279603 164.933539652928 162.676265010216 498.315582942747
2350000 170.795358627768 165.012130136457 162.720600817841 498.528089582065
2351000 170.946285126921 165.055849061702 162.846107709575 498.848241898198
2352000 170.913587860797 165.086824625048 162.997773045537 498.998185531382
2353000 170.994449583893 165.20366669968 163.005326683685 499.203442967258
2354000 171.007602549926 165.257302630597 163.066883471302 499.331788651826
2355000 171.079153467131 165.390939815276 163.099962987322 499.570056269729
2356000 171.181274958722 165.3831972791 163.123090531357 499.687562769178
2357000 171.205962980696 165.526876051005 163.238477275614 499.971316307315
2358000 171.235266058806 165.536432573081 163.230243083033 500.00194171492
2359000 171.343363043189 165.642267030029 163.286815572264 500.272445645481
2360000 171.393941419688 165.666483465387 163.343954191593 500.404379076668
2361000 171.487112500591 165.715580699607 163.48881820477 500.691511404968
2362000 171.544091820473 165.767120272511 163.489887823748 500.801099916731
2363000 171.649510147934 165.960026354379 163.52591780632 501.135454308634
2364000 171.738809786886 165.992146017058 163.615371691488 501.346327495433
2365000 171.806029611787 166.082653734534 163.632994444079 501.521677790401
2366000 171.840631009236 166.125377140224 163.675555469061 501.641563618521
2367000 171.939575783152 166.234383624101 163.735622290398 501.909581697651
2368000 172.022833033273 166.313088875654 163.907411178502 502.243333087429
2369000 172.045582534742 166.383781979911 163.971399506659 502.400764021312
2370000 172.143531677937 166.439735771137 164.061491914636 502.64475936371
2371000 172.232577410092 166.460164414108 164.153212922747 502.845954746947
2372000 172.333206554091 166.583703680868 164.195063939539 503.111974174498
2373000 172.350780776262 166.652446956984 164.326789279979 503.330017013225
2374000 172.38622719669 166.634247401702 164.411955894266 503.432430492658
2375000 172.481143483195 166.711590236205 164.472947141784 503.665680861183
2376000 172.556079437709 166.851858955981 164.52135754647 503.92929594016
2377000 172.591843775811 166.824016192392 164.590470131814 504.006330100018
2378000 172.612594909173 166.888478590047 164.619213962663 504.120287461883
2379000 172.729760274491 166.97485228706 164.7077677935 504.412380355051
2380000 172.738347624935 167.010563519147 164.767918343598 504.51682948768
2381000 172.816640171227 167.117781662699 164.87951387496 504.813935708886
2382000 172.947615259461 167.177626496654 164.955910425566 505.081152181681
2383000 173.021804899066 167.227189924088 165.070191308233 505.319186131387
2384000 173.122152441817 167.291037685194 165.086020976507 505.499211103518
2385000 173.266992334875 167.416430245844 165.107722145641 505.791144726361
2386000 173.338095190357 167.429540860811 165.157780413457 505.925416464625
2387000 173.394233536623 167.472578236479 165.298293270923 506.165105044026
2388000 173.470245895957 167.53401003066 165.355822271592 506.360078198209
2389000 173.571745682422 167.606792242637 165.334153490712 506.512691415771
2390000 173.665913885652 167.666020756102 165.412194653461 506.744129295215
2391000 173.720498503847 167.775086090185 165.458003865052 506.953588459085
2392000 173.797264984668 167.819599079962 165.557274225744 507.174138290374
2393000 173.826558496311 167.902896547297 165.56365217621 507.293107219819
2394000 173.944656461094 168.039193187728 165.645973201027 507.629822849849
2395000 173.991771232158 168.117520508158 165.735235692801 507.844527433117
2396000 174.048030290227 168.109011497087 165.798727051656 507.95576883897
2397000 174.14543829402 168.140535127015 165.886715292977 508.172688714012
2398000 174.177311144041 168.244371364063 165.920171354866 508.341853862969
2399000 174.199428885651 168.348330587409 165.981276357917 508.529035830977
2400000 174.321085819251 168.442981343046 166.077556780801 508.841623943097
2401000 174.326228149001 168.481414065591 166.060492306233 508.868134520826
2402000 174.483354154651 168.566164630501 166.120455410035 509.169974195187
2403000 174.635171143095 168.630134343138 166.22235639901 509.487661885243
2404000 174.656948950719 168.729209155514 166.335354621001 509.721512727234
2405000 174.76685296153 168.779920716767 166.376244746367 509.923018424664
2406000 174.827648955495 168.842481867559 166.413496654333 510.083627477388
2407000 174.894004777708 168.913669860749 166.505853042157 510.313527680614
2408000 174.862757516333 168.992449929644 166.584437271376 510.439644717353
2409000 175.003801559534 169.051208734016 166.710459661589 510.765469955138
2410000 175.039497505851 169.163560208127 166.672939403938 510.875997117916
2411000 175.09482788037 169.216141624593 166.83064658328 511.141616088243
2412000 175.129959107711 169.247611006373 166.881152534662 511.258722648746
2413000 175.241327391228 169.414128400623 166.956192056712 511.611647848563
2414000 175.297122228415 169.521209424278 166.947401535108 511.7657331878
2415000 175.367944832722 169.637982256282 167.011237289799 512.017164378803
2416000 175.36523994077 169.718763913495 167.076509620433 512.160513474697
2417000 175.446733054521 169.777395140274 167.15690096442 512.381029159216
2418000 175.563533998594 169.693726051036 167.24225064729 512.49951069692
2419000 175.624587729345 169.846346401991 167.265177274577 512.736111405913
2420000 175.700621618597 169.892790426819 167.339537271329 512.932949316746
2421000 175.730161590236 169.90946780189 167.385385382862 513.025014774989
2422000 175.8807956482 169.944846294903 167.46860740878 513.294249351883
2423000 175.918197772348 169.965919722295 167.472617580071 513.356735074714
2424000 175.943781513637 170.033197916177 167.589858090001 513.566837519815
2425000 176.059387386947 170.114089924677 167.72758271199 513.901060023614
2426000 176.129531322489 170.145572476699 167.789838433336 514.064942232524
2427000 176.29155525115 170.296529956886 167.90604417802 514.494129386056
2428000 176.290112059437 170.31663012231 167.968631115159 514.575373296906
2429000 176.345518293154 170.410043160718 168.004953486967 514.76051494084
2430000 176.418967236114 170.475586433416 168.0995435008 514.99409717033
2431000 176.481715963265 170.532617346861 168.158726169554 515.17305947968
2432000 176.518132753234 170.67179505956 168.248420641518 515.438348454312
2433000 176.584027848772 170.682086619855 168.326318537701 515.592433006327
2434000 176.591556768589 170.793300685841 168.409252063619 515.794109518049
2435000 176.724126351263 170.814070768059 168.491503776508 516.02970089583
2436000 176.79539829677 170.879355965784 168.578096289694 516.252850552248
2437000 176.885860410921 170.996872381891 168.560738766024 516.443471558835
2438000 176.987361329457 171.103444143769 168.681350590229 516.772156063455
2439000 177.072626071082 171.106411061107 168.757662946157 516.936700078346
2440000 177.18493758947 171.215846574664 168.767835098931 517.168619263065
2441000 177.257930308032 171.317848218667 168.862206743327 517.437985270026
2442000 177.331851766165 171.363367574338 168.938587283072 517.633806623576
2443000 177.418363762725 171.43228541987 168.910352882436 517.761002065031
2444000 177.45280271242 171.46240770251 169.043682372485 517.958892787415
2445000 177.55330072385 171.559831881187 169.038911574838 518.152044179875
2446000 177.585799862398 171.520942569783 169.094874457341 518.201616889523
2447000 177.677288053125 171.552081843402 169.048454847534 518.27782474406
2448000 177.754462045525 171.621721632659 169.177126372142 518.553310050327
2449000 177.825567422899 171.66898350133 169.255880208768 518.750431132997
2450000 177.886598828245 171.726355839816 169.279673673031 518.892628341092
2451000 177.946802628832 171.870451313189 169.319058254462 519.136312196483
2452000 178.003159972888 171.938700436165 169.307668576187 519.24952898524
2453000 178.11085925804 171.972126612003 169.395896845616 519.478882715659
2454000 178.119828842156 172.006708057873 169.432318027993 519.558854928022
2455000 178.181009825554 172.115686511168 169.553959011114 519.850655347837
2456000 178.268342340004 172.131674278123 169.599531829615 519.999548447743
2457000 178.34793274159 172.246621782613 169.631196304923 520.225750829125
2458000 178.333866588965 172.27011822778 169.676240701156 520.280225517901
2459000 178.391732912192 172.382377128864 169.757710122716 520.531820163772
2460000 178.402455622596 172.389870427226 169.837757193624 520.630083243446
2461000 178.446016433235 172.425122936956 169.964370098325 520.835509468516
2462000 178.521689599112 172.506211626222 169.990097850467 521.017999075802
2463000 178.505428767997 172.579175508654 170.070784451602 521.155388728253
2464000 178.567932839508 172.673102952403 170.134610467288 521.375646259199
2465000 178.67589920264 172.714740507994 170.249871209575 521.640510920208
2466000 178.719318702959 172.836170771859 170.307448454984 521.862937929801
2467000 178.808412794446 172.876729379008 170.286668091626 521.97181026508
2468000 178.897398911405 172.959245895038 170.420406271467 522.27705107791
2469000 178.938881079897 173.016566600358 170.469883937937 522.425331618191
2470000 178.970352298509 173.106447721302 170.480438826403 522.557238846214
2471000 178.991007103042 173.143629152139 170.455328366782 522.589964621962
2472000 178.99346921178 173.27080000741 170.527338565019 522.791607784209
2473000 179.099322649016 173.336492346198 170.603504515947 523.039319511161
2474000 179.155790499155 173.385452647142 170.632976804247 523.174219950543
2475000 179.188274321302 173.433792378265 170.75259116242 523.374657861988
2476000 179.196588805413 173.458753921382 170.842145781412 523.497488508207
2477000 179.313315732431 173.51136968657 170.845685023888 523.670370442889
2478000 179.418263454197 173.599087097165 170.960377219843 523.977727771204
2479000 179.416619724815 173.669466889661 171.02585729328 524.111943907755
2480000 179.514206203726 173.79986725898 171.092005994024 524.406079456731
2481000 179.461777477484 173.852707328235 171.192552630493 524.507037436212
2482000 179.558274767029 173.980726227409 171.225818060015 524.764819054453
2483000 179.65446307037 173.983049957359 171.256339726561 524.89385275429
2484000 179.653367326157 174.046958189014 171.316666128858 525.016991644029
2485000 179.626509712082 174.093390933468 171.390432458782 525.110333104333
2486000 179.772638541665 174.220596500703 171.374876780312 525.368111822679
2487000 179.822498044205 174.298816815876 171.455961100158 525.577275960239
2488000 179.924257034791 174.31356754451 171.551246344455 525.789070923756
2489000 179.892232502557 174.385376799843 171.586361530357 525.863970832757
2490000 180.014796472673 174.464670393695 171.635795274993 526.115262141361
2491000 180.110569245118 174.595057327007 171.664283641185 526.369910213311
2492000 180.186950072759 174.633675959098 171.749120606205 526.569746638062
2493000 180.262269533471 174.71073678283 171.81799247059 526.790998786891
2494000 180.368933094257 174.695836737295 171.931311792318 526.99608162387
2495000 180.381849652503 174.702810218874 171.928073669697 527.012733541074
2496000 180.422679387988 174.766048472947 172.082622598352 527.271350459287
2497000 180.542291092723 174.878762871783 172.214121320357 527.635175284864
2498000 180.553061037607 174.834916968411 172.245845291143 527.633823297162
2499000 180.661541789852 174.951308675547 172.27782925644 527.890679721839
2500000 180.744068815521 174.984129878742 172.396387043617 528.124585737879
2501000 180.757384202369 175.080396875656 172.44119670498 528.278977783004
2502000 180.859590354029 175.142321767776 172.541764851778 528.543676973583
2503000 180.92985001219 175.171969718209 172.630248166734 528.732067897133
2504000 181.019669743285 175.337365429452 172.620808216621 528.977843389359
2505000 181.059944997835 175.342185799973 172.729018322477 529.131149120285
2506000 181.144971469784 175.441753219013 172.82836838874 529.415093077536
2507000 181.137598637128 175.567946028676 172.852510990707 529.55805565651
2508000 181.27965168678 175.635001510702 172.888641649634 529.803294847115
2509000 181.309395102015 175.722273771347 172.878982383786 529.910651257147
2510000 181.449149525166 175.717927498573 172.941154181655 530.108231205394
