# Fix print output for fix 2
10000 4.5731066969334e-32 8.07724970345862e-28 0 8.07770701412831e-28
11000 0.331597862940598 0.342892946665724 0.340800748432823 1.01529155803915
12000 0.499501018670823 0.497799106604692 0.438896033375292 1.43619615865081
13000 0.708538203385119 0.715623992035814 0.608156285835931 2.03231848125686
14000 0.870881306851028 0.890338116303982 0.70983258104385 2.47105200419886
15000 1.01080927829313 1.06845983912776 0.834303902501353 2.91357301992224
16000 1.22890635030945 1.27915310732607 0.993105645926817 3.50116510356234
17000 1.40486687602845 1.44518217645359 1.08838964911775 3.93843870159979
18000 1.53527345408226 1.56249686464643 1.20004651868355 4.29781683741224
19000 1.65253126558442 1.71677545932319 1.30061499181026 4.66992171671788
20000 1.82165784125583 1.9086121566345 1.47909877588261 5.20936877377294
21000 1.9869244070678 2.05215700538988 1.564124307875 5.60320572033269
22000 2.12841661687446 2.19118616081625 1.69812980075552 6.01773257844623
23000 2.30687306241433 2.3425313409183 1.84445691680556 6.49386132013819
24000 2.50031609632064 2.50553381679985 1.97714509065968 6.98299500378017
25000 2.62568748209389 2.66845944080915 2.03159990955155 7.32574683245459
26000 2.8601293037021 2.86590193579255 2.22066007940533 7.94669131889999
27000 3.08972469417957 3.00736705658489 2.38101982124097 8.47811157200544
28000 3.28649208218266 3.18154586908086 2.44379620654593 8.91183415780945
29000 3.40726828974349 3.31295542615781 2.56993782576862 9.29016154166992
30000 3.5647589133994 3.47053628447156 2.76877965259796 9.80407485046891
31000 3.77854628820133 3.64699570261723 2.88519798639181 10.3107399772104
32000 3.8874154354711 3.81847500029798 2.91957745758766 10.6254678933567
33000 4.03037511051923 3.95031124465539 3.07423994420075 11.0549262993754
34000 4.15538107268254 4.15588210853954 3.23871608614866 11.5499792673707
35000 4.38195879284509 4.31051757395468 3.34998549433946 12.0424618611392
36000 4.52501562196107 4.40191823127909 3.37802396369208 12.3049578169322
37000 4.63837550333192 4.64308903002126 3.58278607545913 12.8642506088123
38000 4.86793015576394 4.82926480147619 3.73597623908187 13.433171196322
39000 5.11023918023615 4.963730461829 3.80312407208417 13.8770937141493
40000 5.1808864039188 5.13005650957936 3.93889798661725 14.2498409001154
41000 5.41483375264545 5.33298356962833 4.16287771934357 14.9106950416173
42000 5.55259436554587 5.54032239657155 4.2744876373475 15.3674043994649
43000 5.67211507253222 5.7213640134834 4.34438944776082 15.7378685337764
44000 5.78298798138023 5.88732103580436 4.5430248716765 16.2133338888611
45000 6.02508006495198 6.07498847444929 4.73007561356711 16.8301441529684
46000 6.25557053103653 6.27872908737392 4.75124474435418 17.2855443627646
47000 6.35101411726214 6.34389771213661 4.89023774709918 17.5851495764979
48000 6.48411540792276 6.49788715181482 5.06241900654912 18.0444215662867
49000 6.6894643013015 6.60925792211767 5.16293885471989 18.4616610781391
50000 6.81468268251761 6.81652356916387 5.13804994494358 18.7692561966251
51000 6.92852942038094 6.91417284592475 5.34684559270079 19.1895478590065
52000 6.99584574449694 7.08217031741876 5.4924080395104 19.5704241014261
53000 7.20003706724897 7.18867259708239 5.57876157951533 19.9674712438467
54000 7.35091900749412 7.29282137268048 5.66637143062589 20.3101118108005
55000 7.49456101565009 7.52702800565495 5.9092634993565 20.9308525206615
56000 7.67877443757838 7.68900721283571 6.01216694741146 21.3799485978256
57000 7.82102334882008 7.85179505719914 6.05636401701561 21.7291824230348
58000 8.01840590950909 7.99179422705852 6.21909826591743 22.229298402485
59000 8.21877707658895 8.25019655531025 6.40926518026578 22.878238812165
60000 8.35652879592739 8.40935361476863 6.42336999732672 23.1892524080227
61000 8.50814440956603 8.61448704873234 6.47300361173285 23.5956350700312
62000 8.67305964183341 8.73800205451253 6.6961756300931 24.107237326439
63000 8.8676815103123 8.88129288934059 6.77809075276588 24.5270651524188
64000 9.08919674986871 9.05679971632824 6.80965346168689 24.9556499278838
65000 9.28448689815041 9.16935424630872 6.97447647701608 25.4283176214752
66000 9.46156992366787 9.38251808208801 7.16099430321336 26.0050823089692
67000 9.68103516367656 9.47442104564479 7.18061145483405 26.3360676641554
68000 9.7663153789163 9.58592902989036 7.19764243705543 26.5498868458621
69000 9.90126291994413 9.755256795101 7.39173389725632 27.0482536123015
70000 10.1337430426025 9.97128421271604 7.57247802711873 27.6775052824372
71000 10.2474540348627 10.1730988104286 7.57255376628683 27.9931066115781
72000 10.3226531462486 10.333628703994 7.64886993127918 28.3051517815218
73000 10.5127111948908 10.4753873397544 7.86772837508106 28.8558269097263
74000 10.7417145468865 10.6869375474345 7.93730928089365 29.3659613752146
75000 10.8726912841938 10.7983333162145 7.98111812258698 29.6521427229953
76000 11.0109187963216 11.014927116545 8.25233980626639 30.278185719133
77000 11.1746733992163 11.1612721140632 8.42758629360208 30.7635318068816
78000 11.3700420605468 11.2498823197585 8.42064442254333 31.0405688028487
79000 11.4249725865686 11.3616912327015 8.49646235926807 31.2831261785382
80000 11.6525719557636 11.5261610384524 8.70653694512135 31.8852699393374
81000 11.7606851038397 11.6715809279135 8.80065511206952 32.2329211438226
82000 12.0328957760515 11.7443163144533 8.80656283243033 32.5837749229351
83000 12.208991467663 11.8883797378196 8.96826370305278 33.0656349085354
84000 12.3648961308259 12.1033158803689 9.12978359026489 33.5979956014596
85000 12.4822176968214 12.3163859453719 9.25687800972233 34.0554816519157
86000 12.565809987802 12.4490265447702 9.35506097880678 34.369897511379
87000 12.7579424422972 12.5990525515944 9.52007415710747 34.8770691509991
88000 12.8532473174692 12.7682267617449 9.64693137260435 35.2684054518185
89000 12.9723686015358 12.9237712970449 9.65490978910295 35.5510496876837
90000 13.1037856465113 13.0733327736399 9.84288277757117 36.0200011977224
91000 13.2669836608571 13.2295587603811 9.92125648180204 36.4177989030402
92000 13.4114251761015 13.4895706441353 10.033435225869 36.9344310461058
93000 13.5737671001535 13.5457751510067 10.1744136894877 37.2939559406479
94000 13.7527207704499 13.810985322759 10.3623511079107 37.9260572011196
95000 13.87784280919 13.9497778681414 10.5308541339544 38.3584748112858
96000 14.0779717410213 14.1468381330101 10.5352606158453 38.7600704898768
97000 14.2347074908461 14.2449003644739 10.6336824656059 39.1132903209258
98000 14.4599777364254 14.4730278206942 10.8526997835397 39.7857053406593
99000 14.6870026432594 14.6701108092341 10.8904629762839 40.2475764287774
100000 14.7229590942472 14.7369241602824 10.9375776934094 40.397460947939
101000 14.9237168848628 15.029177787794 11.0925373409385 41.0454320135953
102000 15.0968649866254 15.1297462968284 11.2343541179102 41.460965401364
103000 15.2355842207138 15.3363280823291 11.3394266759897 41.9113389790325
104000 15.3668428501148 15.4696183756489 11.4529768273479 42.2894380531116
105000 15.5548724475087 15.5608627052683 11.5949116380685 42.7106467908455
106000 15.7665551656019 15.7912271425898 11.6814341192017 43.2392164273935
107000 15.8814825069691 15.9968155217421 11.7724319113123 43.6507299400235
108000 16.0326236132846 16.1087678191834 11.8871340285999 44.028525461068
109000 16.1880104643143 16.3165289847821 12.0698430954889 44.5743825445854
110000 16.3412174124585 16.4651921208721 12.0937387865364 44.900148319867
111000 16.5339565914841 16.7447216040133 12.2494473664175 45.5281255619148
112000 16.6638966548406 16.897131519735 12.452658325267 46.0136864998425
113000 16.8389010586037 16.9617459868364 12.5488579317478 46.3495049771879
114000 17.0609402409418 17.1409138693992 12.6096690660832 46.8115231764243
115000 17.1255567862599 17.2462032114299 12.7149223857456 47.0866823834354
116000 17.1875914691631 17.4530804626989 12.9550298650369 47.595701796899
117000 17.4393662552594 17.6146456124842 13.0153376312712 48.0693494990148
118000 17.5852614614321 17.7741312145911 13.0956527430112 48.4550454190343
119000 17.6955702401099 18.0624363822647 13.2204434624067 48.9784500847814
120000 17.8991813301769 18.2537720129422 13.4079880662619 49.560941409381
121000 18.016496121749 18.3293819695547 13.496589387088 49.8424674783917
122000 18.2191186813242 18.3684193735385 13.5239319490186 50.1114700038813
123000 18.3380271793331 18.5225667256641 13.6930901034059 50.5536840084031
124000 18.5664980587982 18.686644435885 13.8509845959921 51.1041270906752
125000 18.5859116675773 18.8850198083656 13.9615097706422 51.4324412465851
126000 18.8508655838479 19.0481001919876 14.0699536889653 51.9689194648008
127000 18.8996850417448 19.248393419798 14.185323459752 52.3334019212948
128000 19.0934341573381 19.3871659976814 14.243773259223 52.7243734142425
129000 19.2760715868482 19.5321136343437 14.3135716566642 53.1217568778561
130000 19.4818162605453 19.6522710303654 14.4853668036455 53.6194540945561
131000 19.6805526352476 19.807354920286 14.5000281601819 53.9879357157155
132000 19.727345632293 19.8587220491577 14.5644293116221 54.1504969930728
133000 19.8751377980255 19.978314096319 14.703766871857 54.5572187662015
134000 19.9788304351894 20.0569409681298 14.9469848262451 54.9827562295643
135000 20.1075002073226 20.4069976823773 15.0185010683165 55.5329989580164
136000 20.2586076772972 20.5519837648826 15.0995889920346 55.9101804342144
137000 20.4675930492766 20.7025353159134 15.2873324635951 56.4574608287851
138000 20.6421030483862 20.8494839898038 15.3746674505346 56.8662544887246
139000 20.7938088430896 20.9751847661145 15.4144500324611 57.1834436416651
140000 20.8558004057188 21.1612567934039 15.5869448756567 57.6040020747794
141000 20.9920540743002 21.3642108831144 15.7034214228616 58.0596863802762
142000 21.183945508414 21.500215271283 15.7892913793282 58.4734521590251
143000 21.2790181522416 21.6615040511744 15.9064793317454 58.8470015351613
144000 21.404683618039 21.7478721333093 16.0428457877523 59.1954015391006
145000 21.5350424532534 21.9676674963365 16.1343167548358 59.6370267044258
146000 21.5386871082369 22.1044183442406 16.2041848207789 59.8472902732564
147000 21.6041966824942 22.3429374736461 16.3833033064713 60.3304374626116
148000 21.6291342499466 22.4323915689337 16.4588930633057 60.520418882186
149000 21.8211032787735 22.6429208883337 16.4583272132783 60.9223513803855
150000 21.9784474476868 22.9349978410371 16.5944115882557 61.5078568769796
151000 22.2206751224934 22.9966722581665 16.780608835111 61.9979562157709
152000 22.3972083079678 23.18663149745 16.9380388746477 62.5218786800655
153000 22.4736955673947 23.3269828364885 16.8994371070489 62.7001155109321
154000 22.7508092866639 23.4605778728893 17.0782294672342 63.2896166267875
155000 22.7467998158755 23.6651249783194 17.2150156330056 63.6269404272004
156000 22.9692400595698 23.7691085283625 17.2470620100155 63.9854105979478
157000 23.09033315062 24.0150663616769 17.4552297864297 64.5606292987266
158000 23.1667950088931 24.1530425933842 17.6223980217071 64.9422356239843
159000 23.3530699468411 24.3612764854093 17.780451211162 65.4947976434124
160000 23.5385150480263 24.4733615383755 17.9469358657141 65.9588124521159
161000 23.7290872464822 24.7032834761479 18.0516451046695 66.4840158272995
162000 23.8755942103025 24.7375217552193 18.169270340911 66.7823863064328
163000 24.029006945497 24.8075111887974 18.2608061971754 67.0973243314697
164000 24.0712328611043 24.8662614011648 18.3039950246062 67.2414892868753
165000 24.2192944657328 25.0372277487092 18.4237387555498 67.6802609699919
166000 24.3987598575537 25.1643764939095 18.4882770709855 68.0514134224487
167000 24.4152071657173 25.3541602400038 18.6884097156699 68.457777121391
168000 24.7080543988132 25.5995528844162 18.7222788237374 69.0298861069668
169000 24.7771837763086 25.7159151635764 18.8778753029375 69.3709742428225
170000 24.7738883988299 25.9747176261334 19.0542526860172 69.8028587109805
171000 24.8908458837005 26.0604603206386 19.2196997194393 70.1710059237784
172000 24.9916964408492 26.2167754624068 19.3772055453483 70.5856774486043
173000 25.08970529753 26.4043479600805 19.3902855756044 70.8843388332149
174000 25.2072094633508 26.5158084026336 19.5421300897989 71.2651479557833
175000 25.2172756587938 26.7340922925942 19.6051334839113 71.5565014352993
176000 25.3783910975292 26.8007516179519 19.8287304825568 72.0078731980379
177000 25.4769503008402 26.9693606694609 19.8258921614803 72.2722031317814
178000 25.7638648691869 27.1058303642383 19.9091498756752 72.7788451091004
179000 25.8436583583881 27.2641960025871 20.1799037758942 73.2877581368694
180000 26.0199306188885 27.3940623585551 20.3223907072466 73.7363836846903
181000 26.2377673734328 27.5381130290149 20.4581709758045 74.2340513782521
182000 26.4004382220283 27.7762427032464 20.591943750849 74.7686246761237
183000 26.4088846395851 27.8202109282756 20.6756879581379 74.9047835259987
184000 26.5624949472258 27.8848047914758 20.8484506332434 75.2957503719449
185000 26.7264572475055 28.0808521519174 20.903625652086 75.7109350515088
186000 26.8938391308373 28.1966636258442 21.068317792421 76.1588205491026
187000 27.0072011443654 28.409878561865 21.2636541914722 76.6807338977026
188000 27.1440067082628 28.4453342784333 21.224545037536 76.8138860242321
189000 27.363207909433 28.5595343627925 21.4830375024869 77.4057797747123
190000 27.3972975000042 28.7359782245201 21.4062094817222 77.5394852062464
191000 27.6711547485533 28.7876012707703 21.4936377707913 77.9523937901149
192000 27.8301782322902 29.014357591068 21.5818827189663 78.4264185423245
193000 27.9039987105997 29.2851953462509 21.6058044244063 78.7949984812568
194000 28.0216896783556 29.3525652222905 21.7748737423577 79.1491286430038
195000 28.0695081949511 29.5320847789206 21.8664549658529 79.4680479397246
196000 28.0922020464118 29.6091974848193 22.0460937533781 79.7474932846092
197000 28.2816791914785 29.8855710673782 22.08769690517 80.2549471640267
198000 28.5593355439467 29.9960340626894 22.2236481547768 80.7790177614128
199000 28.5522517573048 30.1423545482731 22.3355673018282 81.0301736074061
200000 28.6051591795854 30.2481569803714 22.4479946095378 81.3013107694946
201000 28.8595363732346 30.4570463244223 22.6174380326086 81.9340207302655
202000 29.0432956744499 30.5750852074531 22.7060050119999 82.3243858939029
203000 29.2508445922218 30.7736622448975 22.9062513688462 82.9307582059655
204000 29.3582796307775 31.085505279873 23.0313382797271 83.4751231903775
205000 29.5707784324488 31.1982178470409 23.1360603722708 83.9050566517606
206000 29.7335252218452 31.3164025674427 23.2425516226238 84.2924794119118
207000 29.914427251025 31.3712440642354 23.3669142138375 84.6525855290979
208000 30.0511641714322 31.5326811178876 23.5790798343995 85.1629251237192
209000 30.1080011805255 31.5459172640764 23.7004513012415 85.3543697458433
210000 30.4090128512767 31.7607355601208 23.864443623337 86.0341920347345
211000 30.5076256550244 31.9205416474455 24.0492455831179 86.4774128855879
212000 30.5817367901776 31.9616960510998 24.145465233588 86.6888980748654
213000 30.7445348942168 32.0973536872154 24.2768257170095 87.1187142984417
214000 30.9278824375437 32.4245412248576 24.4862462574885 87.8386699198898
215000 31.1345910955069 32.4092145639993 24.6615961129505 88.2054017724567
216000 31.1712861613621 32.4914935216291 24.7588305192933 88.4216102022846
217000 31.3006073907876 32.6292432649521 24.9540439723443 88.883894628084
218000 31.5543405110659 32.7732680461011 25.0437391371903 89.3713476943573
219000 31.5816357546793 32.9958075958769 25.1074071577569 89.684850508313
220000 31.7234023932709 33.1368369446619 25.2390386260436 90.0992779639764
221000 31.7571427094426 33.4278552706965 25.3060252291913 90.4910232093304
222000 31.9987631401007 33.4081821237893 25.3877939522172 90.7947392161072
223000 32.1733154341722 33.6556142747742 25.4847296394968 91.3136593484433
224000 32.297779644252 33.804501751156 25.5993236602622 91.7016050556701
225000 32.5278375455833 33.9525132880937 25.6433299533385 92.1236807870155
226000 32.7609036399993 34.1534189982968 25.7393456564348 92.6536682947309
227000 32.7352127853517 34.1806149877543 25.7820976538809 92.6979254269869
228000 32.9929235126652 34.3975278707093 25.9066548470953 93.2971062304698
229000 33.1032077199098 34.6762832663063 26.0667549868371 93.8462459730532
230000 33.2374930596479 34.9006973622694 26.1926523427926 94.3308427647099
231000 33.3267536779361 34.9850772365669 26.2534357932866 94.5652667077896
232000 33.5200655917434 35.2459190856449 26.4367318087212 95.2027164861095
233000 33.7376800286647 35.4885877402542 26.5603803192358 95.7866480881547
234000 33.9450319819608 35.5669671147174 26.5538258249551 96.0658249216334
235000 34.0882148056597 35.6105249339478 26.690180019309 96.3889197589165
236000 34.3288993404705 35.6579269857819 26.9578825615155 96.944708887768
237000 34.4522744296175 35.9867194287011 26.9603245564017 97.3993184147203
238000 34.6368937304142 36.0954110323466 27.0966794625714 97.8289842253322
239000 34.6322099833895 36.3374761240108 27.227311468897 98.1969975762973
240000 34.8677719308288 36.3640968110793 27.3663916536795 98.5982603955877
241000 35.0455764515 36.4287056886864 27.4421266571162 98.9164087973026
242000 35.0895333741637 36.4379042249746 27.6602459164138 99.187683515552
243000 35.186998372643 36.4926719804488 27.6607739429572 99.340444296049
244000 35.4214374246572 36.669880560727 27.8569824497256 99.9483004351098
245000 35.5457353537218 36.7411307578123 27.8527544721778 100.139620583712
246000 35.66702177907 36.9473941403349 28.032918994376 100.647334913781
247000 35.6790734447711 37.0874965056361 28.2136809599501 100.980250910357
248000 35.7273064445948 37.2286001059259 28.2311651137648 101.187071664285
249000 35.9741467545938 37.5297108175059 28.4018775453614 101.905735117461
250000 36.1254861346053 37.6878327240559 28.4633658065763 102.276684665238
251000 36.2708605717282 37.7892003535185 28.6281411847929 102.68820211004
252000 36.6662838520777 37.94503520029 28.6911702746335 103.302489327001
253000 36.7548552169666 38.1362100209452 28.7962922500934 103.687357488005
254000 36.8965830634252 38.3236733148242 28.8638057920275 104.084062170277
255000 37.1978862525944 38.494514622796 28.9656222782976 104.658023153688
256000 37.2463550938949 38.7217606039441 29.0427914035535 105.010907101392
257000 37.3501399419261 38.8178261602747 29.1930324439855 105.360998546186
258000 37.4661140641336 39.0358135088494 29.3759932614078 105.877920834391
259000 37.6424923659257 39.1160929154964 29.5435600704136 106.302145351836
260000 37.7555341522445 39.0851888648337 29.5647925354144 106.405515552493
261000 37.8718695656978 39.2966071195381 29.6470308157145 106.81550750095
262000 38.0059967682929 39.5103249380724 29.8750317014156 107.391353407781
263000 38.0598306793081 39.5389311395241 29.9933540353186 107.592115854151
264000 38.1687274584284 39.7555263836292 30.0266684289561 107.950922271014
265000 38.4314866474341 39.7261547112282 30.1918572407308 108.349498599393
266000 38.8541346211682 39.9077821941495 30.3326334453924 109.09455026071
267000 38.9469816581245 40.0050598148486 30.406543690456 109.358585163429
268000 39.042367306718 40.1963326212148 30.5721315288778 109.810831456811
269000 39.1770530721151 40.3746365519791 30.7047774583287 110.256467082423
270000 39.3558470655568 40.5625210521462 30.8832370393996 110.801605157103
271000 39.609141812888 40.6164908844838 31.0207149765247 111.246347673897
272000 39.7279951889187 40.7891387102746 31.1949975370071 111.7121314362
273000 39.9423301294875 40.8973925511244 31.2428905908661 112.082613271478
274000 39.89041804294 41.0277083054612 31.3055052382253 112.223631586626
275000 39.9880129620335 40.9833143913075 31.4454999652794 112.41682731862
276000 40.1196680207275 41.2310771273771 31.596029940219 112.946775088324
277000 40.3051595274786 41.5726831926577 31.7051909456121 113.583033665748
278000 40.5349318147951 41.7107319407223 31.669461299188 113.915125054705
279000 40.5605750939487 41.8073654113776 31.8205266026147 114.188467107941
280000 40.7198500963224 41.9408615010253 31.94627044117 114.606982038518
281000 40.9040115453635 42.0788348216009 32.0810236173378 115.063869984302
282000 41.039680138709 42.2063537149222 32.2954355361967 115.541469389828
283000 41.1289775051027 42.296001602023 32.3712281972787 115.796207304404
284000 41.2095338119482 42.4637617344833 32.5118329833885 116.18512852982
285000 41.4400683923534 42.6818437413103 32.6345824312732 116.756494564937
286000 41.6207327205947 43.0280732722516 32.7877866432679 117.436592636114
287000 41.7307415583639 43.132663504129 32.9283844217497 117.791789484243
288000 42.0195512838152 43.305672940555 33.0815093832593 118.406733607629
289000 42.2969981202421 43.4260017774224 33.1724173447231 118.895417242388
290000 42.2223517217641 43.4963916168997 33.2419514610694 118.960694799733
291000 42.4601008104505 43.7046866874192 33.3496765328516 119.514464030721
292000 42.5346640883943 43.736710929288 33.4680350982619 119.739410115944
293000 42.6276076932582 43.9657982670148 33.5410070258352 120.134412986108
294000 42.9008847333439 44.2337878860097 33.6701642307178 120.804836850071
295000 43.2295064658741 44.5117258666453 33.6548028086267 121.396035141146
296000 43.5574072851444 44.7034419443633 33.8582930218513 122.119142251359
297000 43.5454904307689 44.8512138611648 33.9311221344438 122.327826426377
298000 43.7257101170914 44.9589200505878 34.0837905130022 122.768420680681
299000 43.9606289403428 44.9871081338984 34.1427891821016 123.090526256343
300000 44.1340501741629 45.3159836482426 34.4053600151484 123.855393837554
301000 44.0574915619695 45.3457459410446 34.4988431083963 123.90208061141
302000 44.1497564491449 45.5816008400978 34.6620721865348 124.393429475778
303000 44.4444987806972 45.6650583252353 34.7945880950314 124.904145200964
304000 44.4890358281877 45.6939708782101 34.9566161936574 125.139622900055
305000 44.6162645198224 45.9349884631218 35.0664764796161 125.61772946256
306000 44.941367465506 46.0591965042113 35.1946313349354 126.195195304653
307000 44.9309730024527 46.333827906735 35.3598445930195 126.624645502207
308000 45.2036864264775 46.479504740481 35.3316232261689 127.014814393127
309000 45.3566261178086 46.5618222530688 35.5517441832144 127.470192554092
310000 45.4761304197989 46.6949567441525 35.6581097804904 127.829196944442
311000 45.6641798774133 46.7983055772169 35.7693113391968 128.231796793827
312000 45.7507730633718 46.8569863980711 35.7757634257748 128.383522887218
313000 45.7040183264499 47.1028958571603 35.8870662035746 128.693980387185
314000 45.8765290491131 47.0989593586303 35.8771514939729 128.852639901716
315000 46.0079890090847 47.2110777897368 36.0419329181964 129.260999717018
316000 46.178101392492 47.4572914201645 36.2013450050677 129.836737817724
317000 46.2549563339567 47.5953037583649 36.1921687454018 130.042428837723
318000 46.39796510852 47.9421608169641 36.2957811218093 130.635907047293
319000 46.6249627530705 48.0613625362904 36.4024228503412 131.088748139702
320000 46.8128221584639 48.2517369289693 36.5663117125214 131.630870799954
321000 46.9217605302162 48.4755708202276 36.7372182535285 132.134549603972
322000 46.9208454662016 48.7164339843437 36.7524370840103 132.389716534556
323000 47.2092619300702 48.7971692687519 37.096606484136 133.103037682958
324000 47.3801268487979 48.7386933216129 37.1122661259209 133.231086296332
325000 47.5514161211359 48.8543838984866 37.2094554708113 133.615255490434
326000 47.7157067359247 49.111795758731 37.4135456092132 134.241048103869
327000 47.7629792019468 49.1738800519976 37.4294051022941 134.366264356239
328000 47.8971443508479 49.3281210271324 37.6058880792621 134.831153457242
329000 48.0261872369982 49.6118153511869 37.6927966485783 135.330799236763
330000 48.0483700936836 49.6102545737272 37.7858609676941 135.444485635105
331000 48.1702440594913 49.8024042491732 37.9548887052141 135.927537013879
332000 48.3730639173498 49.8680538903352 37.9589667375311 136.200084545216
333000 48.5256199661183 50.1995322333218 38.0999258572913 136.825078056731
334000 48.681012684756 50.2030009482675 38.3287773638183 137.212790996842
335000 48.7827615186625 50.2655464242897 38.459554004931 137.507861947883
336000 48.8184668610105 50.3392918640666 38.4770102789293 137.634769004006
337000 48.9498683061977 50.3929052694711 38.665408021178 138.008181596847
338000 49.1693158439036 50.3717452510195 38.7953631807752 138.336424275698
339000 49.2319360079418 50.4483447667486 38.826645043395 138.506925818085
340000 49.4135706845642 50.5471655081509 38.8768680175069 138.837604210222
341000 49.468911235673 50.6722382286931 38.8964845809091 139.037634045275
342000 49.5906197876111 50.6453649239773 38.9246102183425 139.160594929931
343000 49.661124023161 50.8393941829228 39.164391680686 139.66490988677
344000 49.7012461209951 51.0791827980967 39.2492701201261 140.029699039218
345000 49.7746124891534 51.2305449522829 39.4112503556785 140.416407797115
346000 49.9820322874886 51.4694212545732 39.5026939917409 140.954147533803
347000 50.0526884610173 51.6146966221454 39.5003864411829 141.167771524346
348000 50.0927482951118 51.9875890847323 39.7353105247065 141.815647904551
349000 50.2473536044707 52.1065659566391 39.8868784242348 142.240797985345
350000 50.5202741583112 52.2607268659243 39.796838587795 142.57783961203
351000 50.5669047845161 52.3871761421521 39.8914636243166 142.845544550985
352000 50.6119644529556 52.569252792298 40.0401016174867 143.22131886274
353000 50.7102442711573 52.6537041832765 40.070446790755 143.434395245189
354000 50.8577543842488 52.8295142426368 40.2202702949283 143.907538921814
355000 51.074042875851 52.9553950916708 40.1701319623271 144.199569929849
356000 51.2920407782953 53.1152976665566 40.3734550958125 144.780793540664
357000 51.3672796629682 53.2474182695553 40.5396278466686 145.154325779192
358000 51.4621141871477 53.3515757822527 40.6353793010171 145.449069270418
359000 51.6076346229544 53.4586303764695 40.694357527144 145.760622526568
360000 51.7395437967944 53.5488523366661 40.8507566535292 146.13915278699
361000 51.9864886983475 53.622876058321 40.9472460574338 146.556610814102
362000 52.2012962807327 53.7395586382251 40.9641024856922 146.90495740465
363000 52.4042774217687 53.8791801999283 41.2127498375082 147.496207459205
364000 52.5448800930038 53.7589492802573 41.2482015227697 147.552030896031
365000 52.7186949216345 53.9246990525041 41.224664694047 147.868058668186
366000 52.7852125779772 54.1929731714684 41.3919009693607 148.370086718806
367000 53.1587029984705 54.1641663377451 41.6386560371459 148.961525373361
368000 53.2261043567878 54.385671603993 41.7408818936579 149.352657854439
369000 53.351177550786 54.4911253000096 41.8197726883823 149.662075539178
370000 53.5597919582226 54.7888906314802 41.9880878612622 150.336770450965
371000 53.5865764581637 54.82181763265 42.1041533563388 150.512547447153
372000 53.8935901290321 54.9921393785234 42.2875866479885 151.173316155544
373000 54.1361341598301 55.1284044728475 42.2627194194749 151.527258052152
374000 54.2656398921063 55.0999400148412 42.3866075241194 151.752187431067
375000 54.5869534391585 55.2875858496527 42.5239532778296 152.398492566641
376000 54.5867570781145 55.6008155673986 42.6910093047412 152.878581950254
377000 54.6375233853584 55.7056126541862 42.7350706341378 153.078206673682
378000 54.7953496746209 55.8044863511865 42.9058270465275 153.505663072335
379000 54.8468302589345 56.0591421034815 43.0815918739599 153.987564236376
380000 54.9851211356332 56.2197249147108 43.2817377027611 154.486583753105
381000 55.3072878667364 56.2574756176939 43.5159685642201 155.08073204865
382000 55.4625543729878 56.5781421285788 43.6307019536099 155.671398455177
383000 55.6973750143331 56.773070110031 43.630479701954 156.100924826318
384000 55.8130752612261 56.8106689452108 43.8379438115005 156.461688017937
385000 56.0711028506456 57.0494144058167 43.8966926320784 157.017209888541
386000 56.2082841809993 57.1762676758985 44.0721955370345 157.456747393932
387000 56.3718183465432 57.1915836075805 44.0882068372543 157.651608791378
388000 56.6368217310473 57.2044783679345 44.3117266551984 158.15302675418
389000 56.7352476279434 57.3661169637901 44.4184017157661 158.5197663075
390000 56.9354583877706 57.5173537915844 44.5731605887142 159.025972768069
391000 56.87746212946 57.6895245195095 44.6362451368721 159.203231785842
392000 56.9887389454475 58.0247870284296 44.8540924388181 159.867618412695
393000 56.9698748776117 58.1801763605023 44.8793966441697 160.029447882284
394000 57.2973580355566 58.3103159856977 45.1465225400466 160.754196561301
395000 57.4822515818932 58.360453613794 45.2147881137812 161.057493309468
396000 57.5106650500926 58.6083336032391 45.3803594718706 161.499358125202
397000 57.6915991122396 58.7755457312569 45.5359514608325 162.003096304329
398000 57.8735444821714 58.9549765852299 45.8063113430261 162.634832410427
399000 57.9972324001763 59.1753717046638 45.8755687881513 163.048172892991
400000 58.1378027719941 59.5757797360431 46.0199508126057 163.733533320643
401000 58.3365719514237 59.5536594804527 46.1177834263307 164.008014858207
402000 58.4231194811569 59.7611769216566 46.3581292353453 164.542425638159
403000 58.553461115287 59.9882761833656 46.3412150615893 164.882952360242
404000 58.6901942439079 60.1553029069413 46.4454140677041 165.290911218553
405000 58.7641004359262 60.207890804519 46.5802180370795 165.552209277525
406000 58.8375713372379 60.2641488907086 46.6598976437493 165.761617871696
407000 58.9233285176398 60.4923759371268 46.6371805225344 166.052884977301
408000 59.0922284140595 60.7248087871744 46.8564906266286 166.673527827862
409000 59.2548875702968 61.0729410634629 46.9697053992773 167.297534033037
410000 59.4136240494965 61.1996162121952 46.9792707614815 167.592511023173
411000 59.4250717685265 61.3899289718427 47.2750989386406 168.09009967901
412000 59.7612103631457 61.7341264313436 47.3007634208315 168.796100215321
413000 59.8686842246549 62.0097251320233 47.483765766157 169.362175122835
414000 59.9339066294002 62.0674084908343 47.528068821256 169.52938394149
415000 60.0876075631421 62.241082203308 47.7065934510377 170.035283217488
416000 60.1641952286442 62.3605210468898 47.9186485982197 170.443364873754
417000 60.096715010202 62.3615540443611 47.9957263260589 170.453995380622
418000 60.3223881156478 62.5662206512206 48.1205274036324 171.009136170501
419000 60.2774846064641 62.8018713193557 48.2153182873124 171.294674213132
420000 60.6023029012642 62.9047375317419 48.1393348498532 171.646375282859
421000 60.8537013640822 63.2458038800679 48.2679636448312 172.367468888981
422000 60.9752207354303 63.4036973970162 48.3922142111534 172.7711323436
423000 61.1334253212522 63.5743496113614 48.5856447968643 173.293419729478
424000 61.1577882932881 63.6485055619608 48.6797411771162 173.486035032365
425000 61.3044552094614 63.6584312652836 48.7205078927984 173.683394367543
426000 61.4784621177931 63.9487938955395 48.7961263033257 174.223382316658
427000 61.7529877083215 64.0490373623897 49.0398516484529 174.841876719164
428000 61.7952533445828 64.1579415181784 49.2367086345631 175.189903497324
429000 61.9769336075618 64.4395785610515 49.1529687264774 175.569480895091
430000 62.0588020606465 64.5638428084879 49.3432124096124 175.965857278747
431000 62.2574779415255 64.5763671496911 49.5568206992349 176.390665790452
432000 62.4497533195166 64.924172423073 49.6252728947196 176.999198637309
433000 62.689870253365 64.9819371524009 49.8760045178825 177.547811923648
434000 62.806014327484 65.1300101156476 49.9781466485226 177.914171091654
435000 63.0037787826263 65.2420038960936 50.2043904854731 178.450173164193
436000 63.1482649550377 65.3365780388038 50.2638359412806 178.748678935122
437000 63.290166080819 65.6896138032096 50.3782752329569 179.358055116985
438000 63.3216709602133 65.7578622485365 50.5703250917265 179.649858300476
439000 63.5103737326463 66.0681236592141 50.5967555112952 180.175252903156
440000 63.6085611240449 66.1282861928548 50.8336296696152 180.570476986515
441000 63.6922895439577 66.2637086838985 50.9803340194198 180.936332247276
442000 63.8179279973001 66.3132281262466 51.1905799632869 181.321736086834
443000 64.1031169740588 66.5143774663253 51.2515423901374 181.869036830522
444000 64.3156970949872 66.5677353200878 51.388770402895 182.27220281797
445000 64.4855702858284 66.816759546274 51.6524536266489 182.954783458751
446000 64.6248049789566 66.8828315390466 51.6587467281118 183.166383246115
447000 64.6690197218066 67.0936878911062 51.8750458610258 183.637753473939
448000 64.8131958233263 67.1154011477566 52.0886489713329 184.017245942416
449000 65.0122944660377 67.2969592451729 52.0417968537042 184.351050564915
450000 65.1807908719422 67.2969035320609 52.1987884782909 184.676482882294
451000 65.2653291336616 67.6446551291304 52.3608998274992 185.270884090291
452000 65.5602416459075 67.7221949211389 52.3341747997724 185.616611366819
453000 65.7268341974662 67.9596840784352 52.4333044006905 186.119822676592
454000 65.8568728489137 68.0035304755717 52.5991293591887 186.459532683674
455000 66.2089597105059 67.8464765250047 52.8073724652588 186.862808700769
456000 66.2810547119603 68.0537632269749 52.8566887342838 187.191506673219
457000 66.2403539841887 68.3906357746474 52.9332263901782 187.564216149014
458000 66.4658301478602 68.4258839335451 52.9525273930504 187.844241474456
459000 66.5003992071853 68.4821735938846 52.987516402423 187.970089203493
460000 66.694883141868 68.5706919232477 53.1585358168969 188.424110882013
461000 66.672157845056 68.7010571002896 53.2165358424156 188.589750787761
462000 67.0672760537293 69.0161730220274 53.4467289918738 189.53017806763
463000 67.1373272698447 69.0909101255288 53.5000207697075 189.728258165081
464000 67.2895335638786 69.4761667075261 53.6874756645689 190.453175935973
465000 67.3400772640085 69.4794064735466 53.8273808895076 190.646864627063
466000 67.5568693492185 69.8836709920814 53.8324488365566 191.272989177856
467000 67.3727047259258 70.2063148468696 54.0982977544991 191.677317327294
468000 67.5891345288378 70.3154381026464 54.058409467327 191.962982098811
469000 67.804099145651 70.2349881526711 54.1773191905635 192.216406488886
470000 67.8873157452277 70.3886461670191 54.383749729299 192.659711641546
471000 68.0590886386495 70.7580769896838 54.5412299640589 193.358395592392
472000 68.0662753883358 70.7275319407676 54.6069499513205 193.400757280424
473000 68.3132607765289 71.089706723012 54.7223739555655 194.125341455106
474000 68.3905040779824 71.2400231414705 54.8583339345487 194.488861154002
475000 68.5707526852882 71.5197463599662 54.9701548714103 195.060653916665
476000 68.6126838384377 71.6569409868703 55.2170976768155 195.486722502123
477000 68.6608402207469 71.7739165953668 55.3277288972322 195.762485713346
478000 68.8756324802483 71.9067749884294 55.2863943624125 196.06880183109
479000 69.0032028619352 72.0576527992971 55.400808694544 196.461664355776
480000 69.1598923904524 72.168190076749 55.5424744080572 196.870556875259
481000 69.4036162204907 72.220716987494 55.6408288288254 197.26516203681
482000 69.3654536000142 72.3558666446951 55.6746555742745 197.395975818984
483000 69.7217857299596 72.5745680862306 55.9282859124294 198.22463972862
484000 69.5545643585341 72.7943873812292 55.8486286836463 198.19758042341
485000 69.8409834517307 72.7877223533668 56.001666686578 198.630372491676
486000 70.0514962908104 72.7624111162709 56.0784397435864 198.892347150668
487000 70.1146228263907 73.0363219496253 56.1735705939157 199.324515369932
488000 70.4894485495244 73.147181252793 56.3396643977037 199.976294200021
489000 70.4617739638721 73.4613659569297 56.3942877957709 200.317427716573
490000 70.5198893801633 73.5793076795669 56.6006919150346 200.699888974765
491000 70.6501743285483 73.4022694729216 56.6878824547604 200.74032625623
492000 70.7583531996955 73.8082240893594 56.8161807569769 201.382758046032
493000 70.8777712178841 73.8793561192689 56.6899764982245 201.447103835378
494000 71.1049497417592 73.9323713468897 57.031358830892 202.068679919541
495000 71.2789069923244 74.2562786785475 57.1399098155242 202.675095486396
496000 71.4184406207921 74.3384474359124 57.2668568218872 203.023744878592
497000 71.6404054937456 74.6781203871968 57.3891162708187 203.707642151761
498000 71.9293183063775 74.6814673993103 57.5148145239129 204.125600229601
499000 71.9976196544035 74.6394180962249 57.6665832571872 204.303621007816
500000 72.1137555360165 74.7460876266203 57.7646107798872 204.624453942524
501000 72.2820619416519 74.8014591212565 57.8751734834175 204.958694546326
502000 72.2638983261521 75.0249401258347 57.882364935927 205.171203387914
503000 72.4450075600085 75.0448669417139 57.9512420603906 205.441116562113
504000 72.554396080437 75.2125531927341 58.065916688499 205.83286596167
505000 72.6943073076632 75.1571756963975 58.2988208385734 206.150303842634
506000 72.7434964780435 75.3942582063162 58.5892767588388 206.727031443199
507000 72.910442801381 75.5558845271295 58.6442273760829 207.110554704593
508000 73.1673687802308 75.7088481064778 58.7285138978388 207.604730784547
509000 73.2785144444757 75.8770331585371 58.7601117342193 207.915659337232
510000 73.2892697485644 76.0464888943972 58.9254745366329 208.261233179594
511000 73.4043554856343 76.1065734315444 58.9320182125552 208.442947129734
512000 73.6427332936264 76.5039442137833 59.2166657532864 209.363343260696
513000 73.3849288595292 76.4957717500812 59.3188630739524 209.199563683563
514000 73.6478819262451 76.7825415791271 59.5396602384296 209.970083743802
515000 73.8616281592464 76.8552469610753 59.5367543619183 210.25362948224
516000 74.1003884770673 76.7900376928748 59.6669664989145 210.557392668857
517000 74.316590136495 77.1133579987347 59.6429632747385 211.072911409968
518000 74.3904091378652 77.148201535243 59.8959735087211 211.434584181829
519000 74.8121305472706 77.142709599966 60.0845721342549 212.039412281491
520000 74.7094890180735 77.2714481721821 60.1473989243573 212.128336114613
521000 75.2199462491177 77.5652276282701 60.2783903358728 213.063564213261
522000 75.1414947077253 77.5629762831781 60.3887120333101 213.093183024214
523000 75.2435081150646 77.8631765037342 60.5762262119978 213.682910830797
524000 75.3223335479365 77.7333781179695 60.595946398114 213.65165806402
525000 75.2913332917609 77.8985561713955 60.8187327680217 214.008622231178
526000 75.508026727645 78.0518752942493 60.9388714203233 214.498773442218
527000 75.6596545613677 78.2323475055518 61.0286275869054 214.920629653825
528000 75.7391993075858 78.2874198089388 61.0618365074913 215.088455624016
529000 75.8159943540758 78.3883841199778 61.1348074562256 215.339185930279
530000 76.1052949266352 78.6487408174703 61.2430965283237 215.997132272429
531000 76.1630664930987 78.7479736442598 61.4592368149972 216.370276952356
532000 76.3061797851826 78.7529983479157 61.5932683095638 216.652446442662
533000 76.4631091885336 79.0338681182406 61.5908405094297 217.087817816204
534000 76.6031929413211 79.2210863982332 61.8511472522816 217.675426591836
535000 76.8026626874539 79.369856821079 61.9604064891512 218.132925997684
536000 76.9846637645081 79.5719577233607 61.9848745404165 218.541496028285
537000 77.2185625837847 79.6357657979768 62.2517109600127 219.106039341774
538000 77.3918107590452 80.0031976104518 62.2837487738538 219.678757143351
539000 77.3847143981378 80.0329663559812 62.5104251525815 219.928105906701
540000 77.6216562339702 80.2681878348886 62.6688179106599 220.558661979519
541000 77.8455918668629 80.3558257274971 62.7662170411756 220.967634635536
542000 77.9095700157241 80.4928865667971 62.9126026210845 221.315059203606
543000 77.8236892581443 80.5249875850327 62.934686710379 221.283363553556
544000 78.1768909191648 80.9150163128107 63.1398745439705 222.231781775946
545000 78.2008559705746 80.814473029685 63.2917342591471 222.307063259407
546000 78.3422960179029 80.9251879595982 63.5227580320327 222.790242009534
547000 78.5824655384395 81.0802721707089 63.486527069368 223.149264778516
548000 78.5507354046046 81.2441811921053 63.6433537616863 223.438270358396
549000 78.8676707437151 81.44265718092 63.7534665404218 224.063794465057
550000 78.8834543299697 81.5257382392304 63.9399210471124 224.349113616313
551000 78.9034442972827 81.7628255199571 64.2451966505436 224.911466467783
552000 79.1506985836899 81.8053456745095 64.2182340638444 225.174278322044
553000 79.2060989644541 82.0519224257715 64.3139226887503 225.571944078976
554000 79.4811442144665 82.2601702322217 64.3140144347361 226.055328881424
555000 79.4649212677453 82.3959955617524 64.5525797300247 226.413496559522
556000 79.7984748333364 82.590770743073 64.5763446747307 226.96559025114
557000 80.0360222640023 82.8382664066739 64.6758786353757 227.550167306052
558000 80.2437141757483 83.0083989773183 64.7390930725611 227.991206225628
559000 80.3335393667207 83.1254909806454 65.0371122281433 228.496142575509
560000 80.4520014780313 83.3442377681074 65.0173205462341 228.813559792373
561000 80.8654052115285 83.4384045188784 65.0043771059958 229.308186836403
562000 80.7713317130897 83.6621847949475 65.1921236349625 229.625640143
563000 81.1573708776084 83.8219774060694 65.2878624113165 230.267210694994
564000 81.2002821447651 84.0779122080361 65.3559965357096 230.634190888511
565000 81.339619023498 84.1895305227711 65.596906543038 231.126056089307
566000 81.6065142775005 84.3261171575617 65.6738468286958 231.606478263758
567000 81.5998262825285 84.2260158256054 65.8993462999496 231.725188408083
568000 81.6700560720406 84.4446488519755 65.9737416557541 232.08844657977
569000 81.9128340705959 84.5380071001686 66.2464770346518 232.697318205416
570000 82.1077163960041 84.8863421046008 66.1712695394881 233.165328040093
571000 82.4360809528205 84.9799252506413 66.2791640990888 233.695170302551
572000 82.5416532855417 84.9851757819291 66.4187552443855 233.945584311856
573000 82.7655570037716 85.0137896593939 66.4935537299626 234.272900393128
574000 83.0166580073058 85.0131434614718 66.5269153760879 234.556716844865
575000 83.0388991351605 85.1697255126867 66.5311519103693 234.739776558217
576000 83.2359152009632 85.4620140558996 66.6608023690254 235.358731625888
577000 83.3953984153584 85.2914051838149 66.8206846323606 235.507488231534
578000 83.4248578525131 85.5242314111335 66.9857912423035 235.93488050595
579000 83.7309833565818 85.7604468306396 67.2741237182938 236.765553905515
580000 83.7713546143018 85.846826394151 67.2533019719213 236.871482980374
581000 83.8825312327879 86.0486348868583 67.2950435825687 237.226209702215
582000 84.09712612247 86.2918020575593 67.4329380031209 237.82186618315
583000 84.3868542125097 86.2891482597474 67.6210854728563 238.297087945113
584000 84.3403687364775 86.3880344020562 67.7466820744129 238.475085212947
585000 84.6818878868028 86.6046310884806 67.7998084327401 239.086327408023
586000 84.7381374573817 86.8963053028307 67.8851474910135 239.519590251226
587000 85.0865691192719 87.0192184575239 68.0556176257017 240.161405202498
588000 85.163212728576 87.0108357506782 68.2014458936739 240.375494372928
589000 85.316843802593 87.1891400611655 68.3867293847334 240.892713248492
590000 85.5046074887719 87.1577700239683 68.5329509348714 241.195328447612
591000 85.6118007471671 87.3277804045719 68.584796501619 241.524377653358
592000 85.7416637252797 87.5345289133636 68.8222448238541 242.098437462497
593000 85.7751179365511 87.796792167338 68.8455065238484 242.417416627737
594000 85.9086630525984 87.9833880255538 68.9452289740377 242.83728005219
595000 85.9658748633129 88.046741842448 68.9695550445508 242.982171750312
596000 86.1979326650615 88.2458924969882 69.140680155227 243.584505317277
597000 86.5345902296717 88.2492158487141 69.0444048984918 243.828210976878
598000 86.6818528600712 88.548604943375 69.3762479147924 244.606705718239
599000 86.9125475699732 88.7879122998879 69.5598970375415 245.260356907403
600000 87.2276114718631 88.7659261915552 69.5323218313464 245.525859494765
601000 87.403192235686 88.9986853061403 69.7051609015729 246.107038443399
602000 87.7251324754544 89.0040783625564 69.6415574815011 246.370768319512
603000 87.9189435991957 89.0262152224215 69.6927285954305 246.637887417048
604000 88.0472199927298 89.3989065861752 69.8480911248426 247.294217703748
605000 88.2006637624512 89.5405391972283 70.149967742753 247.891170702432
606000 88.3242726699124 89.4715240968154 70.2104362723638 248.006233039092
607000 88.3003139315408 89.8220747773015 70.2132176288773 248.335606337719
608000 88.3286251413892 89.9914624103168 70.4663848630198 248.786472414726
609000 88.6141310539425 90.1542654227056 70.4996341704029 249.268030647051
610000 88.4807223502166 90.1674999424081 70.52019002851 249.168412321135
611000 88.5548499188829 90.1431587627205 70.6672949418066 249.36530362341
612000 88.9735370257694 90.4415716912412 70.8710977056107 250.286206422621
613000 89.0521713179415 90.4998810281079 70.9742277178556 250.526280063905
614000 89.2429214094769 90.4610611588105 71.2734823531926 250.97746492148
615000 89.4876700801443 90.7156101120189 71.3909364678016 251.594216659965
616000 89.551969846176 90.8426391462529 71.5411065167513 251.93571550918
617000 89.6032246998701 90.8682258553789 71.6177010957594 252.089151651009
618000 89.7463686260828 91.1563328794049 71.8087660837848 252.711467589273
619000 90.0576713830681 91.1535461872278 71.9069186728849 253.118136243181
620000 90.0119331268359 91.321824111944 72.2096962553999 253.54345349418
621000 90.4097701852344 91.3898339529652 72.314666842887 254.114270981087
622000 90.3783918536416 91.6197167344645 72.3679096796114 254.366018267717
623000 90.4621235885073 91.7640263618086 72.4028117436068 254.628961693923
624000 90.6209903799254 92.0240679501545 72.7111463551882 255.356204685268
625000 90.6208663395943 92.0291334410785 72.7679167626257 255.417916543298
626000 90.83384533815 91.9797964332218 72.9268378906736 255.740479662045
627000 91.0068854061852 92.1552351502218 72.9285615860039 256.090682142411
628000 90.9940144470774 92.1695387108127 73.146284539954 256.309837697844
629000 91.4272512643698 92.4203226233255 73.3008880154212 257.148461903116
630000 91.6165544106306 92.4768697895467 73.3352398966059 257.428664096783
631000 91.8522201823933 92.6184469245342 73.4516448577288 257.922311964656
632000 91.9105030445744 92.9241197274673 73.3409595104395 258.175582282481
633000 92.0021449361071 93.1212754539968 73.6061900906943 258.729610480798
634000 92.1246353355416 93.1431907662189 73.8039689772912 259.071795079052
635000 92.3512870707792 93.2231827453618 73.8499068944877 259.424376710629
636000 92.3642112894543 93.3986217954317 74.0615309733047 259.824364058191
637000 92.5937853164205 93.5304076629501 74.0944768280895 260.21866980746
638000 92.6944506566378 93.6605648897499 74.4055993719748 260.760614918363
639000 92.7955337315975 93.7292447356505 74.3158721479691 260.840650615217
640000 92.832062171087 93.9394432606159 74.5404714065694 261.311976838272
641000 93.0339737570791 93.7585828872029 74.6998425502422 261.492399194524
642000 93.2495933967883 94.266575762877 74.7291321900938 262.245301349759
643000 93.3797374302837 94.4546041749322 75.0269082386115 262.861249843827
644000 93.4644587454524 94.510896228038 75.0920273096575 263.067382283148
645000 93.6832776459882 94.6598339252964 75.4486356920375 263.791747263322
646000 93.7657729697557 94.6996082790188 75.4354600230903 263.900841271865
647000 93.9444704715491 94.9386271940928 75.8159360299981 264.69903369564
648000 94.1893883533353 95.2162528293071 76.0389482096521 265.444589392294
649000 94.1668177247675 95.385903010948 75.9991946943842 265.5519154301
650000 94.5337772387642 95.4215664945911 76.0846116222207 266.039955355576
651000 94.3657151442064 95.4402242913679 76.2211431657889 266.027082601363
652000 94.9820404658426 95.6328806268878 76.3442829422764 266.959204035007
653000 94.9126433761109 95.8770761830347 76.3654856650048 267.15520522415
654000 95.2337599920631 95.9845932683795 76.3540208948015 267.572374155244
655000 95.4478835601994 95.9963741771215 76.4449254846596 267.889183221981
656000 95.5399503147219 96.1835968733871 76.6277518986486 268.351299086758
657000 95.833053780763 96.4320466703103 76.4987582024919 268.763858653565
658000 95.8823110033862 96.1548004360823 76.6363193155294 268.673430754998
659000 95.9872501333342 96.3971334092146 76.813825692855 269.198209235404
660000 96.3388734527691 96.7251137338423 77.0099562666006 270.073943453212
661000 96.3743444478765 96.7526660567877 76.9670402975729 270.094050802237
662000 96.9014421272161 96.9650671861405 77.3288111799396 271.195320493296
663000 97.0611842779704 96.93455971302 77.3865157014625 271.382259692453
664000 97.2035093357862 97.2992661760542 77.4117962678295 271.91457177967
665000 97.4089148280316 97.2419434337162 77.5076022251424 272.15846048689
666000 97.7000534820893 97.3354613388155 77.837251987411 272.872766808316
667000 97.5783146014767 97.5554233368196 78.1024294668844 273.236167405181
668000 97.8769709789513 97.7344479501115 78.1687522050561 273.780171134119
669000 97.875703590236 97.9548341416797 78.2900910966383 274.120628828554
670000 98.2017867381753 98.2461251030595 78.4186796383531 274.866591479588
671000 98.4505350846131 98.2583586139012 78.417024375226 275.12591807374
672000 98.471904439762 98.6714812069008 78.3534723030728 275.496857949736
673000 98.536591358394 98.7304624924171 78.4172761523558 275.684330003167
674000 98.889513469597 98.8926674866074 78.5270026495827 276.309183605787
675000 98.9954631471521 99.059069972592 78.6710363888451 276.725569508589
676000 99.0712564320971 99.1751180759554 78.8266864939691 277.073061002022
677000 99.1782779227023 99.3955375503203 78.998542973358 277.572358446381
678000 99.3075613879616 99.4909066240953 79.0747038077318 277.873171819789
679000 99.7486615021879 99.5449938455805 79.2565959052636 278.550251253032
680000 99.863930074335 99.6664577225432 79.417119742522 278.9475075394
681000 100.085923416803 99.7085786841843 79.4268435381476 279.221345639135
682000 100.326289274258 99.7762340960071 79.3838587051767 279.486382075441
683000 100.613211754979 100.129689918992 79.4475334818279 280.190435155799
684000 100.615853197506 99.88966182248 79.5717102076303 280.077225227617
685000 100.745288920594 100.217598773479 79.574035584379 280.536923278452
686000 100.807475709978 100.440785100796 79.6497523393935 280.898013150168
687000 100.936093468321 100.663242691884 79.778088485338 281.377424645543
688000 101.061093676703 100.718188026988 79.7143373544286 281.49361905812
689000 101.166762144415 100.90603103712 79.91004962252 281.982842804055
690000 101.539138331297 100.996598852548 80.2128343368008 282.748571520646
691000 101.517418352329 101.006660911359 80.3265434414268 282.850622705115
692000 101.807746038504 101.094955031766 80.4803795962293 283.383080666499
693000 101.845853600147 101.461934229949 80.4005740544632 283.70836188456
694000 102.08347150966 101.666469827781 80.6301670042882 284.380108341729
695000 102.131574183704 102.021203620818 80.8670230450488 285.019800849571
696000 102.077119123355 101.913922221708 81.0482348098312 285.039276154894
697000 102.205465298779 102.310291180162 81.1044716254071 285.620228104348
698000 102.573016151137 102.473858132695 81.2840972681083 286.330971551941
699000 102.494139052147 102.484436531738 81.3678095270349 286.34638511092
700000 102.894099665149 102.803311892882 81.4771370894618 287.174548647493
701000 103.134714606825 102.704799217799 81.7296613678804 287.569175192504
702000 103.316116443911 102.81746647356 81.6213372434306 287.754920160902
703000 103.356702464907 103.078140654919 81.8773040398168 288.312147159643
704000 103.74051043128 103.256330880556 82.209856643332 289.206697955168
705000 103.693626555119 103.385468802402 82.1483254305153 289.227420788037
706000 103.748585178277 103.538022988209 82.5413557160473 289.827963882533
707000 103.8700045664 103.878720748094 82.564183796645 290.312909111139
708000 104.072975756138 103.869438854669 82.7171160887357 290.659530699543
709000 104.196064443144 104.091839035072 82.6287027439608 290.916606222177
710000 104.330132308169 104.368953928217 82.8155419835199 291.514628219905
711000 104.397763434014 104.556734143271 82.9716846958342 291.926182273119
712000 104.642010647005 104.866304303666 83.1802284800929 292.688543430764
713000 104.679743091286 104.983241293137 83.2056138242097 292.868598208633
714000 104.688210930837 105.183448023389 83.0751527078515 292.946811662078
715000 104.945607086777 105.312270882446 83.2761799598536 293.534057929077
716000 105.207770937964 105.348643653687 83.3102801357887 293.86669472744
717000 105.221292524097 105.574322248329 83.2675867327144 294.063201505141
718000 105.30289841367 105.911645384046 83.4830707405206 294.697614538236
719000 105.699241109194 105.788586793059 83.3299829294571 294.81781083171
720000 105.638203329545 106.117850893121 83.487925661105 295.243979883771
721000 105.960103897375 106.268557393386 83.6681936187891 295.89685490955
722000 106.160627477492 106.755046281352 83.9218156485873 296.837489407431
723000 106.397815756752 106.872194478617 84.2279885800872 297.497998815455
724000 106.448674149086 107.054708241229 84.4997586572915 298.003141047607
725000 106.620610129783 107.226702319932 84.7862036240266 298.633516073741
726000 106.588596899177 107.364442201021 84.7547271761439 298.707766276342
727000 106.992822248852 107.329655373443 85.0172202219754 299.339697844271
728000 107.314593465457 107.54129711282 85.0445733146606 299.900463892937
729000 107.651358975839 107.999573036761 85.3345540445246 300.985486057124
730000 107.750498391451 107.989995046918 85.4236752527476 301.164168691116
731000 108.044282944087 107.978899080274 85.2753645521239 301.298546576485
732000 108.19584412053 108.197837018749 85.5051510006443 301.898832139923
733000 108.17614926248 108.381661915497 85.6731330647777 302.230944242755
734000 108.497456073253 108.652209135832 85.760421635251 302.910086844336
735000 108.689571891074 108.698429263674 85.8630418553027 303.25104301005
736000 108.819931687205 108.905194963995 85.9226311107028 303.647757761903
737000 108.83944943443 109.099283984522 86.1308555234693 304.069588942422
738000 109.210696058012 109.400343804955 86.2771458917787 304.888185754746
739000 109.307459059901 109.71505887582 86.5015626032295 305.524080538951
740000 109.449949157412 109.801326088727 86.6550806724496 305.906355918588
741000 109.560681151319 109.765441608853 86.5791400124108 305.905262772583
742000 109.61680919402 110.00983062474 86.8285104287476 306.455150247508
743000 109.850855386438 109.773387012174 86.8012022047114 306.425444603324
744000 109.981352203377 109.672395402923 87.0386335115496 306.692381117849
745000 110.22798214726 109.865287512259 87.0612925233254 307.154562182843
746000 110.267485918586 109.85467208084 87.115729687082 307.237887686508
747000 110.335854692036 110.193677494148 87.2916182126524 307.821150398836
748000 110.37541257361 110.306176781549 87.0826034827976 307.764192837957
749000 110.595258556536 110.515420007526 87.2913957313256 308.402074295387
750000 110.641183293765 110.684681150229 87.4378390932945 308.763703537289
751000 110.754621667648 110.896437381323 87.376953832111 309.028012881082
752000 110.741601562238 111.021382852327 87.5005980186667 309.263582433232
753000 110.842477589605 111.064581247151 87.79099769015 309.698056526906
754000 110.843702717661 111.209013856748 87.8820261097814 309.93474268419
755000 110.986763693603 111.496567346098 87.8943677999123 310.377698839613
756000 110.99194194986 111.563835926259 87.9528880262276 310.508665902346
757000 111.126215104071 111.800167600954 88.220496356825 311.14687906185
758000 111.140307801069 111.755918842098 88.1993501255307 311.095576768698
759000 111.186656855065 111.821678730511 88.0570386833461 311.065374268922
760000 111.319188147096 111.928169144141 88.1922365128612 311.439593804098
761000 111.238892702692 112.446546704699 88.3597920851153 312.045231492506
762000 111.388932027435 112.406176543267 88.435434925889 312.230543496592
763000 111.636652357334 112.70173269467 88.5493507493075 312.887735801312
764000 111.903881866416 112.609886799104 88.8675833174858 313.381351983005
765000 112.17487085286 112.925513606447 88.7024779251824 313.802862384489
766000 112.217477225613 112.960141598642 88.8769060947067 314.054524918961
767000 112.203525990824 113.081399582196 88.9474674131892 314.232392986209
768000 112.53356448296 113.159046104712 89.0911986618296 314.783809249501
769000 112.394564051594 113.41941089878 89.3852059974811 315.199180947855
770000 112.529557226512 113.450811188174 89.5466411602582 315.527009574944
771000 112.7124102734 113.185146914483 89.7446214864988 315.642178674382
772000 112.735604975067 113.355926096046 89.8925427276499 315.984073798763
773000 112.635798527019 113.619407177001 89.9787386498336 316.233944353853
774000 112.699225354967 114.107004781833 90.0805703714736 316.886800508274
775000 113.054494773591 113.997807510573 90.0967600417941 317.149062325958
776000 113.263334754303 114.340783928594 90.1570806275729 317.76119931047
777000 113.460052480009 114.592746529999 90.3645179911816 318.417317001189
778000 113.605064946812 114.521312624128 90.2969891816667 318.423366752607
779000 113.471857575044 114.596854609255 90.2378590772506 318.306571261549
780000 113.706370810884 114.66852844326 90.6288938458737 319.003793100017
781000 114.025334392054 114.807813400987 90.5651460965873 319.398293889628
782000 113.973909448566 114.939115827559 90.9279776914266 319.841002967552
783000 113.892605336899 114.945874047299 90.8852683202407 319.723747704439
784000 113.948318419895 115.070113569817 91.0150767537953 320.033508743508
785000 114.204886773969 115.27471550546 91.1331593323978 320.612761611827
786000 114.574740033784 115.504644947051 91.336020274104 321.415405254939
787000 114.837062186019 115.607154780517 91.4349829216509 321.879199888187
788000 115.023623089614 115.992148839067 91.4556037822748 322.471375710955
789000 115.064437080083 116.004377307621 91.7401350655458 322.80894945325
790000 115.312913941991 116.189066202093 92.0004550053682 323.502435149453
791000 115.647257622725 116.455743658174 92.2491872995585 324.352188580457
792000 115.763910824984 116.782458903909 92.284121495474 324.830491224367
793000 116.016252240063 116.799372736721 92.5093222927083 325.324947269492
794000 116.17342266749 116.907709953696 92.5259558413583 325.607088462544
795000 116.218624818235 117.155282327921 92.6477932599805 326.021700406136
796000 116.57917180219 117.222930989582 92.8522716301416 326.654374421914
797000 116.69023880603 117.177973370313 92.7661714481611 326.634383624504
798000 116.762020458802 117.411181768715 93.0221218502174 327.195324077734
799000 116.76842436683 117.496269474425 93.1752815577506 327.439975399005
800000 116.903751574799 117.822140339278 93.3100665590936 328.035958473171
801000 117.084938384515 117.8932898825 93.275818561731 328.254046828745
802000 117.225858587679 118.066465749408 93.3677470910391 328.660071428125
803000 117.08249153146 118.193187829381 93.4338365646879 328.709515925529
804000 117.186016614637 118.489869872432 93.6485117876861 329.324398274754
805000 117.227744116088 118.479674536301 93.7247800423868 329.432198694776
806000 117.447534446725 118.531226404497 93.6739744241697 329.652735275391
807000 117.391689489805 118.838724319133 94.0188020430375 330.249215851975
808000 117.731167126244 119.050091965954 94.2599449518007 331.041204043999
809000 117.374524908852 119.105509082465 94.5286084222001 331.008642413517
810000 117.687094976447 119.299601504376 94.5008037738308 331.487500254653
811000 118.087145971898 119.338749455346 94.6240010452198 332.049896472464
812000 118.103887756383 119.638063311681 94.6186907108706 332.360641778935
813000 118.319097044825 119.838262544864 94.9028918476626 333.060251437352
814000 118.507950832723 120.049942183127 94.7356926161318 333.293585631982
815000 118.365372922531 120.123775480991 94.901166719864 333.390315123386
816000 118.66563335403 120.467439696203 94.956293788194 334.089366838427
817000 118.874666874517 120.35015451055 95.0094904264433 334.23431181151
818000 119.076156681059 120.584751676701 95.1639621659616 334.824870523722
819000 119.273417260826 120.651932708947 95.1535744520061 335.078924421779
820000 119.622966068803 120.841827319095 95.3032706373181 335.768064025216
821000 119.714848945316 120.817037041016 95.4382790846234 335.970165070955
822000 119.836279333674 121.035292090547 95.5330443202517 336.404615744472
823000 120.037835886528 121.158582701863 95.707958950832 336.904377539223
824000 120.062252634263 121.485251627111 95.6662227541327 337.213727015507
825000 120.191271711991 121.587142371766 95.7668380599947 337.545252143752
826000 120.573075670923 121.791771527702 95.853238533127 338.218085731752
827000 120.702733320393 122.004216536842 95.9256219197532 338.632571776989
828000 120.730302590933 122.042917862708 95.9600944008218 338.733314854462
829000 120.932709616722 122.362681486886 96.0969702029658 339.392361306574
830000 120.829487427906 122.768113396908 96.2152641930187 339.812865017833
831000 121.030827081687 122.577419283137 96.3610847927652 339.969331157589
832000 121.33055532663 122.838019131771 96.6063422039872 340.774916662388
833000 121.468071130963 123.10125383973 96.5320746496637 341.101399620357
834000 121.492534758747 123.21304018314 96.5953300592223 341.300905001109
835000 121.670278957103 123.367146335803 96.505622089254 341.54304738216
836000 121.722468715374 123.478875994394 96.7108082611893 341.912152970957
837000 121.703139341019 123.76217625138 96.975474165462 342.440789757861
838000 121.854118531005 123.909473487975 96.800961987224 342.564554006205
839000 122.08044618273 124.026501808842 97.2736821549956 343.380630146568
840000 122.228394269895 124.248109768168 97.1254606733871 343.60196471145
841000 122.333916567609 124.341520745064 97.2337869691912 343.909224281865
842000 122.430272952487 124.721268186284 97.3082254046684 344.45976654344
843000 122.67216288158 124.597402441515 97.4623099053984 344.731875228494
844000 122.733949880434 124.578578033994 97.5244235350747 344.836951449503
845000 123.129077957717 124.878057108014 97.567715092818 345.574850158549
846000 123.074684444884 125.089090545792 97.909268976915 346.073043967592
847000 123.260604882582 125.1192057781 97.8291601664042 346.208970827086
848000 123.474565959812 125.145939443006 98.0277037541314 346.648209156949
849000 123.851154676733 125.219354575144 98.2035218168502 347.274031068727
850000 123.830220393201 125.543365485387 98.2692407605819 347.64282663917
851000 124.250938703567 125.526822034423 98.4477735674648 348.225534305455
852000 124.507814292282 125.58934202483 98.3575899711915 348.454746288304
853000 124.924209803188 125.755719984935 98.5654546500575 349.245384438181
854000 124.930281116719 126.12546157277 98.5956133357346 349.651356025224
855000 125.309397492866 126.064051629271 98.7289689624647 350.102418084602
856000 125.234567195835 126.208514731663 98.7703873965895 350.213469324087
857000 125.715750702633 126.223236618977 98.871735376856 350.810722698466
858000 125.696178338473 126.443757998175 99.0118710373474 351.151807373995
859000 125.53313626852 126.765486063478 99.007744403918 351.306366735916
860000 125.817650237183 126.822347043423 99.2831557409179 351.923153021524
861000 125.770515118298 126.650511362567 99.1404207786699 351.561447259535
862000 125.923929161972 127.074301748488 99.2736934126739 352.271924323135
863000 126.066953021946 126.83593814519 99.3030630239774 352.205954191113
864000 126.40294369767 127.088935853012 99.3824236661062 352.874303216788
865000 126.492999691519 127.398581377986 99.6074928010403 353.499073870545
866000 126.590596366637 127.406545913493 99.8714187869584 353.868561067089
867000 126.851513641072 127.224682516969 99.9064364144739 353.982632572515
868000 126.914154398818 127.268243976592 99.7996705797515 353.982068955162
869000 126.950270920017 127.811085418506 100.046014720327 354.80737105885
870000 127.245120437746 127.885737831287 100.065220809915 355.196079078948
871000 127.231465859638 127.909306179847 100.104726252251 355.245498291736
872000 127.540203048948 128.328054524452 100.559482254215 356.427739827614
873000 127.625216562733 128.449258369633 100.619399263634 356.693874196
874000 128.035543523429 128.584173075487 100.781584864299 357.401301463215
875000 127.987237205602 128.942813601282 100.843103707326 357.773154514211
876000 128.064371791214 129.108969753265 100.970620719582 358.14396226406
877000 128.494909633666 129.185744929485 101.0456403292 358.726294892351
878000 128.348246563775 129.525130252963 101.124672295416 358.998049112154
879000 128.7129507303 129.801917064545 101.305765504602 359.820633299448
880000 128.758405974897 129.699685542098 101.340864839071 359.798956356065
881000 128.926474141113 129.70047932341 101.604846585913 360.231800050436
882000 129.011472536537 129.985609482784 101.748399881742 360.745481901063
883000 128.867719774991 130.069484709908 101.974274798628 360.911479283527
884000 129.120711957251 130.262588976844 102.169562470507 361.552863404602
885000 129.428444461884 130.579907058361 102.158320523387 362.166672043633
886000 129.655652943526 130.447470874926 102.247855100431 362.350978918883
887000 129.741646674594 130.843706647401 102.357656137714 362.943009459708
888000 130.236119889987 131.047321597837 102.639555413707 363.922996901531
889000 130.271611270156 131.29596567352 102.728757175116 364.296334118792
890000 130.517302728085 131.363985969333 102.805021051786 364.686309749203
891000 130.721051992106 131.223266362522 102.90461509377 364.848933448398
892000 130.590732213891 131.60805171598 102.950210978474 365.148994908345
893000 130.979895146668 131.718836443617 102.981893197797 365.680624788082
894000 130.955185708975 131.887127723212 103.039824194328 365.882137626515
895000 131.092625664114 131.956892192307 103.216113437998 366.265631294419
896000 131.467078651641 132.096935677944 103.085015186738 366.649029516323
897000 131.304923760583 132.363622600725 103.372596438061 367.041142799368
898000 131.669766918411 132.213072107833 103.320494161134 367.203333187378
899000 131.576867114238 132.107342588635 103.41853364498 367.102743347852
900000 131.935056464339 132.489686834062 103.387573288895 367.812316587296
901000 132.132796083655 132.278540532628 103.284430530344 367.695767146627
902000 132.302997885369 132.576219897181 103.401229159963 368.280446942514
903000 132.164438829547 132.874941826776 103.730822121043 368.770202777366
904000 132.603101505718 133.01712840934 103.714827281087 369.335057196146
905000 132.514534957984 132.885622720286 103.87006956871 369.27022724698
906000 132.955682795361 133.393181565627 104.23972888076 370.588593241747
907000 132.828214692496 133.103775879754 104.11396147118 370.04595204343
908000 133.042406441069 133.401807178687 104.333267127455 370.777480747212
909000 133.231903606365 133.723212096116 104.475754547268 371.430870249749
910000 133.32009462656 133.606919313687 104.779113941032 371.706127881279
911000 133.361893805054 134.06053651923 104.94332441603 372.365754740314
912000 133.668070569301 134.164147716854 104.910173900204 372.742392186358
913000 133.627125104825 134.064195884574 104.861989138192 372.553310127591
914000 133.740453191749 134.13039973855 105.122413882939 372.993266813238
915000 134.095341610827 134.442680145332 105.336294479035 373.874316235194
916000 134.213781076341 134.791593738715 105.519520081184 374.524894896241
917000 134.358966522241 134.96130127077 105.424420171397 374.744687964408
918000 134.58735287119 134.89020733269 105.5106067228 374.98816692668
919000 134.458324479516 135.128815149493 105.718767324103 375.305906953113
920000 134.415416215843 135.124484630274 106.034816960083 375.5747178062
921000 134.698087371096 135.442164461772 106.020375033329 376.160626866196
922000 134.803143408742 135.685735310559 106.186174871771 376.675053591072
923000 134.907749070323 135.704547861257 106.311949286169 376.924246217749
924000 135.273824968783 135.826269008265 106.40122862648 377.501322603528
925000 135.378188684124 136.185870298945 106.43514195845 377.999200941519
926000 135.461281859097 136.552595030191 106.412879646547 378.426756535835
927000 135.481093907189 136.363877528661 106.350513694197 378.195485130048
928000 135.811315731058 136.246721609828 106.303975999833 378.362013340719
929000 135.888112192007 136.539973283341 106.482379651389 378.910465126737
930000 135.954506802233 136.5587680814 106.506441472317 379.01971635595
931000 136.38621179956 136.747623189448 106.471360242268 379.605195231277
932000 136.524379561325 137.229282475383 106.659087727804 380.412749764513
933000 136.537604818678 137.356966235035 106.818180893034 380.712751946746
934000 136.792898311087 137.452890038328 106.768909886158 381.014698235573
935000 136.842945022338 137.580083320072 106.958321697826 381.381350040236
936000 136.774426561329 137.772848738143 107.062331186559 381.609606486031
937000 137.129043165545 137.804697950512 107.075080402394 382.00882151845
938000 137.319549256214 137.914258318749 107.397052695869 382.630860270831
939000 137.296442555894 138.012823001022 107.645791236323 382.95505679324
940000 137.446187565384 138.260011028256 107.829571955563 383.535770549203
941000 137.664003157797 138.372809021053 108.158888948826 384.195701127676
942000 137.368077320041 138.096930960059 108.128548025247 383.593556305347
943000 137.724194979786 138.292157568726 108.369868840228 384.386221388739
944000 137.940160975674 138.538424358626 108.259767276897 384.738352611198
945000 138.119357555416 138.637966359037 108.521246274583 385.278570189036
946000 138.009654153027 139.110492514401 108.449343430236 385.569490097664
947000 138.32054047698 139.216688113117 108.754893252644 386.29212184274
948000 138.529303704404 139.413078585364 108.750600297266 386.692982587034
949000 138.609819305059 139.685945494359 108.896972840269 387.192737639687
950000 138.947097673276 139.824758035817 109.084899144956 387.856754854048
951000 139.343219740023 139.84778912246 109.157886232328 388.348895094811
952000 139.382828875174 140.137551273956 109.116312848452 388.636692997582
953000 139.553962298201 140.177382817848 109.206550175374 388.937895291423
954000 140.006064297845 140.095260680302 109.309287749248 389.410612727394
955000 140.286458333103 140.466872893292 109.307082025986 390.060413252381
956000 140.304817695363 140.341501567545 109.36947984357 390.015799106477
957000 140.507338299888 140.417063090356 109.690559197236 390.61496058748
958000 140.307308007481 140.521908870051 109.51655829956 390.345775177092
959000 140.375261921789 140.504145734699 109.586964531658 390.466372188147
960000 140.637344153853 140.730846547207 110.009602014221 391.37779271528
961000 140.805303530214 140.828342055022 110.121517893812 391.755163479048
962000 141.017269106924 140.993549114362 110.148031683864 392.158849905151
963000 141.111509812894 141.452926961663 110.300469477701 392.864906252258
964000 141.188025208797 141.371044754739 110.270600486555 392.829670450091
965000 141.501856228993 141.421052767222 110.305566591907 393.228475588123
966000 141.52296086624 141.55124425367 110.31934805414 393.39355317405
967000 141.409037136563 141.753897224679 110.513823055936 393.676757417177
968000 141.947934158647 141.856399687142 110.797156650339 394.601490496128
969000 141.869163561868 141.92437388141 110.554086477376 394.347623920654
970000 142.026677691668 141.944512481794 110.814812854739 394.786003028202
971000 141.995204393415 142.194736499681 110.937958269806 395.127899162903
972000 142.31823443539 142.286788121155 111.095647493559 395.700670050104
973000 142.282616091052 142.451878717926 111.388908059662 396.123402868639
974000 142.390846979051 142.508462795863 111.500276570235 396.399586345149
975000 142.421366942957 142.769557906701 111.377482289664 396.568407139323
976000 142.426396622915 142.761211606677 111.712848177728 396.90045640732
977000 142.458748829336 143.007582024672 111.319868458359 396.786199312368
978000 142.535468419264 142.958089058318 111.498197685128 396.991755162711
979000 142.698143556185 142.778513709825 111.391397980553 396.868055246562
980000 142.873451658169 142.917634666852 111.700882175009 397.491968500031
981000 142.806648360064 143.159243852701 111.800019091729 397.765911304494
982000 142.861492053285 143.588578669172 112.012830941867 398.462901664324
983000 143.023266388129 143.693553184729 112.195372705172 398.912192278031
984000 143.276001793059 143.737561637356 112.364159836192 399.377723266607
985000 143.411701641649 143.966493366417 112.424618662381 399.802813670446
986000 143.629150675029 144.243882525099 112.505260643527 400.378293843655
987000 143.867719510418 144.23456241465 112.793583911578 400.895865836647
988000 144.222204007551 144.124596718888 112.853002706054 401.199803432492
989000 144.460514711131 144.452685289032 113.210613020046 402.123813020209
990000 144.692224235481 144.554001624324 113.108135328271 402.354361188076
991000 144.966166392742 144.971618094865 113.182262700136 403.120047187743
992000 145.194885504835 145.027369323731 113.334718657829 403.556973486395
993000 145.443034407062 145.28965474872 113.71354029125 404.446229447032
994000 145.628894111273 145.352373677851 113.923265156803 404.904532945928
995000 145.90108267012 145.046449031028 114.006943863793 404.954475564941
996000 145.896259267574 145.099828514963 114.232060266391 405.228148048927
997000 146.026122162334 145.075920503506 114.407602433034 405.509645098874
998000 146.266230455499 145.222457415089 114.399530511854 405.888218382443
999000 146.307430494561 145.2568292759 114.171256465819 405.73551623628
1000000 146.461707043094 145.557800831458 114.50338855833 406.522896432883
1001000 146.703814856579 145.338989424363 114.703327164001 406.746131444943
1002000 146.881099603576 145.536843117578 114.592037847238 407.009980568391
1003000 147.067215830221 145.644021756773 114.729948877935 407.44118646493
1004000 146.985515212429 145.980391655641 115.000598859942 407.966505728012
1005000 147.383190847805 146.028514539475 115.182486442915 408.594191830195
1006000 147.65183860968 146.367377353017 114.9893968642 409.008612826897
1007000 147.926171583427 146.405454160137 115.317492680576 409.649118424139
1008000 147.877020436506 146.785485959159 115.545961205326 410.208467600992
1009000 148.014790924685 146.977553364698 115.276630226048 410.268974515431
1010000 148.020370720942 147.239423247832 115.523414444152 410.783208412926
1011000 148.442128806326 147.371329612302 115.573958252047 411.387416670675
1012000 148.280907090699 147.365995189073 115.825697459625 411.472599739398
1013000 148.693289958189 147.494842378565 115.587112298253 411.775244635007
1014000 148.786351895444 147.686450525517 115.805193211015 412.277995631975
1015000 148.93808835445 147.545063673289 115.983164216304 412.466316244044
1016000 149.224346514954 147.712719870604 115.909068850309 412.846135235867
1017000 149.007168645802 147.721125434829 116.031386183716 412.759680264347
1018000 149.047699751467 147.85959253681 116.20052092736 413.107813215636
1019000 149.437830040546 147.783312261375 116.538127927469 413.75927022939
1020000 149.461996522648 147.984052964443 116.490636461881 413.936685948972
1021000 149.636340079726 148.256141558454 116.556575311124 414.449056949304
1022000 149.763222572173 148.496315909326 116.744713908414 415.004252389912
1023000 149.990041734847 148.426327661159 116.764770649981 415.181140045987
1024000 150.137057900871 148.42908958398 116.692942178745 415.259089663596
1025000 150.287725918941 148.922698565144 116.70233317712 415.912757661204
1026000 150.521837160548 148.905806811749 116.865765498871 416.293409471167
1027000 150.594151008877 149.074417099293 116.971214877103 416.639782985273
1028000 150.804001469549 149.485836265403 117.110166998563 417.400004733515
1029000 150.954943763068 149.554995766226 117.173100324689 417.683039853983
1030000 151.207714644518 149.654055361196 117.326812568191 418.188582573905
1031000 151.109714075914 149.993215475049 117.14744623161 418.250375782573
1032000 151.432222050517 150.040825259245 117.370639403605 418.843686713367
1033000 151.627212343025 150.070521620484 117.217296762854 418.915030726363
1034000 151.598075644632 150.264617590799 117.568764879326 419.431458114758
1035000 151.587717366006 150.569009281243 117.748439945275 419.905166592524
1036000 151.748603699101 150.843524673916 117.991983717645 420.584112090662
1037000 152.004320896518 150.984209594756 117.909424931038 420.897955422313
1038000 152.320057642622 151.013826743013 118.314383013417 421.648267399051
1039000 152.159258608633 151.397695957416 118.401848363616 421.958802929665
1040000 152.385682361264 151.78501522058 118.522211529849 422.692909111692
1041000 152.64832291287 151.904812376306 118.76428263436 423.317417923537
1042000 152.904629781621 151.975740888261 118.712645128749 423.593015798632
1043000 152.944794550378 152.356883382609 118.603559563603 423.90523749659
1044000 153.421337836355 152.650930727209 118.734868432572 424.807136996136
1045000 153.297961921074 152.970309475353 119.065972441125 425.334243837552
1046000 153.473333969933 153.120003712974 119.325830158828 425.919167841735
1047000 153.352466393357 153.312311558814 119.217921224132 425.882699176304
1048000 153.48989429028 153.48895054491 119.420517816848 426.399362652039
1049000 153.770950003191 153.682040888883 119.481511964543 426.934502856617
1050000 153.980356487269 153.85255893341 119.751242787161 427.584158207839
1051000 154.145547799697 154.022542062304 119.800338897929 427.96842875993
1052000 154.292237197189 153.93906225453 119.872374870017 428.103674321736
1053000 154.467875974434 154.301642750828 119.881131395004 428.650650120266
1054000 154.558377063638 154.610277917229 119.936363479142 429.105018460009
1055000 154.63879188081 154.26496523134 120.145667576188 429.049424688338
1056000 154.701829351952 154.557596037822 120.23352758018 429.492952969954
1057000 154.863575461066 154.445788189633 120.47106204466 429.780425695359
1058000 154.958434009453 154.468047866838 120.555412987523 429.981894863813
1059000 155.261220440432 154.665140975395 120.540038402262 430.466399818089
1060000 155.403201602064 154.979846259634 120.882980874867 431.266028736565
1061000 155.60176367401 154.721376612226 120.810346890427 431.133487176663
1062000 155.779020146446 155.35309767025 120.718487319074 431.850605135769
1063000 155.88502349445 155.721450265215 120.678060149091 432.284533908755
1064000 155.906947757836 155.619209093641 121.054796049491 432.580952900968
1065000 156.247240499903 155.857834318903 121.408151050051 433.513225868857
1066000 156.35072385927 155.968847782307 121.151164011784 433.47073565336
1067000 156.386526464624 156.013540800938 121.553582109885 433.953649375447
1068000 156.549985681234 156.297987294476 121.552382864333 434.400355840042
1069000 156.824210441002 156.453458272629 121.727496962416 435.005165676046
1070000 156.796159203403 156.612360524902 121.735731516822 435.144251245126
1071000 157.064328239675 156.651839219032 122.001446050103 435.71761350881
1072000 157.312054146712 156.801199979617 122.062058494068 436.175312620397
1073000 157.552847008 157.108804178413 122.13590510083 436.797556287243
1074000 157.58519753006 157.256382807941 122.122737378554 436.964317716555
1075000 157.522827703645 157.641289077582 122.356763385866 437.520880167092
1076000 157.777674386436 157.763375202666 122.205132635368 437.74618222447
1077000 157.915662193803 157.653679352382 122.435452786745 438.00479433293
1078000 158.025007518334 158.171674491864 122.506045361389 438.702727371586
1079000 158.25798893189 158.003866405068 122.51276519921 438.774620536169
1080000 158.326631652941 158.027839190329 122.639313471411 438.993784314681
1081000 158.255016765482 158.269772315622 122.832474236026 439.35726331713
1082000 158.21049518612 158.494714011005 122.958119494788 439.663328691913
1083000 158.525314388744 158.499925470085 122.749242574492 439.774482433321
1084000 158.611145752445 158.625740468358 123.378321119009 440.615207339811
1085000 158.811544063785 158.922247952205 123.308362909042 441.042154925032
1086000 158.872205633121 159.410320060013 123.41577124847 441.698296941605
1087000 159.028476432225 159.555218116606 123.414625669509 441.998320218341
1088000 159.255516663775 159.571427050998 123.246226862456 442.073170577229
1089000 159.310844837545 159.839465803696 123.54523582714 442.69554646838
1090000 159.444661990369 160.209049680144 123.517636977699 443.171348648212
1091000 159.231553386937 160.152955584259 123.646963496303 443.031472467499
1092000 159.519431970795 160.539572823072 123.570562704483 443.629567498349
1093000 159.809846680356 160.555828189618 123.63108622119 443.996761091164
1094000 160.194515283041 160.77917656927 123.685612822492 444.659304674803
1095000 160.580286216523 160.859890017607 123.749813543145 445.189989777275
1096000 160.476106277057 161.115849778865 123.821379928213 445.413335984135
1097000 160.661455181965 161.130900723032 123.800465535722 445.592821440719
1098000 160.987177678628 161.201130028514 124.016333247844 446.204640954986
1099000 160.905885803062 161.309057175051 123.980632129552 446.195575107665
1100000 161.108432708479 161.683171178266 123.868568611613 446.660172498358
1101000 161.239166915719 161.906757408402 123.920195858398 447.066120182519
1102000 161.500904065629 161.866727341309 123.840830321939 447.208461728876
1103000 161.269632328172 161.972249281963 123.998137582584 447.240019192719
1104000 161.406497007574 162.336643772839 124.055186681877 447.798327462291
1105000 161.534666009588 162.579167939297 124.118158855303 448.231992804188
1106000 161.512771733658 162.561579445221 124.390827875784 448.465179054662
1107000 161.633949019915 162.819043303067 124.233845803488 448.68683812647
1108000 161.566841618863 163.151424315871 124.677693376297 449.395959311031
1109000 161.701334935067 163.49773665785 124.750106059743 449.949177652661
1110000 161.814229472784 163.526445623877 124.816917724704 450.157592821365
1111000 162.263164681708 163.330512032204 124.914691610082 450.508368323995
1112000 162.37233975163 163.68409615327 125.10455955699 451.16099546189
1113000 162.658351838463 163.666373781533 125.020404297424 451.345129917421
1114000 162.878694881282 164.017371210779 125.182105125433 452.078171217495
1115000 163.078185275555 164.199234758185 125.397963089939 452.67538312368
1116000 163.162864150495 164.39460960304 125.282261365379 452.839735118913
1117000 163.136901788635 164.275147777664 125.525407392462 452.93745695876
1118000 163.317115370893 164.19821576108 125.537255478381 453.052586610353
1119000 163.412309013364 164.494364840358 125.693503177168 453.600177030889
1120000 163.570392620243 164.578296291338 126.026089907609 454.174778819189
1121000 163.861603197893 164.512742727014 126.283317591414 454.657663516321
1122000 163.956026087196 164.74557459428 126.592225411305 455.29382609278
1123000 163.982494846237 164.892173948939 126.748924658156 455.623593453332
1124000 164.241994495968 165.096922417955 126.969194359309 456.308111273232
1125000 164.461747133666 165.133958521965 126.955077383503 456.550783039135
1126000 164.364640433816 165.396017745271 127.108007188282 456.86866536737
1127000 164.526530303181 165.598014579612 127.290589296086 457.415134178879
1128000 164.704393279647 165.58962390267 127.315554469252 457.609571651568
1129000 164.746678375464 165.821404352807 127.531615375428 458.099698103699
1130000 165.030805795006 166.136804469839 127.629018425799 458.796628690644
1131000 165.197369083164 166.475297107623 127.39379312846 459.066459319246
1132000 165.437299845961 166.618839748497 127.566120886332 459.62226048079
1133000 165.477777647705 166.950030157602 127.617753222092 460.045561027399
1134000 165.515402511779 167.089271018562 127.738385615834 460.343059146174
1135000 165.433320495566 166.938111121599 127.887491919345 460.258923536511
1136000 165.771083085528 167.179490358692 128.034840248547 460.985413692767
1137000 165.89545491576 167.101308071057 127.987890577811 460.984653564628
1138000 165.753129090686 167.313712376808 128.143514144994 461.210355612489
1139000 166.09943679996 167.530761764679 128.239442578448 461.869641143087
1140000 166.207131482235 167.667409049615 128.541499981883 462.416040513733
1141000 166.268378052694 168.064860577799 128.52969818479 462.862936815283
1142000 166.602721170454 168.173089632986 128.409804915539 463.185615718978
1143000 166.696101842056 168.463485511953 128.309289411954 463.468876765964
1144000 166.838537234139 168.480164187923 128.599906413138 463.9186078352
1145000 167.176375431014 168.514395776945 128.528536841455 464.219308049414
1146000 167.297852000176 168.716517231798 128.591114777834 464.605484009808
1147000 167.462966325522 168.668693040355 128.918371669278 465.050031035155
1148000 167.72148712484 168.840622499158 129.071437845095 465.633547469093
1149000 167.857370732298 168.971177652743 129.305224891688 466.133773276728
1150000 167.975067909067 169.245392115765 129.619451118677 466.839911143509
1151000 168.142692173794 169.347577483739 129.600282082327 467.090551739861
1152000 168.393440331801 169.681564542608 129.55290945486 467.627914329269
1153000 168.639712105505 169.689317359237 129.755384536168 468.084414000911
1154000 168.723861150873 169.629674669836 129.898491948447 468.252027769155
1155000 168.955793812873 169.781482493036 129.758636349854 468.495912655764
1156000 168.998401369107 170.09732837857 130.170682641078 469.266412388755
1157000 169.265644814964 170.190592209383 129.984874233264 469.441111257611
1158000 169.28218478601 170.167425069113 130.188379693533 469.637989548656
1159000 169.263074356892 170.38147438578 130.232366415778 469.87691515845
1160000 169.490844784019 170.560702391753 130.225431797846 470.276978973617
1161000 169.932540813354 170.606929415146 130.565583750602 471.105053979101
1162000 169.694927714199 170.913038005876 130.594405005348 471.202370725423
1163000 169.8462863424 170.954490395816 130.809463927039 471.610240665255
1164000 169.695897754175 171.106473883913 130.750717111573 471.55308874966
1165000 169.831372271396 171.167044490326 131.041725471513 472.040142233235
1166000 170.184588272835 171.21704520026 130.934119292132 472.335752765227
1167000 170.284770013758 171.362694252919 131.298730733118 472.946194999794
1168000 170.566884013642 171.434446231785 131.465613387499 473.466943632926
1169000 170.885280589029 171.669795798504 131.448181989363 474.003258376896
1170000 171.252354040395 171.668285645777 131.921386251122 474.842025937294
1171000 171.475554473768 171.858564870939 131.675543080108 475.009662424815
1172000 171.462874802939 171.94244657771 131.817802728912 475.223124109561
1173000 171.656932749227 172.377952640772 131.980441037894 476.015326427892
1174000 171.949805978158 172.35590701774 132.019397123959 476.325110119856
1175000 172.00409999475 172.691524739055 132.166873915158 476.862498648963
1176000 172.03283050159 172.776704866635 132.453492326668 477.263027694893
1177000 172.356294876599 173.05566644576 132.466999234312 477.878960556671
1178000 172.666167569382 173.111263477261 132.634990980243 478.412422026886
1179000 172.728421962264 173.307726957629 132.750509713325 478.786658633217
1180000 172.969477882006 173.458160286711 132.731446144306 479.159084313023
1181000 173.149984149366 173.29686470746 133.048733028015 479.49558188484
1182000 173.037510592988 173.298699439137 132.921781249981 479.257991282105
1183000 173.082655630505 173.494302527128 132.941049553281 479.518007710913
1184000 173.443688859292 173.763006047905 133.295533090235 480.502227997432
1185000 173.495730185026 173.794618076744 133.497074511835 480.787422773604
1186000 174.03876396095 174.048729340038 133.368887028399 481.456380329387
1187000 174.231859927848 174.219347410041 133.510940009467 481.962147347356
1188000 174.249371580843 174.090396530477 133.622410866442 481.962178977763
1189000 174.442702691906 174.391205377199 133.635088233865 482.46899630297
1190000 174.374643479002 174.54143273281 133.78275689421 482.698833106022
1191000 174.599919346528 174.377389452474 133.898279262609 482.875588061611
1192000 174.749362966895 174.513308027498 134.077948079607 483.340619074
1193000 174.801324422007 174.379339256247 134.053378498273 483.234042176526
1194000 174.73326125272 174.676459603442 134.054575230054 483.464296086216
1195000 174.98075154829 174.674801536081 134.36849535944 484.02404844381
1196000 174.947969229767 174.996277535322 134.46971612406 484.413962889149
1197000 175.243012816257 175.023928083513 134.480415002479 484.747355902249
1198000 175.218849432862 174.972332335125 134.580254953424 484.771436721411
1199000 175.42709644816 175.16284547459 134.924309449198 485.514251371949
1200000 175.378776032374 175.588151224711 134.997677852164 485.96460510925
1201000 175.666930618156 175.677351924029 135.00978512732 486.354067669505
1202000 175.435317383197 175.621776338232 135.137686286436 486.194780007865
1203000 175.471279836615 175.734022777992 135.597031148745 486.802333763352
1204000 175.67920197173 175.761630114129 135.654224400399 487.095056486259
1205000 175.775195087148 175.890373153104 135.798132990944 487.463701231195
1206000 176.059435533129 176.117762629644 135.863045517944 488.040243680718
1207000 176.341398169087 175.848653488479 136.105263624608 488.295315282175
1208000 176.348098068664 176.312335153776 136.209436341363 488.869869563804
1209000 176.490540357149 176.214459962624 136.160571694344 488.865572014118
1210000 176.597784610346 176.278511734916 136.255700249003 489.131996594265
1211000 176.720377308212 176.424414185729 136.220668439431 489.365459933372
1212000 177.028836213617 176.407575854856 136.221910772376 489.658322840849
1213000 177.110607059196 176.554002345089 136.062454235613 489.727063639898
1214000 177.556902092458 176.76309850358 136.396009634665 490.716010230703
1215000 177.545575668967 176.577075913294 136.308802803739 490.431454386
1216000 177.638901449033 177.083143248132 136.344967482254 491.06701217942
1217000 177.837920665711 177.031752134116 136.58959981099 491.459272610817
1218000 177.982640402312 177.358392727768 136.523784085871 491.864817215951
1219000 178.118609692971 177.277107130257 136.787058917854 492.182775741081
1220000 178.140514344687 177.403648265522 136.556042358644 492.100204968853
1221000 178.216516399155 177.518947886897 136.795239207071 492.530703493124
1222000 178.289142980694 177.704987443061 136.74767571469 492.741806138445
1223000 178.532325885637 177.902668359702 136.874950518044 493.309944763383
1224000 178.942000632114 177.952194001628 137.00094609155 493.895140725291
1225000 178.82760475083 178.209646419838 137.000216963163 494.037468133831
1226000 178.908225684644 178.421411214457 137.378389608288 494.70802650739
1227000 179.286884079508 178.546648866508 137.224900380469 495.058433326486
1228000 179.369839932452 178.677710474067 137.411979458627 495.459529865146
1229000 179.228739059095 178.907694854975 137.273956763078 495.410390677147
1230000 179.478212834743 179.419117032857 137.672365112621 496.569694980221
1231000 179.555269679707 179.46925674143 137.988430649417 497.012957070554
1232000 179.689898037171 179.496422964493 138.003642085668 497.189963087332
1233000 180.100876233188 179.613024738476 138.068319778103 497.782220749767
1234000 179.68964231617 179.774890325286 138.087781283481 497.552313924936
1235000 179.937092519912 179.994079321984 138.319304009555 498.25047585145
1236000 180.116826060303 180.167870385518 138.5421143091 498.82681075492
1237000 180.442265952917 180.314771540051 138.332026887292 499.08906438026
1238000 180.49014650256 180.281782301586 138.54527484562 499.317203649766
1239000 180.303375108995 180.276129942145 138.28563836807 498.865143419209
1240000 180.495774417027 180.470970890499 138.704483740946 499.671229048473
1241000 180.546120559123 180.620571677458 138.671727878655 499.838420115236
1242000 180.471038654149 180.713790921636 138.909920288418 500.094749864203
1243000 180.53000173119 181.08822314383 139.051751591011 500.669976466031
1244000 181.142388394875 181.395150820068 139.096470738401 501.634009953345
1245000 181.304826957416 181.4443747566 139.330416168028 502.079617882045
1246000 181.206161796977 181.592205767263 139.035787436867 501.834155001107
1247000 181.195333970415 181.548036490584 139.162745608419 501.906116069418
1248000 181.629325195842 181.772234633096 139.363339121976 502.764898950915
1249000 181.885740338753 181.883861675401 139.557518929658 503.327120943812
1250000 181.926950389576 181.91312653776 139.760063764047 503.600140691383
1251000 182.068180502075 181.903812232201 139.677452641271 503.649445375547
1252000 182.228710502356 181.939119841371 140.098353452991 504.266183796718
1253000 182.502915478829 182.235660251826 139.851477461402 504.590053192057
1254000 183.009749068263 182.541185553536 139.887240298508 505.438174920307
1255000 183.053246363993 182.283480297559 140.034623805647 505.371350467199
1256000 183.200363393179 182.351729075729 140.403428871929 505.955521340837
1257000 183.261861114804 182.52419841727 140.370888993469 506.156948525543
1258000 183.137465516741 182.506455998062 140.350838357929 505.994759872732
1259000 183.042767869107 182.625820128898 140.628717118735 506.29730511674
1260000 182.999435827377 183.015279197332 140.603278483786 506.617993508495
1261000 183.070974133133 183.059036576738 140.641622030517 506.771632740389
1262000 183.586364072783 183.35070184722 140.886097550482 507.823163470485
1263000 183.901928275683 183.400122967137 140.785525285993 508.087576528813
1264000 183.800740099314 183.758660228514 140.794688204877 508.354088532705
1265000 184.203392771702 183.870132657788 141.084701023599 509.158226453088
1266000 184.312784905629 183.633737602548 141.055765692989 509.002288201165
1267000 184.364095578413 184.052322424138 141.276131779858 509.692549782409
1268000 184.56112815925 184.32039573882 141.671400216509 510.55292411458
1269000 184.841310562985 184.477072358316 141.834001229057 511.152384150359
1270000 184.912863223564 184.619832563454 142.023184382426 511.555880169445
1271000 185.470432575124 184.613554085062 142.260247059435 512.344233719622
1272000 185.478001832384 184.208526418625 142.556057123733 512.242585374742
1273000 185.776464979442 184.499392452186 142.417161009877 512.693018441505
1274000 185.778071225378 184.597348911085 142.66504720629 513.040467342753
1275000 186.088000801563 184.41415359176 142.817525858193 513.319680251516
1276000 186.167080851634 184.631612557779 142.955518752912 513.754212162325
1277000 185.930845526745 184.834333697749 143.110555271349 513.875734495843
1278000 186.181717945066 184.790016232989 143.297945338837 514.269679516891
1279000 186.581217987955 184.987533763647 143.302598662756 514.871350414358
1280000 186.60771898011 185.202117875261 143.486622828891 515.296459684261
1281000 186.295771160432 185.628384512049 143.785337259141 515.709492931622
1282000 186.649733480069 185.750554288131 143.584530826573 515.984818594772
1283000 187.104235770616 185.989913030566 143.772926836293 516.867075637475
1284000 186.95720767344 186.097534279809 143.704805353874 516.759547307123
1285000 187.288966962444 186.025428798196 143.648612956128 516.963008716769
1286000 187.135702632467 186.353466514696 144.085820450726 517.574989597889
1287000 187.010957514599 186.303424557383 144.129490404922 517.443872476904
1288000 187.228366881823 186.572098470997 144.092737260831 517.893202613651
1289000 187.280631926432 186.468248199986 144.273359866844 518.022239993262
1290000 187.757986956255 186.631174543029 144.360980807675 518.750142306959
1291000 188.362343487765 186.723859253008 144.449558937482 519.535761678255
1292000 188.295260088399 186.783500994275 144.422680991752 519.501442074426
1293000 188.715632810616 186.936461376119 144.722061731698 520.374155918433
1294000 188.841022206761 187.083063545459 144.866743103109 520.790828855328
1295000 189.01276756647 187.312144609675 145.227019037538 521.551931213683
1296000 189.279685624052 187.556501652362 145.478047762013 522.314235038426
1297000 189.675412027254 187.711638252956 145.400589577684 522.787639857894
1298000 189.567325388148 188.057914041154 145.839005779678 523.464245208979
1299000 189.801313131068 188.139898853826 145.735553636684 523.676765621578
1300000 189.796660363571 188.549085902867 145.815101988214 524.160848254651
1301000 189.701733829321 188.638941818429 146.109694381665 524.450370029415
1302000 190.278195642683 188.973392554735 146.281573443723 525.533161641141
1303000 190.086218994336 189.08661894969 146.471551668213 525.644389612238
1304000 190.147831530444 189.171065236154 146.352316453041 525.671213219638
1305000 190.337672682705 189.699521603124 146.621877203981 526.65907148981
1306000 190.787893689941 189.951405758304 146.472087141852 527.211386590098
1307000 191.051550246792 190.097983554578 146.69378469705 527.843318498419
1308000 190.870370833779 190.286293220003 146.812572206705 527.969236260487
1309000 190.931672660437 190.351291915027 147.082469411654 528.365433987118
1310000 190.994620659328 190.646135832773 147.445176802374 529.085933294475
1311000 191.005638262579 190.989581629987 147.418031058713 529.413250951279
1312000 191.339517706828 190.901406325491 147.294773811412 529.535697843731
1313000 191.449705740489 191.119358566483 147.735143792591 530.304208099563
1314000 191.690314526108 190.983519954349 147.710740496645 530.384574977103
1315000 191.846583369363 191.091224702687 148.036160422186 530.973968494236
1316000 192.131522465725 191.37493913148 148.118908974196 531.625370571402
1317000 192.132740981674 191.304212681053 148.447975851533 531.88492951426
1318000 192.069777049117 191.401178328831 148.293958665965 531.764914043913
1319000 191.872184059386 191.343774513504 148.454349715902 531.670308288792
1320000 192.082003648893 191.493885900783 148.547605251527 532.123494801204
1321000 192.573089628662 191.634538425328 148.558882034003 532.766510087993
1322000 192.729918474217 192.157224264457 148.554021472397 533.441164211071
1323000 192.954121821697 192.2616454869 148.531128498444 533.746895807041
1324000 193.113447471762 192.477079923952 148.554270883749 534.144798279463
1325000 193.310818613797 192.98230480845 148.656362542919 534.949485965166
1326000 193.25951408045 193.099891459231 149.13222252765 535.491628067332
1327000 193.367929506838 193.367239357617 148.966119498988 535.701288363443
1328000 193.490388089898 193.548914220676 149.192548538993 536.231850849566
1329000 193.762864824271 193.587509810893 149.416164089312 536.766538724476
1330000 193.925776771534 193.274724906749 149.175738168292 536.376239846574
1331000 194.139142834622 193.432481458861 149.404952368475 536.976576661958
1332000 194.554107001686 193.350611986568 149.393782068651 537.298501056905
1333000 194.358760661893 193.45854818114 149.670517725372 537.487826568406
1334000 194.54273583335 193.647187648979 149.765635133114 537.955558615443
1335000 194.557453024748 193.658775922322 150.079860039991 538.296088987062
1336000 194.800237550396 193.75421206514 150.331123562027 538.885573177563
1337000 194.870704523214 194.148277219554 150.308714187551 539.327695930319
1338000 195.449063850381 194.171339868579 150.546726084965 540.167129803925
1339000 195.691091083976 194.46359262613 150.673916139587 540.828599849693
1340000 195.791742383625 194.41009350435 150.990262487574 541.192098375549
1341000 195.721196672203 194.84270022202 150.874350073218 541.438246967441
1342000 195.603637051949 194.871322732158 151.097857608769 541.572817392877
1343000 195.927739496588 194.578651675296 151.235501521623 541.741892693507
1344000 196.14928768548 195.029839053293 151.25878659778 542.437913336552
1345000 196.509561955414 195.49036915856 151.353104509738 543.353035623712
1346000 196.524631208364 195.576499159383 151.563957665671 543.665088033419
1347000 196.846685166454 195.823615779759 151.941444124501 544.611745070713
1348000 196.934591592156 195.932244532394 151.974313713956 544.841149838506
1349000 196.907799352196 196.160071969364 152.391974328748 545.459845650307
1350000 196.988358677216 196.301160124218 152.178766884227 545.468285685662
1351000 197.244377207069 196.359331875741 152.204153112608 545.807862195418
1352000 197.436261977663 196.761917452047 152.348945260456 546.547124690166
1353000 197.530389939338 196.947572671002 152.362916414006 546.840879024346
1354000 197.567861785054 197.081900336065 152.53852343249 547.18828555361
1355000 197.790311703348 197.125897768351 152.64826861898 547.564478090679
1356000 197.735057577486 197.505630420658 152.781593384443 548.022281382587
1357000 197.64092692804 197.548854014454 152.975920890938 548.165701833432
1358000 197.604846047997 197.771714916794 152.956748854518 548.33330981931
1359000 197.706922992787 198.033276640303 153.124257776802 548.864457409892
1360000 197.699054071386 198.149736577148 153.072469800772 548.921260449306
1361000 197.673949038674 198.263025336028 153.333947615182 549.270921989883
1362000 198.188875382322 198.948714040186 153.485358275337 550.622947697845
1363000 198.277916353457 198.853486356142 153.69801781325 550.829420522849
1364000 198.503850353541 199.289345627058 154.0562904604 551.849486440998
1365000 198.678641348856 199.426340082567 153.905890808867 552.01087224029
1366000 199.004410449958 199.561413711672 153.997510774172 552.563334935802
1367000 198.892238192296 199.698660401772 154.042447083784 552.633345677852
1368000 198.674717282089 199.825648213463 154.050188712677 552.550554208229
1369000 198.816805531379 200.177552771242 154.178448850416 553.172807153037
1370000 198.959632905534 200.536804705978 154.224949329146 553.721386940657
1371000 199.032481422639 200.598098047589 154.56894126178 554.199520732008
1372000 199.052860441424 200.573352947742 154.425412705054 554.05162609422
1373000 199.210583385882 200.812490875006 154.797560152597 554.820634413485
1374000 199.376547640543 201.105320090948 154.77478809904 555.256655830532
1375000 199.492791815351 201.192008609559 155.013373653637 555.698174078547
1376000 199.757326731881 201.761271700499 154.816491265344 556.335089697723
1377000 199.970177147178 201.957981018688 154.703241385799 556.631399551665
1378000 200.089763937734 202.02988169066 155.230105218725 557.349750847119
1379000 200.024365785401 202.024205653225 155.407689946707 557.456261385333
1380000 200.264435415359 201.964617159038 155.337511016198 557.566563590595
1381000 200.179598319433 201.992513633357 155.259804994205 557.431916946995
1382000 200.264710928869 202.07868929155 155.196920901514 557.540321121932
1383000 200.321167593693 201.757745069271 155.315667593282 557.394580256246
1384000 200.448675165821 201.741595987474 155.309949566106 557.500220719401
1385000 200.348493810812 201.76921398112 155.634019497802 557.751727289735
1386000 200.611255696413 202.413539666704 155.892998293458 558.917793656575
1387000 201.043517945433 202.525651139563 155.878984908001 559.448153992996
1388000 201.152085763319 202.559836960684 156.227488451687 559.93941117569
1389000 201.136511284541 202.687204342417 156.557552243857 560.381267870815
1390000 201.330561129832 202.693267948125 156.583810196612 560.607639274569
1391000 201.713456074414 203.077632444413 156.708836954324 561.499925473151
1392000 201.3859667228 203.40839934436 156.691596811574 561.485962878734
1393000 201.604411413216 203.140914114754 156.94036572244 561.685691250409
1394000 201.727448489137 203.197669490866 156.850364426888 561.775482406891
1395000 201.817532722689 203.434712554435 156.867090804387 562.11933608151
1396000 202.085220638309 203.806587617309 157.034793908548 562.926602164165
1397000 202.01520427314 203.518645741332 156.989039219143 562.522889233614
1398000 202.353616275144 203.701897396399 157.006796528082 563.062310199625
1399000 202.248876524213 203.830093421651 157.24179521006 563.320765155924
1400000 202.428355828639 204.101592736961 157.608617157023 564.138565722624
1401000 202.858854984038 204.205373861871 157.692946433451 564.757175279361
1402000 203.095461957081 204.460759272728 157.830698091288 565.386919321098
1403000 203.56756783859 204.42828250538 158.166894178332 566.162744522302
1404000 203.651350535874 204.655140126041 158.095262186798 566.401752848713
1405000 203.766310481841 204.961361387806 158.258107927915 566.985779797562
1406000 204.22310295859 205.276866536588 158.411392688097 567.911362183275
1407000 204.102320490849 205.372304035741 158.703480391345 568.178104917934
1408000 204.443933575494 205.552106333833 158.949606435674 568.945646345001
1409000 204.328385997244 205.439064516253 158.857774123495 568.625224636992
1410000 204.491827113701 205.926916459437 158.978604816779 569.397348389916
1411000 204.465424913957 206.063951855857 159.176747519039 569.706124288853
1412000 204.958272570765 206.242470846508 158.873111857937 570.07385527521
1413000 204.993297752146 206.521292415052 159.078993255491 570.593583422689
1414000 205.263279008114 206.444028866947 159.286176961407 570.993484836468
1415000 205.227364415371 206.672072884599 159.256766220311 571.156203520281
1416000 205.420184184413 206.906565738178 159.029570508617 571.356320431208
1417000 205.6961450278 206.880060405699 159.477670879679 572.053876313178
1418000 205.902627905427 207.08805304977 159.490352599395 572.481033554591
1419000 205.949973638434 207.594919683744 159.722026187899 573.266919510077
1420000 206.260769172156 207.492374226276 159.855419834683 573.608563233114
1421000 206.726635364033 207.501686382878 159.971086347135 574.199408094046
1422000 206.588919829592 207.635452263557 160.113243082592 574.337615175741
1423000 206.716415496707 207.169601678062 160.192699638088 574.078716812856
1424000 207.192786566201 207.750842980285 160.466534060601 575.410163607087
1425000 207.442347007394 207.812275933229 160.485959920982 575.740582861604
1426000 207.420368792711 207.979677767772 160.518221060916 575.918267621399
1427000 207.53264958893 208.100983253471 160.408022949832 576.041655792233
1428000 207.437014368427 208.360121003605 160.614121806749 576.411257178781
1429000 207.57978855147 208.292222272511 160.725596654954 576.597607478935
1430000 207.536801533619 208.468208038361 160.919564519661 576.924574091641
1431000 207.776838071029 208.888106878899 161.021836206625 577.686781156553
1432000 208.24348932553 209.175406729988 161.168665294851 578.587561350369
1433000 208.462570101804 209.116894114189 161.147392867326 578.726857083319
1434000 208.566496699544 209.631188581469 161.370916053143 579.568601334155
1435000 208.976130436881 210.049187512258 161.414139385595 580.439457334734
1436000 208.896851983358 209.722635193904 161.303473128867 579.922960306129
1437000 208.924369087522 209.826419808094 161.763938618688 580.514727514303
1438000 208.933368743196 210.092250969057 162.079593241611 581.105212953864
1439000 209.415465487482 210.057056031102 162.46947181659 581.941993335174
1440000 209.647642677711 210.332424371444 162.513941469651 582.494008518805
1441000 209.93094503456 210.334143459563 162.577581038195 582.842669532318
1442000 210.195175333171 210.238313617258 162.981266564921 583.41475551535
1443000 209.939306549303 210.402366720763 162.982239044912 583.323912314978
1444000 210.026386578005 210.983194721171 163.349497667585 584.359078966761
1445000 210.255132441916 211.349811902291 163.377199372911 584.982143717118
1446000 210.116465607916 211.163263957258 163.258186048038 584.537915613212
1447000 210.269418199735 211.43729349127 163.622413398386 585.329125089391
1448000 210.444717455417 211.700237317867 163.467977084323 585.612931857607
1449000 210.449351931446 211.696895211865 163.761332815562 585.907579958873
1450000 210.580542709674 211.848238283359 163.907720269615 586.336501262648
1451000 210.843199415317 211.976087417765 163.790695325565 586.609982158648
1452000 210.939744701249 212.161760381013 164.188878372726 587.290383454989
1453000 211.051828617212 212.298902487951 163.952787330938 587.303518436101
1454000 211.228349203841 212.862502900741 163.922855117216 588.013707221797
1455000 211.488690734973 212.940827455269 164.258218005079 588.687736195321
1456000 211.847188061828 212.686432391523 164.499512088896 589.033132542247
1457000 212.115742726467 213.253235230039 164.203635609441 589.572613565947
1458000 212.150849789778 213.042928024956 164.336708434084 589.530486248818
1459000 212.261869578308 213.507154852215 164.671658492263 590.440682922786
1460000 212.522572052221 213.678156570901 165.035487557276 591.236216180397
1461000 212.97355664896 213.729255056853 164.928420759568 591.631232465381
1462000 212.705920934972 213.776572615985 165.037947998988 591.520441549945
1463000 212.930419680274 214.059126126824 165.114285952552 592.10383175965
1464000 212.888895169209 214.21045664052 165.276548943237 592.375900752966
1465000 213.15809977428 214.224830404283 165.147076172705 592.530006351268
1466000 213.416066226189 214.649897415663 165.424278022615 593.490241664467
1467000 213.548350241551 214.782055814256 165.40369371548 593.734099771287
1468000 213.639148318488 214.892980966792 165.446999169733 593.979128455013
1469000 213.531251161332 215.083776050112 165.68235669886 594.297383910303
1470000 213.881014453803 215.503243986394 165.643845921101 595.028104361297
1471000 213.973727958622 215.593872275609 165.829560283257 595.397160517488
1472000 214.019619663181 215.567787446431 165.98301230861 595.570419418221
1473000 214.156727269382 216.122478282031 166.085714191764 596.364919743176
1474000 214.32548445026 216.221357373904 166.416108658437 596.962950482601
1475000 214.379923774965 216.380123444238 166.447958098673 597.208005317875
1476000 214.284898537736 216.441702227503 166.496976106794 597.223576872033
1477000 214.096131802501 216.793240604594 166.944822744553 597.834195151648
1478000 214.276146568341 217.107427606629 167.051614784137 598.435188959107
1479000 214.751282144636 217.332776886344 167.15061107287 599.23467010385
1480000 214.745834716082 217.256056595224 167.362720772856 599.364612084163
1481000 214.813539415043 217.292365661156 167.279289622866 599.385194699066
1482000 214.795803908461 216.806872864759 167.540059738313 599.142736511533
1483000 214.867788275527 216.756703302828 167.64336816487 599.267859743224
1484000 215.363791765155 216.754517780304 167.382478672122 599.50078821758
1485000 215.559410731921 216.884068028925 167.924347295744 600.36782605659
1486000 215.680527675798 217.367844705967 167.907680165766 600.956052547531
1487000 215.902551689883 217.886067071 168.201659335898 601.990278096781
1488000 216.26268198629 217.660448972702 168.182679408173 602.105810367165
1489000 216.427871337894 217.890943110355 168.174434538527 602.493248986775
1490000 216.44785740849 218.020774526963 168.123453108511 602.592085043964
1491000 216.811841706198 218.423586717442 168.364208612779 603.599637036419
1492000 216.986240863486 218.652516511712 168.646781249905 604.285538625103
1493000 217.15438815668 218.723982919397 168.697233556503 604.57560463258
1494000 217.094518127405 218.988062514202 168.851623154291 604.934203795898
1495000 217.19523406899 219.022056431215 169.081953304212 605.299243804416
1496000 217.353995706097 219.454426717087 169.107144603378 605.915567026563
1497000 217.374124526255 219.599753503381 169.360362950697 606.334240980332
1498000 217.190526574216 219.40917190983 169.649558593093 606.249257077138
1499000 217.318022466671 219.437878357828 169.454724736787 606.210625561287
1500000 217.503146580458 219.866164051077 169.51555680689 606.884867438425
1501000 217.5986235354 219.931231432175 169.86581514101 607.395670108584
1502000 217.549339427786 220.242636817104 169.904242687479 607.69621893237
1503000 217.473234215814 220.065570410206 170.195858134403 607.734662760423
1504000 217.86192709289 220.374851143398 170.076192222784 608.312970459072
1505000 217.836757815607 220.507307394847 170.400908779546 608.74497399
1506000 218.046274010268 220.918389199223 170.339322222934 609.303985432425
1507000 218.245482516491 221.051880401271 170.669637867867 609.967000785628
1508000 218.186837079002 221.409686361671 170.800307650316 610.396831090988
1509000 218.280443618914 221.375128520022 171.13135712415 610.786929263086
1510000 218.330843659382 221.260323896854 170.919939591953 610.511107148189
1511000 218.652172291741 221.775492550388 171.102467909248 611.530132751378
1512000 218.738980970565 221.870191223149 170.986020708707 611.59519290242
1513000 218.776294753783 222.190671891543 171.172400399205 612.139367044531
1514000 218.609164807577 222.176308376209 171.164742270627 611.950215454413
1515000 218.961859785499 222.289640866943 171.215897321774 612.467397974216
1516000 219.179869683845 222.37808553829 171.591177208541 613.149132430676
1517000 219.012152413926 222.565640444277 171.438436782999 613.016229641202
1518000 219.500054444087 222.875227856661 171.674723578828 614.050005879576
1519000 219.740750258233 222.816571606126 171.850173545278 614.407495409636
1520000 220.082332691546 222.84387092128 172.15638208974 615.082585702567
1521000 220.080682614698 223.221334174769 171.979051018387 615.281067807854
1522000 220.478516045843 223.124713204596 172.24877359428 615.852002844719
1523000 220.806249150561 223.197680033462 172.589272841736 616.593202025759
1524000 221.155571973368 223.327290363072 172.656964128876 617.139826465315
1525000 221.231471470426 223.251049382028 172.827569996633 617.310090849087
1526000 221.679971581083 223.529328596057 172.819788903486 618.029089080627
1527000 221.847089612344 223.74902393361 172.757150131288 618.353263677243
1528000 222.082991747256 223.639450896724 172.847753783773 618.570196427753
1529000 222.391694224381 223.692366823165 173.084851954249 619.168913001796
1530000 222.723567874484 223.803080861198 173.099340727254 619.625989462937
1531000 222.412061500446 224.47743215941 173.207039313496 620.096532973351
1532000 222.822760877993 224.625456027197 173.395918325155 620.844135230344
1533000 223.179227040597 225.020382292253 173.484718403865 621.684327736715
1534000 223.172735827124 224.707927833748 173.923818623633 621.804482284506
1535000 223.414060287934 225.012223344348 173.865896696415 622.292180328696
1536000 223.595052488633 225.235959731974 174.194188118864 623.025200339471
1537000 223.269692465318 225.659244463573 174.278647497734 623.207584426625
1538000 223.620268144574 225.580762167606 174.278605957935 623.479636270116
1539000 223.706369356233 225.908908538228 174.687422912357 624.302700806818
1540000 223.964407865874 226.150185200586 174.694195189231 624.808788255692
1541000 224.404376157731 226.513509570309 174.917461687936 625.835347415975
1542000 224.189901642288 226.364225143949 174.676364007701 625.230490793938
1543000 223.962656758109 226.835979062836 175.058408646417 625.857044467363
1544000 224.216360708732 226.89042546988 175.021492374308 626.12827855292
1545000 224.607974713551 226.934969963637 175.167281837484 626.710226514672
1546000 224.766215687401 227.313279300262 175.031120280274 627.110615267938
1547000 224.978672941157 227.193906241886 175.267376945804 627.439956128846
1548000 225.182517658637 227.646613317336 175.394814530719 628.223945506692
1549000 225.124500511021 227.928866013395 175.27085500203 628.324221526446
1550000 225.495856847499 227.969674956269 175.555715787158 629.021247590927
1551000 225.579206823177 227.95280811312 175.423650467403 628.9556654037
1552000 225.777151442058 227.999563599269 175.898078006823 629.67479304815
1553000 225.906883217205 228.114351084949 175.663884806207 629.685119108361
1554000 226.14032648866 228.33027383476 175.787381864683 630.257982188103
1555000 226.254859449475 228.237253111404 176.034764298165 630.526876859044
1556000 226.37532852527 228.370777207209 175.789125589561 630.53523132204
1557000 226.786326261163 228.53675470696 175.957687869346 631.280768837469
1558000 226.657213670774 228.858590277607 176.240019708207 631.755823656588
1559000 227.006001959205 228.818380573362 176.52112361771 632.345506150277
1560000 226.994996251563 229.201316396657 176.59118754572 632.78750019394
1561000 227.204560220462 229.558367317693 176.532340688311 633.295268226466
1562000 227.322784697583 229.473506305345 177.081813739233 633.87810474216
1563000 227.653913835982 229.720748996102 176.887360084836 634.26202291692
1564000 227.338466322918 229.754320396128 177.332479187751 634.425265906798
1565000 227.396354529721 230.308417955656 177.489633116261 635.194405601638
1566000 227.444017815064 230.608355038303 177.76040566038 635.812778513748
1567000 227.821478630056 230.73758324439 177.793501345854 636.3525632203
1568000 227.900065652951 230.849755217636 177.888629860102 636.63845073069
1569000 228.156152504938 231.196421897163 178.277948302456 637.630522704557
1570000 228.465163044009 231.273815500665 178.217158366495 637.956136911169
1571000 228.732230414464 231.194997248784 178.305673670487 638.232901333736
1572000 229.173869964482 231.636714432371 178.614031421505 639.424615818357
1573000 229.37773695663 231.689329297987 178.945423892633 640.012490147251
1574000 229.708300803897 231.666243394888 178.835829664949 640.210373863735
1575000 229.776377884963 231.99123904605 178.979182645451 640.746799576464
1576000 230.114514170887 231.79533860299 179.243015660366 641.152868434244
1577000 230.051539449019 232.220085845446 179.52263073574 641.794256030206
1578000 230.415468692866 232.320160081589 179.539236306897 642.274865081352
1579000 230.687113733258 232.550369874234 179.537842257193 642.775325864685
1580000 230.857939075674 232.074162169292 179.827407782164 642.75950902713
1581000 230.940347063443 232.476971988612 179.863971359505 643.28129041156
1582000 230.893880032736 232.110294343008 179.955220007635 642.959394383379
1583000 231.424933763089 232.639279681587 180.181090311921 644.245303756597
1584000 231.801283757146 232.706553187476 180.112583870444 644.620420815066
1585000 232.152659024572 232.540998360673 180.314605995535 645.008263380781
1586000 232.221476061256 232.588991088708 180.544971694554 645.355438844518
1587000 232.155986119073 232.65109285124 180.861579997136 645.668658967449
1588000 232.159747257604 232.610689381633 181.032074722979 645.802511362216
1589000 232.331568047386 233.005319321008 180.965568631719 646.302456000113
1590000 232.374314545335 233.142740865748 181.371592894175 646.888648305257
1591000 232.42550630755 233.544305573781 181.057289686716 647.027101568048
1592000 232.513187033647 233.773276046095 181.477867227602 647.764330307344
1593000 232.740360802672 233.609945679565 181.302079760026 647.652386242263
1594000 232.705814474243 233.717336800081 181.687344241294 648.110495515618
1595000 233.414471935688 234.105668189576 181.567861152944 649.088001278208
1596000 233.439149515207 234.074672645284 181.77115817518 649.284980335671
1597000 233.749956771725 234.454389440887 181.818968916077 650.023315128689
1598000 233.884168190534 234.302315182744 181.865147827006 650.051631200284
1599000 234.114549255754 234.617896069292 181.943373605377 650.675818930423
1600000 234.510695738157 234.531852545371 182.042741138155 651.085289421683
1601000 234.596985019313 234.751550866241 182.188614783215 651.53715066877
1602000 234.799035614491 234.569030126964 182.140357821584 651.508423563038
1603000 235.128702332428 234.593358414584 182.269306800871 651.991367547883
1604000 235.308712251033 234.842169597289 182.280150070381 652.431031918703
1605000 235.4217262507 235.119388778152 182.013782978808 652.554898007661
1606000 235.66636021374 235.301889368351 182.285213837237 653.253463419329
1607000 236.032268350376 235.423460399257 182.506163463591 653.961892213225
1608000 236.082062898397 235.98269744814 182.682930661712 654.747691008249
1609000 236.152619208274 235.933204086627 182.899371495437 654.985194790338
1610000 236.173470725661 235.876710915069 182.870209913728 654.920391554457
1611000 236.541973582824 235.862418501833 183.085020985908 655.489413070565
1612000 236.743614760753 236.114397591816 183.024741361261 655.88275371383
1613000 237.001349654277 236.162100644369 183.010969975913 656.174420274559
1614000 237.240550149123 235.801502461789 183.132033868957 656.17408647987
1615000 237.304678411284 236.402732410589 183.432489975369 657.139900797242
1616000 237.644802706985 236.478009038231 183.908662267989 658.031474013205
1617000 237.450680464876 236.315739943583 183.823630762675 657.590051171133
1618000 237.544699747161 236.803281214359 183.841316212186 658.189297173707
1619000 237.445017605997 236.926364491005 184.022861633191 658.394243730194
1620000 237.638007826125 237.003304502352 183.995515884367 658.636828212843
1621000 237.640714756392 237.533690844629 184.004089073365 659.178494674386
1622000 237.648695806541 237.822552432467 183.740672518491 659.211920757499
1623000 237.81304103216 237.875552112259 184.112361606204 659.800954750623
1624000 237.682006456747 237.901510041116 184.354557550732 659.938074048595
1625000 238.101660850878 238.24183662687 184.693057402828 661.036554880576
1626000 238.155772890573 238.798198577676 184.944410600687 661.898382068935
1627000 237.78904492616 238.934335845732 184.860182379969 661.583563151862
1628000 237.818228356562 238.985572603535 185.050093714055 661.853894674152
1629000 237.711867364425 238.967075508937 185.100381584782 661.779324458144
1630000 237.665971237364 239.016390273037 185.31848476464 662.000846275041
1631000 237.736941278789 239.284557464065 185.376426350096 662.39792509295
1632000 238.014522968092 239.802345114277 185.822777841444 663.639645923814
1633000 238.172065549124 239.755511476984 185.805947735758 663.733524761866
1634000 238.162963027839 239.613192127548 185.813363840228 663.589518995615
1635000 237.921297854521 240.065825729436 185.681092906394 663.66821649035
1636000 238.060352874889 240.197662144738 185.78885556269 664.046870582317
1637000 238.311110919127 240.354389750179 186.054726960809 664.720227630114
1638000 238.722124073266 240.484158647747 186.40996413535 665.616246856363
1639000 239.166524082024 240.384340984119 186.403649796792 665.954514862935
1640000 239.55245826575 240.231499966121 186.765280877591 666.549239109463
1641000 239.953951000515 240.54185157528 186.205422963542 666.701225539337
1642000 239.889159271358 240.562035370816 186.972420933031 667.423615575205
1643000 240.125073923672 240.85584479745 186.983219411884 667.964138133006
1644000 240.279758197652 241.254432739778 187.171605537897 668.705796475327
1645000 240.368506138231 241.086281114772 187.507740967087 668.96252822009
1646000 240.191557350046 241.536374289272 187.578601499922 669.30653313924
1647000 240.411285126741 241.713794957312 187.675050066334 669.800130150386
1648000 240.728754160583 241.967791383447 187.454632897159 670.151178441188
1649000 240.677325358703 241.968703327269 187.767185095841 670.413213781813
1650000 240.836766420929 242.247282857826 187.72549094543 670.809540224185
1651000 240.803971945338 242.372248200504 188.023929613007 671.20014975885
1652000 240.837288483593 242.766551501161 188.050534788871 671.654374773625
1653000 240.880332636413 242.671783764843 188.151710383333 671.703826784589
1654000 241.175795962736 242.765991792157 188.559987265058 672.501775019952
1655000 241.247655556017 243.052974613279 188.437038057957 672.737668227253
1656000 241.562540162193 242.843278803769 188.677094501308 673.08291346727
1657000 241.71457106315 243.047747877686 188.471134853996 673.233453794831
1658000 241.687242966162 243.0283317042 188.508034950727 673.223609621089
1659000 241.925674510108 243.265297835545 188.746688006159 673.937660351811
1660000 241.858595967955 243.288630793912 189.028389779803 674.175616541669
1661000 242.21233864716 243.738695456784 189.137486274043 675.088520377987
1662000 242.45754630243 243.928632941001 189.292500894793 675.678680138224
1663000 242.487724857063 244.096753381386 189.472511924578 676.056990163028
1664000 242.722333028329 244.314452600078 189.648109161495 676.684894789902
1665000 242.691777495017 244.522008385754 189.722494191783 676.936280072554
1666000 242.890412857985 244.915261625009 189.656484849647 677.462159332641
1667000 243.066220462499 244.867348123792 189.874168716638 677.807737302929
1668000 243.33875335194 244.78480107637 190.019146004479 678.14270043279
1669000 243.359951429939 245.005801656078 190.00409151856 678.369844604577
1670000 243.510814026453 244.729180081055 190.268218216244 678.508212323751
1671000 243.560401558818 245.147630915925 190.557707019143 679.265739493887
1672000 243.758674184293 245.172563855758 190.265719145372 679.196957185423
1673000 243.747570048283 245.411399943563 190.318803554038 679.477773545883
1674000 243.662554174741 245.718113567772 190.746334711189 680.127002453702
1675000 243.779863870307 245.71061566011 190.516830136878 680.007309667295
1676000 243.771287867487 245.736827826701 190.925578536013 680.433694230201
1677000 243.975930376467 245.90599677679 191.152561990159 681.034489143416
1678000 243.797548369093 245.977833370971 191.100972626342 680.876354366406
1679000 243.966951633194 246.063010778151 191.292356335546 681.322318746891
1680000 244.002546223762 246.254197593223 191.294616026487 681.551359843472
1681000 244.559861066879 246.342468206453 191.612613005519 682.514942278852
1682000 244.725572543876 246.451046121104 191.746948126426 682.923566791406
1683000 244.590414674193 246.636341776622 191.677023445942 682.903779896757
1684000 244.962405703643 246.793633345473 191.785756920004 683.54179596912
1685000 245.081644938584 246.791756452232 192.062608870196 683.936010261012
1686000 245.361568141398 246.762497849936 191.834407670787 683.958473662121
1687000 245.615924656198 246.822851257493 191.79874229184 684.237518205531
1688000 245.7474935775 247.255180291311 192.182442347295 685.185116216107
1689000 245.996647805769 247.220382776002 192.159735484526 685.376766066297
1690000 245.906726288284 247.319375567017 192.13670337726 685.362805232561
1691000 246.193780281938 247.431319588905 192.243848799294 685.868948670137
1692000 246.279894663123 247.825071922623 192.392023289566 686.496989875312
1693000 246.521614195511 247.745876645805 192.172359913533 686.439850754849
1694000 246.770275490773 248.02405870274 192.392020007553 687.186354201065
1695000 246.836564694191 248.246888969312 192.534661869405 687.618115532907
1696000 246.88914823366 248.509308881989 192.591003364828 687.989460480477
1697000 246.924260836785 249.06646999176 192.675466498651 688.666197327196
1698000 247.126056268731 249.217663025716 192.894581234331 689.238300528778
1699000 247.493711267691 249.271045776122 192.830676703225 689.595433747038
1700000 247.360060817049 249.1774755074 193.016245876517 689.553782200967
1701000 247.228557588418 249.214659940952 193.226525539228 689.669743068597
1702000 247.274191597907 249.4917268635 193.308894149038 690.074812610445
1703000 247.486843060477 249.527170717779 193.254589646682 690.268603424939
1704000 247.558165543028 249.769627465711 193.317837685846 690.645630694585
1705000 247.808077117336 249.839029548094 193.411778399209 691.058885064639
1706000 248.432299271824 249.975829802094 193.582437347279 691.990566421196
1707000 248.616333752805 250.047454407959 193.670751982302 692.334540143066
1708000 248.68614069224 250.317835611181 193.821803986748 692.82578029017
1709000 248.411994135855 250.421454314519 193.768089475128 692.601537925502
1710000 248.668444046049 250.520549471094 193.986399164535 693.175392681678
1711000 248.989858217045 250.472376671379 194.363128610873 693.825363499297
1712000 248.908639701368 250.615329570213 194.01939970676 693.543368978342
1713000 249.115364216543 250.542030145621 194.527106145471 694.184500507635
1714000 249.068374632446 250.69823950457 194.604920552948 694.371534689963
1715000 249.171763298425 250.558437257882 194.680774084664 694.410974640971
1716000 249.248155506902 250.675439636321 194.731701516336 694.65529665956
1717000 249.313545850868 250.822998006607 194.747967192466 694.884511049941
1718000 249.328842046157 251.260282348872 194.635124513487 695.224248908516
1719000 249.109154731384 251.565297148977 194.928966679931 695.603418560292
1720000 249.501067840195 251.762102884167 195.231650802763 696.494821527126
1721000 249.481840309741 252.076233564758 194.986205729789 696.544279604288
1722000 249.51389599441 252.177613640253 195.213770593297 696.905280227961
1723000 250.071831703545 252.475030162191 195.316372420557 697.863234286293
1724000 250.362192852597 252.643180444889 195.410584405885 698.415957703371
1725000 250.075727491037 252.7532756638 195.666397835328 698.495400990165
1726000 250.197343979684 253.027278386941 195.792149133215 699.01677149984
1727000 250.390476264479 253.086104599945 195.834692880555 699.311273744979
1728000 250.336826930341 253.414687697824 196.074088589475 699.82560321764
1729000 250.257018578622 253.40032373822 195.887832674463 699.545174991305
1730000 250.492911523688 252.914772647279 195.954578606681 699.362262777648
1731000 250.454743034455 253.198353442841 196.178098576488 699.831195053783
1732000 250.46887522028 253.371189940275 196.062761622276 699.902826782832
1733000 250.84713110031 253.517020436988 196.063295481185 700.427447018482
1734000 250.590005205988 253.575423545853 196.280642577319 700.44607132916
1735000 251.19883503889 253.739540578935 196.542836821261 701.481212439086
1736000 250.835126637733 253.973822342025 196.509529854836 701.318478834594
1737000 251.132114094106 254.523786481432 196.656110921205 702.312011496742
1738000 251.171404138067 254.500968738683 196.838792184228 702.511165060979
1739000 251.171763803859 254.745376629146 196.702473237393 702.619613670398
1740000 251.116735394277 254.824791887543 197.059675484674 703.001202766493
1741000 251.587989338658 254.964748208082 197.179074692997 703.731812239736
1742000 251.905371917602 255.25683631637 197.378130598147 704.540338832119
1743000 251.737666590196 255.280793298368 197.434283749664 704.452743638228
1744000 251.989955272783 255.602374294841 197.551088256679 705.143417824303
1745000 252.433823133549 255.788584231562 197.533685598404 705.756092963515
1746000 252.436449020562 255.922299339109 197.508290374582 705.867038734253
1747000 252.446278766124 256.39360067264 197.80397075269 706.643850191453
1748000 252.24788316477 256.120992195499 197.566560667304 705.935436027572
1749000 252.858015124243 256.120353905998 197.739426944735 706.717795974977
1750000 252.888241262987 256.682183205808 197.850026520069 707.420450988864
1751000 253.196946346981 256.914776823752 197.975549024123 708.087272194856
1752000 252.883849362869 256.786691904318 198.148332558616 707.818873825804
1753000 253.323257672565 256.945274715966 198.26282982031 708.531362208841
1754000 253.250399003144 257.04555968196 198.432820094847 708.72877877995
1755000 253.567397935809 257.175386606918 198.35308847413 709.095873016857
1756000 253.440633616213 257.171155142717 198.670180132104 709.281968891033
1757000 253.507529003787 257.496851324202 198.833556633991 709.837936961981
1758000 254.023476947076 257.545273414604 198.93209885273 710.50084921441
1759000 254.00555615005 258.027228343523 199.036776891516 711.069561385089
1760000 254.221031356208 258.199313312139 199.306157657183 711.72650232553
1761000 254.421035561167 258.208932613225 199.256927288054 711.886895462446
1762000 254.431974657389 258.210758807366 199.266807143413 711.909540608168
1763000 254.634321715978 258.386728731322 199.697655713781 712.718706161081
1764000 255.143914613888 258.843930558674 200.007950446223 713.995795618785
1765000 255.499073323576 258.70233989766 199.855167702225 714.056580923461
1766000 255.692583429508 258.776624737863 200.067562930386 714.536771097758
1767000 255.721771199661 258.938027680088 199.994925391169 714.654724270918
1768000 255.586805969027 259.185866678648 200.193106777481 714.965779425155
1769000 256.001680792025 259.113716056407 200.246638199966 715.362035048399
1770000 256.340225455841 259.139232555199 200.096596319508 715.576054330549
1771000 256.729791223527 259.623979017059 200.274246062095 716.62801630268
1772000 256.546565265521 260.057778671104 200.286361326261 716.890705262886
1773000 256.891193348004 259.596552058595 200.815644915916 717.303390322515
1774000 257.034713268336 259.989651192906 200.804386818201 717.828751279443
1775000 257.669539181553 260.120825804368 201.005945580115 718.796310566036
1776000 257.726083293227 260.334333147758 201.098176093139 719.158592534124
1777000 258.092598707774 260.542673685826 201.314303506753 719.949575900352
1778000 258.255699927417 260.489330812291 201.414344490182 720.159375229889
1779000 258.472693377305 260.693495730098 201.538789865522 720.704978972925
1780000 258.431819690503 261.191884418959 201.837277744193 721.460981853654
1781000 258.850437398115 261.239104883346 201.812879393952 721.902421675413
1782000 258.751006092964 261.411847919755 202.126547757128 722.289401769846
1783000 258.63724423373 261.609140770934 201.871064002792 722.117449007456
1784000 258.72796782574 261.868629562149 202.30038540976 722.896982797649
1785000 258.936636854715 262.197115780075 202.328664496993 723.462417131783
1786000 259.045892840228 262.229776957948 202.350194236659 723.625864034835
1787000 259.080519712631 262.332317778663 202.284742771161 723.697580262455
1788000 259.526251863483 262.47826697855 202.582216423794 724.586735265827
1789000 259.707176019989 262.369181728329 202.566105699838 724.642463448156
1790000 260.122846122623 262.596872118959 202.4134909077 725.133209149283
1791000 260.335896551485 262.766473997157 202.560607508394 725.662978057036
1792000 260.712117478058 262.7111767728 202.99901292272 726.422307173578
1793000 260.648945732061 262.82173745267 202.927963982961 726.398647167692
1794000 260.689071313923 263.167796622131 203.176601470764 727.033469406818
1795000 261.18226798116 263.000845676373 203.015984233484 727.199097891017
1796000 261.490128909977 263.111660536546 203.418425221574 728.020214668097
1797000 261.39956398356 263.443615731943 203.737425237427 728.58060495293
1798000 261.499319478142 263.560828097001 203.822611740019 728.882759315162
1799000 261.627357231471 263.66471961826 203.95341342224 729.245490271971
1800000 261.573952652556 263.67763898427 204.137723427768 729.389315064595
1801000 261.871403152302 264.020840094156 203.960484186854 729.852727433311
1802000 262.267375393495 264.207404103195 204.244458255832 730.719237752521
1803000 262.374987455294 264.920170534626 204.703935283015 731.999093272935
1804000 262.705137255799 264.873617475164 204.772770221718 732.351524952682
1805000 262.748712720846 265.28231365171 204.7246807556 732.755707128155
1806000 262.691412020457 265.641851223175 205.015614904108 733.348878147741
1807000 262.916149740216 265.418681106133 204.802240246625 733.137071092974
1808000 263.041140009895 265.79714616107 205.06438506256 733.902671233525
1809000 263.391761917165 266.264607629261 204.684962388835 734.341331935261
1810000 263.358941654275 266.326706834231 204.896336590552 734.581985079058
1811000 263.490326911792 266.711184399834 204.947624288951 735.149135600577
1812000 263.574605300747 267.063628269026 204.529080893279 735.167314463052
1813000 263.621780343036 267.570575851767 205.083677475512 736.276033670315
1814000 263.752027855984 267.514848680349 204.642028649047 735.90890518538
1815000 263.982027697143 267.864467324251 205.141844944507 736.988339965901
1816000 264.112629287415 267.927075603296 204.781808372129 736.821513262841
1817000 264.373162265858 268.163795897921 205.222616555431 737.75957471921
1818000 264.962983800442 268.477431075146 205.447068378286 738.887483253874
1819000 265.332025876097 268.178735227131 205.284181724948 738.794942828176
1820000 265.135888336403 268.605512802878 205.556789904377 739.298191043658
1821000 264.998225293455 268.586981030583 205.907984845186 739.493191169224
1822000 265.159355900553 268.683604942282 205.908828350412 739.751789193247
1823000 265.304277004411 268.720999791617 206.041014024489 740.066290820517
1824000 265.392217404766 268.949481382956 206.319894987886 740.661593775609
1825000 265.537288821098 269.161270586376 206.461660447395 741.160219854869
1826000 265.67899218305 269.393181952682 206.704705073038 741.77687920877
1827000 265.665794382127 269.181965066259 206.801464467531 741.649223915917
1828000 265.645060850583 269.458319172433 206.882191722234 741.98557174525
1829000 265.733580217602 269.564517861234 207.202317890988 742.500415969825
1830000 265.856009819958 269.870627104338 207.093944701585 742.820581625881
1831000 265.785016648648 270.240311340632 207.536264335755 743.561592325035
1832000 266.248731187206 270.46708363725 207.513296015584 744.22911084004
1833000 266.459534629244 270.492323904828 207.723425375745 744.675283909816
1834000 266.458532966739 270.773164025761 207.821357377539 745.053054370039
1835000 266.086829289882 271.130811166203 207.654533841198 744.872174297283
1836000 266.157116981188 271.012527092376 207.827795999801 744.997440073365
1837000 266.730818020555 271.002306409429 207.800322930133 745.533447360117
1838000 266.825582814342 271.641037888674 208.113757066159 746.580377769174
1839000 266.726814836221 271.651625374423 208.002686733682 746.381126944326
1840000 266.796008944127 271.780950669846 208.254301528182 746.831261142155
1841000 266.704288056702 272.322316707336 208.387950554686 747.414555318725
1842000 266.610142516577 272.648770532082 208.42870012094 747.687613169599
1843000 266.563033193957 272.925962159424 208.38579539241 747.874790745791
1844000 266.887614177843 273.262068123607 208.166058270648 748.315740572098
1845000 266.668449496284 273.097970673144 208.504598282612 748.271018452039
1846000 266.878487805504 273.299774063903 208.318000253774 748.496262123181
1847000 267.186991853068 273.292229241216 208.547150935294 749.026372029579
1848000 267.399748749781 273.371615299653 208.451786318068 749.223150367502
1849000 267.211418705853 273.632823032094 208.65511497006 749.499356708008
1850000 267.159100025132 274.015867349023 208.61544559517 749.790412969325
1851000 267.310705893118 273.924285376966 208.883716242275 750.118707512359
1852000 267.394471695654 274.063851259724 209.024440469882 750.482763425259
1853000 267.558332587556 274.306460560371 209.196200718607 751.060993866534
1854000 267.511451284029 274.301952212481 209.331622278968 751.145025775478
1855000 267.886709784409 274.460896483521 209.377755619157 751.725361887087
1856000 267.774934712441 274.478196837964 209.5643218601 751.817453410505
1857000 267.960901458629 274.544644132277 210.015644801064 752.521190391969
1858000 267.688760072672 274.727011964721 209.72721898142 752.142991018814
1859000 267.956719681761 274.22902207785 209.955989279037 752.141731038647
1860000 268.467522555908 274.55798127508 210.285859374659 753.311363205647
1861000 268.584665509399 274.783364359205 210.804900288508 754.172930157113
1862000 269.06972036995 275.089117602343 210.9473085894 755.106146561693
1863000 268.846195704997 275.213269138085 211.329469416416 755.388934259499
1864000 268.82565876162 275.678485540051 211.287477028372 755.791621330043
1865000 269.0441320932 275.542733815752 211.045547951588 755.63241386054
1866000 268.88520322468 275.656627026418 211.255263800196 755.797094051294
1867000 269.043051977808 275.591241893919 211.093742288435 755.728036160162
1868000 269.412590229457 275.606584490406 211.3320564987 756.351231218563
1869000 269.62830325142 275.573511963236 211.3370306694 756.538845884057
1870000 269.989885480655 275.932345927691 211.377603041397 757.299834449744
1871000 270.141519459214 275.839791003365 211.407203659098 757.388514121676
1872000 270.059901917953 276.140704257534 212.013991673267 758.214597848754
1873000 270.295875008759 276.066752685248 211.8381134973 758.200741191307
1874000 270.455555172909 276.168186183708 211.851336837484 758.475078194101
1875000 270.32011503293 276.15217933229 211.900510213698 758.372804578919
1876000 270.601940844713 276.403732253238 212.154718638032 759.160391735983
1877000 270.496059760051 276.640371457201 212.272824007584 759.409255224836
1878000 271.236932804686 276.734762882911 212.27679687622 760.248492563816
1879000 271.302247333998 276.857188227769 212.3924397756 760.551875337366
1880000 271.479846323015 277.10339345186 212.33891112081 760.922150895685
1881000 271.541401292895 277.439142336417 212.456999631337 761.437543260648
1882000 271.710255618831 277.711395583722 212.488258443319 761.909909645872
1883000 271.478736788448 278.423879894281 213.006080613862 762.908697296592
1884000 271.876096375617 278.144498532535 212.891166361413 762.911761269565
1885000 271.933196446987 278.029262985684 212.991551115568 762.954010548239
1886000 271.966997667814 278.389934540158 213.130286182146 763.487218390119
1887000 271.745798801426 278.480298493581 213.253501241645 763.479598536653
1888000 271.869963465427 278.660678515927 213.017106638285 763.547748619639
1889000 271.796859733242 278.772305460681 212.964789380768 763.533954574692
1890000 271.998309242262 278.746215417773 213.133107225901 763.877631885935
1891000 272.347571944728 279.09370424596 212.950423028078 764.391699218766
1892000 272.678573943746 278.976881167557 213.063518548744 764.718973660047
1893000 272.851758916604 279.068798196916 213.454639895666 765.375197009185
1894000 273.085295048065 279.449776884499 213.650847562676 766.18591949524
1895000 273.131396865835 279.586144845171 213.935641328447 766.653183039453
1896000 273.69863886207 279.643698685962 213.973482239749 767.315819787782
1897000 273.884507699983 279.945701129731 213.804780998259 767.634989827974
1898000 274.244291935346 279.904586170158 213.932463153751 768.081341259254
1899000 274.374348427771 279.930715137831 213.626439876739 767.931503442341
1900000 274.330003441081 280.020277727212 213.909128346236 768.25940951453
1901000 274.467099069845 280.275985738891 214.252470989897 768.995555798632
1902000 274.599438673194 280.604339563444 214.50072525759 769.704503494228
1903000 274.743358945142 280.576907177313 214.487486061746 769.807752184201
1904000 274.921255025468 281.159344888912 214.743627703898 770.824227618278
1905000 275.23804049798 281.247094812397 215.061094305152 771.546229615529
1906000 275.430394507256 281.420544984271 215.065659603516 771.916599095043
1907000 275.355025806493 281.439257314701 215.022915103998 771.817198225191
1908000 275.658761005908 281.981919722507 215.262852771773 772.903533500188
1909000 275.652893978378 282.155760805778 215.401886245274 773.210541029431
1910000 275.641081241269 281.954206584947 215.334143261062 772.929431087278
1911000 275.868062829274 281.99696609867 215.591932223265 773.456961151209
1912000 276.089807582431 282.301380561684 215.776280857536 774.167469001651
1913000 276.366042217597 282.144873729244 216.077927867706 774.588843814547
1914000 276.458073491662 282.333601878633 216.183387243931 774.975062614226
1915000 276.602102353142 282.557209846591 216.122282445409 775.281594645142
1916000 277.074396902458 282.755795605851 216.158256428495 775.988448936804
1917000 277.475149195344 283.036570176789 216.137287145675 776.649006517807
1918000 277.21113730578 283.363360868477 216.276653437713 776.85115161197
1919000 277.277462661176 283.154087288615 216.560861510876 776.992411460667
1920000 277.185064532527 282.843801737042 216.630446704504 776.659312974073
1921000 277.301818950606 283.080744448474 216.758442700366 777.141006099446
1922000 277.16007784494 282.995989378144 216.702690375003 776.858757598087
1923000 276.978860763895 282.899230882683 217.028905886973 776.906997533551
1924000 277.030857997078 283.000254312412 217.22927321189 777.260385521381
1925000 277.046626249468 283.200223309942 216.987212910543 777.234062469954
1926000 277.091119944637 283.172901250456 217.408931866619 777.672953061713
1927000 277.431601241343 283.172537505857 217.185037742977 777.789176490177
1928000 277.957741449814 283.42800665676 217.514653583372 778.900401689946
1929000 277.883546534425 283.549162286389 217.621955453696 779.054664274511
1930000 278.155043908349 283.786799946306 217.750937752484 779.692781607139
1931000 277.845952248879 283.824454494624 217.920942759347 779.59134950285
1932000 278.232140348947 283.940149652976 217.653917040679 779.826207042602
1933000 278.434877966761 284.053452310397 218.239504664717 780.727834941876
1934000 278.852691745853 283.74960939345 218.100138499431 780.702439638734
1935000 278.868301975966 283.840994524206 218.587702532847 781.296999033019
1936000 278.908409709304 284.038638924379 218.738506863642 781.685555497325
1937000 278.940068090851 284.556591498332 218.59700666789 782.093666257072
1938000 278.929746201453 284.513962330313 218.663600712173 782.107309243939
1939000 279.022519886353 284.701465403311 218.405796410251 782.129781699914
1940000 279.423367830531 284.898112899992 218.731660694573 783.053141425096
1941000 279.689635681931 284.940333213862 218.69177177 783.321740665793
1942000 279.600254784942 285.143869806191 219.223129364707 783.967253955841
1943000 279.431069358611 285.262564689147 219.345492446812 784.03912649457
1944000 279.601378496115 285.253458314535 219.227224508778 784.082061319428
1945000 279.677538114367 285.229688170999 219.568820194408 784.476046479774
1946000 279.876156935649 285.42905684467 219.596453582261 784.90166736258
1947000 280.078661170309 285.74706439101 219.632827922192 785.458553483511
1948000 280.139110435101 286.215466253222 219.419899216646 785.774475904969
1949000 280.611886846044 286.252607145907 219.657852179237 786.522346171189
1950000 280.59548455765 286.53658824519 219.968252005012 787.100324807851
1951000 280.447837047627 286.501511745863 220.19477356346 787.14412235695
1952000 280.705995862453 286.637303752821 220.296715066864 787.640014682138
1953000 280.789275534595 286.523064400314 220.367424453034 787.679764387943
1954000 280.936275782678 286.607953388755 220.364326753871 787.908555925304
1955000 280.860494949645 286.991128115447 220.549070352784 788.400693417876
1956000 280.769967840424 287.028258692728 220.695691060605 788.493917593757
1957000 281.341608872929 287.141452637911 221.048727192733 789.531788703573
1958000 281.600035239021 287.32805349116 220.812289916945 789.740378647126
1959000 281.768315707403 287.67210940877 221.126688463615 790.567113579788
1960000 282.046202710842 287.375419153466 220.86129402142 790.282915885728
1961000 282.125051211816 287.243015060483 221.335140556898 790.703206829197
1962000 282.239678007119 287.571948123402 221.265710782551 791.077336913071
1963000 282.219815477416 287.678137161994 221.471385316575 791.369337955984
1964000 282.673210808924 288.156795488266 221.673620019828 792.503626317018
1965000 282.564010000321 287.786213403731 221.354673728932 791.704897132984
1966000 282.787557744851 287.936687950014 221.480032226578 792.204277921443
1967000 282.765114673689 287.987102686205 221.454712045245 792.206929405139
1968000 283.297874448873 288.028330519596 222.031838663306 793.358043631775
1969000 283.180225361652 288.279691613319 221.480979299124 792.940896274095
1970000 283.244006827144 288.429600619099 221.480108428809 793.153715875051
1971000 283.331841848401 289.110440550173 221.561367818606 794.00365021718
1972000 283.273865109797 288.908100514045 221.51243324234 793.694398866183
1973000 283.408393651156 289.039980481163 221.602954475671 794.051328607989
1974000 283.556290240216 289.1873761299 221.526960782563 794.270627152679
1975000 283.310659351698 289.631980509948 221.820201818231 794.762841679878
1976000 283.924028028094 289.470272903781 221.786523570871 795.180824502746
1977000 283.909586671349 289.735851846428 221.646443113603 795.29188163138
1978000 283.847539818355 290.037700463694 221.995613542384 795.880853824433
1979000 284.199437618625 289.999758057024 222.009178622696 796.208374298346
1980000 284.503131803677 290.293958099403 221.964212926823 796.761302829902
1981000 284.709942163558 290.32536346173 222.117469828997 797.152775454286
1982000 284.610027946035 290.656108248324 222.70450592524 797.970642119599
1983000 284.641136877503 290.737823915691 222.602961522368 797.981922315562
1984000 284.625761130007 290.875112774824 222.448814211381 797.949688116212
1985000 285.069654712049 291.325722836368 222.77218302172 799.167560570136
1986000 285.137087454727 291.637729110341 222.753855540043 799.528672105111
1987000 285.413992887441 291.623634982665 222.589202991615 799.626830861721
1988000 285.330430646587 291.791383638619 223.006181829986 800.127996115192
1989000 285.47047898547 292.22432614671 223.408217298428 801.103022430608
1990000 285.315836504514 292.043088417682 223.117623022033 800.47654794423
1991000 285.653512865679 292.294545368657 223.252328319725 801.20038655406
1992000 285.826424613198 292.308388578159 223.449854724806 801.584667916162
1993000 286.178703360649 292.549922112981 223.389206058532 802.117831532163
1994000 286.407405209123 292.497057712826 223.616997102574 802.521460024523
1995000 286.39914193002 292.523586713759 223.437190574471 802.359919218249
1996000 286.825494639214 292.36105596532 223.589192579752 802.775743184286
1997000 286.767087195509 292.377809519085 223.675528822963 802.820425537558
1998000 286.913723803998 292.429243048702 223.643408300631 802.986375153331
1999000 286.934657419744 292.585458394488 223.838006633593 803.358122447826
2000000 287.175207044184 293.079999482119 224.09443048816 804.349637014462
2001000 287.205774334309 292.676890718944 224.2823279254 804.164992978652
2002000 287.351849608021 293.049304530525 224.079529670124 804.480683808671
2003000 287.573228979221 292.891471166806 224.783558475774 805.248258621801
2004000 287.708119778679 293.353273762715 224.885450737489 805.946844278884
2005000 287.461849297421 293.342356566739 224.832644368173 805.636850232333
2006000 288.030825139173 293.618900980167 225.127637680869 806.777363800209
2007000 288.227142914798 293.849790700371 225.208053549084 807.284987164253
2008000 288.080961638527 293.848309124273 225.044768950798 806.974039713598
2009000 288.019939463876 293.470048513266 224.746402237446 806.236390214588
2010000 288.213167483898 294.322023814579 225.084566548707 807.619757847184
2011000 288.347532239727 294.285224569337 225.353880750179 807.986637559243
2012000 288.72045242273 294.942035529686 225.001848987972 808.664336940387
2013000 288.976690821209 294.971212499379 225.261614236086 809.209517556673
2014000 288.772005974206 295.240133225259 225.516633769264 809.52877296873
2015000 288.927250844307 295.636986368027 225.875601126829 810.439838339163
2016000 288.982230515079 295.78471621782 225.987586699505 810.754533432403
2017000 288.968240151159 296.292315696849 226.231922874142 811.49247872215
2018000 289.222155480024 295.985778550925 226.305188812035 811.513122842984
2019000 289.309186999796 296.697836315919 226.204145842626 812.211169158341
2020000 289.321731493576 296.918516070707 226.291476077325 812.531723641609
2021000 289.546144673341 296.8063564157 226.907407367103 813.259908456143
2022000 290.095773459871 297.058545872963 227.08068188805 814.235001220884
2023000 290.147179919116 297.032351036613 226.972277303308 814.151808259037
2024000 290.502906512216 297.683389408249 227.135499786939 815.321795707404
2025000 290.331504023618 297.748667183438 227.380707463333 815.460878670388
2026000 290.342892171684 297.852863922663 227.353573553959 815.549329648306
2027000 290.463573927299 298.048155439643 227.454192877336 815.965922244278
2028000 290.510946237456 298.195294975165 227.621614424159 816.32785563678
2029000 290.550485888632 298.221386353693 227.604736664645 816.376608906969
2030000 290.622603332368 298.231166406482 227.765809241766 816.619578980616
2031000 290.801696432281 298.558701925589 227.990438434806 817.350836792677
2032000 291.051876439851 298.877730186933 227.682635199521 817.612241826306
2033000 291.064453354782 299.328865969358 227.866453323548 818.259772647689
2034000 291.462380334734 299.11858567716 227.880637609794 818.461603621688
2035000 291.610421067416 299.351090096993 228.136694030272 819.098205194681
2036000 291.675584445682 299.438261806605 228.337409935557 819.451256187844
2037000 291.76656093298 299.74465624816 228.321260788309 819.832477969448
2038000 292.004189124255 299.45917331902 228.288300043795 819.75166248707
2039000 292.213475130271 300.125615928969 228.446209416065 820.785300475305
2040000 292.453548155185 300.542178988525 228.968174095757 821.963901239467
2041000 292.639594210304 300.567944895871 228.965317328781 822.172856434956
2042000 292.730220793062 300.801450384834 229.191133003993 822.722804181889
2043000 292.821199354071 300.831433100831 229.257793274515 822.910425729416
2044000 292.938380299043 300.872865794779 229.36226262235 823.173508716172
2045000 292.85140807864 301.249518153987 229.472638909817 823.573565142444
2046000 292.698152751978 301.238557107522 229.550615300574 823.487325160074
2047000 292.918313845145 301.134893599749 229.852493737365 823.905701182259
2048000 293.101755463667 301.498440100696 229.862442200604 824.462637764967
2049000 293.528168288388 301.514192397038 230.316887498978 825.359248184404
2050000 293.534294014361 301.399921948548 230.970633849313 825.904849812222
2051000 293.542771169017 301.607081944176 230.677478172005 825.827331285198
2052000 293.39073254053 301.774469573035 230.724993749701 825.890195863267
2053000 293.498809729326 301.779831681895 231.062155352496 826.340796763717
2054000 293.474566852296 302.221247800808 231.081420213324 826.777234866429
2055000 293.411864431224 302.004333837499 231.322296038876 826.738494307599
2056000 293.674365580442 302.232366960673 231.74066806566 827.647400606775
2057000 294.594336830477 302.434887286703 231.657865813353 828.687089930532
2058000 294.650472962227 302.648478232388 231.856105589208 829.155056783823
2059000 294.630276728009 302.627188458961 231.45277960724 828.710244794211
2060000 294.760936652548 302.469370943332 231.902019246788 829.132326842668
2061000 294.959092969013 302.690811051629 231.660473650575 829.310377671218
2062000 295.279843406049 302.596027656323 231.901479542885 829.777350605257
2063000 295.535867040561 303.083998664837 232.153779665235 830.773645370633
2064000 295.489808467165 302.932341858067 232.449196501027 830.871346826259
2065000 295.579264201221 302.981002015296 232.470440980763 831.030707197279
2066000 295.609882960256 303.09416278805 232.431442523331 831.135488271637
2067000 295.985966196258 303.612992954011 232.656839793168 832.255798943437
2068000 296.387302614198 303.829191328092 232.70235592456 832.918849866851
2069000 296.321572298141 303.857076463782 232.913129753544 833.091778515467
2070000 296.69054621286 304.080682448265 233.072777835127 833.844006496252
2071000 296.83717947515 303.9428981683 233.209276237054 833.989353880504
2072000 296.952856853592 304.007840633784 233.14722155296 834.107919040336
2073000 296.712107930672 304.237701509077 233.270387047554 834.220196487303
2074000 296.93407728306 304.293503794664 233.407976737848 834.635557815572
2075000 297.185589079129 304.446448514421 233.734983127609 835.36702072116
2076000 297.381187865544 304.709346834902 233.638926635588 835.729461336034
2077000 297.752469640596 304.902661628189 233.878018456198 836.533149724983
2078000 297.899122280483 304.817219564348 233.785975744309 836.502317589139
2079000 297.770491204597 304.722137111213 234.352688369843 836.845316685654
2080000 297.983794106293 304.894635560154 234.524865102323 837.40329476877
2081000 298.607897179057 304.842539380632 234.311237512917 837.761674072606
2082000 298.283820063317 304.695119304689 234.297206793158 837.276146161165
2083000 298.310810139832 304.756683250516 234.429532588149 837.497025978497
2084000 298.424031853962 305.006326687491 234.465568847138 837.895927388591
2085000 298.625146607299 305.235557663079 234.58587613591 838.446580406288
2086000 298.523472984511 305.537461759782 235.110569541071 839.171504285364
2087000 298.95410697123 305.392841179637 235.074549819349 839.421497970216
2088000 298.982064187587 305.566810578662 235.520165093091 840.06903985934
2089000 299.341874943405 305.604319701805 235.538227986639 840.484422631849
2090000 299.273952985072 305.722600134164 235.433642800017 840.430195919253
2091000 299.538334524668 305.673961102206 235.921848646054 841.134144272928
2092000 299.411512568144 305.952906005998 236.094429158488 841.458847732629
2093000 299.728056578219 306.103665020221 236.257704053371 842.089425651811
2094000 299.860487362772 306.33938114286 236.200026896903 842.399895402534
2095000 299.72863407075 306.63392877329 236.410137867565 842.772700711605
2096000 299.777876531947 306.671515901795 236.831299157056 843.280691590798
2097000 300.00431458085 306.83391522508 236.653460398255 843.491690204185
2098000 300.220888432706 306.678990306414 236.661852563427 843.561731302547
2099000 300.469555294169 306.838157699635 236.726110996279 844.033823990082
2100000 300.778412981814 307.017955235494 237.081827197763 844.878195415071
2101000 300.741275229494 307.234720567114 237.428747477449 845.404743274057
2102000 300.55571512991 307.417523036226 237.314150180112 845.287388346248
2103000 300.684195698043 307.500273141121 237.295871459365 845.480340298528
2104000 301.117615307542 307.781273567815 237.026896977311 845.925785852668
2105000 300.996605516186 307.802132896499 237.402177643327 846.200916056012
2106000 301.38051259406 308.01856300628 237.164578264282 846.563653864623
2107000 301.360324029068 308.100449098115 237.733051876832 847.193825004016
2108000 301.430947727307 308.424773589865 237.674527550083 847.530248867255
2109000 301.819022973036 308.271430774498 238.183037202014 848.273490949548
2110000 302.191599112139 308.491200252204 238.113257437844 848.796056802187
2111000 302.24637068264 308.773407239444 238.077612293302 849.097390215386
2112000 302.374273047264 308.812839531236 238.235784398543 849.422896977042
2113000 302.186935465628 308.750706070389 238.714692782531 849.652334318548
2114000 302.637201886333 308.845088979712 238.850163082155 850.3324539482
2115000 302.653345868003 308.64928192124 238.797850402759 850.100478192002
2116000 303.22286969947 308.94891079962 238.710407360543 850.882187859632
2117000 303.077151888673 308.952388301081 238.839816108779 850.869356298534
2118000 303.480042552048 309.393265503536 239.000277306077 851.873585361661
2119000 303.599589562477 309.621671497963 238.923542588406 852.144803648846
2120000 303.898284228267 309.697851861308 239.000134593928 852.596270683503
2121000 303.916074406923 309.915792461247 239.089709974568 852.921576842738
2122000 304.349071275416 310.051524941193 239.29855507502 853.69915129163
2123000 303.925896745577 310.251966749891 239.381645491904 853.559508987372
2124000 304.083279494162 310.316642397692 239.695265698683 854.095187590538
2125000 304.342890839422 310.455484597315 240.080830767806 854.879206204543
2126000 304.629201575894 310.766497830729 239.932199220361 855.327898626984
2127000 304.957302407624 310.878536215245 240.01271873517 855.84855735804
2128000 304.491609349528 310.948182299315 240.461839551588 855.901631200432
2129000 304.646043553493 311.410510887835 240.507099050355 856.563653491683
2130000 304.801622938888 311.265790066687 240.490006157243 856.557419162817
2131000 304.687453094926 311.339967357948 240.899706593869 856.927127046744
2132000 304.69386627675 311.438623347496 240.816526962978 856.949016587224
2133000 304.984495300256 312.039387651935 240.878505670424 857.902388622615
2134000 304.939991072625 312.14485627219 240.904569543421 857.989416888237
2135000 305.313221189724 312.318261237105 241.404210596195 859.035693023024
2136000 305.635992618016 312.613073775507 241.358496732965 859.607563126489
2137000 305.239875352411 312.443763732361 241.640646128293 859.324285213065
2138000 305.822958348721 312.827759224456 241.855757957345 860.506475530522
2139000 305.695203293178 313.035416435538 242.033787048019 860.764406776735
2140000 306.029842011987 313.247115192293 242.259509201421 861.5364664057
2141000 305.872412853282 313.189272054527 242.352391265828 861.414076173638
2142000 305.973528297032 313.258263945509 242.956182228918 862.18797447146
2143000 306.072397562696 313.690226774324 242.464282859097 862.226907196118
2144000 306.719356034709 313.744531742366 242.547655386614 863.011543163689
2145000 306.903608068142 313.700282311461 243.044766175114 863.648656554717
2146000 307.150273985818 314.15856624144 243.042712213771 864.351552441029
2147000 307.260858058932 313.731099371193 243.226029419988 864.217986850114
2148000 307.121353130186 313.866052676468 243.042963072906 864.030368879559
2149000 306.988670665138 313.800012283792 243.405490817943 864.194173766874
2150000 307.235322441786 313.96222572635 243.717503929637 864.915052097773
2151000 307.316413636776 313.930112923924 243.556656921179 864.803183481878
2152000 307.557630425201 313.794071848402 243.746847910376 865.09855018398
2153000 307.379408443823 314.539841210859 243.582817928597 865.502067583279
2154000 307.676494047137 314.565870344275 243.672416477264 865.914780868677
2155000 307.718386700694 314.768037661091 243.505230669773 865.991655031558
2156000 307.950382620765 314.992959329368 243.761369691244 866.704711641377
2157000 308.040381547883 315.286330161888 243.735847911818 867.06255962159
2158000 307.93995153766 315.467327187072 243.811341176906 867.218619901638
2159000 308.35865723282 315.358052342846 243.908990460517 867.625700036183
2160000 308.196247896943 315.397685720056 243.745165502937 867.339099119935
2161000 308.126490814776 315.670537737417 243.836616211503 867.633644763696
2162000 308.173918869662 315.874991717292 243.884013509103 867.932924096057
2163000 308.740702709865 316.045013690222 244.242630965883 869.02834736597
2164000 309.057192426144 316.264234564458 244.242800222219 869.56422721282
2165000 309.276575598499 316.724437527424 244.278797308882 870.279810434806
2166000 309.686589475329 316.601055055672 244.243506067246 870.531150598247
2167000 309.639137851881 316.933489845085 244.350085008333 870.922712705299
2168000 310.093001321682 317.217896876503 244.521399836051 871.832298034237
2169000 310.029189009425 317.424776286174 244.262348484719 871.716313780319
2170000 309.845910712456 317.61291762798 244.571047547444 872.02987588788
2171000 310.41422539968 317.710973908829 244.51104372445 872.636243032959
2172000 310.74520799574 317.64931311377 244.15862687101 872.55314798052
2173000 311.129659730652 318.095483321165 244.368193351446 873.593336403263
2174000 311.441193014955 318.170037351273 244.329224109958 873.940454476185
2175000 311.700493639283 318.266302242411 244.407952438547 874.374748320241
2176000 311.807003683903 318.227868788615 244.697720586862 874.73259305938
2177000 311.844149678106 318.325521186264 244.591333007115 874.761003871485
2178000 311.883172410616 318.313581912092 244.700859429638 874.897613752347
2179000 312.012816066888 318.514981934129 244.462259243508 874.990057244525
2180000 312.161498262597 318.478198973745 244.878410162558 875.518107398901
2181000 312.161461328132 318.769396641118 244.827421982095 875.758279951345
2182000 312.23703785699 318.991498861486 244.909655899431 876.138192617907
2183000 312.431360446627 319.059686392063 245.030556295445 876.521603134135
2184000 312.793682137112 319.427593877688 245.172318894862 877.393594909661
2185000 312.996362215386 319.635005709742 245.608101524076 878.239469449204
2186000 313.517585742524 319.570030806964 245.217891427433 878.30550797692
2187000 313.28049883935 320.021351540957 245.410445574006 878.712295954313
2188000 313.715213848 320.280430948079 245.253597607165 879.249242403244
2189000 313.862457786124 320.693041956884 245.566649695056 880.122149438064
2190000 313.976410858613 320.375396721437 245.721205075332 880.073012655382
2191000 314.212601730508 320.441403145722 245.849497498891 880.503502375121
2192000 314.499334230123 320.511840364681 246.092605211405 881.10377980621
2193000 314.898481346363 320.884062031335 245.782218304293 881.564761681991
2194000 314.977348602476 321.18985548475 245.932207389312 882.099411476538
2195000 315.16863858299 320.959620120247 245.677446625728 881.805705328965
2196000 315.241893738319 321.433684806335 246.020226027884 882.695804572537
2197000 315.230071396564 321.393804069937 245.965963096135 882.589838562637
2198000 315.328385699608 321.250999147829 246.244339286695 882.823724134132
2199000 315.076409812659 321.682697258153 246.311388829243 883.070495900056
2200000 315.165855298172 321.656392244711 246.377410745791 883.199658288675
2201000 315.248043586635 321.600783236085 246.376157011254 883.224983833974
2202000 315.306270343896 322.262402299869 246.860154325387 884.428826969152
2203000 315.795870950494 321.92510903783 246.785379737164 884.506359725488
2204000 315.754364495088 321.911758374621 246.961528486342 884.627651356052
2205000 316.060574926495 322.422539339374 246.603059301745 885.086173567614
2206000 316.027818277817 322.851709822256 247.040303833651 885.919831933724
2207000 316.088697996799 322.649957671279 247.115366744395 885.854022412473
2208000 316.295430206631 322.67289882554 247.018071869107 885.986400901278
2209000 316.284705394646 322.565836244849 247.072987478889 885.923529118383
2210000 316.106325573662 322.842945029188 247.255180161926 886.204450764777
2211000 316.849850483748 323.037970793001 247.294486661634 887.182307938383
2212000 316.663760327571 322.96725380559 247.029433018177 886.660447151338
2213000 316.784857046963 323.08042077489 246.933929825753 886.799207647606
2214000 316.690123952059 323.416104669487 247.438366538337 887.544595159883
2215000 316.935784340574 323.748757813209 247.330079623216 888.014621776999
2216000 317.205337359531 323.55030431552 247.318555626796 888.074197301847
2217000 317.562838079685 324.117784215608 247.418905142701 889.099527437994
2218000 317.979198097359 323.977815523592 247.647837673409 889.60485129436
2219000 317.945924877934 324.062074441145 247.818959562238 889.826958881317
2220000 318.240724244876 324.369378448309 247.575151220231 890.185253913417
2221000 318.18160489021 324.072391174957 247.629292287411 889.883288352578
2222000 318.085729360983 324.184078689012 247.833250772353 890.103058822348
2223000 318.321111061941 324.688008398427 248.077422114025 891.086541574393
2224000 318.283110337146 324.589265672726 248.264604323723 891.136980333595
2225000 318.248018228895 324.470761967646 248.176263421142 890.895043617683
2226000 318.167268610932 324.545529256411 248.361193771536 891.07399163888
2227000 318.554583004987 324.556955488765 248.308138304436 891.419676798188
2228000 318.708662878432 324.986225455374 248.49404765358 892.188935987386
2229000 318.803413846097 325.022796134116 248.623897109895 892.450107090108
2230000 319.258903245419 324.958923656771 248.847664258899 893.065491161089
2231000 319.545414491395 325.258557895777 248.994799077737 893.798771464908
2232000 319.681210692041 325.121618682987 249.100765729503 893.903595104531
2233000 320.005113417067 324.953620852219 248.761062309422 893.719796578708
2234000 320.550354533242 325.331442912169 249.409420299715 895.291217745126
2235000 320.487000736357 325.432065525325 249.280555583971 895.199621845653
2236000 320.450618150625 325.628468831776 249.413107967862 895.492194950263
2237000 320.69859826078 325.695816085642 249.817813247411 896.212227593833
2238000 321.293720450665 326.377503471104 249.847196707686 897.518420629455
2239000 321.573286589161 326.425291999341 250.002746449844 898.001325038346
2240000 321.4566649745 326.42522375406 249.776465557443 897.658354286003
2241000 322.284297348304 326.504529680958 249.90902438123 898.697851410492
2242000 322.322979312768 326.535967579944 250.289748131276 899.148695023987
2243000 322.572699195398 326.499554868846 250.196369295757 899.268623360001
2244000 322.821889479425 326.308122781636 250.825535677464 899.955547938526
2245000 323.23091725125 326.490381151888 250.737988943164 900.459287346302
2246000 323.486621786162 326.568723735585 250.82336141159 900.878706933338
2247000 323.237554402026 326.494297611 251.02432029914 900.756172312166
2248000 323.299613458131 326.419238463308 251.056391706427 900.775243627866
2249000 323.147887728598 326.587115486309 251.127035613054 900.862038827961
2250000 323.694948473931 326.414279008946 251.02843905891 901.137666541786
2251000 324.05135939214 326.291020889345 251.478314707952 901.820694989437
2252000 323.887853138291 326.758997512164 251.746098928455 902.39294957891
2253000 324.179881384865 326.909476158972 251.651693299194 902.741050843031
2254000 324.117327685639 326.558702868672 251.906646819678 902.582677373989
2255000 324.386676491704 326.954649678046 252.177461985863 903.518788155613
2256000 324.328989453876 327.307330053738 252.041834980997 903.678154488611
2257000 324.383992599303 327.279157225045 252.012673609422 903.675823433769
2258000 324.83408505508 327.438798378569 251.851838689657 904.124722123305
2259000 324.425156933791 327.541366851538 252.191954828293 904.158478613621
2260000 324.658501026274 327.68812083694 252.400247995036 904.74686985825
2261000 324.73746481179 327.81367510525 252.572580473011 905.123720390051
2262000 324.878203849329 328.340770213023 252.347891133457 905.566865195809
2263000 324.741107913124 328.217189250789 252.613910377752 905.572207541665
2264000 325.288638604506 328.260056935119 252.578387752443 906.127083292068
2265000 325.728963190041 328.408378832588 252.634242380843 906.771584403471
2266000 325.829185950437 328.828522938984 253.208349490062 907.866058379483
2267000 326.08924721369 329.296962987286 253.175918309128 908.562128510104
2268000 326.731224655299 329.569665873096 253.250418951102 909.551309479496
2269000 326.930726268086 329.752768540668 253.076074717147 909.759569525901
2270000 327.048728830722 329.657248586629 253.281961994698 909.987939412049
2271000 327.148637727431 329.962791125817 253.625869910738 910.737298763986
2272000 326.975052901822 330.039343379097 253.17897006757 910.193366348489
2273000 327.404312283093 330.188967314763 253.513527923248 911.106807521104
2274000 327.156708690223 330.10400883128 253.010348055973 910.271065577476
2275000 327.205706334447 330.18847279296 253.544411081167 910.938590208574
2276000 327.398174798128 330.42925101992 253.480017703502 911.307443521549
2277000 328.18516444034 330.234688017613 253.632298876944 912.052151334898
2278000 328.448361568606 330.610386412254 253.577621407001 912.636369387861
2279000 328.377833980045 330.61413007893 253.542159569149 912.534123628123
2280000 328.982828544382 330.844345265189 253.629223387563 913.456397197134
2281000 328.864204389201 331.066856880793 253.932068537645 913.86312980764
2282000 329.266931567951 330.534220241273 253.998500633173 913.799652442397
2283000 329.266465781755 330.912399510471 254.144761671522 914.323626963748
2284000 329.827043854834 331.165657110265 253.97652035306 914.969221318159
2285000 329.345319973546 331.480549207759 253.85016329097 914.676032472275
2286000 330.00435121387 331.518980635455 254.343534590094 915.866866439419
2287000 329.60928361438 331.873665934498 254.299793212655 915.782742761533
2288000 329.914944428484 331.843051120832 254.459233285935 916.217228835251
2289000 330.241060953305 331.955331093867 254.678729505584 916.875121552757
2290000 330.61144113513 332.075878379535 254.716782230669 917.404101745333
2291000 330.429399271863 332.145280317329 254.837861676201 917.412541265392
2292000 330.86362702006 332.394455549889 254.895299331696 918.153381901644
2293000 331.043519687355 332.538512444122 254.94510812784 918.527140259318
2294000 330.929601054665 332.505530421161 255.417944756974 918.853076232801
2295000 331.149043629482 332.688424496057 255.218917770769 919.056385896308
2296000 331.051558318799 332.699038310878 255.631073549119 919.381670178796
2297000 330.935979060229 332.914805500507 255.709598930731 919.560383491468
2298000 330.863210135568 333.147096862971 255.611245579324 919.621552577863
2299000 331.158835024419 332.905882463994 255.654186621273 919.718904109685
2300000 331.067807426229 333.044037967263 255.821091557062 919.932936950554
2301000 331.284467795655 333.499188593273 256.10140139774 920.885057786669
2302000 331.636311149457 333.523594090584 256.130865926913 921.290771166954
2303000 331.718361274576 333.29780147573 256.053418469916 921.069581220223
2304000 331.697216444814 333.63884153334 256.029730470239 921.365788448394
2305000 332.038548643697 333.660685361894 256.459561149851 922.158795155442
2306000 332.113148845079 333.683510926203 256.646773210511 922.443432981793
2307000 332.592434575553 334.042691834807 256.405151673242 923.040278083603
2308000 332.72302459806 334.324878794741 256.487337688709 923.535241081509
2309000 332.835830076141 334.215006536899 256.534800507533 923.585637120573
2310000 332.517409638179 334.630396373555 256.669973478158 923.817779489893
2311000 332.705894216577 334.118945298857 256.907173835748 923.732013351182
2312000 332.77693013696 334.350950616309 257.234772773207 924.362653526476
2313000 332.468191017649 334.380167879459 257.411102526514 924.259461423621
2314000 332.577686125037 334.371596105626 257.222599622481 924.171881853144
2315000 333.198605206339 334.879686842689 257.550420474429 925.628712523457
2316000 333.014960665205 334.872958846969 257.37336706613 925.261286578304
2317000 333.251241357574 334.721782716009 257.402856849176 925.375880922759
2318000 333.226658684642 335.131640852883 257.470563455296 925.828862992821
2319000 333.505928706577 334.966164107445 257.705128466705 926.177221280727
2320000 333.686774546984 335.239813701742 257.600311591746 926.526899840472
2321000 333.532512480654 335.565575647059 257.736727289179 926.834815416892
2322000 333.972808025258 335.513939407426 257.86353460216 927.350282034843
2323000 334.253303416431 335.509518090466 258.000831377777 927.763652884674
2324000 333.889913887754 335.732008641433 257.990781310387 927.612703839574
2325000 334.372491961474 335.661387363258 257.926547684055 927.960427008788
2326000 334.05115602707 335.820070486231 258.24103275276 928.112259266061
2327000 334.210025902369 336.366919519952 258.481110231821 929.058055654141
2328000 334.601584535594 336.361576093361 258.235889749643 929.199050378598
2329000 334.611923466711 336.790966816285 258.793492377332 930.196382660328
2330000 335.113263786171 337.000222927467 258.619345822312 930.732832535951
2331000 334.907460418681 336.829095315091 258.780976035129 930.517531768901
2332000 335.300064241744 337.012025944872 258.782555704609 931.094645891225
2333000 335.53862083415 337.499235928894 259.38451598061 932.422372743654
2334000 335.701223780232 337.42804728828 259.201602592442 932.330873660954
2335000 335.900734770576 337.25629013592 259.050938008104 932.2079629146
2336000 335.713401464977 336.897774687761 259.415932891436 932.027109044174
2337000 335.384428150347 337.187777819243 259.45447847772 932.02668444731
2338000 335.602132470067 337.296200529315 259.421324480966 932.319657480348
2339000 335.928531030579 337.617877879968 259.568103594214 933.114512504761
2340000 336.066259108845 337.735616545268 259.840468639161 933.642344293274
2341000 336.297341839013 338.124846431888 260.494654973529 934.916843244431
2342000 336.618813672026 338.078451284481 260.011832603737 934.709097560244
2343000 336.828817092432 338.442656342203 260.172579188429 935.444052623063
2344000 336.999341997243 338.353027097399 260.258461117018 935.610830211659
2345000 337.188939642775 338.440026200617 260.342554101426 935.971519944818
2346000 337.245089330166 338.803462047813 260.530957317292 936.579508695271
2347000 337.370659305478 338.669322847797 260.753799504687 936.793781657961
2348000 337.618176905928 338.515927454939 261.118401215808 937.252505576674
2349000 338.11997771509 338.711169042953 260.588165223738 937.419311981781
2350000 338.146189450147 338.967771332627 260.971371143729 938.085331926503
2351000 338.460796353427 339.477384936029 261.102027825415 939.040209114871
2352000 338.380259899162 339.393832065653 260.92458284014 938.698674804955
2353000 338.218359654023 339.810638567969 261.193156465643 939.222154687635
2354000 338.623463239529 340.220648880982 261.434778002288 940.2788901228
2355000 338.756084442333 340.445054310346 261.692655493288 940.893794245966
2356000 338.966953757141 340.061350782031 261.713688849839 940.741993389011
2357000 339.476838484647 340.385153791435 261.358147921142 941.220140197224
2358000 339.749031500215 340.458325182418 261.825081638603 942.032438321236
2359000 340.208058344532 340.890270389122 262.081872412851 943.180201146506
2360000 340.149071706443 340.827528121586 262.096715807309 943.073315635337
2361000 340.237530279081 341.103807069236 262.396719296264 943.738056644581
2362000 340.680029092067 340.867110301835 262.8509173586 944.398056752502
2363000 340.926611571283 341.149425719762 263.081080109228 945.157117400273
2364000 341.240475919475 341.334924136693 262.968021136665 945.543421192832
2365000 341.234562256934 341.487660619904 263.405674844886 946.127897721724
2366000 341.149543414879 341.418012581952 263.538134024373 946.105690021204
2367000 341.331816296548 341.81162206593 263.620060360777 946.763498723255
2368000 341.838425156488 342.124390053499 263.675521923216 947.638337133203
2369000 341.610435902639 342.166465122225 263.610046100889 947.386947125753
2370000 342.108853072608 342.251042072523 263.88123715956 948.241132304691
2371000 341.928483597014 342.494512349709 264.02532519322 948.448321139943
2372000 342.244263440168 342.304924680781 264.4173039588 948.966492079749
2373000 342.677158658263 342.313816669601 264.340282557534 949.331257885398
2374000 342.52362607524 342.587220122182 264.145336263734 949.256182461155
2375000 342.410938699772 342.559199842881 264.428647869302 949.398786411955
2376000 342.80027892473 342.887066568427 264.63599258504 950.323338078196
2377000 342.986593052 342.978928972056 264.931996067804 950.89751809186
2378000 343.252734109739 343.058024377038 265.160070837135 951.470829323913
2379000 342.728090773006 343.271996385922 265.130165472263 951.130252631192
2380000 343.557720025667 343.412006312924 265.299613701569 952.26934004016
2381000 343.445217029901 343.672406256244 265.183502489344 952.301125775489
2382000 343.457886925768 343.946146770932 265.683342917062 953.087376613763
2383000 343.565341157223 344.358953842214 265.71008715314 953.634382152577
2384000 343.843547603771 344.557916245645 266.015052139079 954.416515988495
2385000 344.10756058346 344.463429853415 265.834664721829 954.405655158704
2386000 344.374538054753 344.704150351069 266.113338578647 955.192026984469
2387000 345.041245472258 344.58024818879 266.220508511271 955.84200217232
2388000 344.584601036469 344.63219984809 265.952638042039 955.169438926598
2389000 344.705301056578 344.842058481316 266.208426367273 955.755785905167
2390000 345.016624004871 344.734656616381 266.280366790923 956.031647412176
2391000 344.584905326781 344.845510363621 266.086854246016 955.517269936419
2392000 345.094041565609 344.990085930576 266.215897292941 956.300024789127
2393000 345.24516777645 345.123272461959 266.158788945307 956.527229183716
2394000 345.324027849025 345.129360158721 266.374413518993 956.827801526738
2395000 345.619309454798 345.118181763119 266.514196496903 957.251687714821
2396000 345.89916643734 345.252610285088 266.451336901475 957.603113623904
2397000 345.890838165337 345.125448378751 266.956378930912 957.972665475001
2398000 346.348021361812 345.340393041318 266.761997695015 958.450412098146
2399000 346.533395939531 345.107118711752 266.978619790391 958.619134441673
2400000 346.743353859328 345.526245609149 267.0783529063 959.347952374776
2401000 346.695826741376 345.979151618615 267.295927259779 959.97090561977
2402000 346.922868188846 345.912706781122 267.266519739437 960.102094709405
2403000 346.912563703665 345.81850921419 267.23576661433 959.966839532184
2404000 346.705530978805 345.95749061507 267.126543178552 959.789564772427
2405000 347.675133436687 346.069865086604 267.401015689558 961.146014212849
2406000 347.438479753436 345.951319383497 267.698099384777 961.087898521711
2407000 347.552413602768 346.133324666198 267.59880527674 961.284543545706
2408000 347.641401832402 346.189517242246 268.524049753828 962.354968828476
2409000 347.776581278703 346.242913147473 268.340027229234 962.359521655409
2410000 348.000955475359 346.196751455875 268.455309158279 962.653016089513
2411000 347.804838929552 346.049303418573 268.232774839623 962.086917187748
2412000 348.166596991735 346.010558129028 268.53720628892 962.714361409684
2413000 348.481429382822 346.256459040451 268.750745444981 963.488633868253
2414000 348.623273767 346.536832511882 268.249139694523 963.409245973405
2415000 348.608388850947 346.458655884069 268.603142176634 963.67018691165
2416000 348.574656849463 346.829745849928 268.640920140379 964.045322839771
2417000 349.08270710353 346.803975974969 268.71192963646 964.598612714958
2418000 348.897658030149 347.036786487055 268.672590682353 964.607035199558
2419000 349.235818969007 347.120378446165 268.785364180999 965.141561596171
2420000 349.113450094333 347.594138126117 268.965772788799 965.67336100925
2421000 349.119844184345 347.778117421284 268.647408926557 965.545370532187
2422000 349.087023477514 348.074125754945 268.817592495733 965.978741728192
2423000 348.909653007469 348.159842640765 269.17441525478 966.243910903014
2424000 349.471752600798 348.014416141478 269.076100185611 966.562268927887
2425000 349.381728029652 348.127907102714 269.001336478857 966.510971611222
2426000 349.245427835049 348.036665346786 269.284483371263 966.566576553098
2427000 349.618190040343 348.026762617552 269.145568573049 966.790521230944
2428000 349.70290040555 348.001516888177 268.948904550449 966.653321844176
2429000 349.882874867653 348.140208696264 269.601274269647 967.624357833564
2430000 349.997591473384 348.11314118795 270.084663138283 968.195395799617
2431000 350.250382307352 348.326954284262 269.484857194246 968.062193785859
2432000 349.739290836301 348.54075671585 269.919950553636 968.199998105788
2433000 350.122613903579 348.753492753953 269.814779248444 968.690885905976
2434000 350.328113735246 349.056465409265 269.955525025546 969.340104170058
2435000 350.2981615772 349.016925318936 269.606536492402 968.921623388538
2436000 350.153428147955 348.86396757715 270.232109218201 969.249504943307
2437000 350.122462964705 349.002587260017 270.141118940704 969.266169165426
2438000 350.503579998857 348.775180971026 270.453144784194 969.731905754077
2439000 350.774350081395 349.199074415205 270.53617144181 970.50959593841
2440000 350.824495447297 349.807070262051 270.953323855824 971.584889565172
2441000 350.939333002815 349.945194135859 271.027192890763 971.911720029437
2442000 351.318743770484 350.036093252027 270.81454271404 972.169379736551
2443000 351.147092943874 350.244652512736 271.195417179581 972.587162636191
2444000 351.352859395727 350.677532571548 271.293105090891 973.323497058167
2445000 351.52399283055 350.622695346955 271.424176571781 973.570864749286
2446000 351.388046609364 350.843604793032 271.630741876116 973.862393278512
2447000 351.135100144086 350.81693447548 271.656070261249 973.608104880815
2448000 350.87279200587 351.141221518861 271.891078377228 973.905091901959
2449000 350.913829373383 351.102557588718 271.792881284404 973.809268246505
2450000 351.431130015767 351.276458939429 272.633146311902 975.340735267098
2451000 351.453978633739 351.500979371355 272.917264919689 975.872222924783
2452000 351.239598771048 351.758840695321 273.18667151872 976.185110985089
2453000 352.169339925686 351.7621775644 272.930644235542 976.862161725628
2454000 352.429236655928 352.053307565002 273.382550006226 977.865094227156
2455000 352.458878241559 351.946311089999 273.448418868441 977.8536082
2456000 352.384882738114 351.990771146226 273.479285603356 977.854939487697
2457000 352.372906539517 351.987243911008 273.872002016833 978.232152467357
2458000 352.909142925207 352.387349631241 274.039851792857 979.336344349305
2459000 352.877321168748 352.637330816865 274.295731890523 979.810383876136
2460000 353.146087986994 352.914153872372 273.755208054214 979.815449913579
2461000 353.628318549927 353.160962541283 274.118068384339 980.907349475548
2462000 353.794208436032 353.378170355626 274.442653718949 981.615032510607
2463000 353.607047486353 353.511694966813 274.377318967939 981.496061421105
2464000 353.677568743954 353.279302098685 274.601698238398 981.558569081037
2465000 353.697747557511 353.561190222698 274.945579351587 982.204517131797
2466000 354.006033415283 353.86706616957 274.930047610493 982.803147195346
2467000 354.051627910453 354.153107809636 275.048171733465 983.252907453554
2468000 354.05985021968 354.163847775603 275.209301480843 983.432999476126
2469000 354.057903690162 354.39463879854 275.425834598564 983.878377087267
2470000 354.466639729719 354.272086834882 275.178317645494 983.917044210095
2471000 354.925777751496 354.707837175672 275.407685546178 985.041300473346
2472000 355.259357660233 355.373171862661 275.62740654076 986.259936063654
2473000 354.928532935585 355.769589294213 275.310010036948 986.008132266746
2474000 354.720176657137 355.759427631908 275.37799483755 985.857599126595
2475000 355.040988141144 356.041796324748 275.584768793661 986.667553259553
2476000 355.189816435568 356.444890771288 275.820105733875 987.454812940731
2477000 355.544735326987 356.599468809959 275.513925057212 987.658129194159
2478000 355.687546668292 356.452697482383 276.233373506119 988.373617656795
2479000 355.84085104164 356.784124993135 275.983493472231 988.608469507006
2480000 356.27953044813 357.132696063042 276.689909880466 990.102136391638
2481000 356.43399563903 356.906280589589 276.417008068169 989.757284296788
2482000 356.259238870276 357.662774461243 276.63305893826 990.555072269779
2483000 356.668887245305 357.895195910187 276.603052155919 991.167135311412
2484000 356.808589797991 358.184051034664 276.816866903959 991.809507736615
2485000 356.699125699455 358.695585930119 277.162856895881 992.557568525455
2486000 356.6942817141 358.786067926043 277.047483396886 992.527833037029
2487000 356.986798382658 358.658219181748 277.287322388985 992.932339953392
2488000 356.929870972804 358.447413984965 277.116506625464 992.493791583233
2489000 357.083479342503 358.343529946602 277.421219139518 992.848228428623
2490000 357.240963117536 358.597829480422 277.280400622889 993.119193220848
2491000 357.049714790082 358.850541817738 277.492238589861 993.392495197682
2492000 357.620796430295 358.600963444734 277.578584836748 993.800344711777
2493000 357.804991638082 358.760372221923 277.917009646824 994.48237350683
2494000 358.167300068314 358.940643305549 277.750993660434 994.858937034297
2495000 358.476963413297 358.992157944498 277.948871371957 995.417992729753
2496000 358.800408904439 359.217362547086 278.138047901269 996.155819352793
2497000 358.722865383459 359.199394070481 278.403073695645 996.325333149586
2498000 359.192658766936 359.762789986469 278.21121144451 997.166660197915
2499000 359.049536930616 359.836613447247 278.206253845005 997.092404222867
2500000 359.23010489048 359.662660976742 278.208224203824 997.100990071046
2501000 359.525066420349 359.918497381931 278.541255950986 997.984819753266
2502000 359.576713572887 360.316446864252 278.501525412618 998.394685849757
2503000 359.678128486669 360.642307604888 278.412534139858 998.732970231414
2504000 359.936832098573 360.598423338939 278.497890352055 999.033145789567
2505000 360.143941227301 361.182244418129 278.572390768715 999.898576414144
2506000 360.145904877193 360.894636310512 278.924127070063 999.964668257768
2507000 360.110916625281 361.107638951282 278.50453709405 999.723092670613
2508000 360.590527605085 361.445468525249 278.980480493896 1001.01647662423
2509000 360.585344378048 361.560427451495 279.471808440401 1001.61758026994
2510000 360.946921475537 361.72961322684 279.062245821404 1001.73878052378
