# Fix print output for fix 2
10000 0 0 2.01948391736579e-28 2.01948391736579e-28
11000 0.318827524707702 0.38104009743902 0.285601525042919 0.985469147189641
12000 0.476906810456707 0.558670989800143 0.44878941931615 1.484367219573
13000 0.641861279885788 0.731334078845033 0.60440350346699 1.97759886219781
14000 0.792005409182151 0.883851459923334 0.682866729836676 2.35872359894216
15000 0.913249503109401 1.06047255288952 0.801271438160761 2.77499349415968
16000 1.07532184088513 1.23207863739314 0.993773735382081 3.30117421366035
17000 1.25355867910837 1.39808578326804 1.10658968666609 3.7582341490425
18000 1.38647526763866 1.57230189445134 1.20541646229119 4.16419362438119
19000 1.53021824101067 1.73541322922957 1.41643951839689 4.68207098863714
20000 1.67575945573306 1.9045185152541 1.6093333919202 5.18961136290736
21000 1.86612916174548 2.09012929105954 1.63625020228595 5.59250865509097
22000 2.01328746668342 2.33763210688163 1.79394944242929 6.14486901599434
23000 2.17788736606859 2.49973976057957 2.03710697400823 6.71473410065638
24000 2.34486075140521 2.64353611871811 2.14334533043794 7.13174220056125
25000 2.5175854799543 2.85015361839089 2.21515974770689 7.58289884605208
26000 2.62843751242111 3.03935842803561 2.43235642157506 8.10015236203178
27000 2.77005161881343 3.16384914883738 2.59565183179109 8.5295525994419
28000 2.96083931573799 3.29514791550257 2.64018393694617 8.89617116818673
29000 3.0900710739839 3.52052130845857 2.78152351165317 9.39211589409564
30000 3.20857595054938 3.66516354831178 2.96924520988245 9.84298470874361
31000 3.33496025599653 3.84890262730881 3.07040437581284 10.2542672591182
32000 3.44655024035708 3.98451131622584 3.0584252088723 10.4894867654552
33000 3.59550847823415 4.0958503426822 3.22521686577405 10.9165756866904
34000 3.76739623188218 4.23778749085587 3.46248215002133 11.4676658727594
35000 3.90866228117187 4.46647888836739 3.50235562964177 11.877496799181
36000 3.98616568891204 4.628448903314 3.5904719675384 12.2050865597644
37000 4.13999940908699 4.79813997357747 3.84842645820161 12.7865658408661
38000 4.36109683827253 4.96653079381001 4.02896227809212 13.3565899101747
39000 4.50263915364846 5.12612601081748 4.0394058207177 13.6681709851836
40000 4.60951239751206 5.2604673771849 4.17568889026464 14.0456686649616
41000 4.70595608855925 5.46840678851664 4.44658184539624 14.6209447224721
42000 4.84221611615957 5.60090661898383 4.49794680576946 14.9410695409129
43000 4.98873045474719 5.81387231693046 4.58284834692646 15.3854511186041
44000 5.10522372874151 5.97112800815025 4.79125960031111 15.8676113372029
45000 5.20265571675035 6.15092036331556 4.95609556246497 16.3096716425309
46000 5.38758414364259 6.26219316451041 4.9470718126858 16.5968491208388
47000 5.57109104744328 6.42226448847685 5.0594393439507 17.0527948798708
48000 5.63971276372991 6.51035291050589 5.34495649234665 17.4950221665825
49000 5.7819163182909 6.654215966252 5.43911474541479 17.8752470299577
50000 5.94823904774257 6.89468028866916 5.50488107858021 18.3478004149919
51000 6.01644358526291 7.04066398630616 5.72174929261383 18.7788568641829
52000 6.20542877295199 7.25919857601002 5.93325310377742 19.3978804527394
53000 6.39147372185756 7.33169048657107 5.95548162176517 19.6786458301938
54000 6.55941641611965 7.45703527051087 6.06184619075033 20.0782978773808
55000 6.73378332647416 7.61376569213839 6.32407217383262 20.6716211924452
56000 6.8095093464443 7.71086431528212 6.45677498764682 20.9771486493732
57000 6.96522782293357 7.83459411311365 6.44869911037238 21.2485210464196
58000 7.077181233722 7.96136701130388 6.66220959575651 21.7007578407824
59000 7.28345474190517 8.19313100077778 6.97549113507895 22.4520768777619
60000 7.5008199695244 8.33085868581658 6.97085665751311 22.8025353128541
61000 7.62298163428878 8.45695150066222 7.03813239981288 23.1180655347639
62000 7.73881654003458 8.6493692729166 7.33550348415868 23.7236892971099
63000 7.85716222089213 8.70906965689883 7.39685616073785 23.9630880385288
64000 7.93969724982958 8.92435515512804 7.40604189942596 24.2700943043836
65000 8.02849171468086 9.02049766481423 7.57821931804898 24.6272086975441
66000 8.17500834015715 9.29792776654888 7.84111320937419 25.3140493160802
67000 8.28485692755824 9.339842921099 7.917504238774 25.5422040874312
68000 8.4519916708498 9.45436582440504 7.95452452975459 25.8608820250094
69000 8.5670145549923 9.63306537434667 8.17392786181044 26.3740077911494
70000 8.66390089250558 9.81774166630859 8.33034234888883 26.811984907703
71000 8.7576000391787 9.90148100578137 8.27957097962575 26.9386520245858
72000 8.970640062407 10.1338853920252 8.49494929560157 27.5994747500338
73000 9.1580687167157 10.2432566497507 8.66948359973805 28.0708089662045
74000 9.31609824818127 10.358492463543 8.72112506343305 28.3957157751573
75000 9.43050293352317 10.5457160737805 8.84189863392596 28.8181176412296
76000 9.54989702053347 10.6718921292386 9.0315991577042 29.2533883074762
77000 9.7406896360328 10.8551899995117 9.22420333571625 29.8200829712607
78000 9.84322676634003 11.0503955965572 9.25702025561006 30.1506426185073
79000 9.97316351100854 11.242497636509 9.41636210612898 30.6320232536465
80000 10.0677073286799 11.4495757576012 9.64840949057063 31.1656925768517
81000 10.2699164304795 11.6341917974206 9.81317835156818 31.7172865794683
82000 10.48577529985 11.8636558447098 9.78138624393881 32.1308173884985
83000 10.5215330956719 12.0070975543674 10.0156913146854 32.5443219647247
84000 10.7502516619405 12.1107485974642 10.2676129429543 33.128613202359
85000 10.8277234768514 12.2437519928983 10.2782065779582 33.3496820477079
86000 10.9828771930905 12.4487331618032 10.350990550943 33.7826009058366
87000 11.1459440064208 12.6442142264362 10.556958391269 34.3471166241259
88000 11.2234746603768 12.9364153544553 10.6942976842585 34.8541876990906
89000 11.2989467694856 13.0166435579922 10.7439415850563 35.0595319125341
90000 11.4283683142969 13.1445257079379 10.8978540530413 35.4707480752761
91000 11.5577854083393 13.302645373283 11.0596829925598 35.9201137741821
92000 11.6846672544408 13.5457506218619 11.0436836294567 36.2741015057594
93000 11.8363923237484 13.5968961165491 11.1369857155219 36.5702741558195
94000 11.9983973029206 13.6369564731565 11.2962596574252 36.9316134335023
95000 12.1458116279652 13.7592783870766 11.4552445404243 37.3603345554661
96000 12.3762024291131 13.9918078867944 11.5001993134279 37.8682096293354
97000 12.5165468117949 14.184112141396 11.6806305016625 38.3812894548533
98000 12.6345665833366 14.3198317026482 11.8696172354659 38.8240155214506
99000 12.8423958614132 14.5061323703597 11.9682822205012 39.3168104522741
100000 12.8503206418651 14.5420229470225 12.031249854943 39.4235934438306
101000 13.0227528779707 14.6261137707293 12.297874688107 39.946741336807
102000 13.149927912501 14.8244751831994 12.4802312871387 40.4546343828391
103000 13.2667299683951 14.9456731049609 12.4743111208317 40.6867141941876
104000 13.403984603505 15.0974388375425 12.6307509574925 41.13217439854
105000 13.5245168649444 15.2663009959368 12.9305992870066 41.7214171478878
106000 13.6998969127314 15.4190900480838 12.9280117842162 42.0469987450314
107000 13.7954132329286 15.5627460784027 13.0091448626781 42.3673041740094
108000 13.9770796591587 15.6289531779967 13.1671351051484 42.7731679423038
109000 14.0336287771505 15.8231262713168 13.3456628766439 43.2024179251112
110000 14.1932737514765 15.9736214633322 13.4005659741119 43.5674611889207
111000 14.3632840516659 16.0149648959518 13.4643936527491 43.8426426003668
112000 14.525735183008 16.2861650550596 13.7820899131391 44.5939901512068
113000 14.6148371918356 16.3984292626822 13.8351662737319 44.8484327282497
114000 14.7344094566959 16.5395498643361 13.940632871632 45.214592192664
115000 14.8950602303975 16.684469017582 14.0337945347568 45.6133237827362
116000 15.0509531898783 16.7026695845984 14.273393331839 46.0270161063156
117000 15.2759869047158 16.9102569708149 14.2914799886941 46.4777238642248
118000 15.3819065571266 17.0542424741171 14.4029345277717 46.8390835590154
119000 15.5343014736346 17.2592225544131 14.6002922310275 47.3938162590752
120000 15.6639058566522 17.3544322638871 14.7021677358277 47.7205058563671
121000 15.7764629347063 17.487920581675 14.7404236888906 48.0048072052719
122000 15.8685126848855 17.6765565680187 14.9366603395214 48.4817295924256
123000 15.9573328247227 17.804117528837 15.0750468569306 48.8364972104903
124000 16.0671501276591 17.9614895505423 15.1823027044729 49.2109423826742
125000 16.2016991870972 18.1067200909517 15.2761561952767 49.5845754733256
126000 16.412612556753 18.2780334688583 15.3731351843031 50.0637812099144
127000 16.4402892196696 18.2639261741173 15.4993813699733 50.2035967637602
128000 16.6573310032049 18.5439095860702 15.5630304140732 50.7642710033483
129000 16.7447708935469 18.716682276395 15.6501046789258 51.1115578488677
130000 16.9396767220002 18.817608898404 15.829063311361 51.5863489317652
131000 17.1252924065639 19.1604521104489 15.9716025451259 52.2573470621387
132000 17.2988250260031 19.2179405906192 15.9985916381841 52.5153572548064
133000 17.3878215054793 19.403834968572 16.2639373853087 53.0555938593601
134000 17.5587445250769 19.5995952892158 16.3484307382276 53.5067705525203
135000 17.6177617037874 19.7499014125634 16.3912195671687 53.7588826835195
136000 17.7937152171218 19.7152857199001 16.5154260289929 54.0244269660149
137000 17.9542526063308 19.9852861061333 16.633164889499 54.5727036019631
138000 18.0046151487777 20.0588246300813 16.7553968444457 54.8188366233047
139000 18.1938922509162 20.2513874788193 16.8281906569524 55.2734703866879
140000 18.2873297789999 20.3637019307769 16.9488662345729 55.5998979443497
141000 18.4178402281807 20.6375110911058 17.1614573357143 56.2168086550009
142000 18.4680324114934 20.5947574938896 17.1559048897395 56.2186947951225
143000 18.6184650115344 20.8585152893738 17.2658222503446 56.7428025512528
144000 18.7466229504256 20.943420064715 17.4219412279219 57.1119842430626
145000 19.0270500484942 21.0107764924694 17.5716283101755 57.609454851139
146000 19.1564270270041 21.3376195178662 17.6927700324879 58.1868165773581
147000 19.2754171370066 21.3544207593992 17.7822109406427 58.4120488370485
148000 19.4079767043975 21.5420704742778 17.8932343714724 58.8432815501476
149000 19.4932854167156 21.7137851821077 17.9630634303636 59.1701340291869
150000 19.624815150731 21.9163327954584 18.167432863698 59.7085808098873
151000 19.7259815036906 21.9790394494924 18.306249608668 60.011270561851
152000 19.9192650506288 22.1757382608082 18.4392523391437 60.5342556505807
153000 19.9317699945422 22.2284096036227 18.4947675046047 60.6549471027696
154000 20.1244518007109 22.4232165694682 18.6803722573292 61.2280406275083
155000 20.3251678444189 22.6539966828238 18.8020069635523 61.7811714907951
156000 20.4647853649946 22.728788479171 18.9116599656199 62.1052338097855
157000 20.618208160433 22.8619790979606 19.0147218039283 62.4949090623219
158000 20.7680964542711 23.0966223385401 19.1686133463665 63.0333321391776
159000 20.8661000258383 23.2436057246074 19.38079434811 63.4905000985557
160000 20.9647269942779 23.3204133278467 19.3632908769134 63.648431199038
161000 21.1393552807346 23.4694679757761 19.4785675868472 64.0873908433579
162000 21.3547676519061 23.7857857542617 19.6046160079289 64.7451694140967
163000 21.4287685976213 23.8257793434937 19.6670080946632 64.9215560357782
164000 21.5637103450232 24.0735718622745 19.7874624033358 65.4247446106336
165000 21.7123098441614 24.2607813075361 19.9211738964311 65.8942650481286
166000 21.7234147022119 24.4812608774516 19.9860329207648 66.1907085004283
167000 21.884957256689 24.6448250805626 20.1010982498742 66.6308805871258
168000 22.0635392794895 24.7231048449023 20.2326393584022 67.019283482794
169000 22.1892138524814 25.0622339089748 20.3542121960315 67.6056599574877
170000 22.2689214867928 25.1207679836271 20.5026415675118 67.8923310379317
171000 22.5005788178712 25.3520243514388 20.6002094726879 68.4528126419979
172000 22.5376607890806 25.5841952577165 20.8011496068916 68.9230056536886
173000 22.7502171501897 25.7319394488429 20.8753154536655 69.3574720526981
174000 22.9320885683241 25.7411331523479 20.9093640384551 69.5825857591272
175000 23.0571351259611 25.8734952454043 21.0150412700787 69.945671641444
176000 23.173418327686 25.9552283262902 21.0996092575045 70.2282559114807
177000 23.3454577824637 26.063916886075 21.1484810063216 70.5578556748603
178000 23.4862705897912 26.2582991630728 21.2761746621418 71.0207444150058
179000 23.535091983412 26.345388780611 21.3303305504082 71.2108113144312
180000 23.8014510518339 26.6061687166474 21.4245514627082 71.8321712311895
181000 23.9499877815006 26.7782641335813 21.550033982049 72.2782858971309
182000 24.0456731687373 27.0181350118618 21.6873183333772 72.7511265139762
183000 24.16884585513 27.1614154642239 21.902150021886 73.2324113412399
184000 24.3799692699714 27.3403170811719 22.0914361932071 73.8117225443504
185000 24.5570159596026 27.4612116604279 22.1893537569185 74.207581376949
186000 24.6084330583749 27.6102706198891 22.2643242021676 74.4830278804315
187000 24.8049429727154 27.7019874462179 22.422061489228 74.9289919081613
188000 24.8148532359626 27.8959940836826 22.5834470919637 75.2942944116089
189000 25.0508521398119 28.0020727736432 22.6652536824966 75.7181785959517
190000 25.1929316896944 28.122249718851 22.7518261606026 76.0670075691479
191000 25.2217344056479 28.2580563381821 22.9533204507879 76.4331111946178
192000 25.336520400196 28.3210513767684 23.0435262968982 76.7010980738625
193000 25.4307827697262 28.5106168398618 23.1193251712373 77.0607247808253
194000 25.4801735578753 28.7135245466591 23.3207653233739 77.5144634279083
195000 25.5856282630728 28.7693137436527 23.4505978139676 77.805539820693
196000 25.669070372254 28.9359050859938 23.5495908453118 78.1545663035597
197000 25.7688727648614 29.0351526529008 23.6386457381456 78.4426711559077
198000 25.9239202993998 29.2801125923902 23.7479159031044 78.9519487948945
199000 26.0392705143335 29.3542521279867 23.7788653963068 79.1723880386269
200000 26.158299207462 29.4822333660487 23.9074171725076 79.5479497460184
201000 26.3317740312123 29.550561031675 24.0515237082052 79.9338587710925
202000 26.558526150782 29.7410659431701 24.2663046252405 80.5658967191926
203000 26.6971838021774 29.8438475285603 24.4154225512018 80.9564538819395
204000 26.8581438137807 29.9679366671849 24.450412028013 81.2764925089786
205000 26.9901969094028 30.0424356030793 24.6625397499161 81.6951722623982
206000 27.0812531126227 30.3564550720269 24.7435942732597 82.1813024579093
207000 27.2511290854336 30.5109636682513 24.9178381078911 82.679930861576
208000 27.3133302988896 30.6772922379374 25.0953456914995 83.0859682283265
209000 27.5425542493018 30.8418018540451 25.22320004156 83.6075561449069
210000 27.7468307355414 30.9783238393148 25.3583448435487 84.0834994184049
211000 27.8363279944618 31.2282387015256 25.4692863851522 84.5338530811396
212000 28.0062282166678 31.3145200474514 25.6489594814293 84.9697077455484
213000 28.0540804027809 31.3837029825673 25.7410127310648 85.1787961164129
214000 28.1871638609839 31.4450413066942 25.8551127812927 85.4873179489708
215000 28.347954198149 31.668239105697 25.962400828527 85.978594132373
216000 28.5637519449211 31.7247666453001 26.0289034361027 86.3174220263239
217000 28.7046100750425 31.8211507730663 26.2253389996539 86.7510998477627
218000 28.8858600681876 31.978768800638 26.3266835163916 87.1913123852172
219000 28.9969775421828 32.158498344883 26.4821690911275 87.6376449781932
220000 29.1205573980175 32.2995992404737 26.5187538358998 87.938910474391
221000 29.3235652444629 32.2886952036262 26.6952587457106 88.3075191937997
222000 29.5114125817381 32.4799220611433 26.8040501640191 88.7953848069005
223000 29.5821493611685 32.6915837667184 26.9548100771418 89.2285432050286
224000 29.7578633276868 32.8993890149944 27.063192622364 89.7204449650452
225000 29.9922346483317 33.1424285566623 27.112531465864 90.247194670858
226000 30.0142525469119 33.330334111065 27.2535869609782 90.5981736189551
227000 30.1538510874638 33.4048203189388 27.3794353119168 90.9381067183193
228000 30.3895657223483 33.5776122212127 27.4070321948152 91.3742101383762
229000 30.3453277666704 33.7385623892212 27.5331100839071 91.6170002397986
230000 30.5885724962888 33.9052639636167 27.5703562585768 92.0641927184824
231000 30.7841869414691 34.122150333463 27.730187258691 92.6365245336232
232000 30.8012769746795 34.2171074390778 27.7682711781332 92.7866555918905
233000 30.8849672590798 34.4617809285939 28.0374903966404 93.384238584314
234000 31.0501480308554 34.6383172639868 28.0137682430708 93.702233537913
235000 31.1825836499323 34.8898442197326 28.1222109315404 94.1946388012052
236000 31.3460412095467 34.9614697515075 28.2929562810574 94.6004672421116
237000 31.4679723870618 34.9781653661293 28.4327551455903 94.8788928987815
238000 31.7378666966814 35.2121061179659 28.5178456019642 95.4678184166114
239000 31.8555997874396 35.3747820136195 28.6174287407205 95.8478105417796
240000 32.0429886088049 35.3704639261845 28.8785731690288 96.2920257040183
241000 32.1961767791806 35.5351648487093 28.9593466270304 96.6906882549202
242000 32.2433770948013 35.6434246769814 29.0677246892795 96.9545264610622
243000 32.3782121490363 35.9308229346069 29.0790885340184 97.3881236176616
244000 32.4565810595799 36.1086630561643 29.2452675979905 97.8105117137347
245000 32.7216561283842 36.0679774414828 29.3310494379623 98.1206830078294
246000 32.745963851808 36.2925525901775 29.42736224273 98.4658786847154
247000 33.0041576033844 36.4516670593916 29.5147319658983 98.9705566286742
248000 33.0162367628255 36.5425869993851 29.6477275735525 99.2065513357631
249000 33.2156845463027 36.6864660737179 29.8034026374705 99.705553257491
250000 33.3590096805652 36.9684177962372 29.9288406164308 100.256268093233
251000 33.3850491949712 36.9933070095383 29.9782294051797 100.356585609689
252000 33.5657028070863 37.1850258229531 30.0701933125116 100.820921942551
253000 33.5653079864413 37.3343610446877 30.1982441756507 101.09791320678
254000 33.6336447949496 37.5964472304211 30.3082037606163 101.538295785987
255000 33.8348993589141 37.581402992556 30.3519996284854 101.768301979955
256000 34.0122170811019 37.8012542460934 30.5031516940283 102.316623021224
257000 33.969789537834 37.9165530760475 30.5939960760876 102.480338689969
258000 34.1567453209204 38.042874185755 30.8182430555085 103.017862562184
259000 34.3523513849419 38.1244049555869 31.0573921690969 103.534148509626
260000 34.4975961382739 38.3385598038168 31.0904004464841 103.926556388575
261000 34.6437045841422 38.3780360882863 31.1705322397271 104.192272912156
262000 34.8253097900665 38.6286336455376 31.2162130580637 104.670156493668
263000 34.9602270256016 38.8925249033637 31.3739169446955 105.226668873661
264000 35.0997493213822 38.9244434851775 31.5135660234911 105.537758830051
265000 35.1052688501074 39.1107024516889 31.5412333920155 105.757204693812
266000 35.3315470018229 39.2532038231566 31.6787130706473 106.263463895627
267000 35.4073052821876 39.3396523267242 31.8408948057231 106.587852414635
268000 35.5652048397744 39.686023029826 31.9879048046121 107.239132674213
269000 35.8045555261491 39.7895265764152 32.045448012812 107.639530115376
270000 35.8968641238433 39.9300881406424 32.1638851740666 107.990837438552
271000 35.9672460415447 39.9926343502778 32.2052060717491 108.165086463572
272000 36.1163605072345 40.2301874999522 32.2671654783844 108.613713485571
273000 36.3864723129152 40.4301042060289 32.4308760048043 109.247452523748
274000 36.3524380778691 40.5242003045541 32.5658923441716 109.442530726595
275000 36.4966707528958 40.6673259978335 32.7762243003376 109.940221051067
276000 36.550668590897 40.7151169605596 32.8471383462946 110.112923897751
277000 36.6050094342292 40.9482830895196 33.0589880509776 110.612280574726
278000 36.9202048087582 41.0944694191361 33.2486243991509 111.263298627045
279000 36.9528388604472 41.2293302987907 33.5520742990824 111.73424345832
280000 37.0702723034985 41.3674725742561 33.5317097467806 111.969454624535
281000 37.2503693934042 41.4784846556929 33.6750906311036 112.403944680201
282000 37.3477567387403 41.5622145644911 33.7988164627806 112.708787766012
283000 37.38816320042 41.6975236294247 33.8934574300734 112.979144259918
284000 37.5696036531959 41.9495801945623 34.0323453534693 113.551529201228
285000 37.8429327829151 42.035790300628 34.1398212661729 114.018544349716
286000 37.7628197607048 42.2757928330612 34.2958511802313 114.334463773997
287000 37.9610584280694 42.2747667293578 34.2206475158873 114.456472673315
288000 38.1604232651159 42.5167353137179 34.3138591782344 114.991017757068
289000 38.180671405862 42.7243142905464 34.6408316425206 115.545817338929
290000 38.4915087317137 42.8313537531177 34.7452689435078 116.068131428339
291000 38.5407068655807 42.8541834167974 34.8250578500831 116.219948132461
292000 38.7395228333634 42.8974636993131 34.8691094016246 116.506095934301
293000 38.8016269731968 42.9455611872652 35.036820855523 116.784009015985
294000 38.9401337300474 43.0816557760144 35.2156183274534 117.237407833515
295000 39.1010430148646 43.0924409747405 35.3504559958104 117.543939985415
296000 39.2078478705405 43.267522180522 35.4277746342343 117.903144685297
297000 39.3879188228028 43.3482841337873 35.5481375682758 118.284340524866
298000 39.544825411057 43.6050742317137 35.6807797216982 118.830679364469
299000 39.7002024747654 43.6872261433788 35.8374927365524 119.224921354697
300000 39.7605379186116 43.9277433024519 35.9568655498515 119.645146770915
301000 39.8026681864101 44.0318455937159 35.9583797500707 119.792893530197
302000 39.9727491214451 44.0462016333217 36.1241274378309 120.143078192598
303000 40.3817035555561 44.2096008622613 36.3257535329804 120.917057950798
304000 40.3808155742058 44.3210547641539 36.435873890533 121.137744228893
305000 40.350035598612 44.6847709114011 36.457086895425 121.491893405438
306000 40.5530994792275 44.7493834837982 36.6948341058718 121.997317068898
307000 40.5911449489074 45.002925537806 36.877015212784 122.471085699497
308000 40.8335719843638 45.0018372262784 37.0425782772301 122.877987487872
309000 40.9396528606582 45.2389642057384 37.1728427301193 123.351459796516
310000 41.040012022415 45.3730667344109 37.304172317308 123.717251074134
311000 41.282006074325 45.7033952415225 37.476133802579 124.461535118426
312000 41.30706471122 45.7016172633837 37.6449590159975 124.653640990601
313000 41.3944786667036 45.8678533890987 37.7421420170291 125.004474072831
314000 41.5522272925745 45.9928111250411 37.8900733874271 125.435111805043
315000 41.7276394197613 46.0693737979068 38.0591106836406 125.856123901309
316000 41.8464566296163 46.1561299509231 38.223222109205 126.225808689744
317000 42.2062686690905 46.4079633400593 38.1765163357279 126.790748344878
318000 42.2748649374459 46.5728258460264 38.2101335847056 127.057824368178
319000 42.2986596522674 46.6734813704605 38.3534206890074 127.325561711735
320000 42.4768104646837 46.9195018619599 38.4125318664365 127.80884419308
321000 42.3948231250596 46.9175641064761 38.4564776420747 127.76886487361
322000 42.7499795156211 47.2455228759339 38.7609148067907 128.756417198346
323000 42.9908315537344 47.25826821931 38.820706575421 129.069806348466
324000 43.0258726801958 47.5514098625391 38.8542781319455 129.43156067468
325000 43.1839605842929 47.6549574157715 39.093344181484 129.932262181548
326000 43.379965365219 47.8291886846771 39.1637308741359 130.372884924032
327000 43.493020428081 47.8030526015614 39.2161335416218 130.512206571264
328000 43.7654508100864 47.7245111291308 39.231806382735 130.721768321952
329000 43.8503908515674 47.9180912780932 39.3707989374299 131.13928106709
330000 43.8374129911892 47.9072358592884 39.4945381162343 131.239186966712
331000 44.0906841450745 48.0542881662918 39.5757791171687 131.720751428535
332000 44.1816485309249 48.2797250245405 39.7948427037514 132.256216259217
333000 44.3817808003269 48.4852039655469 39.9085544048756 132.77553917075
334000 44.5203495761503 48.6093515105548 40.0707427738305 133.200443860536
335000 44.7345902505394 48.7163234097233 40.0460031273325 133.496916787595
336000 45.0306392543012 48.7935476387263 40.3331976337236 134.157384526751
337000 45.1162773757856 48.952802389732 40.3147875435077 134.383867309025
338000 45.294594914093 49.0386083326217 40.3704558198929 134.703659066608
339000 45.3828424130463 49.0847043698076 40.4588008999612 134.926347682815
340000 45.3337811602686 49.2028537980643 40.5237186646579 135.060353622991
341000 45.5059801314953 49.5644235006378 40.6611887392229 135.731592371356
342000 45.5648309765391 49.5240572211504 40.7322832810192 135.821171478709
343000 45.7451894524579 49.8136609038619 40.9134177374746 136.472268093794
344000 45.8812556379118 49.9570815672274 41.0687086931006 136.90704589824
345000 46.1866498232992 49.921967664886 41.0340047917812 137.142622279966
346000 46.5099799442089 50.118352700787 41.2504366388909 137.878769283887
347000 46.5660279434953 50.392358335738 41.3255698181674 138.283956097401
348000 46.6998810738096 50.6056497506309 41.4450848642425 138.750615688683
349000 46.9140367982664 50.6127409312906 41.5010228768279 139.027800606385
350000 47.2832454503032 50.6762724011194 41.5875058010619 139.547023652484
351000 47.3885345288052 50.8763430102026 41.8294821065389 140.094359645547
352000 47.5733252241586 51.0686417065538 41.9696739531574 140.61164088387
353000 47.6268138048744 51.3094066273579 42.1137276547953 141.049948087028
354000 47.7401356843972 51.5360510039375 42.2153633108828 141.491549999217
355000 47.7303110403743 51.5591303863368 42.3207936007545 141.610235027466
356000 47.8952948703581 51.7616094523709 42.4164845928783 142.073388915607
357000 48.0771136316314 51.9324121562939 42.4792158014603 142.488741589386
358000 48.3184142998351 52.0878717509145 42.6047553831878 143.011041433937
359000 48.3277765534262 52.207331937165 42.6724647859623 143.207573276554
360000 48.4616519479074 52.1815419379282 42.7793294176838 143.422523303519
361000 48.5248347287858 52.3762549917699 42.9071482910074 143.808238011563
362000 48.7675835717945 52.4581983060556 43.0320720491227 144.257853926973
363000 48.9005676403561 52.8360243865411 43.1567582778157 144.893350304713
364000 49.0000495047669 52.7964455262223 43.3085419440814 145.105036975071
365000 49.0723016581375 52.8934231339298 43.5366993929085 145.502424184976
366000 49.2239863807821 53.0778571453024 43.6397765089196 145.941620035004
367000 49.4496611950717 53.2450659530249 43.7367111366647 146.431438284761
368000 49.6597751329334 53.2994534212896 43.9159946428686 146.875223197092
369000 49.8275421010387 53.2742235652553 43.9317326542052 147.033498320499
370000 49.9496005078607 53.5695397225864 44.0665909065998 147.585731137047
371000 49.9615918491086 53.6633440298 44.2701095703628 147.895045449271
372000 50.189114530614 53.6240950430135 44.3275626879879 148.140772261615
373000 50.3720947277147 53.7138616041798 44.3520547280976 148.438011059992
374000 50.6010447311995 53.9734208507649 44.6485820864574 149.223047668422
375000 50.6448941345976 54.1837217702153 44.700879012473 149.529494917286
376000 50.7490676423265 54.3103404222521 44.8250902726382 149.884498337217
377000 50.9191338094657 54.4554601836532 44.9836849080484 150.358278901167
378000 51.0462130154834 54.5361448131368 45.1467429297691 150.729100758389
379000 51.1801392971866 54.6114067954616 45.3289093144537 151.120455407102
380000 51.2673417356646 54.8121683894182 45.3375669058387 151.417077030922
381000 51.4803576970886 55.0761421733424 45.5119709926367 152.068470863068
382000 51.4839760414535 55.1165043621304 45.660609506679 152.261089910263
383000 51.7646172952434 55.4977722246152 45.9485419057943 153.210931425653
384000 51.8052134363156 55.5898070769782 45.8918574480228 153.286877961317
385000 51.9108086142049 55.7056148721991 46.0222893037182 153.638712790122
386000 51.9820609588563 55.970807956043 46.2088850718302 154.16175398673
387000 52.16900649923 55.9099879513873 46.3084249382107 154.387419388828
388000 52.2572652236779 56.0986876876558 46.3475919528314 154.703544864165
389000 52.2761675071461 56.4497642949945 46.5905702312081 155.316502033349
390000 52.3211137297067 56.5889573524909 46.7974109365418 155.707482018739
391000 52.5758613937762 56.6188981147231 46.8289179759894 156.023677484489
392000 52.7503136831303 56.7120685460941 47.0090215947719 156.471403823996
393000 52.7915348144252 56.9687537643925 47.0592227267589 156.819511305577
394000 52.9400575284229 57.0886357745236 47.2314239120325 157.260117214979
395000 53.0815320666671 57.3693895681803 47.3256925121348 157.776614146982
396000 53.2762894367085 57.474846115056 47.5816708517121 158.332806403477
397000 53.5330514016411 57.484524007859 47.493484058194 158.511059467694
398000 53.6272495589937 57.5303200835544 47.6257104480688 158.783280090617
399000 53.7601937694932 57.673792390995 47.8043465037075 159.238332664196
400000 53.8375610064874 57.8517911104951 47.8067475027052 159.496099619688
401000 53.9560287668365 58.0015816046409 47.9386594015007 159.896269772978
402000 54.0286980310798 58.067029664261 48.1534558500469 160.249183545388
403000 54.2430263706794 58.247545087144 48.2484536997947 160.739025157618
404000 54.15629061441 58.2664853781181 48.4943528059463 160.917128798474
405000 54.2710774946771 58.582862566856 48.5805890534018 161.434529114935
406000 54.2689723083752 58.7982512189075 48.7584096098897 161.825633137172
407000 54.3353087409289 58.7927318245206 48.9451826579181 162.073223223368
408000 54.5738860053304 59.0820562557471 49.1266858922986 162.782628153376
409000 54.4927650897845 59.1181587833425 49.204172713323 162.81509658645
410000 54.553125520258 59.3814812525917 49.4087709366727 163.343377709522
411000 54.8716100675217 59.7654336576294 49.6182445976884 164.25528832284
412000 54.8918523464678 59.887860473843 49.6355837070866 164.415296527397
413000 55.0521534394534 59.9740677726153 49.7254313410862 164.751652553155
414000 55.1692606640425 60.16047228921 49.8633005589457 165.193033512198
415000 55.3661289003956 60.4501664873917 49.9416692523292 165.757964640117
416000 55.4849832794445 60.6025310506553 50.029747381514 166.117261711614
417000 55.5622265137562 60.5913816243352 50.1356835010744 166.289291639166
418000 55.5918276786724 60.7919046566489 50.2695605256675 166.653292860989
419000 55.8246513300034 60.8889921618502 50.3471164205639 167.060759912417
420000 56.2731308798915 60.9900357594728 50.3870788767934 167.650245516158
421000 56.2473486519619 61.2784351725154 50.753285516178 168.279069340655
422000 56.4348612710949 61.3113624409017 50.7924657236196 168.538689435616
423000 56.6662760902919 61.499734141828 50.854202270362 169.020212502482
424000 56.5923249206176 61.5412121543545 51.0000798335735 169.133616908546
425000 56.8353813482876 61.8375066414112 51.0496571600564 169.722545149755
426000 57.0307014365496 61.8987319551498 51.0591380920994 169.988571483799
427000 57.1395944828737 62.0570928820295 51.3957697316977 170.592457096601
428000 57.3474699035739 62.3138413352421 51.4370140275713 171.098325266387
429000 57.2927136514049 62.4435929319572 51.4325813035567 171.168887886919
430000 57.4614952753344 62.5366258195812 51.6304618758009 171.628582970716
431000 57.548974453549 62.460986232 51.7753885990542 171.785349284603
432000 57.7904967521311 62.7089518399521 51.9300427858359 172.429491377919
433000 58.0014871692217 62.9914735558014 52.0213464661283 173.014307191151
434000 58.2689470874564 62.9479233255779 52.0376555455485 173.254525958583
435000 58.2253176871644 62.9543394426153 52.2369193614934 173.416576491273
436000 58.353199032393 63.3533990132574 52.3417661609723 174.048364206623
437000 58.5919282741639 63.5206944012162 52.3896378400314 174.502260515411
438000 58.8859071636541 63.6377016121063 52.4646090677498 174.98821784351
439000 58.8973347022174 63.6406905024605 52.7591066022546 175.297131806933
440000 58.950129435322 63.7614132017771 52.8411649005801 175.552707537679
441000 59.1995159757031 63.9040859911923 53.0291341471125 176.132736114008
442000 58.9616609362829 64.1617112109068 53.357738263189 176.481110410379
443000 59.2130832613144 64.2877751589475 53.473144326 176.974002746262
444000 59.3032818994909 64.3469538547567 53.5467396385917 177.196975392839
445000 59.5710999828662 64.4737344070831 53.6533764481803 177.69821083813
446000 59.6411375245767 64.7287613465017 53.9230147642189 178.292913635297
447000 59.9211486814472 64.8059026096127 53.9695870778082 178.696638368868
448000 59.9642408370138 64.778516881721 54.0505874018329 178.793345120568
449000 60.1346807535272 64.8780885798397 54.0111783060979 179.023947639465
450000 60.3318296255559 64.966566160889 54.3357412627146 179.634137049159
451000 60.5410893847158 65.1314985112613 54.2324342169978 179.905022112975
452000 60.401152789536 65.2879716014377 54.43715822853 180.126282619504
453000 60.6319943338678 65.2587445945651 54.6739440745534 180.564683002986
454000 60.5250173600661 65.5629215890231 54.6332290956258 180.721168044715
455000 60.8390668463172 65.7112975063268 54.7165096739315 181.266874026575
456000 61.0909275988411 66.0060423240394 54.8543435047772 181.951313427658
457000 61.2364380771766 66.1922072750347 54.9385238580164 182.367169210228
458000 61.3030520612828 66.3841473915918 55.007879860513 182.695079313388
459000 61.5479444020337 66.3205240632839 55.0344081230779 182.902876588396
460000 61.58745720367 66.6134305107476 55.1747735829641 183.375661297382
461000 61.7651798923658 66.780847585326 55.2967612025224 183.842788680214
462000 61.8118729641493 66.7823429897563 55.2902504439741 183.88446639788
463000 61.9280861243403 66.9846184620556 55.3752739767666 184.287978563162
464000 62.0656421924706 67.0392271576827 55.4154875714151 184.520356921568
465000 62.1277546967979 67.3544559138014 55.5518550945452 185.034065705144
466000 62.3455035379422 67.6732070574788 55.8258704088913 185.844581004312
467000 62.4245428220829 67.9236344240943 55.9626984895998 186.310875735777
468000 62.5034972056502 67.8705162012991 55.9150017812722 186.289015188222
469000 62.7303529426466 68.2403448644308 56.1452758056025 187.11597361268
470000 63.0139398198672 68.2668889779483 56.0966089172725 187.377437715088
471000 63.1779450865638 68.4450716236816 56.1919331511025 187.814949861348
472000 63.3815506673882 68.6360499813751 56.4169310026912 188.434531651455
473000 63.5729484881437 68.6790984604082 56.5454964707981 188.79754341935
474000 63.7617382423803 68.9299301429212 56.6058051987938 189.297473584095
475000 63.9362945968495 68.9598893406104 56.7868051340298 189.68298907149
476000 63.8974160374006 69.0171368499104 56.8067308033781 189.721283690689
477000 64.0484529085748 69.0459851226281 56.8596884653297 189.954126496533
478000 64.2754411940731 69.1592831202629 57.1309689288609 190.565693243197
479000 64.3537831316884 69.4417290107604 57.0817158147766 190.877227957225
480000 64.4881923339948 69.4642538914396 57.2764744603183 191.228920685753
481000 64.5665133671599 69.5777039371628 57.4330838892187 191.577301193541
482000 64.8346669863759 69.6713423640871 57.5647441844615 192.070753534924
483000 65.1634090700582 69.9066967375601 57.5790988046235 192.649204612242
484000 65.1976365220696 70.0097570544424 57.6256287376763 192.833022314188
485000 65.5236793842292 70.0360611225745 57.7823419010864 193.34208240789
486000 65.5122105891638 70.1423305799244 57.913021757198 193.567562926286
487000 65.744574850131 70.192618890296 58.0365660417987 193.973759782226
488000 65.8059268510337 70.4281562328771 57.9897872940425 194.223870377953
489000 66.1128527538445 70.5218053519962 58.2346726415636 194.869330747404
490000 66.2913324045251 70.4602506177359 58.4567184997757 195.208301522037
491000 66.1600106053527 70.823223156063 58.4496292976132 195.432863059029
492000 66.4499087509698 71.1846685203739 58.64561850205 196.280195773394
493000 66.5314805857879 71.186692739087 58.6467431360887 196.364916460964
494000 66.503621264936 71.0605560395932 58.6993427208681 196.263520025397
495000 66.5980913699344 71.1995792039744 58.844436142862 196.642106716771
496000 66.7787375794215 71.3520815850793 58.8768720642869 197.007691228788
497000 66.9563943604067 71.4198593038159 58.8979921756529 197.274245839875
498000 67.1489825907024 71.4346043089839 59.0568307077231 197.640417607409
499000 67.2173481189533 71.4259146653898 59.165826919572 197.809089703915
500000 67.3241857639667 71.5749778343563 59.2628952753316 198.162058873655
501000 67.2784561876865 71.8857277128047 59.4338170154364 198.598000915928
502000 67.579927995832 71.8296170718622 59.4228705459332 198.832415613627
503000 67.6134357975445 72.0550412554666 59.6385422615705 199.307019314582
504000 67.6244287640215 72.1468418609147 59.7844287858141 199.55569941075
505000 67.9942089020661 72.341782033989 59.8219361318211 200.157927067876
506000 68.0262906693253 72.3851029077754 59.9938692654419 200.405262842542
507000 68.3863157143376 72.5368954986916 60.2431469486314 201.166358161661
508000 68.4216654430279 72.914186590144 60.457833473178 201.79368550635
509000 68.4321882429647 73.2142013604561 60.5219299765983 202.168319580019
510000 68.4984377958998 73.3019717474389 60.7044773685088 202.504886911848
511000 68.8444324061745 73.3958157359543 60.9777713711809 203.21801951331
512000 69.0437926157702 73.459665848659 61.0369186017368 203.540377066166
513000 68.9845101850064 73.7270282637423 61.0853244402883 203.796862889037
514000 69.0377458745176 73.7925650275699 61.2105282967363 204.040839198824
515000 69.2130893892149 73.9408432416892 61.4345606198776 204.588493250782
516000 69.2836076415533 74.0564110224675 61.5530650231122 204.893083687133
517000 69.5315567805405 74.154376670873 61.3823455222348 205.068278973648
518000 69.8003306536796 74.3058970785467 61.6646986787282 205.770926410955
519000 69.8239377524049 74.1937741357636 61.8411843941728 205.858896282341
520000 69.9793880818119 74.317563130873 61.9434113791384 206.240362591823
521000 70.0827992877836 74.385059707657 61.9724503487676 206.440309344208
522000 70.2721529676953 74.5304031144779 62.3413101213219 207.143866203495
523000 70.2661761493839 74.5738128842923 62.301142414244 207.14113144792
524000 70.3446642011634 74.5389358411009 62.2554627043935 207.139062746658
525000 70.8519117494966 74.8455876418104 62.5183551602121 208.215854551519
526000 70.6659861998535 74.7219360919911 62.6873254202853 208.07524771213
527000 70.9487238736251 74.9073061956169 62.886880469073 208.742910538315
528000 70.8980068372296 74.9311379993803 62.8704618354761 208.699606672086
529000 70.7778584704763 75.06595519149 62.9634723868567 208.807286048823
530000 70.9848489255453 75.345814155894 63.0700934521373 209.400756533577
531000 70.975563830147 75.5988822149321 63.1621389513341 209.736584996413
532000 71.1377827103678 75.5955500761466 63.0700528655152 209.80338565203
533000 71.408496321911 75.7781878075428 63.2905954059076 210.477279535361
534000 71.6844810062526 76.0260907160077 63.2497599438628 210.960331666123
535000 71.6850435671084 76.1100988706082 63.3372996869748 211.132442124691
536000 71.8486129918652 76.4087204901861 63.3381045474107 211.595438029462
537000 72.0605808188827 76.5760762599047 63.2132175970727 211.84987467586
538000 72.0870172589421 76.7854465783632 63.471520994941 212.343984832246
539000 72.1778069102933 76.9819224043894 63.6065967015988 212.766326016281
540000 72.2442341928137 77.3936313564991 63.8595645565717 213.497430105884
541000 72.4174007078007 77.4338286363051 64.125815799317 213.977045143423
542000 72.6531051481645 77.49846467895 64.0306478142408 214.182217641355
543000 72.7073600639744 77.8653189370666 64.066997395291 214.639676396332
544000 72.9125085527022 78.0010914493816 64.2346251900107 215.148225192095
545000 72.9777707119028 78.0428450314048 64.5331071022147 215.553722845522
546000 73.2869769956294 78.1651289297714 64.6998861472059 216.151992072607
547000 73.3228864533718 78.3875881358734 64.9592930281089 216.669767617354
548000 73.632665650945 78.5923726228999 65.1316032356182 217.356641509463
549000 73.728060005539 78.7200445975872 65.3650707917859 217.813175394912
550000 73.7249705292666 78.9248636343765 65.4092864808861 218.059120644529
551000 73.9007087249453 78.9728150995446 65.4597200813579 218.333243905848
552000 74.0273664210603 79.3061408467372 65.4744485526382 218.807955820436
553000 74.0769111168301 79.3697641772812 65.5739198494646 219.020595143576
554000 74.2109681297247 79.570464280757 65.7422005436905 219.523632954172
555000 74.2716149963236 79.8276551797711 66.0523186717241 220.151588847819
556000 74.2766593830053 80.0000309840293 66.0852796526049 220.36197001964
557000 74.6573592082112 80.1772019640225 66.1539889573889 220.988550129623
558000 74.7484298301211 80.3740144698485 66.2428427171946 221.365287017164
559000 75.0945070998252 80.3320442123729 66.4007674669004 221.827318779098
560000 75.0684321102651 80.8335702749259 66.3902964710763 222.292298856267
561000 75.33845686738 80.7840387073819 66.5311007755266 222.653596350288
562000 75.541642501932 80.9967854938668 66.7918009416925 223.330228937491
563000 75.6192110947346 81.119902234534 66.9605926810789 223.699706010347
564000 75.820197133891 81.1870445708693 67.1193989835039 224.126640688264
565000 75.7730667614997 81.4273797288412 67.3402123526744 224.540658843015
566000 76.117244276086 81.595683547632 67.5252570478194 225.238184871537
567000 76.1455060077419 81.5687835059408 67.6590399572567 225.373329470939
568000 76.2757336315906 81.7396307281421 67.5628962830699 225.578260642803
569000 76.5121002132624 82.083314887612 67.7561344384681 226.351549539343
570000 76.7349555742231 82.1377386760575 67.9289396118721 226.801633862153
571000 76.7497359235471 82.1902129261742 68.1122572159099 227.052206065631
572000 76.7432306525881 82.4592603938252 68.2031640488272 227.40565509524
573000 76.9041107820984 82.620574573412 68.2771118966809 227.801797252191
574000 76.8785823970966 83.1403484406022 68.2410491214299 228.259979959129
575000 76.9940893522879 83.2293184926986 68.3574463149509 228.580854159937
576000 77.1782491825816 83.4862714210939 68.3650218525986 229.029542456274
577000 77.0595556684736 83.7287829569901 68.5676599159751 229.355998541439
578000 77.262861911597 83.9684625302601 68.574863226117 229.806187667974
579000 77.2979382631462 83.8230388075382 68.8688409391976 229.989818009882
580000 77.2116496126734 84.1008993972716 68.7640535671708 230.076602577116
581000 77.4655349885374 84.0875433800756 69.0163662271715 230.569444595785
582000 77.6064020930192 84.3965501561576 69.1992324185436 231.20218466772
583000 77.6524849792971 84.5913971942178 69.1439781939922 231.387860367507
584000 77.7915350161488 84.79094767434 69.3809486693501 231.963431359839
585000 77.928047301524 84.9335468213708 69.4302285696097 232.291822692505
586000 78.1090747982739 84.9961156437234 69.8507663631854 232.955956805183
587000 78.3297634294588 85.1289467163077 69.8887669847285 233.347477130495
588000 78.5428040565957 85.333194170021 69.8224284440928 233.698426670709
589000 78.8572883481648 85.5011637784273 69.9865740730975 234.34502619969
590000 79.1801898894974 85.6846621322594 70.10527364869 234.970125670447
591000 79.3664737247188 85.4920064999394 70.2933525447606 235.151832769419
592000 79.3901348272595 85.8881531359874 70.2615879009183 235.539875864165
593000 79.5494100292291 85.8712380605181 70.6169353361301 236.037583425877
594000 79.8724095450659 86.0980107213645 70.6626822026 236.63310246903
595000 80.0173605660794 86.3566025974001 70.7283544221157 237.102317585595
596000 80.1830709506316 86.3971092908771 70.9258984785598 237.506078720068
597000 80.6637081404219 86.4343361538608 70.8783916271698 237.976435921452
598000 80.6094150041763 86.6592138590911 71.0523277195218 238.320956582789
599000 80.7529964213108 87.0861472783737 71.2243963149948 239.063540014679
600000 80.9624991079243 87.2263648352786 71.2969163634156 239.485780306618
601000 81.2438836733088 87.5227634366755 71.3027362600024 240.069383369987
602000 81.2868069160425 87.4747181234579 71.5419273945109 240.303452434011
603000 81.6451395737275 87.7161699244945 71.8940172821581 241.25532678038
604000 81.6663333320524 87.8240236920049 71.836654899131 241.327011923188
605000 81.9217889174749 87.8505989300473 71.6764074315948 241.448795279117
606000 82.0457136912728 88.1179919832016 71.854520844206 242.01822651868
607000 82.1405948065039 88.1880101912946 71.9726656152088 242.301270613007
608000 82.2707537058045 88.2361259735112 72.2390175965256 242.745897275841
609000 82.3516142726652 88.3969603006111 72.2843209082378 243.032895481514
610000 82.5195296054819 88.5235181024651 72.3325968363353 243.375644544282
611000 82.6464448027485 88.5596392816089 72.5169227902234 243.723006874581
612000 82.79355700015 88.7233859075127 72.531162304177 244.04810521184
613000 82.8137482832004 88.8779879008702 72.8212959684863 244.513032152557
614000 82.9509717509601 88.947474787382 72.848941732533 244.747388270875
615000 83.0846292281921 89.0224726792189 73.0330927817899 245.140194689201
616000 83.1661291411439 89.169145589069 73.1148453871806 245.450120117394
617000 83.2640400371877 89.380136649861 73.2203355338923 245.864512220941
618000 83.3325657427065 89.6057471519809 73.3913669638187 246.329679858506
619000 83.6019079837335 89.5871193367051 73.341942360791 246.53096968123
620000 83.7020556499908 89.8577749083994 73.5105105052118 247.070341063602
621000 83.8648668971435 89.8884106266126 73.6732804364689 247.426557960225
622000 84.1232250276478 90.0364295262114 73.8246585898333 247.984313143693
623000 84.2511297860238 90.3939145212058 73.7664250752278 248.411469382457
624000 84.3514364368594 90.6197821367359 74.0619439632681 249.033162536863
625000 84.5313560576739 90.6445264430781 74.0620592894847 249.237941790237
626000 84.578319470298 90.5482694697639 74.1261249389156 249.252713878978
627000 84.7854867401016 90.6905285726463 74.4075682399195 249.883583552667
628000 84.859774843126 90.8692978482862 74.6408584246861 250.369931116098
629000 84.9155764268474 90.8567479216123 74.7559393502347 250.528263698694
630000 84.977802127034 91.0034366906552 74.7671816928318 250.748420510521
631000 85.0966971629153 90.9838349428559 74.7009844179237 250.781516523695
632000 85.4873726319469 91.08075758493 74.86682421882 251.434954435697
633000 85.5161304231858 91.1488745936747 74.8095972350522 251.474602251913
634000 85.6830776398569 91.2549011944896 74.9318367102355 251.869815544582
635000 85.7609306110789 91.3153900200647 75.0110403378832 252.087360969027
636000 85.7787136529047 91.5006406565295 75.1473043594233 252.426658668857
637000 86.0162409183897 91.6774948238348 75.2670278392901 252.960763581515
638000 86.0553067937033 91.8846892791421 75.0796083084774 253.019604381323
639000 86.250114828211 92.1018989637849 75.4113768376455 253.763390629641
640000 86.3450615488968 92.3814484853013 75.6232782737705 254.349788307969
641000 86.543551042151 92.3265879857615 75.5920488838328 254.462187911745
642000 86.5327773177078 92.4725274788404 75.768126455713 254.773431252261
643000 86.4431570951709 92.6036975108956 75.9086661229346 254.955520729001
644000 86.2553049716864 92.7064802554169 76.0209253187127 254.982710545816
645000 86.3518684893402 92.8076310292081 76.0816737378334 255.241173256382
646000 86.5402504258353 92.8860258612341 76.38332271223 255.809598999299
647000 86.5475631703399 92.7923800761892 76.4432968438544 255.783240090384
648000 86.8397258216063 93.1392433694628 76.5156660305738 256.494635221643
649000 87.4123683230986 93.2612380307805 76.6619229785654 257.335529332444
650000 87.625332198846 93.24979191912 76.8459212545619 257.721045372528
651000 87.9437813175667 93.4416844847271 77.0183947855084 258.403860587802
652000 88.0261029322399 93.8695254385938 77.1627002524704 259.058328623304
653000 88.1808121045482 93.9054478384389 77.3924175314427 259.47867747443
654000 88.4222709461717 93.8487553194251 77.4458525327152 259.716878798312
655000 88.4197223720224 93.8601662811987 77.4668513931949 259.746740046416
656000 88.6650169153001 93.9513611031501 77.4713253984363 260.087703416886
657000 88.9334528612579 94.3064298188549 77.731744261839 260.971626941952
658000 89.0954575249076 94.459254378028 77.6785899647534 261.233301867689
659000 89.1125887422236 94.6523729020115 77.7952470148443 261.560208659079
660000 89.345489271121 94.7998534916712 77.9533244578827 262.098667220675
661000 89.5275344913706 95.0621126378694 78.0994813275604 262.6891284568
662000 89.6297883047731 95.1093066126119 78.092611274984 262.831706192369
663000 89.8513738739896 95.2450562954838 78.2960960423232 263.392526211797
664000 90.1390419023721 95.201834009738 78.3900618187012 263.730937730811
665000 90.3268828150181 95.3794773483392 78.6020262503835 264.308386413741
666000 90.3538744497433 95.6432913371455 78.7354127562034 264.732578543092
667000 90.4870643667821 95.8420007145544 78.8475364659019 265.176601547238
668000 90.4459408436127 95.873155503824 79.006421168512 265.325517515949
669000 90.5223511753859 96.0611101990902 79.1194822206109 265.702943595087
670000 90.8906988262161 96.2928419200267 79.1264360454249 266.309976791668
671000 90.7353197422237 96.2675087640835 79.2324476912554 266.235276197563
672000 90.6392915449028 96.4524794444914 79.2972461870786 266.389017176473
673000 90.7235284145275 96.5483531142287 79.4951262513223 266.767007780079
674000 90.7580470646457 96.8126391455551 79.6630933121337 267.233779522335
675000 90.8514594070859 97.1945109022489 79.6539595782869 267.699929887622
676000 91.0710859390045 97.250602440124 79.9857018041045 268.307390183233
677000 91.2445706080316 97.3733947509917 80.175189306056 268.793154665079
678000 91.2290025979422 97.5948637930893 80.2140351468878 269.037901537919
679000 91.2394304162443 97.9511153622635 80.4411602190739 269.631705997582
680000 91.7295203491049 98.0678073787812 80.5559003863024 270.353228114188
681000 91.8965973870665 98.0550989825829 80.6597675560414 270.611463925691
682000 91.9638264058557 98.1160238060592 80.6778897910725 270.757740002987
683000 92.2212839599556 98.1305813019088 80.7675374517311 271.119402713595
684000 92.3813589883879 98.4546518073809 80.6874860431206 271.523496838889
685000 92.5321107495449 98.4964261182854 80.7517930318114 271.780329899642
686000 92.8564031916654 98.8830217591178 80.6374249998805 272.376849950664
687000 92.817434882423 98.9214413715724 80.8571192520879 272.595995506083
688000 93.0866021831942 99.0420534540782 80.9061618581105 273.034817495383
689000 93.0783226571877 99.3527792279637 81.0958383416034 273.526940226755
690000 93.3331181746533 99.6154671114843 81.0964467033647 274.045031989502
691000 93.597580672285 99.7157933631595 81.0946712590809 274.408045294525
692000 93.6548311160323 100.024428427761 81.041994111799 274.721253655592
693000 93.778256522006 100.072085479937 81.2165533378367 275.06689533978
694000 94.039367513571 100.281488272194 81.3347892236661 275.655645009431
695000 94.164305208145 100.352450690804 81.5886113066648 276.105367205614
696000 94.336514332726 100.568024805373 81.5894145161019 276.493953654201
697000 94.4099616567661 100.620422462871 81.568547935569 276.598932055206
698000 94.7870570916117 100.649078349573 81.5427883286312 276.978923769816
699000 94.8261553047874 100.944289351768 81.8537729079219 277.624217564478
700000 95.1055660367088 100.986807066639 81.8294687363259 277.921841839674
701000 95.3193337888534 101.175411528212 81.9870243490973 278.481769666163
702000 95.4975423490962 101.252465291067 82.0526579179527 278.802665558116
703000 95.67856879845 101.323391818215 82.3575794243886 279.359540041054
704000 95.7602707270963 101.364260010459 82.4630403779702 279.587571115525
705000 95.9034591960114 101.473049122323 82.423319842784 279.799828161119
706000 95.9071268587496 101.719974635118 82.5267637274745 280.153865221342
707000 95.9924565725478 101.853970309384 82.7084993986206 280.554926280552
708000 96.2245206711467 102.14533729537 82.7376257662717 281.107483732789
709000 96.3075673861592 101.964333796884 82.8330916002676 281.10499278331
710000 96.5713956089446 102.23054334104 82.9625161496662 281.764455099651
711000 96.8301508381237 102.513704141998 83.0972649771809 282.441119957302
712000 96.8995149590447 102.71613398886 83.152688620443 282.768337568348
713000 97.024952354736 102.808983449761 83.1604351859312 282.994370990429
714000 97.3083140279281 102.837916086916 83.3306974220986 283.476927536943
715000 97.3279503444308 103.092220554689 83.4057512121528 283.825922111273
716000 97.6197125463015 103.336559072613 83.5705015326837 284.526773151598
717000 97.5546194063255 103.516885323644 83.602937158746 284.674441888715
718000 97.5873980366403 103.67327595897 83.5827156836808 284.843389679292
719000 97.9297889897632 103.734331310203 83.6481663776418 285.312286677608
720000 97.90233597992 103.723075043664 83.9269536088731 285.552364632457
721000 97.9605369186514 103.662440366021 84.0234126587963 285.646389943469
722000 98.0372658167992 103.85038611671 83.9797640071659 285.867415940675
723000 98.0521595720419 103.893556597004 84.1097743768489 286.055490545895
724000 97.9951006643272 103.96811527181 84.0903292282686 286.053545164406
725000 98.2731347865931 104.204547493822 84.2058502059787 286.683532486394
726000 98.3088748196293 104.389393671906 84.2967128840817 286.994981375617
727000 98.5009073814632 104.641540721328 84.5059667465741 287.648414849365
728000 98.7570515630425 104.636407321694 84.4559961060007 287.849454990737
729000 98.5931898947869 105.000183113099 84.3932981670524 287.986671174938
730000 98.6950308133138 105.240493698166 84.7784192286495 288.713943740129
731000 98.6973412023567 105.324952135139 84.8466522472123 288.868945584708
732000 98.7227998862666 105.560892900005 84.8019070025125 289.085599788784
733000 98.8740235492862 105.797688027738 84.8810282305678 289.552739807592
734000 99.0547650485662 106.085305549468 84.8429433958697 289.983013993904
735000 99.0760825669206 106.201332317613 85.0956282881676 290.373043172701
736000 99.2350877034192 106.246498074872 85.1434902980575 290.625076076349
737000 99.5295388245559 106.495830190801 85.1627295173067 291.188098532663
738000 99.5580470662137 106.622360239043 85.1950387169998 291.375446022256
739000 99.3994795828574 106.71853330441 85.5899118434562 291.707924730723
740000 99.591292852078 106.910746482035 85.6656033883987 292.167642722511
741000 99.6765973332467 107.231325812824 85.7542402528964 292.662163398967
742000 99.8346784610942 107.438258373601 85.8455968265944 293.11853366129
743000 99.9327211464738 107.606040938215 86.0070001903183 293.545762275007
744000 99.9843549549754 107.821749339793 86.1611894454323 293.9672937402
745000 100.318838102354 107.545902252526 86.2165162656571 294.081256620537
746000 100.377817920985 107.921489240676 86.2071639030915 294.506471064752
747000 100.520921784284 108.143311707667 86.4610880452189 295.125321537169
748000 100.628797080852 108.203731133377 86.6354194958678 295.467947710097
749000 100.81142112291 108.586589153626 86.5189214777407 295.916931754277
750000 100.805533952657 108.534398993919 86.76648569973 296.106418646306
751000 101.037212404647 108.836711413524 86.7639318977377 296.637855715908
752000 101.39413230297 108.736425363959 86.8471449346769 296.977702601606
753000 101.414722409868 108.877115977484 86.802359441369 297.094197828721
754000 101.538688769074 108.778895783686 87.0105843097793 297.32816886254
755000 101.745997019178 108.861072574918 87.201373262714 297.80844285681
756000 101.986868015771 109.018501843488 87.2687749774489 298.274144836707
757000 102.013632321521 109.549353878195 87.5590282769003 299.122014476617
758000 102.050742142576 109.534471320674 87.7505352612055 299.335748724455
759000 101.964213832956 109.648835377646 87.881437601566 299.494486812168
760000 102.245722164603 109.798323342555 87.9243672124197 299.968412719578
761000 102.361184867703 109.885112887119 88.0948972462652 300.341195001087
762000 102.667428564009 109.763085844513 87.7621784409558 300.192692849478
763000 102.803071271659 109.479977989871 87.9695563373167 300.252605598847
764000 102.73989027211 109.68524379583 88.0598962803049 300.485030348245
765000 102.900060237276 109.728477075756 88.1346453770086 300.763182690041
766000 103.072602312716 109.701423120821 88.2351014240599 301.009126857596
767000 103.217644962979 109.819067508601 88.1631348963775 301.199847367958
768000 103.488560235701 109.893600293747 88.404565682602 301.78672621205
769000 103.596597585318 110.174401997478 88.4551681580605 302.226167740857
770000 103.840497093111 110.297907035449 88.5638472141989 302.702251342759
771000 103.931820696108 110.38423039767 88.8145767204362 303.130627814214
772000 103.885182615779 110.507791453873 89.1246369095783 303.517610979231
773000 103.927612871493 110.591685774506 89.0973565453547 303.616655191354
774000 104.082172293539 110.963733135688 89.3600472912713 304.405952720498
775000 104.36881764436 111.044674739489 89.4607498471286 304.874242230977
776000 104.619752934329 111.304061901363 89.6707860585831 305.594600894275
777000 104.642560609224 111.156372916168 89.6504773416475 305.44941086704
778000 104.771549753718 111.271338609801 89.7562650790559 305.799153442575
779000 105.08757162594 111.401554167847 89.9972994340313 306.486425227819
780000 105.130388559172 111.578849391268 90.0190561848208 306.728294135261
781000 105.589478562094 111.585520754811 90.1909736758061 307.365972992711
782000 105.457947318331 111.773148590467 90.4854045048166 307.716500413615
783000 105.512494065285 111.925934424382 90.3824836879909 307.820912177658
784000 105.544283703834 112.12485922724 90.6368572048118 308.306000135886
785000 105.906019166592 112.210568345375 90.7651120717026 308.881699583669
786000 105.996659747923 112.238081728663 90.9782991358855 309.213040612471
787000 106.266850552962 112.323278422542 91.1200666857876 309.710195661291
788000 106.384968001794 112.408767024059 91.0872165409954 309.880951566848
789000 106.593506597278 112.666456458494 91.2727945682081 310.532757623979
790000 106.872351978871 112.531350491795 91.4074769027185 310.811179373385
791000 107.052900238757 112.743096943774 91.6456470710674 311.441644253598
792000 107.088719932151 112.847458090125 91.6683276256501 311.604505647926
793000 107.49620467076 112.980924025735 91.811868531769 312.288997228264
794000 107.682221295242 113.110489542302 91.9941622781103 312.786873115654
795000 107.95130466836 113.217798869077 92.0280067834022 313.19711032084
796000 107.888319792996 113.366162469878 92.2408577547146 313.495340017589
797000 108.227128286205 113.787508128818 92.5395035224428 314.554139937466
798000 108.331862536645 113.874340941489 92.4789262156518 314.685129693785
799000 108.384816252982 113.995698030923 92.5600715924671 314.940585876372
800000 108.599992630108 114.000998724906 92.5566980937956 315.157689448809
801000 108.608863759448 114.193276779939 92.7998976899063 315.602038229293
802000 108.550480220057 114.637172235674 92.7841582783901 315.971810734122
803000 108.823033526366 114.609203772995 92.7233212694825 316.155558568844
804000 109.125941197393 114.771694614801 93.1104980901001 317.008133902295
805000 109.217221701708 114.888904614718 93.1527132968201 317.258839613246
806000 109.277242495249 115.122336335264 93.2592737433351 317.658852573849
807000 109.541279489229 115.106863984818 93.5302067112514 318.178350185298
808000 109.85404993458 115.162189100213 93.6730491977697 318.689288232563
809000 110.021033218616 115.459871875108 93.9653198258694 319.446224919593
810000 110.272750542673 115.131799175611 94.0669693353516 319.471519053636
811000 110.470753125993 115.435128213686 94.1325422979705 320.038423637649
812000 110.446466072379 115.750227838836 94.2336488858964 320.430342797112
813000 110.632520848347 115.822685367996 94.3419063806886 320.797112597031
814000 110.669721294758 115.966447664793 94.4419224234707 321.078091383022
815000 110.53514134462 116.37196515053 94.5556234731542 321.462729968304
816000 110.51003795343 116.485585973798 94.4683774055999 321.464001332829
817000 110.669464391203 116.422137981008 94.7612662842647 321.852868656476
818000 110.872248232211 116.682591236903 94.7988875869768 322.35372705609
819000 110.813927008 116.700847626582 95.0180982394348 322.532872874017
820000 110.692951038305 117.12766770085 95.0215544150075 322.842173154162
821000 111.120337173091 117.071685319049 95.2282761482291 323.420298640369
822000 111.274071742371 117.489629889623 95.3413513186603 324.105052950654
823000 111.373947609584 117.587024369494 95.3551880227578 324.316160001836
824000 111.411365089405 117.54883022755 95.5327882944079 324.492983611364
825000 111.661474913847 117.728076899011 95.5973633239101 324.986915136768
826000 111.610649108324 117.786299950665 95.5183660508291 324.915315109817
827000 111.653275617479 118.048047298254 95.641511768901 325.342834684635
828000 111.747602615249 117.987541497645 95.708219898905 325.443364011799
829000 112.07389461426 118.326492774319 96.0509336438552 326.451321032434
830000 112.123479393263 118.434105516108 96.1897524698376 326.747337379209
831000 112.108504063403 118.550024066937 96.1595123210687 326.818040451408
832000 112.327543482788 118.579331186214 96.30540479761 327.212279466612
833000 112.470327532121 118.921270619234 96.3436814305028 327.735279581858
834000 112.532111982945 118.993523391332 96.3254047909824 327.85104016526
835000 113.151759917361 119.248863094504 96.7322743272302 329.132897339095
836000 113.355050064968 119.307443487057 96.8571926689803 329.519686221005
837000 113.527287573466 119.368116617825 96.9279461317767 329.823350323068
838000 113.875990011734 119.529231231076 96.9739257714358 330.379147014246
839000 113.94464857609 119.657096757006 97.0017228115362 330.603468144632
840000 114.213798439302 119.736228178261 97.0997057128828 331.049732330445
841000 114.038379860513 119.946859314186 97.0472081856133 331.032447360312
842000 114.248602273763 120.026437878356 97.0931619782905 331.36820213041
843000 114.252777408536 120.225980965217 97.4216080604353 331.900366434188
844000 114.314529690515 120.281352676903 97.6998255637756 332.295707931194
845000 114.33643651845 120.529319264137 97.7146141333278 332.580369915915
846000 114.618860544649 120.739567759094 97.9333929643203 333.291821268063
847000 114.717604622913 120.927503244886 98.0423042270469 333.687412094846
848000 114.623103536646 121.226056306006 98.1393270265551 333.988486869207
849000 114.709700131709 121.628410171019 98.3641450339408 334.702255336669
850000 114.866614797536 121.6409656898 98.3593642408526 334.866944728189
851000 115.03580442298 121.621143463827 98.4550186405483 335.111966527355
852000 115.270093804637 121.879122709137 98.3858076078899 335.535024121663
853000 115.299100480056 122.004183244721 98.5411017596952 335.844385484471
854000 115.606882302091 122.137531618638 98.6130767768709 336.3574906976
855000 115.99706384311 122.219222429131 98.7499757020309 336.966261974272
856000 116.054346613831 122.334559707556 98.8834477337352 337.272354055122
857000 116.208335287118 122.292563481612 98.9533299123531 337.454228681082
858000 116.219627603917 122.90496511086 99.1549209150297 338.279513629806
859000 116.282401642488 123.140960674046 99.0949236532535 338.518285969787
860000 116.424651876926 123.252701844736 99.1827535427921 338.860107264454
861000 116.579398809834 123.400693013118 99.275022394554 339.255114217506
862000 116.970046179138 123.459927069018 99.6255010157755 340.055474263932
863000 116.879185823912 123.653383383261 99.5370047277488 340.069573934922
864000 117.241469135152 123.614952650235 99.7684759926695 340.624897778056
865000 117.477332538984 123.876225233867 100.024164933222 341.377722706073
866000 117.327232249232 123.953820374421 100.162768021364 341.443820645017
867000 117.569761188813 124.107259124315 100.360243885264 342.037264198392
868000 117.447765892866 124.212053821449 100.285748860401 341.945568574716
869000 117.388359221959 124.248161489892 100.369668546328 342.006189258179
870000 117.484190318761 124.216391075729 100.562457721683 342.263039116172
871000 117.453510170566 124.416346875413 100.508938813733 342.378795859712
872000 117.81875685956 124.414114610165 100.789297356652 343.022168826377
873000 118.128239591328 124.459686105825 100.8757739334 343.463699630553
874000 118.345746445963 124.582731235427 100.973015184811 343.901492866201
875000 118.49111223053 124.805966985493 101.247138656093 344.544217872115
876000 118.510169767042 125.009177749366 101.315535245199 344.834882761607
877000 118.736038618112 125.295710400069 101.268049873782 345.299798891962
878000 118.835913325624 125.081020209334 101.252266315184 345.169199850141
879000 119.159529433932 125.419991879264 101.427661097083 346.007182410278
880000 119.522248710509 125.354439732091 101.674021585288 346.550710027888
881000 119.562781556896 125.647591791946 101.814436327182 347.024809676024
882000 119.708566578422 125.897526492237 102.053279042062 347.659372112721
883000 119.708155338056 125.971440199055 102.216066024552 347.895661561663
884000 119.98621920718 125.888146834811 102.100283313301 347.974649355292
885000 120.212229426572 126.138761349137 101.999121042568 348.350111818277
886000 120.46330385416 126.003668118857 102.261434161689 348.728406134705
887000 120.484696797028 126.472593842785 102.273808181008 349.231098820822
888000 120.861641164605 126.520450933548 102.566380337479 349.948472435633
889000 120.613899617146 126.559247486949 102.763466216411 349.936613320507
890000 120.742278941477 126.809437786452 102.749838387445 350.301555115374
891000 120.90649314144 126.695472859101 103.004285612403 350.606251612944
892000 121.101551268756 126.938678260471 103.088479945462 351.128709474689
893000 121.308487213123 127.454819486006 103.365647120296 352.128953819424
894000 121.284832093899 127.806766141039 103.254510636444 352.346108871382
895000 121.339255899795 128.094941734628 103.423843174317 352.858040808739
896000 121.552110417201 127.921136880318 103.734527342951 353.20777464047
897000 121.71876138602 127.921665813905 103.715283901428 353.355711101353
898000 121.932406593688 128.167256930969 103.81083247626 353.910496000918
899000 122.230025083248 128.076177085824 103.932881657428 354.2390838265
900000 122.259381937539 128.387376155242 104.002803338768 354.649561431549
901000 122.401402868269 128.664409471962 103.997606477003 355.063418817234
902000 122.344137024485 128.43734480485 104.094460893848 354.875942723184
903000 122.515914806248 128.434138428619 104.114770824151 355.064824059018
904000 122.678298208695 128.751473640323 104.314921990215 355.744693839233
905000 123.08925241282 129.204447635197 104.287539051286 356.581239099303
906000 123.064619709641 129.057787818471 104.443908452928 356.566315981041
907000 123.553065154882 129.188842088446 104.770294676864 357.512201920192
908000 123.486643443796 129.41033163353 104.74481533831 357.641790415637
909000 123.748018138363 129.718422806359 104.926699717614 358.393140662335
910000 123.560478453171 129.908468684884 104.936136181889 358.405083319944
911000 123.76669160108 129.908811348709 105.122043350991 358.79754630078
912000 124.047564175577 130.064793310305 105.150474090335 359.262831576216
913000 124.150404684991 130.204112733688 105.216718855431 359.57123627411
914000 124.38810063585 130.42071999618 105.268800997039 360.077621629069
915000 124.4896761298 130.610529785379 105.392326342042 360.492532257222
916000 124.179702499665 130.731985165853 105.421281553653 360.332969219171
917000 124.446637903003 130.789832551937 105.444402806393 360.680873261333
918000 124.605438873527 130.816801661786 105.500762587843 360.923003123156
919000 124.990163037304 131.056635839168 105.759667775351 361.806466651822
920000 125.279720095104 131.380916920802 106.095184690895 362.7558217068
921000 125.231431941042 131.319505791538 106.056978487719 362.6079162203
922000 125.285228246932 131.672705316833 106.068506613924 363.026440177689
923000 125.386251466151 131.948818657579 106.217280452522 363.552350576253
924000 125.474128391599 132.099268369843 106.362283912312 363.935680673754
925000 125.567690746276 132.162120674471 106.39915098337 364.128962404117
926000 125.581767489484 132.548778376719 106.51421132471 364.644757190914
927000 125.675965869081 132.472494006139 106.584538789233 364.732998664454
928000 125.885237036119 132.846974154889 106.769318690397 365.501529881405
929000 126.088326577976 133.067622309687 106.882919511567 366.03886839923
930000 126.249857009295 133.052743506927 106.839320874766 366.141921390988
931000 126.470785814696 133.188165875283 106.974875184754 366.633826874734
932000 126.5803025029 133.288008129106 107.154005258822 367.022315890827
933000 126.797837370222 133.533005196337 107.307504033745 367.638346600304
934000 127.065905165894 133.557362696665 107.323738991492 367.947006854051
935000 127.06042348068 133.78505298302 107.413849752812 368.259326216511
936000 127.004947768711 133.962427061157 107.582737048733 368.5501118786
937000 127.127402532693 133.9820619698 107.613388247692 368.722852750186
938000 127.297099543285 134.082508908188 107.602804128559 368.982412580033
939000 127.446597187561 134.509325158953 108.04538457548 370.001306921994
940000 127.46330168207 134.407993855264 108.01372507524 369.885020612573
941000 127.621947929438 134.398634285762 108.125271099012 370.145853314213
942000 127.617736860731 134.451680488333 108.002897721909 370.072315070973
943000 127.920934006595 134.541960089748 108.147606043619 370.610500139962
944000 128.055057835599 134.571687784733 108.360000392349 370.986746012681
945000 128.112173426424 134.751331587382 108.387572563378 371.251077577184
946000 127.906832736944 134.850652244324 108.510445976122 371.26793095739
947000 128.245113000802 134.851492662658 108.523000329308 371.619605992768
948000 128.33130630976 135.088079822615 108.658353909088 372.077740041463
949000 128.521674965635 135.387125054398 108.665648931428 372.574448951461
950000 128.649543978996 135.531422070748 108.800719745416 372.98168579516
951000 128.717734309348 135.604756686582 108.927732113573 373.250223109503
952000 128.743372749749 135.79603347647 109.121291123805 373.660697350024
953000 128.91326514643 136.078511596026 109.166789620233 374.158566362689
954000 129.078729107818 135.914805037605 109.356454960798 374.349989106221
955000 129.28661140425 136.121357827372 109.48492695635 374.892896187972
956000 129.2525903646 136.451340078013 109.57040442667 375.274334869283
957000 129.483669492573 136.355311361068 109.68114159997 375.52012245361
958000 129.619874339315 136.515261511087 109.46365174191 375.598787592312
959000 129.784141632507 136.770257736901 109.472089795846 376.026489165255
960000 129.622115865809 137.081123430632 109.619940230046 376.323179526486
961000 129.65826504423 137.002512860434 109.687811740851 376.348589645515
962000 129.747624884097 137.226250443874 109.609999626713 376.583874954684
963000 129.741011842713 137.334627412963 109.892077508101 376.967716763778
964000 129.955856023365 137.674551653992 110.040135338179 377.670543015537
965000 130.041131469973 137.719084038179 110.323415881582 378.083631389734
966000 130.282815168486 137.792557204249 110.388461612864 378.463833985599
967000 130.157620992632 137.957557417586 110.432871414839 378.548049825057
968000 130.360835173238 138.437126733327 110.511171408394 379.309133314959
969000 130.730865542361 138.392512776162 110.689105876165 379.812484194689
970000 130.728636978121 138.713806775537 110.572197756981 380.014641510638
971000 130.934517702593 138.938722035504 110.770280738048 380.643520476146
972000 131.077459340547 138.821254922851 111.006900716334 380.905614979732
973000 131.259242110557 138.879039533012 111.309739320514 381.448020964082
974000 131.316989658706 139.129982621108 111.448816251155 381.895788530969
975000 131.796786852377 139.028143887523 111.418120399293 382.243051139193
976000 131.687371641156 139.209705739969 111.5278064549 382.424883836025
977000 131.916134069583 139.562303680013 111.574407758895 383.052845508492
978000 132.178132877277 139.424453243233 111.655339557945 383.257925678455
979000 132.28534248324 139.515451031563 111.843020784444 383.643814299247
980000 132.231050526667 139.94549012437 111.72487110356 383.901411754597
981000 132.26145082504 139.767344727635 112.040155929235 384.06895148191
982000 132.563974113995 139.74987690475 111.990415609832 384.304266628577
983000 132.553250385504 139.995384002615 112.113647580264 384.662281968383
984000 132.939204195793 140.0201085534 112.282674780804 385.241987529996
985000 132.911605519832 140.170080177221 112.295963457682 385.377649154736
986000 133.240999745311 140.538809421837 112.432687301414 386.212496468563
987000 133.466043342276 140.783345626412 112.649410979476 386.898799948163
988000 133.55483427161 140.749286466891 112.693266829367 386.997387567868
989000 133.905579517178 141.206045839998 112.656589929859 387.768215287035
990000 133.768394182855 141.105535729311 112.798920290683 387.67285020285
991000 133.913917778662 141.398278405312 112.926883991041 388.239080175014
992000 134.148585016323 141.228828892746 112.900603485178 388.278017394247
993000 134.420010268883 141.161561630319 113.271854221065 388.853426120267
994000 134.601336187123 141.431034776988 113.145657396348 389.178028360459
995000 134.795639312614 141.43023713555 113.358667337464 389.584543785627
996000 134.931748911996 141.587566096173 113.321850628158 389.841165636328
997000 135.186347813915 141.837919586421 113.473587685895 390.497855086231
998000 135.311419237879 141.812815416215 113.667150761997 390.791385416092
999000 135.491697652556 141.897314015381 113.613871899926 391.002883567863
1000000 135.582611373279 142.087103176265 113.942698043462 391.612412593007
1001000 135.751428911326 142.301640633546 114.131472042045 392.184541586917
1002000 135.633914647114 142.233515958742 114.429357794499 392.296788400354
1003000 135.763109351022 142.139212856203 114.426459045394 392.328781252619
1004000 135.941403544514 142.156709708617 114.60931936383 392.70743261696
1005000 136.117571145035 142.38406015137 114.845135779133 393.346767075538
1006000 135.796659537718 142.50640891152 114.575225796862 392.8782942461
1007000 135.991481263153 142.609054976741 114.83945712044 393.439993360334
1008000 136.385617013843 142.858352699513 115.05326321035 394.297232923707
1009000 136.512120774817 142.920128177194 115.236646183339 394.66889513535
1010000 136.623144972071 142.896632963346 115.07849617139 394.598274106807
1011000 136.832495295682 143.356817955796 115.224248943753 395.413562195231
1012000 136.674730086695 143.311530258463 115.513986032064 395.500246377223
1013000 136.811872549729 143.300195024558 115.51272784441 395.624795418697
1014000 136.811090991912 143.321415610258 115.735060313676 395.867566915846
1015000 136.873039501849 143.740766465221 115.606871490027 396.220677457097
1016000 137.055949431254 143.785176221188 115.848975260688 396.690100913131
1017000 137.325130666917 143.874046243978 115.816299867861 397.015476778757
1018000 137.191848551798 143.881860917191 115.964461967182 397.038171436171
1019000 137.415879883587 144.083196074832 115.950491321361 397.44956727978
1020000 137.408540241649 144.142751789608 116.273699985683 397.82499201694
1021000 137.460081460713 144.523897863435 116.379809868843 398.363789192991
1022000 137.825000363269 144.308443516977 116.522903313944 398.656347194191
1023000 137.734650313513 144.594041857816 116.660554327497 398.989246498827
1024000 138.228316376814 144.990742315119 116.634341160035 399.853399851967
1025000 138.267685262869 145.072868107473 116.512912329465 399.853465699806
1026000 138.357037725721 145.234322698147 116.704729618267 400.296090042136
1027000 138.498922830275 145.436385456204 116.771093070658 400.706401357137
1028000 138.825750465066 145.617333662308 116.810773449317 401.253857576691
1029000 139.176930710972 145.613895565291 117.177775990102 401.968602266364
1030000 138.91768751657 145.708476186266 117.043852856997 401.670016559833
1031000 139.119890684237 145.703463512361 117.318535103193 402.141889299791
1032000 139.334121448845 145.859564714296 117.330677887485 402.524364050627
1033000 139.529695465664 145.933954996197 117.610768143243 403.074418605104
1034000 139.661819101514 145.823080570161 117.726804294203 403.211703965878
1035000 139.60100377895 146.134299596745 117.959416645725 403.69472002142
1036000 139.867573494487 146.602440341647 118.12035031814 404.590364154273
1037000 140.046918071728 146.735283299742 117.970850783174 404.753052154645
1038000 140.230469880667 146.969072362988 118.155596398151 405.355138641805
1039000 140.517907455694 147.013452227617 117.888241980913 405.419601664225
1040000 140.492374598075 147.055381032355 118.281267819587 405.829023450017
1041000 140.786206275941 147.365656490094 118.479979429467 406.631842195502
1042000 140.756996256926 147.580862091856 118.336987624419 406.674845973201
1043000 140.958502296872 147.583422370409 118.524156496054 407.066081163335
1044000 141.266456019673 147.571511720621 118.603330007856 407.44129774815
1045000 141.181366442565 147.807449800064 118.788328547129 407.777144789758
1046000 141.332545905697 147.366068004372 118.70841129175 407.407025201819
1047000 141.389900687369 147.669226501909 118.651309884981 407.710437074259
1048000 141.480466903786 147.835468996836 118.90264885954 408.218584760163
1049000 141.347716632354 147.934821852633 119.156450715898 408.438989200885
1050000 141.698378359578 147.958716183462 119.319454343919 408.976548886959
1051000 141.683533661256 148.38636223862 119.538405524693 409.608301424569
1052000 141.962075464759 148.461054529385 119.358981933479 409.782111927622
1053000 142.225287944606 148.762373054801 119.627860025055 410.615521024462
1054000 142.532855941769 148.992676353496 119.503164565193 411.028696860458
1055000 142.856061954361 149.16200140385 119.652348408806 411.670411767017
1056000 142.833166921028 148.89903759248 119.751007777482 411.48321229099
1057000 142.842732303136 148.974169350851 119.714915164172 411.531816818159
1058000 143.113600176246 149.093504672261 119.852127571621 412.059232420128
1059000 143.096151937381 149.395236573434 120.027727492056 412.519116002871
1060000 143.198465127754 149.455809983768 120.1167707206 412.771045832122
1061000 143.412502704861 149.606414767831 120.250901218518 413.26981869121
1062000 143.475407539187 149.979839947421 120.188898585758 413.644146072366
1063000 143.789146179194 150.000723971895 120.211867921802 414.001738072891
1064000 143.990426834911 150.191069928815 120.296587377106 414.478084140833
1065000 144.078055717848 150.657238861124 120.266849588823 415.002144167795
1066000 144.151687977861 150.709847024223 120.38719802044 415.248733022524
1067000 144.277642010373 150.899933350962 120.42121067256 415.598786033895
1068000 144.462417636329 151.353583997475 120.757851986759 416.573853620563
1069000 144.822768517395 151.65763822664 120.794148694023 417.274555438058
1070000 144.759438181536 151.759163117267 120.751170439049 417.269771737852
1071000 144.91116997048 151.847297078564 121.112196856017 417.870663905061
1072000 145.039130189438 152.045860050937 121.140286973602 418.225277213977
1073000 144.825709188573 152.293076076462 121.211301594202 418.330086859237
1074000 144.999748328664 152.286951803488 121.320114477215 418.606814609367
1075000 145.124598036476 152.571144312856 121.526413726548 419.22215607588
1076000 145.272735822998 152.989929177592 121.534797894971 419.797462895562
1077000 145.401683607477 153.160881147536 121.59545710296 420.158021857973
1078000 145.69064044891 153.115236131624 121.362218720257 420.168095300791
1079000 145.920491573398 153.274521881049 121.539030650758 420.734044105205
1080000 146.057263009975 153.581564204854 121.467921957388 421.106749172217
1081000 146.194200659379 153.55430241323 121.597022056372 421.345525128981
1082000 146.371385284687 153.81651114707 121.771478563764 421.95937499552
1083000 146.349522036074 154.127761345439 121.851859566092 422.329142947605
1084000 146.490077396259 154.585764172733 122.016693049045 423.092534618038
1085000 146.73419281624 154.396529940288 122.163830293339 423.294553049866
1086000 147.005157058365 154.277382054368 122.248828661587 423.53136777432
1087000 146.985419464078 154.492989314674 122.331976189963 423.810384968715
1088000 147.109395544197 154.655203102862 122.547878032577 424.312476679635
1089000 147.276980677371 154.75508908388 122.727233982262 424.759303743514
1090000 147.372265690555 155.000212432638 122.470276195629 424.842754318822
1091000 147.4885823984 155.380692750338 122.993251468942 425.86252661768
1092000 147.705853081108 155.55090475784 122.92279438538 426.179552224328
1093000 147.826466191818 155.786262011282 123.051264548899 426.663992751999
1094000 147.985836184227 155.736645507962 123.130650219848 426.853131912037
1095000 148.010806788264 155.691989186437 123.374902094984 427.077698069685
1096000 148.131079972543 155.690157817729 123.37858781305 427.199825603321
1097000 148.139442668341 155.680238180792 123.4510527561 427.270733605232
1098000 148.263774585255 155.571729104639 124.033178441058 427.868682130951
1099000 148.453909477115 155.721569873838 124.023530510158 428.199009861111
1100000 148.690454877023 155.938347070756 124.019584190861 428.648386138641
1101000 148.706097039024 156.086759715719 124.130804042773 428.923660797516
1102000 149.0848399718 156.078826813856 124.208966964989 429.372633750645
1103000 149.053172394687 156.226278332739 124.255409662805 429.534860390231
1104000 149.260666864317 156.437222369784 124.321003529398 430.018892763499
1105000 149.232893435773 156.630630251588 124.517384485768 430.380908173129
1106000 149.289532271901 156.420344372538 124.677098195063 430.386974839502
1107000 149.52068534178 156.922490527494 124.973766758259 431.416942627533
1108000 149.686755701977 156.695614982317 125.05313664903 431.435507333324
1109000 149.81431733497 157.125081566083 125.069651779669 432.009050680722
1110000 150.134118122316 157.310130237307 125.383730303211 432.827978662833
1111000 150.391378614187 157.373390684087 125.596988190028 433.361757488302
1112000 150.723066314631 157.378225599253 125.813408452026 433.914700365911
1113000 150.822535187383 157.74150958019 125.810503227695 434.374547995268
1114000 150.96608442341 157.576361363707 125.904808561488 434.447254348605
1115000 150.998724341105 157.803195235305 125.80915093425 434.61107051066
1116000 151.267890048763 157.96090547639 125.943957342438 435.172752867592
1117000 151.31190522735 158.52377674091 125.916927805138 435.752609773397
1118000 151.45811517718 158.571540240861 125.942348938823 435.972004356864
1119000 151.326753776412 158.568789406308 125.963653793526 435.859196976246
1120000 151.480712928174 158.775547380298 126.019501599558 436.27576190803
1121000 151.328220015874 158.790490766627 126.057576355223 436.176287137724
1122000 151.502249538646 159.088749019141 126.435911547478 437.026910105265
1123000 151.461577962885 159.095054040707 126.585086938371 437.141718941963
1124000 151.795022888478 159.25209016958 126.837627363054 437.884740421112
1125000 151.727096793812 159.26525623061 126.849981689869 437.842334714291
1126000 152.049603439765 159.513187023712 127.047076632468 438.609867095946
1127000 152.014531546312 159.538420102684 127.21781481971 438.770766468706
1128000 152.401584512699 159.554175090501 127.076746279777 439.032505882976
1129000 152.425595330365 159.61257344773 127.299846264523 439.338015042618
1130000 152.369679368281 159.684988770959 127.408097255725 439.462765394966
1131000 152.699008683265 159.90914905028 127.425530796957 440.033688530502
1132000 152.84900526984 160.233644638194 127.552883429108 440.635533337142
1133000 153.052802271635 160.365164907276 127.651505791624 441.069472970536
1134000 153.251729694221 160.638023001711 127.950902931512 441.840655627445
1135000 153.386477948312 160.867529026983 128.136156581712 442.390163557007
1136000 153.070875187966 161.121470327454 128.361719524673 442.554065040093
1137000 153.437585042144 161.030625044498 128.560927470672 443.029137557314
1138000 153.756451120339 161.134713082635 128.527995570438 443.419159773413
1139000 153.715837520902 161.142371692536 128.67704482982 443.535254043258
1140000 153.703915250148 161.225069422963 128.810392437708 443.739377110819
1141000 153.848340381279 161.323181088918 128.948027908818 444.119549379015
1142000 153.824012070162 161.56979444449 128.998310630398 444.39211714505
1143000 154.055474446861 161.453510037194 129.286447734979 444.795432219034
1144000 154.021028663064 161.221870346318 129.211887046772 444.454786056155
1145000 154.202911973863 161.641688876803 129.357476370388 445.202077221054
1146000 154.308619170206 161.397753843296 129.433882977439 445.140255990941
1147000 154.136491097425 161.747367423071 129.460340203687 445.344198724183
1148000 154.246322551133 161.803755111481 129.49376216109 445.543839823704
1149000 154.370858248332 162.319257966492 129.787540838889 446.477657053712
1150000 154.638262850866 162.23749809363 130.001625660521 446.877386605017
1151000 154.676160236801 162.33820556261 129.943386367859 446.957752167269
1152000 154.641053952966 162.339856766715 129.777701269618 446.758611989299
1153000 155.075978465328 162.630802061789 130.028133953925 447.734914481042
1154000 155.273196742232 162.968724559633 130.388005211177 448.629926513042
1155000 155.268919727479 163.209790866353 130.597059353797 449.075769947629
1156000 155.472294956525 163.190240280724 130.414334728209 449.076869965457
1157000 155.769793156754 163.307689109366 130.4635600788 449.54104234492
1158000 155.962416130076 163.714942438351 130.478223365438 450.155581933865
1159000 156.005698342395 163.688873919258 130.560634939043 450.255207200696
1160000 156.211782125218 163.974818170826 130.960671805826 451.147272101871
1161000 156.324825359282 163.999929955702 131.17614575886 451.500901073843
1162000 156.474900084061 164.056807065419 131.216977042499 451.748684191978
1163000 156.719528133893 164.260087713195 131.22847502423 452.208090871318
1164000 156.863252917111 164.535718954081 131.462455251547 452.86142712274
1165000 156.856290038486 164.722118528635 131.585313816272 453.163722383393
1166000 157.060431217051 164.999459259651 131.74948275166 453.809373228362
1167000 157.183784533914 165.271349175916 131.945495710791 454.400629420621
1168000 157.203291610434 165.31084790433 132.34766871957 454.861808234334
1169000 157.294899261924 165.520303617746 132.35722369137 455.17242657104
1170000 157.102764827773 165.800939453427 132.660004668964 455.563708950164
1171000 157.348455050017 165.898068207987 132.87084240433 456.117365662334
1172000 157.492855110558 165.908618987107 132.701439258353 456.102913356019
1173000 157.630276396168 166.225591457721 133.02585882669 456.881726680579
1174000 157.827776069621 166.395215339162 133.187486747428 457.410478156211
1175000 157.690598622851 166.359797781361 133.360866420284 457.411262824496
1176000 158.047985687998 166.45460334346 133.46501865558 457.967607687039
1177000 157.946641028694 166.576023901453 133.223719920004 457.746384850151
1178000 158.216648249454 166.809918941007 133.402492244647 458.429059435108
1179000 158.212810562248 167.045323889799 133.646416438418 458.904550890465
1180000 158.336177595439 167.329077182776 133.597179993558 459.262434771774
1181000 158.37255556253 167.470756787843 133.808694144626 459.652006494999
1182000 158.036862465886 167.667471877541 133.910580828055 459.614915171482
1183000 158.256241527126 168.036137354488 133.858553049705 460.150931931319
1184000 158.411490743201 168.118043349564 133.952175931291 460.481710024055
1185000 158.627273501297 168.65643201571 134.004792972929 461.288498489936
1186000 158.741862985455 168.791734015547 134.211936193204 461.745533194207
1187000 158.91740383414 168.849479755327 134.226054387542 461.992937977009
1188000 159.250283732468 169.099408297303 134.199409764252 462.549101794022
1189000 159.37335117217 169.405488237159 134.648100365694 463.426939775023
1190000 159.508102942449 169.652807145332 134.52260927145 463.683519359232
1191000 159.528417472508 169.700101260514 134.489156729287 463.717675462309
1192000 159.741990649263 169.924135996305 134.692721899608 464.358848545176
1193000 159.963923544402 169.758985737497 134.906083579051 464.62899286095
1194000 159.951821869033 170.203701792894 134.908043399088 465.063567061015
1195000 160.088506237004 170.48840710431 135.05849669318 465.635410034495
1196000 160.264765521851 170.655518484231 135.295024454991 466.215308461073
1197000 160.049259397408 170.631690458914 135.432199077399 466.113148933721
1198000 160.459769867041 170.900411318702 135.347548264611 466.707729450354
1199000 160.396427038971 170.912816980565 135.508828653289 466.818072672826
1200000 160.6285107478 171.076211319072 136.024079957952 467.728802024825
1201000 160.797241654772 171.386148997038 136.105926087092 468.289316738901
1202000 160.797973771788 171.674469676534 135.960169238365 468.432612686686
1203000 160.941695526071 172.109567374766 136.162446807681 469.213709708518
1204000 160.94711168531 172.365695392886 136.39059635808 469.703403436275
1205000 161.051403870594 172.229166911824 136.290700008689 469.571270791108
1206000 161.335699838978 172.257585084347 136.371135993291 469.964420916617
1207000 161.749035409068 172.70689140241 136.778503244663 471.23443005614
1208000 161.791468254419 172.926594045319 136.686593717683 471.404656017421
1209000 161.851405057292 173.222584651392 136.959812737673 472.033802446357
1210000 162.079513295953 173.390889867943 136.919072518402 472.389475682298
1211000 162.347080000441 173.48018976567 137.045348892067 472.872618658178
1212000 162.094394244905 173.489768847678 136.979078726882 472.563241819465
1213000 162.254895027215 173.792138317631 137.00977759245 473.056810937296
1214000 162.500943175876 173.754553197705 137.195307183843 473.450803557424
1215000 162.757763131868 174.177061011866 137.373479720479 474.308303864213
1216000 163.181754776517 174.590763749168 137.48109247217 475.253610997855
1217000 163.121827743345 174.745700465291 137.676775903195 475.544304111831
1218000 163.261473857478 174.495375363216 137.73320220988 475.490051430575
1219000 163.407678988774 174.905725157709 137.717755572377 476.031159718859
1220000 163.168405068877 174.81472111239 137.84264856418 475.825774745447
1221000 163.562990898054 174.843788661722 137.929027981641 476.335807541417
1222000 163.509402628127 175.103705019212 138.132351461008 476.745459108347
1223000 163.834124477249 175.406198270513 138.029812939898 477.27013568766
1224000 163.867819895855 175.656730889935 138.275724226521 477.800275012312
1225000 164.148378876216 175.57483467222 138.049189992597 477.772403541033
1226000 164.560563429662 175.558358211198 138.180722693974 478.299644334833
1227000 164.802158268757 175.673890898891 138.259663903148 478.735713070797
1228000 165.105312373374 175.73438274652 138.239160182132 479.078855302026
1229000 165.032930333632 176.129765749294 138.619459891837 479.782155974763
1230000 165.246648125385 176.249026727334 138.821980136868 480.317654989587
1231000 165.432042450819 176.537475270881 139.017630570439 480.987148292139
1232000 165.389628765089 176.730509365483 139.05300250603 481.173140636601
1233000 165.582095713777 177.360564797682 139.142882619541 482.085543130999
1234000 165.520738086952 177.122435439881 139.377129233027 482.02030275986
1235000 165.8327233044 177.147163526624 139.393234579104 482.373121410128
1236000 165.679476141792 177.376073242757 139.118071376636 482.173620761185
1237000 165.909358321015 177.550085971534 139.148313978515 482.607758271064
1238000 166.328205245584 177.830080039316 139.229946556553 483.388231841452
1239000 166.498252223054 178.051732761233 139.224590921237 483.774575905525
1240000 166.624474746896 177.83533004492 139.743970670128 484.203775461943
1241000 166.390472688288 178.05458429711 139.526803538175 483.971860523573
1242000 166.941297780024 178.433890738852 139.516665454163 484.891853973039
1243000 167.188072499111 178.279820333655 139.621752293374 485.089645126139
1244000 167.260067019628 178.345993833219 139.716753373203 485.322814226051
1245000 167.528607857042 178.428206942831 139.88384481034 485.840659610213
1246000 167.719716726815 178.465694351855 140.039359503723 486.224770582393
1247000 168.074830240832 179.084547632687 139.887808224699 487.047186098218
1248000 168.24447838775 179.236632181055 139.928850792814 487.409961361618
1249000 168.445141259279 179.278771202515 140.261319697742 487.985232159536
1250000 168.691822908849 179.677833436717 140.356439964932 488.726096310498
1251000 169.180036497565 180.125121125982 140.674686605151 489.979844228697
1252000 169.518433320909 180.142676461947 140.788896627542 490.450006410399
1253000 169.219281088362 180.26059147164 140.705351741303 490.185224301305
1254000 169.642916754026 180.51245340439 140.657944269525 490.813314427941
1255000 169.947483968271 180.38328285468 141.050729652303 491.381496475254
1256000 170.018653839223 180.476969839129 141.151615100098 491.64723877845
1257000 170.303485993368 180.982886698991 141.517051686267 492.803424378626
1258000 170.740741457322 180.834425344752 141.651815912422 493.226982714497
1259000 170.85403677011 181.065972452864 141.726677226468 493.646686449442
1260000 170.854724536115 181.36592094694 142.081131372943 494.301776855998
1261000 171.120042236866 181.553615548043 142.265786275228 494.939444060137
1262000 171.097406743105 181.73120821605 142.144270740051 494.972885699206
1263000 171.392273600054 181.998502582096 142.186504381803 495.577280563954
1264000 171.506188496149 182.359895925962 142.427332194319 496.29341661643
1265000 171.625106948335 182.469793715996 142.818902337679 496.913803002009
1266000 171.791878419676 182.556197137184 142.947074301622 497.295149858482
1267000 171.854462187285 182.734946319488 142.98437295183 497.573781458603
1268000 171.791444700734 183.057610958955 143.075228175938 497.924283835628
1269000 171.811443937434 183.445472044215 143.095718489161 498.35263447081
1270000 172.111519731912 183.457563298499 143.180653564376 498.749736594788
1271000 172.441830332445 183.820804439662 143.465980049286 499.728614821392
1272000 172.513382476249 183.670124561696 143.704173769969 499.887680807914
1273000 172.913080369783 183.775809086745 143.529149866796 500.218039323324
1274000 173.046156159796 183.533209986884 143.682338236753 500.261704383432
1275000 173.08392244981 184.016437711354 143.983165531309 501.083525692473
1276000 172.875148131214 184.321873574564 143.877947417831 501.074969123609
1277000 173.248345760743 184.808644656561 144.040582060315 502.09757247762
1278000 173.039099148437 184.871408869832 143.988411178775 501.898919197043
1279000 173.130738405996 184.832528560038 144.187413334573 502.150680300607
1280000 173.166340815713 185.096526952793 144.240625055844 502.50349282435
1281000 173.255848975515 185.357359198319 144.204536135675 502.817744309509
1282000 173.616823517343 185.635082806702 144.329750428486 503.58165675253
1283000 173.720637790261 185.598453485716 144.210827658801 503.529918934778
1284000 173.511421585849 185.686613557677 144.555079754983 503.75311489851
1285000 173.892929112224 186.203915048986 144.476634783279 504.573478944488
1286000 173.71398736801 186.24091607231 144.708019110397 504.662922550717
1287000 174.169653666884 186.127575785444 144.622356590785 504.919586043112
1288000 174.169428902595 185.93463578549 144.778115974724 504.88218066281
1289000 174.263955358513 186.038445920334 144.809423126162 505.111824405008
1290000 174.263453983059 186.1906935507 144.889768781032 505.343916314791
1291000 174.406930374817 186.501568815936 145.103779780934 506.012278971687
1292000 174.491127891114 186.49002776563 145.217782150105 506.198937806849
1293000 174.581651144339 186.828209273379 145.50036724477 506.910227662488
1294000 174.864209101344 187.145138678071 145.359005282682 507.368353062097
1295000 175.303246628213 187.269999446473 145.622687989988 508.195934064674
1296000 175.128349336115 187.427843826355 145.818129815436 508.374322977905
1297000 175.121782121389 187.652835085819 145.698016005489 508.472633212697
1298000 175.217591585676 187.623901402971 145.708929488739 508.550422477386
1299000 175.273021350967 187.712585879837 146.147318920185 509.132926150989
1300000 175.282689594937 187.625552624458 146.222813824733 509.131056044128
1301000 175.497818194937 187.811780091694 146.250016304709 509.55961459134
1302000 175.846637008394 187.658662660226 146.379661617426 509.884961286046
1303000 176.018307632675 187.679800458485 146.467997511222 510.166105602382
1304000 176.121462937399 187.963092479884 146.868408344821 510.952963762104
1305000 175.947393197486 187.852023211124 146.76102267083 510.56043907944
1306000 176.125807092755 188.212554848334 146.933488339893 511.271850280982
1307000 176.092898585202 188.498357112873 147.045969051936 511.637224750011
1308000 176.512900508796 188.555402241084 147.076154719486 512.144457469366
1309000 176.535190285862 188.751267160966 147.271301333325 512.557758780153
1310000 176.30551372117 189.292389107642 147.418653222906 513.016556051718
1311000 176.715096580939 189.510336378031 147.217479261089 513.442912220059
1312000 176.588961793827 189.613195152933 147.351940496095 513.554097442855
1313000 176.908512269553 190.141629396913 147.19161199589 514.241753662356
1314000 177.216381563029 190.18913596265 147.055600254857 514.461117780537
1315000 177.2831515523 190.291668250421 147.371480025977 514.946299828698
1316000 177.565103527933 190.426813160394 147.193052617955 515.184969306282
1317000 177.526737877783 190.398829074945 147.59867296933 515.524239922059
1318000 177.499941281932 190.325773708833 147.557583812118 515.383298802883
1319000 177.738801371025 190.707066375661 147.420098180261 515.865965926948
1320000 177.937314271332 191.00144932333 147.301051049697 516.239814644359
1321000 177.964415144402 191.19026494642 147.571714492491 516.726394583313
1322000 178.017029706091 191.276975412976 147.465222092769 516.759227211836
1323000 178.144333767112 191.219971672183 147.612442468953 516.976747908248
1324000 178.021649980127 191.303190451267 147.860733928098 517.185574359493
1325000 178.370709884678 191.37674609268 148.055490197179 517.802946174537
1326000 178.697066836824 191.700359835517 148.050842608074 518.448269280415
1327000 178.66074017009 191.680847035098 148.354272630269 518.695859835457
1328000 178.776968234854 191.674027337535 148.547580072665 518.998575645054
1329000 178.825568460735 192.193793030627 148.514317895183 519.533679386545
1330000 178.768058614055 192.008196408298 148.626987251814 519.403242274166
1331000 179.176407594106 191.810310654937 148.867988002948 519.854706251992
1332000 179.470013274993 192.104067572261 148.816571871119 520.390652718373
1333000 179.818148001596 192.158570196544 149.043301504667 521.020019702807
1334000 180.007847235334 191.883920498665 149.165619265369 521.057386999368
1335000 180.074133933346 192.119793827994 149.268881524227 521.462809285567
1336000 180.27348764536 192.525159248989 149.583976873879 522.382623768228
1337000 180.77798888225 192.492760285573 149.696206853738 522.96695602156
1338000 181.046703019578 193.045473087274 149.805161934166 523.897338041018
1339000 181.029812273317 193.446777693431 149.849572058878 524.326162025627
1340000 181.103650269417 193.460600844941 149.787486469485 524.351737583843
1341000 181.604031343479 193.240031668917 150.069818284951 524.913881297347
1342000 181.596716904083 193.522660569939 150.254153542601 525.373531016623
1343000 181.897180777949 193.450686524087 150.540543016494 525.88841031853
1344000 181.987309677161 193.564148698221 150.545948902425 526.097407277806
1345000 181.921372800538 193.769270071436 150.488888118614 526.179530990588
1346000 182.130417441491 194.108792814876 150.550569161455 526.789779417822
1347000 182.470381138904 194.326535688528 150.413453420676 527.210370248109
1348000 182.650479192103 194.258529803403 150.868147247467 527.777156242973
1349000 182.687290738315 194.378350671444 151.179264253297 528.244905663057
1350000 182.87636571901 194.520795174771 150.961798562217 528.358959455998
1351000 182.811126430352 194.868762421823 151.233544858565 528.913433710739
1352000 183.122379073571 195.132315818404 151.371835252289 529.626530144264
1353000 183.382829039181 195.260492800254 151.52590777484 530.169229614275
1354000 183.681075074755 195.405273119212 151.69674611607 530.783094310037
1355000 183.815030607123 195.520520617341 151.820388556078 531.155939780542
1356000 184.195905594159 195.671558319794 151.579672848877 531.44713676283
1357000 184.371027689168 195.723962290279 151.747989892726 531.842979872173
1358000 184.477234071024 195.97425647801 151.764538785569 532.216029334603
1359000 184.601129778351 195.903178184531 151.926370168699 532.430678131581
1360000 184.587313474621 196.065898279139 152.168875954492 532.822087708252
1361000 184.451475722238 196.279866405421 152.620529810075 533.351871937734
1362000 184.742961834634 196.158730836191 152.673759536234 533.575452207059
1363000 184.809624818268 196.078934758876 152.851689848325 533.740249425469
1364000 184.999244478669 195.749075083766 152.962747689837 533.711067252272
1365000 185.139116968006 195.794202776484 152.817648960364 533.750968704854
1366000 185.43507230755 196.22687714441 153.140083518057 534.802032970017
1367000 185.231669918214 196.15370186621 152.8518437912 534.237215575624
1368000 185.252619851361 196.334857423012 153.41272657408 535.000203848453
1369000 185.537204618036 196.75043108489 153.628862456538 535.916498159464
1370000 185.604236229597 196.999084907287 153.495763889591 536.099085026474
1371000 185.904331579418 197.324787483601 153.626416449638 536.855535512657
1372000 186.228119379256 197.017820059749 153.987143798979 537.233083237984
1373000 186.404131254759 197.566478726524 153.84163916277 537.812249144053
1374000 186.55530171551 197.825859034175 153.701151226711 538.082311976396
1375000 186.45543161001 198.061668944368 154.15919107138 538.676291625759
1376000 186.724101661973 198.149149077013 154.402323487089 539.275574226076
1377000 186.901624873399 198.380976701329 154.207159638767 539.489761213495
1378000 187.135538212718 198.293141485859 154.314346596601 539.743026295177
1379000 187.403960173655 198.451492839016 154.57602830769 540.43148132036
1380000 187.410957855049 198.351090735158 154.793738766799 540.555787357006
1381000 187.797216309814 198.367024329376 155.040022675104 541.204263314293
1382000 187.866084062033 198.613234177899 155.30140170078 541.780719940712
1383000 187.86277301528 198.273862799741 155.488212739494 541.624848554515
1384000 187.811704265228 198.568057958452 155.512450118152 541.892212341832
1385000 187.910559385551 198.691893745701 155.503320684422 542.105773815675
1386000 188.343872932489 198.770989964359 155.528492023938 542.643354920786
1387000 188.49164316023 199.123430688127 155.468679562599 543.083753410956
1388000 188.680941994343 198.973884443772 155.530618436656 543.185444874771
1389000 188.877206564243 199.158174848033 155.677013791344 543.71239520362
1390000 189.120969504902 199.304930738414 155.813883620492 544.239783863807
1391000 189.236998700888 199.509843045833 155.840445228862 544.587286975583
1392000 189.309153776652 199.894937199116 156.035384980632 545.239475956399
1393000 189.441830779727 199.932924928202 156.200935824795 545.575691532724
1394000 189.710353465086 199.847439190877 156.049967298497 545.60775995446
1395000 189.845567222792 199.814958353648 156.216628264484 545.877153840924
1396000 189.998570595569 199.7625252541 156.082184145645 545.843279995314
1397000 190.095215490761 199.976006307865 156.194778674264 546.266000472891
1398000 190.397989741909 200.344526942555 156.144015466871 546.886532151336
1399000 190.269771058348 200.457752752022 156.387282254324 547.114806064695
1400000 190.258653382756 201.196346768206 156.74212858763 548.197128738592
1401000 190.472159670268 201.317335759961 156.766397967442 548.555893397671
1402000 190.258916500948 201.60636311844 157.021011686039 548.886291305426
1403000 190.225493026472 201.822750183723 157.113037032519 549.161280242713
1404000 190.324961815994 201.941140717461 157.490874332299 549.756976865754
1405000 190.537791889633 202.107008476117 157.412130231087 550.056930596837
1406000 190.527547030335 202.409033263755 157.559411857587 550.495992151677
1407000 190.726641848519 202.324444056355 157.737478436888 550.788564341761
1408000 191.025367414616 202.396168280183 157.939084717641 551.36062041244
1409000 191.137821343325 202.86006211081 158.213473963256 552.21135741739
1410000 191.211134376271 202.890917332014 158.356791977882 552.458843686167
1411000 190.989730947941 203.317936882955 158.261746047225 552.569413878121
1412000 191.358480060306 203.245828370173 158.653448812752 553.257757243231
1413000 191.197751760328 203.244080701152 158.458882055258 552.900714516738
1414000 191.561432241447 203.567383517316 158.863042750384 553.991858509147
1415000 191.359270140299 203.777369400896 158.943950342273 554.080589883469
1416000 191.973801714745 203.813222143497 158.804415397782 554.591439256024
1417000 192.110599870133 203.668514354942 159.21601056157 554.995124786645
1418000 192.198639511827 204.057128470756 159.724737648957 555.980505631539
1419000 192.130633244735 204.149254278469 159.850830737159 556.130718260363
1420000 192.550750820449 204.302915420203 159.693718611514 556.547384852166
1421000 192.757521992524 204.38238967267 159.734721914371 556.874633579565
1422000 192.898130456922 204.431468867267 159.812446105209 557.142045429397
1423000 193.260246106993 204.746037506813 160.039098006489 558.045381620295
1424000 193.194216602971 205.09896026593 160.126241893914 558.419418762815
1425000 193.122665512151 204.717908540539 160.367287878565 558.207861931255
1426000 193.468092672684 204.843643137977 160.456987128835 558.768722939497
1427000 193.600826599821 205.008968572536 160.292371560719 558.902166733075
1428000 193.898309923614 205.343281685453 160.338884841415 559.580476450483
1429000 193.777457353595 205.157604361035 160.564445816069 559.499507530698
1430000 194.213545572534 205.153931353493 160.565329864765 559.932806790793
1431000 194.772521297538 205.352220723234 160.935014714198 561.059756734969
1432000 194.423160434412 205.613337065671 161.147699425726 561.184196925809
1433000 194.535316492623 205.754691356098 161.153297462933 561.443305311654
1434000 194.876177901713 205.934145629232 161.533640977316 562.343964508261
1435000 194.678549740494 205.648121615742 161.516076287249 561.842747643485
1436000 194.72936571081 205.883072673683 161.536161521438 562.148599905931
1437000 194.987556209105 206.112672636403 161.699533098164 562.799761943671
1438000 195.144435955341 206.143970701448 161.925405579601 563.21381223639
1439000 195.313534417973 206.661692654357 162.287700986377 564.262928058707
1440000 195.642890625465 206.650127386181 162.497783065895 564.790801077541
1441000 195.613677762902 206.289050213727 162.541157817537 564.443885794166
1442000 195.847950580216 206.706863817223 162.465003425057 565.019817822497
1443000 196.220521291753 206.978587176754 162.746634429647 565.945742898154
1444000 196.280304156237 207.113171604378 162.411606500811 565.805082261427
1445000 196.434875425468 207.249259384865 162.411811066897 566.09594587723
1446000 196.51598053929 207.119805148516 162.676487789355 566.312273477161
1447000 196.557277897871 207.740645386216 162.817293411424 567.115216695512
1448000 196.714131728763 208.19857188571 162.890876184952 567.803579799424
1449000 196.697317710247 208.40583552997 163.116981346293 568.22013458651
1450000 197.009006751835 208.475005074961 163.429422836394 568.913434663189
1451000 196.929537563507 208.341685537004 163.378751157181 568.649974257693
1452000 196.982660874616 208.478435417352 163.557464491855 569.018560783824
1453000 196.988962352982 208.35260557732 163.54652945395 568.888097384251
1454000 197.449253419537 208.706468486965 163.692185186382 569.847907092884
1455000 197.342021300254 208.76299880385 163.761358400518 569.866378504622
1456000 197.371743071145 208.983993264356 164.026676563082 570.382412898584
1457000 197.635808418159 208.752261782334 164.208845415018 570.596915615511
1458000 197.840002950396 208.897508551603 164.013715252313 570.751226754312
1459000 197.677154509541 209.134300771585 163.949858563492 570.761313844618
1460000 198.086537395203 209.212764948345 164.433769673242 571.73307201679
1461000 198.12760555713 209.57893941608 164.40172776633 572.10827273954
1462000 198.369141102692 209.924812036798 164.612288383236 572.906241522726
1463000 198.553485215466 209.879473984948 164.96646558309 573.399424783504
1464000 198.67645898896 210.276603794462 164.884240079077 573.837302862499
1465000 198.962906845907 210.429337906911 164.944899392361 574.337144145179
1466000 199.29613619709 210.37845400572 164.907131757468 574.581721960278
1467000 199.414450187502 210.585725923043 165.170612991355 575.1707891019
1468000 199.380877949255 210.903424720833 165.183283641699 575.467586311787
1469000 199.37445335188 210.592052859149 165.268576156064 575.235082367093
1470000 199.639180413672 211.117056506247 165.305331340078 576.061568259997
1471000 199.65387242251 211.017115371732 165.520794515665 576.191782309907
1472000 199.640990409287 211.280168110215 165.563370796889 576.484529316391
1473000 199.985459053064 210.974932529687 165.709462899234 576.669854481985
1474000 200.239943672053 211.377332165262 165.615204402013 577.232480239327
1475000 200.422249148729 211.439846274929 165.655825508648 577.517920932306
1476000 200.654899682638 211.815477985743 166.069629148676 578.540006817057
1477000 200.640784611444 211.888292059775 166.148511047748 578.677587718967
1478000 200.888014364717 212.055417529477 166.364267605025 579.307699499218
1479000 200.962169789725 212.245633924445 166.329200808558 579.537004522728
1480000 201.043899624201 212.2601114403 166.203922793544 579.507933858045
1481000 200.7585251243 212.676967798387 166.345183497899 579.780676420586
1482000 201.234039782509 212.705765048823 166.473277653129 580.413082484461
1483000 201.28895977485 213.102623578189 166.680267735083 581.071851088121
1484000 201.440105338548 213.251081467208 166.641484259785 581.332671065542
1485000 201.572197199795 213.784813096814 166.766017274738 582.123027571348
1486000 201.752528694237 213.476720850865 167.033230675568 582.26248022067
1487000 201.944894392445 213.664390149688 167.423496032301 583.032780574434
1488000 202.067338376309 213.661089752983 167.297801714701 583.026229843994
1489000 202.486452000825 213.637133311275 167.37486371865 583.49844903075
1490000 202.891562199797 214.100106563586 167.458768942824 584.450437706207
1491000 203.078837849893 214.557412217258 167.698563598235 585.334813665386
1492000 203.250598961758 214.658262472383 167.585473356246 585.494334790387
1493000 203.704911416451 214.906896232281 167.686779743083 586.298587391815
1494000 203.713640697067 215.023656066535 167.949291736231 586.686588499832
1495000 203.775886292278 215.182674038012 167.997418113679 586.955978443969
1496000 204.030341403086 215.612882486497 168.31242196875 587.955645858333
1497000 204.361682744693 215.627239004742 168.578809467856 588.567731217291
1498000 204.672029086498 215.701011052305 168.50087845103 588.873918589833
1499000 204.676025792671 215.523249084874 168.598178521772 588.797453399316
1500000 204.517502297225 215.577643014325 168.641493753361 588.736639064911
1501000 204.784566245921 215.458920765134 168.970500954419 589.213987965474
1502000 204.927624482122 215.388545664287 168.953902686796 589.270072833204
1503000 205.049589031824 215.413044306256 168.742284303848 589.204917641929
1504000 205.297282234289 215.737094382705 168.839662024801 589.874038641795
1505000 205.290245636402 215.712142667803 169.129013972645 590.13140227685
1506000 205.688182810545 215.753256443899 169.070598718702 590.512037973145
1507000 205.588838365442 215.981275780011 169.361544822389 590.931658967842
1508000 205.676645732873 216.088337143694 169.764502391984 591.529485268551
1509000 206.195456242161 216.152584408449 169.564298630107 591.912339280718
1510000 206.247147369003 216.301685001692 169.728357441459 592.277189812153
1511000 206.677241932989 216.470565057813 169.968018588086 593.115825578889
1512000 206.68575015662 216.565584080242 170.087651944919 593.338986181781
1513000 206.767215940712 216.746130862658 170.0903193535 593.60366615687
1514000 206.83701026801 217.00662511276 170.334096725267 594.177732106037
1515000 206.684022633877 217.313610550025 170.222784198971 594.220417382873
1516000 206.646232500504 217.224974495878 170.200964608775 594.072171605157
1517000 206.70212747902 217.24306413942 170.361009989432 594.306201607871
1518000 206.575528959051 217.430893034438 170.692391151758 594.698813145247
1519000 206.768088155458 217.734704608323 170.623766136313 595.126558900094
1520000 206.879423947309 217.644361243884 170.974436793673 595.498221984865
1521000 206.98989218927 217.770534611373 171.079633711761 595.840060512404
1522000 206.848551409116 217.816790826768 171.431194900648 596.096537136532
1523000 207.245349245177 217.99731893879 171.620998434904 596.863666618872
1524000 207.299513832456 217.778192413867 171.587734300258 596.665440546582
1525000 207.336778191898 218.092279092776 172.017558407713 597.446615692386
1526000 207.716992923549 218.204628191671 172.141258159606 598.062879274826
1527000 208.139420475143 218.446905538987 172.229430146948 598.815756161078
1528000 208.093631824036 218.530676010574 172.16443855653 598.78874639114
1529000 208.401421385665 218.690369271459 172.315158562979 599.406949220103
1530000 208.355015673091 218.96500642867 172.424130775934 599.744152877695
1531000 208.838086652038 218.962710431586 172.701720265239 600.502517348863
1532000 209.071276036385 219.115063496636 172.893406316465 601.079745849486
1533000 209.262676825005 219.189962098842 172.86157635353 601.314215277377
1534000 209.327108581064 219.301156217283 172.894207581435 601.522472379782
1535000 209.701614313249 219.506726287172 172.860770918908 602.069111519328
1536000 209.42632005056 219.706259229961 173.106213820095 602.238793100616
1537000 209.657457831161 219.845753317751 173.314037667485 602.817248816397
1538000 209.641606115547 220.097050179776 173.120752355938 602.859408651261
1539000 209.443425105491 220.305528521461 173.033981022278 602.78293464923
1540000 209.650341542735 220.710357658195 173.194692614935 603.555391815864
1541000 209.93752401349 221.029111159687 173.182705236421 604.149340409597
1542000 210.290513968898 220.996915966731 173.425849537829 604.713279473458
1543000 210.555065883382 221.339745685575 173.357898717649 605.252710286606
1544000 210.387121266113 221.745470359837 173.793385746323 605.925977372273
1545000 210.775299203998 221.925051090932 173.807408957144 606.507759252074
1546000 211.168921906204 221.962075052293 173.97710297295 607.108099931448
1547000 211.095854164465 221.928096043919 174.063300685202 607.087250893586
1548000 211.392313159294 222.286055751601 173.895785805823 607.574154716718
1549000 211.510488466729 222.002684966042 174.087983835246 607.601157268018
1550000 211.73365494966 222.363161764605 174.131346419074 608.228163133339
1551000 211.570640942821 222.77145868918 174.290489892668 608.63258952467
1552000 212.031391781389 223.077169756913 174.356013450839 609.464574989141
1553000 212.086240581924 223.596131785708 174.69559394272 610.377966310352
1554000 212.342274751355 223.56797117177 174.87601988944 610.786265812565
1555000 212.436525254519 223.675227011845 174.967937878106 611.07969014447
1556000 212.739031280956 223.605996771511 175.078990734937 611.424018787404
1557000 212.734875679686 223.403930744512 174.876858058567 611.015664482765
1558000 213.063937441733 223.743240305661 174.913883358291 611.721061105685
1559000 213.033212267669 224.036205715421 174.901916714124 611.971334697213
1560000 213.434179677211 224.070020421876 174.97364821349 612.477848312576
1561000 213.398584253187 224.445098752495 175.133946769404 612.977629775085
1562000 213.583026983024 224.548376378941 175.356770649746 613.488174011711
1563000 213.709462921133 224.827582962396 175.40936440825 613.946410291779
1564000 213.701927992927 225.328487279829 175.542801930411 614.573217203167
1565000 213.746447764914 225.226392722814 175.79581446655 614.768654954278
1566000 213.875341831861 225.313097511916 175.93790115675 615.126340500527
1567000 214.052425495639 225.644202618147 176.113955097005 615.810583210791
1568000 214.493766429341 225.695857783702 176.305514006932 616.495138219975
1569000 214.838493290835 226.022273534692 176.410114665771 617.270881491299
1570000 214.836696057835 226.21621083295 176.345931940482 617.398838831267
1571000 214.879161209113 226.374737216231 176.544913708697 617.798812134041
1572000 215.212734684517 226.811627419508 176.322973134797 618.347335238822
1573000 215.468296746269 227.322748548149 176.352530134015 619.143575428433
1574000 215.685456599355 227.430131810227 176.251626511593 619.367214921175
1575000 215.511703219452 227.774958494203 176.860442850144 620.147104563799
1576000 215.740587088709 227.645560794278 176.833499366437 620.219647249423
1577000 215.823889118724 227.658352266901 177.013706006297 620.495947391922
1578000 215.686871282913 227.391172717088 176.889854083294 619.967898083295
1579000 215.998962841477 227.61405980239 177.076024149952 620.68904679382
1580000 216.084505050508 227.826510273021 177.060215667822 620.971230991351
1581000 216.402757434866 228.046787124999 177.175123642956 621.624668202821
1582000 216.573722324928 228.406750690009 177.603640126322 622.584113141259
1583000 216.670222205751 228.500103914567 177.526176529983 622.696502650301
1584000 216.909256599994 228.618280396744 177.253738259942 622.78127525668
1585000 216.871626376743 228.553797417721 177.808470785014 623.233894579478
1586000 217.398914585804 228.681828593233 177.90780453089 623.988547709928
1587000 217.588000241476 228.999415430646 178.536074128713 625.123489800835
1588000 217.909149395664 229.245580403167 178.328844294323 625.483574093155
1589000 217.957580503985 229.220288064526 178.499849480422 625.677718048933
1590000 218.054768481784 229.625648543275 178.399588992091 626.08000601715
1591000 218.062490552971 229.83484695757 178.628712261381 626.526049771922
1592000 218.26950991104 229.565601164563 178.966344453076 626.801455528679
1593000 218.139340198525 229.619920284371 179.195457693402 626.954718176299
1594000 218.266020661599 229.949498458308 179.200325186125 627.415844306032
1595000 218.707454948581 230.258311969866 179.474205335024 628.439972253471
1596000 218.693631700603 230.149541716109 179.689158617524 628.532332034236
1597000 219.036825678308 230.338114754455 179.700138587487 629.07507902025
1598000 219.22370146572 230.72903592638 179.743457328422 629.696194720522
1599000 219.026366265775 231.097436067481 179.829897265069 629.953699598326
1600000 219.105687248305 231.416753986289 180.06703922605 630.589480460644
1601000 219.242070873242 231.117431756585 180.053801795953 630.413304425781
1602000 219.178480346264 231.264371967511 180.416332545741 630.859184859516
1603000 219.300562330972 231.701283913405 180.368613488922 631.370459733299
1604000 219.604004394099 231.758560229088 180.438485301212 631.801049924399
1605000 219.872705548458 231.797526341051 180.314405209996 631.984637099504
1606000 220.05430772405 231.919298636211 180.655070016505 632.628676376766
1607000 220.241846986534 231.942596086936 180.203242544243 632.387685617712
1608000 220.357283500889 232.333291183554 180.452851823259 633.143426507702
1609000 220.739639650115 232.674443664438 180.671660136586 634.085743451139
1610000 221.145003889823 232.718918710925 180.979108979087 634.843031579834
1611000 221.052593150763 232.978463562116 181.562149017117 635.593205729997
1612000 221.294702520783 233.21009366022 181.94259777409 636.447393955093
1613000 221.316574505721 232.767097656003 182.019198074034 636.102870235758
1614000 221.119804028258 233.099139770165 181.922172843177 636.1411166416
1615000 221.367670649122 232.962718739848 181.91711527186 636.24750466083
1616000 221.043587755718 233.757392698555 181.94221297138 636.743193425654
1617000 221.20664125605 233.622973795367 182.226804767001 637.056419818418
1618000 221.389569148346 234.117140580841 182.043986613152 637.550696342338
1619000 221.470374115955 234.114841382179 182.395353367757 637.980568865891
1620000 221.965345761027 233.753099757083 182.46863786145 638.187083379561
1621000 222.227785450505 234.222359861209 182.558319300949 639.008464612664
1622000 222.158642679061 234.545635723966 182.797836303862 639.50211470689
1623000 222.399672917296 234.558025550067 182.749824829703 639.707523297066
1624000 222.599808902652 234.895101746821 182.764440848492 640.259351497965
1625000 222.690810183354 234.919084811289 182.923499901453 640.533394896096
1626000 222.930227674013 235.148741996143 182.675752128291 640.754721798447
1627000 222.969248337107 235.454418180038 182.936469991919 641.360136509065
1628000 222.941906449265 235.774573202751 183.118866801531 641.835346453547
1629000 222.899129026455 235.990267205545 183.054160677816 641.943556909815
1630000 223.280586927888 236.000134237716 182.935304318667 642.216025484271
1631000 223.577362879884 236.187700412792 182.908502390332 642.673565683009
1632000 223.104550082253 236.143182196838 183.297441667399 642.54517394649
1633000 223.161076913851 236.454954457039 183.351310404987 642.967341775878
1634000 223.172693454981 236.57961125058 183.315466901193 643.067771606754
1635000 223.349628158481 236.853488460001 183.32688380642 643.530000424901
1636000 223.336833208646 237.11812770687 183.644834031722 644.099794947238
1637000 223.391356723203 237.186238111669 183.626650849499 644.204245684371
1638000 223.198473428624 237.021965802293 183.532851578352 643.75329080927
1639000 223.653223773662 237.301833251957 183.694831914719 644.649888940337
1640000 223.780591259786 237.47528875695 183.732220292309 644.988100309046
1641000 223.983646154225 237.513688337901 184.114284780841 645.611619272967
1642000 223.894124998641 237.530939590961 184.17695265695 645.602017246552
1643000 224.215444004681 237.607244222306 184.273345540555 646.096033767543
1644000 224.370371780985 237.377515035966 184.229604226361 645.977491043311
1645000 224.59278473058 237.399727931994 184.380827792232 646.373340454806
1646000 224.877686674506 237.326166383491 184.639764890386 646.843617948383
1647000 224.973867736673 237.863373107994 185.018592644194 647.855833488861
1648000 224.950491051754 237.447829914463 184.990011463878 647.388332430095
1649000 225.197252869585 237.823588537641 184.805314953415 647.826156360641
1650000 225.297039306108 238.32266605713 184.944488592259 648.564193955496
1651000 225.356716536444 238.306543526244 185.012567180945 648.675827243633
1652000 225.645012685689 238.500502292539 184.99513075232 649.140645730548
1653000 225.625074468458 238.790769658708 185.115295728682 649.531139855847
1654000 225.918093588864 239.224497035954 185.416905299288 650.559495924106
1655000 225.941740090151 239.663611692007 185.506108652754 651.111460434912
1656000 226.262614213087 239.543782747614 185.54451250881 651.350909469511
1657000 226.40057999727 240.110733338401 185.624170998013 652.135484333684
1658000 226.421669826234 240.017371129376 185.819972061248 652.259013016858
1659000 226.434295290615 240.086448405032 185.717586889051 652.238330584698
1660000 226.20688503622 239.741516182921 185.954427686412 651.902828905553
1661000 226.799497825842 240.15685341324 186.123065959661 653.079417198743
1662000 226.889844048637 239.819307435507 186.243723202963 652.952874687108
1663000 227.113564062722 239.48156191899 186.513828150205 653.108954131916
1664000 227.32677602703 239.749016334392 186.331684978425 653.407477339847
1665000 227.562096487625 240.242619504016 186.448299918738 654.253015910379
1666000 227.657960467294 240.11392775423 186.536362953703 654.308251175227
1667000 228.276581951494 240.06879817408 186.427737214928 654.773117340502
1668000 228.05475004057 240.560371674594 186.620873609852 655.235995325017
1669000 228.142986174667 240.977846878883 186.75282743479 655.87366048834
1670000 228.179802911852 240.926273822611 186.757339310953 655.863416045416
1671000 228.383440312246 241.044424054979 186.735311360897 656.163175728122
1672000 228.566938366209 240.951690157352 186.930462956494 656.449091480055
1673000 228.892678510005 241.289667202114 187.356732710473 657.539078422592
1674000 228.765872636663 241.178664080671 187.452856958505 657.397393675838
1675000 229.138790544754 241.343433777606 187.383921216931 657.866145539291
1676000 229.091265462645 241.572293282312 187.575965724285 658.239524469242
1677000 229.19945431 242.096427305458 187.804168823479 659.100050438937
1678000 229.389284937307 242.205380438188 187.636604173373 659.231269548867
1679000 229.676551308051 242.381383947127 187.620141450463 659.678076705641
1680000 229.837663978022 242.530164990177 187.816882230159 660.184711198358
1681000 229.698590973944 242.990016945677 187.929358836827 660.617966756448
1682000 229.802148894607 243.104686624912 188.018933013371 660.92576853289
1683000 230.158455002656 243.105299434702 187.66823866016 660.931993097519
1684000 230.128845880522 243.003465028214 188.319335484356 661.451646393092
1685000 230.57174986544 242.94360280784 188.224587776224 661.739940449504
1686000 230.604754769291 243.352554334562 188.101264959235 662.058574063088
1687000 230.552084925236 243.647292086109 188.446387474502 662.645764485848
1688000 230.463542119058 243.948873217951 188.887227910838 663.299643247847
1689000 230.921990812719 243.905716171319 188.79721373662 663.624920720657
1690000 231.051301850655 244.013691640632 188.704889638157 663.769883129444
1691000 231.044608304526 244.400587614781 189.259848539058 664.705044458365
1692000 231.666781970867 244.761891444179 189.179316108802 665.607989523847
1693000 231.712716879674 244.972845991174 189.168380131608 665.853943002457
1694000 231.837215971293 245.205817989377 189.33195160931 666.37498556998
1695000 232.11073974014 245.477074365644 189.777699187573 667.365513293357
1696000 232.59150595523 245.603253845823 189.675247212115 667.870007013167
1697000 232.680299250393 245.757687229666 189.578525908102 668.016512388161
1698000 232.692368569347 245.832632062102 190.04088335845 668.565883989899
1699000 232.718939657501 246.241864840171 190.314679373927 669.275483871599
1700000 232.501909414106 246.037360461427 190.30162788124 668.840897756772
1701000 232.579563376797 246.293600999041 190.207949327533 669.081113703372
1702000 232.921939595289 246.319024891074 190.475251593647 669.716216080011
1703000 232.892489877069 246.569311973257 190.301642037811 669.763443888138
1704000 233.179201405034 246.63022237759 190.740694137365 670.550117919989
1705000 233.311805534509 246.852301189979 190.917205944769 671.081312669257
1706000 233.27113220253 246.940990822143 191.121305969379 671.333428994052
1707000 233.211792842044 247.290023389267 191.289124832722 671.790941064034
1708000 233.22765224608 247.18944246132 191.117861701497 671.534956408897
1709000 233.622693069775 247.456914392088 191.574730333203 672.654337795066
1710000 233.87819170845 247.444027280609 191.609414887554 672.931633876613
1711000 233.918783189585 247.759185176369 191.33072173377 673.008690099724
1712000 234.253010846207 247.80155278872 191.655449110835 673.710012745762
1713000 234.592761626895 248.068800550735 191.787917056578 674.449479234208
1714000 234.691964709823 248.157878543765 192.107040996243 674.956884249831
1715000 234.996067653006 248.613395058503 192.202599073597 675.812061785107
1716000 235.085787340477 248.506332598555 192.376900280617 675.969020219649
1717000 235.433477320959 248.729723936828 192.328391457649 676.491592715436
1718000 235.54118626932 249.346166485319 192.50179810604 677.389150860678
1719000 235.689173974266 249.396776304299 192.472843908192 677.558794186757
1720000 235.790018895107 249.338122315741 192.566342978283 677.694484189131
1721000 235.796675560202 249.82610467152 192.495117802947 678.117898034669
1722000 235.758900082408 250.116012677515 192.746978173305 678.621890933228
1723000 235.743712439494 250.222097944026 192.65886447332 678.62467485684
1724000 236.157683893045 250.434764588775 192.829119679215 679.421568161036
1725000 236.215391506125 250.387207235205 192.951444602951 679.554043344281
1726000 236.350121429606 250.402644938437 193.033903146055 679.786669514098
1727000 236.48320861509 250.473194872432 193.290801483831 680.247204971353
1728000 236.573328590752 250.80584544963 193.52363828801 680.902812328391
1729000 236.869706434389 250.95504625649 193.614104390357 681.438857081236
1730000 237.502449703438 251.310474668938 193.947471685765 682.760396058141
1731000 237.458485619908 251.349945085197 194.2627217005 683.071152405605
1732000 238.045022401243 251.431226138775 194.008975811134 683.485224351152
1733000 238.106671673277 251.460538601897 193.811348479671 683.378558754846
1734000 238.061888291797 251.734518158254 193.970138891304 683.766545341355
1735000 238.50845399433 251.499973082749 194.146658869767 684.155085946847
1736000 238.362477188924 251.782962530058 193.931282875642 684.076722594625
1737000 238.439747486742 251.789173826233 194.374103666183 684.603024979158
1738000 238.484917774184 251.969631466398 194.481134212234 684.935683452816
1739000 238.405796202281 252.185484627674 194.584273458335 685.175554288291
1740000 238.817281087679 252.225395916291 194.799287287857 685.841964291827
1741000 238.877040871722 252.421895882485 194.925168718298 686.224105472505
1742000 238.95062978175 252.588088051321 195.33098043742 686.869698270491
1743000 239.380289033214 252.821846643305 195.290067447265 687.492203123785
1744000 239.038610358291 253.204764420699 195.62325278334 687.866627562329
1745000 239.227225579976 253.527925131506 195.603184756363 688.358335467845
1746000 239.393088758936 253.692446342076 195.967075451995 689.052610553007
1747000 239.512560638903 253.815627002941 196.016930985969 689.345118627813
1748000 239.756625782168 254.025064603091 195.955417895912 689.737108281172
1749000 239.644858346839 254.178482799725 196.068406603772 689.891747750336
1750000 239.962992154188 254.320339697218 196.175203872393 690.458535723799
1751000 240.267292948122 254.353936766023 196.388669421986 691.00989913613
1752000 240.472258884903 254.168247133501 196.61806819049 691.258574208894
1753000 240.186847035227 254.598009597382 196.562371060825 691.347227693434
1754000 240.707535674838 255.278333884438 196.622118261011 692.607987820287
1755000 240.593843675403 255.027093094315 196.887126383515 692.508063153232
1756000 240.400414062641 255.08567337334 196.71402887809 692.200116314071
1757000 240.856548257854 254.966686666472 196.897273693217 692.720508617543
1758000 241.284039925162 254.968011464458 197.418214657233 693.670266046853
1759000 241.486186545884 255.155475453123 197.440786315476 694.082448314483
1760000 241.13361887341 255.529491241278 197.91810589677 694.581216011459
1761000 241.076027545773 255.407737672389 197.829208376591 694.312973594753
1762000 240.884246265381 255.437514490552 197.990325577169 694.312086333102
1763000 241.175074456408 255.407083468056 197.786736115653 694.368894040118
1764000 241.307267762286 255.62799383416 198.083062998266 695.018324594712
1765000 241.539051199189 255.57432688304 198.197013236979 695.310391319209
1766000 241.554898739119 255.822917863202 198.234638084953 695.612454687275
1767000 241.82226170385 255.843278159243 198.182819662108 695.848359525201
1768000 241.838089318209 255.971499514436 198.607008918248 696.416597750893
1769000 241.650290433005 256.135904322014 198.598336505568 696.384531260587
1770000 241.864472237525 256.330515388856 198.505195061847 696.700182688228
1771000 242.554732892401 256.431224942327 198.721150074722 697.70710790945
1772000 242.601305814588 256.817603596742 198.956992879319 698.375902290649
1773000 242.785695494808 257.096005471143 198.861366628879 698.743067594829
1774000 243.191444277908 256.937374165606 198.956385297289 699.085203740804
1775000 243.320979904749 256.933808242766 198.806129060753 699.060917208268
1776000 243.391835836968 256.840559375794 198.845883128284 699.078278341046
1777000 243.340370663565 256.85431624107 199.223708481553 699.418395386187
1778000 243.455793201559 256.776000028938 199.08768773235 699.319480962847
1779000 243.22969633613 256.94105342089 199.250565286918 699.421315043938
1780000 243.471789319435 257.159385956292 199.354932655471 699.986107931197
1781000 244.136144736478 257.229236198819 199.583915305742 700.949296241039
1782000 244.35966938279 257.837963714947 199.751782211632 701.94941530937
1783000 244.211502825799 257.85335158192 199.915380074448 701.980234482167
1784000 244.722819298405 257.798182479269 199.886535769245 702.407537546919
1785000 244.672160397924 258.087913916625 200.052354347006 702.812428661555
1786000 244.890031401847 258.217425395302 200.172768173476 703.280224970625
1787000 245.036795647594 258.724368313394 200.251938434416 704.013102395404
1788000 245.452265665923 258.912056733792 200.859751356538 705.224073756252
1789000 245.609125824281 259.4801995417 201.030117620307 706.119442986288
1790000 245.803846148181 259.273772072345 201.055112449994 706.132730670519
1791000 246.252938853131 259.419172707968 201.038058332297 706.710169893395
1792000 246.16513450969 259.957524591628 201.043439418698 707.166098520017
1793000 246.175043331654 260.306455535146 201.186012796465 707.667511663265
1794000 246.634986683074 260.046829295763 201.533253915484 708.215069894322
1795000 246.262247108166 260.117604766915 201.545323099692 707.925174974774
1796000 246.272906993862 260.246621278291 201.658348018837 708.17787629099
1797000 246.459077422675 260.541254820896 202.008999334737 709.009331578308
1798000 246.688189838637 260.844579811541 201.608325816024 709.141095466203
1799000 246.531841941039 260.687330398726 201.847194407224 709.066366746989
1800000 246.663359631883 260.486008230189 202.102291390225 709.251659252297
1801000 246.702869300257 260.715325401742 202.265538238697 709.683732940696
1802000 246.971623365831 260.89823686499 202.316372095142 710.186232325963
1803000 247.214411212268 260.99257753921 202.551732504963 710.75872125644
1804000 247.639963424385 261.30767397999 203.109460922885 712.05709832726
1805000 247.506244206075 261.777734484698 202.863596425127 712.1475751159
1806000 247.701503466977 261.931048385483 203.039376315672 712.671928168132
1807000 248.029721179943 261.805770048816 203.087580771703 712.923072000462
1808000 248.551509189408 262.293944854907 202.941010329324 713.786464373638
1809000 248.435719319096 262.431923664881 203.186108087642 714.053751071619
1810000 248.375691696237 262.726368381248 203.642804679737 714.744864757222
1811000 248.388686709019 263.126397586854 203.606742054401 715.121826350274
1812000 248.706489020274 263.164597547277 203.44683173499 715.317918302541
1813000 248.394696304931 263.408513323376 203.820556545864 715.623766174171
1814000 248.745036665961 263.830406533745 203.821517078801 716.396960278507
1815000 248.721626312282 264.194687666855 203.999241612203 716.91555559134
1816000 248.775549605309 264.183958881668 203.965069340531 716.924577827508
1817000 248.961479142665 264.180541396429 204.068657640224 717.210678179317
1818000 249.099470534633 264.512831174796 204.102891452775 717.715193162203
1819000 248.999065582184 264.628149137374 204.043740128569 717.670954848127
1820000 249.078181159231 265.069704650954 204.505977806017 718.653863616202
1821000 249.339418177299 264.929027168396 204.383891778873 718.652337124568
1822000 249.388500874772 264.751434849145 204.519857374338 718.659793098254
1823000 249.636498957821 265.167546110973 204.424928129001 719.228973197794
1824000 249.647319256313 265.46228201498 204.724457335111 719.834058606404
1825000 249.772013155728 265.479843998982 204.632041845492 719.883899000202
1826000 249.563473295345 265.897778281041 204.883021660992 720.344273237378
1827000 249.757043780147 265.858592425579 205.244612648874 720.860248854601
1828000 249.729138408937 266.09077505715 205.266181964737 721.086095430824
1829000 249.621912089401 265.886825679094 205.195770847088 720.704508615584
1830000 250.080142163892 266.341820477177 205.31744045432 721.739403095389
1831000 250.367787247793 266.483140403796 205.486231382475 722.337159034064
1832000 250.334599287385 266.48070451017 205.742381397999 722.557685195554
1833000 250.595679255176 266.9387734343 205.744676777039 723.279129466515
1834000 250.702160986863 267.537367721328 205.789080919157 724.028609627348
1835000 251.026411206897 267.578441277712 206.006481038739 724.611333523348
1836000 251.202714901648 267.848203411747 206.148833414978 725.199751728373
1837000 251.435897345472 267.744224217698 206.31278270965 725.49290427282
1838000 251.511896980347 267.748361692963 206.334738905428 725.594997578738
1839000 251.893616103645 268.428055608075 206.544629667911 726.866301379632
1840000 251.611427451826 268.545665986741 206.862758938251 727.019852376819
1841000 252.180069829336 268.801576698745 206.732660188245 727.714306716326
1842000 251.951453973774 268.760805406799 206.953009437166 727.665268817739
1843000 251.986810159406 268.821196964388 206.78878612577 727.596793249565
1844000 252.157301662742 268.890067533199 206.831162816659 727.8785320126
1845000 252.228558093243 269.061203340862 206.729001826905 728.01876326101
1846000 252.279940332089 269.286159326873 207.00068352512 728.566783184082
1847000 252.442436574442 269.440371214485 207.373998189664 729.256805978591
1848000 252.459928311483 269.757444271692 207.482501526909 729.699874110084
1849000 252.711247091797 270.173678437064 207.589073067017 730.473998595878
1850000 252.950239450703 270.166363452018 207.82656054108 730.943163443801
1851000 252.912580591198 270.44036081795 207.94833134027 731.301272749419
1852000 253.186738127422 270.755705477724 208.150151535766 732.092595140913
1853000 253.25029314966 271.152995840734 208.658374057341 733.061663047736
1854000 253.132397507184 270.970592515229 208.814078689843 732.917068712256
1855000 253.256000796541 271.044240195271 208.828615107198 733.12885609901
1856000 253.382747174914 270.942098516929 208.805809368196 733.130655060039
1857000 253.959667055275 271.056964728793 209.2541776666 734.270809450667
1858000 253.871209718698 271.231510570608 209.21944570803 734.322165997336
1859000 253.802134937783 271.198872169188 209.062640243713 734.063647350683
1860000 253.815599808932 271.157161215352 209.330653017574 734.303414041857
1861000 254.23013743413 271.247041806894 209.552751303766 735.02993054479
1862000 254.08309316205 271.84620933123 209.814106222899 735.743408716179
1863000 254.050942752631 271.472036504116 210.085725675229 735.608704931976
1864000 254.314069816093 271.575295005978 210.244922431359 736.13428725343
1865000 254.265104762614 271.742188641376 210.446897774922 736.454191178912
1866000 254.198510225594 271.954698597476 210.236031390494 736.389240213564
1867000 254.578382618574 272.026600001827 210.500002231567 737.104984851967
1868000 254.634600724789 271.892287903662 210.822036435076 737.348925063527
1869000 254.700502688698 271.873386783622 210.776179107634 737.350068579955
1870000 254.870011628155 272.38425011539 210.949742514474 738.204004258019
1871000 254.938086945955 272.283110459177 211.344655348031 738.565852753164
1872000 255.044632263237 272.470455779298 211.336518798047 738.851606840582
1873000 254.900750056737 272.569755122099 211.224491517896 738.694996696732
1874000 255.276919810291 272.609884097083 211.410311446275 739.297115353649
1875000 255.092723197496 272.556742781657 211.793037784024 739.442503763176
1876000 255.402930932058 273.038897032302 211.630783961204 740.072611925564
1877000 255.696315995531 273.444268041507 211.603004596269 740.743588633307
1878000 255.568633790805 273.757372488958 211.644229547945 740.970235827707
1879000 255.637845030885 273.9023496348 211.628397820154 741.168592485838
1880000 256.241919515335 274.013920560405 211.843132661544 742.098972737284
1881000 256.167603561912 273.777663596733 212.042870449464 741.98813760811
1882000 256.577376423491 274.008156077199 212.279162631047 742.864695131737
1883000 256.872299801907 274.053278928782 212.134594630147 743.060173360836
1884000 256.976969938485 274.064226948118 212.14095839393 743.182155280533
1885000 257.215156702903 274.349258852974 212.296113532629 743.860529088506
1886000 257.42397604416 274.798723081364 212.22702622055 744.449725346073
1887000 257.583589159875 275.177358435198 212.27717898273 745.038126577802
1888000 257.571654763625 275.103179548012 212.875110927618 745.549945239255
1889000 257.524714443663 275.395184673925 212.950459167278 745.870358284866
1890000 258.021537998841 275.275797527614 212.869786927803 746.167122454258
1891000 258.010954781836 275.359220951605 212.82668237258 746.196858106021
1892000 258.538377351918 275.871714046153 212.864009859601 747.274101257672
1893000 258.487391993671 276.205468660823 213.122356128667 747.815216783161
1894000 258.760614133655 276.44132679833 213.015389405222 748.217330337208
1895000 258.957794555005 276.598187708876 213.668425501922 749.224407765803
1896000 259.024789654526 277.039668867296 213.662970567828 749.72742908965
1897000 259.09332019873 277.068990179778 213.60267392354 749.764984302047
1898000 259.247082745397 277.128574636866 213.792302704617 750.167960086881
1899000 259.486757389305 277.245155175259 214.181727853852 750.913640418416
1900000 259.748910126295 277.253071924797 214.311781104063 751.313763155156
1901000 259.542271138272 277.197763493528 214.723955377589 751.463990009389
1902000 259.855776907879 277.364553027055 214.804840977401 752.025170912336
1903000 260.215095748501 277.537681689503 215.030307177678 752.783084615682
1904000 260.14506706871 277.601564930288 215.121766880011 752.868398879009
1905000 260.1996229056 277.989082186656 215.527885882042 753.716590974298
1906000 260.212029473166 278.520593866631 215.64580577284 754.378429112637
1907000 260.382436747517 278.57446480395 216.042332082625 754.999233634092
1908000 260.659580487401 278.890566224397 215.970830242905 755.520976954703
1909000 260.922267692499 278.932558891746 216.099923716629 755.954750300874
1910000 260.757569349768 279.03272872297 216.258159759232 756.048457831971
1911000 260.612161012965 279.50316637499 216.346630157807 756.461957545762
1912000 260.728694612784 279.387445825237 216.591921251542 756.708061689564
1913000 261.006643339977 279.744356876358 216.401779994592 757.152780210927
1914000 261.169437074919 280.09966921707 216.92765195277 758.196758244759
1915000 261.280607926213 280.568465271446 216.769296010166 758.618369207825
1916000 261.58902213225 280.776722983365 216.655112725113 759.020857840728
1917000 261.75221556434 280.927209532001 216.912231240165 759.591656336507
1918000 261.97700423657 280.676419548369 217.208626530377 759.862050315317
1919000 262.089632293749 280.497282302563 217.06451361916 759.651428215472
1920000 262.068210744964 280.936798397329 217.025254697568 760.030263839862
1921000 262.009791864378 280.886318594177 217.006355835411 759.902466293965
1922000 262.192916770871 281.183380591511 217.148171766282 760.524469128665
1923000 262.32423657798 281.481846627809 216.915749257731 760.721832463519
1924000 262.366739576138 282.065997706881 216.99999481627 761.432732099289
1925000 262.469931063369 282.585017165094 217.353110038817 762.408058267281
1926000 262.384041139693 282.807288641299 217.44565048564 762.636980266632
1927000 262.471538890312 282.607632100533 216.904934678171 761.984105669016
1928000 262.701777237208 282.427180409974 217.239173291137 762.368130938319
1929000 262.397354482046 282.648630871127 217.596771702605 762.642757055778
1930000 262.243283366586 282.784593922347 217.536375833724 762.564253122657
1931000 262.436585575905 283.056032713197 217.16798482928 762.660603118382
1932000 262.523497126803 283.098735977275 217.41046238469 763.032695488768
1933000 262.234862646523 283.402205920793 217.725810328951 763.362878896268
1934000 262.589680657262 283.231229499626 217.663481510858 763.484391667747
1935000 262.401942236585 283.435929903531 218.148647333953 763.986519474069
1936000 262.784524438296 283.618801657712 218.534330742066 764.937656838074
1937000 262.749592574619 284.022903698316 218.32388757627 765.096383849205
1938000 262.976707425461 284.057007265258 218.352071311552 765.38578600227
1939000 262.796245366364 284.195814509137 218.70775066258 765.699810538082
1940000 262.833217095979 284.243757911523 219.269187526455 766.346162533957
1941000 262.979656903016 284.739887325634 219.130401250676 766.849945479326
1942000 263.187092959537 284.88645482226 219.2658733151 767.339421096897
1943000 263.107164558522 285.250229710661 219.640256569857 767.99765083904
1944000 263.46640061043 285.223458487693 220.219113037488 768.90897213561
1945000 263.63674589213 285.355759918425 220.238047639903 769.230553450457
1946000 263.995467063959 285.707269442018 220.088252912271 769.790989418248
1947000 264.2587850389 285.419795516687 219.969867246308 769.648447801896
1948000 264.065416044652 285.618425673127 220.051061210175 769.734902927953
1949000 264.029261451685 285.477566205898 220.274980923197 769.78180858078
1950000 264.245465950067 286.18946125968 220.462794871657 770.897722081404
1951000 264.574404369787 286.069447521853 220.67121877033 771.315070661969
1952000 264.438804806183 286.112559025702 220.913970341342 771.465334173227
1953000 264.528365273373 286.419723032532 220.833313026857 771.781401332762
1954000 264.775034877541 286.198640199325 220.978055040222 771.951730117088
1955000 265.132213550067 286.612824966301 221.232812580298 772.977851096666
1956000 265.255535010498 286.765065513719 221.266372869956 773.286973394172
1957000 265.371786972605 286.934536806503 221.249577872831 773.555901651939
1958000 265.755170277105 287.168202174407 221.495203045783 774.418575497296
1959000 266.239659733786 287.115611661457 221.553863555745 774.909134950988
1960000 266.445316996847 287.278417131718 221.628900750131 775.352634878696
1961000 266.522089925027 287.094312054321 221.76249896755 775.378900946898
1962000 266.975369174742 287.226371353906 222.185889686444 776.387630215092
1963000 267.17941405249 287.630531514609 221.908427819075 776.718373386174
1964000 267.504653984157 287.602741580401 221.865268778631 776.972664343189
1965000 267.300914900995 287.683453093591 222.215372865356 777.199740859942
1966000 267.147850748572 287.991740422997 222.299277036466 777.438868208036
1967000 267.204092256575 288.103136438285 222.494574224799 777.801802919659
1968000 267.746764144229 288.228718262679 222.43066356199 778.406145968897
1969000 267.671338712241 288.67687974815 222.655600849148 779.003819309538
1970000 268.045137512944 288.369332167744 222.824759521292 779.239229201981
1971000 268.238984057585 288.328682469821 222.739000959776 779.306667487183
1972000 268.132667837002 288.822198491098 222.751315299525 779.706181627624
1973000 268.494307891455 288.849477489961 223.070023634395 780.41380901581
1974000 268.470803665954 289.148151602637 223.128085850004 780.747041118595
1975000 268.865264061959 289.21021492877 223.382495775066 781.457974765794
1976000 268.897601865975 288.882342342849 223.499410959846 781.279355168669
1977000 268.892925929592 288.957103357699 223.734283969832 781.584313257123
1978000 269.44290801253 288.988355381934 223.971502990008 782.402766384472
1979000 269.251223896075 288.661683533795 223.902041190747 781.814948620617
1980000 269.364435089752 289.066821196787 224.008103627873 782.439359914412
1981000 269.564073419642 289.129878168106 223.943788504389 782.637740092138
1982000 269.610519781808 289.451992022172 224.029436678997 783.091948482977
1983000 269.646392607898 289.809319181001 224.265661810116 783.721373599015
1984000 270.161972971008 289.495297815096 224.129757548812 783.787028334916
1985000 270.502613001219 289.97941511205 224.250946813311 784.732974926581
1986000 270.826596159597 290.280343496581 224.507806012674 785.614745668851
1987000 271.08843764972 290.806426524397 224.965874725858 786.860738899975
1988000 270.997233403419 290.477935595518 225.018068547968 786.493237546905
1989000 271.143017842753 290.547866390713 225.277670487249 786.968554720715
1990000 271.323886664776 290.163134213216 225.697431646473 787.184452524464
1991000 271.543493127776 290.439822567641 225.51565393305 787.498969628467
1992000 271.232280675837 290.555499377238 225.879096469368 787.666876522444
1993000 271.387230435117 290.956544067273 225.947713245007 788.291487747397
1994000 271.634676504126 291.175480657504 226.375258837093 789.185415998723
1995000 271.99724136106 291.23245997143 226.260152011543 789.489853344033
1996000 272.082227696473 291.68914178184 226.247785061871 790.019154540184
1997000 272.311825737182 291.428679352368 226.406696481982 790.147201571532
1998000 272.484143472315 291.91916647714 226.58884045466 790.992150404114
1999000 272.51614552707 291.866050358565 226.966314733374 791.348510619008
2000000 272.945820773041 292.013059819671 227.100984980456 792.059865573168
2001000 272.795573722425 292.158528697631 227.361062992304 792.315165412359
2002000 273.219637018236 292.557027373894 227.33542828368 793.112092675809
2003000 273.243563879467 292.550135143061 227.497989724087 793.291688746614
2004000 273.576658854723 292.512795592817 227.404688600647 793.494143048187
2005000 273.554383391503 292.932755565504 227.409347274963 793.89648623197
2006000 273.743439491138 293.024446569193 227.740690273233 794.508576333564
2007000 274.051056199775 293.455306458685 227.628349164565 795.134711823024
2008000 274.072979842801 293.167641347901 228.018888817535 795.259510008238
2009000 274.227822556714 293.493522221153 227.921122519334 795.642467297201
2010000 274.444229798062 293.419491790492 228.09154643054 795.955268019093
2011000 274.701494065635 293.514850085219 228.355635335084 796.571979485938
2012000 275.140211076302 293.373347412863 228.658564091537 797.172122580701
2013000 275.036182534969 293.607801795452 228.505692692087 797.149677022508
2014000 274.937691937062 293.849468408377 228.544124756096 797.331285101535
2015000 275.345298011948 293.65904131465 228.89063809659 797.894977423188
2016000 275.612424584842 293.916873484102 229.070141413886 798.59943948283
2017000 275.549660025839 293.736251378815 228.952039273865 798.237950678518
2018000 275.436966633951 294.277683023748 229.03127282817 798.745922485869
2019000 275.733028045649 294.623316763435 229.643502350972 799.999847160057
2020000 275.492315689024 294.944094431371 229.631230731492 800.067640851887
2021000 275.786997670176 294.812151550737 229.623069562827 800.222218783741
2022000 275.963620729435 294.8898593289 229.309628513845 800.16310857218
2023000 276.021755313261 294.955880338793 229.308463623186 800.28609927524
2024000 276.188859408459 294.808459505157 229.69620861531 800.693527528927
2025000 276.207755081823 295.12549056832 229.887731237687 801.22097688783
2026000 276.500903704437 295.30866705602 229.748180984167 801.557751744624
2027000 276.748603425095 295.605319206273 229.769006319873 802.122928951242
2028000 276.933677908649 295.989911829528 229.731194142494 802.654783880671
2029000 276.977590943209 295.980884331029 230.128775286345 803.087250560583
2030000 277.141374810121 295.717303241985 229.865971073028 802.724649125134
2031000 277.1356712884 296.003274503586 229.757880310099 802.896826102085
2032000 277.706033068331 295.711969522426 230.342327611315 803.760330202072
2033000 277.800614300934 296.266836472779 230.48717194629 804.554622720003
2034000 277.556924891138 296.382342407386 230.042137184697 803.98140448322
2035000 277.811944999566 296.602470995571 230.446228730361 804.860644725498
2036000 278.103544852849 296.695465591028 230.470436253241 805.269446697118
2037000 278.36139687166 297.171544266479 230.543547786224 806.076488924363
2038000 278.122988058957 297.294424957015 230.803278966946 806.220691982918
2039000 278.088161832625 297.057991367944 230.492921958502 805.639075159071
2040000 278.346810455268 297.270976102184 230.570290346551 806.188076904003
2041000 278.413986834582 297.321561204902 230.78194522936 806.517493268845
2042000 278.782630184873 297.554109337295 230.821650816117 807.158390338285
2043000 278.74205598733 297.539308821087 230.872320433716 807.153685242134
2044000 279.340706505445 297.673765366301 230.830771874207 807.845243745954
2045000 279.21627544096 297.711163254164 230.890370856957 807.817809552081
2046000 279.31084525924 298.011659372627 230.905594273735 808.228098905602
2047000 279.460078926835 298.184560616258 230.915846780869 808.560486323962
2048000 279.226374029133 298.065385016571 230.926883087759 808.218642133463
2049000 279.442507710093 298.63935884255 231.113707990809 809.195574543452
2050000 279.696452675352 298.93982361441 231.081904884223 809.718181173986
2051000 279.642881666785 299.08898269943 230.886063492516 809.617927858731
2052000 279.805812859895 299.499582071032 230.960071698382 810.265466629308
2053000 279.759401088679 299.987601414537 231.307407282591 811.054409785808
2054000 280.046698470329 299.876631602056 231.405933950967 811.329264023352
2055000 280.234467488212 300.409269424312 231.296042321016 811.93977923354
2056000 280.44180034952 299.705005789926 231.507846222193 811.654652361639
2057000 280.446663649793 300.079321597687 231.609448564334 812.135433811814
2058000 280.582509447771 300.107256318732 231.757722258512 812.447488025014
2059000 280.856852371368 299.955892785095 231.65725327998 812.469998436443
2060000 280.945262946485 300.495719749483 231.771541279363 813.21252397533
2061000 281.058665380632 300.760638226102 231.871127714932 813.690431321665
2062000 281.344944121677 300.619732870676 232.180335695771 814.145012688123
2063000 281.293704436348 300.566181958572 232.163495102773 814.023381497692
2064000 281.290792340003 300.930038736237 232.351170130092 814.572001206331
2065000 281.002687278789 300.879516543485 232.649561078281 814.531764900554
2066000 280.980368946026 301.284577852425 232.664390130076 814.929336928527
2067000 281.120534107711 301.62605085437 232.568365232161 815.314950194242
2068000 281.560363779462 301.234854235953 232.978233606308 815.773451621723
2069000 281.577440393868 301.19773081167 232.842054009277 815.617225214815
2070000 281.571515314698 301.107347242263 232.931049702087 815.609912259049
2071000 281.826291453826 301.152612148457 233.102401383876 816.081304986159
2072000 282.031276805004 301.316111167876 233.086394177862 816.433782150743
2073000 282.252529448176 301.675523123136 232.967183734716 816.895236306028
2074000 282.727703540599 301.882479129047 233.084553182404 817.694735852051
2075000 283.100321974673 301.672174125054 233.374299851838 818.146795951565
2076000 282.781897296994 301.947442473554 233.544881209204 818.274220979752
2077000 283.447036777107 301.827407187029 233.670579649957 818.945023614093
2078000 283.043084242178 302.049786633511 233.724971909567 818.817842785256
2079000 283.509326682613 302.377335299678 233.951395584021 819.838057566312
2080000 283.694713385811 302.549968276136 234.445571447445 820.690253109392
2081000 283.815963381378 302.71760154207 234.328996066179 820.862560989628
2082000 283.765120193881 302.829119778366 234.227716934852 820.821956907099
2083000 284.034748433435 302.875559553574 234.510391689875 821.420699676885
2084000 284.249144978996 303.290753178276 234.534044409157 822.073942566428
2085000 284.603380701516 303.68603343124 234.749576025203 823.038990157959
2086000 284.281237811925 303.597140786245 234.694392693902 822.572771292072
2087000 284.42781209181 303.400122032245 234.554304026405 822.382238150459
2088000 284.87269688121 303.536092135942 234.546779861271 822.955568878423
2089000 285.019610613018 303.64387525541 234.703318403096 823.366804271524
2090000 285.036351423512 303.961903353177 234.613776450641 823.61203122733
2091000 285.205955845168 303.914904206618 234.857868431357 823.978728483143
2092000 285.215967207991 304.141520774163 235.089540369895 824.447028352049
2093000 285.633559274558 304.080968054915 235.323713622774 825.038240952246
2094000 285.810577588141 304.372532965068 235.446169971122 825.629280524331
2095000 286.208202303151 304.564412538023 235.634481474359 826.407096315533
2096000 285.957501252353 304.792041661772 235.530513405114 826.280056319239
2097000 286.095803749827 304.720804451299 235.576336439684 826.392944640809
2098000 286.184279337835 305.232922390478 235.732065397947 827.14926712626
2099000 286.431752462463 305.549573123635 236.206233765459 828.187559351556
2100000 286.555002485352 305.83969535244 236.253776990444 828.648474828237
2101000 286.519631215954 305.996768353536 236.237391202872 828.753790772362
2102000 286.463857361951 306.030188188894 236.277834667905 828.77188021875
2103000 286.64969132515 306.39016641586 236.623892120185 829.663749861195
2104000 286.663393005567 306.539612163709 236.461997562843 829.665002732119
2105000 286.736975627988 306.756053938684 236.67827259963 830.171302166301
2106000 286.892145804032 306.333100193361 236.895380731745 830.120626729139
2107000 287.481758680968 306.672097803495 236.598138155602 830.751994640064
2108000 287.408814178202 306.989552479493 236.727063266417 831.125429924112
2109000 287.229977320039 306.889610428444 236.951546587565 831.071134336048
2110000 287.405178529617 307.151190331854 237.137942099513 831.694310960984
2111000 287.396080412112 307.429035859233 236.991987059743 831.817103331088
2112000 287.059463432209 307.470824798411 236.93666351568 831.4669517463
2113000 287.347116527428 307.546640409526 237.209800540044 832.103557476998
2114000 287.764908372208 307.848069877577 237.512806481755 833.125784731539
2115000 288.180562838487 307.938442672562 237.705869711995 833.824875223044
2116000 288.001474342501 308.361111222823 238.001509713987 834.364095279311
2117000 288.06062226452 308.57631822734 237.988416956716 834.625357448577
2118000 287.832370726139 308.732095076271 238.020037403909 834.58450320632
2119000 288.054130725202 308.855150198177 237.917232130541 834.826513053921
2120000 287.877517562903 309.472303535665 238.246490493916 835.596311592484
2121000 288.2489867618 309.800178659973 238.474611385389 836.523776807162
2122000 288.273287054453 309.653342055971 238.345902302827 836.272531413251
2123000 288.202745869979 310.134169045425 238.685791479777 837.022706395181
2124000 288.38170537445 310.524427909097 238.698593743178 837.604727026725
2125000 288.804951213804 311.049479544287 238.903096073573 838.757526831663
2126000 289.022267438513 310.843629715569 239.257019655575 839.122916809657
2127000 289.149594129069 310.988389031479 239.484149861173 839.622133021721
2128000 289.293967212564 310.846455829674 239.750142451589 839.890565493828
2129000 289.344732947097 310.823378498757 239.477487416215 839.645598862068
2130000 289.608875336637 310.81859976472 239.385371959095 839.812847060452
2131000 289.804223663219 311.137066789218 239.747330869603 840.68862132204
2132000 289.831574817018 311.476109600847 239.949628200984 841.25731261885
2133000 290.169161724172 311.355282830808 239.659877104516 841.184321659496
2134000 290.523433036556 311.676066357655 239.921834416191 842.121333810402
2135000 290.523290837167 311.621724207355 240.487413098947 842.632428143469
2136000 290.5719861193 311.977771602881 240.575375222329 843.125132944511
2137000 290.312614237498 312.514092183793 240.860960209631 843.687666630922
2138000 290.92781408782 312.642305041684 241.473624685017 845.043743814522
2139000 290.921834973184 312.333721549839 241.279247602842 844.534804125865
2140000 290.851884141555 312.461135960249 241.260661666217 844.573681768021
2141000 290.884061547443 312.755460974123 241.20119445372 844.840716975286
2142000 291.1286507995 313.186730343798 241.243654917014 845.559036060312
2143000 291.543235508685 313.44321858479 241.587669608894 846.574123702369
2144000 291.545346614279 313.562592295808 241.765486853398 846.873425763485
2145000 291.59393079799 313.939525985841 242.080393075163 847.613849858994
2146000 291.741256583019 314.230483642399 241.978465596709 847.950205822127
2147000 291.465346895135 314.432979043157 242.288536006075 848.186861944367
2148000 291.803010612919 314.198295608088 242.331443303908 848.332749524914
2149000 291.861978853175 314.591425409251 242.498522873246 848.951927135673
2150000 292.144624970433 314.720993807188 242.971183040969 849.836801818591
2151000 292.468622457437 315.080857830157 243.17101675321 850.720497040804
2152000 292.250081752099 315.170853389764 243.245501805671 850.666436947533
2153000 292.435138957153 315.505422261357 243.318823355012 851.259384573521
2154000 292.929341338519 315.567455105236 243.286872351198 851.783668794953
2155000 292.928505992583 315.910475027114 243.607885141243 852.446866160941
2156000 293.087629483948 315.696323313118 243.86068446678 852.644637263846
2157000 293.201592783999 315.875321037018 243.875927907586 852.952841728603
2158000 293.153709791694 316.123228787887 243.915099198571 853.192037778152
2159000 293.030150391611 316.008967341607 244.13811799125 853.177235724468
2160000 293.222735988715 316.152208536554 244.255196024207 853.630140549477
2161000 293.417148535154 316.246115578277 244.476321305951 854.139585419381
2162000 293.576600206579 315.95338719884 244.255885954807 853.785873360226
2163000 293.906789196052 316.091434185123 244.44365655797 854.441879939145
2164000 294.057897077009 316.94195826453 244.456405848067 855.456261189606
2165000 294.262692399696 317.362698906135 244.57024612247 856.195637428301
2166000 294.731424232303 317.291314481134 244.83278810729 856.855526820728
2167000 294.737628528666 317.484681806889 245.300734679366 857.523045014921
2168000 294.69350601337 317.863890965567 245.273515730408 857.830912709345
2169000 294.945357806532 317.910190688868 244.889637080318 857.745185575718
2170000 295.459465926322 318.114285373589 245.017101249108 858.590852549019
2171000 295.346040347995 318.283631113867 245.364227943872 858.993899405734
2172000 295.305584735036 318.183026521551 245.363858538024 858.852469794611
2173000 295.733508435763 318.760266135648 245.677451454503 860.171226025914
2174000 295.664743628534 318.916322176309 245.954429131781 860.535494936624
2175000 295.81388013881 319.475275700622 245.742092049554 861.031247888986
2176000 295.797443754139 319.435846213886 245.626311449674 860.859601417699
2177000 296.150935164629 319.45373606017 245.940242843493 861.544914068293
2178000 296.004667967749 319.621085266628 246.17845255068 861.804205785057
2179000 296.128347060138 319.707341224864 246.512472847778 862.348161132781
2180000 296.350522958892 319.699580708713 246.661080005279 862.711183672884
2181000 296.754260414725 319.99301177916 246.891622374726 863.638894568611
2182000 296.553904871901 319.934843203875 246.767476228896 863.256224304673
2183000 296.311529765188 320.022016278237 246.90941915254 863.242965195965
2184000 296.465800473772 320.124564251182 247.097977515861 863.688342240814
2185000 296.754241594804 320.217031946584 246.934007012079 863.905280553467
2186000 296.645624493244 320.318942967601 246.8603529847 863.824920445546
2187000 296.904612206851 320.592294804618 247.084615136894 864.581522148363
2188000 296.914225557465 321.197348244771 247.390563428594 865.502137230831
2189000 297.134195453487 321.283612538636 247.522439174735 865.940247166858
2190000 297.380100520054 321.76847029217 247.29922251237 866.447793324593
2191000 297.707854328644 321.332130662894 247.503333967008 866.543318958546
2192000 297.414445247739 321.53492766796 247.769787595103 866.719160510802
2193000 297.414466122532 321.562984188576 247.831212705685 866.808663016792
2194000 297.635667717856 321.331294930957 247.760731546413 866.727694195226
2195000 298.069539431055 321.427672051457 248.41031404356 867.907525526072
2196000 297.785579282863 321.359123110556 248.182007673773 867.326710067191
2197000 298.22343058283 321.297501495955 248.610680352235 868.13161243102
2198000 298.420657986011 321.757102737789 248.530317195748 868.708077919548
2199000 298.383703454263 321.840254224575 248.85171545616 869.075673134997
2200000 298.604489932492 321.791558211927 248.991291664934 869.387339809353
2201000 298.853397063808 321.903522630229 248.969041290839 869.725960984877
2202000 299.25271965755 321.778450089246 249.036295366579 870.067465113375
2203000 299.209179869876 321.932995326547 249.054394835786 870.196570032209
2204000 299.588513555918 322.186945239853 249.402335530102 871.177794325873
2205000 299.551913845848 322.672680069793 249.462825476762 871.687419392404
2206000 299.960902257592 322.463237011231 249.33387075484 871.758010023663
2207000 300.024906716775 322.674981672713 249.42820498523 872.128093374717
2208000 299.886764092496 323.031216877353 249.506012997725 872.423993967574
2209000 300.316490369279 323.105482745008 249.776198248558 873.198171362846
2210000 300.398655494887 323.242269808354 249.748698237433 873.389623540675
2211000 300.623191351673 323.108742397424 249.670532982757 873.402466731853
2212000 301.119277370781 322.840708212639 250.199136605869 874.159122189289
2213000 301.581060443844 323.023424212446 250.067467685669 874.671952341959
2214000 301.292505333886 323.140388226502 250.14563281527 874.578526375658
2215000 301.975510210356 323.22594134019 250.169462491991 875.370914042537
2216000 302.218158689309 323.497196046899 250.403165838917 876.118520575125
2217000 302.28009625887 324.039768710229 250.534711421247 876.854576390346
2218000 302.545762034386 323.905040452569 250.523114676038 876.973917162993
2219000 302.289456027678 324.079866112458 250.679972267602 877.049294407738
2220000 302.546022054461 324.224052447887 251.018637628092 877.78871213044
2221000 302.424247366126 324.471508452032 251.325361935367 878.221117753525
2222000 302.491863150495 324.651728667621 251.156960167071 878.300551985186
2223000 302.539761676013 324.849247755496 251.515034458724 878.904043890234
2224000 302.657625881843 325.076456924797 251.773335751899 879.507418558539
2225000 302.766063497547 325.946061531108 251.778214943787 880.490339972442
2226000 302.804907366089 325.810099718303 251.981604301741 880.596611386133
2227000 302.845914455309 325.763350936584 251.892976958712 880.502242350606
2228000 303.090436906316 325.78538606413 252.111634075406 880.987457045852
2229000 303.023157801981 325.980577399454 252.072039233146 881.07577443458
2230000 302.664149172905 326.009709888118 252.528373289121 881.202232350144
2231000 303.174416570236 326.526702237657 252.543805337302 882.244924145195
2232000 303.232958668528 326.062547066076 252.590791640362 881.886297374965
2233000 303.836167741565 326.417038386073 252.482733534929 882.735939662567
2234000 303.99022738247 326.753059926895 252.545007606663 883.288294916028
2235000 304.102505998485 326.90400546113 252.298625417709 883.305136877324
2236000 304.374263278785 326.715052246072 252.681037059691 883.770352584549
2237000 304.309137080971 326.799810619957 252.76599864558 883.874946346509
2238000 304.268913137166 326.976630627112 253.329937796074 884.575481560351
2239000 304.417739541972 327.400268362678 252.934767720053 884.752775624704
2240000 304.904029330908 327.232400160765 253.154708165827 885.2911376575
2241000 304.926631642621 327.242014724628 253.428054060848 885.596700428097
2242000 305.057248953421 327.563559514237 253.483980334526 886.104788802184
2243000 305.16442246262 327.728143958161 253.449658317868 886.34222473865
2244000 304.979282610591 327.635641893208 254.134210888079 886.749135391877
2245000 304.811312782135 327.937521047807 254.622222645116 887.371056475058
2246000 305.3451610548 327.897389532144 254.539764574505 887.782315161449
2247000 305.31563845102 327.884847759 254.793089894367 887.993576104386
2248000 305.560903151549 328.257348579394 254.928315106677 888.746566837619
2249000 305.249961371633 328.283668352672 255.317232506612 888.850862230917
2250000 305.695005090024 328.478195650367 255.329050141074 889.502250881465
2251000 305.523993105111 328.183699889645 255.639623854238 889.347316848993
2252000 305.827575001864 328.245374713212 255.656465432853 889.729415147929
2253000 305.556645403845 328.752103143567 255.65486850926 889.963617056672
2254000 306.213331646709 329.148302775199 255.817606296161 891.179240718069
2255000 306.116402227455 328.885725848716 255.890520491929 890.8926485681
2256000 306.349495098127 329.605433021404 255.978444393266 891.933372512796
2257000 306.642103305821 329.839884558403 255.873535801828 892.355523666052
2258000 306.590450360838 329.848266789168 255.960949279454 892.39966642946
2259000 306.716446317496 330.054898002673 256.013781475344 892.785125795513
2260000 306.734376197692 330.102867690672 255.937528525803 892.774772414168
2261000 306.520663334263 330.078567608743 256.051330380204 892.65056132321
2262000 306.55814923104 330.531199380749 255.97043088347 893.05977949526
2263000 306.448209884971 330.531398236039 256.413380867082 893.392988988093
2264000 306.458601477952 330.666456187235 256.134819744999 893.259877410186
2265000 306.906305907966 331.033001719498 256.173394071584 894.112701699049
2266000 306.87853665835 331.387596854385 256.264293111267 894.530426624001
2267000 306.549331224449 331.348793931023 256.327734688354 894.225859843826
2268000 306.996561857536 331.347871132745 256.434864102092 894.779297092373
2269000 307.119074850707 331.145864759803 256.50889517397 894.77383478448
2270000 307.113506827788 331.67232807797 256.305046338674 895.090881244431
2271000 307.390802992588 331.588924172012 256.383291322446 895.363018487046
2272000 307.420830946516 331.465547138994 256.618475936767 895.504854022277
2273000 307.55763770848 331.221404974269 256.877291721058 895.656334403806
2274000 307.945561017392 331.196323508829 256.999004515061 896.140889041281
2275000 308.070381729868 331.50873899395 257.219356939871 896.798477663688
2276000 308.347345368309 331.465368694083 257.263916514927 897.076630577319
2277000 308.617157551251 331.431743720434 257.265096481564 897.313997753248
2278000 308.79087171894 331.8597605477 257.157563379684 897.808195646325
2279000 308.746777145883 331.81625059632 257.208679629425 897.771707371628
2280000 308.842421767036 332.363201647466 257.596888027863 898.802511442365
2281000 309.002049333382 332.367127257346 257.932143286179 899.301319876906
2282000 309.014067765507 332.342315074103 257.651385827802 899.007768667413
2283000 308.989008906976 332.08999847959 257.751598197894 898.83060558446
2284000 309.219487290906 332.746428285061 257.949188501392 899.915104077358
2285000 309.132260769961 332.625574485111 258.181932080028 899.9397673351
2286000 309.311707833912 332.619646291055 258.270921107817 900.202275232784
2287000 309.168163716839 333.021671452363 258.648153459369 900.83798862857
2288000 309.162601958652 333.049833592717 258.642966108675 900.855401660045
2289000 309.532032951022 332.568491258967 258.86688885667 900.96741306666
2290000 309.451638391306 332.893803306701 259.018392639224 901.363834337232
2291000 309.036925655604 333.187929238133 259.429042584498 901.653897478234
2292000 308.743661090584 333.178996657961 259.618154818414 901.540812566958
2293000 309.174216739607 333.282173170924 259.532504844998 901.988894755528
2294000 309.223170449344 333.125328702459 259.946469615814 902.294968767617
2295000 309.572395592909 333.569414798579 260.129244741375 903.271055132863
2296000 310.188748326652 334.273122972885 260.169223309001 904.631094608539
2297000 310.419153321671 334.381816643768 260.395607876713 905.196577842152
2298000 310.456082045296 334.682554311194 260.483563476233 905.622199832723
2299000 310.82431608142 334.986478312881 260.724557252448 906.535351646749
2300000 310.892458812199 335.243536629761 260.965199409215 907.101194851174
2301000 310.812254156128 335.409735581567 260.873933050057 907.095922787752
2302000 310.996151742426 335.808199040048 261.429341419137 908.233692201611
2303000 311.097810166486 335.684803570001 261.408970260633 908.191583997121
2304000 310.936991855643 335.94296798531 261.431795031805 908.311754872758
2305000 311.052552063077 335.68900253391 261.332135863599 908.073690460586
2306000 310.959669665382 335.965511339934 261.652261237274 908.577442242589
2307000 311.037273311509 336.061075567748 261.393088892953 908.491437772211
2308000 311.047824254174 336.347055990143 261.635586221687 909.030466466004
2309000 311.215888170043 336.366080960192 261.549595437254 909.131564567489
2310000 311.537467812603 336.823547145088 261.500360117013 909.861375074703
2311000 311.643271640575 336.838115289381 261.44599361983 909.927380549785
2312000 311.77081903101 337.058131299129 261.724283334903 910.553233665042
2313000 312.128672248988 337.097417781312 262.617845930208 911.843935960507
2314000 312.337738654373 337.523433856793 262.457857017022 912.319029528188
2315000 312.133012563323 337.286819888417 262.323186675054 911.743019126794
2316000 312.249328067354 337.487470356314 262.247481676144 911.984280099812
2317000 312.241561284352 337.669714913579 262.434522861103 912.345799059034
2318000 312.77203773005 337.870677215346 262.296441579242 912.939156524638
2319000 312.694307927813 338.449188390366 262.494325366332 913.637821684511
2320000 312.634050423534 338.994109627491 262.684379657005 914.31253970803
2321000 313.08702492538 339.149777137578 262.732483090707 914.969285153665
2322000 313.373122770335 339.05969502583 262.684896899784 915.117714695949
2323000 313.327971951672 338.943967675614 262.859414362351 915.131353989636
2324000 313.832286103398 338.843343105156 263.211262404049 915.886891612603
2325000 313.701994964604 339.652988374402 263.002083419979 916.357066758985
2326000 313.882917911421 339.797384281853 262.787391667995 916.467693861269
2327000 314.006077834838 340.042198029988 262.986893182091 917.035169046917
2328000 314.543758164526 340.260052833758 263.118805289268 917.922616287553
2329000 314.77757450884 340.729227502026 263.64588841807 919.152690428936
2330000 315.045728927988 340.341740180002 263.962112391799 919.349581499789
2331000 315.386752237067 340.687419117651 264.353623100228 920.427794454946
2332000 315.596598112587 341.12027105492 264.438263265144 921.155132432651
2333000 315.937777236636 341.129098330404 264.232033986105 921.298909553145
2334000 315.995372912175 341.020674908257 264.526171311541 921.542219131972
2335000 316.11926075263 341.373313909818 264.652233499934 922.144808162382
2336000 316.449881632787 341.234886703738 264.681600672692 922.366369009216
2337000 316.035786707746 341.28832932282 264.987854966693 922.311970997258
2338000 316.385593233699 341.631121344566 264.937338744479 922.954053322744
2339000 316.442311059822 341.906833062057 265.085949711126 923.435093833005
2340000 316.832426943866 342.381319069516 265.299902554179 924.51364856756
2341000 316.883374708976 342.870448998979 265.160411183009 924.914234890965
2342000 317.093526960127 342.838918292612 265.694338030056 925.626783282795
2343000 317.517507099282 342.852279934613 265.478016213799 925.847803247694
2344000 317.288745495491 342.564398155242 265.379615906519 925.232759557252
2345000 317.552076185782 342.882830684077 265.774683670741 926.2095905406
2346000 317.57306037796 342.991801541199 266.09410752119 926.658969440348
2347000 318.293246492893 343.17131577974 266.268726138907 927.733288411539
2348000 318.167696302607 343.278848790973 266.109690016272 927.556235109852
2349000 318.402608305939 343.022455282583 266.449833772708 927.87489736123
2350000 318.727242704548 343.158484653191 266.061362008321 927.94708936606
2351000 318.639690157424 343.188965329735 266.268418481816 928.097073968975
2352000 318.477388179149 343.292280120151 266.272889975626 928.042558274926
2353000 318.544550460849 343.942449304213 266.56486562617 929.051865391232
2354000 318.887150766152 343.905451647589 266.874022660655 929.666625074396
2355000 318.711131503279 343.987262137045 267.160749931733 929.859143572057
2356000 319.074228129423 343.69837446925 267.175667462891 929.948270061563
2357000 318.758576666907 343.690367641981 267.163105979278 929.612050288166
2358000 319.172701100797 343.633223113456 267.41106491106 930.216989125313
2359000 318.895078903363 343.992782392011 267.431816510652 930.319677806027
2360000 319.009751950487 344.022996434412 268.00843886331 931.041187248209
2361000 318.832862043441 344.202010433384 268.078244458249 931.113116935074
2362000 318.752074579821 344.665695683358 268.328778810657 931.746549073836
2363000 318.938078336773 344.943410406835 268.182362460922 932.06385120453
2364000 319.220590183711 345.077006399568 268.412623051048 932.710219634327
2365000 319.837645047696 345.303819579505 268.552251533967 933.693716161168
2366000 319.907440503077 345.408554197159 268.558181705612 933.874176405848
2367000 320.434773348439 345.726536809301 269.310192126198 935.471502283938
2368000 320.12057903328 346.094036067811 269.477369420129 935.69198452122
2369000 320.318501614375 345.84857824176 269.486542070344 935.653621926479
2370000 320.262203297357 346.416790185823 269.24647573295 935.925469216131
2371000 320.781945632412 346.616641666948 269.59219468825 936.99078198761
2372000 321.311129879317 346.448355858598 269.634905183297 937.394390921212
2373000 321.388975367382 346.634846574221 269.451473328058 937.475295269661
2374000 320.721983709 346.982074279233 269.946075411651 937.650133399884
2375000 321.238502179778 346.790306943505 269.831583629091 937.860392752374
2376000 321.597080774292 346.866063526738 270.020888203534 938.484032504564
2377000 321.449667569149 347.535298521187 269.908794358699 938.893760449035
2378000 321.696663876391 348.00187663479 269.899693223301 939.598233734483
2379000 321.770387370234 348.373688059637 269.855965437061 940.000040866933
2380000 321.970669010524 348.095387871729 269.838019675831 939.904076558084
2381000 322.505954742183 348.69966125132 269.865527968744 941.071143962247
2382000 322.842128066047 348.644713716013 270.400210179783 941.887051961843
2383000 322.833729631094 348.928533308858 270.744099372973 942.506362312925
2384000 322.672218505214 348.785315908922 270.577080182701 942.034614596836
2385000 322.834590625508 348.628807170963 270.588182647993 942.051580444464
2386000 322.717038605071 349.170838856662 271.135289385613 943.023166847345
2387000 322.873617823988 349.502427736277 270.804583073775 943.18062863404
2388000 323.351248214189 349.788371346159 270.923884309222 944.063503869571
2389000 323.312398869665 349.735934483548 271.187460002333 944.235793355546
2390000 323.657481235321 350.047029466617 271.076546030724 944.781056732661
2391000 323.348218836678 350.505212805098 270.971810475209 944.825242116985
2392000 323.543697041245 350.755626747914 271.072570716301 945.37189450546
2393000 323.266741731466 350.833468674623 271.382431449496 945.482641855584
2394000 323.416746894678 350.603403139635 271.381927169906 945.402077204219
2395000 323.65903638935 350.648659675052 270.808422751888 945.11611881629
2396000 323.284278690246 351.068826583419 271.409085985384 945.762191259048
2397000 323.746044081747 351.133177578867 271.851724699369 946.730946359983
2398000 324.060796626523 351.753587916524 271.847587446894 947.661971989941
2399000 324.590286101763 351.82652551305 271.960588425799 948.377400040612
2400000 325.106522492636 352.140264252685 272.212685899895 949.459472645215
2401000 325.077504176774 352.255280720914 272.543913183116 949.876698080803
2402000 325.354128912708 352.983503671789 272.582516823945 950.920149408441
2403000 325.39315143068 352.90291727513 272.780806877454 951.076875583264
2404000 325.137730686627 352.690860266489 272.999068930504 950.827659883619
2405000 325.403876848749 353.031642545585 272.937348568948 951.372867963282
2406000 325.909336257173 352.858332277088 273.317081756979 952.08475029124
2407000 325.965961353945 353.009299693181 273.334649323462 952.309910370587
2408000 326.308025627898 353.206464849708 273.630498967635 953.14498944524
2409000 326.34450989498 352.992064959656 273.708731732544 953.04530658718
2410000 326.448991123296 353.451752201217 273.491910223588 953.392653548101
2411000 326.949687458142 354.063492695543 273.962068722923 954.975248876607
2412000 327.058959944722 353.828819910287 274.103241338564 954.991021193572
2413000 327.361194649631 353.785626129748 274.167569909845 955.314390689224
2414000 327.306270089842 354.16506001385 274.142052030012 955.613382133704
2415000 327.406540627026 354.402657704366 274.483681698606 956.292880029998
2416000 327.446072225823 354.478880242899 273.906327423713 955.831279892435
2417000 327.254109583304 354.465350516801 274.269885721189 955.989345821294
2418000 327.645509180885 354.526292204674 274.462290896029 956.634092281588
2419000 327.528752204037 354.734337305206 274.835878424602 957.098967933846
2420000 327.822926512092 355.208351140599 274.724531218698 957.755808871389
2421000 327.833053870503 355.149309782448 274.808048002542 957.790411655493
2422000 328.053681389705 354.891992303569 275.239001615566 958.184675308839
2423000 328.326025835478 355.578672352333 275.369626602018 959.274324789829
2424000 328.126819554661 355.922892104184 275.422493714313 959.472205373159
2425000 328.751879070729 356.326746665174 275.410791525267 960.48941726117
2426000 328.820347930986 356.312653637895 275.698796786696 960.831798355576
2427000 328.956723246669 356.70148271069 275.791218137201 961.44942409456
2428000 328.739969596919 356.865575529303 275.669045947077 961.274591073299
2429000 329.168818680151 356.622096170738 276.146020041989 961.936934892878
2430000 329.416106394069 357.291749558795 276.39446753236 963.102323485225
2431000 329.293160875467 357.565135056382 276.230935619143 963.089231550992
2432000 329.552972763765 357.510480977047 276.328387913592 963.391841654405
2433000 329.719232818778 357.799304355601 276.948166878811 964.46670405319
2434000 329.910830765838 357.955880267532 276.936125660634 964.802836694004
2435000 330.34756109991 358.229185363966 276.858602949544 965.43534941342
2436000 330.328771361443 358.418856452437 276.774684059761 965.522311873641
2437000 330.043883264546 358.403939621575 276.901716883598 965.34953976972
2438000 330.290784533202 358.872485405952 277.13516552572 966.298435464874
2439000 330.318604243033 358.627297402813 277.395555929882 966.341457575727
2440000 331.057451942339 358.578939223481 277.341421218813 966.977812384633
2441000 330.821870903355 358.484676325099 277.472633261056 966.77918048951
2442000 330.724699968328 359.015842394543 277.540495241077 967.281037603949
2443000 331.065204095933 358.83435762831 277.91429788889 967.813859613133
2444000 330.633516431625 359.208956695427 277.980847464861 967.823320591913
2445000 330.794430439528 359.362500858938 278.17537046974 968.332301768206
2446000 331.02185788776 359.33107243982 278.520888868735 968.873819196315
2447000 331.144012082467 359.969217166149 278.301824242439 969.415053491055
2448000 331.271357667464 360.190373068346 278.528898746631 969.990629482441
2449000 331.21882115694 360.304475089879 278.590689101446 970.113985348265
2450000 331.038175801158 360.921993972217 278.589077688903 970.549247462278
2451000 330.881376868531 360.829396199039 279.122897446587 970.833670514158
2452000 330.958020025508 360.916243140301 279.158680165147 971.032943330956
2453000 331.147108830073 361.119221344796 279.034892058594 971.301222233464
2454000 331.218362333756 361.378950164176 279.700820492149 972.298132990081
2455000 331.494073025466 361.666045744495 279.560917651672 972.721036421633
2456000 331.730340984621 361.783523235114 279.728985631468 973.242849851203
2457000 331.439316984598 361.929745512731 279.86515836681 973.234220864139
2458000 331.840970359181 362.307660628712 279.589649216974 973.738280204867
2459000 331.981473767074 362.326596666692 279.898989195296 974.207059629062
2460000 332.006224688249 362.710587407495 280.181939257978 974.898751353722
2461000 332.355257450573 362.424199370494 280.249476702932 975.028933524
2462000 331.96863692316 362.92094274248 280.562202712174 975.451782377814
2463000 332.034335762608 363.353115024997 280.706028472813 976.093479260419
2464000 332.008368168271 363.043685458991 281.107763508326 976.159817135589
2465000 331.863126214589 362.797563320697 281.008833707138 975.669523242425
2466000 332.26274476008 363.580582564253 280.733281214233 976.576608538567
2467000 332.403237650252 363.338064662358 281.309432275812 977.050734588423
2468000 332.18060856051 363.270006544906 280.980261299363 976.430876404779
2469000 332.332587655389 363.167809122819 281.026297655595 976.526694433803
2470000 332.390696651795 363.534292465009 281.072961729859 976.997950846662
2471000 332.613090718224 363.414122944445 281.08700835841 977.114222021079
2472000 333.216431777789 363.24097218691 280.800804914786 977.258208879485
2473000 333.022086237198 363.484834288261 280.942764705849 977.449685231309
2474000 332.964837304583 363.456888277108 280.902122227075 977.323847808766
2475000 333.14387152274 363.295246264159 281.269110852956 977.708228639854
2476000 333.074557666658 364.00235533857 281.061540425732 978.13845343096
2477000 333.323288722784 364.057992718713 281.447114354701 978.828395796197
2478000 333.314571983735 363.750021941978 281.864191955648 978.928785881362
2479000 333.770886068002 363.746791851966 281.523667318218 979.041345238186
2480000 333.700658006617 363.594569041984 281.574202661075 978.869429709676
2481000 333.875497028382 363.753730045799 281.761466995956 979.390694070136
2482000 333.946696995187 363.354080976642 281.737404742635 979.038182714463
2483000 333.762341322758 363.365917523274 281.569495768918 978.69775461495
2484000 334.295297818539 363.507842717873 281.568775946324 979.371916482736
2485000 334.416672498491 363.657543127887 281.796166998276 979.870382624654
2486000 334.553409735336 363.702228463348 281.635732829962 979.891371028646
2487000 334.911362334287 364.090693607127 281.689913528989 980.691969470403
2488000 334.787470491412 364.334674184154 282.18051054874 981.302655224306
2489000 334.861239640588 364.2957481976 282.421822929428 981.578810767616
2490000 334.956178548311 364.499633597456 282.252862076033 981.708674221801
2491000 335.221129451371 364.34852753647 282.471493744781 982.041150732623
2492000 335.752645157841 364.344798177396 282.227953567624 982.325396902861
2493000 335.490692653496 364.738803296061 282.84185714405 983.071353093608
2494000 335.712513843034 364.779346323833 282.745744995606 983.237605162473
2495000 335.693704890476 364.391956094325 283.191596295349 983.277257280151
2496000 335.926127498357 364.619704306758 283.310884160551 983.856715965665
2497000 336.230497108389 364.418726641885 283.35417562885 984.003399379123
2498000 336.662904748342 364.614110474216 283.471619721984 984.748634944542
2499000 336.175195840353 364.379098149611 283.588211535269 984.142505525233
2500000 336.483841704216 364.698525717951 283.833326051591 985.015693473758
2501000 336.908749366017 365.143890601113 284.011018505118 986.063658472248
2502000 336.900025809549 365.192480315403 283.946745558616 986.039251683569
2503000 337.101447407933 365.071998343787 284.065690039251 986.23913579097
2504000 336.94331924842 365.232353529068 284.289823345191 986.465496122679
2505000 337.14510788344 365.538374936568 284.27709671634 986.960579536348
2506000 337.158271102833 365.861238422766 284.434631481819 987.454141007418
2507000 337.030143841283 365.822734224821 284.450447817724 987.303325883827
2508000 337.807083892548 365.936184575125 284.687940866634 988.431209334307
2509000 337.608238309822 366.034795061114 284.72940088063 988.372434251566
2510000 338.203760589628 366.028179723228 284.567237241656 988.799177554512
