# Fix print output for fix 2
10000 0 0 0 0
11000 0.304321539719094 0.304494692742964 0.304717509508477 0.913533741970535
12000 0.444678806540436 0.439679525542948 0.439375890633319 1.3237342227167
13000 0.575329011925518 0.565784761282557 0.560679447265244 1.70179322047332
14000 0.707835020433488 0.687035845538629 0.679794811525672 2.07466567749779
15000 0.82925421653714 0.811679078616158 0.807811128892427 2.44874442404572
16000 0.955586862062254 0.934449427001896 0.928039121376909 2.81807541044106
17000 1.07697392607996 1.0553059133196 1.04173383927218 3.17401367867174
18000 1.197276626215 1.18292512013597 1.15630515209567 3.53650689844664
19000 1.32028714190711 1.30618806588948 1.28379549242522 3.91027070022181
20000 1.4326224094993 1.42324186169396 1.39980152298561 4.25566579417887
21000 1.54430629459937 1.54236645621545 1.50716062239996 4.59383337321478
22000 1.66096649489283 1.66196123314008 1.62354706078173 4.94647478881465
23000 1.77723403312926 1.77537793728301 1.73799620487863 5.2906081752909
24000 1.89705545284763 1.89529739967751 1.85064908082991 5.64300193335504
25000 2.0190242118452 2.01859325473473 1.97033098590063 6.00794845248056
26000 2.12771899199164 2.12871747735167 2.07486658884835 6.33130305819166
27000 2.25138853833779 2.24385544006388 2.18220772683396 6.67745170523563
28000 2.36861278674281 2.35865976589328 2.30324034237532 7.03051289501141
29000 2.48325340521872 2.47747753276309 2.40987152211113 7.37060246009295
30000 2.60157017882043 2.5923871619857 2.53549563466567 7.72945297547179
31000 2.69653787711331 2.68856824395957 2.63387326105266 8.01897938212554
32000 2.82783321565793 2.79995653563917 2.75300910344115 8.38079885473825
33000 2.95847837562185 2.92339704166509 2.88133197102445 8.76320738831139
34000 3.09770038992938 3.04983055949425 2.98995676263456 9.13748771205818
35000 3.2233880592978 3.16236511708544 3.10710363832146 9.4928568147047
36000 3.34481638036442 3.26985038475439 3.22418452571202 9.83885129083083
37000 3.45874704687998 3.38795214607974 3.32511235756776 10.1718115505275
38000 3.59049851265386 3.50917542626661 3.4575762529139 10.5572501918344
39000 3.71477662493358 3.62566526440678 3.57365355418256 10.9140954435229
40000 3.83661250872121 3.74158306544341 3.68288340721163 11.2610789813763
41000 3.95016790850978 3.85049100359314 3.78934582600611 11.590004738109
42000 4.06459099255239 3.95588361498862 3.8895638075352 11.9100384150762
43000 4.17900267431692 4.07509182168655 3.99232397965262 12.2464184756561
44000 4.30770857474298 4.18435323005932 4.1063365728474 12.5983983776497
45000 4.42312554442783 4.29525563257011 4.2193628123478 12.9377439893457
46000 4.52691267610064 4.3923876998002 4.32449685530552 13.2437972312064
47000 4.64450008282317 4.49864738515725 4.4382300862878 13.5813775542682
48000 4.74718428857864 4.59134722146725 4.53801894224514 13.876550452291
49000 4.8585263201959 4.70274177561571 4.64821940663378 14.2094875024454
50000 4.9661881436539 4.82463134529701 4.76304589807682 14.5538653870277
51000 5.07761482070989 4.92883078138047 4.86078205674075 14.8672276588311
52000 5.19176415464802 5.0358978680261 4.97641773024798 15.2040797529221
53000 5.32864171586256 5.15899206460664 5.09193217838601 15.5795659588552
54000 5.4454453972948 5.27241041261401 5.19826576089849 15.9161215708073
55000 5.56561310798809 5.39228927466632 5.30469095883218 16.2625933414866
56000 5.68294019332073 5.50860248029992 5.41716606904013 16.6087087426608
57000 5.79135189342286 5.60658855738951 5.51789370568348 16.9158341564959
58000 5.90763314163585 5.72339187067755 5.62417781516385 17.2552028274773
59000 6.03068144198968 5.81553058556601 5.74059604683004 17.5868080743857
60000 6.14640960261444 5.94575216342505 5.87581805569007 17.9679798217296
61000 6.25284504490542 6.05893901768166 5.98607675191268 18.2978608144998
62000 6.36239773635593 6.18444730767278 6.07825317047177 18.6250982145005
63000 6.49340675104096 6.28404910255009 6.19049957035879 18.9679554239498
64000 6.61039551618449 6.37760142093133 6.30364289256551 19.2916398296813
65000 6.72022190403874 6.49325881740618 6.41192259139749 19.6254033128424
66000 6.83307691683786 6.58892583143238 6.52169905710873 19.943701805379
67000 6.95412201995729 6.70696287103339 6.63969030315708 20.3007751941478
68000 7.07193099760993 6.82881822175217 6.74149075728384 20.6422399766459
69000 7.17300853575535 6.93953964232214 6.84453114904972 20.9570793271272
70000 7.29467920095929 7.03486804121453 6.94442229160451 21.2739695337783
71000 7.39114558009328 7.13267136155368 7.04815034479772 21.5719672864447
72000 7.49339463198605 7.24681611680747 7.14261039592486 21.8828211447184
73000 7.61452321864913 7.36374668852745 7.2522272797454 22.230497186922
74000 7.72501271373145 7.46692966038447 7.35241015610577 22.5443525302217
75000 7.8521342945193 7.58042822471427 7.46162455851431 22.8941870777479
76000 7.96149826705994 7.68804363331793 7.56677769059205 23.2163195909699
77000 8.07987310308694 7.79753357712974 7.67382612082592 23.5512328010426
78000 8.18683304274546 7.90529270226509 7.77620444572046 23.868330190731
79000 8.30614193644807 8.01339163346656 7.87489237738741 24.194425947302
80000 8.42716559115745 8.13044323415809 7.99041077274673 24.5480195980623
81000 8.52247654931353 8.21611670630887 8.0849629549345 24.8235562105569
82000 8.63937426684919 8.32302327219941 8.1908453402123 25.1532428792609
83000 8.72658640660102 8.43775054306374 8.29836802325223 25.462704972917
84000 8.85859871044103 8.55003982390703 8.3929984569531 25.8016369913012
85000 8.9748002616539 8.64409667641593 8.48593502095809 26.1048319590279
86000 9.081418589416 8.74691132211442 8.58941700375238 26.4177469152828
87000 9.19374671796493 8.86458986024456 8.69265891199324 26.7509954902027
88000 9.30129678709531 8.96988002494095 8.79076307740503 27.0619398894413
89000 9.4085422385262 9.06145625522702 8.88805910861407 27.3580576023673
90000 9.52467088458288 9.15120636818943 9.02060540735404 27.6964826601264
91000 9.62352634796679 9.27249393830457 9.12402145008555 28.0200417363569
92000 9.73547468587712 9.35839655706848 9.19787560933299 28.2917468522786
93000 9.84839128559081 9.461628992507 9.31803287965123 28.628053157749
94000 9.96406466949132 9.57837190902114 9.4062564899476 28.9486930684601
95000 10.0853175133906 9.68724139949737 9.52123505887391 29.2937939717619
96000 10.1918149976676 9.78009429172166 9.61977287198141 29.5916821613707
97000 10.2999164344743 9.88684729316153 9.72411279839945 29.9108765260352
98000 10.4192937004742 10.0039792391616 9.82553129213065 30.2488042317665
99000 10.5317138574365 10.1139525643636 9.94548664184351 30.5911530636436
100000 10.6342927996236 10.2142912608722 10.0471727087806 30.8957567692763
101000 10.7381222815522 10.3205956156788 10.1559338041515 31.2146517013825
102000 10.8594540719528 10.4193852951878 10.2630051453199 31.5418445124604
103000 10.9687756937423 10.519177573609 10.3633694693894 31.8513227367408
104000 11.0928793176032 10.6231541634315 10.4574363441447 32.1734698251794
105000 11.1986243291693 10.7370672532172 10.5611739999877 32.4968655823742
106000 11.3083569725646 10.8588384168766 10.6677354704241 32.8349308598653
107000 11.4408000812017 10.9547055329432 10.7657540583969 33.1612596725418
108000 11.5142339001374 11.0578942118911 10.8645204966491 33.4366486086776
109000 11.6469679118115 11.1587723364895 10.9634480921233 33.7691883404244
110000 11.7904001973387 11.257878281658 11.067855714158 34.1161341931547
111000 11.8693174414873 11.3682652168245 11.1668596775311 34.4044423358429
112000 11.9916676845062 11.4845202968415 11.2756219684548 34.7518099498024
113000 12.0998347242352 11.6083705596632 11.3702307196952 35.0784360035936
114000 12.2190866645564 11.7123964833846 11.487533516009 35.41901666395
115000 12.3251428759656 11.8199015538258 11.5942667429757 35.7393111727672
116000 12.4407066433778 11.9402674416337 11.7132959627755 36.094270047787
117000 12.5382232906564 12.0494063176914 11.8284172708172 36.416046879165
118000 12.6488678681904 12.1638019047393 11.9356741661717 36.7483439391014
119000 12.7788889124938 12.2699711114032 12.0322930906958 37.0811531145928
120000 12.8789277860927 12.3638147363382 12.1559775729594 37.3987200953902
121000 13.0115420482279 12.4768092729264 12.258142728899 37.7464940500533
122000 13.115397836437 12.5677070507834 12.3414706169363 38.0245755041567
123000 13.2071554213721 12.6732949571693 12.4284052434801 38.3088556220215
124000 13.3172604510239 12.7875515841768 12.5332315332232 38.6380435684239
125000 13.4648601866134 12.883857021478 12.6560124362037 39.004729644295
126000 13.5776231556242 12.9677246422772 12.767493286809 39.3128410847104
127000 13.6663925953842 13.0730816249155 12.8701691180654 39.6096433383652
128000 13.7736544674743 13.1892774243557 12.9708379652674 39.9337698570974
129000 13.8774354568734 13.2807100552321 13.0597384702704 40.2178839823759
130000 13.9742808716281 13.3911629368253 13.1610729498004 40.5265167582539
131000 14.0893518264475 13.4831965854906 13.2655221065733 40.8380705185115
132000 14.2043721835051 13.6029260574748 13.3755288715722 41.1828271125521
133000 14.3164610393277 13.6910550017704 13.4706647430062 41.4781807841042
134000 14.4315773542624 13.7996381726426 13.5824930870455 41.8137086139504
135000 14.5588168875947 13.9066015463993 13.6781316842386 42.1435501182327
136000 14.6700594088437 14.0034822625219 13.7893305264084 42.462872197774
137000 14.795993157435 14.1225494930297 13.891992970734 42.8105356211987
138000 14.8907271011295 14.2230380850773 13.9926144684525 43.1063796546593
139000 15.0142528210463 14.3440497524642 14.0813193122597 43.4396218857702
140000 15.12858989528 14.4501802453816 14.1923225963845 43.7710927370461
141000 15.2591361299419 14.5456274992085 14.3065859441783 44.1113495733288
142000 15.3549801752134 14.642648775902 14.4083468300803 44.4059757811957
143000 15.4444542222031 14.7672124414427 14.4867350648587 44.6984017285045
144000 15.545511308883 14.871676910035 14.596976250361 45.014164469279
145000 15.6367693765496 14.9736524010327 14.6777478235029 45.2881696010852
146000 15.7460429034763 15.0992230062779 14.7681163384207 45.6133822481749
147000 15.8514799950907 15.1840191875959 14.8660864618112 45.9015856444978
148000 15.9504365969689 15.3018401411597 14.9842311990013 46.2365079371299
149000 16.0546283828331 15.3997071364574 15.075877553524 46.5302130728145
150000 16.1847027519419 15.5004701783928 15.1740742962341 46.8592472265688
151000 16.2793835678562 15.5991442985304 15.2718975146048 47.1504253809914
152000 16.3862947599079 15.7034684648194 15.3928664257668 47.482629650494
153000 16.5042530257353 15.8219975854116 15.4830654156038 47.8093160267507
154000 16.6380964776737 15.9179588262585 15.6070908754119 48.1631461793441
155000 16.7279262222104 16.0210592455722 15.7162803614447 48.4652658292274
156000 16.8275584246142 16.1081243667905 15.817467616043 48.7531504074478
157000 16.9305198149383 16.1995444021513 15.910265359545 49.0403295766346
158000 17.0191954127055 16.3042441114998 16.0094307426873 49.3328702668926
159000 17.1346355125259 16.3997598032784 16.1294296792401 49.6638249950444
160000 17.232467321568 16.4960627109634 16.2095832728777 49.9381133054091
161000 17.3559029915585 16.616784984642 16.3086165996378 50.2813045758383
162000 17.4710862403609 16.7287959390598 16.4134542735594 50.6133364529801
163000 17.5703725086318 16.8354289231995 16.5199249924457 50.925726424277
164000 17.683877709612 16.9228742313165 16.641816681688 51.2485686226165
165000 17.7786584310121 17.0206087004242 16.7536081477233 51.5528752791596
166000 17.9025210538334 17.1370734444565 16.8520824447889 51.8916769430789
167000 18.0025034601736 17.2401842150648 16.9779768053239 52.2206644805623
168000 18.0979812184135 17.3362567777381 17.0959342379839 52.5301722341355
169000 18.2169629927609 17.4073852597951 17.2091961045551 52.8335443571111
170000 18.3231268663507 17.5024570656077 17.3073006627893 53.1328845947477
171000 18.4512070773317 17.6190534884695 17.4020778271804 53.4723383929817
172000 18.5623170536323 17.7225809187016 17.5155353677941 53.800433340128
173000 18.6670325767856 17.8186488045987 17.6305864683254 54.1162678497097
174000 18.7782141236972 17.9412780219472 17.7169234347647 54.4364155804091
175000 18.9044039245517 18.0464102960895 17.8200148692876 54.7708290899289
176000 19.0094700590223 18.1674988922943 17.9119757833257 55.0889447346424
177000 19.1337611562487 18.2554513709897 18.0212187961485 55.4104313233869
178000 19.2556703396529 18.3859632087902 18.1233329182862 55.7649664667293
179000 19.3821191044699 18.4804605167242 18.2201181779236 56.0826977991177
180000 19.4705446978302 18.572113551041 18.3305831621882 56.3732414110593
181000 19.6005366938266 18.7089019387582 18.4144833823845 56.7239220149693
182000 19.7177591129265 18.802661933593 18.5394520903239 57.0598731368434
183000 19.8272043057343 18.9189010849484 18.6257059745788 57.3718113652614
184000 19.9248550442771 19.0252990897555 18.7396838241234 57.689837958156
185000 20.0578091417377 19.1304829406442 18.8450187025682 58.0333107849501
186000 20.1457129911681 19.219629091253 18.9347949171452 58.3001369995663
187000 20.2625658823746 19.3532452094813 19.0453312368544 58.6611423287104
188000 20.3672744513155 19.4448941163437 19.1775152507326 58.9896838183918
189000 20.4795073201195 19.5614878829848 19.2706931957405 59.3116883988449
190000 20.5831850785482 19.6511480474742 19.3792521293988 59.6135852554211
191000 20.6944816368187 19.7544531675281 19.4784780330194 59.9274128373662
192000 20.8221149131388 19.8369265685649 19.5762807044994 60.2353221862031
193000 20.9294963238976 19.9458765149722 19.6715167850227 60.5468896238924
194000 21.0455370881543 20.0599146276421 19.7683216042314 60.8737733200278
195000 21.1436094730228 20.1546625235419 19.8874318694799 61.1857038660446
196000 21.2470537529363 20.2724978311372 20.0014019040904 61.5209534881639
197000 21.3636438353599 20.3713503534635 20.1202306286505 61.855224817474
198000 21.4576994498105 20.4808799285724 20.2323643828467 62.1709437612297
199000 21.5678463298347 20.5673455002079 20.3344745590818 62.4696663891244
200000 21.6716330733304 20.6721956483053 20.4315941512183 62.775422872854
201000 21.7666788506068 20.7727489382925 20.5191144208128 63.0585422097121
202000 21.9014615496497 20.86479784078 20.6480501590017 63.4143095494315
203000 22.0219902232325 20.9703611750595 20.7491096368942 63.7414610351861
204000 22.1387357391204 21.0621862642351 20.8750757053564 64.075997708712
205000 22.2420110117868 21.1976438410809 20.9854091927146 64.4250640455822
206000 22.3469266349293 21.2644756585467 21.0676159350588 64.6790182285348
207000 22.467954923028 21.389446894443 21.1720235737247 65.0294253911956
208000 22.5702548139231 21.498329580365 21.2728266563705 65.3414110506586
209000 22.6768457183493 21.5740753654663 21.3776575677581 65.6285786515737
210000 22.7704717340192 21.6972420800229 21.4456643993664 65.9133782134085
211000 22.8946647335703 21.8026096292067 21.5423536925902 66.2396280553672
212000 23.0027444534288 21.8981633012596 21.646604249448 66.5475120041365
213000 23.1002682985978 22.006199440936 21.7244053688908 66.8308731084245
214000 23.2040548364269 22.0921658955472 21.837676525782 67.1338972577561
215000 23.2892582413933 22.2001328080104 21.936553877937 67.4259449273408
216000 23.4164280416412 22.3042289968145 22.0419773314835 67.7626343699392
217000 23.5131566846381 22.4135400614992 22.1364028523778 68.0630995985152
218000 23.6040145910049 22.5314120164997 22.2581952007358 68.3936218082404
219000 23.7004780092735 22.6158908108885 22.3683295469581 68.6846983671201
220000 23.8106714879939 22.6949068679033 22.4631379279537 68.9687162838509
221000 23.9053904837455 22.7921324781344 22.5598232304404 69.2573461923204
222000 24.0046020410825 22.9034003463897 22.6704147515119 69.5784171389841
223000 24.1004535537559 22.9962662741637 22.7604374903581 69.8571573182777
224000 24.2041624231337 23.1109238178829 22.8452254821191 70.1603117231357
225000 24.3004865958956 23.2149980520054 22.9587150984757 70.4741997463766
226000 24.4020347834602 23.3261758389298 23.080819436177 70.8090300585671
227000 24.5401665950993 23.4321353388175 23.1737403094809 71.1460422433977
228000 24.6478577890254 23.5326216766691 23.263950877925 71.4444303436195
229000 24.7617279082262 23.6319041809473 23.3401810354293 71.7338131246028
230000 24.8571835098713 23.7418050832014 23.4403052256746 72.0392938187473
231000 24.9608064844391 23.8565868627863 23.513804620349 72.3311979675744
232000 25.0771264711869 23.9587059428043 23.6107952730174 72.6466276870087
233000 25.1821431992121 24.0371779881986 23.7112848155319 72.9306060029427
234000 25.2656944418364 24.1578072006161 23.8194904199321 73.2429920623846
235000 25.3846194584278 24.2413433064769 23.9405772111538 73.5665399760586
236000 25.5190703171043 24.3622701131361 24.0534069280501 73.9347473582905
237000 25.6151182535103 24.4828933778423 24.1653346886462 74.2633463199988
238000 25.7166175199284 24.6111629925102 24.2515921220487 74.5793726344873
239000 25.818314714885 24.7029570729286 24.3393994450582 74.8606712328718
240000 25.919539205169 24.8022919615883 24.4772337592627 75.1990649260201
241000 26.0044115445529 24.8831640508213 24.5793808701211 75.4669564654953
242000 26.1193081697368 25.0175154016973 24.6880957438568 75.824919315291
243000 26.229631190263 25.107836586859 24.763846108847 76.101313885969
244000 26.3032166558193 25.2192413726324 24.8594717791418 76.3819298075935
245000 26.3983404131593 25.3043235540558 24.9581397486507 76.6608037158658
246000 26.5176825644943 25.3668034820633 25.035136430565 76.9196224771226
247000 26.6039505990558 25.5009489912125 25.1459172290597 77.2508168193281
248000 26.7185738438269 25.6041124738741 25.2539673877746 77.5766537054756
249000 26.8274748519837 25.6985530345022 25.3556202371002 77.8816481235861
250000 26.9192984461483 25.8250056922719 25.4565072997476 78.2008114381678
251000 27.0201661457006 25.9308079621924 25.5676219895616 78.5185960974545
252000 27.1202603409434 26.0279374512921 25.6662545358174 78.814452328053
253000 27.2159115470148 26.1157268442734 25.7746237082044 79.1062620994927
254000 27.3250347996768 26.2279930235526 25.875985043718 79.4290128669474
255000 27.4233380395655 26.3474332012206 25.9740365272506 79.7448077680367
256000 27.5206084744497 26.4174630642512 26.0689704889876 80.0070420276886
257000 27.6275675065722 26.5101643281962 26.172486289006 80.3102181237745
258000 27.7524646507096 26.6130225508411 26.2669172478912 80.6324044494419
259000 27.8441877358438 26.7250270558814 26.3506918231678 80.919906614893
260000 27.9715219326382 26.8086085747717 26.4299467778655 81.2100772852754
261000 28.0733773842636 26.9148129308235 26.5333523455167 81.5215426606038
262000 28.1569155900737 27.0411024773675 26.6364497773988 81.83446784484
263000 28.2696581923205 27.1272010848371 26.7360274184734 82.1328866956309
264000 28.3800530455034 27.2614179482524 26.8238985720538 82.4653695658097
265000 28.4954576985148 27.3603686209172 26.9159553421084 82.7717816615404
266000 28.6268228419414 27.4478143891196 26.9967018784478 83.0713391095088
267000 28.7273312845575 27.5405423149118 27.0924846441744 83.3603582436437
268000 28.8265718616926 27.6316237892831 27.2136575757583 83.6718532267341
269000 28.9643100975135 27.7442064997199 27.2943502818127 84.0028668790462
270000 29.067216679561 27.8332933396296 27.4031616331281 84.3036716523187
271000 29.1548814003893 27.9111942630373 27.481882892736 84.5479585561627
272000 29.241681085395 28.0101202954056 27.5641513484519 84.8159527292526
273000 29.3745764782618 28.1287794876629 27.658652709697 85.1620086756217
274000 29.4743132679866 28.2341168686767 27.7731599512802 85.4815900879435
275000 29.5885711146817 28.3300996531953 27.8720271153813 85.7906978832583
276000 29.707001346669 28.4552525460062 27.9489611269681 86.1112150196432
277000 29.798666538092 28.5335264620983 28.0421942606828 86.374387260873
278000 29.8703930364729 28.6276245183433 28.1534389828838 86.6514565377001
279000 29.9803438938926 28.7314643942734 28.2549188764962 86.9667271646622
280000 30.1083270921551 28.8513777091195 28.3793846562742 87.3390894575488
281000 30.2133511479537 28.9530629798287 28.4845791118454 87.6509932396278
282000 30.3263448810769 29.0472052511093 28.5646617338211 87.9382118660072
283000 30.4532711375406 29.1318903369583 28.6819794319986 88.2671409064975
284000 30.5515799102344 29.2373947785386 28.7942310977769 88.5832057865499
285000 30.6584427130937 29.3437804725735 28.8568749675302 88.8590981531974
286000 30.7652043604289 29.4411633583553 28.9580204554589 89.1643881742431
287000 30.8706644281187 29.5049561312588 29.0420871491736 89.4177077085511
288000 30.9363625792341 29.6086636686794 29.1316053953619 89.6766316432754
289000 31.0516435336385 29.7070118640456 29.234528153229 89.9931835509131
290000 31.1789776456754 29.8037619116143 29.3682029814044 90.3509425386942
291000 31.297757345922 29.9071259167267 29.5047866511803 90.709669913829
292000 31.3673832436931 30.0264701495672 29.5852942038761 90.9791475971364
293000 31.507408760921 30.0805983911509 29.6715036011429 91.2595107532148
294000 31.6279103050278 30.1794314247022 29.7585791708213 91.5659209005512
295000 31.7343085667339 30.2892395952264 29.8348522702636 91.8584004322239
296000 31.821954435773 30.3809516451983 29.9402521767792 92.1431582577505
297000 31.9498386333601 30.4766180113569 30.0242361737481 92.4506928184651
298000 32.0453757254392 30.5657756771486 30.1360303926764 92.7471817952641
299000 32.1455358137497 30.6793571721704 30.1933927755974 93.0182857615175
300000 32.2517668731604 30.7807266311958 30.2975318774862 93.3300253818425
301000 32.3751476673607 30.8791189300034 30.3919690340577 93.6462356314218
302000 32.5023216174333 30.9794849112111 30.4964725426344 93.9782790712788
303000 32.6037931770322 31.0983764823245 30.6091860222246 94.3113556815813
304000 32.715157791418 31.2342988077876 30.6827790582269 94.6322356574324
305000 32.8194181600864 31.3296079013174 30.7628804526439 94.9119065140477
306000 32.9108009855215 31.4322451706389 30.8659354540129 95.2089816101733
307000 33.0396970000369 31.5376860064294 30.955125160254 95.5325081667203
308000 33.1189454336636 31.6435075821702 31.0740777194434 95.8365307352773
309000 33.2433198872021 31.7446824011636 31.180289243148 96.1682915315136
310000 33.3501498603519 31.8844595317703 31.3034039005837 96.538013292706
311000 33.4498739182227 31.9758475912248 31.3757078320413 96.8014293414888
312000 33.5423867060396 32.0892427829325 31.4732683253615 97.1048978143337
313000 33.645038370837 32.1684208584931 31.5631005076864 97.3765597370165
314000 33.7438837940009 32.2597847493415 31.6394623413116 97.6431308846539
315000 33.8463932114671 32.3784773279003 31.76306667489 97.9879372142574
316000 33.9741362354395 32.4598692031962 31.8919616556317 98.3259670942673
317000 34.0651213834304 32.5381806134006 31.9925452339999 98.5958472308308
318000 34.1823318672544 32.6539073088919 32.0924409882852 98.9286801644315
319000 34.3026466075025 32.7710805429599 32.2158332099047 99.2895603603671
320000 34.3575870338752 32.8725201212853 32.2678942073138 99.4980013624743
321000 34.5009564302106 32.9566160631916 32.3462087674026 99.8037812608048
322000 34.599557079176 33.1096785272733 32.4280674084796 100.137303014929
323000 34.7120112867177 33.1924851686314 32.5233059512562 100.427802406605
324000 34.8151177993924 33.2858307363312 32.631336310621 100.732284846345
325000 34.9348274741279 33.3858075302621 32.7200537781431 101.040688782533
326000 35.0313911101096 33.4573622917208 32.8012612762261 101.290014678057
327000 35.1145609411085 33.5762971778445 32.904413014633 101.595271133586
328000 35.2469048532286 33.6670698422745 33.0149474376089 101.928922133112
329000 35.3579093271083 33.7743849031547 33.1209416996062 102.253235929869
330000 35.4546382563125 33.855474067635 33.2265787269256 102.536691050873
331000 35.5773777391243 33.968468638893 33.2991917454132 102.84503812343
332000 35.6970232567595 34.019334959947 33.4026134492306 103.118971665937
333000 35.7966511717175 34.1520144899969 33.48399867138 103.432664333094
334000 35.8859335083118 34.2553758642772 33.6142068858498 103.755516258439
335000 35.9864901112363 34.3686072748783 33.6937151525349 104.048812538649
336000 36.108737167099 34.4519890999138 33.7851626337417 104.345888900755
337000 36.1824032349787 34.5509503411405 33.8748742803496 104.608227856469
338000 36.2829656494028 34.6671648015622 33.9860051101418 104.936135561107
339000 36.4217995450767 34.7612532019499 34.1099335954642 105.292986342491
340000 36.5254604485016 34.860748553329 34.1922263166769 105.578435318508
341000 36.5600905463781 34.9572659529083 34.3100078298884 105.827364329175
342000 36.6752787514722 35.0693786199121 34.4175440691163 106.162201440501
343000 36.7710808906525 35.1580574960724 34.5060190722863 106.435157459011
344000 36.8486283767799 35.2550706771806 34.5960388457332 106.699737899694
345000 36.9910684659226 35.370505336247 34.7243480445844 107.085921846754
346000 37.0742071472119 35.4544289131705 34.8184942668745 107.347130327257
347000 37.1564932743797 35.5480245160527 34.9094731446187 107.613990935051
348000 37.2676027088422 35.6143064734128 35.0080138752568 107.889923057512
349000 37.4000740228608 35.7045188996565 35.0990011722331 108.20359409475
350000 37.5043744500075 35.783556763589 35.1992625637454 108.487193777342
351000 37.6164243755701 35.8937747228941 35.3039542696062 108.81415336807
352000 37.7150290968038 36.0001361888793 35.4160751224313 109.131240408114
353000 37.8293011425054 36.0919757965058 35.5414855199483 109.462762458959
354000 37.9444750281848 36.2156092045599 35.6422887619791 109.802372994724
355000 38.0645065741662 36.3104743250037 35.7621168687208 110.137097767891
356000 38.1561355308453 36.4007909903689 35.8762291724856 110.4331556937
357000 38.2639299761865 36.5285497622877 35.9607301623668 110.753209900841
358000 38.3638016571473 36.6132871299244 36.0697370302048 111.046825817276
359000 38.4822319648655 36.7208265863546 36.1452615567945 111.348320108015
360000 38.5791609092765 36.8266985874431 36.2324281534273 111.638287650147
361000 38.6689771140837 36.9640987359179 36.3591207311188 111.99219658112
362000 38.7889448689367 37.0667979933052 36.4788373350876 112.33458019733
363000 38.8739713017708 37.1984066943425 36.5592976814505 112.631675677564
364000 39.0170062468315 37.2984099650313 36.665094750146 112.980510962009
365000 39.1087679932172 37.3727152444638 36.735887630343 113.217370868024
366000 39.2199091638433 37.442917377754 36.8238585632094 113.486685104807
367000 39.3244792311596 37.5812085344247 36.9183419355233 113.824029701107
368000 39.4287521846787 37.674542614521 37.0325158052909 114.135810604491
369000 39.5190084729264 37.7787156064925 37.1785425102003 114.476266589619
370000 39.5899258099342 37.8552437829767 37.2517252960093 114.69689488892
371000 39.7240006335437 37.9572882391293 37.3675305504691 115.048819423142
372000 39.8402130229635 38.0843139276429 37.4857834807063 115.410310431313
373000 39.9335630227776 38.1853030133336 37.5458774713744 115.664743507486
374000 40.0354785429122 38.2769072683027 37.6618080527095 115.974193863924
375000 40.1505081254801 38.3726817051017 37.7712986599921 116.294488490574
376000 40.250849248229 38.450861803203 37.8724299061576 116.57414095759
377000 40.3698258643552 38.5716031306918 37.9884660013444 116.929894996391
378000 40.4622469857127 38.6762410200718 38.097688386312 117.236176392097
379000 40.547370878253 38.811365917193 38.1854569702455 117.544193765691
380000 40.6401678125965 38.907168980005 38.2936452513693 117.840982043971
381000 40.7389933634144 39.0281415242295 38.3828845233383 118.150019410982
382000 40.8060640921608 39.1012365748169 38.4695637135113 118.376864380489
383000 40.9130067088038 39.1904459613904 38.5713947778791 118.674847448073
384000 41.0191733003166 39.2666220314573 38.6713264256835 118.957121757457
385000 41.1165134206556 39.3649202765569 38.7574543297572 119.23888802697
386000 41.2164564987779 39.4840547421269 38.8418118231458 119.542323064051
387000 41.3547300501212 39.5714731035203 38.9259419877485 119.85214514139
388000 41.443840270658 39.6784792465665 39.0360478932634 120.158367410488
389000 41.5664833226396 39.810422680876 39.1221367918954 120.499042795411
390000 41.6573504144233 39.8811684251136 39.2417107538705 120.780229593407
391000 41.77374566704 39.9881290556493 39.3225641143298 121.084438837019
392000 41.8737759457804 40.0728367013658 39.4204693630383 121.367082010184
393000 41.94121759066 40.1913045147508 39.4905858027568 121.623107908168
394000 42.0569276851151 40.3032611591784 39.5933034286147 121.953492272908
395000 42.1488395731298 40.3975100472447 39.7063885056311 122.252738126006
396000 42.2530085091524 40.4917578690857 39.8087299417644 122.553496320002
397000 42.357985968696 40.6038214614484 39.9062843639675 122.868091794112
398000 42.4983760773289 40.6739733656417 39.9996407220742 123.171990165045
399000 42.6248478308483 40.7910446027062 40.0922599202849 123.508152353839
400000 42.7403406631743 40.891793174743 40.1996459556404 123.831779793558
401000 42.8326414578143 41.0192235925064 40.283323480917 124.135188531238
402000 42.9523430940439 41.1411482144066 40.4209399846432 124.514431293094
403000 43.0661132408133 41.2283555777522 40.5091346107269 124.803603429292
404000 43.1932507448255 41.321136880418 40.6086746168111 125.123062242055
405000 43.3047534830743 41.4245677206697 40.6995047095483 125.428825913292
406000 43.3983153248891 41.5146727953926 40.8102869673579 125.72327508764
407000 43.5053365174305 41.6017712007505 40.9073488478759 126.014456566057
408000 43.6030090205457 41.7001590198867 41.0113254062512 126.314493446684
409000 43.7015729317972 41.7789828331635 41.0907473111687 126.571303076129
410000 43.8001908391443 41.9009346178355 41.2000399820246 126.901165439004
411000 43.9099665341057 42.0100180563427 41.2951858610841 127.215170451533
412000 44.0014544589477 42.1274145969735 41.3842049135705 127.513073969492
413000 44.0963345475636 42.2306607200004 41.4668428522728 127.793838119837
414000 44.2383235427288 42.3508014112036 41.5878136987513 128.176938652684
415000 44.3418545252445 42.4712191451923 41.6858612987459 128.498934969183
416000 44.4550941483685 42.5468673714006 41.7755320387432 128.777493558512
417000 44.5403670949939 42.6571834085199 41.8424130768567 129.03996358037
418000 44.6303258256399 42.7756587030413 41.9467299712764 129.352714499957
419000 44.7187344710131 42.8622959012037 42.0710381236791 129.652068495896
420000 44.8373784790402 42.9510378069993 42.1685563881333 129.956972674173
421000 44.9737603271246 43.0505395110381 42.2640138147168 130.28831365288
422000 45.0153511350943 43.1315825895337 42.3488298745551 130.495763599183
423000 45.1401402793263 43.2269015366193 42.4450083565364 130.812050172482
424000 45.254464322271 43.3222555528572 42.5379309006098 131.114650775738
425000 45.3581148840289 43.432353610717 42.6627564984265 131.453224993172
426000 45.4488049787951 43.4932339495189 42.7568640663031 131.698902994617
427000 45.575814063866 43.5957124396625 42.8521070513463 132.023633554875
428000 45.681964802124 43.7284801816479 42.9573113311423 132.367756314914
429000 45.819529585822 43.8238071423459 43.0251280486538 132.668464776822
430000 45.9114005744728 43.9442912612491 43.1219300943582 132.97762193008
431000 46.0259341347378 44.0207531142562 43.2107358197398 133.257423068734
432000 46.1681658956966 44.1198321697917 43.3282448149546 133.616242880443
433000 46.2630186371672 44.1963003651689 43.4561159506621 133.915434952998
434000 46.3598200711214 44.3225461185587 43.5865177608418 134.268883950522
435000 46.469738525076 44.4495624396678 43.682246554948 134.601547519692
436000 46.586819847157 44.5338823244884 43.8131465269123 134.933848698558
437000 46.6907072447191 44.6409750097162 43.8963058234148 135.22798807785
438000 46.8093575126389 44.7704234453419 44.0303170062088 135.61009796419
439000 46.9497569151405 44.8658573083971 44.1208446953594 135.936458918897
440000 46.9916027719838 44.945834037235 44.1886856941715 136.12612250339
441000 47.1146480045674 45.0351399124715 44.2754298637487 136.425217780788
442000 47.2240843929165 45.1481574292185 44.3758035263228 136.748045348458
443000 47.3222013205459 45.2245818759427 44.4666716439796 137.013454840468
444000 47.4057087999938 45.3264974196671 44.5774855323953 137.309691752056
445000 47.483851269141 45.4289741063708 44.6338046454572 137.546630020969
446000 47.6299564474181 45.5369801514317 44.7172284498586 137.884165048708
447000 47.7593320942331 45.6436596951187 44.8616634739416 138.264655263293
448000 47.8462255002426 45.7497720010801 44.9549548026607 138.550952303983
449000 47.9763946195673 45.8637970625645 45.0318663992705 138.872058081402
450000 48.0984180966409 45.970664913332 45.0892754571071 139.15835846708
451000 48.1770720070168 46.0675227187189 45.2129654185291 139.457560144265
452000 48.2761172235838 46.1685049034188 45.2773159635167 139.721938090519
453000 48.3656454366489 46.2566976172207 45.3811781946293 140.003521248499
454000 48.4717098327205 46.3798732572968 45.4871010118833 140.338684101901
455000 48.5798291544382 46.5098919220605 45.6258061469119 140.715527223411
456000 48.6311052316135 46.5742221555002 45.7159895930338 140.921316980147
457000 48.7140078230503 46.6489407863983 45.8338389543418 141.19678756379
458000 48.8237036065906 46.7692981856672 45.9180310012935 141.511032793551
459000 48.94445047112 46.8568825735733 46.0429340989953 141.844267143689
460000 49.054461805085 46.9751702003746 46.1279162736949 142.157548279155
461000 49.1571182319916 47.0911050802838 46.2309081777733 142.479131490049
462000 49.2367714836924 47.1720378961528 46.3355939753886 142.744403355234
463000 49.345586940974 47.2680639314736 46.4227420442993 143.036392916747
464000 49.4272365799909 47.3606848193783 46.5207100789044 143.308631478274
465000 49.4890902512544 47.4526174610189 46.6057271597973 143.547434872071
466000 49.5971468344188 47.5167638587979 46.6701727415589 143.784083434776
467000 49.6838913134906 47.5921361429011 46.8083287193551 144.084356175747
468000 49.8181691898221 47.6991576746347 46.8821693474723 144.399496211929
469000 49.8705662236675 47.777873907362 46.9941746789726 144.642614810002
470000 49.9734662160421 47.8885537904908 47.0742127777475 144.93623278428
471000 50.0486699323473 47.9564692979209 47.1844823406775 145.189621570946
472000 50.1107847612889 48.04696778166 47.3054720660172 145.463224608966
473000 50.2658867112866 48.1602332244082 47.3884643645665 145.814584300261
474000 50.3373307526556 48.2742008845712 47.4622942332057 146.073825870432
475000 50.4584177487089 48.3631167333686 47.5604056282775 146.381940110355
476000 50.574021394169 48.4345415184773 47.6695176227484 146.678080535395
477000 50.6770035664603 48.5676594058053 47.7767568042869 147.021419776552
478000 50.7773247141596 48.6786309423262 47.8534917498355 147.309447406321
479000 50.8714030291884 48.7639958389737 47.9703589644068 147.605757832569
480000 50.9858408663584 48.8951385455085 48.0660083521867 147.946987764054
481000 51.1016912935058 48.9923201911675 48.1856682158125 148.279679700486
482000 51.2379348544326 49.1022352123022 48.2573321512651 148.597502218
483000 51.3301157861107 49.222717494067 48.342741240982 148.89557452116
484000 51.434879454324 49.3083969898904 48.4964008141643 149.239677258379
485000 51.4989969335557 49.430730515426 48.6026036225179 149.5323310715
486000 51.5836115834995 49.4846835136182 48.678303946034 149.746599043152
487000 51.6915323002795 49.5699486514008 48.7854014426867 150.046882394367
488000 51.7926048361758 49.6639884011374 48.8370201554998 150.293613392813
489000 51.8997626558735 49.7545161226306 48.9544996269047 150.608778405409
490000 52.0017401050661 49.8885236983666 49.0461899087268 150.93645371216
491000 52.0859280922508 49.9891188397535 49.1363227492945 151.211369681299
492000 52.1698761391113 50.1036293189806 49.2350058167787 151.508511274871
493000 52.2688373143343 50.2266741826279 49.3429848394881 151.83849633645
494000 52.3352413694499 50.325778818964 49.4396494888228 152.100669677237
495000 52.444077866576 50.433812212452 49.4631208522398 152.341010931268
496000 52.5228946943443 50.5160086211985 49.5804896770358 152.619392992579
497000 52.6142512343219 50.5803160626491 49.6850472726166 152.879614569588
498000 52.7276217920436 50.6615245443321 49.76156210203 153.150708438406
499000 52.8690159956945 50.756309633521 49.8908363895156 153.516162018731
500000 52.9684025968744 50.8430474442701 50.0061292435916 153.817579284736
501000 53.0716663617619 50.9568973196563 50.087279890994 154.115843572412
502000 53.1819931868109 51.0178823396485 50.1326775879973 154.332553114457
503000 53.2724013066526 51.0697677273185 50.2505063065624 154.592675340534
504000 53.3812040888074 51.187334649442 50.3541861413744 154.922724879624
505000 53.4675761786427 51.2881362379868 50.4400547563008 155.19576717293
506000 53.5278275436813 51.423816060078 50.5401432343013 155.491786838061
507000 53.6475774998841 51.5235070523567 50.6480164481435 155.819101000384
508000 53.7442779008028 51.622282753302 50.7288693363576 156.095429990462
509000 53.8041724845609 51.7173933658702 50.8082636295733 156.329829480004
510000 53.9263843626698 51.8132963317219 50.8871428570738 156.626823551466
511000 53.9668140985047 51.8678306964819 51.0140067233816 156.848651518368
512000 54.079666838724 51.9637202679675 51.1276654610047 157.171052567696
513000 54.2225178982108 52.0565561598268 51.2219368887779 157.501010946815
514000 54.2883076062694 52.1697452290688 51.3449341520055 157.802986987344
515000 54.4135530022592 52.2540386162423 51.433906702492 158.101498320993
516000 54.5119001980797 52.3774908198381 51.5499603513966 158.439351369314
517000 54.5914479210812 52.4462643419215 51.6372558239873 158.67496808699
518000 54.6958022573343 52.5627467556545 51.7256368567955 158.984185869784
519000 54.7771411508993 52.6783879301156 51.8234549092777 159.278983990292
520000 54.8664638422389 52.7671077193373 51.9192446799658 159.552816241542
521000 54.9473960904512 52.9229167285313 52.0194984872446 159.889811306227
522000 55.0579175444658 52.9828287974232 52.1347253105162 160.175471652405
523000 55.169084332633 53.0895077935449 52.2106290066019 160.46922113278
524000 55.2664082769196 53.1839325735509 52.2955897314238 160.745930581894
525000 55.3549828858357 53.2855771134464 52.3553316693078 160.99589166859
526000 55.4601118418728 53.3780180089104 52.4704324624109 161.308562313194
527000 55.5558939568508 53.4699841639894 52.564432373462 161.590310494302
528000 55.649106542793 53.5805209775028 52.6368868230008 161.866514343297
529000 55.7879076186613 53.6762536863195 52.75299141968 162.217152724661
530000 55.8985908319183 53.7875337336581 52.8499072050027 162.536031770579
531000 56.0540878090058 53.816299582493 52.9199097614722 162.790297152971
532000 56.118083455713 53.9234651168805 53.0209209436413 163.062469516235
533000 56.2653758510226 54.0196908542361 53.0913092281291 163.376375933388
534000 56.3668962821693 54.073722790306 53.164248114922 163.604867187397
535000 56.4764567396609 54.1753619839474 53.2862840027965 163.938102726405
536000 56.6138256442296 54.2578017713844 53.3995221287501 164.271149544364
537000 56.6721492941986 54.3582112069712 53.4650408190779 164.495401320248
538000 56.7924371353086 54.4594726960054 53.5628688653723 164.814778696686
539000 56.9132415323262 54.5825571926661 53.6523147490313 165.148113474024
540000 57.0428526578611 54.702094271839 53.7461506291337 165.491097558834
541000 57.1651968047137 54.7651391121431 53.8533901004083 165.783726017265
542000 57.2695144377231 54.8819082383001 53.9226981867845 166.074120862808
543000 57.3843560186209 54.9912695751177 54.0604471421575 166.436072735896
544000 57.4412785819023 55.0773171594744 54.1673928386764 166.685988580053
545000 57.5480887666279 55.1821733174546 54.2536449436366 166.983907027719
546000 57.6256505157128 55.3140005085849 54.3449292674964 167.284580291794
547000 57.7248476189302 55.3742638869945 54.4429778827405 167.542089388665
548000 57.8021303204135 55.4748253362467 54.5329177555265 167.809873412187
549000 57.8982379810958 55.6243915079053 54.6392979786513 168.161927467652
550000 58.0114118179486 55.6985249048809 54.7125772581683 168.422513980998
551000 58.1157334720231 55.7561260832464 54.7776641626346 168.649523717904
552000 58.2068866856606 55.8387413074292 54.8940625380804 168.93969053117
553000 58.29606371265 55.947402109252 54.9789780727131 169.222443894615
554000 58.4022246441585 56.044742263872 55.0798140050372 169.526780913068
555000 58.5361118923546 56.125019484499 55.1997604113756 169.860891788229
556000 58.621023751239 56.1997905102108 55.3203121287346 170.141126390184
557000 58.7016008710053 56.3077792201134 55.3960289472198 170.405409038339
558000 58.8216527273677 56.4376497744661 55.4900803852732 170.749382887107
559000 58.9307483397877 56.5324805213127 55.5805791864398 171.04380804754
560000 58.9877192315414 56.6055636311953 55.723775996413 171.31705885915
561000 59.1047689609501 56.7225018242865 55.7928260456189 171.620096830855
562000 59.1971287631691 56.8079906597357 55.884199362442 171.889318785347
563000 59.3177247226572 56.9221510474028 55.9907178499486 172.230593620009
564000 59.4331446243584 57.0229553933328 56.0964321772407 172.552532194932
565000 59.5351605206654 57.1411952947003 56.194632108744 172.87098792411
566000 59.6404925266333 57.2421777428351 56.3211119793296 173.203782248798
567000 59.7275051361553 57.37173913548 56.4178213411811 173.517065612816
568000 59.8454310327494 57.4561607954983 56.5201571659651 173.821748994213
569000 59.9234343142091 57.5563605892918 56.5820791757196 174.061874079221
570000 60.0581445010173 57.6580173624837 56.6884066849414 174.404568548442
571000 60.1567547132503 57.768600313203 56.7655127846683 174.690867811122
572000 60.2605020315267 57.8481963068357 56.8301648210419 174.938863159404
573000 60.3451772623814 57.9390855454942 56.947710633097 175.231973440973
574000 60.4512717482742 58.0692077937426 57.065918537325 175.586398079342
575000 60.5401257403301 58.1137794884646 57.1510071746176 175.804912403412
576000 60.6451847832602 58.2313184549519 57.2416851766615 176.118188414874
577000 60.7555868102964 58.2925440686309 57.3240524687553 176.372183347683
578000 60.8822974168472 58.3915977340168 57.4299579863315 176.703853137195
579000 60.9617151085558 58.4745458691449 57.5119361150707 176.948197092771
580000 61.0601912163003 58.5844578984186 57.6415205630479 177.286169677767
581000 61.16520988946 58.6937165420207 57.7111164948829 177.570042926364
582000 61.2559788874929 58.7971936542818 57.8320201609233 177.885192702698
583000 61.357415536542 58.8980425717372 57.95822152409 178.213679632369
584000 61.4902333584431 58.9897933003293 58.0337464318742 178.513773090647
585000 61.5594953336007 59.1266905246069 58.1654774579177 178.851663316125
586000 61.7086149999734 59.252698204575 58.2907922782123 179.252105482761
587000 61.8497717377612 59.2952227418536 58.36681199766 179.511806477275
588000 61.9638754906475 59.3962745312516 58.4462501497717 179.806400171671
589000 62.0533191727865 59.4700763956474 58.5529807858885 180.076376354322
590000 62.1916984274578 59.5948293671815 58.6407845763254 180.427312370965
591000 62.2636609131738 59.6994623522137 58.7369593644395 180.700082629827
592000 62.3572965338198 59.8133531157328 58.8048174721485 180.975467121701
593000 62.4551124998524 59.9138148694923 58.928203320022 181.297130689367
594000 62.5550485111701 60.0221952603765 58.9943358302504 181.571579601797
595000 62.667260023024 60.1090950592586 59.1197684916093 181.896123573892
596000 62.769068719623 60.2156693964269 59.2099568372926 182.194694953343
597000 62.8522408677766 60.2904982401073 59.2731196371436 182.415858745027
598000 62.9852075907875 60.3813050064583 59.4232713684607 182.789783965706
599000 63.0521428482587 60.4721529339489 59.5239069850709 183.048202767279
600000 63.1897039257568 60.5563908527561 59.6348260909188 183.380920869432
601000 63.2495352870815 60.6681057082909 59.7233658466753 183.641006842048
602000 63.3588033002425 60.7952362076378 59.7986184866543 183.952657994535
603000 63.4777877905558 60.8910039077618 59.8930415217806 184.261833220098
604000 63.6020500830184 61.0078434147356 59.964952702788 184.574846200542
605000 63.6790127040331 61.0918101220283 60.0893775081524 184.860200334214
606000 63.7878453631911 61.1699484325375 60.1498334751818 185.10762727091
607000 63.8650072294223 61.2721337818659 60.2351312467976 185.372272258086
608000 63.9647714973799 61.3764279838614 60.3381790457396 185.679378526981
609000 64.0572430402064 61.4663322263219 60.4389821490745 185.962557415603
610000 64.161441314572 61.5617088779146 60.5304192006156 186.253569393102
611000 64.2725397625243 61.6388733386082 60.6513727413787 186.562785842511
612000 64.4072910165776 61.7644024225376 60.7403119229616 186.912005362077
613000 64.4584325227154 61.8573959183619 60.8236630690873 187.139491510165
614000 64.5766501381136 62.0137618427608 60.9414438208968 187.531855801771
615000 64.6263550766924 62.1193936303087 61.0241520799359 187.769900786937
616000 64.7087646851453 62.2058701382688 61.0786217978123 187.993256621226
617000 64.8376445490838 62.2916177287391 61.1789485236716 188.308210801495
618000 64.9547369722035 62.3484493399444 61.2783519259222 188.58153823807
619000 65.0526976533641 62.4690073809005 61.4078821431078 188.929587177372
620000 65.1639694432129 62.5867915846229 61.4719468154663 189.222707843302
621000 65.2746811381801 62.669628304531 61.5668090421928 189.511118484904
622000 65.3751702242971 62.7368303508733 61.6993922838056 189.811392858976
623000 65.4758427680644 62.8680924985618 61.7906251939853 190.134560460612
624000 65.6026837556626 62.948568961808 61.9197369583372 190.470989675808
625000 65.6835537309393 62.9848892528042 62.0128929876211 190.681335971365
626000 65.7375233205136 63.0916752857307 62.0825695258123 190.911768132057
627000 65.8739765088935 63.1902541774913 62.1655337805789 191.229764466964
628000 66.0066464473332 63.2724188723463 62.2479049134383 191.526970233118
629000 66.1046522466437 63.3786837084869 62.3184115396622 191.801747494793
630000 66.2336799634472 63.4993644511461 62.4284008140237 192.161445228617
631000 66.372414939659 63.5781667462979 62.5301218372285 192.480703523185
632000 66.4731422436418 63.6769825703675 62.5813325454419 192.731457359451
633000 66.5768724407647 63.8075820985559 62.6635870068029 193.048041546123
634000 66.6808322003486 63.9205215253303 62.7857586373651 193.387112363044
635000 66.7410272492284 64.019880180113 62.8822406942278 193.643148123569
636000 66.8534592149523 64.1271643619147 62.9931469006594 193.973770477526
637000 66.9446293342205 64.2257011474104 63.0861845709455 194.256515052576
638000 67.0694263298791 64.3054385931839 63.1839032565568 194.55876817962
639000 67.1605080845112 64.3874035424785 63.2813205288497 194.829232155839
640000 67.2768905214242 64.5094432632731 63.349476205732 195.135809990429
641000 67.3348404358442 64.6313979371743 63.4391125930621 195.405350966081
642000 67.4507588091846 64.7091529723757 63.5158960352002 195.67580781676
643000 67.544905750492 64.8180747304745 63.6307918863784 195.993772367345
644000 67.6500251192747 64.9038884646565 63.708052071486 196.261965655417
645000 67.7472362763672 64.9998752746525 63.8031680213082 196.550279572328
646000 67.8566710678737 65.0906078570636 63.9108228349149 196.858101759852
647000 67.9724100753841 65.1955639235215 63.9977841959933 197.165758194899
648000 68.0686877148242 65.3238912420161 64.1169330366445 197.509511993485
649000 68.1473141894817 65.3599367730885 64.2205003617375 197.727751324308
650000 68.2521627505532 65.4868693368997 64.2928683939167 198.03190048137
651000 68.3585878225 65.5408717823302 64.4257540991375 198.325213703968
652000 68.4315768014968 65.5950591152225 64.5188829437235 198.545518860443
653000 68.5633776984361 65.7216741999739 64.6106455390281 198.895697437438
654000 68.6667840909136 65.8049205676828 64.7087805167308 199.180485175327
655000 68.7566592799589 65.9206472839957 64.8031118610496 199.480418425004
656000 68.8751772654366 65.9998954815904 64.9496228963373 199.824695643364
657000 68.9511950393693 66.1267792614203 65.0268399827515 200.104814283541
658000 69.0772307024744 66.2270299853707 65.1384212093582 200.442681897203
659000 69.1620321129282 66.2986926226574 65.2121182364117 200.672842971997
660000 69.2840674996644 66.388651048945 65.304364504857 200.977083053466
661000 69.411478871659 66.4711900527941 65.4009519004837 201.283620824937
662000 69.4977904829629 66.5822881474174 65.5287747906773 201.608853421058
663000 69.6171178148756 66.6507543631268 65.6013197066341 201.869191884636
664000 69.6952201798371 66.7488409568007 65.6959091570752 202.139970293713
665000 69.8070453570382 66.8353401712432 65.8289270454065 202.471312573688
666000 69.9093694666052 66.9242307819431 65.8917984368107 202.725398685359
667000 70.0161721071388 67.0051252724298 65.986498524698 203.007795904267
668000 70.1186756624167 67.0892709477503 66.1057052492176 203.313651859385
669000 70.1880886356127 67.2377402474875 66.1636009726956 203.589429855796
670000 70.2383061468777 67.3448304822235 66.2864437366838 203.869580365785
671000 70.3618648108145 67.4094793525432 66.3971291949861 204.168473358344
672000 70.4662909954226 67.5355124466918 66.5250860933159 204.52688953543
673000 70.5459011780089 67.6090654980094 66.6153272808508 204.770293956869
674000 70.6235878237485 67.7352612620657 66.7252500231504 205.084099108965
675000 70.717285319491 67.7993644769739 66.8026242455593 205.319274042024
676000 70.8289139905518 67.9047584568078 66.9304141606579 205.664086608017
677000 70.943293539978 67.9998164951164 67.0086359300641 205.951745965158
678000 71.0491819823703 68.0815119108114 67.0913466579001 206.222040551082
679000 71.1174465290082 68.1384223451128 67.1833276414815 206.439196515602
680000 71.2415084252193 68.2800372498125 67.2979597736706 206.819505448702
681000 71.3041066986982 68.3719981110727 67.4202042686836 207.096309078455
682000 71.464929305011 68.4549250405494 67.4723826336563 207.392236979217
683000 71.5545404151619 68.5441190961231 67.529523809057 207.628183320342
684000 71.6974118114749 68.6622292781373 67.6145281317503 207.974169221363
685000 71.7517494931437 68.7549171014572 67.7078012237758 208.214467818377
686000 71.8846533954281 68.8368234273171 67.7959933987387 208.517470221484
687000 71.9703182981948 68.9345199948282 67.9359838038351 208.840822096858
688000 72.0551797292996 69.0170216438089 68.0543609051594 209.126562278268
689000 72.1203165430791 69.1737969089611 68.1403438141659 209.434457266206
690000 72.23912654278 69.2021160619581 68.2340337338073 209.675276338545
691000 72.3340609267368 69.342558070522 68.3804436930839 210.057062690343
692000 72.4303221968798 69.4274993448836 68.4942206117024 210.352042153466
693000 72.5267205069733 69.5573011399707 68.5993078241467 210.683329471091
694000 72.616093541819 69.6505240828808 68.7103633985982 210.976981023298
695000 72.7444745282436 69.7589604505305 68.7992919299853 211.302726908759
696000 72.7844779831382 69.8470287509159 68.888879547236 211.52038628129
697000 72.9231720233498 69.9563768191105 69.0088677822481 211.888416624708
698000 73.0329966816632 70.0236727531401 69.1104481707071 212.16711760551
699000 73.1747644828212 70.1378344660747 69.204181131606 212.516780080502
700000 73.2466162036106 70.2280777136349 69.3137050131675 212.788398930413
701000 73.3696059125829 70.3206089258215 69.3881959572784 213.078410795683
702000 73.4536254027426 70.3927797352223 69.4752337855661 213.321638923531
703000 73.6074374817219 70.5107161279187 69.562691943235 213.680845552875
704000 73.6550471519623 70.6141207020871 69.6803364579426 213.949504311992
705000 73.7519432973558 70.6869880685813 69.7967290517049 214.235660417642
706000 73.887902000865 70.7348839579541 69.8758136481671 214.498599606986
707000 73.9178741770426 70.8265490185748 69.9354880469251 214.679911242543
708000 74.0436173356747 70.8808222851941 70.0600813680493 214.984520988918
709000 74.1732661254344 71.0069509515921 70.1487937843901 215.329010861417
710000 74.3101389412943 71.0640912117719 70.2657748684554 215.640005021522
711000 74.3866942063359 71.1538360802121 70.3816846060296 215.922214892578
712000 74.5365466725935 71.2702524379235 70.4659168773056 216.272715987823
713000 74.6485009745792 71.3570212064483 70.5670583456992 216.572580526727
714000 74.7344671243216 71.4631545961839 70.6553279496579 216.852949670163
715000 74.8485839405852 71.5426807403522 70.7634783540648 217.154743035002
716000 74.949735021453 71.6329549023431 70.8543264242 217.437016347996
717000 75.0407379468357 71.7006272257405 70.9676994605727 217.709064633149
718000 75.1508465250004 71.8357694053203 71.0553760953296 218.04199202565
719000 75.2487593212753 71.9409093803902 71.1624514018328 218.352120103498
720000 75.3524730730394 72.0464895378574 71.2511281764542 218.650090787351
721000 75.4489485254632 72.160552122781 71.3663498822682 218.975850530512
722000 75.5495415240997 72.2664901316795 71.4691933214677 219.285224977247
723000 75.6694169081174 72.369619361097 71.5897719598505 219.628808229065
724000 75.7573499583676 72.4569375735076 71.6559196902814 219.870207222157
725000 75.8829881623477 72.5903469455298 71.7507842446798 220.224119352557
726000 76.0173852379289 72.6403271779733 71.8228171385867 220.480529554489
727000 76.108102998954 72.7470176287586 71.9397790520464 220.794899679759
728000 76.142929669793 72.8616645002734 71.9803647088101 220.984958878877
729000 76.2547622699228 72.9308091827974 72.1455960301046 221.331167482825
730000 76.3860159411364 73.0050120488538 72.284105055127 221.675133045117
731000 76.4379291325098 73.1174663788837 72.3858305489289 221.941226060322
732000 76.5587913803234 73.1964804049383 72.5134344387034 222.268706223965
733000 76.646441403861 73.3244926422615 72.6175235172293 222.588457563352
734000 76.7663610252651 73.4355902704884 72.6671666649211 222.869117960675
735000 76.8616979643929 73.5137222965793 72.7896406132713 223.165060874243
736000 77.0149575190073 73.6182174790529 72.8695799339117 223.502754931972
737000 77.1207181816583 73.6661090820028 72.9522635172421 223.739090780903
738000 77.2312605479618 73.7744075777605 73.1165269092371 224.122195034959
739000 77.3724740535627 73.8516211437929 73.1699641074685 224.394059304824
740000 77.5078274805811 73.955370916536 73.2128725326692 224.676070929786
741000 77.6157629120477 74.0544524693884 73.3509844913774 225.021199872814
742000 77.727264391209 74.1459554333677 73.4444130430106 225.317632867587
743000 77.779160446332 74.2457463320836 73.5801130058338 225.60501978425
744000 77.9316015241163 74.3441623869804 73.6821117958938 225.957875706991
745000 78.0182846075468 74.4336381797371 73.7729806685706 226.224903455854
746000 78.1083545521856 74.536103633615 73.8513091946505 226.495767380451
747000 78.2429664021953 74.6265445202457 73.9194322718923 226.788943194333
748000 78.3349512760411 74.6814233841463 74.0431298852878 227.059504545475
749000 78.4365766964975 74.8597933832605 74.1428774047457 227.439247484504
750000 78.5600667213135 74.9753119474607 74.2706475478385 227.806026216613
751000 78.6947678892947 75.0402511321447 74.3669834793972 228.102002500837
752000 78.8466046568936 75.138991222566 74.4639142532909 228.449510132751
753000 78.8702296893922 75.2573380708306 74.5277379936463 228.655305753869
754000 78.9833750518439 75.3490625375888 74.6200379440799 228.952475533513
755000 79.0871416856517 75.4007769120984 74.6988562429505 229.186774840701
756000 79.159484019614 75.5361467847647 74.8003034424803 229.495934246859
757000 79.2703975049389 75.618928297053 74.9372628300435 229.826588632036
758000 79.3766331669893 75.746310933384 75.0084141124789 230.131358212852
759000 79.5145667636565 75.8307890648878 75.1065658527855 230.45192168133
760000 79.5895439455302 75.93827468658 75.1867969325953 230.714615564706
761000 79.7230561326888 76.0328409737172 75.2838807077401 231.039777814146
762000 79.7862108963247 76.1603216386257 75.3782001052231 231.324732640174
763000 79.9115962272117 76.2578641915236 75.4750603700642 231.6445207888
764000 79.9906469678824 76.3928206718647 75.603300812105 231.986768451852
765000 80.0818549811676 76.4618123567479 75.6722546985006 232.215922036416
766000 80.1946560780295 76.5497352036769 75.7618513893669 232.506242671073
767000 80.3369165104529 76.6554229580825 75.8654981964982 232.857837665034
768000 80.4136905198235 76.7315090730597 75.9760096372146 233.121209230098
769000 80.5520367303106 76.8586527577815 76.0551208291678 233.46581031726
770000 80.6312879786428 76.917500322885 76.1573722211182 233.706160522646
771000 80.7507017871091 77.0124993694768 76.2851238322922 234.048324988878
772000 80.827144842501 77.1117720651848 76.3588330929438 234.29775000063
773000 80.9287898948938 77.2091523907243 76.5033362403707 234.641278525989
774000 81.0009463287655 77.3127699004927 76.5961192077331 234.909835436991
775000 81.1170301389224 77.3695465163 76.6813961198197 235.167972775042
776000 81.1926652931276 77.4564100326138 76.7833364479532 235.432411773694
777000 81.2798217139296 77.550415311818 76.8720699872493 235.702307012997
778000 81.4242680323506 77.6857722373094 76.9737389781831 236.083779247843
779000 81.5051712582751 77.8043052113629 77.0391109689505 236.348587438589
780000 81.613819809835 77.8764360290813 77.1682909448683 236.658546783785
781000 81.7355651133565 78.0530828631695 77.2363721572361 237.025020133762
782000 81.8107558542644 78.0942938055374 77.3195485745821 237.224598234384
783000 81.8793067143462 78.1550479544337 77.4351676879561 237.469522356736
784000 82.0058653243909 78.2409603272214 77.5872638514154 237.834089503028
785000 82.1058634550558 78.3733147360573 77.6555387287636 238.134716919877
786000 82.2096271119165 78.476306919682 77.7378577249256 238.423791756524
787000 82.3188840504475 78.5774036828594 77.8535412224954 238.749828955802
788000 82.4177939971471 78.6783606405508 77.9413936691916 239.037548306889
789000 82.5284118237415 78.781684729054 78.032241648774 239.342338201569
790000 82.6163994802943 78.8743544732404 78.0932434554587 239.583997408993
791000 82.7001720165095 78.9769966353726 78.1794521529434 239.856620804825
792000 82.7885667080328 79.0846993907493 78.3132510027525 240.186517101535
793000 82.9246082171742 79.2107930958087 78.3407623546701 240.476163667653
794000 83.0028693921404 79.282826734044 78.4345022298445 240.720198356029
795000 83.1290061889642 79.3629984807194 78.5260141658129 241.018018835496
796000 83.2344319470523 79.4669790185614 78.6178095709824 241.319220536596
797000 83.3482316376357 79.5388807378618 78.7395955059452 241.626707881443
798000 83.4042626566462 79.6517045320197 78.8211848643313 241.877152052997
799000 83.5004473849508 79.7689546860081 78.9182725256822 242.187674596641
800000 83.5944281860661 79.8522244042663 79.0305687944053 242.477221384738
801000 83.6757086688774 79.9408907227268 79.1434116078107 242.760010999415
802000 83.8014109207785 80.0623564750064 79.2459434952104 243.109710890995
803000 83.8990998251475 80.1231689477173 79.338420817812 243.360689590677
804000 84.0187408293515 80.2527946962539 79.434801020802 243.706336546407
805000 84.1195151473356 80.3613595243732 79.5436026608661 244.024477332575
806000 84.2274149541637 80.4016493663105 79.6568259481224 244.285890268597
807000 84.340815774062 80.5330647163921 79.7396204231625 244.613500913616
808000 84.4293676902599 80.6613870552457 79.8087510876003 244.899505833106
809000 84.5279843437309 80.7141099810635 79.8904283007734 245.132522625568
810000 84.6474930880525 80.7677561915304 79.94561424867 245.360863528253
811000 84.7180811026781 80.8570301789199 80.0669747561766 245.642086037775
812000 84.8106230462967 80.9588622615839 80.1611431238286 245.930628431709
813000 84.9302788833901 81.0485918612858 80.3109495582217 246.289820302898
814000 85.0060670628497 81.1543379161799 80.3745773743019 246.534982353331
815000 85.1194595001786 81.2366991229744 80.472903769914 246.829062393067
816000 85.1751478426523 81.3496658903593 80.5999065575893 247.124720290601
817000 85.3222051389033 81.4621056930595 80.6863531423476 247.47066397431
818000 85.3960496294592 81.574550878683 80.7675183854369 247.738118893579
819000 85.4999180585161 81.6708051250129 80.8243153829823 247.995038566511
820000 85.6166994161394 81.749697082069 80.9749966030062 248.341393101215
821000 85.7023995505672 81.8422436389041 81.0047394380092 248.54938262748
822000 85.8312774659265 81.9117080385873 81.0700103049671 248.812995809481
823000 85.9063662398557 82.0277750240793 81.1956977435827 249.129839007518
824000 86.040962993377 82.1660637287794 81.2510927583977 249.458119480554
825000 86.1187188625374 82.2791232773856 81.3595612594863 249.757403399409
826000 86.2409820104344 82.3604940837428 81.444649730064 250.046125824241
827000 86.316004069937 82.4507524785647 81.5855318741775 250.352288422679
828000 86.4196156800845 82.5770144569897 81.6943178301447 250.690947967219
829000 86.4637225443006 82.6534105764591 81.7927968561164 250.909929976876
830000 86.5556792941955 82.8125250969838 81.8864999226576 251.254704313837
831000 86.6708225407943 82.8830990759881 82.0293331521083 251.583254768891
832000 86.7640748813652 82.9665048224104 82.1268260247647 251.85740572854
833000 86.8615594492396 83.0833674581911 82.2171829448334 252.162109852264
834000 86.9736030716048 83.1870725935047 82.2688734149491 252.429549080059
835000 87.0845119478315 83.2492491180647 82.3641747753743 252.69793584127
836000 87.2266846354708 83.2968835835606 82.4625128329578 252.986081051989
837000 87.3382792866401 83.3475756498185 82.5829809666675 253.268835903126
838000 87.4525564320217 83.4813768311114 82.6785384100885 253.612471673222
839000 87.5678556382054 83.602738385964 82.7988999583011 253.969493982471
840000 87.6778099592813 83.7135030775145 82.8631186820423 254.254431718838
841000 87.7536699880811 83.7988755170123 83.0239917610754 254.576537266169
842000 87.8687293469916 83.9022555929515 83.1244709942821 254.895455934225
843000 87.9590582533852 83.9905989851566 83.2499519631125 255.199609201654
844000 88.0399371412321 84.0957244378729 83.3907415135713 255.526403092676
845000 88.160836958912 84.1760739845894 83.4606607493412 255.797571692843
846000 88.2857547872257 84.2954237878502 83.524176179893 256.105354754969
847000 88.3751286544217 84.3582623834869 83.6225324382377 256.355923476146
848000 88.4741630690346 84.4660242585046 83.7064214076778 256.646608735217
849000 88.6202999813411 84.5843381062477 83.7605071039897 256.965145191579
850000 88.6716700570684 84.669690873749 83.8337894213139 257.175150352131
851000 88.7728380392463 84.8117178724488 83.9214228446833 257.505978756378
852000 88.8505702151576 84.9169401923495 83.9970260048815 257.764536412389
853000 88.9724005065782 84.981150290101 84.0893747383777 258.042925535057
854000 89.0327415432268 85.1222652270175 84.2337032733257 258.38871004357
855000 89.1668297591137 85.2117221340572 84.288324802054 258.666876695225
856000 89.2520849900013 85.3100485245449 84.4432475794968 259.005381094043
857000 89.3223403489228 85.4157400038551 84.5453672110002 259.283447563778
858000 89.450947312698 85.5186743069339 84.6111175246831 259.580739144315
859000 89.5166442457396 85.5899267386383 84.74251602704 259.849087011418
860000 89.6308720528356 85.6699149531169 84.8301421073036 260.130929113256
861000 89.7564414502351 85.7738028720425 84.9180799249257 260.448324247203
862000 89.8509685087581 85.8792512794878 85.0196000819543 260.7498198702
863000 90.0264596031517 85.9729265306979 85.1030740366857 261.102460170535
864000 90.1303210007297 86.0825948207545 85.2108640764079 261.423779897892
865000 90.1963404193099 86.1509685860472 85.281346426854 261.628655432211
866000 90.3371480304266 86.2653423548461 85.4256915671438 262.028181952416
867000 90.4477521249109 86.3679221532937 85.4870812860447 262.302755564249
868000 90.5888284360597 86.4386175392526 85.5825952026532 262.610041177966
869000 90.6481030727357 86.5228624128903 85.7037684636491 262.874733949275
870000 90.7528165980439 86.6427638752535 85.8036875201103 263.199267993408
871000 90.8499889613663 86.7471996760621 85.8888178473046 263.486006484733
872000 90.914867178147 86.834981849491 86.0099146653333 263.759763692971
873000 91.0430506074122 86.8960045452311 86.1080088415105 264.047063994154
874000 91.1189867607244 86.9928714291485 86.2141499420917 264.326008131965
875000 91.1552339699985 87.1166628432528 86.317860573484 264.589757386735
876000 91.2780207482677 87.1919013158828 86.3696501409387 264.839572205089
877000 91.3116251412026 87.2770912744505 86.4364024841741 265.025118899827
878000 91.4207723546492 87.4005989604764 86.5361593377567 265.357530652882
879000 91.4982050463158 87.5550327100692 86.6393943578948 265.69263211428
880000 91.6282667265407 87.6598021757218 86.7693347005734 266.057403602836
881000 91.7139841958283 87.7472556758396 86.8627966767021 266.32403654837
882000 91.8533782166365 87.8838871778039 86.9288434007927 266.666108795233
883000 91.9232305419643 87.942302100982 87.0553385343712 266.920871177318
884000 92.0368800258425 88.0221768971668 87.15684672528 267.215903648289
885000 92.1461398514527 88.0979020346908 87.2594711314349 267.503513017578
886000 92.2169124396946 88.2152335162616 87.3608984899701 267.793044445926
887000 92.307555065918 88.3160673642465 87.4992101252832 268.122832555448
888000 92.4124510583523 88.4934552174258 87.6506004377516 268.55650671353
889000 92.5102711379776 88.6150920206106 87.7210328132745 268.846395971863
890000 92.5923969714158 88.6808676628359 87.8565017294439 269.129766363696
891000 92.706690228086 88.77684833776 87.9538954622221 269.437434028068
892000 92.8105941012144 88.9095494873869 88.0569619896597 269.777105578261
893000 92.8892845278107 88.9827075064181 88.1528544009307 270.02484643516
894000 93.0076595479193 89.0809629031172 88.2306703439444 270.319292794981
895000 93.1110295644403 89.1883488314188 88.3179342404584 270.617312636317
896000 93.2053849615384 89.3001801884458 88.4232383752894 270.928803525274
897000 93.3154002368815 89.4396555445862 88.5154817407176 271.270537522185
898000 93.4111776280483 89.5432103949118 88.6098207726647 271.564208795625
899000 93.5355634107113 89.669053682827 88.6987720270818 271.90338912062
900000 93.6426505889738 89.7111742517736 88.7816152969342 272.135440137682
901000 93.728585159823 89.8043608544947 88.87766359404 272.410609608358
902000 93.8201414614603 89.9248303655117 88.9638743455993 272.708846172571
903000 93.9062720034772 90.0242011388375 89.0773286176227 273.007801759937
904000 94.0209246379208 90.1255861029847 89.1948126738442 273.34132341475
905000 94.0453930481293 90.2455062835716 89.3159492941023 273.606848625803
906000 94.1731796674037 90.3168594541234 89.4006093485639 273.890648470091
907000 94.2394482976134 90.4182297964274 89.5097911090265 274.167469203067
908000 94.3758163069645 90.5428318551445 89.6186078324231 274.537255994532
909000 94.385013376876 90.5864571378447 89.7604768678425 274.731947382563
910000 94.5646434975917 90.68096293518 89.8600088999221 275.105615332694
911000 94.6799543218302 90.7898036027036 89.9226619078364 275.39241983237
912000 94.7932510354139 90.8608230405611 90.0087628131465 275.662836889121
913000 94.8817124395715 90.9237815625045 90.1542524960524 275.959746498128
914000 95.0382209408342 91.0630459488904 90.2297283149119 276.330995204636
915000 95.1601087095233 91.1655751205291 90.3494667225361 276.675150552589
916000 95.242914138166 91.2449512341602 90.4688719864349 276.956737358761
917000 95.2970252133583 91.3547847664352 90.5511303722234 277.202940352017
918000 95.4388365620065 91.4162253329485 90.664272051609 277.519333946564
919000 95.5397815310782 91.4818556597467 90.7416747664235 277.763311957248
920000 95.6642975778744 91.6327258013635 90.8690712896525 278.16609466889
921000 95.7866241850203 91.7358591109405 90.9570234767079 278.479506772669
922000 95.8373474559955 91.8123449995073 91.0545497798615 278.704242235364
923000 95.9634529821469 91.8869934661818 91.08165082555 278.932097273879
924000 96.0501442658023 91.9813396982549 91.2091423126392 279.240626276696
925000 96.1695151316773 92.0649397083579 91.2664828386607 279.500937678696
926000 96.2721166041908 92.1729185327609 91.3317347683415 279.776769905293
927000 96.3932496503644 92.300955826709 91.4462174186041 280.140422895677
928000 96.5019821898056 92.3719862349415 91.623815362275 280.497783787022
929000 96.620033982691 92.4728923317653 91.6604454841757 280.753371798632
930000 96.6665086981974 92.5814658032843 91.7490890926184 280.9970635941
931000 96.802576121061 92.6572915594276 91.86788066132 281.327748341809
932000 96.9609701927791 92.7158163782344 91.9042342856602 281.581020856674
933000 97.0470949728007 92.8391378902036 91.9832067812321 281.869439644236
934000 97.1847938592285 92.9224592125877 92.0936543785249 282.200907450341
935000 97.2448130993993 93.0089483634347 92.2125711517663 282.4663326146
936000 97.3147438240441 93.1146425758773 92.3010102299698 282.730396629891
937000 97.4495948487712 93.1735118804807 92.3940133276988 283.017120056951
938000 97.5393214400273 93.2381359600731 92.5148285643843 283.292285964485
939000 97.6280905428299 93.2861503805482 92.5813615680297 283.495602491408
940000 97.7343170590777 93.4140220086898 92.6864730248594 283.834812092627
941000 97.8541128700684 93.5247474024436 92.7599421062133 284.138802378725
942000 97.9299253342323 93.6142550527138 92.8768203407581 284.421000727704
943000 98.0596382766132 93.7262477976626 92.9782409342082 284.764127008484
944000 98.1396135957667 93.8402718496419 93.0675312307917 285.0474166762
945000 98.2549309464129 93.9278094834903 93.2067623298777 285.389502759781
946000 98.3208877051903 94.0341851468711 93.3078015462781 285.66287439834
947000 98.4350685067951 94.1609301143086 93.3867004714209 285.982699092525
948000 98.5283330162361 94.2544893364166 93.4883379528519 286.271160305505
949000 98.6935567741993 94.3719545996213 93.5915816242347 286.657092998055
950000 98.7574476589263 94.504048533233 93.6825295336428 286.944025725802
951000 98.8612459553175 94.597451860232 93.776484555489 287.235182371038
952000 98.9537586852262 94.7037002431228 93.8605729507902 287.518031879139
953000 99.0603980743023 94.8350586154508 93.9665178695092 287.861974559262
954000 99.1536581611612 94.9322535335097 94.0113496590734 288.097261353744
955000 99.2507055973332 95.0314914044824 94.1245021211313 288.406699122947
956000 99.3588916703647 95.1023844384709 94.221989028561 288.683265137397
957000 99.4662374220422 95.2412675833707 94.3024887686335 289.009993774046
958000 99.606489051055 95.3216192475056 94.3851338087608 289.313242107321
959000 99.6265383748429 95.4053965066141 94.4808405101525 289.512775391609
960000 99.6866092785191 95.4934816741911 94.5759822474592 289.756073200169
961000 99.8652743069936 95.61964466325 94.6678242238783 290.152743194122
962000 99.9560745942609 95.7261730454158 94.7486201909686 290.430867830645
963000 100.03779268223 95.8295676979582 94.8224362497052 290.689796629894
964000 100.146261364538 95.9192725236063 94.9118136081896 290.977347496334
965000 100.212642909689 96.0313849220946 95.0564118860604 291.300439717844
966000 100.314325212394 96.1204269211659 95.1680051667297 291.602757300289
967000 100.352419344197 96.2584853324805 95.2935711514805 291.904475828158
968000 100.455058876351 96.3065034998482 95.3663030580431 292.127865434242
969000 100.566932242253 96.4116651609928 95.4446172898889 292.423214693134
970000 100.67810163787 96.4609452543902 95.4911738224961 292.630220714756
971000 100.73555872753 96.5740903800772 95.5897144315954 292.899363539202
972000 100.834272410397 96.6780634511991 95.6909304249932 293.203266286589
973000 100.921739017785 96.7408732761769 95.8119348893573 293.474547183319
974000 101.062080884556 96.8237996539965 95.9036737102194 293.789554248772
975000 101.149772683608 96.8981394558018 96.0030125554986 294.050924694908
976000 101.265480500302 97.0618315602796 96.0589610123406 294.386273072922
977000 101.40359898762 97.0941821245812 96.1621240457257 294.659905157927
978000 101.504012274525 97.1915954022696 96.2491478063214 294.944755483116
979000 101.562013581306 97.2751925315199 96.3321715020124 295.169377614839
980000 101.713364619266 97.3566063963267 96.4692055724131 295.539176588005
981000 101.755653558159 97.4542083020157 96.5298218643239 295.739683724498
982000 101.871952721992 97.5831736140456 96.6152144378855 296.070340773923
983000 101.996285323622 97.6421720644456 96.7550353478276 296.393492735896
984000 102.105402456135 97.8063616811962 96.7860438153756 296.697807952707
985000 102.194170134325 97.8580882630778 96.8874247411156 296.939683138518
986000 102.30481810575 97.944208894131 96.9768271982065 297.225854198087
987000 102.400061362689 98.0263754307039 97.0559241651937 297.482360958587
988000 102.493174634427 98.1383230258093 97.1701266673498 297.801624327586
989000 102.612828415513 98.2333013877812 97.2095329117948 298.055662715089
990000 102.735778271234 98.3479285634985 97.2940957660225 298.377802600755
991000 102.873775263236 98.4546477801674 97.4685480556351 298.796971099039
992000 102.9276403614 98.5397250625329 97.5330968169621 299.000462240895
993000 103.006586562857 98.6487600290056 97.6638142977487 299.319160889611
994000 103.144552822721 98.7245054361676 97.7488209672851 299.617879226174
995000 103.240149927774 98.8674555738996 97.8424457991607 299.950051300834
996000 103.310515320906 98.9252355904073 97.9388397143837 300.174590625697
997000 103.402412382138 99.0246622156334 98.0088935022889 300.43596810006
998000 103.522553593539 99.1494585416583 98.1211843089433 300.79319644414
999000 103.608276162828 99.1888396429322 98.2207347993406 301.017850605101
1000000 103.68682129103 99.3260805877012 98.3277577279817 301.340659606713
1001000 103.836448044088 99.4264818820035 98.3653740502419 301.628303976334
1002000 103.943379529852 99.5609648075934 98.4943212507965 301.998665588242
1003000 103.973235417804 99.6236614940244 98.5924209372029 302.189317849031
1004000 104.100297323906 99.7675408186517 98.6485564325226 302.51639457508
1005000 104.21475803095 99.8443264343234 98.7938146510062 302.85289911628
1006000 104.271388141012 99.956546047492 98.8934308728747 303.121365061379
1007000 104.385760177721 100.030637097635 98.9583020923656 303.374699367722
1008000 104.497707085789 100.07497745419 99.0845996087299 303.657284148709
1009000 104.53689824578 100.1872744407 99.1812044887768 303.905377175257
1010000 104.644950524101 100.294954541394 99.2923030771755 304.23220814267
1011000 104.757805063544 100.386869968406 99.3636596738574 304.508334705807
1012000 104.866709859903 100.456934001664 99.4634013179605 304.787045179527
1013000 104.956050969158 100.523821503478 99.5582380764833 305.03811054912
1014000 105.073674214007 100.559911686179 99.67374504756 305.307330947746
1015000 105.230788951637 100.675976415283 99.7891800731206 305.695945440041
1016000 105.316611001941 100.797383403028 99.889960601578 306.003955006547
1017000 105.390064502375 100.87931632788 99.9961663751665 306.265547205421
1018000 105.51749248204 101.000138838549 100.092099227263 306.609730547852
1019000 105.655098996232 101.155275562279 100.129766064213 306.940140622724
1020000 105.734658152919 101.295384296362 100.239556679341 307.269599128621
1021000 105.831072094618 101.38410555612 100.389520557148 307.604698207886
1022000 105.907211071464 101.48906688539 100.454165504972 307.850443461825
1023000 106.013751541446 101.597343123681 100.565579833216 308.176674498343
1024000 106.099591808495 101.691624155887 100.630277149069 308.421493113451
1025000 106.172327748009 101.844435442778 100.675538380944 308.692301571731
1026000 106.293613787235 101.950797807503 100.778571329651 309.022982924389
1027000 106.376300273697 102.006020855577 100.862673222532 309.244994351806
1028000 106.439497311303 102.088324312071 100.958686877176 309.486508500551
1029000 106.591453596922 102.223555415623 101.059248124853 309.874257137398
1030000 106.653651964453 102.28415601237 101.220642263896 310.158450240719
1031000 106.761142434302 102.397887009705 101.264715665294 310.423745109301
1032000 106.87194914435 102.418913715714 101.397058144787 310.687921004851
1033000 106.964816437579 102.571709137299 101.456820716327 310.993346291206
1034000 107.079138440724 102.632363809511 101.586586388347 311.298088638583
1035000 107.209861353325 102.748524175277 101.655417446653 311.613802975254
1036000 107.27645659689 102.809449795971 101.743607348946 311.829513741806
1037000 107.426859457562 102.925571432317 101.827178625718 312.179609515598
1038000 107.521986375509 103.021025975926 101.919958827426 312.462971178861
1039000 107.63290795246 103.13377271029 102.009115077604 312.775795740354
1040000 107.732556847168 103.221400703112 102.135759959569 313.089717509849
1041000 107.831787319021 103.323342846124 102.232748284164 313.38787844931
1042000 107.95503619528 103.417499597316 102.30520680376 313.677742596356
1043000 108.080323796455 103.515342248054 102.441847503416 314.037513547925
1044000 108.123905618222 103.629642669032 102.54858603486 314.302134322115
1045000 108.214037892359 103.722221216136 102.648516085739 314.584775194234
1046000 108.354673532148 103.869137697895 102.732135626419 314.955946856463
1047000 108.457793185046 103.949498128301 102.832724047657 315.240015361005
1048000 108.549874226569 104.027732023644 102.946256037621 315.523862287834
1049000 108.586603019164 104.121500718395 103.058113496655 315.766217234214
1050000 108.718812450501 104.225219663846 103.129281007418 316.073313121766
1051000 108.795782643503 104.29693263343 103.206510746617 316.29922602355
1052000 108.882507544535 104.410637752699 103.282710309742 316.575855606976
1053000 108.992457540019 104.562999002792 103.413109394213 316.968565937023
1054000 109.081698487213 104.600432663603 103.494495415111 317.176626565927
1055000 109.21608296025 104.760160756681 103.613588284513 317.589832001444
1056000 109.378188427265 104.839409328587 103.709139189185 317.926736945037
1057000 109.460927214903 104.979224599337 103.764138820449 318.20429063469
1058000 109.579134804116 105.123836632605 103.807197708527 318.510169145249
1059000 109.682503193939 105.211005252132 103.903307012969 318.79681545904
1060000 109.823190709336 105.279304451523 104.01316094637 319.115656107228
1061000 109.904601607938 105.341091330993 104.109700727198 319.355393666129
1062000 110.039843965114 105.429900964145 104.192910760064 319.662655689322
1063000 110.155122797169 105.491375553065 104.267895297355 319.91439364759
1064000 110.244325300483 105.609714881771 104.362649756249 320.216689938503
1065000 110.409075959482 105.688014575177 104.48746760838 320.584558143038
1066000 110.524008527703 105.820636887499 104.555966877658 320.90061229286
1067000 110.578709081447 105.947746766215 104.694128076034 321.220583923696
1068000 110.665652568318 106.072391425784 104.759327546742 321.497371540844
1069000 110.775314902274 106.182119547214 104.840514016374 321.797948465862
1070000 110.894382002747 106.264240829022 104.943137067423 322.101759899192
1071000 110.999215290776 106.3824583794 105.043101404155 322.424775074332
1072000 111.127257721803 106.42085894907 105.127580904763 322.675697575636
1073000 111.259934035677 106.485639289998 105.232684119007 322.978257444682
1074000 111.376252394685 106.631257521668 105.369583099563 323.377093015917
1075000 111.459366415462 106.765724315057 105.427230485661 323.652321216181
1076000 111.553780409573 106.870734165048 105.511377641696 323.935892216316
1077000 111.678699467013 106.911291315332 105.611395961298 324.201386743643
1078000 111.768513922881 107.005095429232 105.691570702188 324.465180054301
1079000 111.893919263157 107.130082285495 105.804874552893 324.828876101545
1080000 112.073282365994 107.218983970191 105.921474241343 325.213740577528
1081000 112.149815090771 107.330493879816 106.004311937751 325.484620908338
1082000 112.265145009976 107.405522108335 106.115543535047 325.786210653358
1083000 112.359658199648 107.485176649965 106.211627635644 326.056462485257
1084000 112.508847913583 107.567531141316 106.309285733405 326.385664788304
1085000 112.587831301831 107.715904178165 106.42920474438 326.732940224376
1086000 112.681613457897 107.823910552168 106.52289838331 327.028422393375
1087000 112.712801286514 107.864559663792 106.667429077775 327.244790028081
1088000 112.842561893874 107.967572288005 106.712418794926 327.522552976805
1089000 112.938690110082 108.076874610194 106.793432982034 327.80899770231
1090000 113.067040132155 108.179692423862 106.935589305724 328.182321861741
1091000 113.150990283058 108.222592233859 107.040441370548 328.414023887465
1092000 113.209219613952 108.348100530397 107.132113007842 328.689433152191
1093000 113.365128092725 108.403710864719 107.282392497308 329.051231454752
1094000 113.431191953204 108.476329804437 107.346886692321 329.254408449962
1095000 113.530353279474 108.571160700941 107.4654174128 329.566931393214
1096000 113.665826462195 108.699747504657 107.555975758001 329.921549724853
1097000 113.743389527707 108.779346307291 107.63219947283 330.154935307828
1098000 113.866066866881 108.878684887292 107.745152309228 330.489904063401
1099000 113.973653622772 109.018483523861 107.889382878111 330.881520024744
1100000 114.051849044595 109.119548804182 108.001982269907 331.173380118684
1101000 114.168730087565 109.22579740408 108.057384081866 331.451911573512
1102000 114.262177157091 109.289883870785 108.130443913344 331.68250494122
1103000 114.352077474477 109.391307015025 108.258063681469 332.001448170971
1104000 114.446499173809 109.462381267066 108.320534888587 332.229415329462
1105000 114.556555435163 109.545860020805 108.41397985945 332.516395315417
1106000 114.641287568652 109.655252847452 108.514101046327 332.810641462431
1107000 114.711625940954 109.781838907728 108.619922766216 333.113387614898
1108000 114.79269962276 109.86311654507 108.705789913589 333.361606081419
1109000 114.906374418602 109.986241892057 108.812490692317 333.705107002976
1110000 114.978281035842 110.048946084249 108.894224718345 333.921451838436
1111000 115.077788659325 110.125445079462 109.031991422216 334.235225161003
1112000 115.204910952961 110.265303061547 109.128947498425 334.599161512933
1113000 115.331061714386 110.357289645481 109.206864051024 334.895215410892
1114000 115.373014834689 110.426620838895 109.361541454283 335.161177127868
1115000 115.506410596214 110.546842412038 109.433823198186 335.487076206438
1116000 115.599033044413 110.640371171504 109.491720246706 335.731124462623
1117000 115.713887736392 110.750513426785 109.634070062139 336.098471225315
1118000 115.814360471498 110.860607125572 109.713912288554 336.388879885624
1119000 115.900244629461 110.953994487172 109.841430264411 336.695669381043
1120000 115.933966822774 111.073726294929 109.905978492331 336.913671610034
1121000 116.041498549544 111.101489828173 110.030248834011 337.173237211727
1122000 116.147800815115 111.205053037714 110.116092108213 337.468945961043
1123000 116.177402567628 111.33656138648 110.230604971401 337.744568925509
1124000 116.270605879226 111.436111660898 110.307439126779 338.014156666903
1125000 116.323861127011 111.500019474486 110.448435362418 338.272315963916
1126000 116.449969173697 111.600519074229 110.488414624139 338.538902872066
1127000 116.557771753974 111.696363289232 110.583577525196 338.837712568402
1128000 116.673523150103 111.768794076964 110.667965952905 339.110283179972
1129000 116.824645589786 111.943823289078 110.802945153963 339.571414032826
1130000 116.956198336487 112.066996915895 110.81747572879 339.840670981171
1131000 117.093777491907 112.126530474762 110.948050908221 340.16835887489
1132000 117.178387603738 112.204259566919 111.071511356394 340.454158527052
1133000 117.270108380747 112.286211182344 111.141002067911 340.697321631002
1134000 117.353032646873 112.369403416918 111.224188067258 340.946624131049
1135000 117.442970748421 112.455078169175 111.219564738596 341.117613656192
1136000 117.504343853082 112.530329696504 111.310975756461 341.345649306047
1137000 117.638754810727 112.624487985375 111.424067179573 341.687309975674
1138000 117.699357484128 112.717646055987 111.465743017649 341.882746557763
1139000 117.840117924801 112.809442528685 111.559638538595 342.209198992082
1140000 117.950227646149 112.92387518398 111.660079890171 342.5341827203
1141000 118.061231106125 112.99542908636 111.704383951558 342.761044144043
1142000 118.153409593611 113.089282290339 111.773195961857 343.015887845807
1143000 118.303056038395 113.165142495126 111.891098091791 343.359296625312
1144000 118.442724296802 113.29632422318 112.010382719017 343.749431239
1145000 118.54608464754 113.4382983467 112.110162333935 344.094545328175
1146000 118.679598467497 113.522473437863 112.178521811385 344.380593716745
1147000 118.851619992951 113.661742179856 112.293189027953 344.806551200759
1148000 118.867570853009 113.713947103591 112.41384575702 344.995363713619
1149000 119.008358547928 113.858836061416 112.483250368436 345.35044497778
1150000 119.027311024984 113.916908276761 112.61549757372 345.559716875465
1151000 119.157160643687 113.972554740219 112.72568852725 345.855403911155
1152000 119.216884490831 114.071028306282 112.770921423692 346.058834220805
1153000 119.318432259569 114.20387602943 112.851475797026 346.373784086025
1154000 119.416585531219 114.291686637012 112.91485425627 346.623126424501
1155000 119.52305644731 114.377845752599 112.991232075177 346.892134275086
1156000 119.562607280171 114.491239517996 113.106236535024 347.160083333191
1157000 119.688787976958 114.570874716254 113.19645437083 347.456117064042
1158000 119.785939909364 114.64331944419 113.259805517013 347.689064870566
1159000 119.831700688271 114.762444619076 113.378044526426 347.972189833774
1160000 119.948290224953 114.898418323534 113.491593455419 348.338302003907
1161000 120.056114815088 114.981516731797 113.561405278315 348.599036825199
1162000 120.158894908028 115.063605486507 113.61509629566 348.837596690195
1163000 120.300540350672 115.159954465619 113.726152999384 349.186647815675
1164000 120.348203644955 115.281612036353 113.824144269759 349.453959951068
1165000 120.458189986508 115.341745035836 113.855381078935 349.655316101279
1166000 120.501637272474 115.411068493712 113.973669433222 349.886375199408
1167000 120.595077265174 115.56204965235 114.074100850656 350.23122776818
1168000 120.676583612349 115.626565425407 114.105559929457 350.408708967213
1169000 120.826252384148 115.775296325325 114.184302630068 350.78585133954
1170000 120.913407643099 115.849686109057 114.260662790297 351.023756542452
1171000 121.025418906159 115.935909669795 114.334410159128 351.295738735082
1172000 121.109212581577 116.103194642185 114.464793074852 351.677200298614
1173000 121.2071266034 116.12750156303 114.558374580794 351.893002747223
1174000 121.352779877353 116.218104379521 114.635207416292 352.206091673166
1175000 121.462914178514 116.324366968703 114.759205653978 352.546486801195
1176000 121.508327754116 116.441651117544 114.854185717162 352.804164588823
1177000 121.599942292003 116.454113796573 114.933118424391 352.987174512966
1178000 121.703229640584 116.584764771009 114.997359286534 353.285353698128
1179000 121.7693934286 116.702463485122 115.108815179726 353.580672093447
1180000 121.877589472202 116.788525038411 115.203861227902 353.869975738515
1181000 121.994056134088 116.862857682745 115.352587938035 354.209501754868
1182000 122.086395840985 116.948590899394 115.481506764063 354.516493504443
1183000 122.154219358654 117.07549341173 115.561265723527 354.790978493911
1184000 122.296943838812 117.13881238124 115.691407082863 355.127163302915
1185000 122.406283811254 117.227694288638 115.717099736108 355.351077836
1186000 122.45911470141 117.385942735716 115.858625408442 355.703682845567
1187000 122.520658698078 117.414501526153 115.916830822683 355.851991046914
1188000 122.556476062666 117.5379271689 116.051051658518 356.145454890084
1189000 122.692200705466 117.66895021248 116.147243997058 356.508394915004
1190000 122.816466538969 117.730350591582 116.210690490513 356.757507621064
1191000 122.950881529927 117.839080237387 116.339149796477 357.129111563791
1192000 123.055852567864 117.906941153417 116.417019568858 357.37981329014
1193000 123.136860582246 117.978301458035 116.504274092578 357.619436132859
1194000 123.187867648101 118.123171143763 116.581140793089 357.892179584953
1195000 123.316915793956 118.183814424085 116.666820942633 358.167551160674
1196000 123.434500633953 118.334699174279 116.731844686176 358.501044494408
1197000 123.489453142924 118.375573972952 116.822726002056 358.687753117932
1198000 123.598563698706 118.47788153322 116.952153689797 359.028598921723
1199000 123.709974867066 118.58579679758 117.080449026572 359.376220691219
1200000 123.80655181206 118.621545980194 117.134942074011 359.563039866265
1201000 123.879827570463 118.747971837921 117.199816548699 359.827615957082
1202000 123.981642465114 118.865310378177 117.288936696959 360.135889540249
1203000 124.110646383715 118.967275625761 117.359311156241 360.437233165716
1204000 124.210228474826 119.030771599929 117.471699905983 360.712699980738
1205000 124.263389271161 119.139688879535 117.530431713916 360.933509864613
1206000 124.33359901447 119.215297139474 117.667670989666 361.216567143609
1207000 124.422314116532 119.277159668387 117.747355883488 361.446829668407
1208000 124.506214332914 119.377103822695 117.798796336545 361.682114492155
1209000 124.667670757335 119.486642296922 117.904149170159 362.058462224415
1210000 124.745556844966 119.577024842743 117.970613162703 362.293194850413
1211000 124.871110214353 119.675086943874 118.056980641939 362.603177800166
1212000 124.972802041241 119.789386761337 118.164735761549 362.926924564126
1213000 125.064033717892 119.870736874324 118.266070625548 363.200841217764
1214000 125.205838127482 119.9172718615 118.300959425447 363.424069414429
1215000 125.270279966974 120.075235882816 118.476039445402 363.821555295192
1216000 125.401160053973 120.128185941222 118.52337820507 364.052724200265
1217000 125.487746544455 120.25512123537 118.602034694432 364.344902474258
1218000 125.600119806994 120.33663091448 118.714359955954 364.651110677429
1219000 125.657911831154 120.479915767407 118.819819917637 364.957647516198
1220000 125.781680822762 120.579582534563 118.907511745702 365.268775103027
1221000 125.89364591596 120.664464972561 118.971213206342 365.529324094863
1222000 125.975674735865 120.749583401041 119.061230054029 365.786488190935
1223000 126.057377097282 120.855592610708 119.154104968903 366.067074676893
1224000 126.146684013174 120.982083053089 119.301893723028 366.430660789291
1225000 126.205447064096 121.06692848616 119.347344612456 366.619720162712
1226000 126.306056717477 121.110742071668 119.402283976347 366.819082765493
1227000 126.422692918388 121.243074260503 119.545336851048 367.211104029939
1228000 126.529758612804 121.271444352844 119.614949889615 367.416152855263
1229000 126.608042325354 121.337780381285 119.730772042727 367.676594749366
1230000 126.69727234215 121.441751938151 119.84692951727 367.985953797571
1231000 126.826458777473 121.557242936191 119.941817807034 368.325519520697
1232000 126.913763729172 121.691607878571 120.005921392051 368.611292999794
1233000 127.035865879265 121.724175993354 120.192976824308 368.953018696927
1234000 127.103126822601 121.832207378152 120.268199454799 369.203533655551
1235000 127.175789748659 121.943162524007 120.357359191034 369.4763114637
1236000 127.281422043417 122.05927268901 120.500386275865 369.841081008292
1237000 127.422544960204 122.215326253938 120.571273974694 370.209145188836
1238000 127.508122186353 122.334442047827 120.649431169584 370.491995403764
1239000 127.640435927094 122.448624644011 120.726557392675 370.81561796378
1240000 127.761674299403 122.52555623013 120.788853105381 371.076083634914
1241000 127.825792102684 122.594457188009 120.920702781458 371.34095207215
1242000 127.969631101939 122.724339645736 121.045204332526 371.739175080201
1243000 128.092332772887 122.809998157816 121.134516950395 372.036847881098
1244000 128.180935851997 122.912938968109 121.203461358404 372.29733617851
1245000 128.263882776856 123.009947675017 121.300155046221 372.573985498095
1246000 128.404692771265 123.116438149895 121.37863068569 372.89976160685
1247000 128.449739044235 123.197355924571 121.440442866778 373.087537835584
1248000 128.554791345891 123.338157012815 121.633521954093 373.526470312799
1249000 128.638618014886 123.406122782637 121.708439620114 373.753180417637
1250000 128.634800623267 123.481220159819 121.825955091159 373.941975874245
1251000 128.725613337976 123.511122947505 121.962206670983 374.198942956463
1252000 128.852339176815 123.643193877859 122.094692312727 374.590225367402
1253000 128.933761114112 123.741119032524 122.193662144824 374.868542291461
1254000 129.048686470667 123.815102941856 122.225994200654 375.089783613178
1255000 129.198280222977 123.918155325742 122.319734038388 375.436169587106
1256000 129.262841264182 123.981234429984 122.374800698142 375.618876392307
1257000 129.356079359527 124.079831875897 122.512549764054 375.948460999478
1258000 129.462430350113 124.213633770897 122.629954705993 376.306018827003
1259000 129.562347735017 124.32534022447 122.719553225162 376.60724118465
1260000 129.674167356111 124.410103347419 122.817482801134 376.901753504664
1261000 129.79322645885 124.551621158806 122.894306435971 377.239154053627
1262000 129.870184955875 124.567355860176 122.981055503704 377.418596319756
1263000 130.008101511171 124.657765172782 123.108354825448 377.7742215094
1264000 130.10829363824 124.834809803858 123.211357018571 378.154460460668
1265000 130.232690993008 124.918252075819 123.256628054141 378.407571122968
1266000 130.333538061515 124.994344828442 123.351926798307 378.679809688264
1267000 130.452784197186 125.138686926407 123.467919935467 379.05939105906
1268000 130.53340340783 125.21813540053 123.586631644703 379.338170453063
1269000 130.584199846941 125.343164272037 123.719311634083 379.646675753062
1270000 130.733431602268 125.459599462928 123.794006461653 379.987037526849
1271000 130.782945396483 125.521330055123 123.909137211205 380.213412662811
1272000 130.913744628027 125.598303802027 124.062852244395 380.574900674449
1273000 131.036505940464 125.663033068636 124.086173402964 380.785712412064
1274000 131.179394551359 125.78151852173 124.191942302882 381.152855375971
1275000 131.227884589795 125.81836956904 124.277508629864 381.323762788699
1276000 131.370910064017 125.915045603369 124.377744287381 381.663699954767
1277000 131.458295068466 126.034716007847 124.435174488629 381.928185564943
1278000 131.505312625092 126.09966496044 124.503850038765 382.108827624298
1279000 131.564229012479 126.177155255208 124.55711806929 382.298502336977
1280000 131.688682020824 126.264582543275 124.682009677807 382.635274241906
1281000 131.812692985424 126.328842246967 124.717435592831 382.858970825222
1282000 131.941900099204 126.474794264001 124.775812020484 383.192506383689
1283000 131.970742545581 126.538344633678 124.892271786525 383.401358965783
1284000 132.027130211027 126.607925545442 124.987759321649 383.622815078118
1285000 132.15702803096 126.705604768333 125.107963312079 383.970596111373
1286000 132.278147124347 126.821026637415 125.164467284234 384.263641045997
1287000 132.334925986068 126.94675198838 125.238343727656 384.520021702104
1288000 132.474524355096 127.06014060674 125.33129858235 384.865963544186
1289000 132.584001096771 127.114200544878 125.427847812589 385.126049454238
1290000 132.67816156841 127.239849523699 125.500483085034 385.418494177142
1291000 132.79730407832 127.316992012351 125.635033131363 385.749329222033
1292000 132.87274299123 127.463895444931 125.743598554849 386.08023699101
1293000 132.959461590747 127.489334198038 125.807145276625 386.255941065409
1294000 133.053317199089 127.633040251545 125.890055637183 386.576413087817
1295000 133.166776830413 127.709941817687 126.036980807398 386.913699455498
1296000 133.299499947885 127.827863904723 126.095975604805 387.223339457412
1297000 133.379141228551 127.873913235793 126.113371375959 387.366425840303
1298000 133.474275201011 128.009125153241 126.223462852803 387.706863207055
1299000 133.547352776214 128.107613917271 126.328745920352 387.983712613837
1300000 133.656304867775 128.189523908216 126.388174327734 388.234003103725
1301000 133.767251896592 128.243290795269 126.42969227144 388.440234963301
1302000 133.904863581856 128.394699228779 126.580438480664 388.880001291299
1303000 134.005482700058 128.507618196265 126.664346027516 389.177446923839
1304000 134.069546724666 128.580676212141 126.753976405727 389.404199342534
1305000 134.202645828918 128.691396557462 126.831247750323 389.725290136703
1306000 134.283228959672 128.807406022602 126.935258966061 390.025893948335
1307000 134.326040861565 128.921327556132 127.003043401016 390.250411818712
1308000 134.448908821842 129.016671624986 127.086999487902 390.55257993473
1309000 134.600571152258 129.105558882669 127.157788357893 390.86391839282
1310000 134.673217149153 129.187383814771 127.23416135597 391.094762319894
1311000 134.821186034891 129.298396623838 127.331713940663 391.451296599392
1312000 134.900680123055 129.370346080128 127.474084732806 391.745110935989
1313000 134.999502279619 129.48516259763 127.569031274289 392.053696151538
1314000 135.086736161638 129.609625723154 127.649076498573 392.345438383365
1315000 135.225871917159 129.693183151871 127.723068272131 392.642123341161
1316000 135.369798069317 129.754117169524 127.833780322092 392.957695560933
1317000 135.453154115199 129.757074153488 127.95272634146 393.162954610146
1318000 135.577068940454 129.892347665141 128.080477543392 393.549894148986
1319000 135.671692202974 129.98660001412 128.105377698162 393.763669915256
1320000 135.713519855545 130.037644791646 128.159272950678 393.910437597868
1321000 135.816352193062 130.183203113035 128.273822739209 394.273378045306
1322000 135.969224587445 130.320219193888 128.319126478425 394.608570259758
1323000 136.028892041416 130.442738300367 128.435702217781 394.907332559564
1324000 136.138834774696 130.550320038067 128.576854538547 395.26600935131
1325000 136.188382992572 130.636198584686 128.634023007024 395.458604584282
1326000 136.216398481843 130.731732200093 128.767026054873 395.71515673681
1327000 136.35826796618 130.849249581179 128.809058472982 396.016576020341
1328000 136.412666867814 130.943055112826 128.933315837399 396.28903781804
1329000 136.503793236653 131.056294867172 129.004661811024 396.564749914849
1330000 136.566285245764 131.159473051253 129.081381543043 396.807139840061
1331000 136.724520235576 131.176217229522 129.206161403221 397.106898868318
1332000 136.844928676791 131.330643161595 129.266093813885 397.441665652271
1333000 136.907948702385 131.420846741083 129.402955137469 397.731750580937
1334000 137.032010313885 131.469993429251 129.497003981598 397.999007724735
1335000 137.063663178837 131.520630702644 129.613121246869 398.19741512835
1336000 137.197879815491 131.573169563381 129.727904267701 398.498953646573
1337000 137.337422631424 131.639103879485 129.858793170381 398.83531968129
1338000 137.435402278644 131.724479544922 129.975691052344 399.13557287591
1339000 137.555216957271 131.804051839045 130.04014729596 399.399416092277
1340000 137.62550939054 131.953028498801 130.111893665612 399.690431554953
1341000 137.714513173859 132.069035998517 130.272108770774 400.05565794315
1342000 137.853518223046 132.106268847151 130.285334794569 400.245121864765
1343000 137.982401020585 132.169764069008 130.434140220876 400.586305310469
1344000 137.994342722527 132.262756255998 130.605401218548 400.862500197073
1345000 138.115784799986 132.388737064231 130.709561522348 401.214083386565
1346000 138.203473643646 132.501273545318 130.749338783328 401.454085972292
1347000 138.291405887359 132.559267783898 130.838472617756 401.689146289013
1348000 138.381621502584 132.61265522437 130.9342382789 401.928515005853
1349000 138.437324353791 132.694501336248 131.082540362398 402.214366052438
1350000 138.559140451528 132.821555925737 131.15695954104 402.537655918306
1351000 138.650473645337 132.92350817178 131.249097281472 402.823079098589
1352000 138.754457755586 133.020351813826 131.354906004215 403.129715573627
1353000 138.830559310357 133.074261485795 131.416424284919 403.321245081071
1354000 138.888834488371 133.167243756361 131.577645693176 403.633723937908
1355000 139.052965051749 133.258298266022 131.727010766617 404.038274084388
1356000 139.142631285323 133.371038921843 131.754259592223 404.267929799389
1357000 139.193146514711 133.432230324492 131.850098971694 404.475475810897
1358000 139.295190908128 133.507124840893 131.951730282802 404.754046031824
1359000 139.420268440364 133.623455786141 132.0559382101 405.099662436604
1360000 139.506123742421 133.676488976573 132.175865350408 405.358478069402
1361000 139.569537160608 133.830849630933 132.267010473887 405.667397265428
1362000 139.720169684365 133.902262719713 132.333301454174 405.955733858253
1363000 139.836428038506 134.063384088239 132.38558537888 406.285397505626
1364000 139.875621799544 134.145894811612 132.503820683525 406.52533729468
1365000 140.070867998647 134.232651471206 132.599503646161 406.903023116014
1366000 140.136084572144 134.357741420047 132.724612769646 407.218438761836
1367000 140.189041451473 134.415562275493 132.828828498856 407.433432225823
1368000 140.296063287553 134.526835686381 132.872183239134 407.695082213068
1369000 140.400701373417 134.594250193168 132.965980357792 407.960931924378
1370000 140.519212605055 134.724590044299 133.059918769134 408.303721418487
1371000 140.631546180844 134.810012245482 133.11987351551 408.561431941837
1372000 140.773689806982 134.930931722272 133.230398401264 408.935019930517
1373000 140.839886831804 135.02388458178 133.336352027118 409.200123440703
1374000 140.92841869888 135.047309950136 133.425249107705 409.400977756722
1375000 140.987629656504 135.217674897617 133.554751405752 409.760055959872
1376000 141.044717081988 135.248005285673 133.648138309708 409.940860677369
1377000 141.181014842114 135.374540064586 133.747576301589 410.303131208289
1378000 141.26628106468 135.432727389517 133.85098593373 410.549994387927
1379000 141.398095784713 135.583238645837 133.973688442725 410.955022873276
1380000 141.499457238575 135.634143074371 134.048601287003 411.182201599949
1381000 141.657972637677 135.748105297749 134.26475966197 411.670837597396
1382000 141.752721777695 135.817902754389 134.328683293775 411.899307825859
1383000 141.84330322201 135.840540996992 134.375822851344 412.059667070347
1384000 141.934321188453 135.980240413756 134.438076156621 412.352637758829
1385000 142.014155718238 136.096175634179 134.56001870575 412.670350058166
1386000 142.18095106262 136.21636645343 134.643267774572 413.040585290622
1387000 142.251650662471 136.259214186889 134.714775204292 413.225640053651
1388000 142.293941886361 136.408836166163 134.78328472999 413.486062782514
1389000 142.418382336344 136.454553628453 134.885399937097 413.758335901894
1390000 142.548504975614 136.560515362527 134.931116938861 414.040137277002
1391000 142.619979237285 136.611577859 135.077530539088 414.309087635373
1392000 142.757125924105 136.702729465774 135.16973205331 414.629587443188
1393000 142.867108721385 136.861453856087 135.242077999422 414.970640576894
1394000 142.927440912707 136.990778165135 135.352944956375 415.271164034217
1395000 143.024777490321 137.149084175729 135.497293154454 415.671154820504
1396000 143.068422929327 137.237173263206 135.585814626651 415.891410819184
1397000 143.22326129526 137.335869031532 135.703176621811 416.262306948603
1398000 143.361566086296 137.431103113862 135.832638375664 416.625307575821
1399000 143.479878399369 137.532738296453 135.899472947985 416.912089643807
1400000 143.66139515233 137.641555277682 135.994695822665 417.297646252677
1401000 143.695220802385 137.738384672955 136.07619545504 417.509800930381
1402000 143.826442719463 137.785296925103 136.196615578581 417.808355223147
1403000 143.93622501486 137.911471201468 136.305310794535 418.153007010862
1404000 144.110990001985 138.018585312809 136.364869068927 418.49444438372
1405000 144.18373726212 138.095248633253 136.518111938394 418.797097833766
1406000 144.282173186849 138.133021947654 136.626200241201 419.041395375704
1407000 144.333718362564 138.25725796995 136.728552442291 419.319528774805
1408000 144.483991949831 138.316608506648 136.832110341828 419.632710798306
1409000 144.529398186543 138.402522848222 136.903579158488 419.835500193253
1410000 144.694436179406 138.425048188637 137.041670755036 420.161155123078
1411000 144.751211056129 138.524176600216 137.114400500126 420.389788156471
1412000 144.807245460533 138.63618322345 137.276957451397 420.720386135381
1413000 144.904290784599 138.729207003086 137.3482619581 420.981759745785
1414000 144.993161956878 138.869565982564 137.413797230794 421.276525170236
1415000 145.061862248767 138.898168455445 137.535729872236 421.495760576448
1416000 145.174027290098 139.04278804079 137.68175506983 421.898570400718
1417000 145.289531395063 139.100810499407 137.811349165355 422.201691059825
1418000 145.359611744968 139.19537545232 137.917689180692 422.472676377979
1419000 145.4667903797 139.30896880189 137.948776939819 422.724536121409
1420000 145.544436866018 139.377959246958 137.963502769304 422.885898882279
1421000 145.685086433422 139.44164787514 138.067840470829 423.194574779391
1422000 145.741433672052 139.538047621848 138.111612358066 423.391093651967
1423000 145.875886617562 139.599835496483 138.210465519184 423.686187633228
1424000 145.981616819846 139.734168752999 138.249950929484 423.96573650233
1425000 146.079365149054 139.831100390819 138.348004022353 424.258469562226
1426000 146.200321125114 139.949062961351 138.393826026438 424.543210112903
1427000 146.233742473226 140.06488948134 138.59094749258 424.889579447147
1428000 146.353978318193 140.163887663787 138.641669865683 425.159535847662
1429000 146.516569482881 140.266605127146 138.772954646352 425.556129256379
1430000 146.644816187231 140.303943636051 138.767512758606 425.716272581889
1431000 146.777158196374 140.434575644674 138.856423230069 426.068157071117
1432000 146.848108766824 140.506055306263 138.92184855474 426.276012627827
1433000 146.993614174718 140.593262796286 138.981063265368 426.567940236372
1434000 147.029544370012 140.639690647104 139.061954555126 426.731189572241
1435000 147.188956255911 140.755001049822 139.168794284465 427.112751590199
1436000 147.243184347982 140.863269191813 139.262549798583 427.369003338378
1437000 147.371138500741 140.958045521681 139.364413555683 427.693597578106
1438000 147.47276907368 141.049535960922 139.503885987775 428.026191022377
1439000 147.618086547055 141.155721365633 139.60543349971 428.379241412398
1440000 147.643083993574 141.283143261101 139.765972146935 428.692199401611
1441000 147.788942447786 141.425952444347 139.855548524078 429.070443416211
1442000 147.895683977535 141.465382914227 139.96697512923 429.328042020993
1443000 147.973196336644 141.615438732151 140.061097083984 429.649732152779
1444000 148.085931498672 141.706729940162 140.146528478768 429.939189917601
1445000 148.215562811402 141.780255832791 140.209586447704 430.205405091897
1446000 148.256199683189 141.880539544247 140.310329850582 430.447069078018
1447000 148.411954914583 141.967107930359 140.389610043769 430.768672888711
1448000 148.527651414732 142.011772087758 140.478926085518 431.018349588008
1449000 148.55086711499 142.157714875256 140.524161944672 431.232743934918
1450000 148.69434919983 142.224651056069 140.653817466089 431.572817721988
1451000 148.783463002131 142.353946169749 140.703909054799 431.841318226679
1452000 148.832721656619 142.466466108968 140.796746933653 432.09593469924
1453000 148.958694827016 142.6036230478 140.835156173332 432.397474048148
1454000 149.087263549746 142.686818923818 140.96830030982 432.742382783383
1455000 149.24222431738 142.721450193642 141.03018504454 432.993859555562
1456000 149.28103044817 142.86117812701 141.084626249018 433.226834824198
1457000 149.370565895759 142.918645538042 141.231734600942 433.520946034742
1458000 149.493833905617 143.048332044175 141.356883677878 433.899049627671
1459000 149.535421086239 143.131890494226 141.45109556931 434.118407149774
1460000 149.721425626935 143.213135891564 141.550622131742 434.485183650241
1461000 149.780141995409 143.292779773805 141.67453890125 434.747460670464
1462000 149.910554579631 143.412729277893 141.78582373089 435.109107588415
1463000 149.991100085656 143.438385388967 141.842201444982 435.271686919605
1464000 150.081955586657 143.561012274734 141.986276302762 435.629244164153
1465000 150.164952872349 143.662183416517 142.05605235138 435.883188640246
1466000 150.284406937443 143.728413311766 142.121151295977 436.133971545185
1467000 150.412537787822 143.86146503937 142.194510277075 436.468513104267
1468000 150.467608893706 143.957979767202 142.226478752591 436.652067413499
1469000 150.53898909411 144.050868091116 142.366565365449 436.956422550674
1470000 150.676483639839 144.183339073671 142.438866764757 437.298689478267
1471000 150.79602910931 144.306489875749 142.585879574247 437.688398559307
1472000 150.905140984311 144.381801752691 142.644236894841 437.931179631844
1473000 150.969926679263 144.434628210566 142.732958629591 438.137513519421
1474000 151.063810490991 144.561505537848 142.84887840266 438.474194431499
1475000 151.185179442828 144.626553286726 142.950999505828 438.762732235382
1476000 151.265846983362 144.720126005081 143.029769355106 439.015742343549
1477000 151.392046637529 144.821881030104 143.151291009793 439.365218677425
1478000 151.447321531451 144.910567026318 143.226790465831 439.5846790236
1479000 151.558305710292 144.995290061501 143.30580036314 439.859396134933
1480000 151.699405238901 145.132098074553 143.297653817174 440.129157130627
1481000 151.789496910255 145.232656512912 143.411472314948 440.433625738115
1482000 151.900018770331 145.355231006981 143.506969050777 440.762218828089
1483000 152.002091807376 145.482144782079 143.56112109947 441.045357688925
1484000 152.113355763241 145.603537507549 143.624641421795 441.341534692584
1485000 152.26929431598 145.66049900061 143.729436708748 441.659230025337
1486000 152.380628010497 145.765112421971 143.855042666786 442.000783099254
1487000 152.465699693473 145.855426869813 143.929621184077 442.250747747363
1488000 152.575221240299 145.909133500809 144.038187203522 442.52254194463
1489000 152.712491346482 145.971916397346 144.109450456975 442.793858200803
1490000 152.79824398657 146.105909577927 144.182097033923 443.08625059842
1491000 152.849659773058 146.190678781197 144.324548620754 443.364887175009
1492000 153.009700218849 146.204589588749 144.437039972657 443.651329780256
1493000 153.113407685776 146.317228778615 144.516247522013 443.946883986403
1494000 153.23010287754 146.428503963938 144.57178646357 444.230393305049
1495000 153.348384040745 146.481867762149 144.682051224727 444.512303027622
1496000 153.436770617407 146.54984651367 144.747109270345 444.733726401422
1497000 153.538147830094 146.569890248306 144.825742465476 444.933780543876
1498000 153.647628000766 146.738524275155 144.896273603882 445.282425879804
1499000 153.736657210667 146.902522521146 145.100095518851 445.739275250664
1500000 153.805326352149 146.977138660257 145.127270279605 445.909735292011
1501000 153.914236180954 147.123197368732 145.299954606152 446.337388155838
1502000 153.902226709372 147.179626382006 145.386993691054 446.468846782432
1503000 154.079566816749 147.298856560445 145.444774490073 446.823197867267
1504000 154.19572281468 147.381532635654 145.56767207675 447.144927527085
1505000 154.246488066164 147.492961775442 145.622832212132 447.362282053738
1506000 154.352899001368 147.670691141436 145.740712877065 447.764303019868
1507000 154.48006978051 147.752616894136 145.783880939118 448.016567613764
1508000 154.582343106389 147.832955864908 145.941112277331 448.356411248628
1509000 154.665974795271 147.92568077589 146.062989481729 448.654645052891
1510000 154.808656055797 148.050379471895 146.107518412391 448.966553940083
1511000 154.899214007225 148.167732067398 146.255687268696 449.322633343319
1512000 154.954601588919 148.212340948684 146.321256994557 449.488199532161
1513000 155.002902949684 148.349520827356 146.392811940159 449.745235717199
1514000 155.119367127522 148.47950538719 146.488765507056 450.087638021767
1515000 155.180619269798 148.547497967467 146.608172392461 450.336289629727
1516000 155.299690535599 148.671084916938 146.685487727528 450.656263180066
1517000 155.463892732205 148.759967172123 146.768744742922 450.99260464725
1518000 155.553803322623 148.850401768936 146.899111122701 451.30331621426
1519000 155.626114422967 148.918396978344 147.060941998643 451.605453399954
1520000 155.65315056674 148.964694640797 147.104908419255 451.722753626792
1521000 155.809597551159 149.035080024097 147.236949245788 452.081626821044
1522000 155.828639636699 149.083747663006 147.306516394012 452.218903693717
1523000 155.913133138995 149.227908218738 147.425037555213 452.566078912946
1524000 156.049962780412 149.35644148352 147.508194383732 452.914598647664
1525000 156.157298040619 149.410934166345 147.618873368523 453.187105575486
1526000 156.275762475551 149.54708225081 147.657811330147 453.480656056508
1527000 156.374132997912 149.556376798388 147.810388213307 453.740898009607
1528000 156.456301903037 149.641668425945 147.847416709843 453.945387038824
1529000 156.562081401329 149.669601724296 147.925859953882 454.157543079508
1530000 156.642945312216 149.809744087128 147.994052556887 454.44674195623
1531000 156.755781674182 149.909048252161 148.114945213795 454.779775140138
1532000 156.910895786081 149.995143680507 148.191714217951 455.097753684539
1533000 157.008239745045 150.12802277471 148.316386629343 455.452649149099
1534000 157.084569201061 150.26130921986 148.398119755783 455.743998176703
1535000 157.183075212252 150.298340834655 148.457471134316 455.938887181222
1536000 157.262003586156 150.397719505044 148.548151853805 456.207874945004
1537000 157.357433754207 150.506123173835 148.683617355496 456.547174283538
1538000 157.479482231679 150.628895831962 148.697462966004 456.805841029645
1539000 157.594275935218 150.696396509975 148.807372066842 457.098044512035
1540000 157.624464646831 150.820634593276 148.874012021094 457.319111261201
1541000 157.762254014123 150.928758218972 149.020295888158 457.711308121253
1542000 157.836395063422 151.015677304519 149.114058471333 457.966130839274
1543000 157.984052672957 151.085911580299 149.170196228105 458.240160481361
1544000 158.120490258368 151.145674341065 149.259727124568 458.525891724
1545000 158.202825924862 151.290783672768 149.346165667705 458.839775265335
1546000 158.316688605358 151.408204926223 149.442866265858 459.167759797439
1547000 158.419314080285 151.489038568045 149.559176110801 459.467528759132
1548000 158.568933962634 151.610602874892 149.604968057554 459.78450489508
1549000 158.639986270424 151.654261811789 149.740764477116 460.03501255933
1550000 158.711698673211 151.786304937186 149.782059412674 460.280063023071
1551000 158.866298228606 151.888673719796 149.930405347438 460.68537729584
1552000 158.962764259386 151.97342230225 150.050486957874 460.98667351951
1553000 158.993709101267 152.083348219786 150.134837227133 461.211894548186
1554000 159.100630229919 152.18063458693 150.212122485941 461.49338730279
1555000 159.199531821556 152.341871650735 150.241351557095 461.782755029386
1556000 159.30363582125 152.412048634109 150.341706129253 462.057390584611
1557000 159.407485381066 152.471958845503 150.431131619417 462.310575845986
1558000 159.523265598802 152.550516953301 150.526288351441 462.600070903545
1559000 159.574150569294 152.635198824806 150.597151570856 462.806500964957
1560000 159.67559683662 152.73839762394 150.734799855524 463.148794316085
1561000 159.815461396955 152.766176961376 150.828638080759 463.41027643909
1562000 159.918414740735 152.896968964101 150.898180505666 463.713564210502
1563000 159.972485391166 153.020316292148 151.021418543772 464.014220227085
1564000 160.093733297028 153.117368092524 151.156326951845 464.367428341397
1565000 160.225205440984 153.250928925215 151.181008064567 464.657142430766
1566000 160.273481397115 153.357116534832 151.320463008809 464.951060940755
1567000 160.377700699652 153.38465257933 151.399036649791 465.161389928772
1568000 160.45123254889 153.513937699549 151.465156831926 465.430327080365
1569000 160.509493691801 153.561054263373 151.51857433997 465.589122295144
1570000 160.607257873777 153.659996479435 151.619285545328 465.886539898539
1571000 160.744820245149 153.783327228205 151.723478041766 466.25162551512
1572000 160.864174519267 153.93593731799 151.79854553374 466.598657370997
1573000 160.920948546242 154.041049049375 151.92498106998 466.886978665598
1574000 161.05141776675 154.138869744801 152.052382023043 467.242669534594
1575000 161.13349861724 154.245389826817 152.181382586707 467.560271030763
1576000 161.187561916881 154.351833024172 152.284842212208 467.824237153261
1577000 161.316600146928 154.401794114681 152.353069126198 468.071463387807
1578000 161.404435752176 154.599291569111 152.45953993859 468.463267259878
1579000 161.556168071709 154.629098495593 152.568037534593 468.753304101895
1580000 161.613258231715 154.772909521812 152.585404737617 468.971572491144
1581000 161.738917330909 154.876531913061 152.746289760214 469.361739004184
1582000 161.854348389571 154.969314080112 152.865870663075 469.689533132758
1583000 161.986290723007 155.077258187739 152.88449506342 469.948043974166
1584000 162.116295602508 155.103132044081 153.056357771993 470.275785418582
1585000 162.182096103506 155.21229716134 153.15728919547 470.551682460316
1586000 162.276402640353 155.333336433297 153.317229354779 470.926968428428
1587000 162.384208440016 155.401765303528 153.373521996711 471.159495740255
1588000 162.505097230054 155.526159713654 153.517262492383 471.548519436091
1589000 162.577198910002 155.600760267521 153.595958967642 471.773918145165
1590000 162.693591032877 155.75936439992 153.643930060067 472.096885492864
1591000 162.793259155756 155.807361761062 153.727552365517 472.328173282334
1592000 162.894338180675 155.894716815259 153.883693556923 472.672748552857
1593000 162.954968265074 156.015507030109 154.011944876609 472.982420171792
1594000 163.051346002648 156.151026883059 154.085206323602 473.287579209308
1595000 163.14517833624 156.223501985735 154.148344258358 473.517024580333
1596000 163.237960472518 156.274956051103 154.276333691302 473.789250214923
1597000 163.403461151267 156.369493651971 154.382416066788 474.155370870027
1598000 163.494445059948 156.442467124116 154.403648977778 474.340561161842
1599000 163.635429417723 156.565618527034 154.508310432151 474.709358376908
1600000 163.690419235108 156.687739129153 154.668909645991 475.047068010252
1601000 163.724785894893 156.777261915631 154.708214726192 475.210262536716
1602000 163.837862993847 156.769850624022 154.816315744165 475.424029362033
1603000 163.925240774181 156.917036834935 154.919733271077 475.762010880194
1604000 164.005026082173 157.043575058611 155.061233677603 476.109834818388
1605000 164.112120153526 157.177607575607 155.148439138026 476.438166867159
1606000 164.146306522732 157.218233876055 155.2544028083 476.618943207087
1607000 164.31762952129 157.350376018034 155.341010433026 477.00901597235
1608000 164.39942414003 157.454315991725 155.408166804274 477.261906936028
1609000 164.501779977639 157.585721508381 155.511444918078 477.598946404098
1610000 164.634839231348 157.628063803003 155.542442110619 477.80534514497
1611000 164.735786946174 157.729650709325 155.719333208875 478.184770864375
1612000 164.829900455402 157.810833742326 155.813369695217 478.454103892945
1613000 164.951439864675 157.872128503151 155.855953547831 478.679521915657
1614000 165.095205401654 157.938138666892 155.955266522252 478.988610590798
1615000 165.170750994839 158.046885231554 155.987842037484 479.205478263877
1616000 165.262299369999 158.119868837711 156.09538126424 479.47754947195
1617000 165.354623155307 158.1984198844 156.185171301058 479.738214340766
1618000 165.398056958383 158.270949412007 156.303803883675 479.972810254065
1619000 165.517238609512 158.410494791781 156.39970028459 480.327433685883
1620000 165.578141161476 158.408913328084 156.500285961501 480.487340451061
1621000 165.679769037632 158.536950320035 156.685688934 480.902408291666
1622000 165.841555728969 158.62970421546 156.74561319186 481.216873136289
1623000 165.896475312083 158.72889049061 156.859212302336 481.484578105029
1624000 165.976794684871 158.820091667094 156.978206413817 481.775092765782
1625000 166.111061263022 158.919608652324 157.072508673134 482.103178588479
1626000 166.257546317946 158.982389541614 157.136483552641 482.376419412201
1627000 166.355883194628 159.105557727689 157.249949741231 482.711390663548
1628000 166.499112924226 159.171384038162 157.408825739274 483.079322701662
1629000 166.637204139669 159.32976427461 157.475330694425 483.442299108704
1630000 166.743116149205 159.383579100413 157.590804108567 483.717499358185
1631000 166.840272487836 159.450047908422 157.681692531091 483.972012927349
1632000 166.928377788696 159.562018971861 157.768469346645 484.258866107202
1633000 167.009130873325 159.661119760348 157.875930345423 484.546180979097
1634000 167.138020955471 159.690414498896 157.97019396065 484.798629415017
1635000 167.247210378329 159.774756244382 158.052119169001 485.074085791711
1636000 167.356960315366 159.889507423383 158.109070539124 485.355538277873
1637000 167.506296886802 160.088962101725 158.220297162048 485.815556150574
1638000 167.570037746391 160.153017212122 158.329486075584 486.052541034096
1639000 167.659898442088 160.275479386345 158.427157701341 486.362535529774
1640000 167.70269596543 160.381020587012 158.529486449947 486.613203002389
1641000 167.887854914742 160.442677051083 158.651581713199 486.982113679024
1642000 167.92450168135 160.5394255865 158.718194304346 487.182121572196
1643000 168.052546571309 160.640500498845 158.816828809802 487.509875879956
1644000 168.140175290247 160.731766852422 158.849241438975 487.721183581645
1645000 168.24790011718 160.815929643113 158.894909157536 487.958738917829
1646000 168.325553301082 160.901801631199 158.995747837013 488.223102769294
1647000 168.454793781769 160.996729557885 159.105298937002 488.556822276656
1648000 168.60080323933 161.090649838728 159.123551973984 488.815005052042
1649000 168.71161462292 161.29410733737 159.247892544652 489.253614504942
1650000 168.775989885805 161.375387623867 159.286780943002 489.438158452675
1651000 168.910002150293 161.435535776876 159.316181437971 489.66171936514
1652000 168.917834588677 161.531958731632 159.373943248196 489.823736568504
1653000 169.071301102635 161.622694466269 159.514366721341 490.208362290245
1654000 169.178087057902 161.740058069428 159.592138340709 490.510283468039
1655000 169.293193393205 161.807029091561 159.712969082619 490.813191567385
1656000 169.325626052347 161.925927005123 159.846483048052 491.098036105522
1657000 169.470527879551 161.994495124857 159.983740633996 491.448763638404
1658000 169.549957978545 162.085960915088 160.048284921022 491.684203814654
1659000 169.615419826588 162.186473991334 160.215703573206 492.017597391127
1660000 169.702168641411 162.274679698112 160.34435710477 492.321205444293
1661000 169.765300322269 162.384117684783 160.462390961536 492.611808968588
1662000 169.840973982522 162.457445981733 160.528002382613 492.826422346867
1663000 170.001895032056 162.619077651245 160.625709169744 493.246681853045
1664000 170.005028385719 162.674703094362 160.635299687882 493.315031167963
1665000 170.129830519942 162.782265645343 160.765758450416 493.6778546157
1666000 170.238393618564 162.910316960896 160.864855679738 494.013566259197
1667000 170.31162414531 163.003117110925 160.923328981471 494.238070237707
1668000 170.381738259782 163.088436075407 161.047795055862 494.517969391051
1669000 170.494699275533 163.20888129754 161.126407968712 494.829988541785
1670000 170.615236095277 163.326679526118 161.216393487696 495.158309109091
1671000 170.779686944548 163.394469848831 161.334178023384 495.508334816763
1672000 170.767433535267 163.529307608933 161.418921813064 495.715662957264
1673000 170.840160119662 163.602691577988 161.535668378512 495.978520076162
1674000 171.018556744526 163.709039913012 161.602028743976 496.329625401515
1675000 171.093503456387 163.812451961359 161.740742123656 496.646697541402
1676000 171.249114414463 163.960207753036 161.864238174578 497.073560342077
1677000 171.31329849108 164.012585629197 161.949885313089 497.275769433366
1678000 171.441398774736 164.174697993138 162.03918983795 497.655286605825
1679000 171.567643287972 164.280879948543 162.129796473303 497.978319709818
1680000 171.643408737168 164.365040544004 162.15855914279 498.167008423962
1681000 171.742186793352 164.465046151776 162.34293426686 498.550167211988
1682000 171.891460851961 164.487125570917 162.385292591808 498.763879014687
1683000 172.013617237533 164.588926804588 162.491655755041 499.094199797163
1684000 172.093031404786 164.669831112745 162.531002947496 499.293865465028
1685000 172.206031788482 164.71945755217 162.628517481152 499.554006821803
1686000 172.287203708028 164.838133541184 162.736325903157 499.861663152368
1687000 172.42951149158 164.976788588037 162.792667062991 500.198967142609
1688000 172.549739618456 165.095391501681 162.874686131758 500.519817251895
1689000 172.632426849399 165.17434015037 162.969819675343 500.776586675112
1690000 172.708949063363 165.238406111351 163.063699859679 501.011055034392
1691000 172.860661361353 165.370514710339 163.15795286566 501.389128937353
1692000 172.967743275872 165.446234212504 163.316177837712 501.730155326088
1693000 173.034388902081 165.579194417274 163.388165228123 502.001748547478
1694000 173.173050670966 165.639135642888 163.531309510059 502.343495823913
1695000 173.214732365682 165.754630257056 163.571971693641 502.541334316379
1696000 173.336637502473 165.793847695908 163.626939487047 502.757424685428
1697000 173.434060232157 165.914867765716 163.741520165109 503.090448162982
1698000 173.528373640878 166.011207450375 163.808408333925 503.347989425179
1699000 173.643943971333 166.140308517979 163.873216232477 503.657468721789
1700000 173.81895578216 166.184212576885 163.958035986769 503.961204345815
1701000 173.913725842835 166.326200728261 164.075916935417 504.315843506513
1702000 174.016402161435 166.350223637678 164.185422093195 504.552047892308
1703000 174.130009180537 166.442421014081 164.300741737563 504.87317193218
1704000 174.237950651258 166.559590575014 164.376815090485 505.174356316757
1705000 174.268247574626 166.677977655181 164.450213106007 505.396438335814
1706000 174.371195704071 166.722696577807 164.589927561076 505.683819842954
1707000 174.525113856116 166.840867182151 164.618815687013 505.98479672528
1708000 174.556067771965 167.024674505757 164.735255715185 506.315997992906
1709000 174.656670769865 167.069631230977 164.840999446486 506.567301447327
1710000 174.677395274762 167.166378127747 164.965745412691 506.809518815201
1711000 174.818248288219 167.261597622462 165.074512374673 507.154358285354
1712000 174.955137751213 167.312731263831 165.178086098373 507.445955113417
1713000 175.086131583581 167.448748632293 165.268675815623 507.803556031497
1714000 175.173003339589 167.564111330658 165.395817773376 508.132932443623
1715000 175.27600768443 167.650697801487 165.448104600313 508.374810086231
1716000 175.337394777908 167.776529918851 165.533076236645 508.647000933404
1717000 175.435546588799 167.788618401644 165.630701282937 508.854866273381
1718000 175.53156469596 167.849997414792 165.71406634359 509.095628454342
1719000 175.589244597678 167.975488107011 165.807947415524 509.372680120212
1720000 175.737628628796 168.014205197924 165.949003626511 509.700837453231
1721000 175.79978776084 168.124727999249 165.996048606742 509.920564366831
1722000 175.951601800933 168.171485247425 166.104716173615 510.227803221973
1723000 176.021909100954 168.316863037864 166.196949437562 510.53572157638
1724000 176.098354443875 168.427589702045 166.270822819611 510.796766965532
1725000 176.21340773084 168.469577859659 166.374208944823 511.057194535322
1726000 176.293305550014 168.536451093787 166.458498392412 511.288255036214
1727000 176.425855256485 168.665875909496 166.54413686294 511.635868028922
1728000 176.542398472179 168.739815884228 166.630342909596 511.912557266003
1729000 176.636462719717 168.765647725461 166.7368239946 512.138934439779
1730000 176.684525731317 168.845670767556 166.806502337932 512.336698836806
1731000 176.814457421389 168.892910680826 166.878287726796 512.585655829011
1732000 176.907445982739 168.952239958092 166.919007618409 512.77869355924
1733000 177.0110172814 169.084566345661 167.021379786249 513.11696341331
1734000 177.073902415535 169.131996258473 167.08196574092 513.287864414928
1735000 177.178672533409 169.166190317002 167.206003704777 513.550866555188
1736000 177.283283903273 169.271236875906 167.305568037442 513.860088816621
1737000 177.406363759649 169.369079848179 167.384045707227 514.159489315056
1738000 177.515807384526 169.427712857834 167.502639999195 514.446160241555
1739000 177.619916840357 169.57063476484 167.57877229269 514.769323897887
1740000 177.72766704087 169.654380708949 167.664818618038 515.046866367857
1741000 177.761137887956 169.763018084294 167.812389808589 515.336545780839
1742000 177.974164522038 169.822874108969 167.886086632867 515.683125263873
1743000 178.019485372241 169.976316556307 167.954108012026 515.949909940573
1744000 178.09248009967 170.108360074445 168.020568943989 516.221409118103
1745000 178.206185945213 170.167107849619 168.177216777961 516.550510572792
1746000 178.288150593137 170.272009698142 168.288319004793 516.848479296073
1747000 178.378917153687 170.426477797438 168.354075613451 517.159470564576
1748000 178.488005806613 170.528608174558 168.449421185 517.46603516617
1749000 178.638907950205 170.676572034635 168.565264584786 517.880744569626
1750000 178.707584761182 170.739014159054 168.658134245528 518.104733165764
1751000 178.837687444815 170.882020347772 168.747495545314 518.467203337901
1752000 178.92895129531 170.948290635571 168.796716106102 518.673958036983
1753000 179.055791227788 171.005267215613 168.867340126636 518.928398570037
1754000 179.143081279169 171.132107582282 169.003702358269 519.27889121972
1755000 179.207090981206 171.26089461511 169.105895733095 519.573881329411
1756000 179.289654413714 171.318001722981 169.143971190538 519.751627327234
1757000 179.367484128072 171.429421182396 169.250480055644 520.047385366112
1758000 179.525054220569 171.494849948346 169.397621444843 520.417525613757
1759000 179.628641535044 171.604966238098 169.465947948771 520.699555721912
1760000 179.727144605197 171.753686925162 169.513195991187 520.994027521546
1761000 179.792069190016 171.911140681085 169.66413429573 521.367344166831
1762000 179.885312737614 171.974005789228 169.711262689065 521.570581215907
1763000 179.9425106356 171.981056643512 169.875190144566 521.798757423677
1764000 180.060184254346 172.160973928755 169.951687773034 522.172845956136
1765000 180.169696618324 172.208371068866 170.00269863761 522.3807663248
1766000 180.190912152829 172.334150441934 170.077403002047 522.60246559681
1767000 180.280123304965 172.420381211549 170.191406363555 522.891910880069
1768000 180.422330726285 172.548201960583 170.300889995922 523.27142268279
1769000 180.510581803912 172.631988157899 170.393441242165 523.536011203976
1770000 180.616823734187 172.762170103398 170.478276863011 523.857270700596
1771000 180.63808404096 172.837871416976 170.614128670352 524.090084128288
1772000 180.719870826265 172.882050489895 170.687514199323 524.289435515483
1773000 180.806392813298 173.006958442492 170.808145983081 524.621497238871
1774000 180.946118599807 173.127859132694 170.915168007201 524.989145739701
1775000 181.028946539095 173.228419366895 171.01759814755 525.27496405354
1776000 181.207348293417 173.356307289129 171.067593968585 525.631249551131
1777000 181.210060785525 173.425970824189 171.181039599177 525.81707120889
1778000 181.325653099495 173.518575749811 171.234457105337 526.078685954642
1779000 181.450916925123 173.667076923294 171.287524102777 526.405517951194
1780000 181.522984051658 173.711872990691 171.454471693649 526.689328735998
1781000 181.624420709124 173.830614154469 171.528687332368 526.983722195961
1782000 181.73191040451 173.86951544806 171.610532723048 527.211958575618
1783000 181.851500177129 173.950936467352 171.665626576553 527.468063221034
1784000 181.945769904373 174.030821917869 171.726995418555 527.703587240797
1785000 182.040060959047 174.099378854847 171.830381864542 527.969821678435
1786000 182.154261622667 174.220941528289 171.977935980249 528.353139131205
1787000 182.282866450474 174.314070419277 171.999133588113 528.596070457865
1788000 182.345580589591 174.415877425365 172.104654494937 528.866112509893
1789000 182.429185380302 174.534192336289 172.190469176709 529.1538468933
1790000 182.543375672657 174.622169786331 172.352305450986 529.517850909974
1791000 182.599319030777 174.723617600955 172.457057055991 529.779993687723
1792000 182.718480755144 174.864016924582 172.496318650033 530.078816329759
1793000 182.839291194272 174.932900106212 172.592348648627 530.364539949111
1794000 182.997923525641 175.015041710415 172.694797682367 530.707762918423
1795000 183.081449340563 175.080954056956 172.795432183227 530.957835580746
1796000 183.227437675806 175.188780163779 172.914806113548 531.331023953133
1797000 183.297654863989 175.246970933825 173.026536537419 531.571162335233
1798000 183.424146746013 175.36165045496 173.157368369287 531.94316557026
1799000 183.466656548841 175.405858883386 173.244462664691 532.116978096919
1800000 183.528879354095 175.52409076896 173.309944707518 532.362914830573
1801000 183.591862396821 175.628876413677 173.413302671311 532.634041481808
1802000 183.679761035047 175.653936883187 173.49047242313 532.824170341365
1803000 183.814607913134 175.816618643042 173.566465085049 533.197691641224
1804000 183.859674537713 175.982806064409 173.724127410704 533.566608012827
1805000 183.981386533092 176.163399934376 173.798765134656 533.943551602125
1806000 184.157609812056 176.199440840396 173.906833733404 534.263884385856
1807000 184.182394314552 176.334296478249 173.935709325034 534.452400117835
1808000 184.243657297676 176.43603136077 174.075497779109 534.755186437555
1809000 184.410736077724 176.540003728781 174.17416187029 535.124901676794
1810000 184.495019085154 176.635182974304 174.234649623057 535.364851682515
1811000 184.634942988607 176.721474801737 174.227192961829 535.583610752174
1812000 184.747866163626 176.741101117746 174.392211347533 535.881178628905
1813000 184.848448064068 176.828068779538 174.363239109675 536.03975595328
1814000 184.944723083302 176.93334258369 174.517476092082 536.395541759074
1815000 185.039723723873 177.062184135081 174.639040491127 536.740948350081
1816000 185.112384825321 177.18617488307 174.771062278377 537.069621986768
1817000 185.250268183829 177.293149725487 174.857530452271 537.400948361588
1818000 185.267685306619 177.335528937854 174.951671812766 537.554886057239
1819000 185.441778948401 177.431189564961 175.055202314371 537.928170827733
1820000 185.513331098543 177.507619073051 175.175343934433 538.196294106027
1821000 185.664443432224 177.575204967842 175.187448280282 538.427096680348
1822000 185.731079874967 177.615230807829 175.30670429109 538.653014973886
1823000 185.879134947227 177.696889640046 175.373008089406 538.949032676679
1824000 186.023976239996 177.804623893391 175.442128438116 539.270728571503
1825000 186.116761813943 177.868232357422 175.547692264724 539.53268643609
1826000 186.283787567066 177.982122891948 175.656387710365 539.922298169379
1827000 186.389493780807 178.037165195448 175.80460825054 540.231267226795
1828000 186.513515504419 178.136486423495 175.94058218248 540.590584110394
1829000 186.584484143358 178.237448447861 176.028686217593 540.850618808812
1830000 186.679799706037 178.473816692995 176.13641296719 541.290029366221
1831000 186.831968877138 178.523956217563 176.258204181754 541.614129276454
1832000 186.895104061872 178.616801758869 176.413061417146 541.924967237887
1833000 187.007896452932 178.734465335871 176.53676641853 542.279128207333
1834000 187.143839347622 178.871923518363 176.622960668917 542.638723534902
1835000 187.223374643733 178.937830510352 176.660836608031 542.822041762116
1836000 187.309713016041 179.077027450512 176.789236677985 543.175977144537
1837000 187.407324804677 179.202685125064 176.893757527688 543.50376745743
1838000 187.474650861708 179.301994759279 176.961856136158 543.738501757145
1839000 187.57813200123 179.434452550986 177.00938125858 544.021965810796
1840000 187.58752443964 179.464493171516 177.178345414335 544.230363025491
1841000 187.726302172195 179.553953878752 177.329713315055 544.609969366002
1842000 187.834449187699 179.668926323433 177.383234362222 544.886609873354
1843000 187.968098611595 179.775049953772 177.489683037531 545.232831602899
1844000 188.037029572251 179.864591817344 177.566266462077 545.467887851672
1845000 188.088154414342 179.94554912403 177.708428271079 545.742131809452
1846000 188.204589508394 179.964948106767 177.832852759031 546.002390374192
1847000 188.30596231822 180.077850632911 177.898624307001 546.282437258131
1848000 188.384136520304 180.184906066588 178.028159983109 546.597202570001
1849000 188.483426756916 180.253981012939 178.153854322661 546.891262092516
1850000 188.611139195905 180.345145889452 178.265585781865 547.221870867222
1851000 188.728459232569 180.418935576706 178.32683487193 547.474229681205
1852000 188.828336942073 180.523141481622 178.441384688644 547.792863112339
1853000 188.968402845392 180.638017034718 178.521076127765 548.127496007874
1854000 189.047323943925 180.758799357148 178.53601061188 548.342133912953
1855000 189.112653389748 180.851766024829 178.70538312711 548.669802541687
1856000 189.268735504703 181.005733650121 178.797500215857 549.071969370682
1857000 189.302312206282 181.120501358709 178.883269847597 549.306083412588
1858000 189.425421590631 181.194082695038 179.066442006557 549.685946292225
1859000 189.470390896642 181.292557692602 179.034280186073 549.797228775317
1860000 189.593343934755 181.351957703992 179.254997635151 550.200299273899
1861000 189.710483270614 181.443447850212 179.321259409662 550.475190530488
1862000 189.813852028798 181.521259493696 179.355624909962 550.690736432456
1863000 189.919563432011 181.637852238981 179.490916125198 551.04833179619
1864000 190.056729616805 181.751653962961 179.603090533515 551.411474113282
1865000 190.157987512416 181.806585894492 179.723002311165 551.687575718074
1866000 190.251891431687 181.894153817676 179.81289376396 551.958939013324
1867000 190.37082019729 181.981652675192 179.907774592891 552.260247465373
1868000 190.524907172861 182.100891660883 180.043703679233 552.669502512977
1869000 190.581256387671 182.22671545225 180.184913630726 552.992885470647
1870000 190.72003389468 182.349006043006 180.290197909827 553.359237847514
1871000 190.862345793707 182.425088475195 180.407593700437 553.695027969339
1872000 190.975099512189 182.480677254134 180.474421568087 553.930198334411
1873000 191.028362444163 182.587507140715 180.599559018405 554.215428603282
1874000 191.102266924474 182.698057073624 180.67557987906 554.475903877158
1875000 191.157047670095 182.790155453752 180.735443556269 554.682646680116
1876000 191.216686984877 182.834812933282 180.854074848443 554.905574766602
1877000 191.361537429303 182.945816597172 180.908863714196 555.216217740671
1878000 191.400338758119 183.028659288746 180.965685936888 555.394683983753
1879000 191.498651730779 183.132714621498 181.069961460629 555.701327812906
1880000 191.616910890025 183.241951619807 181.081187705422 555.940050215254
1881000 191.675733831871 183.348534940537 181.222493918863 556.246762691271
1882000 191.774086320887 183.443987826145 181.299895100399 556.517969247431
1883000 191.836418630486 183.549925306461 181.352014226942 556.738358163889
1884000 191.901364312601 183.661376003881 181.466413878678 557.02915419516
1885000 192.026293954672 183.730995314291 181.52212044918 557.279409718143
1886000 192.159534705796 183.84502658819 181.596253652891 557.600814946877
1887000 192.250367076742 183.971552878127 181.706578898443 557.928498853311
1888000 192.314351138042 184.045552302453 181.822978000934 558.182881441429
1889000 192.421228869726 184.172013383537 181.945227082011 558.538469335275
1890000 192.443560368075 184.258737795653 182.051003910597 558.753302074324
1891000 192.484489464711 184.395986333972 182.138768666208 559.019244464892
1892000 192.6328947633 184.532920997443 182.242937450211 559.408753210954
1893000 192.755727515353 184.623701419472 182.349545029855 559.72897396468
1894000 192.813107806703 184.685439992106 182.481875046753 559.980422845562
1895000 192.921971460431 184.771053548503 182.54205590889 560.235080917824
1896000 192.959570310379 184.881841535897 182.645806272242 560.487218118519
1897000 193.111914088748 184.946310638959 182.684657648083 560.742882375789
1898000 193.161201271205 185.104432391187 182.830682709583 561.096316371976
1899000 193.261035315207 185.186804368746 182.992870549295 561.440710233248
1900000 193.376274382743 185.289202791194 183.096073156586 561.761550330523
1901000 193.532995616027 185.399754596537 183.150766226514 562.083516439078
1902000 193.561200630179 185.452154654659 183.205416021563 562.218771306401
1903000 193.639372916146 185.588633949398 183.29584549276 562.523852358304
1904000 193.743768268709 185.659133035724 183.361684698775 562.764586003208
1905000 193.89457265478 185.759078660406 183.497116454508 563.150767769694
1906000 194.042040681216 185.773299763952 183.557054102507 563.372394547675
1907000 194.146564539834 185.872007639882 183.640096172937 563.658668352653
1908000 194.186541287967 186.037894285507 183.698621011755 563.923056585229
1909000 194.320430275338 186.223372039864 183.788635065751 564.332437380952
1910000 194.478244909974 186.287621668165 183.861794350089 564.627660928228
1911000 194.536446276521 186.431376477359 183.97506414996 564.94288690384
1912000 194.681040237954 186.53187596056 184.022306598635 565.235222797149
1913000 194.698959091786 186.578172224338 184.16323172009 565.440363036214
1914000 194.784297124113 186.659215141142 184.238627216904 565.682139482159
1915000 194.902127282169 186.776845963723 184.300551704272 565.979524950164
1916000 195.024773610063 186.826560255846 184.335910221406 566.187244087315
1917000 195.143956998189 186.86796244963 184.418306036344 566.430225484162
1918000 195.304230750294 187.009483770528 184.555551558418 566.86926607924
1919000 195.43566775708 187.106555830871 184.602237818271 567.144461406222
1920000 195.552090717353 187.221278555908 184.715214940081 567.488584213342
1921000 195.677945439012 187.327054717185 184.726563361376 567.731563517572
1922000 195.704296748745 187.407994269274 184.784035879606 567.896326897625
1923000 195.875180422305 187.533265628467 184.887255698774 568.295701749546
1924000 195.988539431956 187.637665505765 184.977858818757 568.604063756479
1925000 196.10074063724 187.853550038238 185.047759825451 569.002050500929
1926000 196.137362738025 187.88662523148 185.171212233267 569.195200202772
1927000 196.255437380494 187.949942923933 185.286202639657 569.491582944083
1928000 196.330801229036 188.08633434404 185.363106151225 569.780241724301
1929000 196.400951064655 188.120479160431 185.456291787122 569.977722012209
1930000 196.526669779422 188.155143399426 185.525829837425 570.207643016273
1931000 196.607879008218 188.339938513318 185.613154886801 570.560972408337
1932000 196.741575790383 188.382437007005 185.744912077631 570.86892487502
1933000 196.888894333585 188.465524863397 185.797638529743 571.152057726725
1934000 196.964612924153 188.585326624397 185.838139773439 571.38807932199
1935000 197.082292557725 188.687721929617 185.936976373983 571.706990861326
1936000 197.213459767943 188.759422182165 186.071990308448 572.044872258556
1937000 197.261090674087 188.887557131529 186.099544419398 572.248192225014
1938000 197.357789481683 189.004688161219 186.235273289357 572.597750932259
1939000 197.489849132368 189.116412715235 186.384455361174 572.990717208777
1940000 197.581827364269 189.23062396949 186.450977879332 573.263429213091
1941000 197.604568344674 189.298773210797 186.539633341476 573.442974896946
1942000 197.691978113198 189.432630115013 186.577438967599 573.702047195809
1943000 197.866747740632 189.582125940962 186.705343707439 574.154217389032
1944000 197.965281697121 189.637984861439 186.810578733234 574.413845291794
1945000 198.104241240732 189.741644066392 186.899958132421 574.745843439545
1946000 198.192722021978 189.831369970141 186.963648381448 574.987740373567
1947000 198.287539883056 189.960918345676 187.065727885555 575.314186114287
1948000 198.412983507077 190.052443322831 187.145384869204 575.610811699112
1949000 198.509940621525 190.106144667762 187.228163441963 575.84424873125
1950000 198.643460955673 190.11930020225 187.331480001894 576.094241159817
1951000 198.682544457436 190.254260979993 187.414093086883 576.350898524312
1952000 198.799402670107 190.323693215615 187.523827514883 576.646923400606
1953000 198.916240578872 190.430525632362 187.604416965861 576.951183177094
1954000 199.026702309794 190.485725085868 187.703735723838 577.216163119501
1955000 199.171080936947 190.58412334306 187.79585850956 577.551062789567
1956000 199.265546715353 190.624781059427 187.901964221994 577.792291996773
1957000 199.3341223059 190.654736819805 187.990098334972 577.978957460677
1958000 199.433571191009 190.79070156414 188.102820535007 578.327093290155
1959000 199.584699040552 190.861709605566 188.111799513296 578.558208159414
1960000 199.60484229474 190.935524547346 188.239862484252 578.780229326338
1961000 199.71795583511 190.988761380431 188.315500379028 579.022217594569
1962000 199.836707420208 191.153071733938 188.460296568465 579.450075722612
1963000 199.938948100459 191.25425647154 188.49654073292 579.689745304919
1964000 200.03225650149 191.32862086376 188.614775632295 579.975652997545
1965000 200.160143895687 191.469420035713 188.700043546616 580.329607478016
1966000 200.267064188834 191.556052400057 188.750801548474 580.573918137365
1967000 200.335065278747 191.66496715562 188.940209842971 580.940242277338
1968000 200.439387452681 191.762204734899 188.995808479546 581.197400667126
1969000 200.489367619468 191.794914543153 189.035559668262 581.319841830883
1970000 200.571514973358 191.893694691586 189.137619937979 581.602829602923
1971000 200.685513281579 191.956047000191 189.242494948349 581.88405523012
1972000 200.724453010091 192.01557068117 189.3038777927 582.043901483962
1973000 200.816921352988 192.106070420468 189.405770467595 582.32876224105
1974000 200.96608713093 192.221113235603 189.506509914608 582.693710281141
1975000 201.09806708752 192.27799576151 189.596424145961 582.972486994991
1976000 201.110504781594 192.387697273837 189.754444580291 583.252646635722
1977000 201.268925223847 192.471207315136 189.847010454188 583.587142993171
1978000 201.406335590155 192.587065230188 190.041519105961 584.034919926303
1979000 201.4724655543 192.680748530854 190.160562435676 584.31377652083
1980000 201.602229237652 192.761781244504 190.210559827934 584.574570310091
1981000 201.742314005018 192.839844987575 190.325511048135 584.907670040728
1982000 201.829929561837 192.891506783515 190.408749189029 585.130185534381
1983000 201.918026507822 192.964572449935 190.543635457532 585.426234415289
1984000 201.93601384489 193.115831919606 190.673137881197 585.724983645694
1985000 202.061841153375 193.237351967529 190.804878324671 586.104071445576
1986000 202.160151896279 193.355749096387 190.934906824328 586.450807816994
1987000 202.201007873089 193.385572434772 191.045690574969 586.63227088283
1988000 202.244848439992 193.573796429727 191.151431220187 586.970076089906
1989000 202.339167284782 193.699786182214 191.206387715297 587.245341182293
1990000 202.446184624809 193.750601005345 191.309873059904 587.506658690059
1991000 202.532525221621 193.883248294785 191.423752506739 587.839526023144
1992000 202.655904129016 193.943692021119 191.560807137762 588.160403287897
1993000 202.732489952384 194.005576364254 191.647438347293 588.385504663931
1994000 202.763096315802 194.099880829937 191.766840670939 588.629817816679
1995000 202.896081544681 194.224585564821 191.863590439222 588.984257548724
1996000 202.948975803297 194.338650929691 191.921219273323 589.208846006311
1997000 203.071022610029 194.435187092863 192.059317500036 589.565527202928
1998000 203.183414567594 194.546140430453 192.122216956022 589.851771954069
1999000 203.314678573731 194.631843035794 192.244469452135 590.19099106166
2000000 203.44541231121 194.645068394179 192.268635981624 590.359116687014
2001000 203.521418462265 194.748214170291 192.413121138373 590.682753770929
2002000 203.69142402844 194.855439241179 192.476200673148 591.023063942766
2003000 203.726500478366 194.925546338867 192.526138109678 591.178184926911
2004000 203.816092137872 195.04717726353 192.671385620221 591.534655021624
2005000 203.983343464561 195.132508002413 192.738200417387 591.854051884361
2006000 204.096144746658 195.182590973189 192.840251440191 592.118987160038
2007000 204.055643189636 195.27889195468 192.928584186962 592.263119331277
2008000 204.165031901049 195.32466263122 193.035699929924 592.525394462193
2009000 204.214625180141 195.418938901736 193.150475038205 592.784039120082
2010000 204.319476012281 195.490689210852 193.303923428398 593.114088651532
2011000 204.41008332338 195.493859052274 193.45406382946 593.358006205115
2012000 204.523998383437 195.640642378935 193.533285025785 593.697925788157
2013000 204.636572670416 195.666311282402 193.546953648743 593.849837601561
2014000 204.730921187287 195.798823435283 193.585745485952 594.115490108522
2015000 204.793383145689 195.963864060977 193.798724663136 594.555971869801
2016000 204.9030145703 196.030188553391 193.861085270757 594.794288394448
2017000 205.00659833155 196.170483789954 193.968646576637 595.14572869814
2018000 205.12696246087 196.222632790702 194.072413390279 595.422008641851
2019000 205.200835228215 196.356181328861 194.155676578287 595.712693135363
2020000 205.288742439458 196.468152190149 194.238531298951 595.995425928558
2021000 205.416753694233 196.555189555812 194.327230437482 596.299173687527
2022000 205.567855113634 196.658519003562 194.470591333346 596.696965450542
2023000 205.616751443043 196.679123293647 194.570718309253 596.866593045943
2024000 205.724910598288 196.769831834691 194.645310799019 597.140053231998
2025000 205.838673276472 196.83581290913 194.772705676136 597.447191861737
2026000 205.865814880864 197.0230043954 194.947619690142 597.836438966406
2027000 206.054883222682 197.076356446426 195.014182414932 598.14542208404
2028000 206.11089804765 197.228190835202 195.052970153272 598.392059036124
2029000 206.249146656803 197.317514958638 195.123405113229 598.69006672867
2030000 206.348870381633 197.422521270496 195.222122677388 598.993514329518
2031000 206.424652961433 197.527216202329 195.348866117831 599.300735281593
2032000 206.474404727883 197.67001630425 195.381898055708 599.526319087842
2033000 206.525349661421 197.73779756646 195.504367994689 599.76751522257
2034000 206.625902204813 197.864778158961 195.628719555347 600.11939991912
2035000 206.723829745783 197.920313941757 195.668962242966 600.313105930506
2036000 206.771382589658 197.970542339476 195.716295502692 600.458220431826
2037000 206.889856372907 198.061688685238 195.798810439502 600.750355497646
2038000 207.026314606414 198.245348842525 195.915767664747 601.187431113686
2039000 207.101968854167 198.328449445745 196.053848857245 601.484267157157
2040000 207.230720247812 198.426620351001 196.103727897971 601.761068496784
2041000 207.338209746539 198.525186112501 196.17272787266 602.036123731699
2042000 207.379670803966 198.569106749914 196.371508280461 602.320285834341
2043000 207.476115171807 198.697090927049 196.492857838485 602.666063937341
2044000 207.513538432194 198.830700195425 196.609460168077 602.953698795695
2045000 207.652518389954 198.947078363156 196.650774018277 603.250370771387
2046000 207.763556279576 199.04860914988 196.713528179744 603.5256936092
2047000 207.865158952291 199.145263788824 196.903009335848 603.913432076963
2048000 208.017910475563 199.187335985939 197.006464869899 604.211711331402
2049000 208.163821575504 199.251016318 197.098809371527 604.51364726503
2050000 208.262069137307 199.359523440225 197.146731343877 604.768323921409
2051000 208.326773906959 199.41703449539 197.269018138178 605.012826540527
2052000 208.343250391936 199.538959374923 197.354190349843 605.236400116701
2053000 208.434036952536 199.645447507961 197.455756255898 605.535240716394
2054000 208.5246662737 199.684179042232 197.48506650105 605.693911816982
2055000 208.609158604183 199.861006316304 197.642473189111 606.112638109597
2056000 208.725498821 200.017443397987 197.787584181645 606.530526400632
2057000 208.867711150531 200.1100991575 197.915141544081 606.892951852112
2058000 208.924348581909 200.146720488055 198.036395450612 607.107464520576
2059000 209.054511772816 200.323681610426 198.090245468494 607.468438851736
2060000 209.187810489561 200.416000663879 198.160343198541 607.764154351981
2061000 209.253734542521 200.506317501639 198.236879875033 607.996931919192
2062000 209.355800606182 200.635289458279 198.36090116741 608.351991231871
2063000 209.432851068319 200.761235612879 198.434876224878 608.628962906077
2064000 209.563712617711 200.87616632896 198.569146776709 609.009025723381
2065000 209.586378148295 200.971632992974 198.650796925381 609.208808066649
2066000 209.711532306645 200.993588147235 198.779465599372 609.484586053252
2067000 209.827405643165 201.146664848914 198.830092787802 609.804163279881
2068000 209.899462406972 201.194807201958 198.939583199108 610.033852808038
2069000 210.031453699612 201.35578622629 199.020742953618 610.407982879519
2070000 210.112676201135 201.394372785584 199.101359553031 610.60840853975
2071000 210.331807051524 201.482888668666 199.177333747548 610.992029467739
2072000 210.306236624266 201.571822529899 199.312002970292 611.190062124457
2073000 210.442889642929 201.721253026789 199.369319095543 611.533461765261
2074000 210.522699986685 201.749001783606 199.461101761328 611.732803531618
2075000 210.619915247209 201.832657870217 199.484786045466 611.937359162892
2076000 210.700232226072 201.987503838661 199.585396454946 612.273132519679
2077000 210.840857431706 202.125168654867 199.69625734338 612.662283429953
2078000 210.950870886421 202.257881796495 199.824449658613 613.033202341529
2079000 211.090378761883 202.281698230088 199.921320493489 613.293397485461
2080000 211.163632687904 202.433889877902 200.059870215818 613.657392781624
2081000 211.310429291308 202.51388796514 200.0662965727 613.890613829148
2082000 211.399214106832 202.580974049942 200.183440502728 614.163628659502
2083000 211.465637860074 202.723713610165 200.260052764225 614.449404234464
2084000 211.543367910996 202.770663087298 200.399856179341 614.713887177635
2085000 211.681015076137 202.920941683636 200.489847452491 615.091804212265
2086000 211.838260366386 203.047096189909 200.584365841673 615.469722397968
2087000 211.895413814966 203.129084375702 200.63226093588 615.656759126548
2088000 211.938455934599 203.209599359693 200.783073046766 615.931128341058
2089000 212.020893494441 203.317388299494 200.818495538794 616.156777332729
2090000 212.127447942209 203.369864767392 200.883973606286 616.381286315888
2091000 212.178416153972 203.449860975306 201.065536379071 616.693813508349
2092000 212.290650348618 203.616626258734 201.116380047457 617.023656654809
2093000 212.404596691855 203.683848806826 201.216225533332 617.304671032013
2094000 212.568628972308 203.779409368051 201.281475016059 617.629513356418
2095000 212.624163083175 203.923503782683 201.372715710814 617.920382576672
2096000 212.681223016646 204.043922559248 201.480911219743 618.206056795636
2097000 212.761702136856 204.159746118189 201.557904141281 618.479352396327
2098000 212.935311634462 204.159356201487 201.652737616487 618.747405452437
2099000 212.984239010429 204.228871701711 201.661819127846 618.874929839986
2100000 213.148261804927 204.358131425496 201.750421772328 619.256815002751
2101000 213.253397982098 204.424222357514 201.836406122836 619.514026462448
2102000 213.399827992553 204.49109067524 201.942314677434 619.833233345227
2103000 213.445205118158 204.646862200261 201.993854640356 620.085921958775
2104000 213.564270733554 204.774380142843 202.063665605231 620.402316481628
2105000 213.624466244737 204.876944558113 202.164708371284 620.666119174134
2106000 213.687459008154 204.954182384793 202.253801823805 620.895443216752
2107000 213.804741426153 205.039712879171 202.361231293417 621.205685598742
2108000 213.868381572345 205.106580739904 202.435126709521 621.41008902177
2109000 213.953001500498 205.23054062854 202.50566394526 621.689206074298
2110000 214.012144207443 205.300375044913 202.509782527516 621.822301779871
2111000 214.154874657664 205.376300322218 202.626239288413 622.157414268295
2112000 214.259494068369 205.457609228514 202.729687246315 622.446790543199
2113000 214.330762603282 205.532824187372 202.782076912576 622.64566370323
2114000 214.451315674964 205.677958637202 202.932890369339 623.062164681505
2115000 214.472220400636 205.782546191036 203.009512305066 623.264278896738
2116000 214.658011312736 205.828537258737 203.158490693222 623.645039264695
2117000 214.717826364219 205.960582480282 203.235530619062 623.913939463564
2118000 214.906305965405 206.060349311036 203.322094085969 624.288749362409
2119000 214.937274664941 206.141222220946 203.454183695035 624.532680580922
2120000 215.020908122651 206.248325678816 203.546843151488 624.816076952955
2121000 215.127347428177 206.316181248088 203.664049411723 625.107578087988
2122000 215.232741848472 206.372843040643 203.725776182313 625.331361071428
2123000 215.250270094371 206.523210823137 203.812369523735 625.585850441243
2124000 215.405169031763 206.594931694789 203.888903422285 625.889004148837
2125000 215.430475968785 206.639911303867 203.963150475651 626.033537748303
2126000 215.542278668812 206.734043417234 204.063965122065 626.34028720811
2127000 215.606642828521 206.786691657039 204.064578625447 626.457913111007
2128000 215.742247018662 206.870982723066 204.158191461828 626.771421203556
2129000 215.819744966773 207.031860165364 204.298137762683 627.149742894819
2130000 215.88815301088 207.149315966464 204.376769398988 627.414238376332
2131000 216.021748661963 207.225079237877 204.418185336036 627.665013235876
2132000 216.068254010274 207.372110056971 204.541523379093 627.981887446339
2133000 216.180445178076 207.476958377688 204.608694887417 628.266098443181
2134000 216.27938641326 207.629748690728 204.647892489078 628.557027593066
2135000 216.312485282548 207.691782734487 204.755222176227 628.759490193263
2136000 216.431432200523 207.712775364249 204.864062405267 629.008269970039
2137000 216.590696995043 207.779652471761 204.958913976578 629.329263443382
2138000 216.719936561266 207.924602794087 205.025817348481 629.670356703833
2139000 216.851167176023 207.923350449844 205.12200359111 629.896521216976
2140000 216.974614007109 208.05861114578 205.183868213992 630.217093366882
2141000 217.104439861092 208.150992793849 205.262432740576 630.517865395517
2142000 217.052344827644 208.276974415 205.320204575502 630.649523818146
2143000 217.174897365682 208.350974393857 205.444049285806 630.969921045345
2144000 217.23192497206 208.468696194693 205.584962394186 631.285583560939
2145000 217.330527544604 208.618816996653 205.650795643404 631.600140184662
2146000 217.490966958837 208.659140883236 205.774041076488 631.924148918561
2147000 217.67015570891 208.713043508944 205.841216089029 632.224415306882
2148000 217.725597570002 208.832046860971 205.989297082888 632.546941513861
2149000 217.820804548105 208.972448092573 206.037463583744 632.830716224422
2150000 217.954590536165 209.023214588645 206.162970674917 633.140775799727
2151000 218.036593431034 209.146773367986 206.239378925783 633.422745724803
2152000 218.179379173346 209.272063041362 206.331796725788 633.783238940496
2153000 218.257763176404 209.356289455233 206.452594957023 634.066647588659
2154000 218.316505945632 209.493132012804 206.579065876053 634.388703834489
2155000 218.394018224596 209.597227500945 206.626265430821 634.617511156362
2156000 218.512331228776 209.666347103669 206.731724846083 634.910403178527
2157000 218.581639460214 209.74983942356 206.776529150776 635.10800803455
2158000 218.676949842104 209.860536866158 206.868397333389 635.405884041651
2159000 218.784202632465 209.954603142896 206.94691363836 635.685719413721
2160000 218.901649650053 210.076780958094 207.07851936521 636.056949973358
2161000 218.953678869473 210.114554439108 207.191695544992 636.259928853573
2162000 219.097248106407 210.244889625427 207.27847722749 636.620614959324
2163000 219.194391984879 210.325799900235 207.388541556005 636.908733441119
2164000 219.316033861653 210.405857734903 207.463964857253 637.185856453809
2165000 219.330407262848 210.569068971891 207.620245469761 637.5197217045
2166000 219.458290570111 210.592421616429 207.666289973744 637.717002160284
2167000 219.525951243762 210.719119599942 207.799538605026 638.04460944873
2168000 219.663114485981 210.811850648857 207.884608413934 638.359573548772
2169000 219.81320142453 210.926024358276 207.989617214358 638.728842997164
2170000 219.87438011717 211.042473148809 208.059238457942 638.976091723921
2171000 219.98944827698 211.167255516258 208.124443247564 639.281147040802
2172000 220.058105915299 211.249629557275 208.250871811818 639.558607284391
2173000 220.080536715267 211.368128680623 208.319740592807 639.768405988697
2174000 220.258205294064 211.441144688552 208.385621253775 640.084971236391
2175000 220.295833843158 211.499232187752 208.47068557324 640.265751604151
2176000 220.431256682485 211.664616273479 208.554601788873 640.650474744838
2177000 220.510753865871 211.743605009922 208.63954729319 640.893906168983
2178000 220.560888276574 211.865195847035 208.783464015397 641.209548139006
2179000 220.626120921857 211.967555701753 208.887394012094 641.481070635704
2180000 220.707854615285 212.058419507962 208.974890978084 641.741165101331
2181000 220.866732892828 212.122251282868 209.084563652475 642.073547828171
2182000 220.960894450366 212.232120663143 209.23438174579 642.427396859298
2183000 221.079373044614 212.263679122503 209.246750721374 642.589802888492
2184000 221.204104669115 212.404981833157 209.282530227163 642.891616729436
2185000 221.330315341924 212.518689794543 209.448997423925 643.298002560391
2186000 221.501018670087 212.551886525637 209.53748874636 643.590393942085
2187000 221.525969388385 212.694022256601 209.643472578334 643.86346422332
2188000 221.64762018954 212.832400623597 209.784580666854 644.26460147999
2189000 221.73459366406 212.923216799681 209.843113160569 644.50092362431
2190000 221.84647195622 212.917247170769 209.9551217958 644.718840922789
2191000 221.927838960043 213.074067817914 210.100344919696 645.102251697652
2192000 222.080521261153 213.092623761743 210.157128587142 645.330273610038
2193000 222.135458571964 213.259604092999 210.25602426426 645.651086929222
2194000 222.306878871154 213.332338912231 210.38863522133 646.027853004714
2195000 222.41054001712 213.399855276155 210.50134211896 646.311737412235
2196000 222.449913430663 213.514782289626 210.628784745251 646.59348046554
2197000 222.528971313335 213.562795689642 210.727392219132 646.81915922211
2198000 222.688617818088 213.642315668514 210.790905505727 647.121838992329
2199000 222.750756346812 213.764249082841 210.904806555125 647.419811984778
2200000 222.90867865431 213.857026699024 210.936196273485 647.70190162682
2201000 222.947432321526 213.896923795835 211.031611318904 647.875967436266
2202000 223.051931429393 213.987572963562 211.085396129959 648.124900522914
2203000 223.174014026382 214.094210533068 211.191583440244 648.459807999694
2204000 223.317938421975 214.267156720334 211.292406370642 648.877501512952
2205000 223.480572883843 214.337692647034 211.339188691153 649.157454222031
2206000 223.531216725516 214.421761989194 211.406055157619 649.35903387233
2207000 223.638205449188 214.556204763251 211.54033563343 649.734745845868
2208000 223.772277530856 214.679832102325 211.697013636651 650.149123269832
2209000 223.842102982999 214.760936614677 211.688621477712 650.291661075388
2210000 223.909678070564 214.807024090436 211.787900059215 650.504602220215
2211000 224.100770061401 214.859374087552 211.874212855096 650.83435700405
2212000 224.105370958967 214.992280822285 211.935095269951 651.032747051204
2213000 224.257774655526 215.132279708532 212.005998895539 651.396053259597
2214000 224.273808875012 215.203578980411 212.116644702421 651.594032557844
2215000 224.41266153493 215.339131443757 212.158421325197 651.910214303885
2216000 224.478369786294 215.383614674944 212.26222641287 652.124210874108
2217000 224.612435163339 215.474457074425 212.373532323905 652.460424561669
2218000 224.670419886912 215.556490526049 212.551347290298 652.778257703258
2219000 224.753974454166 215.62824057008 212.616984382632 652.999199406878
2220000 224.917939595975 215.647182584378 212.72945217325 653.294574353603
2221000 224.982728514435 215.755145128911 212.866131872392 653.604005515738
2222000 225.116194659594 215.934843462022 212.968356490573 654.019394612189
2223000 225.215781266639 215.973176061622 213.085939710568 654.274897038828
2224000 225.251229352967 216.126460959747 213.124168529217 654.501858841931
2225000 225.348263000772 216.241037860585 213.230131918626 654.819432779982
2226000 225.435069578008 216.310329609993 213.302007951548 655.047407139549
2227000 225.568949192335 216.363922446367 213.425054566204 655.357926204906
2228000 225.609395721368 216.509027718749 213.497932210442 655.616355650559
2229000 225.68481538722 216.641225091338 213.615185999779 655.941226478337
2230000 225.845781480176 216.688922356796 213.71423384608 656.248937683052
2231000 225.956617403727 216.835991226901 213.777887061442 656.570495692069
2232000 226.076094982586 216.995442251343 213.805929493457 656.877466727387
2233000 226.223241178905 216.984835412958 213.884927330769 657.093003922632
2234000 226.255165251289 217.103012830309 213.993909839716 657.352087921314
2235000 226.43046138794 217.188807551255 214.132852514421 657.752121453616
2236000 226.412990557785 217.325222723221 214.233277401933 657.971490682939
2237000 226.554839045837 217.36000159189 214.35362590197 658.268466539696
2238000 226.639264437375 217.423702145388 214.401338507262 658.464305090025
2239000 226.658883016743 217.456929429 214.499766443333 658.615578889076
2240000 226.88876257217 217.572544574946 214.607060510133 659.068367657249
2241000 226.977976596473 217.663862032648 214.72215275172 659.36399138084
2242000 227.05525952379 217.760973971516 214.781422488096 659.597655983402
2243000 227.098329067976 217.846144117791 214.838890340858 659.783363526626
2244000 227.155326639075 217.911125417623 215.023055927523 660.089507984221
2245000 227.234377416264 217.98707463562 215.044073623537 660.265525675421
2246000 227.423726932828 218.141671090154 215.157132374806 660.722530397788
2247000 227.471184183796 218.212630374858 215.25089974084 660.934714299493
2248000 227.484101093364 218.306367176207 215.404270790111 661.194739059682
2249000 227.592069784785 218.394061434324 215.459149985368 661.445281204477
2250000 227.696329864995 218.491344057653 215.570597364837 661.758271287484
2251000 227.786188398406 218.67116269143 215.578520394754 662.03587148459
2252000 227.896041859554 218.769835870668 215.700776761526 662.366654491749
2253000 227.910057134507 218.898197783756 215.754680222027 662.562935140289
2254000 228.07017955137 218.940793005334 215.858070627509 662.869043184213
2255000 228.08214395305 218.964771887979 215.973086408824 663.020002249852
2256000 228.221379567229 219.090801580416 216.092607906055 663.4047890537
2257000 228.258414084215 219.25342305927 216.151903969278 663.663741112763
2258000 228.342431802882 219.262489846131 216.285929148339 663.890850797352
2259000 228.513676310155 219.365674459927 216.43399900317 664.313349773253
2260000 228.579102833621 219.414123931498 216.497716235632 664.490943000751
2261000 228.687852193695 219.522001688376 216.625417247148 664.835271129219
2262000 228.800279556289 219.621612850628 216.784164293169 665.206056700086
2263000 228.91468251951 219.746973091704 216.888856013046 665.55051162426
2264000 228.932596051297 219.848795099113 216.961653238583 665.743044388993
2265000 229.082424517193 219.875834214722 217.052634688288 666.010893420203
2266000 229.207081470673 219.965840942378 217.152741471038 666.32566388409
2267000 229.256806917193 220.052843283384 217.262227178871 666.571877379448
2268000 229.437186576587 220.156689769636 217.338048016 666.931924362223
2269000 229.536068515397 220.240592006282 217.430794832832 667.207455354511
2270000 229.718622649115 220.327321218565 217.544533959341 667.590477827021
2271000 229.75099457681 220.477748712002 217.633720618053 667.862463906865
2272000 229.86756650763 220.627170521922 217.712144931334 668.206881960886
2273000 229.938178518328 220.596252991037 217.822461786787 668.356893296151
2274000 230.002490963273 220.691526606065 217.939226972098 668.633244541436
2275000 230.090943171976 220.852543685896 218.029062710023 668.972549567896
2276000 230.217799167272 220.929892320322 218.088813580776 669.23650506837
2277000 230.294594148713 220.974698613391 218.203178929314 669.472471691418
2278000 230.438596590697 221.081681629299 218.267654096688 669.787932316684
2279000 230.460863883142 221.161380940026 218.415748259243 670.037993082411
2280000 230.530773344843 221.325506577728 218.438680013652 670.294959936223
2281000 230.655937850115 221.440764088841 218.496002113574 670.592704052531
2282000 230.802371528439 221.512391468089 218.634179060169 670.948942056697
2283000 230.854253964698 221.647712515297 218.726781349861 671.228747829856
2284000 230.925110754329 221.723941925906 218.835718102329 671.484770782564
2285000 231.013327430096 221.880229451334 218.887985324469 671.781542205899
2286000 231.106693352136 222.00841226156 219.006761874341 672.121867488038
2287000 231.199610366624 222.109429314371 219.062673244785 672.37171292578
2288000 231.289948023734 222.190641690936 219.144477693482 672.625067408151
2289000 231.256626187856 222.300905650149 219.235262419792 672.792794257797
2290000 231.432529629139 222.41903057727 219.303761327846 673.155321534256
2291000 231.590548994521 222.477300786845 219.417818508652 673.485668290018
2292000 231.633869952541 222.575902815052 219.58524159179 673.795014359383
2293000 231.73351115038 222.628234352639 219.704605896551 674.066351399571
2294000 231.855847041194 222.709973011402 219.8408937195 674.406713772097
2295000 231.958596452836 222.839150379045 219.887683556159 674.68543038804
2296000 231.99016424344 223.002356683476 219.95996668487 674.952487611786
2297000 232.05527454737 223.058529942177 220.121615312895 675.235419802442
2298000 232.10899376685 223.19209670441 220.200343357618 675.501433828878
2299000 232.242960393519 223.277264513676 220.333290243234 675.853515150429
2300000 232.248430046185 223.35934473203 220.452583821655 676.060358599871
2301000 232.359434432048 223.496603363655 220.517886318848 676.373924114551
2302000 232.445321225812 223.491634506795 220.615416245725 676.552371978332
2303000 232.546372239867 223.647129662516 220.720787500056 676.914289402439
2304000 232.659788746427 223.72539084754 220.798033248425 677.183212842393
2305000 232.761240466168 223.814714889847 220.830707654026 677.406663010041
2306000 232.909927389171 223.877650300521 221.070844959454 677.858422649146
2307000 233.041462142124 223.972065383031 221.108497510439 678.122025035594
2308000 233.159782052234 224.062202914293 221.177704789826 678.399689756354
2309000 233.226677228417 224.193237901067 221.258914892698 678.678830022182
2310000 233.279017631744 224.221460841751 221.355082584221 678.855561057716
2311000 233.388639929716 224.309060218733 221.395831802458 679.093531950906
2312000 233.57507057806 224.404372456245 221.522040449341 679.501483483646
2313000 233.664920733659 224.530657007165 221.668151223984 679.863728964809
2314000 233.726381764295 224.639382120632 221.791596896932 680.157360781859
2315000 233.897076471622 224.646997248524 221.848785235657 680.392858955803
2316000 234.022638474853 224.683924902652 221.981579042763 680.688142420269
2317000 234.143361056906 224.764917983402 222.058705263375 680.966984303684
2318000 234.325733379066 224.938370117141 222.11670966522 681.380813161428
2319000 234.334652333465 225.031477535228 222.215755900479 681.581885769172
2320000 234.35871903226 225.127367175659 222.33763245425 681.823718662169
2321000 234.46535510043 225.280603105461 222.37477867517 682.120736881061
2322000 234.645647837027 225.404271283908 222.438527439864 682.488446560799
2323000 234.704059004113 225.415114314518 222.476383500932 682.595556819563
2324000 234.830412357511 225.548589543446 222.529510802095 682.908512703052
2325000 234.911763010241 225.633910473871 222.685518385026 683.231191869138
2326000 235.084396847058 225.707770074693 222.736744862658 683.528911784408
2327000 235.151577047619 225.839936648369 222.885091862942 683.87660555893
2328000 235.25996768977 226.000948329031 223.012674628691 684.273590647491
2329000 235.420805348714 226.082731269438 223.142892629723 684.646429247876
2330000 235.519635059827 226.186807726138 223.228921266996 684.935364052961
2331000 235.562922703454 226.279281259053 223.375928726555 685.218132689062
2332000 235.67079298824 226.326639881874 223.412403572859 685.409836442972
2333000 235.734243390859 226.352430331766 223.535569116051 685.622242838677
2334000 235.840277034674 226.370632108574 223.626121392919 685.837030536167
2335000 236.010361514279 226.441033950512 223.765708646754 686.217104111545
2336000 236.15397411583 226.534421592177 223.925392792275 686.613788500283
2337000 236.206279247569 226.640356204041 223.930558155118 686.777193606728
2338000 236.351510735079 226.765927128003 224.039352765059 687.156790628141
2339000 236.492944992632 226.864826033946 224.148227308917 687.505998335495
2340000 236.578124185265 227.011241646154 224.315637830592 687.905003662011
2341000 236.71009655335 227.103275397418 224.404035593565 688.217407544334
2342000 236.790259121175 227.182032827328 224.488217440761 688.460509389264
2343000 236.86451060972 227.331466836345 224.575728124398 688.771705570463
2344000 237.025380366626 227.490249136353 224.659279826626 689.174909329605
2345000 237.05153958494 227.532363911395 224.781541816522 689.365445312857
2346000 237.088103014645 227.65526023173 224.843573595235 689.58693684161
2347000 237.142681735735 227.666247297292 224.972338113935 689.781267146962
2348000 237.264894408746 227.750128899682 225.095844262008 690.110867570436
2349000 237.345971622035 227.850446032169 225.215314538308 690.411732192513
2350000 237.475469537683 227.861346193681 225.231322583209 690.568138314573
2351000 237.587112883024 227.971572551535 225.297113252612 690.855798687172
2352000 237.685195030613 228.026718747226 225.429764986127 691.141678763966
2353000 237.795177167516 228.142025163147 225.531798823684 691.469001154346
2354000 237.915332149576 228.23359059553 225.583661609759 691.732584354865
2355000 238.011149659952 228.292631521711 225.62470762228 691.928488803944
2356000 238.078589128612 228.369854184262 225.703518774462 692.151962087337
2357000 238.22194562664 228.433488383644 225.809580387945 692.465014398229
2358000 238.288986250656 228.494425494645 225.91155619403 692.694967939331
2359000 238.473831212732 228.591850807333 226.03841773218 693.104099752245
2360000 238.476521793157 228.651427111836 226.12756827762 693.255517182613
2361000 238.634884993314 228.706620119897 226.138594520326 693.480099633537
2362000 238.65936419991 228.773632151562 226.338953220906 693.771949572378
2363000 238.751636461422 228.890377217662 226.403334052399 694.045347731482
2364000 238.826926505382 228.988302680537 226.530663433134 694.345892619053
2365000 238.897021209275 229.093432204203 226.623875910848 694.614329324326
2366000 239.104963620875 229.225816429637 226.720901463005 695.051681513516
2367000 239.138302889516 229.350691119618 226.76737312228 695.256367131414
2368000 239.259392654847 229.415465219242 226.850461262281 695.52531913637
2369000 239.333293075963 229.536469932059 226.930823113333 695.800586121355
2370000 239.421066293758 229.613021886994 227.048894067312 696.082982248064
2371000 239.466176427226 229.69536104288 227.120915619234 696.282453089339
2372000 239.598911586718 229.832081611654 227.307149350999 696.738142549371
2373000 239.635230136159 229.840346859983 227.41915196674 696.894728962882
2374000 239.759804267122 230.022655041168 227.441791678571 697.224250986861
2375000 239.817518282534 230.067694945369 227.548769942086 697.433983169988
2376000 240.06234760002 230.159116161191 227.607033289388 697.828497050599
2377000 240.206670028237 230.207492814785 227.704781471405 698.118944314427
2378000 240.347656841301 230.348123569296 227.770048915342 698.465829325939
2379000 240.447858151556 230.388923111209 227.873716173061 698.710497435826
2380000 240.537813408411 230.437148957063 227.969582092423 698.944544457898
2381000 240.633923822435 230.568931244718 227.990658553678 699.193513620832
2382000 240.751862631977 230.676175858307 228.138122476369 699.566160966653
2383000 240.838305061408 230.805094782604 228.187013985473 699.830413829485
2384000 240.942585208781 230.888368085581 228.3418689332 700.172822227563
2385000 241.020140642875 230.922893745645 228.397336223337 700.340370611857
2386000 241.042275062099 231.016083010563 228.512119130185 700.570477202847
2387000 241.141587160967 231.124498966848 228.64708200101 700.913168128825
2388000 241.297682267517 231.189310379602 228.790702528465 701.277695175583
2389000 241.378860176993 231.280730466278 228.8908538494 701.550444492671
2390000 241.566952723633 231.313703465357 228.960950186599 701.84160637559
2391000 241.652939971393 231.452279238712 229.01472786331 702.119947073415
2392000 241.831995190239 231.531648715149 229.046355822291 702.409999727678
2393000 241.931835957904 231.638036164712 229.120636620315 702.690508742931
2394000 242.035144999457 231.69894113513 229.272514909262 703.006601043849
2395000 242.155789860497 231.754534424159 229.296607989436 703.206932274092
2396000 242.167224815335 231.891365691285 229.347336727904 703.405927234524
2397000 242.273935781885 231.970681553856 229.517292811994 703.761910147735
2398000 242.342834185967 232.060220151242 229.593711033938 703.996765371147
2399000 242.406913723418 232.189897998755 229.684845511773 704.281657233946
2400000 242.55951923761 232.362538325688 229.816045176795 704.738102740093
2401000 242.587200355836 232.482265256056 229.863282235738 704.93274784763
2402000 242.719955431528 232.512038540748 229.970577448677 705.202571420953
2403000 242.699355620905 232.683279417456 230.149314268736 705.531949307097
2404000 242.821410560056 232.707613235695 230.215077654108 705.74410144986
2405000 242.917250671395 232.835521788297 230.224016219253 705.976788678944
2406000 243.040236954178 232.952055291072 230.369682938475 706.361975183725
2407000 243.087881844086 233.096645634168 230.430370830713 706.614898308968
2408000 243.186001868632 233.068738382326 230.475852655454 706.730592906413
2409000 243.256455068362 233.262876507186 230.549615013078 707.068946588626
2410000 243.339229824386 233.298900037514 230.609151067762 707.247280929662
2411000 243.412997891867 233.394734527768 230.710865779682 707.518598199317
2412000 243.526994249743 233.481455251299 230.806925840086 707.815375341128
2413000 243.659633366899 233.564088105173 230.89277675098 708.116498223053
2414000 243.764579635766 233.617272729139 230.982806147945 708.364658512851
2415000 243.847176981318 233.728481364008 231.050713066172 708.626371411498
2416000 243.940999366087 233.904208603853 231.170010951486 709.015218921426
2417000 244.061502965667 233.848738271757 231.291109607948 709.201350845372
2418000 244.147858811901 234.005415749667 231.358144284472 709.51141884604
2419000 244.154247059493 234.125854742323 231.478479178182 709.758580979997
2420000 244.273558658727 234.231589150576 231.544744133134 710.049891942436
2421000 244.411788582981 234.331745538324 231.598082707346 710.341616828651
2422000 244.555573575195 234.410695032904 231.665889346499 710.632157954599
2423000 244.592617454644 234.478284162866 231.723585028469 710.794486645979
2424000 244.730305131323 234.625295135513 231.849421924558 711.205022191395
2425000 244.824397964676 234.739799202306 231.94738104522 711.511578212202
2426000 245.003327581505 234.782813804853 232.068239231772 711.85438061813
2427000 245.031385751941 234.869300113278 232.197462295921 712.09814816114
2428000 245.193429906819 234.939715287001 232.277546565685 712.410691759505
2429000 245.338249126092 235.056502204016 232.331843576072 712.726594906181
2430000 245.442026542074 235.119223258776 232.446536385916 713.007786186766
2431000 245.475604839355 235.236767721869 232.518580765905 713.230953327128
2432000 245.578357062274 235.271096705817 232.545465887747 713.394919655839
2433000 245.720509163098 235.407184610581 232.627249009313 713.754942782992
2434000 245.791137653767 235.496033746596 232.801383047556 714.088554447919
2435000 245.860561471536 235.585003895827 232.891736776191 714.337302143555
2436000 245.944724831566 235.741234525692 233.029280039287 714.715239396545
2437000 246.102578365778 235.888764156924 233.065638155312 715.056980678013
2438000 246.207609005269 235.941534645695 233.106369058695 715.255512709659
2439000 246.196846956593 235.953897445813 233.298993215736 715.449737618142
2440000 246.341300806255 236.114742430941 233.403380764034 715.859424001229
2441000 246.376102229245 236.247782946016 233.511523550397 716.135408725657
2442000 246.531450715607 236.349909761386 233.553385547822 716.434746024815
2443000 246.621471004505 236.40957823238 233.660141735493 716.691190972377
2444000 246.762976531732 236.535518471191 233.759958369744 717.058453372666
2445000 246.803087803138 236.525868484132 233.806673636943 717.135629924213
2446000 246.923209619819 236.62648168301 233.956848985468 717.506540288296
2447000 247.030298941994 236.677499479235 234.045736127387 717.753534548617
2448000 247.092186503726 236.724924049864 234.143905420313 717.961015973902
2449000 247.1769880481 236.829056453862 234.264826238777 718.270870740739
2450000 247.341113328243 236.930918079303 234.366611814056 718.638643221602
2451000 247.397584997369 236.971222313886 234.424423045966 718.793230357222
2452000 247.525508512949 237.09714029746 234.468595226624 719.091244037033
2453000 247.636373923061 237.163182568076 234.560553848149 719.360110339286
2454000 247.82788627325 237.317022399727 234.703600120973 719.848508793949
2455000 247.928659406989 237.365612513719 234.809079750562 720.103351671269
2456000 247.99510558743 237.492269989981 234.942606910004 720.429982487415
2457000 248.085910980303 237.61292805318 235.03068027863 720.729519312113
2458000 248.18117832816 237.656795485537 235.137482332166 720.975456145863
2459000 248.323664734733 237.772908603413 235.227131119372 721.323704457518
2460000 248.418168842286 237.876773159719 235.320926076544 721.615868078548
2461000 248.388474370356 237.936927631505 235.377049318152 721.702451320013
2462000 248.439272791924 238.026543840865 235.48063610676 721.946452739549
2463000 248.5817890268 238.114229018878 235.622857462113 722.31887550779
2464000 248.576406899497 238.23885420515 235.674501547794 722.48976265244
2465000 248.731839091812 238.344873308641 235.825000201831 722.901712602284
2466000 248.807484461849 238.392204808638 235.854582722001 723.054271992487
2467000 248.880555695003 238.452616882515 235.939878560505 723.273051138023
2468000 249.025167170151 238.558032208583 236.051111623977 723.634311002711
2469000 249.10831002263 238.687017719915 236.211648477802 724.006976220346
2470000 249.213766372196 238.82095606545 236.19260070481 724.227323142455
2471000 249.305279192602 238.927343670747 236.314653378223 724.547276241572
2472000 249.432410689902 239.036401893494 236.395241755344 724.86405433874
2473000 249.482312811241 239.106954855032 236.454111435328 725.043379101601
2474000 249.626471462506 239.253924135047 236.623945459637 725.50434105719
2475000 249.696389717388 239.372009445794 236.687384047411 725.755783210593
2476000 249.812252185333 239.467072631522 236.820792134446 726.1001169513
2477000 249.870783530324 239.648663274752 236.911851090538 726.431297895614
2478000 249.994513895491 239.700682711688 237.052676545414 726.747873152593
2479000 250.040530588654 239.761109175611 237.11395381226 726.915593576525
2480000 250.22442395663 239.997314106369 237.221731924905 727.443469987904
2481000 250.267231986422 240.062711982989 237.325864277065 727.655808246477
2482000 250.367099902877 240.154923873277 237.400865480889 727.922889257043
2483000 250.474922484523 240.238142722495 237.428038265284 728.141103472302
2484000 250.529496970224 240.326453403793 237.451301941692 728.30725231571
2485000 250.626715641785 240.429015297991 237.507309067628 728.563040007404
2486000 250.672161877382 240.437330968091 237.57319052802 728.682683373494
2487000 250.861287065023 240.556369344255 237.658774944078 729.076431353356
2488000 250.964097954701 240.585945607533 237.76837997611 729.318423538343
2489000 251.119254867352 240.687637222244 237.778809764933 729.585701854529
2490000 251.156553800724 240.814645648335 237.926762930122 729.897962379181
2491000 251.233735431023 240.920597040877 238.017291894171 730.171624366071
2492000 251.340818106402 240.994964252382 238.090511231725 730.42629359051
2493000 251.492614400924 241.085766126306 238.136863595901 730.715244123131
2494000 251.583194732444 241.17086946215 238.293770723949 731.047834918543
2495000 251.627053431668 241.236439799848 238.33242623304 731.195919464556
2496000 251.729510766264 241.340672703487 238.427861668858 731.498045138609
2497000 251.863520387735 241.422211730993 238.627325732632 731.913057851359
2498000 251.882354946809 241.578124489759 238.66845580995 732.128935246518
2499000 251.978439331056 241.640876324077 238.81659585565 732.435911510783
2500000 252.060157087568 241.699096998067 238.904617200569 732.663871286204
2501000 252.198923708845 241.742854939549 239.021817751632 732.963596400026
2502000 252.240508103282 241.871679515603 239.096545795684 733.208733414569
2503000 252.354074207596 241.912591508463 239.247819766758 733.514485482817
2504000 252.430514611502 241.971786852205 239.364574326296 733.766875790003
2505000 252.637962303597 242.112236990502 239.458302837541 734.20850213164
2506000 252.688049910301 242.210916208982 239.561291695814 734.460257815097
2507000 252.822718407023 242.294816401694 239.626433294242 734.743968102958
2508000 252.912667800734 242.347819994379 239.769489508648 735.029977303761
2509000 253.059429253959 242.405954882587 239.827067523489 735.292451660036
2510000 253.106421600614 242.505973515901 239.891959226297 735.504354342812
