# Fix print output for fix 2
10000 8.18969774468564e-33 2.0798010412554e-28 1.09195969929142e-32 2.07999213420278e-28
11000 0.306730819744117 0.301271891965118 0.307351224013108 0.915353935722342
12000 0.438980512728206 0.425266245341441 0.427722309988025 1.29196906805767
13000 0.558774144806844 0.547617551767492 0.54907380182355 1.65546549839789
14000 0.673479617827324 0.661693804543576 0.664803356065024 1.99997677843592
15000 0.791342132582586 0.766681143953522 0.774381945282799 2.33240522181891
16000 0.90164444496523 0.887383112573287 0.884150352142801 2.67317790968132
17000 1.01403115238067 0.989775395307038 0.990528230188183 2.99433477787589
18000 1.13831706181262 1.09974777319562 1.10497668437388 3.34304151938211
19000 1.25657108160992 1.21281723649436 1.21542914340249 3.68481746150677
20000 1.36765850472295 1.32136259973531 1.31727166577352 4.00629277023178
21000 1.4856435241841 1.43137117609678 1.42500283840835 4.34201753868923
22000 1.59530016207331 1.54503447618583 1.53428231324912 4.67461695150825
23000 1.70566826979637 1.65041745160343 1.63373256404348 4.98981828544328
24000 1.82440526305336 1.75631522584201 1.73229390645098 5.31301439534635
25000 1.92773017623899 1.85608532721897 1.82755624372005 5.61137174717801
26000 2.03096023824739 1.95013759723941 1.92982252206562 5.91092035755243
27000 2.15205734948367 2.05663982335593 2.03377553141298 6.24247270425258
28000 2.26163471754202 2.15757506371331 2.13787262201621 6.55708240327155
29000 2.36377379749976 2.2695912285522 2.22702056726248 6.86038559331444
30000 2.4778083931862 2.36864932874918 2.33703403045203 7.18349175238741
31000 2.58256187095319 2.4749617943673 2.44095196579809 7.49847563111858
32000 2.69849028058152 2.58460516769546 2.55548313706914 7.83857858534611
33000 2.80943654101725 2.68762205506025 2.64947643389694 8.14653502997444
34000 2.92012881805598 2.8038632785667 2.7586162395254 8.48260833614808
35000 3.0219094325978 2.90841237940611 2.8663686113963 8.79669042340022
36000 3.13267794715352 3.02841227292952 2.97855886969611 9.13964908977916
37000 3.242297417783 3.12808608049252 3.07596737624284 9.44635087451836
38000 3.34189295197806 3.23026521501582 3.18644083004617 9.75859899704005
39000 3.45348854364703 3.32497774681712 3.28297057001662 10.0614368604808
40000 3.55557988919648 3.43278687062247 3.37547645788934 10.3638432177083
41000 3.66693268372103 3.55623292001592 3.48185618907784 10.7050217928148
42000 3.78739151379318 3.65939940633092 3.59081625085393 11.037607170978
43000 3.88519138267263 3.77054198686929 3.6758895777781 11.33162294732
44000 3.98303929593614 3.86887980431416 3.78481760072109 11.6367367009714
45000 4.07954212900398 3.9671922464757 3.86776311152079 11.9144974870005
46000 4.18043487931551 4.06916310544027 3.9778607845415 12.2274587692973
47000 4.29623122619454 4.18241936763243 4.08934189940804 12.567992493235
48000 4.39705233614712 4.28132115934075 4.18397860708492 12.8623521025728
49000 4.49111831861255 4.37068293086889 4.26862552218908 13.1304267716705
50000 4.60476453734565 4.48761145704009 4.38582738791282 13.4782033822986
51000 4.72206097800903 4.57677060649321 4.47636535428326 13.7751969387855
52000 4.82837749379174 4.68997401573076 4.56971222100221 14.0880637305247
53000 4.92832778693454 4.78257620828864 4.66541686919128 14.3763208644145
54000 5.04444222103756 4.89824819411969 4.76459477689281 14.7072851920501
55000 5.14597391647865 4.99100368063315 4.88734792111472 15.0243255182265
56000 5.25492758927219 5.09396334449167 4.98030064754533 15.3291915813092
57000 5.36328089954697 5.18878801034926 5.08174611415227 15.6338150240485
58000 5.48102331200705 5.30177991835503 5.18865329426811 15.9714565246302
59000 5.59076876816304 5.40588403248986 5.28137291886827 16.2780257195212
60000 5.68104499927885 5.49511734060293 5.36372416657054 16.5398865064523
61000 5.78215938594668 5.59169044975538 5.4500530106174 16.8239028463195
62000 5.88272420720669 5.70685876354168 5.55583367538428 17.1454166461326
63000 5.98483584127788 5.80259322412687 5.6470471991362 17.434476264541
64000 6.06275655634136 5.90587899426138 5.7380378853992 17.7066734360019
65000 6.15948257480045 6.00259473457035 5.83747473815495 17.9995520475257
66000 6.26821818317557 6.09874752656308 5.93477985711212 18.3017455668508
67000 6.37810108360335 6.18773416005076 6.04644439291606 18.6122796365702
68000 6.46875058994093 6.27809786761953 6.145260560877 18.8921090184375
69000 6.55653725372279 6.38919601530524 6.21486311297556 19.1605963820036
70000 6.65226150604627 6.47954097500412 6.31823235922344 19.4500348402738
71000 6.76421975640236 6.59334868420603 6.42737255747994 19.7849409980883
72000 6.84913865249078 6.68240621610244 6.5024735428314 20.0340184114246
73000 6.96169273154578 6.7711004113268 6.59230592484665 20.3250990677192
74000 7.07571025456565 6.87791683219818 6.68436437079514 20.637991457559
75000 7.17897267127565 6.99461041962931 6.78151467149273 20.9550977623977
76000 7.25405580087923 7.09529039723702 6.8816553578143 21.2310015559306
77000 7.36406537387882 7.19120329598825 6.98344219830401 21.5387108681711
78000 7.45709566250056 7.28223617820709 7.0889402437897 21.8282720844973
79000 7.56679365299279 7.3864726969904 7.19136557321628 22.1446319231995
80000 7.66879295416745 7.51228332044542 7.28361190837606 22.4646881829889
81000 7.76958298281987 7.61131280249756 7.38494145918806 22.7658372445055
82000 7.89010709084147 7.72076729185936 7.47478538191621 23.085659764617
83000 7.98485042767019 7.82867223528953 7.59642686075787 23.4099495237176
84000 8.08047043268759 7.9236130603082 7.68624603674431 23.6903295297401
85000 8.17460833552397 8.02589246185322 7.77084350071492 23.9713442980921
86000 8.27335481523748 8.12759659916677 7.86829630758368 24.2692477219879
87000 8.36871572573845 8.22922825628421 7.97066025860797 24.5686042406306
88000 8.47245815686852 8.32221135715372 8.05512688055338 24.8497963945756
89000 8.57118843079787 8.42645106730476 8.14778904463654 25.1454285427392
90000 8.65745064472769 8.52155855592745 8.24158964836324 25.4205988490184
91000 8.75712094274132 8.59603320918479 8.34200332446529 25.6951574763914
92000 8.86027481454095 8.68945279569689 8.44262268142286 25.9923502916607
93000 8.95844404972278 8.77368955587662 8.53398791731645 26.2661215229158
94000 9.06933750681985 8.87789080811298 8.62509694763045 26.5723252625633
95000 9.15703456973008 8.96204545716397 8.71386007592148 26.8329401028155
96000 9.25286518431587 9.05145139440647 8.81861748727015 27.1229340659925
97000 9.35662216612701 9.14468790442195 8.91673939924451 27.4180494697935
98000 9.46570221421133 9.26476546162355 9.01654539718132 27.7470130730162
99000 9.56394894326827 9.38517962940337 9.12743640110736 28.076564973779
100000 9.67465287917971 9.46287769695143 9.21486618847457 28.3523967646057
101000 9.77178349794829 9.55860995490263 9.3198770368738 28.6502704897247
102000 9.86757823228332 9.64746695757133 9.40902826324753 28.9240734531022
103000 9.95039647080694 9.73840266909387 9.50818647090897 29.1969856108098
104000 10.0641320156409 9.84437114293591 9.60557183798372 29.5140749965606
105000 10.1729283555847 9.94553599517852 9.68399757316143 29.8024619239247
106000 10.2594776057556 10.055867476214 9.7944304967647 30.1097755787343
107000 10.3773115971239 10.132193867257 9.8848415161113 30.3943469804922
108000 10.4748219405415 10.2203123644532 9.96786998502669 30.6630042900214
109000 10.5721605575743 10.3145855390968 10.0654063428857 30.9521524395568
110000 10.6784150679106 10.4297504056532 10.1479128225463 31.2560782961101
111000 10.7528748916204 10.5324527304327 10.2423328952381 31.5276605172913
112000 10.858511928365 10.6148035969547 10.3297131657365 31.8030286910562
113000 10.9350970385889 10.7171826709418 10.4009341611014 32.0532138706321
114000 11.0478602261778 10.8131268748205 10.4844483929773 32.3454354939755
115000 11.1268636536104 10.9104991776309 10.5696467824486 32.60700961369
116000 11.2425845977965 11.0059546086209 10.659956016955 32.9084952233724
117000 11.3298082789568 11.1005785588967 10.7462170818218 33.1766039196753
118000 11.4236627500766 11.1852507403107 10.8241989395085 33.4331124298958
119000 11.5113858613393 11.2946760531704 10.9186601229845 33.7247220374942
120000 11.6115781865946 11.3604081919827 10.9943093938512 33.9662957724285
121000 11.7104231299306 11.4592759820448 11.0913989469003 34.2610980588757
122000 11.8199190357565 11.5598582912616 11.1917396364751 34.5715169634932
123000 11.9267479817837 11.6664183658475 11.2983085609419 34.8914749085732
124000 12.0161000081992 11.7550467960094 11.3775929113862 35.1487397155948
125000 12.1252712613483 11.8369233436836 11.4630354980846 35.4252301031165
126000 12.2224474585836 11.9088772040783 11.549431935145 35.6807565978069
127000 12.3260568897881 12.0160124628813 11.6346518569215 35.9767212095909
128000 12.425714551025 12.1133525714994 11.7333500465104 36.2724171690348
129000 12.5241443283981 12.1985621778694 11.8208206561844 36.5435271624519
130000 12.6203953964754 12.2856591732959 11.9353882748039 36.8414428445752
131000 12.7330360978983 12.3845962058594 12.0306804024301 37.1483127061878
132000 12.8174630475118 12.466770815214 12.1343589636316 37.4185928263574
133000 12.9087771454443 12.5524388226936 12.2363410088669 37.6975569770048
134000 13.0232729472736 12.653492106639 12.3150195108818 37.9917845647944
135000 13.1237083323255 12.733570158362 12.4130828891314 38.2703613798189
136000 13.2078554160044 12.8285338439722 12.5047950092276 38.5411842692041
137000 13.3075919866773 12.9285081997481 12.583140771201 38.8192409576264
138000 13.4076450953258 13.0107491732178 12.690467627636 39.1088618961795
139000 13.5181714056781 13.0989786683963 12.7602893784798 39.3774394525542
140000 13.6028785217307 13.2032697836955 12.8599560572767 39.6661043627029
141000 13.7056204709919 13.3098630404067 12.9681701542016 39.9836536656002
142000 13.8049472037203 13.3815552137838 13.0654972044115 40.2519996219157
143000 13.9054473159762 13.4737988221489 13.1425347020494 40.5217808401746
144000 13.9899794967439 13.5434373209281 13.2268740393164 40.7602908569885
145000 14.0928966431209 13.6290471482711 13.3039113711862 41.0258551625781
146000 14.1789115371792 13.7337760253345 13.3983908616154 41.311078424129
147000 14.2878940401992 13.8156923669601 13.4952055193322 41.5987919264915
148000 14.3992961530545 13.9291366360085 13.5951567655106 41.9235895545735
149000 14.485874846173 13.9973849289227 13.6686602544275 42.1519200295231
150000 14.6047490421056 14.1113107496918 13.771338751778 42.4873985435754
151000 14.6919546611727 14.2187940598415 13.8814636701039 42.7922123911181
152000 14.7968528624334 14.3140803421384 13.9661459577301 43.0770791623019
153000 14.9054773086715 14.4036428059603 14.0599916352968 43.3691117499286
154000 15.0076785707963 14.5077371081377 14.1511432263092 43.6665589052432
155000 15.0947450486233 14.6037002503868 14.2491917727639 43.947637071774
156000 15.1722705605841 14.7376381153699 14.3370529559078 44.2469616318618
157000 15.2832539840525 14.8190948762108 14.4277846075575 44.5301334678208
158000 15.3755915717408 14.8836866002703 14.516795263612 44.7760734356231
159000 15.4600063000071 14.9650764436803 14.6042021647861 45.0292849084735
160000 15.5709308982836 15.0542699682017 14.7005894084136 45.325790274899
161000 15.6523982349461 15.1472511226338 14.7948976736749 45.5945470312548
162000 15.7468286741692 15.2391479097355 14.890129631906 45.8761062158107
163000 15.8445974604201 15.3227514933138 14.9743291079658 46.1416780616998
164000 15.9462420293683 15.4206199736778 15.0663514088308 46.433213411877
165000 16.0421782132044 15.5075797080292 15.1642959746702 46.7140538959039
166000 16.132578430537 15.5716249149526 15.2551732328873 46.9593765783769
167000 16.2325895490202 15.6790287887058 15.3319284511391 47.2435467888652
168000 16.328317072918 15.793059973975 15.4373968833306 47.5587739302236
169000 16.4071919151645 15.8723083646543 15.5292280760565 47.8087283558753
170000 16.5061799585758 15.9768645782528 15.6306557688163 48.1137003056448
171000 16.590274181526 16.0507520599084 15.7325174836165 48.3735437250509
172000 16.6839090677017 16.1516962127353 15.8032207279805 48.6388260084175
173000 16.7697390506298 16.2242377146441 15.9019049956209 48.8958817608948
174000 16.8667390253813 16.3132449284126 15.978747184985 49.1587311387789
175000 16.9559389394894 16.4082655493964 16.0880613178801 49.4522658067659
176000 17.0570624679333 16.5094313725736 16.1737617977826 49.7402556382895
177000 17.1521620149905 16.5940880133665 16.2760494607947 50.0222994891518
178000 17.2434099634438 16.672705168013 16.352939188421 50.2690543198777
179000 17.3407539800738 16.7732031019399 16.443370215687 50.5573272977007
180000 17.4369700348587 16.8651977354343 16.5517149002283 50.8538826705212
181000 17.5574623177784 16.9578208676951 16.6461590215683 51.1614422070417
182000 17.6469667888769 17.0397427841951 16.7233943062915 51.4101038793635
183000 17.7223104491565 17.15832767728 16.8185500564827 51.6991881829191
184000 17.8366403350466 17.2386107739065 16.9302295019785 52.0054806109316
185000 17.9051389976984 17.3177088427703 17.0096084612431 52.2324563017118
186000 18.0192940500811 17.4410881940429 17.0975915713485 52.5579738154725
187000 18.1024900981499 17.5228874661106 17.18118464096 52.8065622052204
188000 18.2179976627285 17.6015137967489 17.255048620894 53.0745600803714
189000 18.3097356465756 17.7131210130548 17.3660483932496 53.38890505288
190000 18.4096357842814 17.8005531160264 17.4775173367722 53.68770623708
191000 18.4912620456857 17.8819160921719 17.562294085349 53.9354722232065
192000 18.5667438376904 17.9820809564557 17.6376641240946 54.1864889182407
193000 18.6785960092835 18.0754759385424 17.7449204157871 54.498992363613
194000 18.7742505112695 18.1742663839799 17.8326346169665 54.7811515122159
195000 18.8957410879414 18.2614917396649 17.9247403476535 55.0819731752598
196000 18.9944129261071 18.3240760684312 18.0138719254028 55.332360919941
197000 19.0895096770445 18.4263766750235 18.1012828757679 55.6171692278359
198000 19.1822851408592 18.522019139562 18.1776096275234 55.8819139079446
199000 19.2856349033871 18.5993001494747 18.2635355932594 56.1484706461212
200000 19.355227987406 18.7174818819701 18.3320243269833 56.4047341963594
201000 19.4598407548203 18.8200817483179 18.413040225519 56.6929627286572
202000 19.5645184109147 18.9075799101116 18.5152464898561 56.9873448108824
203000 19.685212144302 19.0159227222728 18.5935986192187 57.2947334857935
204000 19.7772805263155 19.1116402176255 18.7013126019718 57.5902333459128
205000 19.8875172855224 19.2028236830038 18.8143092584453 57.9046502269715
206000 19.9676269874288 19.3031405698796 18.9181895437799 58.1889571010883
207000 20.0609580578714 19.3564977329445 18.9813074360786 58.3987632268945
208000 20.1534687377053 19.4577178744294 19.0848875668238 58.6960741789585
209000 20.247110340682 19.54478641759 19.1967764063228 58.9886731645948
210000 20.3334034753481 19.6206339299135 19.277185131839 59.2312225371007
211000 20.4401303812585 19.7176876659761 19.3541777318999 59.5119957791345
212000 20.5136971412453 19.7880924650005 19.4362847066551 59.738074312901
213000 20.622482764984 19.9009388628993 19.5553144500472 60.0787360779306
214000 20.725600152169 19.9982485345209 19.6196030825047 60.3434517691945
215000 20.824748553994 20.0835198924564 19.7132477479291 60.6215161943795
216000 20.9335143308728 20.1831262223568 19.8007660723646 60.9174066255942
217000 21.0116589691658 20.2690718844446 19.8886266214654 61.1693574750758
218000 21.1079117236787 20.3917733906663 19.9714911376979 61.471176252043
219000 21.191250143207 20.4859237764556 20.0695814028898 61.7467553225524
220000 21.2913707650643 20.5782189460124 20.1418211908992 62.0114109019759
221000 21.3973267517627 20.6445042693543 20.2330587028342 62.2748897239512
222000 21.4911075731383 20.7427344758695 20.3275966258901 62.561438674898
223000 21.5902695969478 20.833812780545 20.4298026085151 62.8538849860079
224000 21.7003877600674 20.9202765400772 20.54776061965 63.1684249197946
225000 21.7948144999322 20.987090697309 20.6153987037486 63.3973039009898
226000 21.9017463314169 21.0847839416145 20.693592637936 63.6801229109673
227000 21.9911684660007 21.1658052316633 20.7904283387617 63.9474020364256
228000 22.0810446036348 21.2437682349659 20.8814167282164 64.2062295668171
229000 22.1878060143316 21.3468131266784 20.9700629910782 64.5046821320883
230000 22.2826848449017 21.4411638933557 21.0524831843214 64.7763319225789
231000 22.3617539466607 21.5396044933078 21.1271958508123 65.0285542907808
232000 22.4428643387631 21.6395060482482 21.2285108466925 65.3108812337038
233000 22.5479248142839 21.718130885684 21.2825490691624 65.5486047691303
234000 22.6368269709221 21.8212918709121 21.3749235023684 65.8330423442026
235000 22.7231904134241 21.913216620351 21.4691872111604 66.1055942449355
236000 22.8500496760291 21.9901131406865 21.5619069564833 66.402069773199
237000 22.9674963349977 22.046992772781 21.6556629782955 66.6701520860742
238000 23.0489577953802 22.1269775241374 21.7411692316624 66.9171045511799
239000 23.1369092322519 22.2253885006258 21.8327264691529 67.1950242020306
240000 23.225652166543 22.3379005886588 21.9197676843712 67.4833204395729
241000 23.3524796024034 22.4239519249298 22.0048677178082 67.7812992451414
242000 23.4412982933606 22.4913163561085 22.0950334089431 68.0276480584122
243000 23.5154786639865 22.6070732878913 22.1618634284643 68.2844153803421
244000 23.5987577210773 22.6767530684389 22.2467997156838 68.5223105052
245000 23.6817041695603 22.7762013777973 22.3625678535526 68.8204734009102
246000 23.7713808382257 22.8550477546846 22.4561448714335 69.0825734643438
247000 23.8750574696467 22.9570591641232 22.5449884505764 69.3771050843462
248000 23.9761792344051 23.0453269239257 22.6491531628023 69.6706593211331
249000 24.0918834778243 23.1317154850767 22.7109634674814 69.9345624303825
250000 24.1687355613303 23.2101885861662 22.8154177619915 70.1943419094879
251000 24.2330012261794 23.2955293462135 22.8893253355259 70.4178559079187
252000 24.3387868956475 23.3693925938398 22.962035582851 70.6702150723383
253000 24.3951193150703 23.4909930909155 23.0715683466262 70.957680752612
254000 24.5026383422393 23.5554290415359 23.1413755958881 71.1994429796634
255000 24.5869565493485 23.6680697513058 23.2300194725192 71.4850457731735
256000 24.6914749493766 23.7713795951534 23.3014514538857 71.7643059984156
257000 24.7791734842048 23.872706808765 23.393650991882 72.0455312848518
258000 24.8582199370137 23.9404857937241 23.4619438727986 72.2606496035364
259000 24.9093676586357 24.0211486464393 23.5557987536141 72.4863150586891
260000 25.0395040341827 24.1090326105426 23.641836226199 72.7903728709242
261000 25.1247066263493 24.2031743379991 23.7276120125964 73.0554929769447
262000 25.2049386497179 24.2875672817263 23.8491732946526 73.3416792260968
263000 25.2705347738104 24.3449287992126 23.9320096650236 73.5474732380466
264000 25.3768461964014 24.4545752204501 24.0094400398991 73.8408614567506
265000 25.4564376249631 24.5642274744084 24.1030710481075 74.123736147479
266000 25.5751220272201 24.6401157623778 24.1975780635163 74.4128158531143
267000 25.6705384385452 24.7383537168588 24.3007302936024 74.7096224490064
268000 25.749943402903 24.8372560041114 24.3764742601546 74.9636736671689
269000 25.8715199716814 24.9074980908848 24.4702281970611 75.2492462596274
270000 25.969731690159 25.0096674347801 24.551258258963 75.5306573839022
271000 26.0720448779883 25.0655805568778 24.6231868385963 75.7608122734625
272000 26.2036650178179 25.1470929644655 24.7460434050389 76.0968013873222
273000 26.2904221163498 25.2476533564693 24.8102710649648 76.348346537784
274000 26.3861833968449 25.3377949192601 24.9068208425764 76.6307991586814
275000 26.4701294128499 25.4303772603438 24.987095684016 76.8876023572097
276000 26.6190822668893 25.526227913436 25.0703538712913 77.2156640516166
277000 26.7054117499286 25.6099737490678 25.1575661801783 77.4729516791747
278000 26.8108017325017 25.6753543781341 25.2455819846572 77.7317380952931
279000 26.9219796527764 25.7908010873114 25.3400060682571 78.0527868083449
280000 27.0160977996965 25.8805308977573 25.4321198979509 78.3287485954046
281000 27.1253221998602 25.9889811650973 25.5528406719034 78.6671440368609
282000 27.2155418654999 26.042736375668 25.6603439465242 78.918622187692
283000 27.298216807605 26.1204295631515 25.7632093147549 79.1818556855114
284000 27.3725448281349 26.2220010370161 25.8469222492553 79.4414681144063
285000 27.4725741219975 26.3099506307907 25.9556698590344 79.7381946118226
286000 27.5832292506198 26.414639053037 26.0300959493302 80.027964252987
287000 27.6718002540365 26.4867141856121 26.1107663952074 80.2692808348561
288000 27.7691726977169 26.5810893419357 26.2200581410776 80.5703201807301
289000 27.8896798943387 26.6611925221558 26.2888464899968 80.8397189064913
290000 27.9826108574086 26.7522072175367 26.3870923203037 81.1219103952491
291000 28.0706602366304 26.8275586545756 26.4525448251684 81.3507637163745
292000 28.1670216282143 26.9080671621597 26.5897497550437 81.6648385454178
293000 28.2544480794093 26.9839254953225 26.7041909783298 81.9425645530616
294000 28.3630873970228 27.0711763648336 26.7565432876249 82.1908070494814
295000 28.4431235125347 27.1728512719326 26.8736539222937 82.489628706761
296000 28.566245879446 27.2652451556387 26.9569686353529 82.7884596704376
297000 28.61959593792 27.3628365091483 27.0530972357141 83.0355296827824
298000 28.727355967834 27.4381442202507 27.1447289376845 83.3102291257692
299000 28.8142817130958 27.5187509671214 27.245829616264 83.5788622964812
300000 28.87504415877 27.6273437150639 27.3109137959445 83.8133016697784
301000 28.9311656479808 27.7197358558058 27.3930224733553 84.0439239771419
302000 29.0606112056333 27.8141821713573 27.5042360935654 84.379029470556
303000 29.1768975736656 27.8873609293814 27.5843325710176 84.6485910740646
304000 29.2679085209168 27.9976800151699 27.662197261491 84.9277857975778
305000 29.3911890610928 28.0985596145563 27.7368090558405 85.2265577314895
306000 29.4877689094177 28.1739848073833 27.8393519684203 85.5011056852212
307000 29.5900880207155 28.2580836225679 27.9366459640861 85.7848176073696
308000 29.6569791091968 28.3570524242285 28.0227397257405 86.0367712591658
309000 29.7741691993633 28.4306595083827 28.1151019481537 86.3199306558997
310000 29.8929055873515 28.5124000480179 28.2084426700334 86.6137483054028
311000 29.9798655449768 28.6081038440524 28.2820647094548 86.870034098484
312000 30.1039688822178 28.6991208384469 28.3528574014537 87.1559471221184
313000 30.1872237350185 28.792487935477 28.4097249302821 87.3894366007776
314000 30.261611869653 28.8701971711772 28.4877838683824 87.6195929092126
315000 30.3484519373556 28.9341716058295 28.5662185352799 87.848842078465
316000 30.4368028159068 29.0031253412599 28.6263935065604 88.0663216637271
317000 30.5343183175338 29.1230476872599 28.7409032725905 88.3982692773843
318000 30.6206697387427 29.1942467669064 28.8251468278417 88.6400633334908
319000 30.7247436034845 29.2898861544399 28.920039832035 88.9346695899594
320000 30.824745362742 29.3689524950315 28.9933311655993 89.1870290233727
321000 30.8954909605688 29.4380226698316 29.0789722462588 89.4124858766591
322000 30.9573377492198 29.5301350273533 29.168708703201 89.6561814797741
323000 31.0457478951155 29.6149119274411 29.2372937741021 89.8979535966588
324000 31.1187894309782 29.6875310405175 29.3431448464146 90.1494653179104
325000 31.2182942630301 29.7682352246768 29.4184371676133 90.4049666553203
326000 31.2901456190995 29.8782218605585 29.5151184974559 90.6834859771139
327000 31.4080991021567 29.9390903930011 29.6117697808435 90.9589592760013
328000 31.5201009893448 30.0215637894393 29.7087435320654 91.2504083108495
329000 31.5900797905438 30.0906484716039 29.7833390697038 91.4640673318515
330000 31.6516292517822 30.1748881948972 29.8569636510873 91.6834810977667
331000 31.7435837322809 30.2524823684904 29.936506679998 91.9325727807694
332000 31.8584436470926 30.3387497397058 30.0174754694439 92.2146688562423
333000 31.9487943381409 30.4336175567602 30.1110672933413 92.4934791882424
334000 32.04324667149 30.5122219127452 30.2037748147642 92.7592433989995
335000 32.1126380666558 30.5771763758322 30.2740801997434 92.9638946422314
336000 32.2022288581007 30.6508547158706 30.3597230672105 93.2128066411818
337000 32.2923177731081 30.7604662860102 30.4569806596957 93.509764718814
338000 32.3909044960594 30.8230817478026 30.5531929561651 93.7671792000272
339000 32.491353364365 30.9192217236369 30.6278567814953 94.0384318694972
340000 32.5934447231116 31.0220404541805 30.7218967482643 94.3373819255564
341000 32.7042257215313 31.144547690244 30.8249685904245 94.6737420021999
342000 32.7811092010896 31.2633357895274 30.9184248960517 94.9628698866686
343000 32.888653714757 31.326384580171 30.9980482727408 95.2130865676688
344000 33.0019452093904 31.424280274287 31.0841150759161 95.5103405595935
345000 33.1000172342384 31.4766592037985 31.1581289147708 95.7348053528076
346000 33.1754599787566 31.567313731315 31.2506315646317 95.9934052747033
347000 33.2625159390512 31.6503728502714 31.3323943797378 96.2452831690604
348000 33.3373616165362 31.7493489619414 31.4065595853499 96.4932701638276
349000 33.4401249336156 31.8051504479947 31.5101251297031 96.7554005113135
350000 33.5366558778807 31.9384179947856 31.6116905378024 97.0867644104687
351000 33.6429702218086 32.033394983065 31.7132875668084 97.389652771682
352000 33.7608423956947 32.0974542282398 31.7867002680289 97.6449968919635
353000 33.8584045575938 32.1974816241065 31.8589650733445 97.9148512550448
354000 33.938196654584 32.2449099980501 31.9184194321992 98.1015260848334
355000 34.0220071292478 32.3318924553125 32.0228143743237 98.376713958884
356000 34.1074524924066 32.4601711699486 32.1376146572989 98.7052383196541
357000 34.2102404625562 32.5045522914203 32.1938564788067 98.9086492327832
358000 34.306802801324 32.6116732870555 32.2962279335325 99.214704021912
359000 34.4000996819334 32.6938822749262 32.3786950092645 99.4726769661241
360000 34.5094473804096 32.7965829252674 32.4765837725102 99.7826140781872
361000 34.5737354138338 32.8639214976565 32.5919490509344 100.029605962425
362000 34.6583825366918 32.9368198188132 32.6692848397561 100.264487195261
363000 34.7837706227733 33.0241994145904 32.7421768217373 100.550146859101
364000 34.8653211473527 33.137927601261 32.8299857046019 100.833234453216
365000 34.9631591605055 33.2350105732897 32.9097155470707 101.107885280866
366000 35.0628477417866 33.3516876021597 33.0155351144701 101.430070458416
367000 35.1800334448033 33.4573949001959 33.1093573748018 101.746785719801
368000 35.3116778679815 33.5342289209582 33.208300249841 102.054207038781
369000 35.3834604224797 33.6196815596108 33.2656957665494 102.26883774864
370000 35.5088012138448 33.7088449693548 33.3780327579905 102.59567894119
371000 35.6185279134654 33.7887050271867 33.4748476718724 102.882080612525
372000 35.7255936838165 33.8730298671348 33.5449751252307 103.143598676182
373000 35.7918272740964 33.971833406755 33.6314322716149 103.395092952466
374000 35.880594485264 34.0980349244599 33.7212696619482 103.699899071672
375000 35.9737797776327 34.1673802767805 33.7806767238102 103.921836778223
376000 36.046847324475 34.2488490905713 33.9122304459065 104.207926860953
377000 36.1599094803852 34.3355104973481 33.9644733974422 104.459893375175
378000 36.2275201916582 34.4534443246018 34.0523416754563 104.733306191716
379000 36.3390608997408 34.5204871556771 34.1159492664529 104.975497321871
380000 36.4339409061471 34.6106046500312 34.2154144412256 105.259959997404
381000 36.5328956257474 34.7110263129911 34.3143351585185 105.558257097257
382000 36.6255445795044 34.8140465951063 34.374480220013 105.814071394624
383000 36.7110568864931 34.8856528258171 34.4590525899387 106.055762302249
384000 36.8275093289444 34.9882282341277 34.5814339672709 106.397171530343
385000 36.9538697847375 35.0834093178563 34.6477978072856 106.685076909879
386000 37.0518137829848 35.1523719235593 34.7496749445774 106.953860651122
387000 37.1695798724096 35.2174705069817 34.8468307480801 107.233881127471
388000 37.2123455608008 35.3183784259127 34.9217491980511 107.452473184765
389000 37.327880720459 35.4069015109364 34.9981793208018 107.732961552197
390000 37.374608985207 35.5197138997799 35.1216952817775 108.016018166764
391000 37.4538353926338 35.5970268796151 35.1967487495202 108.247611021769
392000 37.5661419618997 35.698831168278 35.2803368669092 108.545309997087
393000 37.6657714972388 35.8082371786458 35.3844936983703 108.858502374255
394000 37.7861305493412 35.9033943036549 35.4773072781201 109.166832131116
395000 37.889286780799 35.9839601130937 35.5592843164494 109.432531210342
396000 37.9378900664378 36.0569119093987 35.651586784887 109.646388760724
397000 38.0290787401884 36.1436626983505 35.7409635579795 109.913704996519
398000 38.1244457997868 36.252772291279 35.8376853918767 110.214903482943
399000 38.236970482705 36.3379891657189 35.9239754294833 110.498935077907
400000 38.2979427619543 36.4126472354298 36.0493182980045 110.759908295389
401000 38.3964506266507 36.4935039121973 36.1411846333885 111.031139172237
402000 38.4889341876415 36.6239987798088 36.2425744429706 111.355507410421
403000 38.585720217088 36.7295775835481 36.3550135651069 111.670311365743
404000 38.6672747343682 36.7907913300809 36.4339992755983 111.892065340047
405000 38.768634324921 36.8825627766588 36.4985020689311 112.149699170511
406000 38.8343096465173 36.9570792175144 36.5636905588085 112.35507942284
407000 38.9109280583767 37.0329328090298 36.6665283901958 112.610389257602
408000 39.0254777488688 37.1514181987438 36.772371514089 112.949267461702
409000 39.1020096503068 37.2319009169679 36.8536317576326 113.187542324907
410000 39.2154919881434 37.3166565783794 36.9694571268137 113.501605693336
411000 39.31100875556 37.4286266265217 36.9989190377304 113.738554419812
412000 39.4071749281132 37.5323547257748 37.1179465728816 114.05747622677
413000 39.4852727848474 37.6533092683934 37.1952078804397 114.333789933681
414000 39.5898141802351 37.7144618312675 37.2512242065874 114.55550021809
415000 39.6854119026197 37.7744461051248 37.3535038032851 114.81336181103
416000 39.7778321987344 37.8874422332983 37.4278719249796 115.093146357012
417000 39.8444451782924 37.9745217970979 37.4931622430025 115.312129218393
418000 39.9187423653604 38.0379904138641 37.5884016835274 115.545134462752
419000 39.9953821900378 38.1204919242263 37.7083411933305 115.824215307595
420000 40.1350468120338 38.2114254717308 37.7906725646 116.137144848365
421000 40.2321068113537 38.3120912471373 37.8756572790123 116.419855337503
422000 40.3416741583363 38.3832714762503 37.9516008329323 116.676546467519
423000 40.4245320138312 38.4728244387676 38.0556129487406 116.952969401339
424000 40.518695084585 38.5772674389 38.1261329283715 117.222095451857
425000 40.5964713046423 38.6761260113842 38.2216791894876 117.494276505514
426000 40.6721494833425 38.7682316868126 38.3047185445001 117.745099714655
427000 40.7925829777255 38.8357933633188 38.3596672962731 117.988043637317
428000 40.9067023956118 38.9239655788366 38.4398636748369 118.270531649285
429000 41.0019291631779 39.0009753186299 38.5369528101963 118.539857292004
430000 41.0955817406341 39.1229987964538 38.593247744606 118.811828281694
431000 41.2187115342873 39.1732036204274 38.6690189367878 119.060934091502
432000 41.3162754011402 39.282320599095 38.7618317482093 119.360427748445
433000 41.4045581930917 39.3760073074467 38.856987958116 119.637553458654
434000 41.4976739393647 39.4609905405696 38.962720837055 119.921385316989
435000 41.5860876909351 39.5180629253942 39.0632127365973 120.167363352927
436000 41.6883792848292 39.6038437998209 39.1549184516448 120.447141536295
437000 41.7510913394154 39.7130978820832 39.2232426147436 120.687431836242
438000 41.8563301814077 39.7724894447232 39.3017893581172 120.930608984248
439000 41.9185764520919 39.8727779226778 39.4194224299863 121.210776804756
440000 42.0412808368583 39.9476638859177 39.4865825053383 121.475527228114
441000 42.1349175992913 40.0793862424184 39.5502869345814 121.764590776291
442000 42.2351306321983 40.1575792712041 39.641643128447 122.034353031849
443000 42.2628200056339 40.2771753685608 39.7340078660947 122.274003240289
444000 42.3827542101744 40.372607582043 39.8063010529417 122.561662845159
445000 42.4913576587767 40.4773883371601 39.9285294484828 122.89727544442
446000 42.5659535440763 40.5587077365828 40.038769575164 123.163430855823
447000 42.6613920501502 40.63442762647 40.1440409584089 123.439860635029
448000 42.766939530921 40.7535703286469 40.2151808037356 123.735690663303
449000 42.8247811061351 40.8254560008868 40.2758343016486 123.92607140867
450000 42.9206155347003 40.9368230696197 40.3872792969546 124.244717901275
451000 43.0260124064397 41.0161657902092 40.4662562835906 124.50843448024
452000 43.1314804999224 41.0792415979044 40.5543688055298 124.765090903357
453000 43.2196506448827 41.1920667025416 40.6383221611677 125.050039508592
454000 43.3551277543858 41.3139531593087 40.7348718340493 125.403952747744
455000 43.4201017845257 41.4313264649095 40.8439547209293 125.695382970365
456000 43.5098801622604 41.5141212658858 40.9550021647394 125.979003592886
457000 43.5552496222675 41.5953428120523 41.0333362491819 126.183928683502
458000 43.6735232792183 41.676712280954 41.116180738791 126.466416298963
459000 43.7906009737109 41.7575814537432 41.1724851810783 126.720667608532
460000 43.8616621685961 41.8481595180839 41.2990506880595 127.008872374739
461000 43.9884051563416 41.9419530809381 41.3939406995017 127.324298936781
462000 44.0785203657945 42.0135414782176 41.4775722792024 127.569634123214
463000 44.1620965524416 42.0775564033538 41.5848016500583 127.824454605854
464000 44.2647165462387 42.1533814173741 41.6255733859159 128.043671349529
465000 44.3753643892254 42.2648939741179 41.7121383643347 128.352396727678
466000 44.4520320035366 42.3249629584596 41.7896500854144 128.566645047411
467000 44.51730920565 42.3900537989062 41.8998463586543 128.807209363211
468000 44.5999943840076 42.4645281923485 41.9951410046087 129.059663580965
469000 44.7022745594235 42.5884859873249 42.0604123769301 129.351172923678
470000 44.800059736614 42.7003807626207 42.1918033015242 129.692243800759
471000 44.8960510426696 42.7937166088575 42.2823190370811 129.972086688608
472000 45.0115536053497 42.8769929041235 42.3571479741018 130.245694483575
473000 45.086222875243 42.9542109130067 42.4381695291766 130.478603317426
474000 45.1976668691282 43.0612669543152 42.5476550624053 130.806588885849
475000 45.2636771172373 43.1279318974491 42.6366022223212 131.028211237008
476000 45.3678189738414 43.2161463506612 42.7429683504552 131.326933674958
477000 45.4650865752401 43.3260428393329 42.8066141007132 131.597743515286
478000 45.5432583510946 43.439047025819 42.8988532117207 131.881158588634
479000 45.6691463903383 43.5367568672688 43.0203003701361 132.226203627743
480000 45.7489774651161 43.6378241543935 43.117798967597 132.504600587106
481000 45.8235931036726 43.7443880970841 43.2191995372452 132.787180738002
482000 45.9375592186084 43.8782900478976 43.2992528479536 133.11510211446
483000 46.0096778405458 43.9339124163276 43.3856786436031 133.329268900476
484000 46.1152389706436 44.0138303652198 43.461389167454 133.590458503317
485000 46.1797879595187 44.1385341611986 43.566430373294 133.884752494011
486000 46.2799187742878 44.2163997799749 43.6369538586035 134.133272412866
487000 46.3941984561998 44.2938531481191 43.7104185725704 134.398470176889
488000 46.4745474509771 44.4100529071507 43.7729686303801 134.657568988508
489000 46.6004579212174 44.4774396550138 43.8868980902458 134.964795666477
490000 46.6910140157042 44.5576912272133 43.9845258625757 135.233231105493
491000 46.7854587739717 44.6630885323083 44.0410943538398 135.48964166012
492000 46.8578323378809 44.7288532603411 44.1635460187596 135.750231616982
493000 46.9397197134809 44.8354307942522 44.2348614731269 136.01001198086
494000 46.9884559766582 44.9171436495305 44.3594470784949 136.265046704684
495000 47.0587744999373 44.9954962884459 44.4395806820271 136.49385147041
496000 47.1574455600841 45.0893579892796 44.5214196805474 136.768223229911
497000 47.226013565771 45.2002160367988 44.5851999806631 137.011429583233
498000 47.3030779089572 45.274228474459 44.6727096253774 137.250016008794
499000 47.3984840329468 45.3381658615234 44.781983310828 137.518633205298
500000 47.4609893412964 45.436657261676 44.8751976047343 137.772844207707
501000 47.5615473197799 45.5139532717696 44.9514359956737 138.026936587223
502000 47.6433739383392 45.6194916143167 45.0518374091361 138.314702961792
503000 47.7138686593353 45.6929365764879 45.1069572843682 138.513762520191
504000 47.8203202508924 45.7959398233029 45.2398513271196 138.856111401315
505000 47.8892346908445 45.8916700160479 45.345532546199 139.126437253091
506000 48.0254255744152 45.9406247041959 45.4366072818438 139.402657560455
507000 48.0737410955332 46.0550190615268 45.5280985364383 139.656858693498
508000 48.174409807389 46.1435856119231 45.6170957936434 139.935091212955
509000 48.2652443402587 46.2641381579936 45.6875501061347 140.216932604387
510000 48.3194401839505 46.3268491581256 45.7837726386148 140.430061980691
511000 48.4027592283919 46.4045427246592 45.8666735870292 140.67397554008
512000 48.4621855066617 46.4845501984542 45.9069227031231 140.853658408239
513000 48.5545016186941 46.5458751703162 46.0035505339621 141.103927322972
514000 48.6790343505514 46.6333787601864 46.1027851237469 141.415198234485
515000 48.7679260878646 46.7471333169793 46.1905432183809 141.705602623225
516000 48.8660758651595 46.8241543575013 46.2683771277581 141.958607350419
517000 48.9432945118219 46.8927547129967 46.3304835905291 142.166532815348
518000 49.0556027711023 46.9893155310541 46.4253562414657 142.470274543622
519000 49.1695678687482 47.0895892009883 46.5229275648729 142.782084634609
520000 49.2668556368465 47.1758445690915 46.5689168674204 143.011617073358
521000 49.3496076410375 47.2611128644469 46.6509068012692 143.261627306754
522000 49.4858046459963 47.3588551872307 46.7311787851533 143.57583861838
523000 49.5480822289636 47.4104480970658 46.7923142885229 143.750844614552
524000 49.6502927158364 47.5050910020479 46.9096374054818 144.065021123366
525000 49.7521183729149 47.5771723493955 46.9480595515526 144.277350273863
526000 49.8624736389941 47.6577012901712 47.0692158221871 144.589390751352
527000 49.9052584022374 47.7786201550262 47.1619666101034 144.845845167367
528000 50.0423967440575 47.8612556327114 47.2080033272746 145.111655704043
529000 50.1483294426925 47.970117258735 47.2979905730213 145.416437274449
530000 50.2344845854835 48.0749705886912 47.3837345819059 145.693189756081
531000 50.3352641730315 48.1801356275884 47.4592340503859 145.974633851006
532000 50.429307685964 48.2693610802255 47.5560396896768 146.254708455866
533000 50.5387162543174 48.3496257214977 47.6255398398284 146.513881815644
534000 50.6331255276459 48.4993127558333 47.7195986371877 146.852036920667
535000 50.7203089054713 48.5952413623658 47.7846326014408 147.100182869278
536000 50.8289913594254 48.6752690048065 47.8688036045621 147.373063968794
537000 50.9001704365813 48.7502877128993 47.9467158811617 147.597174030642
538000 51.0046516245797 48.8384242036325 48.0591819565417 147.902257784754
539000 51.0674690074506 48.9355578918178 48.1274957448314 148.1305226441
540000 51.159400413573 49.0075324728788 48.2040170502043 148.370949936656
541000 51.2614041407671 49.1020631078835 48.2591981059851 148.622665354636
542000 51.3295931527594 49.1961761193964 48.3391120125496 148.864881284705
543000 51.4449123388213 49.2732308024446 48.4055659925542 149.12370913382
544000 51.4844508488686 49.3507591719266 48.4977247388374 149.332934759633
545000 51.5661736108052 49.4723762193379 48.57301333845 149.611563168593
546000 51.6736942427912 49.5681462353986 48.6563016675023 149.898142145692
547000 51.8077689433828 49.646402737452 48.7453478782001 150.199519559035
548000 51.8626739227418 49.7182968504829 48.8354794772934 150.416450250518
549000 51.9524767871053 49.7823543514297 48.9128768598449 150.64770799838
550000 52.0605151530637 49.8661044808586 48.9912979453499 150.917917579272
551000 52.1308140471864 49.9152751493499 49.0813292645751 151.127418461111
552000 52.230752260676 50.0182895807048 49.1888639339201 151.437905775301
553000 52.3302241820779 50.1222565483791 49.2413389782407 151.693819708698
554000 52.4172495449595 50.2158305735606 49.3733934183076 152.006473536828
555000 52.50955278318 50.2939945657094 49.4645756028536 152.268122951743
556000 52.608941889203 50.4094536399524 49.5435743609216 152.561969890077
557000 52.7195840573384 50.534778180842 49.6401298509793 152.89449208916
558000 52.7586543738076 50.5881396193067 49.7251125024015 153.071906495516
559000 52.8459047235908 50.6679817208358 49.8250968500136 153.33898329444
560000 52.9626420829117 50.7632535879147 49.8985808368235 153.62447650765
561000 53.0588994722909 50.824332847972 49.9751410509702 153.858373371233
562000 53.1867521874849 50.9223873146388 50.0457193926807 154.154858894804
563000 53.2452911970146 51.0112379586446 50.1674630124999 154.423992168159
564000 53.3392195963974 51.0971085051323 50.2287856559095 154.665113757439
565000 53.4194538303696 51.2150107297145 50.3436993430834 154.978163903168
566000 53.5293194779754 51.2653957085284 50.3951208066404 155.189835993144
567000 53.5783735131771 51.3518577538775 50.4799948508446 155.410226117899
568000 53.6659888647897 51.4696947547228 50.5795177812577 155.71520140077
569000 53.7808057028169 51.5356324169609 50.6722233181877 155.988661437966
570000 53.8334569106796 51.6179186244302 50.7526505891871 156.204026124297
571000 53.9315338445608 51.705488443471 50.8313299173346 156.468352205366
572000 54.0231121894843 51.7823370043849 50.8954132136727 156.700862407542
573000 54.1387928565975 51.8806763666989 50.9687163679852 156.988185591282
574000 54.2547250637191 51.9495947239704 51.027903119148 157.232222906837
575000 54.3481190937573 52.0654800168988 51.1739971910138 157.58759630167
576000 54.443676489675 52.1503518286521 51.204841039056 157.798869357383
577000 54.5208580755663 52.2569382110827 51.3240087868786 158.101805073528
578000 54.581778674812 52.3242010033832 51.4209732295364 158.326952907732
579000 54.6877855782062 52.4111028716968 51.5326169157724 158.631505365675
580000 54.79185912431 52.468145735233 51.6417056838746 158.901710543418
581000 54.8776103847975 52.5563453880089 51.7346127335159 159.168568506322
582000 54.9913167529082 52.622233001594 51.8265611806346 159.440110935137
583000 55.1009657627581 52.7312503414321 51.9000284889088 159.732244593099
584000 55.1861789530335 52.8549681565766 52.0079092645318 160.049056374142
585000 55.253155357563 52.9166372369405 52.0527630713541 160.222555665858
586000 55.3395560881703 52.9919158300566 52.158407902062 160.489879820289
587000 55.4364721893055 53.0844950950731 52.2476105493235 160.768577833702
588000 55.5537156235058 53.199102004475 52.3233521574657 161.076169785446
589000 55.6131857061706 53.2871759104476 52.4394476433839 161.339809260002
590000 55.7038562112256 53.3851059893412 52.4967504283748 161.585712628942
591000 55.8111922018797 53.4734913252577 52.5673292319775 161.852012759115
592000 55.862585377716 53.586412694629 52.6487467289871 162.097744801332
593000 56.0099080967727 53.6593995199921 52.7159946704328 162.385302287198
594000 56.132342975726 53.75628380931 52.8013390514174 162.689965836453
595000 56.20873354207 53.8211763256805 52.8724526551369 162.902362522887
596000 56.2684008781434 53.8928405889073 53.0016120040598 163.16285347111
597000 56.3468562337246 54.0056020673771 53.0805805594707 163.433038860572
598000 56.4102076570778 54.0889589259719 53.1405610623534 163.639727645403
599000 56.5089184070678 54.1482020031965 53.2289165151765 163.886036925441
600000 56.6216623012273 54.2583038025834 53.3496781764436 164.229644280254
601000 56.7114389520764 54.3445956080967 53.4365430096196 164.492577569793
602000 56.7835593665314 54.4045383669402 53.5373501931443 164.725447926616
603000 56.8495097204939 54.5079413561382 53.6296604079062 164.987111484538
604000 56.9434682252265 54.6247891290258 53.7241352786748 165.292392632927
605000 57.0095752718029 54.7168125487693 53.8322815823524 165.558669402925
606000 57.0954782140072 54.7846052019164 53.930545634639 165.810629050563
607000 57.2075407133841 54.9115475749028 53.9877823381337 166.106870626421
608000 57.2915054247871 54.981983140666 54.0685641562511 166.342052721704
609000 57.3851749792845 55.0908568151377 54.1242801015581 166.60031189598
610000 57.505980260351 55.1704136659741 54.270122966085 166.94651689241
611000 57.6030578179134 55.2310221526688 54.3195113544547 167.153591325037
612000 57.6989754762206 55.325010764696 54.3961479734626 167.420134214379
613000 57.7946976944131 55.4222566325931 54.4821934079206 167.699147734927
614000 57.8747374744758 55.5246838797293 54.5385922991143 167.938013653319
615000 57.9640294743954 55.589844697039 54.6001511519615 168.154025323396
616000 58.0188928783419 55.6736271821544 54.6944437455307 168.386963806027
617000 58.139721171611 55.7970693461332 54.7568753067935 168.693665824538
618000 58.2215206426528 55.9086940785581 54.8322004387109 168.962415159922
619000 58.2854487377616 55.9669794977204 54.9369215898258 169.189349825308
620000 58.3617578917281 56.0458742385513 55.0249073113934 169.432539441673
621000 58.4501253767059 56.111766855214 55.0794579230671 169.641350154987
622000 58.5793834229766 56.2313954669162 55.1872367875402 169.998015677433
623000 58.6198336017019 56.3223689119221 55.2568565987304 170.199059112354
624000 58.7297991500095 56.3769405053889 55.3374864627725 170.444226118171
625000 58.831933945876 56.4806399832094 55.440905963737 170.753479892822
626000 58.8591801948306 56.5571383313448 55.5329116990676 170.949230225243
627000 59.0036431738677 56.6514424383268 55.6189296321095 171.274015244304
628000 59.0501301981734 56.724031112058 55.6974476010222 171.471608911254
629000 59.1757485261816 56.7894432125606 55.7736132032637 171.738804942006
630000 59.2972388893029 56.8837479230449 55.8588258171895 172.039812629537
631000 59.3514834720894 56.9925321310248 55.9807836593224 172.324799262437
632000 59.4553792888653 57.0655236781046 56.0372703514686 172.558173318439
633000 59.5551337361429 57.1387232630312 56.1594475145217 172.853304513696
634000 59.5952830384568 57.2246264256848 56.2481300149564 173.068039479098
635000 59.6633339515045 57.3196147212966 56.3065940427015 173.289542715503
636000 59.7750791070074 57.3590328535399 56.4151608130624 173.54927277361
637000 59.8505042391529 57.4610386218297 56.4781648678208 173.789707728803
638000 59.9604585491411 57.5799128577725 56.5660142113028 174.106385618216
639000 60.0344347134459 57.6029051036264 56.6786869428586 174.316026759931
640000 60.1003442875906 57.7141962026413 56.7579730818353 174.572513572067
641000 60.2138950609696 57.794158902983 56.7852352281332 174.793289192086
642000 60.3165600760463 57.9073611287757 56.8636674720087 175.087588676831
643000 60.436276696224 58.0023920977666 56.944090611604 175.382759405595
644000 60.4999657793459 58.1017682870695 57.0644505235113 175.666184589927
645000 60.5959222489752 58.1940157447412 57.155161693433 175.945099687149
646000 60.6929639702662 58.32759608414 57.2082113525477 176.228771406954
647000 60.7586364881994 58.4108332063812 57.3208746565921 176.490344351173
648000 60.8617399995393 58.5000841495966 57.4292423495309 176.791066498667
649000 60.973380331844 58.630708657077 57.4683313653074 177.072420354229
650000 61.090938912565 58.6834443799911 57.587622930173 177.362006222729
651000 61.2086057499745 58.7527788413512 57.639452474477 177.600837065803
652000 61.2684525199146 58.842368926573 57.740448453736 177.851269900224
653000 61.3439046133214 58.8975264855427 57.8202167379462 178.06164783681
654000 61.4167804198361 59.0242362988151 57.9411140781785 178.38213079683
655000 61.4980609278442 59.1297592711884 58.0084805226634 178.636300721696
656000 61.5927453791124 59.2003409498536 58.0649254257079 178.858011754674
657000 61.6862571704819 59.3095971347273 58.1642860890204 179.16014039423
658000 61.7717707224272 59.3850098633715 58.2661072853357 179.422887871134
659000 61.87608510464 59.4917532913002 58.3800715898691 179.747909985809
660000 61.9332313101624 59.5564818847797 58.4589233851082 179.94863658005
661000 62.0062231335202 59.6265378300581 58.5436588686653 180.176419832244
662000 62.1256067329917 59.7121213904691 58.6149348182224 180.452662941683
663000 62.2350136955449 59.8038641350795 58.6858986821275 180.724776512752
664000 62.3120395256469 59.8577170347871 58.7827547877613 180.952511348195
665000 62.387158089244 59.9502797004843 58.846850103808 181.184287893536
666000 62.4935769788344 60.0108804505763 58.980670671698 181.485128101109
667000 62.5355133206823 60.083097402683 59.071993714812 181.690604438177
668000 62.6593471420549 60.1950066923055 59.1308200781296 181.98517391249
669000 62.7491836172063 60.2985075558977 59.2261403966865 182.273831569791
670000 62.8552297843354 60.373196287948 59.3284142894004 182.556840361684
671000 62.9229001735613 60.4164955652723 59.3867857606081 182.726181499442
672000 63.0433628653442 60.5585770679322 59.4696224450021 183.071562378278
673000 63.0888294722492 60.6012260471506 59.5223661264902 183.21242164589
674000 63.2325143817276 60.6780254634088 59.5703299662058 183.480869811342
675000 63.3182872716139 60.7266428053541 59.6673577758903 183.712287852858
676000 63.3796005621545 60.7787066066974 59.7839594335457 183.942266602398
677000 63.4978849303917 60.879598511266 59.8494203138047 184.226903755462
678000 63.575163143205 60.9296159160676 59.9153018569039 184.420080916177
679000 63.6297919030765 61.0407540573316 59.9626591802718 184.63320514068
680000 63.7412242909752 61.0787701030757 60.0468851721061 184.866879566157
681000 63.7909522422479 61.1750285304413 60.1129754815257 185.078956254215
682000 63.8701566311107 61.2412797559068 60.179400820059 185.290837207077
683000 63.9683743963055 61.2955737452392 60.264973065656 185.528921207201
684000 64.0306455638454 61.3944244524937 60.3445230234722 185.769593039811
685000 64.1441196481641 61.4868371644224 60.4565748320759 186.087531644662
686000 64.2313355222752 61.5446617984028 60.5665887179447 186.342586038623
687000 64.3071393305095 61.6571489444192 60.636851158448 186.601139433377
688000 64.3633534977763 61.7474418829794 60.7213671746549 186.832162555411
689000 64.4513123236316 61.8617244772511 60.7991513444086 187.112188145291
690000 64.5365301523331 61.938061288105 60.8473155062219 187.32190694666
691000 64.6225392781352 62.01664542744 60.9753336836765 187.614518389252
692000 64.7035126905293 62.1150896303739 61.0455964397845 187.864198760688
693000 64.7612892309033 62.2089310438216 61.1693137682955 188.13953404302
694000 64.8580408664759 62.335474905979 61.2135798269357 188.407095599391
695000 64.9266600804355 62.3806151451968 61.310504366423 188.617779592055
696000 64.9929001575139 62.495563932876 61.3723105801746 188.860774670564
697000 65.0836849621197 62.5781386603452 61.4495454862045 189.111369108669
698000 65.1494258971294 62.6549820862621 61.5264445136326 189.330852497024
699000 65.242527219229 62.7766302540997 61.5990950110248 189.618252484353
700000 65.3458410837738 62.8107275951311 61.6526978845488 189.809266563454
701000 65.445047125441 62.9453756054814 61.7427858359648 190.133208566887
702000 65.5677403421637 63.0611053472414 61.8414402270402 190.470285916445
703000 65.6544985835542 63.1380185114671 61.9535663686841 190.746083463705
704000 65.7773286965639 63.254595474549 62.0647490106771 191.09667318179
705000 65.8832702568974 63.3058136675574 62.1233510560879 191.312434980543
706000 65.9670912914858 63.3727124873147 62.2043820399708 191.544185818771
707000 66.0587790063315 63.4635625490397 62.2783023205457 191.800643875917
708000 66.148032482411 63.5548020000634 62.3793815880883 192.082216070563
709000 66.253388494863 63.633293159049 62.5014422789556 192.388123932868
710000 66.3642131979339 63.6854224377453 62.5806318663764 192.630267502056
711000 66.4498384939645 63.7607498387952 62.6548941554579 192.865482488218
712000 66.5264581662695 63.8420123464298 62.7263577779991 193.094828290698
713000 66.6418313269717 63.8919500319508 62.7948226916667 193.328604050589
714000 66.6805023493049 64.0068193272445 62.869304883486 193.556626560035
715000 66.7955870143675 64.1142833570386 62.9472765944741 193.85714696588
716000 66.8937671500918 64.1632527059734 63.0334399526124 194.090459808678
717000 67.0170754555613 64.2235065377267 63.0856105257568 194.326192519045
718000 67.0888324879162 64.2914750613073 63.1553455485867 194.53565309781
719000 67.1814448414183 64.3546384652843 63.291990795262 194.828074101965
720000 67.2666739703098 64.4049772017803 63.3075339851347 194.979185157225
721000 67.3216415486189 64.4942680140455 63.4235796245498 195.239489187214
722000 67.4059738180925 64.5768741140467 63.4941301539903 195.476978086129
723000 67.4963313620216 64.6693813080639 63.5698411871268 195.735553857212
724000 67.6209230171559 64.7721733715828 63.6134782395009 196.00657462824
725000 67.7472378187828 64.8926046934993 63.7363289387877 196.37617145107
726000 67.8383230507221 64.9405772091709 63.8011960847459 196.580096344639
727000 67.8967864668405 65.0068167035057 63.8901662618374 196.793769432184
728000 67.9633518097929 65.0679050172547 63.976295129703 197.007551956751
729000 68.0460151888362 65.1922584857228 64.0919583700489 197.330232044608
730000 68.0996899341312 65.2411795483161 64.1852274358472 197.526096918295
731000 68.2342040061906 65.3399835610813 64.2973677363154 197.871555303587
732000 68.3287999765691 65.4615129449212 64.3613039767635 198.151616898254
733000 68.4287629920408 65.5279796505718 64.4593216872887 198.416064329901
734000 68.5398715547022 65.6120399398902 64.5380745240558 198.689986018648
735000 68.5908322914459 65.664959592475 64.6199056205157 198.875697504437
736000 68.7061717741124 65.7604681769574 64.7097943309775 199.176434282047
737000 68.7959811256593 65.8737988175159 64.7734478172573 199.443227760433
738000 68.8976259848363 65.9149942957174 64.867262076522 199.679882357076
739000 68.9706684812072 66.0215654953729 64.9506806173506 199.942914593931
740000 69.0437646347113 66.1511886082024 65.0740783820431 200.269031624957
741000 69.1469967620963 66.2107377179313 65.1556274420027 200.51336192203
742000 69.2239561360311 66.2952945329613 65.2356841940617 200.754934863054
743000 69.3314046452916 66.3834434426323 65.28553957393 201.000387661854
744000 69.4270624815135 66.4835775053957 65.4124404219396 201.323080408849
745000 69.4686949754578 66.5869564986122 65.5039003495816 201.559551823652
746000 69.5424614020928 66.6450413582521 65.5517715010956 201.739274261441
747000 69.6039199887011 66.7335634508687 65.6331333704049 201.970616809975
748000 69.7024667027564 66.8365719550297 65.6887133225438 202.22775198033
749000 69.7992805325942 66.8991723698463 65.7749615360694 202.47341443851
750000 69.9355684760488 66.9970453039602 65.8822315074123 202.814845287421
751000 70.029305847203 67.0880404381046 65.9842250593882 203.101571344696
752000 70.0664719160518 67.1625593405194 66.0899490786464 203.318980335218
753000 70.2014845978034 67.2414746835517 66.1659304786749 203.60888976003
754000 70.3008726692767 67.3732478499747 66.2924914618484 203.9666119811
755000 70.407547564607 67.4690136579234 66.3784027175176 204.254963940048
756000 70.486599910479 67.5587532862085 66.4626315716274 204.507984768315
757000 70.5824200218844 67.662899565835 66.5359800270177 204.781299614737
758000 70.6407824889907 67.742719852938 66.625252283233 205.008754625162
759000 70.7385147449591 67.8432472718011 66.7261487749696 205.30791079173
760000 70.8426649811187 67.929439250616 66.7861791392986 205.558283371033
761000 70.937429546477 68.0150637965299 66.883611288046 205.836104631053
762000 71.0313963005435 68.1000013662214 67.0083298614876 206.139727528253
763000 71.111331934004 68.2076833618706 67.0608408702738 206.379856166148
764000 71.1884364679333 68.2968016470273 67.1449743572017 206.630212472162
765000 71.2483728042559 68.4069381156798 67.2030195451815 206.858330465117
766000 71.3754108927521 68.4892893747265 67.3174589407229 207.182159208202
767000 71.4264728211062 68.5845180636111 67.3936134721951 207.404604356912
768000 71.4844586769989 68.5856160379393 67.4539832805869 207.524057995525
769000 71.5839423716593 68.6868049159076 67.5371381167155 207.807885404282
770000 71.6525403828002 68.7661205148304 67.6451641992639 208.063825096895
771000 71.7041820101507 68.8716579032113 67.681866645964 208.257706559326
772000 71.7971792243019 68.9463409756483 67.7607999394542 208.504320139404
773000 71.8928645942848 69.0552415941171 67.8440183802514 208.792124568653
774000 71.9828389495464 69.119229099898 67.9884993253285 209.090567374773
775000 72.0761623822082 69.2302107325689 68.030559461957 209.336932576734
776000 72.1395761020615 69.347083980245 68.1632035262175 209.649863608524
777000 72.2766921162113 69.4612754395884 68.2656389630001 210.0036065188
778000 72.3459890102142 69.5417131779325 68.3664204819322 210.254122670079
779000 72.4203701131287 69.6241234915907 68.4208053567154 210.465298961435
780000 72.4933331290557 69.7206454877134 68.4810851917452 210.695063808514
781000 72.5874697532347 69.8173844569744 68.5762769468665 210.981131157076
782000 72.6778243505528 69.8759715147263 68.6620461074345 211.215841972714
783000 72.7735654426326 69.9576111611841 68.7538360267314 211.485012630548
784000 72.8505842553728 70.0291853360055 68.8312834284177 211.711053019796
785000 72.9563081301821 70.1025535169756 68.8337567691611 211.892618416319
786000 73.0316639185369 70.2243867418672 68.9251565496215 212.181207210026
787000 73.1734996942692 70.3156374904779 68.9907234631153 212.479860647862
788000 73.2913544919964 70.4353108761094 69.0987320540799 212.825397422186
789000 73.4448066071238 70.5512695969584 69.1718559172355 213.167932121318
790000 73.5340936242155 70.6470180465892 69.278319618433 213.459431289238
791000 73.6364347830903 70.6823638113535 69.3480237134298 213.666822307874
792000 73.6995005425422 70.7955980783009 69.4538645853174 213.94896320616
793000 73.8446915930352 70.8637500557869 69.5190975628795 214.227539211701
794000 73.9061612419825 70.9342647533971 69.5638536240391 214.404279619419
795000 73.9928682958575 71.0567975734368 69.6594399256152 214.709105794909
796000 74.0334179503291 71.1012518528994 69.7680536697956 214.902723473024
797000 74.1559258634714 71.2133347916176 69.8585391955887 215.227799850678
798000 74.2375401540724 71.253869651792 69.9390844355302 215.430494241395
799000 74.3383477026803 71.3433883819936 70.0049485022649 215.686684586939
800000 74.4227603139524 71.4278641568235 70.0351982078909 215.885822678667
801000 74.5017391920071 71.4799149793148 70.1013509110406 216.083005082362
802000 74.5480042856874 71.5705880434396 70.1867516316315 216.305343960758
803000 74.6360504672282 71.7034102969226 70.2501388738839 216.589599638035
804000 74.7335079906621 71.7481927653398 70.370217010294 216.851917766296
805000 74.8109690652364 71.8015612391312 70.4274135376494 217.039943842017
806000 74.900345892357 71.9010865973622 70.5198590050809 217.3212914948
807000 74.9326826206809 72.0147442794146 70.6265638612686 217.573990761364
808000 75.0805754928847 72.0569706887741 70.6767151992133 217.814261380872
809000 75.182629382439 72.147235698671 70.7262710786114 218.056136159721
810000 75.2914197739176 72.2381245386997 70.8121973617832 218.341741674401
811000 75.4076619459399 72.3404287262891 70.9466987308991 218.694789403128
812000 75.5078550982707 72.477701183455 71.0569989142588 219.042555195984
813000 75.6337263313691 72.5872781264854 71.1564478834779 219.377452341332
814000 75.6800223129046 72.6303071992476 71.2529349733677 219.56326448552
815000 75.7796140678618 72.7252443539107 71.364012953439 219.868871375211
816000 75.8828189263323 72.8208342946716 71.4382996750893 220.141952896093
817000 75.9639070637539 72.9506571140823 71.5454239603872 220.459988138223
818000 76.0579737922818 73.0217496968368 71.6293453327314 220.70906882185
819000 76.1508628597539 73.1065271434476 71.6934919917992 220.950881995001
820000 76.2484282850154 73.2411483253199 71.7573584704162 221.246935080752
821000 76.3420265761987 73.3028220502609 71.8638032970067 221.508651923466
822000 76.405500609692 73.4108601256445 71.9630219011802 221.779382636517
823000 76.4952527804675 73.4863424844117 72.0485157176869 222.030110982566
824000 76.5852765087289 73.5963297144973 72.1362415328606 222.317847756087
825000 76.6673982396518 73.6801033163713 72.2293850886316 222.576886644655
826000 76.7706305544456 73.7665408006366 72.3084685352076 222.84563989029
827000 76.9043630501829 73.9057334568729 72.4085139360575 223.218610443113
828000 77.0095295505536 73.932812573118 72.4906149341485 223.43295705782
829000 77.0544179891375 74.0139093690321 72.5713197650926 223.639647123262
830000 77.1375013219433 74.1541004680215 72.6392738493197 223.930875639284
831000 77.1791764278598 74.234147683786 72.7034950259274 224.116819137573
832000 77.3063775748422 74.3142933695868 72.8054004734008 224.42607141783
833000 77.4099626872036 74.3964539209772 72.8940814393798 224.700498047561
834000 77.4588419687824 74.4811295735194 72.978130837304 224.918102379606
835000 77.5807592444622 74.6014704271226 73.0488328001266 225.231062471711
836000 77.6479574036853 74.6782703114776 73.1399431736739 225.466170888837
837000 77.7661927325686 74.7410567299409 73.2083798807988 225.715629343308
838000 77.8457357726921 74.8091792440434 73.2793097167303 225.934224733466
839000 77.9570859530524 74.9490694211757 73.3360458124055 226.242201186634
840000 78.1026419917872 74.9985104528471 73.3673036081017 226.468456052736
841000 78.122542868619 75.1042891943698 73.4613305117865 226.688162574775
842000 78.2327857492515 75.2174375410563 73.5442364753467 226.994459765654
843000 78.260540643238 75.2917200475219 73.6393537429474 227.191614433707
844000 78.3315917707814 75.3360212069422 73.71878861123 227.386401588954
845000 78.4322355861179 75.4081008339588 73.8123342794932 227.65267069957
846000 78.4963718126962 75.4590287655996 73.8566678997581 227.812068478054
847000 78.589065848362 75.5807525152367 74.0178888427357 228.187707206334
848000 78.6489877959091 75.6587520157765 74.1058984606036 228.413638272289
849000 78.7204876550422 75.7564358576964 74.234085345428 228.711008858167
850000 78.7840076833411 75.8344976672242 74.3140891168061 228.932594467371
851000 78.8819532098046 75.9391463513493 74.3889650059359 229.21006456709
852000 78.949400399728 75.978445966683 74.4817709760267 229.409617342438
853000 79.1025193469949 76.0840450466102 74.5712042675672 229.757768661172
854000 79.1675265603811 76.1224787723799 74.6944490991204 229.984454431881
855000 79.2734670609887 76.2367082567472 74.8417141953269 230.351889513063
856000 79.3388262969073 76.3247936814826 74.9008846355859 230.564504613976
857000 79.4478212026051 76.4100234157476 74.9936603869645 230.851505005317
858000 79.5354304290199 76.4973540071472 75.0168272707388 231.049611706906
859000 79.6238575891036 76.5778356720831 75.153896917925 231.355590179112
860000 79.7068976088208 76.6828270988435 75.2669388280306 231.656663535695
861000 79.8573885851674 76.7552988230064 75.3697860602667 231.98247346844
862000 79.9560346744261 76.8414933745481 75.4551573787842 232.252685427758
863000 80.0531229055629 76.9187981024286 75.4985149543455 232.470435962337
864000 80.1390833876792 76.9603031125684 75.5984895871366 232.697876087384
865000 80.2204964600835 77.1286513437745 75.7072532801714 233.056401084029
866000 80.3144657622111 77.1719596728644 75.7689145298576 233.255339964933
867000 80.4084567173332 77.2409482497909 75.8211332640261 233.47053823115
868000 80.5598616904784 77.3267313942114 75.8582646122344 233.744857696924
869000 80.6405015049898 77.450739407183 76.0030497236803 234.094290635853
870000 80.7043342542799 77.4517438629713 76.1123150968835 234.268393214135
871000 80.7885416717448 77.5086245877284 76.1948986034979 234.492064862971
872000 80.9369585860333 77.6226493457824 76.2993904100845 234.8589983419
873000 80.9754507245866 77.7346307431344 76.4084639657075 235.118545433428
874000 81.08217776965 77.8095422869487 76.4896733209832 235.381393377582
875000 81.1834860272214 77.8643677200209 76.5627287500739 235.610582497316
876000 81.2550291878398 77.9724488497256 76.6108106214674 235.838288659033
877000 81.3643213572059 78.1012713718102 76.7142267453733 236.179819474389
878000 81.4458330676005 78.1917241151878 76.8439986728586 236.481555855647
879000 81.5074059113962 78.2836156478609 76.9052374549049 236.696259014162
880000 81.6093608460487 78.3809388495177 77.0490409906946 237.039340686261
881000 81.6816973415751 78.4589166603537 77.1215969824107 237.26221098434
882000 81.7644394533661 78.5995673348263 77.2307127773291 237.594719565522
883000 81.8117120607787 78.6223516304125 77.2551586132292 237.68922230442
884000 81.8780016006191 78.7584169295178 77.3613717008136 237.997790230951
885000 81.9665335857884 78.7923690046626 77.4581504417498 238.217053032201
886000 81.9847228282792 78.9274128093625 77.5295941730886 238.44172981073
887000 82.0808530420591 78.9992117034877 77.6235200003704 238.703584745917
888000 82.1425585564482 79.1053860184008 77.7216991629705 238.969643737819
889000 82.2399936170112 79.2077471433662 77.8019497381176 239.249690498495
890000 82.3118873522293 79.2514204028048 77.900920836438 239.464228591472
891000 82.3685496183792 79.3636153913071 77.96318743778 239.695352447466
892000 82.4195235597456 79.4828346016701 78.086980560361 239.989338721777
893000 82.4914015116718 79.5468844538543 78.1500215063361 240.188307471862
894000 82.5462139015662 79.6115174361931 78.2883302565601 240.446061594319
895000 82.6519609599999 79.751671767902 78.3372393768324 240.740872104734
896000 82.7186812392587 79.8000592144164 78.4709371836869 240.989677637362
897000 82.8156997016874 79.855511398474 78.5681788878838 241.239389988045
898000 82.8937554533415 79.9633098073164 78.6424133561059 241.499478616764
899000 82.9778235782376 80.0636395118295 78.7509943223221 241.792457412389
900000 83.0586257010783 80.1665140596035 78.790297388517 242.015437149199
901000 83.1519677124006 80.2525353298006 78.8767425345914 242.281245576793
902000 83.2503454160043 80.3375611778557 78.9133313350161 242.501237928876
903000 83.3331315867814 80.4250169124479 79.0397963563139 242.797944855543
904000 83.3823543552835 80.507290562442 79.144544094812 243.034189012538
905000 83.4330259158728 80.5890151192399 79.1895701328945 243.211611168007
906000 83.5265854665832 80.6857321091466 79.2912562593666 243.503573835096
907000 83.6268741362174 80.7468680486703 79.4437976249835 243.817539809871
908000 83.697342758257 80.8295840809448 79.4808970156623 244.007823854864
909000 83.7455189492775 80.9541174129498 79.5780508074711 244.277687169698
910000 83.8510702417449 81.0005326606727 79.6658110493439 244.517413951762
911000 83.9134534152253 81.1139217595408 79.7722671527663 244.799642327532
912000 83.9904918759325 81.2527978297921 79.8484366063608 245.091726312086
913000 84.1139398171073 81.374701823356 79.9652142801029 245.453855920566
914000 84.2087367352983 81.4287617063249 80.0168769788044 245.654375420428
915000 84.2757762643904 81.4551794933232 80.0857242339291 245.816679991643
916000 84.3855502553888 81.5697950856864 80.1264122557569 246.081757596832
917000 84.5008866074764 81.6699460909142 80.2268198874162 246.397652585807
918000 84.5419927487943 81.7588458828596 80.301670906309 246.602509537963
919000 84.6069255694839 81.8433013506851 80.4196697086838 246.869896628853
920000 84.7247309983385 81.9165172110385 80.5028879588174 247.144136168194
921000 84.8073150419611 82.0176322121295 80.5508197562654 247.375767010356
922000 84.8974021722153 82.11218935478 80.6796046989032 247.689196225898
923000 84.9640850585002 82.1900065189065 80.7612259322131 247.91531750962
924000 85.0860983074665 82.2773785638468 80.8348959176547 248.198372788968
925000 85.1381822258486 82.3503139102116 80.925939182852 248.414435318912
926000 85.2471279338071 82.4577205422045 80.952610554968 248.65745903098
927000 85.3195843968975 82.543479486691 81.0902277844363 248.953291668025
928000 85.4640088711118 82.6402586860305 81.1931965888523 249.297464145994
929000 85.5713325225967 82.7173556695034 81.3704204045797 249.65910859668
930000 85.6728733708487 82.8075272467349 81.4310551121351 249.911455729719
931000 85.770353029303 82.8831750330624 81.5654212913782 250.218949353744
932000 85.8631607472144 82.99856598217 81.6225546937829 250.484281423167
933000 85.9791900084069 83.0702224667237 81.7032199272003 250.752632402331
934000 86.0386386805386 83.1294394047775 81.748972807636 250.917050892952
935000 86.18629054006 83.2609941262237 81.842306821386 251.28959148767
936000 86.2736684539101 83.3192290775117 81.9040536602732 251.496951191695
937000 86.3976714802262 83.4331822699549 81.9708403043301 251.801694054511
938000 86.4507838406682 83.5145794327368 82.0729756121188 252.038338885524
939000 86.5375012118178 83.5612761033478 82.1528208708978 252.251598186063
940000 86.6572620087355 83.652463918201 82.2544165276908 252.564142454627
941000 86.6908149992399 83.7309780406123 82.3417633123779 252.76355635223
942000 86.7885721971149 83.8098501606051 82.4352587740649 253.033681131785
943000 86.8454007882141 83.8229849748868 82.4867689703182 253.155154733419
944000 86.966231824381 83.9230027448326 82.6021492809828 253.491383850196
945000 87.0608158568707 84.0509401413319 82.6749006125359 253.786656610739
946000 87.1166035790625 84.1288206328056 82.7576889000222 254.00311311189
947000 87.2705111286146 84.2142985244945 82.8344732056089 254.319282858718
948000 87.3737285194924 84.2976526586809 82.90753688663 254.578918064803
949000 87.4110661572364 84.3677801843535 82.998207275693 254.777053617283
950000 87.4922051320122 84.510293441754 83.0363196581872 255.038818231953
951000 87.5795979733013 84.5999350996123 83.0798640459555 255.259397118869
952000 87.6761411658278 84.6939647468743 83.2347340577591 255.604839970461
953000 87.746687694675 84.7775353425046 83.3236400007984 255.847863037978
954000 87.7942653598595 84.888910742736 83.3873815355209 256.070557638116
955000 87.8596988236029 84.97162118581 83.4732325376931 256.304552547106
956000 87.9484226161091 85.0224521904798 83.6023151072888 256.573189913878
957000 87.9980571804203 85.0665968995231 83.6793660988459 256.744020178789
958000 88.0857636754511 85.1708998504668 83.7149558015511 256.971619327469
959000 88.1718368391892 85.2478766049769 83.7891802218936 257.20889366606
960000 88.3062911822123 85.3221342621954 83.8929444736511 257.521369918059
961000 88.3766671702739 85.4215760746716 84.0053691207091 257.803612365655
962000 88.4448993918647 85.4935455880098 84.0843584004751 258.02280338035
963000 88.5646919783412 85.5823118233127 84.1198238924387 258.266827694093
964000 88.6496399995897 85.6738108672454 84.2268911035573 258.550341970392
965000 88.7891870123168 85.7290597894124 84.3096272357361 258.827874037465
966000 88.8875003814474 85.7751278328645 84.371896119808 259.03452433412
967000 88.9633646918672 85.7890196405549 84.466527828546 259.218912160968
968000 89.0115305690963 85.9012933391652 84.5510365133841 259.463860421646
969000 89.11577371117 85.9716204049661 84.6027563148133 259.690150430949
970000 89.1956348597807 86.0618956822417 84.7353045524465 259.992835094469
971000 89.2512258472741 86.1166267945667 84.825563349333 260.193415991174
972000 89.4029627321784 86.2162016373679 84.8956828681718 260.514847237718
973000 89.4316134226841 86.2929368270902 84.9589545746552 260.68350482443
974000 89.497777863191 86.3182534199653 85.0316343065175 260.847665589674
975000 89.6013976841 86.3673704496743 85.0909821124363 261.059750246211
976000 89.6739974752472 86.4671202300871 85.1273435497006 261.268461255035
977000 89.7770104027133 86.5191406290186 85.2053995369584 261.50155056869
978000 89.8987337628026 86.5939081338656 85.3493037763397 261.841945673008
979000 89.9522765201357 86.6963260859577 85.4060573845208 262.054659990614
980000 90.0599034063547 86.7207064166735 85.4841882588673 262.264798081895
981000 90.1168805621175 86.8237512010681 85.573203775246 262.513835538432
982000 90.1544571075358 86.9021473609687 85.6416888651043 262.698293333609
983000 90.2929143718453 86.9793769783906 85.697534136125 262.969825486361
984000 90.3735266842224 87.0609516635676 85.7675616535698 263.20204000136
985000 90.4726691763156 87.1540436750384 85.8399309608973 263.466643812251
986000 90.5743088862402 87.2643130993854 85.9656388505754 263.804260836201
987000 90.6339591536524 87.2999594543622 86.0465743522997 263.980492960314
988000 90.7084850582262 87.4169699457734 86.1147370731206 264.24019207712
989000 90.8129035534778 87.4932363636814 86.1450968572948 264.451236774454
990000 90.8926513139125 87.6334904987286 86.2469965647996 264.773138377441
991000 90.9789615548908 87.6447434358911 86.3435067269361 264.967211717718
992000 91.0557656684605 87.7002945660703 86.4807757053415 265.236835939872
993000 91.1416242729018 87.804932287099 86.5625567872799 265.509113347281
994000 91.2516222872524 87.8901108681376 86.6066590359485 265.748392191338
995000 91.3291663564556 87.982969491971 86.6651240628308 265.977259911257
996000 91.4914008965207 88.0788981871285 86.7089380673431 266.279237150992
997000 91.5586187865433 88.202530258762 86.8526015566599 266.613750601965
998000 91.6488531823526 88.3209551151086 86.9210006597366 266.890808957198
999000 91.7821014502504 88.3878022720947 87.0115344856003 267.181438207945
1000000 91.8551962780105 88.5221030377761 87.1111568642108 267.488456179997
1001000 91.9350032442208 88.5487906349652 87.14713775684 267.630931636026
1002000 92.0220847942861 88.6544350117039 87.2383211700935 267.914840976084
1003000 92.0748466239136 88.7708774053625 87.3448446047325 268.190568634009
1004000 92.1643565088641 88.8450698607726 87.4712053432348 268.480631712872
1005000 92.2503967724603 88.9737142709197 87.5437362289348 268.767847272315
1006000 92.3105444154997 89.0332070099966 87.6418426513898 268.985594076886
1007000 92.3970152619872 89.0752356189334 87.7223357551121 269.194586636033
1008000 92.4949460216831 89.1942131428934 87.7705858604063 269.459745024983
1009000 92.6061986016349 89.3086798050641 87.8382017208111 269.75308012751
1010000 92.6741721591738 89.3885618705503 87.9376119176466 270.000345947371
1011000 92.7715446173249 89.4505347871824 88.0041788282451 270.226258232752
1012000 92.8878514259171 89.5393236333641 88.0302745551406 270.457449614422
1013000 92.980564842091 89.6450415941111 88.1476844844435 270.773290920645
1014000 93.0618061983748 89.7034143652512 88.2111712805995 270.976391844225
1015000 93.1208047564084 89.7994677830477 88.3622392059126 271.282511745369
1016000 93.2420881351174 89.8117418544559 88.4468775102727 271.500707499846
1017000 93.3153523968404 89.9100930973422 88.5301598527238 271.755605346906
1018000 93.4377819492904 89.9728784760583 88.6025728757253 272.013233301074
1019000 93.5324403512739 90.05863980023 88.7157793271177 272.306859478622
1020000 93.5873415464399 90.1396911171128 88.7725784928868 272.499611156439
1021000 93.6966611949366 90.2825364783382 88.8830870587514 272.862284732026
1022000 93.7687699845506 90.3606850458366 88.9373395493513 273.066794579739
1023000 93.7872896394769 90.431440250141 89.0395365835552 273.258266473173
1024000 93.8991769145379 90.5477999261481 89.1290485170907 273.576025357777
1025000 93.971457576938 90.6196644635396 89.2181953863334 273.809317426811
1026000 94.028524518836 90.7122114969607 89.2653529351741 274.006088950971
1027000 94.1519688579437 90.7934226606085 89.3965078966633 274.341899415216
1028000 94.2398764918894 90.9396721512905 89.4404325314571 274.619981174637
1029000 94.3808854899681 90.9932704345095 89.5574332174002 274.931589141878
1030000 94.4331989398464 91.0681925977357 89.6266448056756 275.128036343258
1031000 94.505822140697 91.1929490798852 89.7279817432509 275.426752963833
1032000 94.5902916598465 91.3161259548164 89.8363810607033 275.742798675366
1033000 94.6871179395012 91.3937855414498 89.9082622556172 275.989165736568
1034000 94.754513647458 91.4551169530894 89.9626675130985 276.172298113646
1035000 94.8399336802046 91.5283313361276 90.11923177445 276.487496790782
1036000 94.9852914529593 91.5985999171999 90.1807477785642 276.764639148723
1037000 95.0464386080254 91.7184565615615 90.2835591877634 277.04845435735
1038000 95.1031131329626 91.8258159263237 90.4195080591757 277.348437118462
1039000 95.1836123410681 91.8844534941628 90.5005097266286 277.56857556186
1040000 95.2843903315609 91.9720502668263 90.5349060833944 277.791346681782
1041000 95.4207948387295 92.0655039691116 90.6133904227185 278.09968923056
1042000 95.4743325646564 92.116699483001 90.720067425356 278.311099473013
1043000 95.55147709827 92.2483303502115 90.8218472392507 278.621654687732
1044000 95.6557256824756 92.3309866615934 90.8737917367138 278.860504080783
1045000 95.790600826441 92.4022920445277 90.9814200857312 279.1743129567
1046000 95.9090279782675 92.4304153571481 91.054936930376 279.394380265792
1047000 95.924258746769 92.4958492440501 91.1445962091876 279.564704200007
1048000 96.0977448053762 92.60994306864 91.2707293458936 279.97841721991
1049000 96.1724750751797 92.6936351137082 91.3309842917872 280.197094480675
1050000 96.294201068905 92.7974825000802 91.4017525079686 280.493436076954
1051000 96.3949405113065 92.9186894312166 91.4777746348183 280.791404577341
1052000 96.4702498182647 93.0012032372218 91.5100885492639 280.981541604751
1053000 96.5409922928324 93.0237306735748 91.6052227272802 281.169945693687
1054000 96.6411137821541 93.1575628376569 91.7205356941046 281.519212313916
1055000 96.7708890046725 93.2020479976755 91.8042220118136 281.777159014162
1056000 96.8120610215585 93.3439104039302 91.8686064963883 282.024577921877
1057000 96.8603744674703 93.3963666585384 91.9391287259268 282.195869851936
1058000 96.9685403082008 93.46694127755 92.0351559825746 282.470637568325
1059000 97.0336379372991 93.4838479137417 92.121872738565 282.639358589606
1060000 97.1339095558202 93.5938487933459 92.2197901984994 282.947548547665
1061000 97.2459505725907 93.6942624848954 92.284734651203 283.224947708689
1062000 97.3069586310725 93.811162456661 92.3710333218116 283.489154409545
1063000 97.3495939424728 93.8917959286642 92.4414152889441 283.682805160081
1064000 97.4202997833683 94.0132267347451 92.5260064697011 283.959532987814
1065000 97.482749260956 94.1168152524397 92.622293342275 284.221857855671
1066000 97.5783669578395 94.1973373518149 92.7131304473915 284.488834757046
1067000 97.6294194906207 94.2952731441135 92.7578007402691 284.682493375003
1068000 97.7434034412965 94.3899501134043 92.8165653981956 284.949918952896
1069000 97.7894960680591 94.4769498618617 92.9049151096626 285.171361039583
1070000 97.9249731487477 94.5515759260628 92.9698244201184 285.446373494929
1071000 98.0299205451195 94.6543708204425 93.0623767639526 285.746668129515
1072000 98.0811356389741 94.7369357081244 93.1463862153161 285.964457562415
1073000 98.2073377440262 94.8134275449032 93.2966384337225 286.317403722652
1074000 98.2784279350765 94.891642728663 93.3429766044903 286.51304726823
1075000 98.3887160452956 94.9815213861615 93.3894919987171 286.759729430174
1076000 98.4351350947665 95.0904247195507 93.4936695310372 287.019229345354
1077000 98.525648454575 95.1870480072015 93.5418695460456 287.254566007822
1078000 98.6954460956376 95.304659145133 93.6261299525781 287.626235193349
1079000 98.7575048805313 95.4440742790333 93.701774786264 287.903353945829
1080000 98.8770284220783 95.5070008592044 93.7851000640256 288.169129345308
1081000 98.9932101405797 95.5592573945018 93.8978957286525 288.450363263734
1082000 99.0903984903861 95.6177773453839 93.9333423424946 288.641518178265
1083000 99.1515810645582 95.6470553908565 94.0325262952034 288.831162750618
1084000 99.2165404549078 95.7697393750329 94.1365490402534 289.122828870194
1085000 99.2785284190713 95.8023114958759 94.2153663171912 289.296206232138
1086000 99.3527001071628 95.855935286287 94.3427912723216 289.551426665771
1087000 99.4526802649593 96.0139803172981 94.3745029343524 289.84116351661
1088000 99.53577619651 96.0994570077956 94.5391758396715 290.174409043977
1089000 99.5863846743286 96.2291792918183 94.6326985314368 290.448262497584
1090000 99.6356253484739 96.2885594072569 94.6736593475513 290.597844103282
1091000 99.7043689554079 96.3400034224843 94.7710639367511 290.815436314643
1092000 99.7780935851062 96.4687475699028 94.8276557383008 291.07449689331
1093000 99.8711118715807 96.4943578874898 94.909433968232 291.274903727302
1094000 99.9144164750985 96.6179606634318 94.9487063357266 291.481083474257
1095000 99.9920065919325 96.6349916686566 95.0543043175033 291.681302578092
1096000 100.095574067124 96.7349865979621 95.1025159228725 291.933076587959
1097000 100.151283008542 96.80128557171 95.1316645273702 292.084233107622
1098000 100.235412787182 96.8610724550834 95.2086202379232 292.305105480189
1099000 100.391226179265 96.9725896213522 95.2809591423904 292.644774943008
1100000 100.479733476217 97.053308798281 95.3185107802026 292.8515530547
1101000 100.578567950381 97.1627444345702 95.4407705655969 293.182082950548
1102000 100.655950157538 97.2473115089164 95.5193418755226 293.422603541977
1103000 100.730478328763 97.3879711575715 95.6144284550614 293.732877941396
1104000 100.774594610768 97.4709609615025 95.682945273233 293.928500845503
1105000 100.871991187416 97.5664066879696 95.7912896944672 294.229687569852
1106000 100.969032278055 97.6071860038448 95.9007207171765 294.476938999076
1107000 101.050521110702 97.6697523036824 95.9304743873553 294.65074780174
1108000 101.119405618531 97.7937570660081 96.0140840612348 294.927246745774
1109000 101.21422314631 97.8526620608001 96.0881743378824 295.155059544992
1110000 101.259248981802 97.9547940892951 96.1965959228592 295.410638993957
1111000 101.318351020534 98.0228393605714 96.3346272593155 295.675817640421
1112000 101.355631507602 98.1185616185396 96.3848697564699 295.859062882612
1113000 101.454742516155 98.191748353396 96.4405708110673 296.087061680618
1114000 101.512435646233 98.3475663151148 96.5133079097389 296.373309871087
1115000 101.618556722061 98.4145823322204 96.6347595626305 296.667898616912
1116000 101.689846171195 98.5027836397267 96.7311240069126 296.923753817834
1117000 101.816694678865 98.5532446673877 96.8304096690146 297.200349015268
1118000 101.916325910705 98.6785859642757 96.8958270485306 297.490738923511
1119000 102.015609332471 98.7414143870346 96.9760110782292 297.733034797735
1120000 102.106307683948 98.8657201068922 97.0480290184714 298.020056809312
1121000 102.204591217338 99.0091687702708 97.1689436750614 298.38270366267
1122000 102.321232412772 99.0224945028035 97.2373356445897 298.581062560165
1123000 102.384564180698 99.1423188940086 97.301254613712 298.828137688418
1124000 102.431261202481 99.170816660803 97.4341305624185 299.036208425702
1125000 102.539434339645 99.2577570936627 97.514143961817 299.311335395125
1126000 102.663389944531 99.316105626063 97.5917947737713 299.571290344365
1127000 102.727367787964 99.438570691917 97.7323482013362 299.898286681217
1128000 102.82699008558 99.5600167404169 97.7838980044689 300.170904830466
1129000 102.871041672259 99.6562833329733 97.8534456232578 300.38077062849
1130000 103.000934039045 99.6792833472429 97.9317267127011 300.611944098989
1131000 103.094435643617 99.7814207086506 98.0781941505234 300.954050502791
1132000 103.166594171649 99.9089946289731 98.1321105849143 301.207699385536
1133000 103.263381874715 99.9729333441061 98.2124453926457 301.448760611467
1134000 103.355661765223 100.042146061962 98.2894728265851 301.687280653771
1135000 103.441656471797 100.13104430154 98.3749886586029 301.947689431939
1136000 103.552673826896 100.227877580483 98.4340597143367 302.214611121715
1137000 103.613374239853 100.365743818386 98.5321289746817 302.511247032921
1138000 103.690657602128 100.406867767068 98.62392497196 302.721450341155
1139000 103.763886286217 100.43929330201 98.693973312544 302.897152900771
1140000 103.868869967026 100.52690248429 98.8358417423729 303.231614193689
1141000 103.932484207396 100.657897378555 98.8950108708514 303.485392456802
1142000 104.08864950585 100.692321813848 98.9701669968711 303.751138316569
1143000 104.131012120796 100.754236853122 99.0541895859138 303.939438559832
1144000 104.230825084721 100.86364973958 99.1488067319031 304.243281556205
1145000 104.326254404373 100.924790444938 99.265705549974 304.516750399285
1146000 104.438500303099 101.028829153686 99.3092394308852 304.776568887671
1147000 104.550783394487 101.114323494896 99.4131916007602 305.078298490143
1148000 104.683161808593 101.201624333082 99.5238705572293 305.408656698905
1149000 104.783170170209 101.255592671058 99.5938519828258 305.632614824094
1150000 104.849144039886 101.385593588521 99.7005466804782 305.935284308885
1151000 104.919429085602 101.461258783458 99.7718050758715 306.152492944931
1152000 104.968646432146 101.532270454299 99.8178234871169 306.318740373562
1153000 105.045304720589 101.600520612051 99.9391008893144 306.584926221955
1154000 105.115301673474 101.661761186326 100.028060156673 306.805123016473
1155000 105.180714097016 101.786075815491 100.121032404109 307.087822316617
1156000 105.244708150802 101.832147587954 100.232981252324 307.30983699108
1157000 105.339493807403 101.982926329078 100.311288106536 307.633708243018
1158000 105.418068692343 102.094174390298 100.34499319769 307.857236280331
1159000 105.454742865492 102.182673600843 100.446586441713 308.084002908048
1160000 105.560504244595 102.24281896613 100.583246218662 308.386569429387
1161000 105.664768258222 102.32007098132 100.618654038593 308.603493278135
1162000 105.785766056747 102.340062594293 100.721328316909 308.847156967949
1163000 105.857908758371 102.433497687943 100.821757431156 309.113163877469
1164000 106.007061529435 102.551729943967 100.880961199053 309.439752672455
1165000 106.069254585408 102.625475368372 100.949157026859 309.643886980638
1166000 106.169857564333 102.724190288253 101.066478799988 309.960526652573
1167000 106.249539518321 102.810368187646 101.122816391435 310.182724097403
1168000 106.320440428108 102.859040039089 101.229161094992 310.408641562189
1169000 106.407654868176 102.894866423729 101.350806520218 310.653327812124
1170000 106.507281268502 102.942546583305 101.421034297071 310.870862148878
1171000 106.551806326644 103.037866234572 101.516385549488 311.106058110704
1172000 106.623934052057 103.128094176081 101.591812185015 311.343840413153
1173000 106.76909812018 103.225937900316 101.660695242151 311.655731262646
1174000 106.788663640911 103.343792560764 101.747435344095 311.87989154577
1175000 106.933644644725 103.386784122818 101.835494159498 312.155922927042
1176000 106.985302380799 103.485046261114 101.901464183083 312.371812824995
1177000 107.098312544055 103.601105305558 102.004986119865 312.704403969478
1178000 107.173407238332 103.627905433848 102.098861488475 312.900174160654
1179000 107.23469256731 103.707456098305 102.192182981156 313.134331646771
1180000 107.305730382435 103.821475222693 102.29094924571 313.418154850837
1181000 107.38775459724 103.914554558537 102.327942828326 313.630251984102
1182000 107.452641738878 104.039973550208 102.453628562106 313.946243851192
1183000 107.547077506681 104.044519998196 102.50892801214 314.100525517018
1184000 107.656409444431 104.135523564283 102.588948543824 314.380881552539
1185000 107.767190706152 104.1839227025 102.686595916146 314.637709324798
1186000 107.826913293699 104.270409994258 102.815524078759 314.912847366716
1187000 107.910269294947 104.391784807804 102.906272177746 315.208326280498
1188000 108.00092991907 104.499615013036 102.984347527148 315.484892459254
1189000 108.075586729473 104.586934256535 103.106750943862 315.76927192987
1190000 108.184692748143 104.658972617588 103.202040932236 316.045706297967
1191000 108.217341743193 104.725437807119 103.261679322865 316.204458873177
1192000 108.309753816926 104.83979083267 103.328644036469 316.478188686066
1193000 108.449148383437 104.930880385846 103.373162795411 316.753191564695
1194000 108.520448973148 104.984930379542 103.451973626934 316.957352979624
1195000 108.612275250971 105.053246037486 103.558006809946 317.223528098403
1196000 108.67217509008 105.101282187364 103.602780826168 317.376238103612
1197000 108.756650760502 105.16708351182 103.743317653387 317.667051925708
1198000 108.862574145234 105.275363788338 103.817362110954 317.955300044526
1199000 108.952167444349 105.404180445723 103.892835782681 318.249183672753
1200000 109.02641627399 105.502321131934 103.987518457322 318.516255863246
1201000 109.109779863235 105.591901522128 104.102538111153 318.804219496516
1202000 109.183457291849 105.697861113777 104.139583119223 319.02090152485
1203000 109.240544026144 105.806540076102 104.1890548295 319.236138931746
1204000 109.356687206708 105.828444697757 104.285592753138 319.470724657603
1205000 109.488197844852 105.95917548659 104.39954770347 319.846921034912
1206000 109.610448113557 106.047108632797 104.48155353924 320.139110285594
1207000 109.679183824028 106.105754925455 104.518772909436 320.303711658918
1208000 109.794604360388 106.170930133154 104.590296805179 320.555831298721
1209000 109.887390558778 106.24534884571 104.658484871524 320.791224276013
1210000 109.965416486635 106.350913611826 104.744696478304 321.061026576765
1211000 110.051687915047 106.4341673212 104.793883571144 321.27973880739
1212000 110.237614287072 106.489597451087 104.885755993285 321.612967731445
1213000 110.264326607208 106.555170017205 104.920082170887 321.739578795299
1214000 110.41301523141 106.622048175454 105.021394368331 322.056457775195
1215000 110.530941873179 106.693352267836 105.088742888954 322.313037029968
1216000 110.609840602754 106.842622042119 105.152073081933 322.604535726806
1217000 110.698361078275 106.911729753779 105.305493500722 322.915584332776
1218000 110.762426249173 107.015776955343 105.372181864377 323.150385068893
1219000 110.841292702096 107.115779858862 105.488142092909 323.445214653867
1220000 110.847204056722 107.20855893116 105.532903157901 323.588666145784
1221000 110.933586526386 107.277667695539 105.586773139731 323.798027361656
1222000 111.003374241362 107.380525192286 105.697542570598 324.081442004247
1223000 111.058104078108 107.424862045233 105.805769456075 324.288735579416
1224000 111.163998920378 107.527462276385 105.922691487879 324.614152684642
1225000 111.266935953115 107.606439603137 105.990229129586 324.863604685838
1226000 111.381462000737 107.634856914974 106.066945616926 325.083264532637
1227000 111.48782807572 107.750181184569 106.14302641438 325.381035674669
1228000 111.588512864348 107.757735454757 106.248479517641 325.594727836746
1229000 111.665430975687 107.826819442008 106.274030208204 325.766280625899
1230000 111.794820872482 107.883135057506 106.363838163426 326.041794093415
1231000 111.838212598312 108.028512973078 106.490470856955 326.357196428344
1232000 111.917501655119 108.101710131817 106.535516769605 326.554728556541
1233000 111.996219726867 108.215219255029 106.635199734019 326.846638715915
1234000 112.053005761879 108.242647253661 106.687726091897 326.983379107437
1235000 112.101522050552 108.358021963018 106.786466329568 327.246010343138
1236000 112.200454629122 108.423719652826 106.904672146818 327.528846428767
1237000 112.248943065568 108.51006033334 106.953197482312 327.71220088122
1238000 112.303092911881 108.611723637652 107.030587541187 327.945404090721
1239000 112.371671417105 108.667630551954 107.134379439239 328.173681408298
1240000 112.488179427093 108.789543236764 107.233747452677 328.511470116534
1241000 112.56191046853 108.883290616504 107.321441994925 328.766643079959
1242000 112.693678305336 108.922551649845 107.398012137593 329.014242092774
1243000 112.749462587688 109.03667693886 107.488227333834 329.274366860382
1244000 112.842262251889 109.098208351544 107.592063434004 329.532534037437
1245000 112.929696935693 109.248208219671 107.630304071087 329.808209226452
1246000 113.038165943915 109.283309074998 107.733315425439 330.054790444351
1247000 113.069635203652 109.336076478108 107.82472433717 330.23043601893
1248000 113.145755798135 109.4009782925 107.934340273411 330.481074364046
1249000 113.291894700596 109.49792605873 108.028177860828 330.817998620154
1250000 113.382147621838 109.606030184331 108.080193114621 331.06837092079
1251000 113.504560940707 109.657603694862 108.103029265782 331.265193901351
1252000 113.593230089755 109.791696505766 108.14520742831 331.530134023831
1253000 113.644152954822 109.784962066347 108.218745029686 331.647860050855
1254000 113.78563709111 109.859665913018 108.323335957027 331.968638961155
1255000 113.915165220196 109.957584080723 108.315867004896 332.188616305815
1256000 113.997620130283 110.041829574555 108.401761403779 332.441211108617
1257000 114.11444283451 110.126743353102 108.482729680257 332.723915867869
1258000 114.182712377655 110.168135868352 108.542146550542 332.892994796549
1259000 114.272559454343 110.312990533095 108.614233016932 333.19978300437
1260000 114.346634050071 110.293304674225 108.66610853294 333.306047257236
1261000 114.44520431169 110.429131187243 108.760860544714 333.635196043646
1262000 114.528766314035 110.46065815082 108.840515953978 333.829940418832
1263000 114.632276679415 110.512590602387 108.864318497279 334.009185779082
1264000 114.710669066445 110.639569243346 108.912490676488 334.262728986279
1265000 114.753308481639 110.711969261714 109.005816927557 334.471094670911
1266000 114.881760971988 110.813412528995 109.098709447227 334.793882948211
1267000 114.980271442493 110.852623687103 109.161041144577 334.993936274173
1268000 115.089108046072 111.008685575867 109.274804993028 335.372598614966
1269000 115.196214875229 111.078323735926 109.308699539799 335.583238150954
1270000 115.238754325502 111.134782941622 109.403625563549 335.777162830674
1271000 115.359889918522 111.236300977971 109.536146071584 336.132336968077
1272000 115.451956821371 111.374113726958 109.63972236402 336.465792912348
1273000 115.509795403698 111.41516240073 109.715620557555 336.640578361983
1274000 115.588503779737 111.518203972977 109.793810091727 336.900517844441
1275000 115.707005865416 111.561022403509 109.87388649241 337.141914761335
1276000 115.825770841485 111.689750473021 109.950884911962 337.466406226469
1277000 115.920276474289 111.782955162557 110.010468482043 337.713700118889
1278000 116.034920142802 111.855662312586 110.137040473517 338.027622928906
1279000 116.081131869146 111.885134569532 110.227152106948 338.193418545626
1280000 116.26405986014 112.020366122494 110.335339973317 338.619765955951
1281000 116.326870741422 112.075897476812 110.424658840354 338.827427058588
1282000 116.373553511974 112.144272603822 110.497603658908 339.015429774703
1283000 116.502556103122 112.163912332048 110.597395527281 339.263863962451
1284000 116.555113635566 112.260064335802 110.715657935397 339.530835906765
1285000 116.67020746189 112.371519823633 110.804840142821 339.846567428345
1286000 116.76908593954 112.455526597383 110.872442262515 340.097054799438
1287000 116.85576462264 112.47383636324 110.949638426498 340.279239412378
1288000 116.909864013442 112.529645722184 111.023535105587 340.463044841213
1289000 117.000978391859 112.594688555718 111.139705688723 340.7353726363
1290000 117.057427512589 112.708108725706 111.212898458917 340.978434697212
1291000 117.145128041569 112.765867269258 111.288452133896 341.199447444723
1292000 117.213355399497 112.848052512156 111.319556646702 341.380964558354
1293000 117.315982957165 112.942539084382 111.40179511413 341.660317155676
1294000 117.383110434275 113.045691081334 111.475653989561 341.90445550517
1295000 117.457993984149 113.176960610367 111.574641480309 342.209596074825
1296000 117.559384948256 113.191391936153 111.600304187886 342.351081072295
1297000 117.662136159446 113.321255588776 111.677796620307 342.661188368529
1298000 117.767899540973 113.361874907573 111.732187323037 342.861961771584
1299000 117.83583106106 113.441016649939 111.7604084812 343.037256192199
1300000 117.988980636998 113.482406572728 111.882715533668 343.354102743394
1301000 118.020287944665 113.609014883625 111.979077018572 343.608379846861
1302000 118.103650787524 113.683525247802 112.086286974089 343.873463009414
1303000 118.192497328118 113.798660829289 112.207701983472 344.198860140878
1304000 118.212969064715 113.968475639708 112.26239250374 344.443837208162
1305000 118.310933059166 114.006419572175 112.418343010788 344.735695642129
1306000 118.409525120021 114.063516861146 112.496896550978 344.969938532146
1307000 118.469591854218 114.161496269105 112.648004410307 345.279092533629
1308000 118.611254669625 114.188307249878 112.707155941897 345.506717861401
1309000 118.657247485962 114.320218049178 112.747953978447 345.725419513587
1310000 118.72517293029 114.478737076942 112.834054696438 346.03796470367
1311000 118.804590823668 114.521366840177 112.930914287426 346.25687195127
1312000 118.86903120167 114.551921695117 113.031618323271 346.452571220058
1313000 119.004780036764 114.592346184166 113.07599693823 346.673123159159
1314000 119.07733361334 114.704157006251 113.136579601798 346.918070221389
1315000 119.157610763736 114.767556964606 113.194601913051 347.119769641393
1316000 119.260948523768 114.884366878866 113.22200511449 347.367320517124
1317000 119.336192104011 114.99152135461 113.341357874265 347.669071332886
1318000 119.392141538855 115.078049277721 113.408665749804 347.87885656638
1319000 119.493858350213 115.142251821054 113.557375119966 348.193485291233
1320000 119.589172181204 115.194872779024 113.650355246288 348.434400206516
1321000 119.717479761409 115.301508455001 113.708770531099 348.727758747509
1322000 119.809294380657 115.343265946108 113.797084216317 348.949644543081
1323000 119.83905469024 115.376236104469 113.866735937717 349.082026732426
1324000 119.940592901419 115.480290114291 113.912597177284 349.333480192994
1325000 120.011037600297 115.522870761302 113.963673895932 349.497582257532
1326000 120.102308119336 115.603698631892 114.107811782953 349.813818534181
1327000 120.139755002043 115.736412124372 114.179548587789 350.055715714204
1328000 120.269820045145 115.79726944753 114.277904987926 350.3449944806
1329000 120.297637102144 115.88436030257 114.32268317658 350.504680581294
1330000 120.412340274662 115.898133386854 114.418609495582 350.729083157098
1331000 120.492227299921 115.979689380689 114.476717071659 350.948633752268
1332000 120.586155033813 116.061854641129 114.6134840228 351.261493697742
1333000 120.698302325542 116.100968840455 114.699694928572 351.498966094569
1334000 120.814829044484 116.210171996693 114.783711276306 351.808712317484
1335000 120.913251240628 116.259949495077 114.886179156469 352.059379892174
1336000 121.000282523146 116.349686598282 114.898597667091 352.248566788518
1337000 121.084802565718 116.469555600957 114.956153491301 352.510511657976
1338000 121.144662076924 116.524819388467 115.02564399984 352.695125465231
1339000 121.251701157475 116.641513466951 115.156996447141 353.050211071567
1340000 121.352659592821 116.747008892936 115.250484224708 353.350152710466
1341000 121.425770397601 116.761461782311 115.312528890456 353.499761070368
1342000 121.483075827805 116.868755050032 115.444748728485 353.796579606322
1343000 121.602806750626 116.998258794198 115.501900583165 354.102966127989
1344000 121.72426841134 117.038834515601 115.594558545961 354.357661472902
1345000 121.847283295243 117.129970361034 115.670457950287 354.647711606564
1346000 121.938888834401 117.181907031511 115.747983593559 354.868779459471
1347000 121.994168468331 117.291981362108 115.786690231973 355.072840062412
1348000 122.072355953798 117.388082781547 115.87684946482 355.337288200165
1349000 122.138289630807 117.477042870981 115.966750058422 355.58208256021
1350000 122.253819944533 117.513890648553 116.016037895621 355.783748488707
1351000 122.333384297004 117.673821848286 116.139797691825 356.147003837115
1352000 122.406797839825 117.770789960751 116.249795997221 356.427383797797
1353000 122.477307117191 117.832874769056 116.332783213961 356.642965100208
1354000 122.563456533073 117.969400478947 116.361269418406 356.894126430425
1355000 122.696241036738 118.053572780322 116.440679689829 357.190493506889
1356000 122.748638758203 118.13912003376 116.552610405344 357.440369197308
1357000 122.850121131089 118.155952963576 116.63906507517 357.645139169835
1358000 122.934463316562 118.29061980887 116.756032700774 357.981115826206
1359000 123.061411242541 118.333461799755 116.794655134797 358.189528177093
1360000 123.134357486718 118.461290875164 116.878043577567 358.473691939448
1361000 123.21387438899 118.537704255258 116.945665706122 358.69724435037
1362000 123.252995685412 118.620714708394 117.006310506435 358.880020900241
1363000 123.339445598115 118.707234264721 117.090943007001 359.137622869837
1364000 123.407338272208 118.806622279884 117.152686451519 359.36664700361
1365000 123.453320243225 118.849724657463 117.304293828052 359.60733872874
1366000 123.569688406111 118.912340682127 117.326326399181 359.808355487419
1367000 123.637183142364 118.967011579694 117.455854661562 360.06004938362
1368000 123.738139173643 119.11232936499 117.51745636843 360.367924907063
1369000 123.803112403667 119.138450940375 117.560043995192 360.501607339234
1370000 123.870880722212 119.205873491192 117.645575679406 360.72232989281
1371000 123.929730003847 119.291257482708 117.703232736279 360.924220222835
1372000 123.985368749905 119.383285609119 117.754160802374 361.122815161399
1373000 124.062965426459 119.426691831324 117.86449913382 361.354156391602
1374000 124.13638146343 119.481525897721 117.961278636187 361.579185997337
1375000 124.19340976846 119.612764335066 118.062235606075 361.8684097096
1376000 124.30721446184 119.656498980721 118.122253374794 362.085966817356
1377000 124.416217012922 119.706644100163 118.190248993654 362.313110106739
1378000 124.489477841264 119.806851467632 118.242698646807 362.539027955703
1379000 124.53060321791 119.930042001448 118.347642691431 362.808287910789
1380000 124.669167436698 120.022638102475 118.374928790516 363.066734329689
1381000 124.715694397686 120.07801314556 118.508793424813 363.302500968058
1382000 124.785062291408 120.15222875653 118.524463673724 363.461754721662
1383000 124.831151005945 120.222773753732 118.640461159418 363.694385919095
1384000 124.954640390312 120.257153665313 118.708710395954 363.920504451579
1385000 125.073465023915 120.3702883056 118.731232276277 364.174985605792
1386000 125.11664296816 120.435049780423 118.77165829833 364.323351046913
1387000 125.236932479567 120.577822520577 118.908325115294 364.723080115438
1388000 125.329071640288 120.659125475788 119.021608272718 365.009805388793
1389000 125.385320249677 120.737720104904 119.078802303361 365.201842657942
1390000 125.514864399867 120.796939406351 119.10848681787 365.420290624088
1391000 125.552752455051 120.857858599741 119.215888328866 365.626499383658
1392000 125.680870901573 120.986865859166 119.285695233388 365.953431994127
1393000 125.735675996111 121.091753593368 119.406875078239 366.234304667718
1394000 125.833153029766 121.208824731506 119.499708634242 366.541686395513
1395000 125.927747102171 121.258238618301 119.560708864196 366.746694584667
1396000 126.027155646494 121.29480141287 119.628028466061 366.949985525425
1397000 126.133297974413 121.357029675876 119.707203538603 367.197531188892
1398000 126.168168005936 121.450229021176 119.764453214108 367.38285024122
1399000 126.25408298849 121.571124878545 119.846259184838 367.671467051874
1400000 126.283729725835 121.624584173377 119.900372928177 367.808686827388
1401000 126.340029469816 121.756645741972 120.003709897244 368.100385109032
1402000 126.42587269105 121.819944573335 120.058492229345 368.30430949373
1403000 126.498829559274 121.921153436608 120.109183947614 368.529166943495
1404000 126.608139650756 122.029731024489 120.170788377337 368.808659052582
1405000 126.68104542449 122.138248798113 120.197277457508 369.01657168011
1406000 126.780984255802 122.232164625938 120.299303353823 369.312452235563
1407000 126.773205357663 122.339611754402 120.387344047004 369.500161159069
1408000 126.872441493552 122.397440317591 120.450330452795 369.720212263938
1409000 126.973712481134 122.496298845526 120.504892467822 369.974903794482
1410000 127.015747466886 122.545878253339 120.632626727841 370.194252448067
1411000 127.13501239402 122.64921294336 120.627185523758 370.411410861139
1412000 127.176102971557 122.747188900367 120.761646612923 370.684938484846
1413000 127.272689113246 122.879578616391 120.890538094604 371.042805824241
1414000 127.371420558087 122.994993040479 120.971918362794 371.33833196136
1415000 127.487954159858 123.064765632381 121.084131131329 371.636850923568
1416000 127.587835286681 123.138912535952 121.149754515968 371.876502338601
1417000 127.634090916722 123.28914118839 121.261255268869 372.184487373981
1418000 127.65374518108 123.360144903989 121.361925242521 372.375815327591
1419000 127.801853849815 123.373814698204 121.502384106339 372.678052654357
1420000 127.899481462295 123.511859521291 121.573960607479 372.985301591065
1421000 127.993201168257 123.583946222596 121.66747025346 373.244617644313
1422000 128.10189637654 123.644853714224 121.725941140105 373.472691230869
1423000 128.172625431892 123.728655218172 121.76847197117 373.669752621234
1424000 128.28032385497 123.82053912247 121.881948833638 373.982811811078
1425000 128.358506964123 123.86103338507 121.939018967906 374.158559317099
1426000 128.470728942166 124.004878893674 122.004703225294 374.480311061135
1427000 128.500215556012 124.090584917331 122.066580776916 374.657381250259
1428000 128.615568014944 124.200760025582 122.077439711582 374.893767752107
1429000 128.68870633375 124.314250159011 122.146158631847 375.149115124609
1430000 128.780909995583 124.350631972626 122.214189838268 375.345731806477
1431000 128.81482279627 124.449924944577 122.318681685472 375.58342942632
1432000 129.002363354854 124.479316971418 122.404638849789 375.886319176061
1433000 129.113983952728 124.545118668475 122.49426334474 376.153365965944
1434000 129.214983447028 124.629471792022 122.60803930715 376.4524945462
1435000 129.295381500418 124.663241706572 122.630454806824 376.589078013815
1436000 129.3355160431 124.73190860363 122.679470899659 376.746895546389
1437000 129.429613857803 124.817730194995 122.759440262622 377.006784315419
1438000 129.527115579376 124.883566992553 122.795394324349 377.206076896278
1439000 129.590061111359 124.963066395814 122.93578088146 377.488908388633
1440000 129.637902676052 125.053467601207 122.977222620145 377.668592897404
1441000 129.741072205328 125.11331658973 123.070853743209 377.925242538267
1442000 129.857969808931 125.249134803961 123.179775614423 378.286880227316
1443000 129.888390764067 125.304506586296 123.248525933524 378.441423283887
1444000 130.010071082749 125.382603558223 123.360437772607 378.753112413579
1445000 130.109521319934 125.477427276254 123.466695349436 379.053643945624
1446000 130.215100843891 125.610497055989 123.515518272729 379.341116172609
1447000 130.366460259832 125.69729145734 123.619142151792 379.682893868964
1448000 130.434469060883 125.722387576062 123.650256526572 379.807113163518
1449000 130.561565479339 125.810340601643 123.743908950828 380.11581503181
1450000 130.55024261426 125.937061214855 123.773673929523 380.260977758638
1451000 130.638699237462 125.983188822742 123.92020944844 380.542097508644
1452000 130.719352080395 126.048516321054 123.977996520389 380.745864921838
1453000 130.788818570933 126.09482132386 124.0604460054 380.944085900193
1454000 130.900778740849 126.172474254368 124.180968771876 381.254221767093
1455000 130.960616494699 126.225065890019 124.224685451928 381.410367836646
1456000 131.063745498201 126.294731580363 124.293269240809 381.651746319373
1457000 131.110287722722 126.416060751677 124.369250368146 381.895598842545
1458000 131.224382839987 126.520044718253 124.458407291315 382.202834849556
1459000 131.29440846926 126.608548488626 124.576322517221 382.479279475108
1460000 131.442576092499 126.752431251668 124.694797023841 382.889804368008
1461000 131.540296098013 126.852132287772 124.773708487214 383.166136872999
1462000 131.657493063065 126.938106478516 124.855685614526 383.451285156106
1463000 131.74939684859 127.010881957903 124.890618171171 383.650896977664
1464000 131.850826058193 127.117340470029 125.041800466219 384.009966994442
1465000 131.958486006201 127.160896704255 125.122689386643 384.242072097099
1466000 132.024006924756 127.306700500532 125.220360010441 384.551067435729
1467000 132.106941761173 127.329762667196 125.31878071974 384.755485148109
1468000 132.209086219499 127.385471550384 125.353549913504 384.948107683387
1469000 132.264360199169 127.475468359302 125.472418473602 385.212247032074
1470000 132.336334698204 127.538456189519 125.521734127485 385.396525015208
1471000 132.460357600481 127.579571091956 125.59935528515 385.639283977587
1472000 132.559208368833 127.713585086159 125.683924127251 385.956717582243
1473000 132.63199958555 127.730965123006 125.737899656971 386.100864365526
1474000 132.718918179671 127.806614708387 125.785191069916 386.310723957975
1475000 132.804881165448 127.923876168604 125.860823202238 386.58958053629
1476000 132.91580560286 128.038775091594 125.978092686343 386.932673380797
1477000 132.961350672283 128.135805900567 126.07174786415 387.168904437001
1478000 133.078605347745 128.160598715355 126.146980594473 387.386184657572
1479000 133.196030454121 128.304277794675 126.219076105129 387.719384353925
1480000 133.203625029903 128.393486279354 126.251525197511 387.848636506768
1481000 133.23169494889 128.456493796376 126.324828930547 388.013017675813
1482000 133.372833631379 128.511491313257 126.495314932402 388.379639877037
1483000 133.499684827514 128.603044710419 126.486130695381 388.588860233314
1484000 133.646988389353 128.723710940297 126.594075783866 388.964775113515
1485000 133.674562861326 128.771108263187 126.722539734146 389.168210858659
1486000 133.779512987503 128.888833790935 126.788756017824 389.457102796263
1487000 133.820625108039 129.034079342774 126.911713796442 389.766418247256
1488000 133.933830724736 129.105905616993 126.913124739613 389.952861081342
1489000 134.01392684056 129.174124637642 127.022083927069 390.210135405271
1490000 134.118152134078 129.196176351936 127.081610414701 390.395938900715
1491000 134.196609875097 129.306845668078 127.176683827053 390.680139370228
1492000 134.308842690377 129.408577835551 127.267157610557 390.984578136486
1493000 134.31701146679 129.480552664359 127.35263094698 391.15019507813
1494000 134.414116247503 129.579546839661 127.459921385387 391.453584472552
1495000 134.543850282797 129.632362499412 127.511261323739 391.687474105947
1496000 134.639671643663 129.733442467045 127.654716747541 392.027830858249
1497000 134.732364589924 129.797812370407 127.684347699107 392.214524659438
1498000 134.77106458586 129.854123688013 127.783241753972 392.408430027845
1499000 134.842072736232 129.885458629427 127.941066454296 392.668597819955
1500000 134.958722334026 129.980714999205 127.983622199752 392.923059532983
1501000 135.006882084821 130.022026495198 128.079344611807 393.108253191826
1502000 135.173430662355 130.145073435841 128.1515647036 393.470068801796
1503000 135.216095500003 130.19648385516 128.23537688655 393.647956241713
1504000 135.276759898658 130.246455345737 128.285636839465 393.80885208386
1505000 135.33957309323 130.330427428611 128.391418280834 394.061418802675
1506000 135.423556700532 130.427300880068 128.448536383289 394.299393963889
1507000 135.481412413494 130.5492489905 128.575962258474 394.606623662468
1508000 135.577840454004 130.640716441286 128.626769627082 394.845326522372
1509000 135.649956557851 130.686308419848 128.749953044117 395.086218021815
1510000 135.725340689393 130.791862289063 128.854926676839 395.372129655296
1511000 135.86290161232 130.801579493517 128.936627966528 395.601109072366
1512000 135.919690694527 130.866622990309 129.000715296409 395.787028981245
1513000 135.983838769864 130.955806416832 129.129535040923 396.069180227619
1514000 136.047711077716 131.013898606858 129.1951266002 396.256736284774
1515000 136.17597862946 131.146454770917 129.262197068044 396.584630468421
1516000 136.198103976228 131.216413615383 129.354686459286 396.769204050897
1517000 136.338851957269 131.312656331954 129.455963268875 397.107471558098
1518000 136.434894824855 131.434589662429 129.537436751304 397.406921238588
1519000 136.548233312767 131.488283839993 129.608713943826 397.645231096585
1520000 136.64000861935 131.590753753312 129.777634397831 398.008396770493
1521000 136.725397426643 131.663026035132 129.865650909062 398.254074370838
1522000 136.770196098669 131.698330570026 129.875874946541 398.344401615237
1523000 136.878015816515 131.802393796815 129.963727548615 398.644137161945
1524000 136.950183088711 131.869099906101 130.078190115323 398.897473110136
1525000 137.049930958196 131.944163879407 130.11039500825 399.104489845852
1526000 137.138151240184 131.99882497847 130.17654282828 399.313519046934
1527000 137.263052744505 132.11130980102 130.242716157481 399.617078703006
1528000 137.33588534171 132.1724191284 130.425626246477 399.933930716588
1529000 137.488177701257 132.284137339824 130.429779045904 400.202094086985
1530000 137.55007069483 132.391214159329 130.53177705139 400.473061905548
1531000 137.632248271602 132.403120266957 130.58884249078 400.62421102934
1532000 137.717432210859 132.502519711081 130.625337719399 400.84528964134
1533000 137.854702850803 132.52141233569 130.738733784399 401.114848970892
1534000 137.952919526596 132.606880698667 130.872077311922 401.431877537185
1535000 138.026534246624 132.716732593837 130.937280527297 401.680547367757
1536000 138.081902834345 132.772708523594 131.028350756867 401.882962114806
1537000 138.178240577263 132.825333797285 131.093990536221 402.097564910769
1538000 138.250180090453 132.908729475496 131.132901803603 402.291811369552
1539000 138.378222772975 132.945839319368 131.235814590749 402.559876683093
1540000 138.47917719642 133.029824889161 131.333053000414 402.842055085995
1541000 138.538648418346 133.078567660242 131.427385822249 403.044601900837
1542000 138.675664582032 133.171819567133 131.545553586881 403.393037736046
1543000 138.766328077479 133.298543895884 131.644366674636 403.709238648
1544000 138.818386509816 133.348397850355 131.703396304155 403.870180664326
1545000 138.909779430283 133.476584733065 131.760218695753 404.146582859102
1546000 138.98311049917 133.547867194287 131.828574328477 404.359552021935
1547000 139.04625790361 133.61648345792 131.917890443171 404.580631804701
1548000 139.1014490205 133.691992525984 132.078226790875 404.871668337359
1549000 139.206362581059 133.77139044032 132.177987159401 405.15574018078
1550000 139.283407639156 133.832411904273 132.234091546157 405.349911089585
1551000 139.403351722774 133.873455783281 132.28632838404 405.563135890095
1552000 139.49210714726 133.956191399699 132.396795198824 405.845093745783
1553000 139.553195332529 133.967558366209 132.52012056117 406.040874259908
1554000 139.643307477707 134.076152826483 132.603112751436 406.322573055626
1555000 139.721414950038 134.173621247426 132.697783198644 406.592819396107
1556000 139.826979740586 134.277654778009 132.780624579107 406.885259097702
1557000 139.928033199543 134.30675786635 132.843129964153 407.077921030046
1558000 139.965436924556 134.437689392645 132.998285971758 407.401412288959
1559000 140.117606291756 134.520070253058 133.063725447678 407.701401992492
1560000 140.128807697518 134.572232899346 133.108663950437 407.809704547301
1561000 140.230912391851 134.671876925803 133.197498223972 408.100287541626
1562000 140.367833267668 134.806431490477 133.289324506176 408.463589264321
1563000 140.43257024411 134.935875818781 133.411899611054 408.780345673944
1564000 140.542611492208 135.02274895642 133.438823756577 409.004184205206
1565000 140.635892008699 135.157871638777 133.545814801171 409.339578448647
1566000 140.742312201425 135.214253126098 133.680653692319 409.637219019842
1567000 140.812548715305 135.263959343253 133.752525627878 409.829033686436
1568000 140.92402361378 135.341651252611 133.831796842708 410.097471709099
1569000 140.988086932213 135.449359924726 133.925416242317 410.362863099255
1570000 141.100843843113 135.569013754371 133.957050558538 410.626908156021
1571000 141.176019869222 135.606351027331 134.060889312875 410.843260209429
1572000 141.305170677785 135.76611001152 134.114568764326 411.185849453631
1573000 141.392181671017 135.86600107417 134.208327593536 411.466510338723
1574000 141.479836387539 135.938946033752 134.303486205156 411.722268626448
1575000 141.538428548225 136.012160961617 134.389884927758 411.9404744376
1576000 141.610214804337 136.051848767311 134.488349019816 412.150412591464
1577000 141.705487698673 136.1045104165 134.5677074748 412.377705589973
1578000 141.810264500473 136.186097685888 134.626256595715 412.622618782076
1579000 141.941364394911 136.272209300915 134.698696644326 412.912270340152
1580000 141.993900007107 136.379612883105 134.762147070461 413.135659960673
1581000 142.1572047145 136.45472754036 134.880469164239 413.492401419099
1582000 142.30110487336 136.605884216693 135.007270631961 413.914259722013
1583000 142.391763048882 136.643520282609 135.062436693231 414.097720024723
1584000 142.477334851388 136.759876468419 135.180073575734 414.417284895541
1585000 142.522130125568 136.873617016201 135.253866442113 414.649613583882
1586000 142.636077457782 136.906759649892 135.298620236648 414.841457344322
1587000 142.722427496284 136.982849565915 135.349319294672 415.054596356871
1588000 142.751111831546 137.105887011819 135.388377499604 415.24537634297
1589000 142.835339559318 137.216426227123 135.486794658535 415.538560444976
1590000 142.953416992643 137.353108291003 135.492988163354 415.799513447
1591000 143.055138848083 137.412649420693 135.600767817763 416.068556086538
1592000 143.127847864156 137.493272764422 135.729842964122 416.350963592701
1593000 143.209374860626 137.603053864776 135.782057432587 416.594486157989
1594000 143.33999195352 137.686083337919 135.802269894602 416.82834518604
1595000 143.400450845129 137.732209694997 135.93535048901 417.068011029136
1596000 143.511161715973 137.794819206592 136.005132075135 417.3111129977
1597000 143.636617578633 137.91402027181 136.12616713786 417.676804988304
1598000 143.72790399864 137.942243759896 136.153797613063 417.823945371599
1599000 143.83977839991 138.035393246578 136.223695575364 418.098867221853
1600000 143.913247557087 138.153405988321 136.334516595147 418.401170140555
1601000 143.920992369339 138.231313398894 136.382067997486 418.534373765719
1602000 144.094283514943 138.277629192996 136.432495054806 418.804407762745
1603000 144.125063982416 138.382885563975 136.492826753131 419.000776299522
1604000 144.222973862171 138.449988766404 136.617672592442 419.290635221018
1605000 144.274870423367 138.497012312711 136.701362715019 419.473245451097
1606000 144.346811843651 138.61213342979 136.774294115519 419.73323938896
1607000 144.439693442782 138.73339545227 136.855289749864 420.028378644916
1608000 144.501653256981 138.741429795299 136.966515546454 420.209598598735
1609000 144.612792361124 138.83015826458 136.992656977558 420.435607603262
1610000 144.698564177941 138.919281825678 137.067337093149 420.685183096768
1611000 144.852075296028 139.026622590926 137.116851089936 420.99554897689
1612000 144.968579308223 139.039890017063 137.19984859236 421.208317917646
1613000 145.050682309019 139.162875879478 137.299013500425 421.512571688922
1614000 145.197428378081 139.199564017432 137.37857296382 421.775565359333
1615000 145.257471841389 139.256206720766 137.398732859666 421.912411421821
1616000 145.314432369823 139.347338229185 137.516553197536 422.178323796543
1617000 145.363116801722 139.398603695663 137.641409501182 422.403129998567
1618000 145.426158513343 139.494421237719 137.728176695693 422.648756446755
1619000 145.501404243879 139.575874299354 137.796565859371 422.873844402605
1620000 145.632072420264 139.631702038398 137.818767155791 423.082541614453
1621000 145.667485416382 139.685895913771 137.895718249098 423.249099579251
1622000 145.721930655616 139.781844272178 137.956977533812 423.460752461606
1623000 145.830279882469 139.873988865746 138.011518299189 423.715787047405
1624000 145.920741412946 139.897527275557 138.15826296078 423.976531649283
1625000 145.988877550405 140.014209625523 138.241711655908 424.244798831836
1626000 146.045228118357 140.108153538004 138.356918704779 424.510300361141
1627000 146.089249697109 140.175077608536 138.413867928436 424.678195234081
1628000 146.23455976158 140.260990413823 138.486908431707 424.982458607109
1629000 146.280109571615 140.342767175678 138.60384203631 425.226718783603
1630000 146.342426206498 140.410859630395 138.732029521487 425.48531535838
1631000 146.422816164204 140.511331809345 138.748741680592 425.68288965414
1632000 146.505379683548 140.64978312865 138.838794197234 425.993957009433
1633000 146.619431732206 140.671507249051 138.86882315292 426.159762134177
1634000 146.727291507156 140.756215574449 138.967652376193 426.451159457798
1635000 146.77689195461 140.825466131773 139.052208383534 426.654566469916
1636000 146.841354471282 140.886226865553 139.183109555219 426.910690892054
1637000 146.902586369129 140.992760077133 139.308259242988 427.20360568925
1638000 147.098531712819 141.094859457081 139.386287010954 427.579678180854
1639000 147.182525539157 141.181504212461 139.425998882461 427.790028634079
1640000 147.227989829492 141.28440809045 139.512548931474 428.024946851417
1641000 147.305518973048 141.316166005766 139.661768490825 428.283453469639
1642000 147.41519850201 141.421128362522 139.706004594653 428.542331459184
1643000 147.500462178822 141.49994471603 139.801272639174 428.801679534026
1644000 147.633944093896 141.660663608731 139.857467356806 429.152075059433
1645000 147.72311576241 141.717046419286 139.9208162117 429.360978393396
1646000 147.752190953348 141.749677652707 140.001966520689 429.503835126743
1647000 147.876686579698 141.750141811356 140.073458105701 429.700286496756
1648000 147.980833596596 141.877094406448 140.079725154701 429.937653157745
1649000 148.10131479615 141.97390225912 140.207122427379 430.282339482649
1650000 148.183084432901 142.009379588597 140.271324877314 430.463788898812
1651000 148.252744591539 142.069123821482 140.385068870188 430.706937283209
1652000 148.32838354011 142.166760257426 140.456725650935 430.951869448471
1653000 148.408250474132 142.271010248878 140.557581756049 431.236842479059
1654000 148.506693677553 142.288285099556 140.632253985932 431.427232763042
1655000 148.551132464626 142.405849002359 140.762871228384 431.719852695368
1656000 148.624321836529 142.475100483817 140.839875326114 431.93929764646
1657000 148.749159941434 142.553710297864 140.903177460247 432.206047699545
1658000 148.772904102065 142.625623364377 140.965411001154 432.363938467596
1659000 148.902137501389 142.784788753631 141.066598987365 432.753525242385
1660000 149.016757690004 142.890898474315 141.154306922334 433.061963086653
1661000 149.075902931913 143.016065255267 141.26695969621 433.358927883389
1662000 149.160744041798 143.119303459832 141.353659289573 433.633706791202
1663000 149.290953370693 143.19057049332 141.426841665351 433.908365529364
1664000 149.30594790866 143.294715983277 141.489066971741 434.089730863678
1665000 149.371388392361 143.425374887652 141.530100704901 434.326863984914
1666000 149.514086220049 143.463599602975 141.639759666884 434.617445489908
1667000 149.588121335412 143.553496475744 141.636025521237 434.777643332393
1668000 149.645917472265 143.570820231746 141.744671374476 434.961409078487
1669000 149.784959528078 143.65656458174 141.766924116579 435.208448226397
1670000 149.949452566246 143.744499436725 141.842967232612 435.536919235583
1671000 150.023310464232 143.856677187865 141.980566035969 435.860553688067
1672000 150.146895465655 143.925552198837 141.958677564496 436.031125228989
1673000 150.21178749693 143.988194378517 142.083386905609 436.283368781056
1674000 150.356294930945 144.018907834678 142.127992956815 436.503195722439
1675000 150.421475751079 144.068342586327 142.247728997572 436.737547334978
1676000 150.508825150297 144.137661568109 142.315871443568 436.962358161974
1677000 150.553980750466 144.241884092403 142.407716986964 437.203581829832
1678000 150.637017038434 144.355170417883 142.548099030012 437.540286486329
1679000 150.706173793072 144.435082738384 142.5992965442 437.740553075656
1680000 150.837924334935 144.499006124085 142.724919025881 438.061849484901
1681000 150.895319592183 144.588013534383 142.886927270692 438.370260397259
1682000 150.994517867152 144.606894405615 142.959896296569 438.561308569336
1683000 151.043368360042 144.72070309111 143.14467893251 438.908750383662
1684000 151.177840691862 144.805675617727 143.223936272872 439.207452582461
1685000 151.289544912707 144.872477844978 143.220046108784 439.38206886647
1686000 151.417249790879 144.956555179251 143.33478408529 439.708589055421
1687000 151.482371249543 145.014670667729 143.418339047171 439.915380964443
1688000 151.61631333014 145.041506952981 143.470025850766 440.127846133887
1689000 151.690535519758 145.177965720924 143.542337306411 440.410838547093
1690000 151.767987083909 145.175812134049 143.635713265431 440.579512483388
1691000 151.838422262383 145.310164402 143.75316543371 440.901752098093
1692000 151.975230548573 145.358145905377 143.851146736037 441.184523189987
1693000 152.076155036361 145.435124214625 143.936754222531 441.448033473517
1694000 152.159549115814 145.487753933799 144.052361161295 441.699664210908
1695000 152.290156382689 145.570552555715 144.103630318944 441.964339257348
1696000 152.308427120024 145.635187628826 144.234946624502 442.178561373351
1697000 152.398185810934 145.713460204907 144.309024293311 442.420670309152
1698000 152.43471340959 145.835787938356 144.404529332297 442.675030680243
1699000 152.565080139868 145.915763670265 144.459631611598 442.94047542173
1700000 152.582682962604 145.952802977954 144.468520853487 443.004006794045
1701000 152.668721679574 146.029940131596 144.604143932943 443.302805744114
1702000 152.781809136999 146.132595983493 144.663727092974 443.578132213467
1703000 152.836679243759 146.220648290726 144.758370886597 443.815698421082
1704000 152.927212381386 146.319465646098 144.852316705365 444.098994732849
1705000 153.053681177314 146.381867465149 144.958239650705 444.393788293168
1706000 153.120540772469 146.467654491485 144.99111706852 444.579312332474
1707000 153.212222457496 146.530593009296 145.086152438741 444.828967905533
1708000 153.222366558701 146.653795759046 145.132020711258 445.008183029005
1709000 153.289894964006 146.742539570473 145.266647422038 445.299081956517
1710000 153.463792082058 146.814965500566 145.330420377284 445.609177959907
1711000 153.435229345 146.870801307094 145.36272468232 445.668755334414
1712000 153.56710741801 146.975709727974 145.48139277526 446.024209921244
1713000 153.69931651426 147.016142248441 145.539888884048 446.255347646749
1714000 153.749391747916 147.174571683267 145.648692944946 446.572656376129
1715000 153.898723430482 147.228369173053 145.788393675459 446.915486278994
1716000 153.996508549529 147.236453932611 145.862338677521 447.095301159662
1717000 154.081124319929 147.353999470275 145.898297286049 447.333421076253
1718000 154.146488424737 147.409641359382 145.977749344343 447.533879128462
1719000 154.313266450807 147.514402592793 146.060148537121 447.887817580722
1720000 154.310217507742 147.620280588736 146.18265338168 448.113151478159
1721000 154.393085400283 147.699824452857 146.257059877581 448.349969730722
1722000 154.437065744148 147.763319896527 146.389029088024 448.5894147287
1723000 154.570717959809 147.80561204316 146.424578255782 448.800908258751
1724000 154.64726028572 147.878117333739 146.489710433193 449.015088052652
1725000 154.666654445026 147.975385072265 146.587179500768 449.22921901806
1726000 154.826403842083 148.079025557746 146.676358066824 449.581787466653
1727000 154.818999836228 148.197410551175 146.752532816613 449.768943204015
1728000 154.858600818046 148.246491729295 146.863402779453 449.968495326793
1729000 154.94459868002 148.443073365847 146.939875038153 450.327547084021
1730000 155.042089334404 148.510849999774 147.004960183792 450.557899517969
1731000 155.109658434007 148.534121054435 147.004865362887 450.648644851329
1732000 155.204549999617 148.644108770389 147.095698347935 450.944357117942
1733000 155.361362748074 148.692218607362 147.282615532711 451.336196888148
1734000 155.450221469115 148.819186012174 147.3518057551 451.621213236388
1735000 155.567166037573 148.937538857199 147.437859886747 451.942564781519
1736000 155.74124943541 148.953671996024 147.491084080791 452.186005512225
1737000 155.712439207528 149.078575049155 147.63746087606 452.428475132743
1738000 155.85367523946 149.155684406039 147.675664305617 452.685023951117
1739000 155.950721589241 149.271106592922 147.747960979677 452.969789161841
1740000 156.058742202716 149.268236896119 147.853683645373 453.180662744209
1741000 156.113571868859 149.396094292514 147.898214769704 453.407880931077
1742000 156.209579967684 149.448489000922 148.005660912141 453.663729880747
1743000 156.30565098912 149.595358949779 147.97504238121 453.876052320109
1744000 156.329039616654 149.658370724463 148.073365953737 454.060776294854
1745000 156.380145467672 149.789604911657 148.224143735849 454.393894115178
1746000 156.480771397779 149.849766660984 148.202598244304 454.533136303067
1747000 156.517529522572 149.92846256822 148.246453326261 454.692445417053
1748000 156.612644384402 150.02776931845 148.362347454387 455.002761157239
1749000 156.700446656335 150.155374220714 148.523275630106 455.379096507155
1750000 156.762131031971 150.238570022603 148.641442002082 455.642143056655
1751000 156.817106158234 150.344016954354 148.705137016868 455.866260129456
1752000 156.938504819032 150.445454770024 148.783496788062 456.167456377119
1753000 156.964372803252 150.458397051132 148.841567484079 456.264337338463
1754000 157.081952331853 150.598131762671 148.894238485777 456.574322580301
1755000 157.155144763209 150.720400299395 148.995068008201 456.870613070806
1756000 157.262955338713 150.768627024414 149.165068290966 457.196650654094
1757000 157.336115283846 150.910959605428 149.230861614434 457.477936503708
1758000 157.405906032104 150.986885367973 149.312840416065 457.705631816142
1759000 157.577703648975 151.041854765165 149.354958795605 457.974517209745
1760000 157.586127868366 151.200799778147 149.439576211381 458.226503857894
1761000 157.719124073995 151.220610627485 149.573324453782 458.513059155262
1762000 157.774020877283 151.285375362864 149.638026249557 458.697422489705
1763000 157.78419056821 151.384389985812 149.738657395224 458.907237949246
1764000 157.857408435246 151.496959513333 149.777857217634 459.132225166213
1765000 157.998451969923 151.571520601264 149.854079311234 459.424051882421
1766000 158.105204892822 151.585303874475 149.981823794606 459.672332561903
1767000 158.212641672798 151.745470524279 150.01200456559 459.970116762668
1768000 158.343168874008 151.803168534005 150.093191949543 460.239529357555
1769000 158.387369200153 151.865999754888 150.23116935507 460.48453831011
1770000 158.456415518911 151.98463187894 150.257437531006 460.698484928856
1771000 158.548368052146 152.069003526627 150.296413538532 460.913785117305
1772000 158.674068267307 152.106584244284 150.399802961836 461.180455473427
1773000 158.794848531993 152.148541839627 150.465847181843 461.409237553464
1774000 158.8917327217 152.262390627749 150.543250343286 461.697373692736
1775000 158.938060988292 152.312214427985 150.593265976526 461.843541392803
1776000 159.001881008539 152.379821332371 150.698057080615 462.079759421525
1777000 159.108913948143 152.442266667704 150.741567409067 462.292748024914
1778000 159.222786656413 152.534064540842 150.833746532769 462.590597730023
1779000 159.273255368596 152.579775722122 150.844441727077 462.697472817795
1780000 159.330329568697 152.62419101065 150.86814455383 462.822665133176
1781000 159.411998667994 152.712533144883 150.99193235691 463.116464169786
1782000 159.513664820808 152.806764816378 151.052487336367 463.372916973553
1783000 159.673233699392 152.833741699546 151.139689811244 463.646665210181
1784000 159.730084353981 153.033077259096 151.142384702157 463.905546315234
1785000 159.780489963543 153.047626242956 151.218520920834 464.046637127334
1786000 159.836127116403 153.192502867335 151.322025251723 464.350655235461
1787000 159.936199362057 153.242701046762 151.402440364089 464.581340772908
1788000 160.085280044146 153.324107448825 151.526399336215 464.935786829186
1789000 160.208413907508 153.354481045539 151.654789641252 465.2176845943
1790000 160.305378050869 153.516637537152 151.745887360906 465.567902948928
1791000 160.395810465489 153.623790982573 151.772612472225 465.792213920287
1792000 160.518587369139 153.685115789813 151.828956556719 466.032659715671
1793000 160.62903025676 153.693283075658 151.961878392766 466.284191725184
1794000 160.654298387562 153.778095380618 152.020524545089 466.452918313268
1795000 160.734078623333 153.940765484389 152.057331287482 466.732175395204
1796000 160.817956002116 154.063289269214 152.104647449901 466.98589272123
1797000 160.907140302117 154.120936812198 152.273315666473 467.301392780787
1798000 161.037573765723 154.199614910394 152.365545277618 467.602733953735
1799000 161.145877504217 154.261198174179 152.471041662091 467.878117340487
1800000 161.293294174673 154.345968558425 152.560285131454 468.199547864552
1801000 161.325717448093 154.355479299155 152.697413866438 468.378610613686
1802000 161.473640090955 154.403158758201 152.769955163836 468.646754012991
1803000 161.537886385868 154.530050500505 152.841064467939 468.909001354312
1804000 161.632543337483 154.647113420215 152.958223638153 469.237880395851
1805000 161.706438237911 154.676383166295 153.060940984604 469.44376238881
1806000 161.825336076837 154.818442750912 153.148110752523 469.791889580272
1807000 161.858298542156 154.871418919188 153.270298896158 470.000016357503
1808000 161.945919726031 154.884075928679 153.379538115503 470.209533770213
1809000 162.052333946378 154.926898923505 153.478413104799 470.457645974681
1810000 162.183481470869 154.99766803615 153.564887258321 470.74603676534
1811000 162.24558220306 155.108775370693 153.678238144587 471.032595718341
1812000 162.366504198853 155.176330983848 153.787416458884 471.330251641585
1813000 162.406862422706 155.224709867244 153.886224141208 471.517796431158
1814000 162.537857246071 155.274248342386 153.863744596743 471.6758501852
1815000 162.654312323061 155.313293032689 153.978881155622 471.946486511372
1816000 162.674182557192 155.429033678773 154.095942260537 472.199158496502
1817000 162.761028929576 155.525272844816 154.283312099007 472.569613873399
1818000 162.865236350871 155.552051325378 154.395257157202 472.81254483345
1819000 162.913838792922 155.643810458359 154.445830585214 473.003479836495
1820000 163.010787650563 155.765412227557 154.587606319896 473.363806198016
1821000 163.104375694874 155.76955787573 154.672846552163 473.546780122767
1822000 163.149837037895 155.812125449165 154.759395061388 473.721357548448
1823000 163.213723693651 155.923379889942 154.835007151342 473.972110734935
1824000 163.28408784984 155.964317476306 154.868382041624 474.116787367769
1825000 163.301259546878 156.079766466594 154.921953197417 474.302979210889
1826000 163.399532223675 156.161269880719 154.984888873751 474.545690978146
1827000 163.483743677429 156.271082691033 155.095255087532 474.850081455994
1828000 163.596994459288 156.264177232413 155.107437111116 474.968608802817
1829000 163.684946648851 156.40422043652 155.218882905994 475.308049991365
1830000 163.80704464447 156.446237591789 155.313843372111 475.56712560837
1831000 163.940095595896 156.509169532382 155.308634614278 475.757899742555
1832000 163.926736710601 156.687815820757 155.475801972328 476.090354503685
1833000 164.049172212445 156.701035867205 155.492496826404 476.242704906054
1834000 164.172272467863 156.77119427994 155.628181330079 476.571648077882
1835000 164.189147157551 156.858122192465 155.702936958533 476.750206308548
1836000 164.245781933215 156.945020744356 155.822600307837 477.013402985408
1837000 164.344482267215 157.000747936752 155.849361812764 477.194592016731
1838000 164.450147244438 157.046364570411 155.949544472765 477.446056287614
1839000 164.513217974213 157.181385699208 156.088904256575 477.783507929995
1840000 164.576784163499 157.243234483817 156.123652760292 477.943671407608
1841000 164.680205298565 157.334208410092 156.180974876282 478.195388584939
1842000 164.760628093903 157.313084564885 156.304339428878 478.378052087665
1843000 164.841859113277 157.495784714605 156.415263114153 478.752906942036
1844000 164.951261197352 157.550181137004 156.497000950033 478.998443284388
1845000 164.980789588475 157.64862438973 156.603443838409 479.232857816613
1846000 165.147738807283 157.747841572818 156.696387293047 479.591967673147
1847000 165.25900234631 157.811563094005 156.762391458523 479.832956898837
1848000 165.359600806819 157.88506394627 156.891309219557 480.135973972647
1849000 165.439972909766 157.919006818831 156.917695845729 480.276675574326
1850000 165.504100511625 158.020241377229 157.06159925201 480.585941140864
1851000 165.635292278655 158.123441715692 157.131988837902 480.890722832249
1852000 165.71068017751 158.19275837046 157.224062760864 481.127501308835
1853000 165.803332503991 158.296589229757 157.299399822454 481.399321556202
1854000 165.924906254152 158.362501217261 157.461337966065 481.748745437478
1855000 166.009145836881 158.454337865726 157.489733384909 481.953217087515
1856000 166.045235889152 158.586517748032 157.563715362274 482.195468999459
1857000 166.259261500773 158.613166291404 157.68831837827 482.560746170446
1858000 166.325371330125 158.668772314434 157.703044575466 482.697188220025
1859000 166.382320936017 158.729464344425 157.819650386338 482.93143566678
1860000 166.490426616515 158.800841235623 157.899899414958 483.191167267096
1861000 166.515081444813 158.851155676907 158.050774571446 483.417011693166
1862000 166.581913255192 158.985894440012 158.081157746935 483.648965442139
1863000 166.701244598354 159.086212343537 158.195232584732 483.982689526623
1864000 166.69918138486 159.157799527108 158.293880822741 484.150861734708
1865000 166.747674565663 159.256669765205 158.335237548164 484.339581879032
1866000 166.795487306379 159.307349408589 158.391139814248 484.493976529215
1867000 166.825372814076 159.407374803458 158.505967347813 484.738714965347
1868000 166.908785385715 159.506669352329 158.560703077243 484.976157815287
1869000 166.972328605248 159.68204854234 158.635737225865 485.290114373453
1870000 167.066533702544 159.67394381184 158.713688619395 485.454166133779
1871000 167.138924430416 159.73487178827 158.860503742594 485.73429996128
1872000 167.255740310048 159.811693903035 158.907085740277 485.974519953361
1873000 167.366750720699 159.879518318101 159.003299323369 486.249568362169
1874000 167.461293626049 160.010990972224 159.096354266157 486.56863886443
1875000 167.520549313548 160.100844967797 159.178983432951 486.800377714297
1876000 167.589643289513 160.194031222207 159.292418572285 487.076093084005
1877000 167.72637993152 160.289204000256 159.413868030363 487.42945196214
1878000 167.743770077099 160.45000173499 159.449630991412 487.643402803501
1879000 167.890487543558 160.432025794697 159.498363966254 487.820877304508
1880000 168.032547787779 160.48680102075 159.57185913924 488.09120794777
1881000 168.043701716638 160.630839958311 159.656792531926 488.331334206875
1882000 168.167069410586 160.714668887391 159.744949605867 488.626687903844
1883000 168.149182403515 160.798220680947 159.84327654223 488.790679626693
1884000 168.254484002437 160.903907313196 159.893801938027 489.05219325366
1885000 168.272138579307 161.003464033612 159.974973756622 489.250576369541
1886000 168.412921937771 161.086148278849 160.076995605835 489.576065822454
1887000 168.499031864036 161.176001052738 160.115140733978 489.790173650752
1888000 168.615919592841 161.18173407497 160.208623446844 490.006277114655
1889000 168.654743611422 161.273606068181 160.271916003721 490.200265683325
1890000 168.700023420214 161.349441043994 160.338051947286 490.387516411495
1891000 168.82002447563 161.440345540009 160.378179172058 490.638549187697
1892000 168.841549542323 161.536077608067 160.489008971605 490.866636121994
1893000 169.006195280198 161.582868927432 160.643832803707 491.232897011336
1894000 169.085684746281 161.648928687323 160.613964148593 491.348577582196
1895000 169.169064389189 161.792577428687 160.790812508991 491.752454326867
1896000 169.297823154695 161.861631715268 160.85185800818 492.011312878144
1897000 169.388960105367 161.907794966727 160.955778396854 492.252533468948
1898000 169.479022674403 162.019763409036 161.0195018352 492.518287918638
1899000 169.526391550125 162.062273098438 161.107973029367 492.696637677929
1900000 169.668077784446 162.216013686254 161.19194272305 493.07603419375
1901000 169.719821259934 162.268172261602 161.193083231494 493.181076753031
1902000 169.802398484004 162.386636157399 161.339995318034 493.529029959438
1903000 169.832204237321 162.405904168519 161.397521121301 493.635629527141
1904000 169.878824619018 162.51876053057 161.478435231995 493.876020381583
1905000 169.962163958347 162.643307869823 161.598857652438 494.204329480608
1906000 170.063948835176 162.713794896062 161.585330117409 494.363073848647
1907000 170.115646324969 162.74152046644 161.710584713948 494.567751505357
1908000 170.227394634754 162.826043590711 161.770721714297 494.824159939762
1909000 170.364663933109 162.919626980333 161.858782241782 495.143073155224
1910000 170.406037696226 163.046656710769 161.981770363338 495.434464770333
1911000 170.508753037718 163.084963800462 161.917100855541 495.510817693721
1912000 170.610394565118 163.127599853567 162.045275647256 495.783270065941
1913000 170.691983274627 163.185710769604 162.167214015087 496.044908059318
1914000 170.814741485261 163.316361041747 162.1321785947 496.263281121708
1915000 170.863755116146 163.408939077465 162.208157282828 496.480851476439
1916000 170.954635733143 163.471227822174 162.355069636605 496.780933191922
1917000 171.033550559104 163.510101050822 162.417352602386 496.961004212312
1918000 171.124177410606 163.603846374265 162.51440704296 497.242430827831
1919000 171.187903086406 163.737627867704 162.594991205628 497.520522159737
1920000 171.208898362829 163.733636791122 162.702382154557 497.644917308508
1921000 171.320507089955 163.785914601216 162.801900003951 497.908321695121
1922000 171.433634738503 163.82948442229 162.920118567344 498.183237728138
1923000 171.464719918706 163.888975666579 162.966095743136 498.319791328422
1924000 171.545470428454 163.957377052875 163.036176336655 498.539023817983
1925000 171.654267665325 163.98542440014 163.106738574821 498.746430640285
1926000 171.752131329681 164.14657037112 163.139389418089 499.03809111889
1927000 171.808206263892 164.272478863631 163.260908072802 499.341593200325
1928000 171.906160774444 164.365676330803 163.33001974346 499.601856848706
1929000 171.989393875496 164.512057284866 163.346474018146 499.847925178508
1930000 172.117383353806 164.547417735898 163.424621615202 500.089422704906
1931000 172.23108963145 164.615822752297 163.537220468939 500.384132852686
1932000 172.280034006556 164.705904954081 163.648865457253 500.63480441789
1933000 172.357943994104 164.825941782515 163.685686192825 500.869571969445
1934000 172.509071547605 164.925353590878 163.833652632888 501.268077771372
1935000 172.604387094074 165.021242586904 163.944010142422 501.5696398234
1936000 172.706101900288 165.074817013939 164.031064714673 501.8119836289
1937000 172.782362641374 165.136221245921 164.137135837184 502.055719724478
1938000 172.864815137099 165.269756949422 164.203251081167 502.337823167688
1939000 172.958380620023 165.321587651569 164.234933114565 502.514901386158
1940000 172.989532591541 165.383361668783 164.33375321597 502.706647476294
1941000 173.023252349852 165.423398770887 164.335282118143 502.781933238882
1942000 173.046073571567 165.515015783191 164.452091103627 503.013180458385
1943000 173.147193417281 165.588458547962 164.563104822784 503.298756788027
1944000 173.270828631789 165.685154442193 164.647058997971 503.603042071954
1945000 173.3745874704 165.784540110452 164.704174315279 503.863301896132
1946000 173.366454081116 165.850520322438 164.805248101577 504.022222505131
1947000 173.494879719644 165.9309773852 164.85979867499 504.285655779833
1948000 173.565892552463 166.015163532407 164.989050552688 504.570106637558
1949000 173.7008368743 166.093681200294 165.019710973882 504.814229048477
1950000 173.758481460548 166.138210970417 165.107924866745 505.004617297709
1951000 173.92860405271 166.237362871664 165.153868745687 505.319835670061
1952000 173.941124135583 166.334182293227 165.217447592088 505.492754020898
1953000 174.030007060565 166.34510191843 165.322926687006 505.698035666001
1954000 174.050118090028 166.526012748701 165.344792461977 505.920923300706
1955000 174.163427114397 166.533949221618 165.472836548107 506.170212884123
1956000 174.291663140937 166.636044344848 165.645273106522 506.572980592307
1957000 174.368331251112 166.738899556969 165.707900840372 506.815131648453
1958000 174.473228902283 166.807788638298 165.831242034029 507.11225957461
1959000 174.574505503907 166.914948336857 165.903750178751 507.393204019515
1960000 174.563155395696 166.966671892092 165.907004045642 507.43683133343
1961000 174.695892527796 167.135518959652 166.09704261292 507.928454100367
1962000 174.743097713719 167.166439578899 166.106191127484 508.015728420102
1963000 174.825057606265 167.216159914369 166.234389914267 508.2756074349
1964000 174.955911959948 167.241476686726 166.272112416622 508.469501063296
1965000 175.047469228769 167.359238254712 166.37947348837 508.786180971852
1966000 175.086662194578 167.442510396853 166.502976294967 509.032148886398
1967000 175.16720817273 167.571929001979 166.577385532112 509.31652270682
1968000 175.32841231432 167.632288240096 166.689794901585 509.650495456001
1969000 175.424003766115 167.660459080586 166.706287095257 509.790749941959
1970000 175.501439007889 167.719274510065 166.756982984197 509.977696502151
1971000 175.512817430098 167.82134899773 166.794369405184 510.128535833012
1972000 175.620039454329 167.911656950666 166.958815299002 510.490511703996
1973000 175.706022034114 168.005223872994 167.018283123336 510.729529030444
1974000 175.796134699643 168.011818367041 167.083071046724 510.891024113408
1975000 175.900543225753 168.057486981591 167.168577905537 511.126608112881
1976000 176.049089886498 168.123429278899 167.259060585163 511.43157975056
1977000 176.119356397951 168.240322695768 167.304604598446 511.664283692165
1978000 176.22139080642 168.346367720979 167.344702837113 511.912461364513
1979000 176.339363937575 168.367024452247 167.406306378098 512.112694767919
1980000 176.384801276534 168.496345229596 167.474892739085 512.356039245215
1981000 176.477841264365 168.581050851543 167.608453576438 512.667345692346
1982000 176.612814602379 168.614542168883 167.637402971641 512.864759742904
1983000 176.715658098537 168.696783608028 167.66010407335 513.072545779914
1984000 176.751047821668 168.839395252609 167.723662137696 513.314105211974
1985000 176.853358077634 168.886138806512 167.847457512766 513.586954396912
1986000 177.005205317094 169.034054872418 167.924076578294 513.963336767806
1987000 177.069499957195 169.113730177559 168.054319424812 514.237549559566
1988000 177.124553940124 169.165808834557 168.070065135501 514.360427910181
1989000 177.185688341294 169.183261704534 168.157236251815 514.526186297643
1990000 177.334123131051 169.303479585003 168.225705501549 514.863308217604
1991000 177.376654031404 169.423027490775 168.314225223137 515.113906745316
1992000 177.461073268091 169.470972147627 168.417028674827 515.349074090546
1993000 177.513402076362 169.533014407161 168.419620564835 515.466037048359
1994000 177.583787581004 169.687483004329 168.541082297043 515.812352882376
1995000 177.632251459361 169.752048489382 168.610909598212 515.995209546955
1996000 177.723386349704 169.853923452524 168.760591008784 516.337900811013
1997000 177.804935183047 169.993179220802 168.801181607616 516.599296011465
1998000 177.867545198056 170.01400674263 168.919960348478 516.801512289164
1999000 177.891050921087 170.09154412856 169.042576988184 517.025172037831
2000000 177.991992752494 170.21363826969 169.126203510945 517.331834533128
2001000 178.065985749271 170.165608978734 169.179630249548 517.411224977554
2002000 178.200076148471 170.264770026711 169.28305365843 517.747899833611
2003000 178.31970457787 170.334296772648 169.403415815905 518.057417166423
2004000 178.369865473021 170.384664727561 169.482899742993 518.237429943575
2005000 178.438389949244 170.454435778981 169.569916117352 518.462741845576
2006000 178.553701287647 170.617459987092 169.624483718305 518.795644993044
2007000 178.628895790391 170.735357423745 169.663161155727 519.027414369863
2008000 178.75329126382 170.823970210389 169.769256223355 519.346517697564
2009000 178.841859156986 170.881730347105 169.838147929391 519.561737433481
2010000 178.975488597228 171.00895204619 169.969319971557 519.953760614975
2011000 179.009627562381 171.037422595024 170.04407219808 520.091122355485
2012000 179.08367198806 171.112839968836 170.090995991307 520.287507948204
2013000 179.147073725144 171.266865513472 170.215064173113 520.629003411729
2014000 179.162702176505 171.287284737622 170.283719056517 520.733705970644
2015000 179.242963707694 171.324017890427 170.424344429332 520.991326027453
2016000 179.377933176154 171.396174932611 170.512604410695 521.28671251946
2017000 179.462811063579 171.468575980151 170.582257275625 521.513644319354
2018000 179.552274904181 171.581454010846 170.64562888192 521.779357796947
2019000 179.63426315116 171.677491352976 170.678836800522 521.990591304658
2020000 179.780001819116 171.739756137215 170.779054759663 522.298812715994
2021000 179.916530016906 171.779019910707 170.857707471964 522.553257399578
2022000 180.014725020504 171.854335935057 170.945446085587 522.814507041149
2023000 180.152096250473 171.934955165107 170.998140142572 523.085191558152
2024000 180.20890908741 172.069891583564 171.015166083089 523.293966754063
2025000 180.277127997066 172.154438616191 171.095551172833 523.52711778609
2026000 180.33983310039 172.235098587301 171.170041347686 523.744973035377
2027000 180.401175411552 172.2889317464 171.358117288513 524.048224446465
2028000 180.476627185265 172.347515525743 171.401734703063 524.225877414072
2029000 180.611543749574 172.4823736038 171.5273349689 524.621252322273
2030000 180.640790571863 172.527678359403 171.622265225561 524.790734156827
2031000 180.737653731298 172.69033972064 171.662950445196 525.090943897134
2032000 180.812190326102 172.761618599723 171.744932427504 525.318741353328
2033000 180.846201369423 172.814019505034 171.811484427585 525.471705302041
2034000 180.848295787621 172.912704569145 171.891960361981 525.652960718746
2035000 181.049325256448 173.028298028885 171.973185798448 526.050809083782
2036000 181.13414694797 173.105010757569 172.082764304654 526.321922010193
2037000 181.205728345964 173.233343775186 172.103207015896 526.542279137046
2038000 181.336939003423 173.285369862974 172.224492578941 526.846801445338
2039000 181.419011761228 173.419485016538 172.356134125295 527.19463090306
2040000 181.511878387948 173.538470914525 172.414957120706 527.465306423179
2041000 181.573510623343 173.59128714876 172.513696358777 527.67849413088
2042000 181.557820012987 173.662312082412 172.685598647562 527.905730742961
2043000 181.725389750864 173.744543183369 172.732755281518 528.202688215751
2044000 181.758825148211 173.932947155495 172.858471581235 528.55024388494
2045000 181.89692779029 173.959642951813 172.915048803038 528.77161954514
2046000 181.976924310244 174.045714987512 172.98890318592 529.011542483676
2047000 182.023562136382 174.154901801391 173.105358075961 529.283822013733
2048000 182.144835694261 174.222506494517 173.171907204877 529.539249393655
2049000 182.262696233132 174.26973835593 173.234995070377 529.76742965944
2050000 182.362540909821 174.343997584223 173.33445752396 530.040996018004
2051000 182.41117184839 174.446380416299 173.370788175692 530.228340440381
2052000 182.491196310877 174.532253220889 173.491711876228 530.515161407994
2053000 182.637612660963 174.669495758356 173.656982491162 530.964090910481
2054000 182.638304799056 174.789318750683 173.656498430906 531.084121980645
2055000 182.716292975727 174.85315401953 173.740400338211 531.309847333469
2056000 182.761626381686 174.962550784563 173.827145310097 531.551322476346
2057000 182.900946076999 174.999739914972 173.915088331742 531.815774323713
2058000 182.979903649541 174.999000749736 173.988992584041 531.967896983317
2059000 183.005860732323 175.118807209625 174.076032434766 532.200700376713
2060000 183.214095354119 175.210502612495 174.112782525485 532.537380492099
2061000 183.254730155797 175.253736801869 174.218522830771 532.726989788437
2062000 183.268714304507 175.372190934028 174.286288376671 532.927193615206
2063000 183.394424738133 175.487068695382 174.370667634772 533.252161068287
2064000 183.503590109222 175.567591328788 174.558952743066 533.630134181077
2065000 183.572192018656 175.615274142136 174.617071208581 533.804537369374
2066000 183.585147838454 175.714996648248 174.656839300891 533.956983787593
2067000 183.645224338095 175.790087308712 174.672460783091 534.107772429898
2068000 183.709181944958 175.892252992757 174.830050265958 534.431485203673
2069000 183.796340751569 175.92508414072 174.900502643497 534.621927535786
2070000 183.868315156958 176.072331195553 174.930999778172 534.871646130683
2071000 184.019765943705 176.175812681993 175.028976412388 535.224555038086
2072000 184.077617768885 176.293013692955 175.093561253645 535.464192715485
2073000 184.0728257133 176.308479944445 175.155362202005 535.53666785975
2074000 184.199800905897 176.503135934821 175.271611445827 535.974548286546
2075000 184.253226105732 176.601737499865 175.3589297443 536.213893349897
2076000 184.363774580744 176.664759678158 175.4687211392 536.497255398102
2077000 184.49293671059 176.738611098647 175.506100362179 536.737648171416
2078000 184.593838795874 176.790906238574 175.533480965705 536.918226000153
2079000 184.660767472999 176.878631072607 175.664719373003 537.20411791861
2080000 184.80754547063 176.892606221684 175.738101967828 537.438253660142
2081000 184.911762265849 176.969960409335 175.847517614291 537.729240289475
2082000 184.920133372927 177.084822610153 175.862687571698 537.867643554779
2083000 185.01445193907 177.147209492913 175.974214477492 538.135875909475
2084000 185.099878680377 177.184755343283 176.060714959364 538.345348983024
2085000 185.241605632118 177.278900848976 176.186528761168 538.707035242262
2086000 185.337044221393 177.349030917715 176.234609243362 538.92068438247
2087000 185.36378478118 177.407062150189 176.279404195464 539.050251126833
2088000 185.537386353327 177.432373822651 176.366937698399 539.336697874377
2089000 185.610970982276 177.529674322365 176.527660207252 539.668305511893
2090000 185.675835100824 177.581477557196 176.604597905485 539.861910563504
2091000 185.860433612697 177.620665521085 176.668848175429 540.149947309212
2092000 185.911220140759 177.740453358253 176.761983640356 540.413657139368
2093000 185.947199453745 177.821084332824 176.844242780312 540.612526566881
2094000 186.016968778572 177.924787064529 176.888349731831 540.830105574933
2095000 186.06657324453 177.982096590396 177.052601595257 541.101271430183
2096000 186.087817025937 178.065598528967 177.092491165674 541.245906720578
2097000 186.192696532787 178.156393667179 177.166100619903 541.51519081987
2098000 186.221086193648 178.255918543729 177.293692807186 541.770697544562
2099000 186.25138653676 178.363572930402 177.355287115277 541.970246582438
2100000 186.404679865585 178.450622974302 177.380614444192 542.23591728408
2101000 186.497063281593 178.519379107942 177.48316913161 542.499611521146
2102000 186.572795761454 178.586385984566 177.634868257209 542.794050003229
2103000 186.693279241413 178.774644774582 177.704041347579 543.171965363574
2104000 186.802324982028 178.782415864769 177.744236045552 543.328976892349
2105000 186.882942716524 178.83157678028 177.799304187734 543.513823684538
2106000 186.911693402956 178.951222725719 177.891706234977 543.754622363651
2107000 187.08367286801 178.976881929022 177.975575090841 544.036129887873
2108000 187.167150952978 179.077954939869 178.019435703373 544.26454159622
2109000 187.228752953099 179.176145855526 178.150497404007 544.555396212633
2110000 187.246283095016 179.269317025669 178.202862171814 544.718462292499
2111000 187.376620496218 179.330637461471 178.273613850835 544.980871808524
2112000 187.423777189392 179.41352063463 178.353922073902 545.191219897924
2113000 187.569963839946 179.532108393813 178.43924070688 545.541312940638
2114000 187.571797091048 179.621298192084 178.496244143184 545.689339426317
2115000 187.678472248271 179.686523587518 178.561824214615 545.926820050404
2116000 187.739161365591 179.85630189399 178.669140791769 546.26460405135
2117000 187.823723405698 179.966868177381 178.74414560332 546.534737186399
2118000 187.918476587133 180.023608068311 178.851763791695 546.79384844714
2119000 188.009995398475 180.135998127398 178.906238586923 547.052232112796
2120000 188.129052495953 180.183382024946 178.942553477951 547.25498799885
2121000 188.22705797087 180.265621750987 179.007307843869 547.499987565726
2122000 188.276160682999 180.329402116687 179.120710195306 547.726272994991
2123000 188.390737486664 180.400664406642 179.231964829362 548.023366722669
2124000 188.480937087581 180.419658056623 179.418485983881 548.319081128084
2125000 188.540412165968 180.493059839792 179.500480185603 548.533952191362
2126000 188.654485403291 180.577745179554 179.577772263397 548.810002846242
2127000 188.737809575294 180.674730615156 179.694424080543 549.106964270993
2128000 188.845051583391 180.676583219528 179.715939157358 549.237573960277
2129000 188.950135542629 180.726344055356 179.854601257026 549.531080855011
2130000 189.117189290259 180.831392735035 179.915326644428 549.863908669722
2131000 189.101090294031 180.936934676451 180.032492346798 550.070517317279
2132000 189.132539584733 180.991666091219 180.141264765407 550.26547044136
2133000 189.291417947814 181.135943679451 180.172842120995 550.60020374826
2134000 189.398649221254 181.154889109344 180.174654980123 550.728193310721
2135000 189.510300641658 181.275609256053 180.253162020991 551.039071918703
2136000 189.651109997404 181.280341658156 180.335536198572 551.266987854131
2137000 189.70045656356 181.42909670614 180.416133456481 551.545686726181
2138000 189.792475935226 181.48124609253 180.457112566102 551.730834593858
2139000 189.779934994545 181.556282791581 180.543532239403 551.87975002553
2140000 189.925417612615 181.632232317301 180.550566465889 552.108216395805
2141000 189.956824864396 181.663465611065 180.60697386715 552.227264342612
2142000 190.045358282724 181.768188333073 180.729728906882 552.543275522678
2143000 190.179323005091 181.82149384149 180.810214186267 552.811031032847
2144000 190.210210018964 181.944802459124 180.843315367219 552.998327845308
2145000 190.326207018969 181.977813123105 180.90378893079 553.207809072863
2146000 190.452285700759 182.05699284229 180.927171101636 553.436449644685
2147000 190.564164294403 182.164161161668 181.053613299312 553.781938755382
2148000 190.588300415131 182.1878882816 181.169442437352 553.945631134082
2149000 190.685555641692 182.272488506548 181.241175482754 554.199219630994
2150000 190.818302520965 182.331638400406 181.357782972756 554.507723894128
2151000 190.886373725759 182.402539488985 181.423490331776 554.71240354652
2152000 190.914269005227 182.491174526025 181.527819805367 554.933263336619
2153000 191.043586892626 182.606496047133 181.583732163101 555.23381510286
2154000 191.063231515295 182.764056593329 181.694657605024 555.521945713648
2155000 191.163138375374 182.815432074502 181.730739346081 555.709309795958
2156000 191.301922311886 182.958125338162 181.779563999548 556.039611649596
2157000 191.320844892776 183.047575358228 181.811677308844 556.180097559848
2158000 191.497561513645 183.178964779902 181.856219265031 556.532745558579
2159000 191.561918035221 183.223027023468 181.944608975003 556.729554033691
2160000 191.684207225991 183.284752033731 182.034952806986 557.003912066708
2161000 191.760295270897 183.336082811522 182.041958503303 557.138336585721
2162000 191.841160075095 183.391811680788 182.172686546882 557.405658302764
2163000 191.912955033223 183.440720803209 182.208233100313 557.561908936745
2164000 191.984896740685 183.546285559569 182.310542670866 557.84172497112
2165000 192.115196011767 183.636663726925 182.479629055961 558.231488794654
2166000 192.16827467711 183.778671682181 182.492619660589 558.439566019879
2167000 192.207230239162 183.803469896018 182.577577601161 558.588277736341
2168000 192.292468283664 183.900547503546 182.639025019209 558.832040806419
2169000 192.400723074656 184.00561681206 182.701087632437 559.107427519153
2170000 192.503171106408 184.07497393377 182.767937386913 559.346082427091
2171000 192.61669953291 184.162383188884 182.860515105698 559.639597827493
2172000 192.679675794618 184.188511373009 182.905879032222 559.774066199848
2173000 192.787451496988 184.380039017503 183.000560138945 560.168050653436
2174000 192.887724345239 184.458557723619 183.05242413232 560.398706201178
2175000 192.88494354504 184.474998022465 183.18935104287 560.549292610376
2176000 193.010189793516 184.635010305398 183.310707088959 560.955907187873
2177000 193.101255438801 184.625735250526 183.431546481073 561.1585371704
2178000 193.197964942894 184.701968807899 183.418511803769 561.318445554562
2179000 193.269096040105 184.816141983782 183.517712409719 561.602950433606
2180000 193.289333088388 184.852598883857 183.654638754471 561.796570726716
2181000 193.32566717528 184.901928657395 183.689035355571 561.916631188246
2182000 193.410928462852 184.971832902766 183.773746758971 562.15650812459
2183000 193.469668426906 185.1133073995 183.846095251725 562.429071078131
2184000 193.519171850625 185.13458919801 183.944055969769 562.597817018404
2185000 193.605880182869 185.274097081762 184.018089956519 562.89806722115
2186000 193.642263270623 185.364482345964 184.060863896456 563.067609513043
2187000 193.88060912015 185.440732744905 184.181780197471 563.503122062526
2188000 193.899653268648 185.571733651812 184.331812777472 563.803199697932
2189000 193.9757123756 185.657602497384 184.39075773561 564.024072608594
2190000 193.981318077049 185.772299401434 184.475044159253 564.228661637736
2191000 194.040367066108 185.810699082845 184.55486899351 564.405935142464
2192000 194.077263426412 185.905903631103 184.658081777155 564.64124883467
2193000 194.204551108172 185.98653524303 184.710499618808 564.90158597001
2194000 194.295897097673 186.042669634095 184.788807102478 565.127373834246
2195000 194.408291728671 186.13154894304 184.828008832413 565.367849504125
2196000 194.417806962753 186.185710933761 184.941096940084 565.544614836598
2197000 194.486097889889 186.349642935697 185.027333793281 565.863074618866
2198000 194.634535095319 186.520609482717 185.074772447722 566.229917025758
2199000 194.702827930981 186.571898749612 185.206136147481 566.480862828075
2200000 194.818558805848 186.582886884482 185.309430455258 566.710876145588
2201000 194.875118129557 186.656764859666 185.398793561511 566.930676550734
2202000 194.949132680365 186.714659059547 185.524528710894 567.188320450806
2203000 195.100936768379 186.867708685168 185.534683948261 567.503329401808
2204000 195.195411376084 186.892093870607 185.634711602446 567.722216849138
2205000 195.23614446969 187.040267205923 185.708236054062 567.984647729675
2206000 195.361095228267 187.078322854818 185.790274808721 568.229692891806
2207000 195.386683360807 187.211103215822 185.826782322997 568.424568899626
2208000 195.521736722593 187.275068604018 185.900371949625 568.697177276236
2209000 195.549009984003 187.344791076281 185.996605349275 568.890406409559
2210000 195.612690345483 187.494307752007 186.11618702374 569.22318512123
2211000 195.68720242994 187.528255185267 186.196362408323 569.41182002353
2212000 195.8140021323 187.712096273382 186.215844911821 569.741943317503
2213000 195.899754137633 187.72069223991 186.29865380414 569.919100181683
2214000 195.968240237743 187.872284991052 186.419847530479 570.260372759275
2215000 196.130260848599 187.930389475093 186.429052589929 570.489702913621
2216000 196.139215135676 188.021566127863 186.539346439597 570.700127703137
2217000 196.260949177446 188.190873637399 186.590065986995 571.04188880184
2218000 196.312544721215 188.235569402036 186.717832952079 571.26594707533
2219000 196.371972606024 188.415415649606 186.777075137953 571.564463393583
2220000 196.449392399475 188.491228205887 186.921168898039 571.861789503401
2221000 196.581579937269 188.608562516414 186.972712150356 572.162854604039
2222000 196.647849312079 188.657822696071 187.039719377422 572.345391385572
2223000 196.682313797681 188.728320254727 187.041686375961 572.452320428369
2224000 196.765674081064 188.793218954623 187.187691732146 572.746584767833
2225000 196.919272123488 188.906425702943 187.242523151252 573.068220977683
2226000 196.926217206539 188.987373888029 187.335481681263 573.249072775832
2227000 197.02433319751 189.083353305895 187.492930406804 573.600616910208
2228000 197.053943245449 189.203920011128 187.555821733143 573.81368498972
2229000 197.181813126178 189.286871144448 187.623693221143 574.09237749177
2230000 197.248383337546 189.345887270785 187.717089848898 574.31136045723
2231000 197.337202783122 189.507766016802 187.845792901087 574.690761701011
2232000 197.417265957532 189.628916890553 187.88413199917 574.930314847254
2233000 197.57222674464 189.710239696244 188.04116586728 575.323632308164
2234000 197.639831958512 189.802495519138 188.087683736018 575.530011213669
2235000 197.751308911508 189.923835162666 188.092682878891 575.767826953065
2236000 197.759882205449 189.944614329557 188.198367534096 575.902864069103
2237000 197.804189463831 190.03387657104 188.312529108589 576.150595143459
2238000 197.875581836991 190.113629993067 188.37572207483 576.364933904888
2239000 197.891426425316 190.203429284587 188.404953485307 576.49980919521
2240000 198.026246317733 190.229827728754 188.537706619301 576.793780665789
2241000 198.129787013603 190.372665394237 188.580471493909 577.082923901749
2242000 198.208146885922 190.486817991609 188.658258136205 577.353223013736
2243000 198.251455617712 190.606539692769 188.712917084302 577.570912394782
2244000 198.345509969856 190.656826308217 188.759422509471 577.761758787544
2245000 198.41460695766 190.730776587902 188.838869720922 577.984253266484
2246000 198.556194089555 190.836897146037 189.011470111524 578.404561347116
2247000 198.649357771152 190.932208750175 189.058720754531 578.640287275859
2248000 198.773675279994 190.984846667477 189.109963668893 578.868485616364
2249000 198.865373224261 191.031026284035 189.262281288684 579.15868079698
2250000 198.86926686559 191.128632164037 189.319581611013 579.31748064064
2251000 198.950006400508 191.143592413441 189.388538178538 579.482136992487
2252000 198.917479334812 191.194098281169 189.519910240577 579.631487856558
2253000 199.054515706997 191.297700874108 189.606354244621 579.958570825725
2254000 199.107857788902 191.392691262271 189.682072365998 580.182621417172
2255000 199.160445981625 191.441252316744 189.659639406046 580.261337704415
2256000 199.21842633461 191.519615104443 189.763274681938 580.501316120991
2257000 199.299302359679 191.618475059637 189.85173377166 580.769511190976
2258000 199.426929668035 191.691337155929 189.899319241114 581.017586065078
2259000 199.518356227926 191.720943392294 189.95421952624 581.19351914646
2260000 199.649313518854 191.823788430048 190.061915190612 581.535017139515
2261000 199.66577461074 191.966268513605 190.156655573446 581.788698697791
2262000 199.847383831425 192.04311844195 190.194773486597 582.085275759972
2263000 199.932689551518 192.129205937735 190.293837294217 582.355732783471
2264000 199.972830122783 192.200811327006 190.347956925699 582.521598375488
2265000 200.083736010985 192.272152880504 190.41192961002 582.767818501508
2266000 200.189754000256 192.338914155962 190.410825485128 582.939493641345
2267000 200.273146179783 192.410664848928 190.480282902213 583.164093930924
2268000 200.360034097407 192.519248925783 190.586159625457 583.465442648648
2269000 200.460163166783 192.573871475012 190.613884716208 583.647919358004
2270000 200.578912815926 192.681686584911 190.792191454853 584.05279085569
2271000 200.646448638923 192.775624813339 190.844133203682 584.266206655944
2272000 200.705541379293 192.891652371815 190.824572526503 584.421766277611
2273000 200.795727981462 192.925894672893 190.960572323961 584.682194978316
2274000 200.967669581146 192.98146953645 190.99761603336 584.946755150957
2275000 200.948735208874 193.131204604432 191.018309824433 585.09824963774
2276000 201.047914568665 193.24222829859 191.114270079419 585.404412946674
2277000 201.112880510021 193.29102423362 191.204523844763 585.608428588403
2278000 201.272015829106 193.394387996218 191.219148104501 585.885551929825
2279000 201.269398134238 193.587930505444 191.395402036549 586.25273067623
2280000 201.370796424489 193.685943554166 191.504021984584 586.560761963239
2281000 201.422123441705 193.764869635607 191.552164522396 586.739157599708
2282000 201.52205777369 193.836825404487 191.651235496563 587.01011867474
2283000 201.642183522216 193.934454788319 191.680722856365 587.2573611669
2284000 201.673178063724 194.026765256854 191.818537160264 587.518480480842
2285000 201.730764257901 194.046436018923 191.954103679499 587.731303956324
2286000 201.884358154601 194.176556096422 191.973771948509 588.034686199532
2287000 201.955217221446 194.244181664049 192.122138493863 588.321537379357
2288000 202.022418798264 194.314224109037 192.162828094693 588.499471001994
2289000 202.06211730492 194.340685874947 192.223052750536 588.625855930403
2290000 202.151805938892 194.481234831774 192.304069082237 588.937109852903
2291000 202.271543297174 194.530827876247 192.465289465167 589.267660638588
2292000 202.312896474033 194.561914335603 192.493595503782 589.368406313418
2293000 202.422210957073 194.665390135838 192.498528526674 589.586129619585
2294000 202.551294640016 194.793821811743 192.616057918637 589.961174370395
2295000 202.608464487174 194.954241736591 192.716885904685 590.27959212845
2296000 202.663722242467 194.987496181362 192.822010165375 590.473228589204
2297000 202.722152998467 195.093139107709 192.94224896265 590.757541068826
2298000 202.874099242787 195.13175094165 193.01355242531 591.019402609747
2299000 202.947811674721 195.295224344316 193.099438253214 591.34247427225
2300000 202.995618894727 195.35221012434 193.174746621962 591.522575641029
2301000 203.051670963597 195.406275003417 193.174094808706 591.63204077572
2302000 203.148493058731 195.468531616158 193.287665384994 591.904690059883
2303000 203.244594841479 195.477421246028 193.34630291228 592.068318999787
2304000 203.242070601932 195.663841646271 193.373325748347 592.27923799655
2305000 203.364411979643 195.696142464181 193.463354239694 592.523908683518
2306000 203.462451669646 195.726279225006 193.553434358772 592.742165253424
2307000 203.540839090347 195.858705244833 193.625737992046 593.025282327226
2308000 203.664679434288 195.932614645992 193.793705003568 593.390999083848
2309000 203.748717971956 195.960071689572 193.859296643977 593.568086305505
2310000 203.827764285316 196.05327010997 193.949109749783 593.830144145069
2311000 203.941371990453 196.076043982882 194.050964953323 594.068380926658
2312000 204.020310474306 196.184406195463 194.096962337463 594.301679007232
2313000 204.059958169396 196.287472251568 194.143701855322 594.491132276287
2314000 204.143565095606 196.334938421661 194.259282692471 594.737786209738
2315000 204.299651003251 196.406537843575 194.343370167478 595.049559014304
2316000 204.365354268284 196.481069029105 194.496135274272 595.342558571661
2317000 204.424093769824 196.563610579428 194.516780919055 595.504485268306
2318000 204.553811011006 196.666798904356 194.644433152021 595.865043067384
2319000 204.614786216305 196.773012700553 194.674398071002 596.062196987861
2320000 204.684098596312 196.856913507227 194.784357215305 596.325369318844
2321000 204.708009955541 196.813082031156 194.836641270979 596.357733257676
2322000 204.793402029254 196.919384927061 194.96555434406 596.678341300375
2323000 204.782456806637 196.943026291638 195.035111974226 596.760595072501
2324000 204.924245562195 197.061134315983 195.074881414225 597.060261292402
2325000 205.100025122914 197.119456209939 195.158804236316 597.378285569169
2326000 205.095769827939 197.224672857601 195.266005832635 597.586448518174
2327000 205.182987631903 197.285193128347 195.387894186903 597.856074947153
2328000 205.296915541529 197.345678967025 195.515861299482 598.158455808036
2329000 205.354870921106 197.468971961254 195.617668265386 598.441511147746
2330000 205.471043343123 197.494065929851 195.66246578747 598.627575060444
2331000 205.589333862455 197.644345365217 195.687911341336 598.921590569008
2332000 205.682545948793 197.696996031616 195.765155466032 599.14469744644
2333000 205.687637347149 197.811873722434 195.891127414109 599.390638483692
2334000 205.7180547349 197.923127142822 195.992947778139 599.634129655861
2335000 205.813120788841 198.007500970547 196.016691977566 599.837313736954
2336000 205.899598029617 198.08254724516 196.052103859293 600.03424913407
2337000 206.015689224956 198.089558360014 196.14670461582 600.251952200791
2338000 206.154650663759 198.192559357062 196.176722380933 600.523932401754
2339000 206.225570406601 198.276863455105 196.228400938836 600.730834800542
2340000 206.343596620436 198.36977126202 196.309654785216 601.023022667672
2341000 206.400530109546 198.403387008179 196.428847573595 601.23276469132
2342000 206.513115391629 198.558149394221 196.529028776453 601.600293562303
2343000 206.623826872778 198.65822772544 196.581827470034 601.863882068252
2344000 206.671707036504 198.555823575897 196.719927344427 601.947457956827
2345000 206.750889435259 198.697287047411 196.753037824826 602.201214307497
2346000 206.777589177959 198.756709437776 196.901491575144 602.435790190879
2347000 206.872656492429 198.840039632619 196.937090986266 602.649787111314
2348000 206.994004546862 198.936142481089 197.09741182504 603.027558852991
2349000 207.14667237111 199.022283478226 197.176007717308 603.344963566644
2350000 207.212887215081 199.039647449384 197.211993094718 603.464527759183
2351000 207.219971925564 199.187560952012 197.338651228857 603.746184106433
2352000 207.37548711696 199.250765095119 197.462284700673 604.088536912753
2353000 207.4734462295 199.284895317279 197.519256238751 604.277597785529
2354000 207.566156144695 199.361428145174 197.579803118047 604.507387407916
2355000 207.579766085206 199.459867356751 197.719102152189 604.758735594146
2356000 207.755510578806 199.46901297502 197.731854598928 604.956378152753
2357000 207.811980538643 199.557811043604 197.848174831047 605.217966413294
2358000 207.859780942894 199.631994734501 197.978609626593 605.470385303987
2359000 207.948547625494 199.647931422581 198.118072930631 605.714551978706
2360000 208.006870718866 199.677230988124 198.187440229079 605.871541936069
2361000 208.081490772962 199.741781838606 198.308377272735 606.131649884303
2362000 208.134460400554 199.853213953055 198.348229100162 606.335903453771
2363000 208.315366563856 199.95758917076 198.440236568232 606.713192302849
2364000 208.37175165192 199.993623310921 198.448239828463 606.813614791304
2365000 208.4785396987 200.03683184441 198.549742434496 607.065113977606
2366000 208.485460076664 200.150731404167 198.641582007607 607.277773488439
2367000 208.498656800899 200.276094619433 198.817054050617 607.591805470949
2368000 208.657685296482 200.354354131532 198.909138183647 607.92117761166
2369000 208.735707862589 200.431689175331 199.008135086924 608.175532124844
2370000 208.85944814709 200.450184399529 199.065843217969 608.375475764589
2371000 208.911482478377 200.58214960014 199.162563563818 608.656195642335
2372000 209.02464363741 200.623827928228 199.17993442588 608.828405991518
2373000 209.1903584346 200.708731287702 199.188627360826 609.087717083127
2374000 209.243263685779 200.795648471514 199.332307852324 609.371220009617
2375000 209.369209391736 200.873757292138 199.388330513605 609.631297197479
2376000 209.404504355963 200.89861371756 199.487120151993 609.790238225516
2377000 209.53823146143 201.073178785433 199.573330146785 610.184740393648
2378000 209.606803700451 201.09850514605 199.718774255351 610.424083101852
2379000 209.653597343138 201.215200921566 199.815313715366 610.68411198007
2380000 209.818854417045 201.270849633657 199.964214079613 611.053918130315
2381000 209.983323985142 201.330607810555 199.973170222323 611.28710201802
2382000 210.060965217218 201.423226232339 200.025228169663 611.50941961922
2383000 210.180094362867 201.503177565292 200.113628429784 611.796900357943
2384000 210.280179396845 201.605821303892 200.137392679785 612.023393380521
2385000 210.312332145359 201.74345703798 200.264888099304 612.320677282643
2386000 210.471915330755 201.792677781112 200.322844781183 612.587437893049
2387000 210.485386404161 201.964465546353 200.412354729595 612.862206680109
2388000 210.449177154274 202.057392150806 200.544695833866 613.051265138946
2389000 210.501843497452 202.077172930644 200.635846328121 613.214862756217
2390000 210.585565375263 202.219187426004 200.762013622566 613.566766423832
2391000 210.675001501449 202.27753492331 200.793518887851 613.74605531261
2392000 210.806893408362 202.351059256603 200.879550946459 614.037503611424
2393000 210.934622542251 202.483866652377 200.92598420653 614.344473401158
2394000 210.943430234547 202.576603636626 200.979672353907 614.49970622508
2395000 210.999011640487 202.544295375847 201.093958364083 614.637265380417
2396000 211.114365528387 202.702140751365 201.224369905582 615.040876185333
2397000 211.208532878105 202.779007982099 201.238324453093 615.225865313297
2398000 211.321397108993 202.844068287782 201.303399874853 615.468865271628
2399000 211.437649395116 202.896229447961 201.42401077378 615.757889616857
2400000 211.56130697504 203.054334495717 201.475230462117 616.090871932873
2401000 211.616339688656 203.175947830156 201.674491240938 616.46677875975
2402000 211.726679824059 203.200424522159 201.708431484902 616.635535831121
2403000 211.823987334266 203.311939781379 201.725990791008 616.861917906653
2404000 211.931921703941 203.241106986079 201.805662189184 616.978690879204
2405000 211.990531904117 203.354653454324 201.934317802701 617.279503161142
2406000 212.043290227248 203.53693268077 202.078028046094 617.658250954112
2407000 212.132630838075 203.551690109645 202.177956863002 617.862277810722
2408000 212.220012847041 203.64969365232 202.243579390078 618.113285889439
2409000 212.353238586535 203.722717251914 202.296295969689 618.372251808139
2410000 212.468418730169 203.825107341012 202.425670467646 618.719196538827
2411000 212.502516573792 203.879291060518 202.53683493842 618.91864257273
2412000 212.637896027451 204.033757236251 202.643713740727 619.315367004429
2413000 212.749133980954 204.123886794224 202.696455864555 619.569476639732
2414000 212.783804804592 204.110102333785 202.746704008954 619.640611147331
2415000 212.856224840884 204.187213313755 202.79315178225 619.83658993689
2416000 212.985854047377 204.28685959194 202.922051668074 620.194765307391
2417000 213.005170881612 204.405541491412 203.071972620351 620.482684993374
2418000 213.11754318792 204.412115073006 203.068603789485 620.598262050411
2419000 213.19891684515 204.517899960488 203.179157676899 620.895974482537
2420000 213.258522257986 204.567421036769 203.244214241378 621.070157536133
2421000 213.357526923886 204.62721818336 203.310072237473 621.29481734472
2422000 213.473205298381 204.687350585495 203.361435461788 621.521991345664
2423000 213.501579166713 204.760554206448 203.434204636289 621.69633800945
2424000 213.572542111285 204.853536034521 203.543159134481 621.969237280287
2425000 213.734630314328 204.921898078429 203.689047485779 622.345575878537
2426000 213.808076907514 205.056360455425 203.766703839424 622.631141202363
2427000 213.877584337051 205.131453660644 203.836319179788 622.845357177483
2428000 213.919222397081 205.225587724235 203.831745941634 622.97655606295
2429000 214.036624356021 205.268480207805 203.95686339202 623.261967955845
2430000 214.136832144235 205.341930207419 203.993014480099 623.471776831753
2431000 214.187098115498 205.445363259455 204.129859047912 623.762320422866
2432000 214.296951054771 205.50681629558 204.233826819405 624.037594169756
2433000 214.42751523575 205.61668617268 204.368030552906 624.412231961336
2434000 214.42768086317 205.722541177565 204.4345179742 624.584740014935
2435000 214.540703150865 205.760978263951 204.454100176991 624.755781591807
2436000 214.650561839448 205.818057564427 204.497383554238 624.966002958114
2437000 214.701551909526 205.883882442937 204.591730183955 625.177164536418
2438000 214.839317496883 206.049387865407 204.690918105584 625.579623467874
2439000 214.87730867595 206.097771858807 204.691630676104 625.666711210861
2440000 214.869547645189 206.202897849591 204.788123117362 625.860568612141
2441000 214.967989235031 206.267783211753 204.835573447112 626.071345893896
2442000 215.099109421297 206.387832701788 204.903855992545 626.39079811563
2443000 215.237929071269 206.480462201724 204.95067478678 626.669066059774
2444000 215.352716048502 206.561056131241 205.078504686058 626.992276865801
2445000 215.45395408066 206.575063189928 205.096715115188 627.125732385776
2446000 215.51667900377 206.672062686522 205.190564608017 627.379306298309
2447000 215.573979259358 206.766737412686 205.181191307019 627.521907979064
2448000 215.715256694589 206.743920385586 205.31764367664 627.776820756814
2449000 215.774547086593 206.922018895927 205.341329616986 628.037895599505
2450000 215.842253105837 206.946130919349 205.466130396828 628.254514422013
2451000 215.923714879808 207.092900203765 205.560843151613 628.577458235186
2452000 216.011256163276 207.151453643141 205.635533708834 628.798243515251
2453000 216.054759795153 207.276678202934 205.705248540554 629.036686538641
2454000 216.131120840777 207.337352402842 205.748732350682 629.217205594302
2455000 216.330711530003 207.341710391104 205.791664437864 629.464086358971
2456000 216.28781668933 207.489827014878 205.942327635125 629.719971339334
2457000 216.384309665155 207.553010203306 206.030341277487 629.967661145948
2458000 216.40810874494 207.608012520016 206.094894508337 630.111015773293
2459000 216.532382953042 207.753705341535 206.194495722858 630.480584017435
2460000 216.560482290651 207.882931448025 206.353003333425 630.796417072101
2461000 216.66849696456 207.990342717866 206.319316566385 630.978156248811
2462000 216.785464368833 208.003387441448 206.397532100324 631.186383910604
2463000 216.91014476647 208.051352077322 206.537641449329 631.499138293121
2464000 217.01079543873 208.161494134648 206.6001888527 631.772478426078
2465000 217.134113824159 208.220522160622 206.653479351539 632.00811533632
2466000 217.140791444766 208.346629951099 206.729820234848 632.217241630712
2467000 217.312294215192 208.401795295337 206.829586453189 632.543675963717
2468000 217.400738017081 208.448913439361 206.884802669902 632.734454126344
2469000 217.510099761419 208.499339125149 206.96028533462 632.969724221188
2470000 217.510077628187 208.647851956245 207.037748409335 633.195677993767
2471000 217.662489751775 208.72526000686 207.166076480242 633.553826238877
2472000 217.705192808737 208.808017428007 207.217693956334 633.730904193078
2473000 217.674499379785 208.888149672897 207.284705296043 633.847354348725
2474000 217.862535879247 208.945751862089 207.409109900477 634.217397641813
2475000 217.9462167893 209.060630035323 207.462880742998 634.469727567621
2476000 218.024340770618 209.139400330639 207.536994198726 634.700735299983
2477000 218.216325228419 209.190312068502 207.640655876266 635.047293173187
2478000 218.282732178399 209.205802863417 207.679648472626 635.168183514441
2479000 218.409420613053 209.299020151696 207.77747991943 635.485920684179
2480000 218.503695560979 209.354674759138 207.828868853239 635.687239173356
2481000 218.471313932265 209.455400753902 207.905568582801 635.832283268968
2482000 218.584350848053 209.556985477646 207.921780149451 636.063116475151
2483000 218.74980485497 209.581004660797 208.034144379802 636.364953895568
2484000 218.808902932393 209.695184209302 208.134009569471 636.638096711166
2485000 218.900608357602 209.769039951936 208.20903827999 636.878686589529
2486000 218.992442994738 209.819288838433 208.239345236796 637.051077069968
2487000 219.037663518548 209.941169621247 208.433930360694 637.412763500489
2488000 219.20875675464 210.01391544008 208.561319784193 637.783991978913
2489000 219.255468009665 210.193185044489 208.619186314287 638.067839368441
2490000 219.33641729719 210.172476389232 208.736071401519 638.24496508794
2491000 219.436157257826 210.270139216952 208.808497685061 638.514794159838
2492000 219.499665815458 210.331922752373 208.961614969402 638.793203537234
2493000 219.587641449095 210.350792833673 209.014565697032 638.9529999798
2494000 219.705037435379 210.460693789464 209.084307280742 639.250038505585
2495000 219.7591041455 210.563913832211 209.173169725197 639.496187702909
2496000 219.885048580111 210.640174287238 209.252886981149 639.778109848498
2497000 219.953003793418 210.672276078794 209.361087369526 639.986367241738
2498000 220.04680944429 210.772993193535 209.446078565383 640.265881203209
2499000 220.190199904773 210.866237241573 209.548976512736 640.605413659083
2500000 220.21861740835 210.939570231656 209.633361266588 640.791548906594
2501000 220.294832441462 210.967360292863 209.697712072692 640.959904807017
2502000 220.409831474026 211.060769957064 209.773594378092 641.244195809183
2503000 220.483527897414 211.251997882086 209.907252195439 641.642777974939
2504000 220.640056255374 211.261565687327 209.927204567242 641.828826509943
2505000 220.754708645674 211.361831760971 210.031590219418 642.148130626062
2506000 220.802108562778 211.427639435046 210.125141196002 642.354889193826
2507000 220.953981109288 211.548709482536 210.231210658853 642.733901250678
2508000 220.958668464494 211.511321970063 210.290823538528 642.760813973084
2509000 221.016654185281 211.634143519224 210.377629541382 643.028427245887
2510000 221.153424528226 211.680499171142 210.438057018292 643.27198071766
