# Fix print output for fix 2
10000 0 1.20026621657016e-33 6.0013310828508e-33 7.20159729942096e-33
11000 0.319125960131377 0.320871176921773 0.323558648881391 0.963555785934541
12000 0.465361459399641 0.461706796234643 0.467972263218841 1.39504051885313
13000 0.607281960470864 0.591034893405052 0.601241300780097 1.79955815465601
14000 0.749465606370872 0.728770386843925 0.74096797943888 2.21920397265368
15000 0.885202473049424 0.866443422088328 0.878901075693858 2.63054697083161
16000 1.0267332950702 0.987690110119716 1.0190905423869 3.03351394757682
17000 1.16336990159217 1.12486406211992 1.15349845458202 3.44173241829412
18000 1.29516307263337 1.25108963701443 1.28467222415403 3.83092493380183
19000 1.429687904001 1.37656849756241 1.4255004319751 4.23175683353852
20000 1.55479777109395 1.49633160450768 1.55909578312281 4.61022515872445
21000 1.69967336494491 1.62072981341602 1.69498145896418 5.01538463732511
22000 1.83093824087962 1.74301043323301 1.82278726106399 5.39673593517662
23000 1.95129653963914 1.85951662127732 1.95392480828196 5.76473796919842
24000 2.08599056637628 1.97252771626947 2.08074224783214 6.13926053047789
25000 2.21878413986994 2.09879775642619 2.21747441307435 6.53505630937048
26000 2.34296514964259 2.22143582022188 2.33661617730774 6.90101714717221
27000 2.47990695181936 2.34732797028989 2.46633111905705 7.2935660411663
28000 2.59245913155247 2.462304639718 2.58894923021754 7.643713001488
29000 2.71394723850922 2.584917233346 2.71440726303754 8.01327173489276
30000 2.837711943546 2.69308383127391 2.84934799695836 8.38014377177827
31000 2.97051379035458 2.81685612201981 2.97590101034665 8.76327092272104
32000 3.11321140700998 2.95528772843436 3.12948246410748 9.19798159955182
33000 3.23619563386285 3.06265715749397 3.25374342110154 9.55259621245836
34000 3.37371427231826 3.19263953650243 3.38124070590444 9.94759451472513
35000 3.50254240551327 3.3082902745183 3.50523972859323 10.3160724086248
36000 3.6214948971047 3.42881363079119 3.64730097413288 10.6976095020288
37000 3.7597657544191 3.55979059407988 3.79021502181286 11.1097713703118
38000 3.89159577351677 3.67892459837163 3.92107297316891 11.4915933450573
39000 4.02482031128566 3.79727241130618 4.04643566714924 11.8685283897411
40000 4.15073479861735 3.9217993214954 4.17070552160842 12.2432396417212
41000 4.2739421861024 4.03761682797095 4.29711643740823 12.6086754514816
42000 4.40357204897216 4.16481003476162 4.43926225641439 13.0076443401482
43000 4.5253884291559 4.30351776877634 4.57234503030849 13.4012512282407
44000 4.64732051067108 4.41194050404041 4.70940746388726 13.7686684785987
45000 4.76830367335317 4.52641266441748 4.82829667006907 14.1230130078397
46000 4.89878389388865 4.65118128437901 4.9541169964084 14.5040821746761
47000 5.01277998010249 4.76516121861587 5.08599995691435 14.8639411556327
48000 5.1406750990964 4.86846308873222 5.19602776536183 15.2051659531905
49000 5.24659334760804 4.97524037019101 5.32945797755776 15.5512916953568
50000 5.36723886007511 5.0921219917905 5.46027418179526 15.9196350336609
51000 5.48647476194508 5.20038603089317 5.58098216927656 16.2678429621148
52000 5.5971097243055 5.30585475427889 5.69128159281597 16.5942460714004
53000 5.71817647054281 5.42903309399944 5.8057580101827 16.952967574725
54000 5.83692819129587 5.53181804131845 5.93349412402895 17.3022403566433
55000 5.96068203820324 5.65103477913708 6.05816606580324 17.6698828831435
56000 6.07039058793787 5.76890284244803 6.18001519580536 18.0193086261913
57000 6.19885947320819 5.89529318828606 6.31152199093947 18.4056746524337
58000 6.31655675310807 6.00676407046746 6.41764937711797 18.7409702006935
59000 6.45750785390022 6.13504152519314 6.53902586871568 19.131575247809
60000 6.57848039040486 6.26177639324654 6.66830907057958 19.508565854231
61000 6.70598778578824 6.38564506903178 6.80605845209052 19.8976913069105
62000 6.81578130160042 6.50053704201073 6.93692995148626 20.2532482950974
63000 6.9409640143843 6.62039619280255 7.06157963045049 20.6229398376373
64000 7.05004983587471 6.72425581536349 7.17152281122634 20.9458284624645
65000 7.16916106121445 6.83253840260342 7.27906075797852 21.2807602217964
66000 7.27913915879421 6.94012983448737 7.39852310330974 21.6177920965913
67000 7.40130847858641 7.06975628782959 7.52722681405709 21.9982915804731
68000 7.53800087818321 7.18980428911464 7.64574405040405 22.3735492177019
69000 7.66402245264694 7.30258159422789 7.75184996750261 22.7184540143774
70000 7.78154940625513 7.42246039561301 7.87942799916937 23.0834378010375
71000 7.90626048679029 7.54081991979328 8.01302306865294 23.4601034752365
72000 8.02545556261691 7.65523795104594 8.13471005574808 23.8154035694109
73000 8.16151123725202 7.77228681593998 8.26812128776037 24.2019193409524
74000 8.28332292216398 7.90273251630243 8.38839917473127 24.5744546131977
75000 8.39556749282659 8.00964120070901 8.50842591955403 24.9136346130896
76000 8.52412008456216 8.13394894797401 8.62404347206868 25.2821125046049
77000 8.6346119434508 8.25640126841319 8.76038751784391 25.6514007297079
78000 8.74909719408284 8.38574312023028 8.88701375312426 26.0218540674374
79000 8.87563645768356 8.50820089729922 8.99068732884259 26.3745246838254
80000 9.00356223012465 8.61993117275389 9.11655072866053 26.7400441315391
81000 9.10874984336907 8.73464165056848 9.23981764522766 27.0832091391652
82000 9.24281854638583 8.84091848459463 9.36690295725238 27.4506399882328
83000 9.34268104609112 8.96334570233363 9.48108830089156 27.7871150493163
84000 9.4550455849265 9.06462646845926 9.60646960637343 28.1261416597592
85000 9.56594112151162 9.17084039561346 9.7173574737289 28.454138990854
86000 9.68494959567865 9.28524338319777 9.83734755396743 28.8075405328438
87000 9.8095145727157 9.3995276586598 9.96268812378361 29.1717303551591
88000 9.91809954711699 9.51299434345393 10.0864074485837 29.5175013391547
89000 10.0359875557443 9.6231684407845 10.2034403191426 29.8625963156714
90000 10.1435029341775 9.72346243926345 10.3269545991515 30.1939199725925
91000 10.2830660654208 9.83988168346261 10.437802213653 30.5607499625364
92000 10.4112122879479 9.966033933002 10.5537262484295 30.9309724693794
93000 10.5215929579113 10.0765138913479 10.665455942344 31.2635627916032
94000 10.6319595723037 10.2124866306608 10.7748652912576 31.6193114942221
95000 10.7634209957154 10.3264215274226 10.9296664759458 32.0195089990838
96000 10.9061988452822 10.4641841833199 11.0330379025357 32.4034209311378
97000 11.0223704667981 10.5724123908012 11.1540357703185 32.7488186279178
98000 11.1467202149957 10.6831380188071 11.2982690905409 33.1281273243437
99000 11.2647593075058 10.8058890550092 11.4424863221749 33.5131346846899
100000 11.3955831139508 10.9173591130307 11.5767289112771 33.8896711382585
101000 11.4980736804814 11.0345240259325 11.6732482059093 34.2058459123233
102000 11.6100690521723 11.1307807649635 11.8008154638161 34.5416652809519
103000 11.7247486748453 11.2490352883076 11.9075034318068 34.8812873949597
104000 11.8496771057447 11.3605404162259 12.0323634408847 35.2425809628553
105000 11.9589068094848 11.4713497232503 12.1492488593729 35.579505392108
106000 12.0724957617127 11.5920906805742 12.2776762333213 35.9422626756082
107000 12.1921559200005 11.6895690642203 12.3828211531709 36.2645461373917
108000 12.2954480292288 11.801352170402 12.5141061447149 36.6109063443458
109000 12.4082962487502 11.90522785746 12.6210598562698 36.9345839624801
110000 12.5306418265612 12.0168675787938 12.7284798114357 37.2759892167907
111000 12.6627552777436 12.1441218496098 12.844150416161 37.6510275435145
112000 12.806815168138 12.2504480548808 12.9631600003475 38.0204232233663
113000 12.9269127704938 12.3648267934254 13.0689894759343 38.3607290398535
114000 13.0406259339143 12.4719122133857 13.17509203479 38.6876301820901
115000 13.1684745918627 12.5910524278929 13.2990673999963 39.0585944197518
116000 13.2892065130743 12.706890991306 13.4180795392776 39.414177043658
117000 13.412172147284 12.8200223544223 13.5358745644817 39.768069066188
118000 13.5017389934365 12.935141377534 13.6479209119987 40.0848012829693
119000 13.6287135142708 13.0500340508174 13.7901332640198 40.468880829108
120000 13.7640968394056 13.1901312145933 13.9059317211124 40.8601597751113
121000 13.8927433919818 13.2925538461641 14.0356762854182 41.2209735235641
122000 14.0086879815301 13.3963880320678 14.1461908364724 41.5512668500703
123000 14.1548646437919 13.5144795242904 14.2818338227512 41.9511779908335
124000 14.2538593702677 13.6105900256082 14.3981984310415 42.2626478269174
125000 14.3613384207208 13.7207199562259 14.4988305350447 42.5808889119914
126000 14.4742690143777 13.8090598267878 14.6128802403995 42.896209081565
127000 14.5727234375958 13.9339688952718 14.7340555015434 43.2407478344109
128000 14.6992808032579 14.0489887425116 14.8572486197016 43.6055181654711
129000 14.8124149855297 14.1875439154685 14.9856212955106 43.9855801965087
130000 14.9298804181909 14.2966903037561 15.0768322255092 44.3034029474563
131000 15.0484707137112 14.387997817468 15.190747797497 44.6272163286762
132000 15.1694696976578 14.48823330206 15.3058991596672 44.963602159385
133000 15.3014833733926 14.6138683872312 15.3963532900345 45.3117050506583
134000 15.4004293078952 14.7129690405317 15.505857785518 45.6192561339449
135000 15.5387877203295 14.8406463243522 15.6162239263049 45.9956579709866
136000 15.6592659679743 14.9633380145157 15.7310379878601 46.3536419703501
137000 15.7885274932558 15.0810970991805 15.8539053565602 46.7235299489965
138000 15.9059609310818 15.2033393456389 15.9789492368631 47.0882495135838
139000 16.0467659040577 15.3027281280657 16.1031650694511 47.4526591015745
140000 16.148511829169 15.4063520507298 16.2222311994084 47.7770950793072
141000 16.2681507893644 15.5329845822881 16.3381361971544 48.1392715688069
142000 16.3748212769989 15.6253574409714 16.4284753575088 48.4286540754791
143000 16.5001161167199 15.7269389466728 16.546878237782 48.7739333011746
144000 16.6143164986181 15.8400444877412 16.6662906701132 49.1206516564725
145000 16.7345850195496 15.9415411002834 16.7810496230365 49.4571757428695
146000 16.8602185340176 16.0548063400833 16.9116063471297 49.8266312212305
147000 16.9579831268327 16.1397028087474 17.0182473658065 50.1159333013865
148000 17.0836685170321 16.257868541905 17.1165205333539 50.458057592291
149000 17.1936841918497 16.3805663391841 17.2377927052093 50.812043236243
150000 17.3120526492142 16.4982465497066 17.3620682717167 51.1723674706375
151000 17.4040220486505 16.6129212651003 17.4937389527851 51.5106822665359
152000 17.5273644578993 16.7296358098351 17.6079481714122 51.8649484391466
153000 17.6393926493294 16.8483797712428 17.7033019713682 52.1910743919404
154000 17.7773890877763 16.9602400596428 17.826219038275 52.5638481856942
155000 17.8799163762544 17.0770408608948 17.9557801257823 52.9127373629315
156000 17.9922483051753 17.1734775129298 18.080245974647 53.2459717927522
157000 18.0836465369511 17.2890562982584 18.1934484786582 53.5661513138676
158000 18.2218291034447 17.3933122731693 18.3073774761282 53.9225188527423
159000 18.3342285408648 17.5036028660043 18.409351173512 54.247182580381
160000 18.468042117877 17.6183569955263 18.5261422473784 54.6125413607817
161000 18.5778654779157 17.7346909226614 18.6389769341569 54.9515333347341
162000 18.6866721749076 17.8407968515656 18.7651904500363 55.2926594765095
163000 18.7957968688273 17.9418132164121 18.8784694227151 55.6160795079545
164000 18.9216159398058 18.0444737847702 18.9834834526334 55.9495731772094
165000 19.0301355071429 18.1573510178997 19.1069760782719 56.2944626033145
166000 19.1263781252977 18.2671376350723 19.2343487772977 56.6278645376677
167000 19.2239610145185 18.3866250959263 19.3633239823237 56.9739100927685
168000 19.3481152729638 18.5047414304542 19.4785858949074 57.3314425983254
169000 19.4783051727263 18.612343288084 19.5748621186986 57.665510579509
170000 19.5957591469164 18.7168590393024 19.6789435964845 57.9915617827032
171000 19.7187183734443 18.814626863173 19.8289107456094 58.3622559822267
172000 19.8260141160275 18.9340568467966 19.9318561803307 58.6919271431548
173000 19.9563299735022 19.0650436676416 20.0596905687505 59.0810642098942
174000 20.0684782717167 19.1826429006035 20.1693800949079 59.420501267228
175000 20.192383543376 19.2989558313846 20.2991974068299 59.7905367815905
176000 20.3055048452449 19.4097476445849 20.4160844807436 60.1313369705734
177000 20.4150689505061 19.5136928573223 20.5178529031503 60.4466147109786
178000 20.5425464525742 19.6226235396688 20.6432669878159 60.8084369800589
179000 20.6486501000843 19.7355367761621 20.7518742866432 61.1360611628897
180000 20.7657237938003 19.8424308607506 20.9040986932014 61.5122533477523
181000 20.8940600586412 19.9593024226302 21.0356467868515 61.8890092681229
182000 21.0063252858294 20.0643711538107 21.1343494600745 62.2050458997146
183000 21.1355520834783 20.1992748441807 21.2456604344381 62.5804873620972
184000 21.2308501175464 20.310283497137 21.3358898161015 62.877023430785
185000 21.3369187590404 20.420212893202 21.4417613946947 63.1988930469371
186000 21.4284640414511 20.5203903491208 21.5637988915825 63.5126532821544
187000 21.5253743127812 20.6402539683148 21.6791063911018 63.8447346721978
188000 21.6581924174828 20.7446286610166 21.7841901842934 64.1870112627929
189000 21.7723450260717 20.8575324536445 21.9295770964942 64.5594545762104
190000 21.9035776094491 20.9482759546922 22.0545413086729 64.9063948728141
191000 22.0100456974937 21.0563738076446 22.1939297567357 65.2603492618739
192000 22.1247876981777 21.1910698992969 22.2989889600877 65.6148465575623
193000 22.2503517190102 21.2940451370549 22.4133141857452 65.9577110418103
194000 22.3683994992782 21.3883474497369 22.4981441861018 66.2548911351169
195000 22.4932991290223 21.4818587981256 22.6336217630446 66.6087796901925
196000 22.5924033507756 21.6190151497491 22.7727640751256 66.9841825756503
197000 22.7165700849464 21.7229352578785 22.8854209295119 67.3249262723367
198000 22.8470975551995 21.8215045276019 22.9970940505718 67.6656961333732
199000 22.9186593176241 21.9177498512772 23.1194176314635 67.9558268003648
200000 23.0421874020394 22.0489491402199 23.2213794239623 68.3125159662216
201000 23.153843348203 22.1322784851398 23.3230483557867 68.6091701891295
202000 23.2804586660491 22.238378760106 23.4384878624397 68.9573252885948
203000 23.3838929285367 22.3996466100538 23.5531037388605 69.3366432774511
204000 23.4867828127327 22.4832698933043 23.6715833887588 69.6416360947958
205000 23.5875805700356 22.6249554712806 23.7877893255906 70.0003253669068
206000 23.7126112886329 22.7300379381084 23.9035938976093 70.3462431243505
207000 23.8368222266427 22.8435155513932 24.0065828356884 70.6869206137243
208000 23.9446151974411 22.9632806529019 24.0968722992486 71.0047681495916
209000 24.0511406442663 23.0681459628672 24.209085028733 71.3283716358665
210000 24.173537330885 23.1856927021791 24.3225646836671 71.6817947167312
211000 24.273760279729 23.2866872385597 24.4360971408049 71.9965446590936
212000 24.3557426642223 23.4135842587595 24.5780438390975 72.3473707620793
213000 24.4806718521071 23.4921495482363 24.7284230801738 72.7012444805172
214000 24.5823056592519 23.6245450527111 24.8420810978771 73.0489318098401
215000 24.6936574545983 23.7353374587502 24.9632074945158 73.3922024078644
216000 24.8363672814111 23.8402380908968 25.0994978804894 73.7761032527972
217000 24.9302245363576 23.9586605506494 25.2213127373708 74.1101978243777
218000 25.0314104023666 24.063236299323 25.3023200860132 74.3969667877028
219000 25.177030824501 24.1786776149694 25.430442644492 74.7861510839624
220000 25.2713222077535 24.286155406153 25.5459087245333 75.1033863384398
221000 25.3797109099932 24.3978741488357 25.6392972250904 75.4168822839193
222000 25.4778753998273 24.4903796422892 25.7439767349625 75.7122317770789
223000 25.5887472765474 24.5915355287207 25.8580460107372 76.0383288160053
224000 25.7154987129433 24.6948645090122 25.9862315444722 76.3965947664277
225000 25.8176683102865 24.8213609341303 26.0930887414544 76.7321179858712
226000 25.9485466459784 24.924727779821 26.2118962341799 77.0851706599792
227000 26.0675831367502 25.0363566299317 26.3499955244428 77.4539352911247
228000 26.179804436992 25.1598860412427 26.453245454064 77.7929359322987
229000 26.3076418529348 25.2645185459964 26.5726234212045 78.1447838201358
230000 26.4231899101689 25.3682540177021 26.7002783393115 78.4917222671826
231000 26.4857301486216 25.4614527006075 26.7931388010341 78.7403216502632
232000 26.6186412378975 25.5885746331512 26.9156647136871 79.1228805847358
233000 26.7322600277604 25.6884600966583 27.0257638638147 79.4464839882334
234000 26.8622545910612 25.7967578243715 27.1537370882455 79.8127495036782
235000 26.997154361169 25.92320463503 27.273207421051 80.19356641725
236000 27.1079486613576 26.0379112001708 27.4031092165004 80.5489690780288
237000 27.2374173173088 26.1561313251033 27.5301943730983 80.9237430155104
238000 27.3365538238959 26.2638791936012 27.6272642265595 81.2276972440565
239000 27.4565071184482 26.3657440174713 27.7203275135237 81.5425786494433
240000 27.5570612183351 26.467656789544 27.8439982150603 81.8687162229393
241000 27.6953802607506 26.6016715167468 27.9627858782935 82.2598376557909
242000 27.8111022882743 26.7069824016748 28.0790566501629 82.597141340112
243000 27.9435685393802 26.81035972084 28.2196877522284 82.9736160124486
244000 28.0391334414591 26.933545865764 28.3056142619992 83.2782935692223
245000 28.1566379144297 27.0413122632104 28.4183192741747 83.6162694518148
246000 28.2738265170954 27.1845581844402 28.5334023649181 83.9917870664537
247000 28.3620172827634 27.2794613472256 28.6359381383343 84.2774167683233
248000 28.491964706861 27.4084376577548 28.7908927028628 84.6912950674785
249000 28.5923873225112 27.5097478929669 28.8914686336331 84.9936038491111
250000 28.6855285537909 27.5930371604631 29.0183895121449 85.296955226399
251000 28.7900991175354 27.6911896443759 29.148258279901 85.6295470418123
252000 28.9151967641689 27.7927282977849 29.2467718001597 85.9546968621134
253000 29.0232943298381 27.9326556019325 29.4000740085086 86.3560239402793
254000 29.1495633934304 28.0117552353858 29.5166834638107 86.6780020926269
255000 29.2692082279651 28.1550909917159 29.6257436227253 87.0500428424063
256000 29.3749355419325 28.2615973722671 29.7477453798827 87.3842782940823
257000 29.479768471516 28.3688363391493 29.859738311106 87.7083431217712
258000 29.591192182178 28.4863237150378 29.9466883054646 88.0242042026804
259000 29.7529611250517 28.622323200191 30.0648737327309 88.4401580579736
260000 29.8939461603227 28.6992099433426 30.1451243744485 88.7382804781138
261000 30.0067735073361 28.8160073865703 30.2818925485717 89.1046734424781
262000 30.1305264194423 28.9051081760486 30.369366975525 89.4050015710159
263000 30.2213503813131 29.0127895648854 30.4884287648605 89.722568711059
264000 30.3173400103985 29.1007694340721 30.5839396467851 90.0020490912557
265000 30.4226466794116 29.1713138081138 30.7040048419568 90.2979653294822
266000 30.5513317314761 29.310698852982 30.8044968354695 90.6665274199276
267000 30.6523631633115 29.4311947255873 30.9310835128458 91.0146414017446
268000 30.7802854762036 29.5366834833688 31.0673551556974 91.3843241152698
269000 30.8935903358882 29.6438788963898 31.1577993493489 91.695268581627
270000 31.0339882016967 29.7692090071952 31.2838170049621 92.087014213854
271000 31.0963409173749 29.8538777942202 31.3924023652245 92.3426210768196
272000 31.2226145365126 29.9981690983165 31.5216713923168 92.7424550271459
273000 31.3067935016405 30.1016313963558 31.6184195326694 93.0268444306657
274000 31.4440246503162 30.1803153827497 31.7372056874842 93.3615457205502
275000 31.5778115146034 30.3147596574091 31.8444424583956 93.7370136304081
276000 31.6402943306522 30.4350757400655 31.961068664103 94.0364387348208
277000 31.7949860892163 30.5553984114898 32.0880814286441 94.4384659293502
278000 31.8818123131174 30.6828027928783 32.1895897132982 94.754204819294
279000 32.0234717254155 30.7832574033153 32.2964242030774 95.1031533318083
280000 32.0991377722735 30.8891743111217 32.4268866143771 95.4151986977723
281000 32.2131289599763 30.9885062864915 32.5296679095079 95.7313031559757
282000 32.3134756762994 31.1225350505435 32.6426500772695 96.0786608041124
283000 32.4026071145934 31.2284185235673 32.7537696355967 96.3847952737573
284000 32.5199200209401 31.3315298962798 32.9023713499415 96.7538212671613
285000 32.646205128839 31.432251927871 32.9926881908291 97.0711452475391
286000 32.7462545439205 31.568064916144 33.0901153363363 97.4044347964008
287000 32.870439384764 31.6613105480532 33.2068206636511 97.7385705964683
288000 32.9924522544937 31.7614577345728 33.3223887889272 98.0762987779937
289000 33.085442838945 31.8638936667617 33.4312558732028 98.3805923789095
290000 33.1790435000908 31.9737606867733 33.5627592170862 98.7155634039503
291000 33.27802396484 32.0718942293352 33.6491993718779 98.9991175660531
292000 33.3965052109674 32.18375343359 33.7478562738794 99.3281149184368
293000 33.5134603140766 32.311415351902 33.8683848657574 99.693260531736
294000 33.6221237231801 32.4147121823628 33.97056068023 100.007396585773
295000 33.7466342570623 32.528954703163 34.0931287777271 100.368717737952
296000 33.8509007062126 32.6647304126306 34.2315744707165 100.74720558956
297000 34.0045058575808 32.7881669268481 34.3408334951202 101.133506279549
298000 34.1312314893783 32.8892677397843 34.4616352171656 101.482134446328
299000 34.2159365679713 32.9807303376621 34.5809263975529 101.777593303186
300000 34.3151196903225 33.1300448768877 34.6879055354844 102.133070102695
301000 34.4339103268102 33.2260698541069 34.7917539880687 102.451734168986
302000 34.5344169575872 33.3301800156915 34.889909748977 102.754506722256
303000 34.6546762195904 33.4613280775192 35.0373376340827 103.153341931192
304000 34.7662833486599 33.5584359264752 35.1431096885104 103.467828963646
305000 34.8535074645856 33.6552533405771 35.2376397952385 103.746400600401
306000 34.9867692208156 33.7707002257587 35.3360416179746 104.093511064549
307000 35.0851864235567 33.8898300775536 35.4614878534146 104.436504354525
308000 35.1974172422071 34.0214953073526 35.5407688739071 104.759681423467
309000 35.3191674977233 34.1361918063647 35.6956603957533 105.151019699841
310000 35.4353371237686 34.2363126442909 35.8182936909294 105.489943458989
311000 35.5631719744695 34.3702347244095 35.9107130630088 105.844119761888
312000 35.6434450862045 34.4620265352075 36.037580099424 106.143051720836
313000 35.7953477685928 34.5923396328236 36.1169751174745 106.504662518891
314000 35.9120432131773 34.7158024735 36.2301955886466 106.858041275324
315000 35.9941472400468 34.8155067556648 36.3734501576578 107.183104153369
316000 36.0626540066169 34.9352849532055 36.4825785545549 107.480517514377
317000 36.1746928862291 35.0163401807619 36.5941751528666 107.785208219858
318000 36.2875337119186 35.1504803953774 36.7361570834131 108.174171190709
319000 36.4081077591429 35.2318927056054 36.8273865907881 108.467387055536
320000 36.5181818770579 35.3308091792221 36.9292857498181 108.778276806098
321000 36.6757245637454 35.4321682561046 37.0752729731431 109.183165792993
322000 36.7397772204774 35.5317659471734 37.1967049891412 109.468248156792
323000 36.8768322621056 35.6790709149811 37.3024618201893 109.858364997276
324000 36.9536132361872 35.7647152272363 37.4182019116 110.136530375023
325000 37.0320104595377 35.8777237495385 37.5097947791237 110.4195289882
326000 37.1606378154383 35.9724522627144 37.5899249639334 110.723015042086
327000 37.2850091535111 36.0618116911266 37.7131649239471 111.059985768585
328000 37.4254236973363 36.1798147199545 37.8194783090241 111.424716726315
329000 37.5187046845635 36.2606086507154 37.9083334624473 111.687646797726
330000 37.6366916076379 36.3638827681447 38.0239632426043 112.024537618387
331000 37.810300785021 36.4594670495734 38.1177182632574 112.387486097852
332000 37.8832576503312 36.5818796083556 38.2150728926811 112.680210151368
333000 38.0032325993294 36.6903442125808 38.3245296300022 113.018106441912
334000 38.1013642413153 36.8135781259183 38.4147092269943 113.329651594228
335000 38.2237646223283 36.9059112095422 38.5592121066182 113.688887938489
336000 38.3155124274297 37.0185509257689 38.6702451971863 114.004308550385
337000 38.4660321984965 37.1019714235001 38.7835652427574 114.351568864754
338000 38.5739436061531 37.2121555136701 38.893520546893 114.679619666716
339000 38.7178275524557 37.3085771747903 38.9826516104227 115.009056337669
340000 38.8398691183183 37.4443818054948 39.0907574013122 115.375008325125
341000 38.9708693784956 37.5698480732946 39.1910289567461 115.731746408536
342000 39.0780868790077 37.6638732148701 39.3410337794987 116.082993873377
343000 39.2073514949283 37.8152944978128 39.4316740211977 116.454320013939
344000 39.323591405914 37.9097667871448 39.5397315603421 116.773089753401
345000 39.4298979971972 38.0274826672138 39.6308010521539 117.088181716565
346000 39.541439390533 38.1105043878359 39.7400498020806 117.391993580449
347000 39.6705668319908 38.2400714488726 39.8998245450533 117.810462825917
348000 39.8060170529237 38.353832375885 40.0204016775359 118.180251106345
349000 39.9326412430626 38.4617775942549 40.1455500394715 118.539968876789
350000 40.0611790214443 38.561736751679 40.2691461625627 118.892061935686
351000 40.1758645498634 38.6744455069039 40.3878472154219 119.238157272189
352000 40.2758747750291 38.7734927972591 40.52418470556 119.573552277848
353000 40.3873226835038 38.8637730134533 40.6202825821499 119.871378279107
354000 40.5083802473763 38.9970252382052 40.7122136547818 120.217619140363
355000 40.6050366424649 39.0950181662249 40.8546401988319 120.554695007522
356000 40.6949513716804 39.2153832745215 40.9487753664396 120.859110012641
357000 40.8278295385746 39.343000127461 41.0560665389465 121.226896204982
358000 40.9404321173461 39.4391812267959 41.1717224227381 121.55133576688
359000 41.0268898755784 39.5560847493347 41.2894794964012 121.872454121314
360000 41.1496216510838 39.67615202571 41.4119741468582 122.237747823652
361000 41.2499242238806 39.784285371468 41.5126525716734 122.546862167022
362000 41.353794698254 39.9021143299661 41.6230265744025 122.878935602623
363000 41.4826743400871 40.0001614135534 41.7255071079357 123.208342861576
364000 41.5904257510559 40.1058783800582 41.8518327947791 123.548136925893
365000 41.687834256514 40.2179396160321 41.9684993422188 123.874273214765
366000 41.8511992077788 40.3746370456537 42.1005964353819 124.326432688814
367000 41.9764538289515 40.4801420280203 42.2141277117267 124.670723568698
368000 42.0575018406836 40.5755047271724 42.3185426508175 124.951549218673
369000 42.1403929092328 40.7044934979597 42.4223198191739 125.267206226366
370000 42.271674626378 40.8147842526184 42.511793363048 125.598252242044
371000 42.3793847255273 40.924133503225 42.6492886282756 125.952806857028
372000 42.4968200765952 41.0352398508876 42.7726853208466 126.304745248329
373000 42.5958109475354 41.1352600463154 42.8757343213536 126.606805315204
374000 42.6764564205156 41.2462266811117 42.9280208839441 126.850703985571
375000 42.781357774208 41.3959900078778 43.0854578523357 127.262805634422
376000 42.9200568964972 41.4869864324196 43.177010820077 127.584054148994
377000 43.0411612543065 41.5879377236753 43.2592502822883 127.88834926027
378000 43.1275364971274 41.6945714050799 43.3731343111219 128.195242213329
379000 43.2738638359415 41.7973379504259 43.505593898058 128.576795684425
380000 43.3855547112536 41.8709953923651 43.6240959091077 128.880646012726
381000 43.4765546285853 42.000200036374 43.7653158774841 129.242070542443
382000 43.6057703440326 42.1262916050036 43.8371078788192 129.569169827855
383000 43.6855055568483 42.2397073756344 43.893189703519 129.818402636002
384000 43.802662735168 42.3410373750378 43.9858144960793 130.129514606285
385000 43.9387436911388 42.4263902615432 44.1362954726177 130.5014294253
386000 44.073354943617 42.5337449874336 44.2462819247196 130.85338185577
387000 44.1929261188241 42.6323817779828 44.350926808027 131.176234704834
388000 44.3052014538601 42.7398297857602 44.411968746109 131.456999985729
389000 44.4420729144962 42.8445739724149 44.5202132789374 131.806860165848
390000 44.5151017756397 42.9527646571759 44.6652640286846 132.1331304615
391000 44.6164677559855 43.0785228942968 44.7635865923641 132.458577242646
392000 44.7321938571675 43.187060864401 44.8405938630785 132.759848584647
393000 44.859737074807 43.3110441541169 44.9596249578695 133.130406186793
394000 44.9489799252036 43.424545500489 45.0655784286997 133.439103854392
395000 45.0955315581479 43.5227057057727 45.1647611919649 133.782998455886
396000 45.2165823185204 43.6392397717843 45.2836241266915 134.139446216996
397000 45.3345459928085 43.7359317769908 45.3943192033686 134.464796973168
398000 45.4385714987901 43.8306852055169 45.5154149290059 134.784671633313
399000 45.5465118851195 43.9409927098687 45.6328140248099 135.120318619798
400000 45.6600867342064 44.037476745323 45.7572407285753 135.454804208105
401000 45.7570689853564 44.1487215533559 45.8694844966598 135.775275035372
402000 45.8597631509738 44.2538412060551 45.9989033943835 136.112507751412
403000 45.9803421256462 44.3519260209409 46.1115871119421 136.443855258529
404000 46.0912497963795 44.4802711099215 46.1967299958342 136.768250902135
405000 46.2336307937617 44.5731311068852 46.3146431033195 137.121405003967
406000 46.3244375779034 44.6658694096633 46.4038792120365 137.394186199603
407000 46.4755555258781 44.7756276289733 46.5393512795854 137.790534434437
408000 46.561818209212 44.9043068997399 46.653542485286 138.119667594238
409000 46.6782438647266 44.99699655278 46.7717064670417 138.446946884548
410000 46.8062075854805 45.1379457174823 46.8767454696071 138.82089877257
411000 46.8986343012738 45.2396243839082 46.9673618701015 139.105620555284
412000 46.9909790138885 45.3418096731569 47.1035688443809 139.436357531426
413000 47.0574151397706 45.4395129426779 47.2136370922099 139.710565174658
414000 47.218118710629 45.5549844688927 47.3189125669623 140.092015746484
415000 47.3458132887541 45.6388431490138 47.4114287150611 140.396085152829
416000 47.4495268048551 45.7522152081414 47.5171744576673 140.718916470664
417000 47.5790099270828 45.888640475793 47.6180774726911 141.085727875567
418000 47.6838886910212 45.9408070456934 47.722844710917 141.347540447632
419000 47.8342920413387 46.119902882009 47.853329521582 141.80752444493
420000 47.9242309874276 46.2108518641454 47.9448824517579 142.079965303331
421000 48.0529875051535 46.3493068972909 48.0529972070247 142.455291609469
422000 48.1799983844113 46.4685096407153 48.1272230137504 142.775731038877
423000 48.2962146909607 46.5652194620687 48.2582039976212 143.119638150651
424000 48.4055274340414 46.686357632255 48.3389108495915 143.430795915888
425000 48.5023090916828 46.7694167554872 48.4509328476849 143.722658694855
426000 48.6551569746237 46.8570674377316 48.5986149893157 144.110839401671
427000 48.7803715634271 47.0091306283679 48.6945487196751 144.48405091147
428000 48.8731060713234 47.1329725835021 48.8150543022714 144.821132957097
429000 48.9899829514072 47.1960776504319 48.9260159240575 145.112076525897
430000 49.0924622910033 47.3021890858594 49.040705665679 145.435357042542
431000 49.2608890154297 47.399248744414 49.1373793185442 145.797517078388
432000 49.4025349792715 47.5032044256029 49.2525535132021 146.158292918077
433000 49.490784061052 47.5995101924969 49.3822090104183 146.472503263967
434000 49.6157720647953 47.7006566116404 49.4733643091323 146.789792985568
435000 49.7182876622683 47.8630830214443 49.6090556897202 147.190426373433
436000 49.7838077875718 47.9553528070506 49.688838684862 147.427999279484
437000 49.9002121434543 48.0264033674866 49.8101567140106 147.736772224952
438000 50.0399183668133 48.1581171179508 49.951711168313 148.149746653077
439000 50.1203546060689 48.2250560836733 50.0844569362977 148.42986762604
440000 50.2523857132678 48.341263626242 50.203312328817 148.796961668327
441000 50.3852154330062 48.4545914254492 50.278425911805 149.11823277026
442000 50.483626783096 48.5588956436192 50.4171033054382 149.459625732153
443000 50.5729378873036 48.6622015420024 50.5100579098685 149.745197339175
444000 50.6736398444239 48.7878035120711 50.6148790761087 150.076322432604
445000 50.7770092294611 48.8969735883341 50.7294620671078 150.403444884903
446000 50.8690293083461 48.9952031397256 50.8360072813566 150.700239729428
447000 51.0277130104788 49.124832257636 50.948016354675 151.10056162279
448000 51.1331513928712 49.2710268418097 51.054084749136 151.458262983817
449000 51.2342791045101 49.3434145290484 51.1772491502002 151.754942783759
450000 51.3594084872532 49.4688851188223 51.3249911673752 152.153284773451
451000 51.4513707982718 49.5884024654094 51.4141922127338 152.453965476415
452000 51.5485773584153 49.7239338140403 51.5362783186212 152.808789491077
453000 51.6392788016902 49.840398015495 51.6200868415743 153.09976365876
454000 51.7749228282463 49.9320123133101 51.7116881675194 153.418623309076
455000 51.8891100816118 50.0370878983112 51.8341816056327 153.760379585556
456000 51.9803771201999 50.1315199886476 51.902351120075 154.014248228923
457000 52.1145449408861 50.2362140159676 52.0380671864979 154.388826143352
458000 52.1751294252206 50.3549722299733 52.1639096851362 154.69401134033
459000 52.3076438477169 50.4686744359598 52.2774701027008 155.053788386378
460000 52.4151839118141 50.5927605278219 52.4080276292354 155.415972068871
461000 52.5138402558672 50.6840591368364 52.5225407012619 155.720440093965
462000 52.6223322760048 50.7527223147304 52.6364833486053 156.011537939341
463000 52.7368268545954 50.8858783649614 52.74774264127 156.370447860827
464000 52.8391215710624 51.0103156255883 52.8740477708283 156.723484967479
465000 52.9200497739694 51.0983641457676 52.9500563655957 156.968470285333
466000 53.0485146563855 51.2108871847704 53.0649943516184 157.324396192774
467000 53.1761277796508 51.302606617817 53.2296412841143 157.708375681582
468000 53.2835115413369 51.4006136079002 53.3260752373414 158.010200386579
469000 53.3555494862384 51.5087814441061 53.4436658431722 158.307996773517
470000 53.4981502711922 51.6037849111122 53.5667735814021 158.668708763706
471000 53.5834381245417 51.7338898006969 53.6922596507845 159.009587576023
472000 53.6888874624656 51.8444569744687 53.8061862078596 159.339530644794
473000 53.7857278803918 51.9446524566016 53.9299001470175 159.660280484011
474000 53.8376690302466 52.0685380831262 54.0594931647438 159.965700278117
475000 53.9858661388487 52.1499051796255 54.2043778299725 160.340149148447
476000 54.0925392373172 52.2358270861076 54.3288557070368 160.657222030462
477000 54.1852358069028 52.3982588863961 54.4326486605977 161.016143353897
478000 54.3235245563967 52.4919940735358 54.5573727428672 161.3728913728
479000 54.4712261662856 52.6309681542247 54.656123638706 161.758317959216
480000 54.6140944520496 52.7397552431442 54.7665568038593 162.120406499053
481000 54.7008407461252 52.873182514988 54.8665539806489 162.440577241762
482000 54.7717155015293 52.9485067720788 54.9826539752834 162.702876248892
483000 54.9399304688143 53.062776312525 55.0690401009149 163.071746882254
484000 55.0870559671424 53.1684138332721 55.2111063459845 163.466576146399
485000 55.1630475187165 53.2821452480839 55.3215374072617 163.766730174062
486000 55.2790098500307 53.3824424447187 55.45390517214 164.115357466889
487000 55.3710270323052 53.5036862198761 55.5720516449692 164.446764897151
488000 55.5290597044962 53.6109308109238 55.6840835179191 164.824074033339
489000 55.6293391273912 53.6968834088279 55.7883288779905 165.11455141421
490000 55.7378844529113 53.8180004865305 55.9021487291396 165.458033668581
491000 55.8385516403362 53.9047885536624 55.979567565992 165.722907759991
492000 55.9484986270358 53.9785043278709 56.069955409754 165.996958364661
493000 56.0601156239514 54.1100378217458 56.2041320300205 166.374285475718
494000 56.1867491362126 54.2123660326139 56.3150006120222 166.714115780849
495000 56.3484688253093 54.3525435240963 56.4453229601508 167.146335309556
496000 56.4763057784595 54.4435003427401 56.545415573518 167.465221694718
497000 56.5612540128265 54.5885031945703 56.6647894246596 167.814546632056
498000 56.6803615912648 54.7371007787257 56.7381667560634 168.155629126054
499000 56.811568801221 54.8229040467838 56.8686080534397 168.503080901444
500000 56.9253691642485 54.9349333860831 56.9917378531807 168.852040403512
501000 57.0256254328206 55.0515041627886 57.1014716804437 169.178601276053
502000 57.1195358270664 55.2005029554183 57.2182345155698 169.538273298054
503000 57.2194279388959 55.2691827925991 57.2938817671505 169.782492498646
504000 57.3415383831949 55.3715839637847 57.4253435644089 170.138465911389
505000 57.4113344526625 55.4657014865524 57.5614631172571 170.438499056472
506000 57.5457585602275 55.5565101273431 57.6678870391104 170.770155726681
507000 57.6613147933396 55.6547799317913 57.8209510390634 171.137045764194
508000 57.7879211272503 55.7854913405631 57.9253288883389 171.498741356152
509000 57.9262323294857 55.8785384655131 58.0609976479963 171.865768442995
510000 57.9825531489794 55.9878058306346 58.1748251604764 172.14518414009
511000 58.1146482800705 56.0424729555151 58.2860881020747 172.44320933766
512000 58.2161530378453 56.1688959158146 58.3949778505486 172.780026804209
513000 58.3286621228693 56.2972598585927 58.5054372673808 173.131359248843
514000 58.4598638413268 56.3939330932382 58.5937307255717 173.447527660137
515000 58.595668311292 56.4907316356206 58.7172048275318 173.803604774444
516000 58.7111540077474 56.5873756778988 58.8118316248611 174.110361310507
517000 58.8107992805912 56.7464185835721 58.9446274597669 174.50184532393
518000 58.9200538834518 56.8569113908931 58.9870715461715 174.764036820516
519000 59.041524617463 56.9441724850577 59.1078039986599 175.093501101181
520000 59.1445969932535 57.0257211547953 59.2119551201179 175.382273268167
521000 59.2612665529628 57.1364580275024 59.2828415022794 175.680566082745
522000 59.3848395404825 57.2324168429727 59.4234086403912 176.040665023846
523000 59.5386759519003 57.3230708896422 59.5490882098294 176.410835051372
524000 59.6799784704344 57.4218580477721 59.6603280708844 176.762164589091
525000 59.7644355696287 57.5205163905488 59.7335225371416 177.018474497319
526000 59.8977578726951 57.6166699394062 59.8754848962846 177.389912708386
527000 60.038121925766 57.7370303439517 59.9382656492404 177.713417918958
528000 60.1082942335825 57.8420756336981 60.0617845360709 178.012154403352
529000 60.2438672655076 57.9766287608007 60.2161231990994 178.436619225408
530000 60.37341181218 58.0897962487855 60.292980480169 178.756188541135
531000 60.4321465810294 58.2042123851774 60.4101357644013 179.046494730608
532000 60.5847972530024 58.3225495169556 60.5167051872569 179.424051957215
533000 60.6601768429626 58.4606638482805 60.6209537778767 179.74179446912
534000 60.7572647108678 58.5437007256888 60.7107313011318 180.011696737688
535000 60.891450659718 58.648570391584 60.7969272817983 180.3369483331
536000 61.0106882170968 58.7302559054894 60.9273722519398 180.668316374526
537000 61.1328793241177 58.8371310438924 61.0056824543295 180.97569282234
538000 61.2479552232693 58.9440273901347 61.1291214063141 181.321104019718
539000 61.3490219249428 59.0316947886595 61.282439966835 181.663156680437
540000 61.4694311986253 59.1520906908656 61.3508577569885 181.972379646479
541000 61.5600708608367 59.288627288826 61.4689223631552 182.317620512818
542000 61.6662749758257 59.3911939825158 61.5839772394273 182.641446197769
543000 61.7766852027372 59.4836863107789 61.6925251698753 182.952896683391
544000 61.926324824933 59.5707929209044 61.812813755523 183.30993150136
545000 62.0059625851928 59.6996696251817 61.9224048314912 183.628037041866
546000 62.0882244788887 59.8189121096302 62.0119564162086 183.919093004728
547000 62.2132385763779 59.911245256126 62.1068116549974 184.231295487501
548000 62.3400380831995 60.025885800602 62.230275569191 184.596199452993
549000 62.4076725572583 60.1128835726696 62.371270085465 184.891826215393
550000 62.4945821028619 60.2198996377654 62.456549205678 185.171030946305
551000 62.6429157199653 60.3438537612548 62.582043147744 185.568812628964
552000 62.7155009998676 60.4799937165635 62.6909580489747 185.886452765406
553000 62.7674077685772 60.6120122768214 62.7775117657488 186.156931811147
554000 62.8802595224972 60.7028812459129 62.8877663224944 186.470907090905
555000 63.0043957847718 60.8131754550503 62.9909766049153 186.808547844737
556000 63.0916581177713 60.9251477662473 63.0815294206535 187.098335304672
557000 63.2121667137271 61.0305264538322 63.1905200006842 187.433213168244
558000 63.3641990083268 61.179511901609 63.2746383555493 187.818349265485
559000 63.463806703803 61.2529401980592 63.4343010597155 188.151047961578
560000 63.5122032630796 61.4281714570677 63.5097728794353 188.450147599583
561000 63.6751395687268 61.4879818570305 63.6215276992792 188.784649125036
562000 63.7372420375386 61.6085742747913 63.6974455449853 189.043261857315
563000 63.8499579372292 61.7044096685055 63.8534720226037 189.407839628338
564000 63.9879993203776 61.8067912632995 63.930640705571 189.725431289248
565000 64.0402381167578 61.933643069995 64.0435273557633 190.017408542516
566000 64.225032124295 62.0520397439381 64.1221341875977 190.399206055831
567000 64.2855475058932 62.1500486605293 64.2378211179685 190.673417284391
568000 64.371887752138 62.2825393167032 64.3534901169636 191.007917185805
569000 64.4755270472867 62.4218726973562 64.462060416947 191.35946016159
570000 64.5917606574035 62.5153869636744 64.5337856079574 191.640933229035
571000 64.7287668937603 62.6019740980747 64.6774816790054 192.00822267084
572000 64.8479964901088 62.7152124842903 64.7744756998743 192.337684674273
573000 64.9523417808453 62.8257704341363 64.8966654386044 192.674777653586
574000 65.06946043634 62.9055374270191 64.9908456845722 192.965843547931
575000 65.197395675669 63.0213628477113 65.1174285142274 193.336187037608
576000 65.2843709880698 63.1421349304853 65.2754074732849 193.70191339184
577000 65.3925998163847 63.2329586956032 65.3638302321288 193.989388744117
578000 65.4809614829605 63.3620254836461 65.4686086950888 194.311595661695
579000 65.5677413152282 63.4550028314536 65.5615492206456 194.584293367327
580000 65.651951261467 63.6129237676611 65.6204274713229 194.885302500451
581000 65.7636000228244 63.720084292084 65.7357997434725 195.219484058381
582000 65.9060890393233 63.8261158741325 65.8426000317226 195.574804945178
583000 66.014350457355 63.9304639633432 65.968476022495 195.913290443193
584000 66.1275215305743 64.0262016119159 66.0526293248548 196.206352467345
585000 66.2737447034967 64.1630093197129 66.1579934886024 196.594747511812
586000 66.3912578535223 64.2279536824173 66.3040481485778 196.923259684517
587000 66.4697986341527 64.3889352613896 66.4393964745174 197.29813037006
588000 66.604000578662 64.4780786459626 66.5476374043797 197.629716629004
589000 66.7006625840491 64.643093965793 66.6229518420708 197.966708391913
590000 66.7974671691184 64.7533594476193 66.7407273949404 198.291554011678
591000 66.912026496962 64.8117262649697 66.870794339284 198.594547101216
592000 67.0335956087081 64.9869128957784 67.0064471164894 199.026955620976
593000 67.1331952623883 65.0744851818317 67.1163411134383 199.324021557658
594000 67.2432479390427 65.1732317503732 67.2089089481899 199.625388637606
595000 67.3464636543113 65.2944014349996 67.3446561946348 199.985521283946
596000 67.4665982319891 65.3856216381115 67.4754061885152 200.327626058616
597000 67.5545733412875 65.4948283016763 67.5618676528 200.611269295764
598000 67.6731801329544 65.6178325794925 67.6256875925704 200.916700305017
599000 67.7527808252454 65.7056832379651 67.7545477707599 201.21301183397
600000 67.8393109138223 65.8097367486127 67.8873630440695 201.536410706505
601000 67.944583918671 65.9386762838212 68.0022830759847 201.885543278477
602000 68.0723868112244 66.0462348716961 68.1100877205083 202.228709403429
603000 68.2066419017236 66.1424200901754 68.2339126939082 202.582974685807
604000 68.304090754678 66.2494591408921 68.3518560538517 202.905405949422
605000 68.4098481435951 66.3409878350032 68.4994928270496 203.250328805648
606000 68.4948663154495 66.4610364645902 68.5382707036548 203.494173483694
607000 68.6312457990473 66.5305772904886 68.6685079036724 203.830330993208
608000 68.7683584262424 66.6688788346794 68.8226732229982 204.25991048392
609000 68.8945190245662 66.7445872253552 68.9283168953768 204.567423145298
610000 68.9925462330305 66.8647503252749 69.0457040855115 204.903000643817
611000 69.0946884673724 66.9993747466146 69.1676931259082 205.261756339895
612000 69.212739957613 67.1273849850552 69.3240795668596 205.664204509528
613000 69.295196938415 67.1713367677468 69.4313781347068 205.897911840869
614000 69.423744795972 67.3443136696756 69.53127211649 206.299330582138
615000 69.5326254074416 67.447884958139 69.6193528328523 206.599863198433
616000 69.6261503068423 67.5370621114928 69.7390959512075 206.902308369543
617000 69.7283159271345 67.6367974493289 69.8543499198566 207.21946329632
618000 69.8649949573883 67.8055723782376 69.9804448224896 207.651012158116
619000 70.0163305306456 67.9256444279712 70.0596037329118 208.001578691529
620000 70.1604971863022 68.0524043868289 70.2203896828124 208.433291255944
621000 70.2668849149622 68.1527983835503 70.2995378277458 208.719221126258
622000 70.3764041975618 68.2731528961189 70.4246641759556 209.074221269636
623000 70.5063628553018 68.4241753230964 70.5394969832431 209.470035161641
624000 70.5803773333617 68.5423813639229 70.663030171851 209.785788869136
625000 70.7066367283377 68.6069373297317 70.8265657554581 210.140139813527
626000 70.8219664974681 68.7117277107255 70.9564594967675 210.490153704961
627000 70.9636781490162 68.7998115385358 71.0734119855709 210.836901673123
628000 71.0917424703866 68.9035214804523 71.1304385807656 211.125702531605
629000 71.2499330803017 69.0039513226378 71.3099135613179 211.563797964257
630000 71.3272465983295 69.1035290237406 71.4271082613882 211.857883883458
631000 71.4434831345557 69.2302588271619 71.5393137822513 212.213055743969
632000 71.5920364759543 69.3520130353925 71.6460523831692 212.590101894516
633000 71.702162312284 69.445174765541 71.784555331679 212.931892409504
634000 71.8062649745886 69.5782734093676 71.9242151934668 213.308753577423
635000 71.928580677707 69.693585550763 72.0258724837176 213.648038712188
636000 72.0193226771367 69.7930014821726 72.1635068769232 213.975831036232
637000 72.0490047462367 69.8910546620198 72.3082545251072 214.248313933364
638000 72.1902267522625 69.9818958203467 72.4269814690524 214.599104041662
639000 72.3254008171409 70.0711470458979 72.5389875969873 214.935535460026
640000 72.4206850631303 70.1461284512853 72.6705130115879 215.237326526004
641000 72.5538251827296 70.2528066094984 72.7907608968436 215.597392689072
642000 72.6666013629011 70.3824352172518 72.864038060026 215.913074640179
643000 72.712809517577 70.4811018512786 72.9862767732846 216.18018814214
644000 72.8187648702702 70.5407822160015 73.1113226000436 216.470869686315
645000 72.8935259393452 70.6428534828578 73.2462750694415 216.782654491645
646000 72.9684749178335 70.7413188015566 73.3773144829775 217.087108202368
647000 73.126639872798 70.8595616699457 73.4710487390042 217.457250281748
648000 73.2254274963273 70.9912653318624 73.5745245616699 217.791217389859
649000 73.3625562067224 71.0782656142994 73.685700467571 218.126522288593
650000 73.4753992354427 71.2112831629743 73.7967370984357 218.483419496853
651000 73.6015962533632 71.2869555591658 73.9202339838937 218.808785796423
652000 73.7131003630702 71.3792778643625 73.9986280562197 219.091006283652
653000 73.8499933899447 71.470259922345 74.119705330962 219.439958643252
654000 73.9440027870901 71.5385661579081 74.2249289302822 219.70749787528
655000 74.0904578621067 71.6176353521536 74.2947733739791 220.002866588239
656000 74.2068216275004 71.7150394426548 74.4089469468756 220.330808017031
657000 74.327496408736 71.8398694507462 74.4948794226558 220.662245282138
658000 74.4375119764837 71.9470365315826 74.5886585628557 220.973207070922
659000 74.5867608835077 72.0666552509307 74.728312157894 221.381728292332
660000 74.6906631169883 72.1979871573693 74.8210459586521 221.70969623301
661000 74.8186612707079 72.2657808355653 74.9403522029697 222.024794309243
662000 74.9120853714436 72.3574631076771 75.0499569224379 222.319505401559
663000 75.0428448851067 72.5024445277572 75.1352811990151 222.680570611879
664000 75.1766888927014 72.5941157299056 75.2257061305047 222.996510753112
665000 75.2885671439092 72.7420831639784 75.3142227449015 223.344873052789
666000 75.3635411889322 72.8651291715247 75.4947036667942 223.723374027251
667000 75.5301813367836 72.9697037447831 75.5910628922122 224.090947973779
668000 75.5717026788989 73.0801353909271 75.7168639550846 224.368702024911
669000 75.7047024423851 73.1984258805309 75.8188998880477 224.722028210964
670000 75.810331619362 73.3350426739455 75.9467456522809 225.092119945588
671000 75.893038091747 73.4716904763721 76.0746784538963 225.439407022015
672000 75.9706862269859 73.5589585653957 76.1727940190704 225.702438811452
673000 76.1387930942266 73.6683589478656 76.2887709542873 226.09592299638
674000 76.230301433538 73.7618554206 76.3943084288965 226.386465283035
675000 76.3446702398226 73.8832257270468 76.5643547716716 226.792250738541
676000 76.4607696957724 74.0215885072623 76.6617455252024 227.144103728237
677000 76.5969126484672 74.1408152957679 76.7554231959816 227.493151140217
678000 76.7124069561812 74.2297303163296 76.8263928788836 227.768530151394
679000 76.8236423637117 74.3059056379706 76.997216261416 228.126764263098
680000 76.9214348068658 74.4232880793738 77.040558923664 228.385281809904
681000 77.0559540239606 74.5350646129759 77.1867295040401 228.777748140977
682000 77.1695713588067 74.6398538919935 77.2576444398344 229.067069690635
683000 77.2670930060733 74.7436664798556 77.2913800801576 229.302139566086
684000 77.3845234279543 74.858934191894 77.4069001508799 229.650357770728
685000 77.5091845260924 74.9607972417046 77.5555455658651 230.025527333662
686000 77.6206876364835 75.0571355819928 77.6563881380406 230.334211356517
687000 77.7086912753869 75.148533807195 77.7534813343325 230.610706416915
688000 77.8121269239825 75.2584941033358 77.8765981723144 230.947219199633
689000 77.9255960117067 75.4082365922221 77.9662575653858 231.300090169315
690000 78.036521636302 75.5028741852342 78.0649505205864 231.604346342123
691000 78.1732143656861 75.6273281895261 78.1650441851019 231.965586740314
692000 78.2726396948673 75.7060764187271 78.3103016937467 232.289017807341
693000 78.4102183595173 75.8314492804369 78.4175797163197 232.659247356274
694000 78.531235468201 75.909847699723 78.481085448855 232.922168616779
695000 78.6011851379367 76.0341881188029 78.621584717532 233.256957974272
696000 78.7285382947718 76.1478843082726 78.7246615014314 233.601084104476
697000 78.8318839740955 76.2546588723357 78.8747802882411 233.961323134672
698000 78.9588083102408 76.3641215054177 78.9582318732342 234.281161688893
699000 79.0376012134653 76.4153035424933 79.0305142918383 234.483419047797
700000 79.1677772269823 76.5686646513252 79.1565322265532 234.892974104861
701000 79.2520527121399 76.6764351325165 79.2927547753621 235.221242620018
702000 79.3439201519687 76.7819178981601 79.3659998014945 235.491837851623
703000 79.5101055637354 76.8863916836465 79.4845385839021 235.881035831284
704000 79.6196356701073 76.9829981694699 79.6078946488878 236.210528488465
705000 79.7330112163431 77.0469514108053 79.7552610254778 236.535223652626
706000 79.8689242089348 77.1990148360511 79.8546743636697 236.922613408656
707000 79.9406165718309 77.3366650313015 79.9678191728109 237.245100775943
708000 80.0169474697726 77.4172425050177 80.1147640754822 237.548954050273
709000 80.146548415377 77.5274877269232 80.1688620233455 237.842898165646
710000 80.2284007927093 77.6484370985184 80.3077708769006 238.184608768128
711000 80.3515683143382 77.7846777151999 80.4021898360301 238.538435865568
712000 80.4883446967912 77.8696666704673 80.578197937382 238.936209304641
713000 80.6065840033061 77.9615597494442 80.6790469966312 239.247190749381
714000 80.7507577408039 78.0559413941917 80.7772672707379 239.583966405733
715000 80.8160490465783 78.1215623614429 80.906176371577 239.843787779598
716000 80.9275544922806 78.2191232005256 81.0105477794878 240.157225472294
717000 81.053504645848 78.3360097194629 81.1362130938932 240.525727459204
718000 81.1839908150637 78.4355909312049 81.2826674828791 240.902249229148
719000 81.2890009450231 78.5605699765039 81.4224592980599 241.272030219587
720000 81.4180193172707 78.6350804213649 81.5277030389325 241.580802777568
721000 81.530648345705 78.7381298825461 81.6284596132531 241.897237841504
722000 81.5858987462551 78.8929142359099 81.7743659651246 242.25317894729
723000 81.7441311255619 79.0316139091082 81.8737554920829 242.649500526753
724000 81.902386372022 79.108114593384 82.0146740975208 243.025175062927
725000 81.9719330242347 79.242473064702 82.0792776592597 243.293683748196
726000 82.1059160597969 79.3566598305996 82.2295395900738 243.69211548047
727000 82.2045985115195 79.4556583530677 82.2941677685441 243.954424633131
728000 82.3381169535963 79.5519846411545 82.4214837740556 244.311585368806
729000 82.4351784326495 79.6703759849945 82.5204348909883 244.625989308632
730000 82.5492314615918 79.7860017478613 82.6382513893028 244.973484598756
731000 82.6796409692995 79.8875812335714 82.7613226572794 245.32854486015
732000 82.7772502199531 79.9746940884285 82.8998938783655 245.651838186747
733000 82.8507255601891 80.064604247447 83.0160313367437 245.93136114438
734000 82.9184517674021 80.1838283954916 83.0555599683154 246.157840131209
735000 83.0336309448817 80.2738096930155 83.1852640951957 246.492704733093
736000 83.1415844112758 80.433062378038 83.27874872297 246.853395512284
737000 83.251772777835 80.5063275212604 83.4041900845686 247.162290383664
738000 83.3219070251301 80.6431841713165 83.5424323703445 247.507523566791
739000 83.4969650876993 80.7352472467506 83.6496994310893 247.881911765539
740000 83.677699158486 80.8774009919194 83.7556889663566 248.310789116762
741000 83.7546119645783 80.999250557122 83.8447391611219 248.598601682822
742000 83.8563275597038 81.1187592030707 83.9806281551828 248.955714917957
743000 83.9800952186468 81.2303163798328 84.0821099971224 249.292521595602
744000 84.0585695430776 81.3315562503252 84.2335101604192 249.623635953822
745000 84.1657652398398 81.4370075543657 84.3132616339528 249.916034428158
746000 84.2589466658367 81.5371867690388 84.4396457462038 250.235779181079
747000 84.395096589701 81.6569559979918 84.5767417996946 250.628794387387
748000 84.485456767363 81.755693311953 84.6760451334577 250.917195212774
749000 84.5799655542488 81.8910147598057 84.8149944082553 251.28597472231
750000 84.6748468383129 81.9544589921463 84.904080827298 251.533386657757
751000 84.7981988952854 82.1008737003461 85.0211817571916 251.920254352823
752000 84.8821199904746 82.1754508693553 85.1412976446842 252.198868504514
753000 85.0451479714852 82.3180666644717 85.2708273321935 252.63404196815
754000 85.1334408512428 82.4341891209275 85.3841733814797 252.95180335365
755000 85.2638690847762 82.4897672551127 85.4938411805367 253.247477520426
756000 85.3188485594108 82.6473982431274 85.5451545370599 253.511401339598
757000 85.4705399800817 82.7360418484602 85.6267898875644 253.833371716106
758000 85.56454691175 82.8301356272459 85.7617906678699 254.156473206866
759000 85.6212357762856 82.8945348520977 85.9055885778743 254.421359206258
760000 85.7384781673511 82.9914543670935 86.0105630955131 254.740495629958
761000 85.8436847753809 83.0988794848519 86.1253931290231 255.067957389256
762000 85.9860402066193 83.2171372931578 86.2678220438253 255.470999543602
763000 86.0917252547971 83.3903771689414 86.3665731498891 255.848675573628
764000 86.2198047566403 83.4476519733833 86.433385942389 256.100842672413
765000 86.3042572269012 83.5746211470959 86.5414019630652 256.420280337062
766000 86.414949217581 83.6867712793485 86.6520597508587 256.753780247788
767000 86.5097310321901 83.7632142692443 86.8142406418599 257.087185943294
768000 86.6302277177486 83.9206349675582 86.9247282787477 257.475590964055
769000 86.7284662339026 84.0239341574337 87.0043471786275 257.756747569964
770000 86.8344741919452 84.1462971218232 87.1663754266381 258.147146740407
771000 86.9625770587188 84.2652623066578 87.3096084069773 258.537447772354
772000 87.0796298394242 84.3470607558289 87.3975424110579 258.824233006311
773000 87.2064125165154 84.4859881870903 87.5171417727556 259.209542476361
774000 87.3614198743923 84.6212835556774 87.6298933101363 259.612596740206
775000 87.444109592959 84.7428836490787 87.7323266242155 259.919319866253
776000 87.521851850152 84.8226307296038 87.8536024929004 260.198085072656
777000 87.6754272866988 84.9417218050773 87.9316947381706 260.548843829947
778000 87.7654607647796 85.0433346224915 88.0241725190115 260.832967906283
779000 87.8490831567277 85.1327216762842 88.1588943309874 261.140699163999
780000 87.9727110040399 85.2648000697836 88.2976025754076 261.535113649231
781000 88.1154517414255 85.3766335072865 88.4049593623509 261.897044611063
782000 88.204199395874 85.4277249564528 88.4863034325663 262.118227784893
783000 88.3310055799303 85.5232235387456 88.5855410105709 262.439770129247
784000 88.4738261579655 85.6283305014016 88.767212497137 262.869369156504
785000 88.5945105435496 85.6952765673863 88.8798908777876 263.169677988723
786000 88.6886705310462 85.8059526807213 88.9569357986807 263.451559010448
787000 88.7788361725309 85.9382206796271 89.0943689046327 263.811425756791
788000 88.896218468614 86.0422671670544 89.2142107130986 264.152696348767
789000 89.0148095715622 86.1407281249657 89.3181959218476 264.473733618375
790000 89.1433633763586 86.2435390086984 89.4375854164192 264.824487801476
791000 89.2101878203744 86.3792922186712 89.541793181786 265.131273220832
792000 89.326958084885 86.4786388208369 89.6284466309246 265.434043536647
793000 89.4438410658236 86.5743306523229 89.7922783923648 265.810450110511
794000 89.5148149406407 86.7050551060542 89.8679974517133 266.087867498408
795000 89.6416477909172 86.8122933546493 89.9737255588302 266.427666704397
796000 89.7724455062838 86.895983090691 90.1361798745391 266.804608471514
797000 89.8841297725741 86.9988191123786 90.2028797213168 267.085828606269
798000 90.046149875498 87.1254912555776 90.3436582035261 267.515299334602
799000 90.1104667254804 87.200007064717 90.450107025898 267.760580816095
800000 90.2233305617644 87.3556884637351 90.5666647231731 268.145683748673
801000 90.3229886418238 87.4201537492796 90.6322571888465 268.37539957995
802000 90.4165938953609 87.5233272713392 90.7794548511623 268.719376017862
803000 90.5201812167658 87.6122999894861 90.8965418672278 269.02902307348
804000 90.5979629757913 87.7876873007298 90.9592988413074 269.344949117829
805000 90.7085369763133 87.8795542326581 91.0886566717597 269.676747880731
806000 90.8202885728255 88.0016448414355 91.2178982485433 270.039831662804
807000 90.9292447292403 88.1195894092626 91.3025545339418 270.351388672445
808000 91.0486049997969 88.2882389157033 91.4190188256593 270.75586274116
809000 91.1115529038288 88.3807788120201 91.5830190499843 271.075350765833
810000 91.2044444763112 88.526474251994 91.7197357378483 271.450654466153
811000 91.3068384838736 88.6134856992939 91.8580979033095 271.778422086477
812000 91.4193606209062 88.7031829333437 91.9705290108808 272.093072565131
813000 91.5467567548473 88.7963312020757 92.0716531393445 272.414741096268
814000 91.6219383572518 88.8871955517748 92.2109462937551 272.720080202782
815000 91.7255970796774 88.9916841519789 92.3385402212979 273.055821452954
816000 91.7972794446254 89.0984816815348 92.4500262888099 273.34578741497
817000 91.9372264818341 89.2149253378638 92.567394865701 273.719546685399
818000 92.0643536224553 89.2973425016263 92.6331284675562 273.994824591638
819000 92.1449920000468 89.4013051175853 92.7404894204786 274.286786538111
820000 92.2535947256241 89.505682143436 92.8043131938051 274.563590062865
821000 92.3581601719318 89.6600048791723 92.9674682529604 274.985633304065
822000 92.4939727082492 89.7329134919395 93.056436943027 275.283323143216
823000 92.5875303159049 89.9037913748438 93.1907659077375 275.682087598486
824000 92.6689681542531 89.9515470061116 93.2931114669507 275.913626627315
825000 92.789482619686 90.113975391367 93.4463439260609 276.349801937114
826000 92.8844195575533 90.1758867675863 93.5391263314765 276.599432656616
827000 93.0100500028932 90.3022848368993 93.6593439818738 276.971678821666
828000 93.1682342249418 90.4474584960028 93.7765524578289 277.392245178773
829000 93.2504523772872 90.5895292734222 93.8690397524526 277.709021403162
830000 93.3193660035076 90.6997408102616 93.9522395044685 277.971346318238
831000 93.4325088725322 90.7924392667381 94.0261499097917 278.251098049062
832000 93.5691503803495 90.9328221784673 94.1122553617792 278.614227920596
833000 93.6709386131924 91.0312392378677 94.2785987419822 278.980776593042
834000 93.7843069218464 91.1269184412189 94.3615674925359 279.272792855601
835000 93.8783468925789 91.1932742217705 94.4758019531611 279.547423067511
836000 94.0248802910663 91.3466725970773 94.6079698974172 279.979522785561
837000 94.2098869687716 91.4265969158153 94.6977241237051 280.334208008292
838000 94.2798236178552 91.569977201585 94.7900943750965 280.639895194537
839000 94.3873920279301 91.6841433569687 94.9101591295133 280.981694514412
840000 94.4951395023645 91.729981701078 95.0271191786348 281.252240382077
841000 94.6399588338208 91.8466304170029 95.1501592873352 281.636748538159
842000 94.7569888469609 91.9585342427301 95.3035043335918 282.019027423283
843000 94.8399659061685 92.0916996692694 95.3985712057574 282.330236781195
844000 94.9773715305228 92.1435575004381 95.5316784976027 282.652607528564
845000 95.0996859945036 92.2177861900573 95.6101885338124 282.927660718373
846000 95.2203319184976 92.3368100035695 95.7139067253327 283.2710486474
847000 95.3439732445896 92.4332571826387 95.8411628201158 283.618393247344
848000 95.4271887196761 92.5548305795239 95.9227914468061 283.904810746006
849000 95.5619923872099 92.6081345948106 95.9823264631433 284.152453445164
850000 95.6349362195212 92.7173062283705 96.0974018647938 284.449644312685
851000 95.7839965051731 92.8383955073278 96.2928504283491 284.91524244085
852000 95.8964166194927 92.9317662683803 96.4229462609648 285.251129148838
853000 95.9874822633126 93.0124830813026 96.5647983742476 285.564763718863
854000 96.1069304368202 93.0942093619171 96.6324408236927 285.83358062243
855000 96.2573371821138 93.2440846190925 96.7113566886549 286.212778489861
856000 96.3232156797483 93.3306622725861 96.8313882127128 286.485266165047
857000 96.4148307444997 93.4166806687505 97.0406726316287 286.872184044879
858000 96.5241565023355 93.5371997015576 97.0679502849994 287.129306488892
859000 96.6354729603164 93.6830661201655 97.1882665561727 287.506805636655
860000 96.7608606973362 93.7786116047072 97.2959377088575 287.835410010901
861000 96.8569878157453 93.9098687934544 97.4011578023049 288.168014411505
862000 96.9358047973692 94.0382526306375 97.5297956059945 288.503853034001
863000 97.0256238677966 94.1084639158768 97.6546905089452 288.788778292619
864000 97.1708515488773 94.1949092259846 97.7727906054413 289.138551380303
865000 97.2831226578636 94.3724603440616 97.9125574956007 289.568140497526
866000 97.353047968368 94.4591761672997 98.0735431575452 289.885767293213
867000 97.5013023231624 94.5566761195895 98.2012327313552 290.259211174107
868000 97.6607454875519 94.6916187680695 98.243090960786 290.595455216407
869000 97.713390373418 94.7895116652478 98.3358699042244 290.83877194289
870000 97.8469973583985 94.9459956346275 98.4506148156475 291.243607808674
871000 97.9730816761208 95.0412975782245 98.5523570501687 291.566736304514
872000 98.091886602684 95.1717121261474 98.6295447768158 291.893143505647
873000 98.1658617972419 95.2722267073231 98.7364431574653 292.17453166203
874000 98.298902195461 95.3453200929539 98.837199026261 292.481421314676
875000 98.3757915045912 95.5012058643167 98.9800698379024 292.85706720681
876000 98.4890972490498 95.5979097224975 99.105809989372 293.192816960919
877000 98.5828289496389 95.7192117689758 99.2088641932359 293.510904911851
878000 98.7129312626537 95.8000626294912 99.2758798815553 293.7888737737
879000 98.8300158048755 95.8798205041358 99.3414959741521 294.051332283163
880000 98.9925061485722 96.0009999044046 99.401396781407 294.394902834384
881000 99.034943314202 96.1189713791475 99.4995272574328 294.653441950782
882000 99.1362636846468 96.2618571450703 99.6656246135311 295.063745443248
883000 99.250805396478 96.3984103406557 99.7569334006581 295.406149137792
884000 99.359001657361 96.4560951780223 99.8905359379357 295.705632773319
885000 99.4295141987717 96.5820247879999 99.9781146311643 295.989653617936
886000 99.584435687228 96.6953016136047 100.088504461205 296.368241762038
887000 99.6866803063404 96.7852771206209 100.23526635198 296.707223778941
888000 99.8016280488819 96.8933341169589 100.291387731876 296.986349897717
889000 99.8851257989586 97.0098977426157 100.429480621119 297.324504162694
890000 100.024084428884 97.1314732933734 100.477542293127 297.633100015384
891000 100.150134416526 97.3264132601763 100.60681426775 298.083361944452
892000 100.243325310231 97.382754826387 100.756744556725 298.382824693343
893000 100.342353439126 97.5227313076404 100.843530103558 298.708614850324
894000 100.485262912555 97.6265226876241 100.912468115294 299.024253715473
895000 100.586773688215 97.731463722203 101.03615134331 299.354388753728
896000 100.671970097312 97.8322193037135 101.15130170662 299.655491107645
897000 100.776230407907 97.9194466077434 101.269804145503 299.965481161153
898000 100.891527398979 98.0791241928725 101.351478192942 300.322129784794
899000 101.007440308612 98.2387599462386 101.483504892143 300.729705146993
900000 101.130472106535 98.2857678337116 101.60653909722 301.022779037467
901000 101.270986698856 98.3833278471785 101.739964135326 301.394278681361
902000 101.367396072405 98.5189600516932 101.842562325992 301.72891845009
903000 101.462619815424 98.5787484269235 101.9090308377 301.950399080047
904000 101.548260768899 98.7277578241263 102.027981725776 302.304000318801
905000 101.638363307201 98.8467102954728 102.157017518986 302.64209112166
906000 101.767581432573 98.9292593492755 102.28529522666 302.982136008509
907000 101.867803967699 99.0292641741203 102.414389180687 303.311457322507
908000 101.955790766204 99.1441811144798 102.493476023178 303.593447903862
909000 102.048084048518 99.2410074975298 102.572181714104 303.861273260152
910000 102.212755402635 99.3321610265409 102.660647724225 304.2055641534
911000 102.256293792047 99.4569419741654 102.786294047042 304.499529813254
912000 102.368670879979 99.5588091788765 102.909164761653 304.836644820508
913000 102.509783635423 99.6866462009917 103.022028258023 305.218458094438
914000 102.592950519968 99.7890960829 103.107792506515 305.489839109384
915000 102.668297036985 99.8285042841642 103.204114508568 305.700915829717
916000 102.851319864206 99.9833665840782 103.408481857454 306.243168305738
917000 102.939190866269 100.072801194138 103.5007861304 306.512778190807
918000 103.09884837968 100.199396309709 103.58274425431 306.8809889437
919000 103.169823442004 100.260337774677 103.697794205607 307.127955422288
920000 103.293918052853 100.333389884369 103.795482244559 307.422790181781
921000 103.369713415811 100.484269367239 103.92262965252 307.776612435571
922000 103.436104869362 100.593298046314 103.985021356767 308.014424272443
923000 103.560727468024 100.722498278388 104.09944186909 308.382667615502
924000 103.668771402012 100.80242778953 104.16195820361 308.633157395152
925000 103.813250963689 100.946093266082 104.296559627326 309.055903857096
926000 103.939741240529 100.998484395108 104.408762228753 309.34698786439
927000 103.998128861337 101.106688978676 104.537307715429 309.642125555442
928000 104.099576130327 101.221327878859 104.637198652816 309.958102662001
929000 104.229568347854 101.344995776737 104.761525287152 310.336089411743
930000 104.360733060943 101.434426382602 104.904579720409 310.699739163955
931000 104.47849213903 101.549933202228 104.970011499918 310.998436841176
932000 104.580272548348 101.66701099148 105.108880397592 311.356163937419
933000 104.723760628564 101.765263193801 105.196088452048 311.685112274413
934000 104.784578615997 101.860267312661 105.332624243932 311.97747017259
935000 104.940638780987 101.966631474867 105.403918494707 312.311188750561
936000 105.053606802297 102.109480906253 105.493668246191 312.656755954741
937000 105.165234955537 102.183551763958 105.627553059892 312.976339779386
938000 105.318918080087 102.229746308012 105.770698834633 313.319363222732
939000 105.400913488324 102.357600469703 105.904277459558 313.662791417586
940000 105.491729995544 102.479231479115 105.983956437747 313.954917912406
941000 105.575060938525 102.551538139187 106.091990158868 314.218589236579
942000 105.715530709748 102.713610355732 106.167440720285 314.596581785765
943000 105.869248517184 102.823434788483 106.356726037189 315.049409342856
944000 105.961719489108 102.920919808677 106.412406814713 315.295046112498
945000 106.048597611844 103.05041045147 106.502605829808 315.601613893123
946000 106.187162951418 103.113654385559 106.625587555678 315.926404892654
947000 106.331954947567 103.241500828828 106.749135239833 316.322591016228
948000 106.430730281568 103.345844750302 106.890801752093 316.667376783963
949000 106.506036611241 103.444157751291 107.006844136509 316.957038499041
950000 106.672097508771 103.48835962304 107.17483575393 317.335292885742
951000 106.802606298677 103.624119521685 107.246937253634 317.673663073996
952000 106.947368068309 103.789863626079 107.361058170495 318.098289864883
953000 107.040596041961 103.846549623343 107.478490351255 318.365636016559
954000 107.22452717936 103.95136936654 107.579009353431 318.754905899331
955000 107.336681084332 104.037013461144 107.6703975195 319.044092064975
956000 107.422933409814 104.173087883419 107.788912511063 319.384933804297
957000 107.512438823269 104.24812273669 107.902747542361 319.66330910232
958000 107.62961895099 104.368160787007 108.029240764363 320.027020502361
959000 107.719048334672 104.511124128439 108.164357899257 320.394530362368
960000 107.890392073029 104.548321018051 108.230008170624 320.668721261704
961000 108.027864133455 104.637582340417 108.318274281673 320.983720755545
962000 108.155029774713 104.748059276089 108.428133879259 321.331222930062
963000 108.270107677398 104.844684337496 108.595482971168 321.710274986062
964000 108.338233246427 104.916309824471 108.676663488462 321.931206559361
965000 108.467662399787 105.015879014957 108.775141426841 322.258682841586
966000 108.603330824377 105.145403554963 108.823194101327 322.571928480667
967000 108.724672628283 105.248831360593 108.976800610675 322.950304599551
968000 108.834928938769 105.32531820354 109.033995775153 323.194242917462
969000 108.937576928881 105.426963741469 109.184546049561 323.549086719911
970000 109.049013394548 105.527164278923 109.318612162466 323.894789835937
971000 109.184164301626 105.573327204223 109.371240752205 324.128732258054
972000 109.283894367991 105.742945714067 109.514578123364 324.541418205422
973000 109.420682710149 105.803439496148 109.565687569456 324.789809775753
974000 109.544469895931 105.895767351756 109.664385944763 325.10462319245
975000 109.690593018578 106.034502896721 109.747845066341 325.47294098164
976000 109.855034097563 106.139337742284 109.830776470221 325.825148310069
977000 109.990429507486 106.224555203419 109.97505389472 326.190038605625
978000 110.072197714211 106.31756086111 110.091169253174 326.480927828495
979000 110.133053397078 106.419797313454 110.156008757884 326.708859468417
980000 110.238019969756 106.55213255146 110.212840150493 327.002992671709
981000 110.268599811194 106.677525232627 110.325701563891 327.271826607712
982000 110.36463315534 106.775575142035 110.433934887486 327.574143184861
983000 110.469814040892 106.859573461488 110.568583885482 327.897971387862
984000 110.577680010514 106.94121738923 110.698940095998 328.217837495742
985000 110.711335501201 107.055615151736 110.78840480559 328.555355458527
986000 110.854831100031 107.145353277866 110.904843892241 328.905028270138
987000 110.986616699394 107.234026011227 111.018396078549 329.23903878917
988000 111.068154605904 107.310593061606 111.128360107367 329.507107774877
989000 111.141539441711 107.416542792847 111.221443027773 329.779525262331
990000 111.258017331593 107.547272686586 111.355152051243 330.160442069422
991000 111.354725282376 107.620995261467 111.464236829182 330.439957373024
992000 111.455309101311 107.774218204367 111.533324232505 330.762851538183
993000 111.570415182331 107.921215195244 111.640955951657 331.132586329232
994000 111.646328851631 108.044716517333 111.71770249351 331.408747862474
995000 111.78567743585 108.15082913282 111.851901450833 331.788408019503
996000 111.900022012486 108.221401392947 111.939697082151 332.061120487584
997000 112.052553104236 108.350183812688 112.064101832209 332.466838749134
998000 112.161849311024 108.474213319714 112.173920325501 332.809982956239
999000 112.247071680338 108.583746629921 112.299331463849 333.130149774108
1000000 112.322765621613 108.679833823338 112.417914362437 333.420513807389
1001000 112.471668417506 108.761244040475 112.547293408848 333.780205866828
1002000 112.585118466058 108.853085952046 112.627472268758 334.065676686862
1003000 112.665113134806 108.958787934127 112.807350010599 334.431251079531
1004000 112.729846503036 109.090024825516 112.918591199421 334.738462527973
1005000 112.890105830216 109.214432420735 113.051357366704 335.155895617654
1006000 113.035445821163 109.278086215398 113.206552583312 335.520084619873
1007000 113.128362477061 109.378063580946 113.236614841726 335.743040899733
1008000 113.228207151441 109.493986100515 113.346168335067 336.068361587023
1009000 113.330125041017 109.601531433444 113.475549649101 336.407206123563
1010000 113.433906798894 109.736328354711 113.606887323207 336.777122476812
1011000 113.555636129677 109.81055460245 113.71063979348 337.076830525608
1012000 113.73350992871 109.899088120308 113.859338221362 337.49193627038
1013000 113.785012903 110.028999614661 113.930689070355 337.744701588015
1014000 113.901766333165 110.099212813872 114.047215173749 338.048194320786
1015000 114.001784428527 110.264634576204 114.168278353441 338.434697358173
1016000 114.103148281938 110.356348226342 114.25376009963 338.71325660791
1017000 114.258493797894 110.465251663287 114.37048208681 339.094227547991
1018000 114.397416344545 110.608028598065 114.548725826335 339.554170768946
1019000 114.468218747194 110.696056144516 114.640445882967 339.804720774676
1020000 114.56705105087 110.773390486583 114.732115507831 340.072557045284
1021000 114.635428033595 110.930205509697 114.863218058927 340.428851602218
1022000 114.770003575778 111.023507837188 114.935924458222 340.729435871188
1023000 114.879617354036 111.100467429023 115.032403485016 341.012488268075
1024000 114.964589609107 111.232252290186 115.127830972837 341.32467287213
1025000 115.121517062306 111.276706727491 115.251140680517 341.649364470314
1026000 115.222204024181 111.35422359679 115.351884994603 341.928312615574
1027000 115.29996510311 111.474176431867 115.474077590382 342.248219125359
1028000 115.389130854144 111.574914004104 115.587134114823 342.55117897307
1029000 115.539864507083 111.673343276215 115.686492794548 342.899700577847
1030000 115.623754229578 111.775978269883 115.83259591247 343.232328411932
1031000 115.754067069334 111.893505880752 115.925793000962 343.573365951047
1032000 115.904979475184 112.03308187428 116.052211409269 343.990272758733
1033000 115.978353909278 112.13079102669 116.15009953344 344.259244469408
1034000 116.161525488093 112.279339962143 116.279472316451 344.720337766686
1035000 116.292983484255 112.376696205844 116.415234409823 345.084914099921
1036000 116.399798807328 112.551341425526 116.468839053396 345.41997928625
1037000 116.491295465088 112.698578768976 116.605330354399 345.795204588463
1038000 116.622129657119 112.771829394039 116.71917312738 346.113132178539
1039000 116.796211500908 112.874877659464 116.8160293875 346.487118547872
1040000 116.829102272018 112.969597624409 116.884679392822 346.683379289249
1041000 116.956249980196 113.094454774435 117.057084183895 347.107788938526
1042000 117.051344188098 113.225122512137 117.107764985445 347.38423168568
1043000 117.130043573153 113.360159940513 117.173828509109 347.664032022775
1044000 117.261157739915 113.511433676946 117.3022691749 348.074860591762
1045000 117.389286972135 113.619079436578 117.365301533962 348.373667942676
1046000 117.51916548083 113.718861011172 117.519962210395 348.757988702397
1047000 117.617558885536 113.839935257829 117.633811808585 349.09130595195
1048000 117.784949927087 113.939238322046 117.689836871938 349.414025121072
1049000 117.890429002364 114.012934660091 117.795908040631 349.699271703086
1050000 118.011601866171 114.160250582093 117.895578149888 350.067430598153
1051000 118.166906218817 114.245796599109 117.953068106291 350.365770924218
1052000 118.282459980013 114.311093236388 118.093857794645 350.687411011045
1053000 118.357393206831 114.420150811823 118.180597461776 350.95814148043
1054000 118.526665103174 114.548388599973 118.306702862082 351.381756565229
1055000 118.58281651635 114.655592166683 118.384542952275 351.622951635308
1056000 118.749620557307 114.781679369668 118.539087845299 352.070387772275
1057000 118.871814824671 114.932785631716 118.591134836777 352.395735293164
1058000 119.057214423454 115.003544570433 118.732150979782 352.792909973669
1059000 119.128080156128 115.051175308187 118.847352414475 353.02660787879
1060000 119.239490011558 115.18244023146 118.981731868819 353.403662111838
1061000 119.319761826949 115.324780129698 119.093184193886 353.737726150533
1062000 119.466974606854 115.433433137271 119.218242397466 354.118650141591
1063000 119.516529732049 115.578671793297 119.3191408449 354.414342370246
1064000 119.644923057137 115.647136646932 119.469816999606 354.761876703676
1065000 119.751472730496 115.783879777065 119.542026564546 355.077379072107
1066000 119.906383923697 115.912711780288 119.599153092562 355.418248796547
1067000 119.994989731725 116.030641388543 119.724729851211 355.750360971478
1068000 120.138936545786 116.112512737302 119.856087360033 356.10753664312
1069000 120.22356565216 116.27087916409 119.921652326882 356.416097143132
1070000 120.320509619155 116.38974921145 120.0407627079 356.751021538505
1071000 120.364999524162 116.416822354549 120.166020175817 356.947842054528
1072000 120.513745513998 116.59726414206 120.233480948914 357.344490604973
1073000 120.590865073074 116.646967089163 120.395741110615 357.633573272852
1074000 120.707417927655 116.804115971376 120.500663826204 358.012197725236
1075000 120.809223317606 116.872551154402 120.608727681669 358.290502153677
1076000 120.980484868713 116.916051542155 120.731012013523 358.627548424391
1077000 121.079274650322 117.097190188639 120.781204953966 358.957669792927
1078000 121.174748552044 117.13651465776 120.912155014494 359.223418224297
1079000 121.33534447791 117.238239574404 121.018434182227 359.592018234542
1080000 121.440594530919 117.322316561466 121.070582610513 359.833493702898
1081000 121.55643903821 117.425784703842 121.1966413871 360.178865129151
1082000 121.625302645238 117.576442258901 121.273227314354 360.474972218493
1083000 121.715372244593 117.689478001198 121.299732760075 360.704583005866
1084000 121.870961172954 117.80375060658 121.474288524911 361.149000304444
1085000 122.007163441538 117.930835680226 121.54487018921 361.482869310974
1086000 122.07046712827 118.054670626294 121.658765864344 361.783903618908
1087000 122.161884280939 118.10241977975 121.759281922383 362.023585983072
1088000 122.254642470476 118.209611451358 121.847625834056 362.311879755891
1089000 122.362895857125 118.307740400292 121.95954509915 362.630181356568
1090000 122.482430072614 118.403978094101 122.0124460867 362.898854253416
1091000 122.545321054915 118.50305539703 122.106826198671 363.155202650616
1092000 122.646214868631 118.571639563752 122.205206832513 363.423061264895
1093000 122.701752573124 118.709476188531 122.344222749869 363.755451511524
1094000 122.824859475045 118.740510166889 122.455048612791 364.020418254726
1095000 122.953374850863 118.858408455787 122.52589267577 364.33767598242
1096000 123.067739094819 118.946761652238 122.671236536615 364.685737283672
1097000 123.146990718525 119.049479842829 122.755081966687 364.951552528041
1098000 123.270747114585 119.148078418563 122.78982548781 365.208651020958
1099000 123.340656622316 119.31385988326 122.944144621621 365.598661127196
1100000 123.437299273567 119.439533079606 123.099313272942 365.976145626115
1101000 123.548734092744 119.559394214909 123.218386265589 366.326514573241
1102000 123.69147648123 119.650595428557 123.290461325316 366.632533235104
1103000 123.749450417441 119.82174444867 123.458899990439 367.03009485655
1104000 123.892120902193 119.933152960476 123.592057614434 367.417331477103
1105000 124.014362838331 120.017572077585 123.673325575954 367.70526049187
1106000 124.106814552394 120.151332958056 123.79128629081 368.04943380126
1107000 124.190589862625 120.285384540093 123.857517298718 368.333491701435
1108000 124.246682268216 120.37896917983 123.96562310304 368.591274551086
1109000 124.44615556597 120.4345853092 124.013864532789 368.894605407959
1110000 124.552985379318 120.519988001166 124.173457446674 369.246430827158
1111000 124.602680324115 120.610106233418 124.254523590604 369.467310148138
1112000 124.774412789707 120.705124449575 124.336973281007 369.816510520289
1113000 124.872636299171 120.808380694356 124.464609482146 370.145626475672
1114000 124.99396226322 120.960947536496 124.523164502025 370.478074301741
1115000 125.103422244997 121.051598848659 124.674161770686 370.829182864343
1116000 125.256465254475 121.194844143303 124.788174613575 371.239484011353
1117000 125.319561739129 121.367208256085 124.895546209996 371.58231620521
1118000 125.447428749477 121.402591179758 124.993025307873 371.843045237108
1119000 125.597803685174 121.492566765353 125.12359261918 372.213963069707
1120000 125.706268368917 121.637381793881 125.240750683743 372.584400846541
1121000 125.797995437329 121.775130675907 125.328393899578 372.901520012815
1122000 125.90483497518 121.860792480319 125.429162938235 373.194790393734
1123000 125.960134281459 121.937114271705 125.515365900163 373.412614453327
1124000 126.047967178389 122.059671864337 125.623672493963 373.731311536689
1125000 126.152265448468 122.180901812947 125.742530012798 374.075697274214
1126000 126.207210272791 122.313763495235 125.803132716954 374.324106484979
1127000 126.385101533676 122.438546450266 125.942661715261 374.766309699203
1128000 126.473983518643 122.507568711278 125.966095474454 374.947647704374
1129000 126.597983090759 122.674029171281 126.153309817392 375.425322079432
1130000 126.683100653702 122.785392742121 126.154407949174 375.622901344997
1131000 126.856121815464 122.926578074107 126.284111627138 376.066811516709
1132000 126.908921063342 123.014487604945 126.378774616917 376.302183285204
1133000 127.050708560061 123.143331102051 126.497959322315 376.691998984427
1134000 127.186556081211 123.234594404165 126.599705085606 377.020855570983
1135000 127.292574405503 123.338227367283 126.725364439643 377.356166212429
1136000 127.396459266046 123.423167984343 126.853407297544 377.673034547933
1137000 127.459367585257 123.506451052234 126.977236045172 377.943054682663
1138000 127.618870475357 123.662442857914 127.031911851725 378.313225184996
1139000 127.719771779088 123.779599615683 127.169536082985 378.668907477756
1140000 127.786898119334 123.910785155927 127.285755123004 378.983438398264
1141000 127.894512823891 124.03366877617 127.427773369064 379.355954969125
1142000 128.007460852773 124.108938914682 127.510084328052 379.626484095507
1143000 128.11505842941 124.24870235512 127.604284944359 379.968045728889
1144000 128.196666803199 124.330970974508 127.770044416549 380.297682194257
1145000 128.344526083404 124.435667018343 127.884376998619 380.664570100365
1146000 128.442406586058 124.547634727964 127.936572120217 380.92661343424
1147000 128.563195582636 124.624541806766 128.039531715849 381.227269105251
1148000 128.63757241092 124.767879116787 128.158246254397 381.563697782104
1149000 128.701109601757 124.862839860042 128.307583246615 381.871532708413
1150000 128.810194361189 124.956114664959 128.440980504817 382.207289530966
1151000 128.934398859698 125.075754867196 128.466049722431 382.476203449325
1152000 129.05335327722 125.209790295048 128.554239568939 382.817383141206
1153000 129.181690407811 125.298608711807 128.716750589339 383.197049708958
1154000 129.269117605976 125.353700175156 128.826687256248 383.44950503738
1155000 129.382787166276 125.489143752408 128.907940136526 383.77987105521
1156000 129.489404596173 125.568970990368 129.046649022173 384.105024608714
1157000 129.557647743085 125.71578345877 129.110259064738 384.383690266593
1158000 129.662221048922 125.769367107812 129.19979529368 384.631383450415
1159000 129.744460001552 125.913420528657 129.366291020104 385.024171550312
1160000 129.827904285407 126.034063534144 129.461769524247 385.323737343798
1161000 130.004435565795 126.124968048376 129.536833579399 385.66623719357
1162000 130.073393785311 126.227638816764 129.711707991232 386.012740593306
1163000 130.241779234482 126.376972624103 129.838996417495 386.457748276081
1164000 130.335194770534 126.510357525761 129.959979699167 386.805531995462
1165000 130.480684173806 126.602274980766 130.038851983494 387.121811138066
1166000 130.603463113405 126.681727267464 130.195178785441 387.48036916631
1167000 130.720316979493 126.762195100613 130.317941538381 387.800453618487
1168000 130.87029954853 126.861322635405 130.369385594361 388.101007778296
1169000 131.008563891607 126.981789945614 130.48904577861 388.479399615831
1170000 131.139318003296 127.069161345515 130.554236559562 388.762715908373
1171000 131.238719641494 127.199214737943 130.699436907199 389.137371286637
1172000 131.331117271578 127.373584130936 130.823546980064 389.528248382578
1173000 131.420165879145 127.362169075259 130.941776460671 389.724111415075
1174000 131.522278108822 127.484741295285 131.037487139922 390.044506544029
1175000 131.564006389883 127.565686075222 131.159467740226 390.289160205331
1176000 131.681907378212 127.586712878046 131.246619296609 390.515239552867
1177000 131.742540665173 127.691274108245 131.362380103388 390.796194876806
1178000 131.894673486051 127.83033329197 131.50308120719 391.228087985211
1179000 132.001113637443 127.966691444612 131.576032036731 391.543837118786
1180000 132.097127554029 128.058315871386 131.719772724979 391.875216150395
1181000 132.236402955073 128.155546103285 131.840596460999 392.232545519357
1182000 132.332834149666 128.245608729566 131.956016482212 392.534459361444
1183000 132.475303446168 128.419886963698 132.029652215912 392.924842625778
1184000 132.502152019566 128.483303748697 132.111625108525 393.097080876789
1185000 132.626943467605 128.573279089754 132.280180858615 393.480403415973
1186000 132.78488933597 128.682289378102 132.350277420051 393.817456134124
1187000 132.903720813376 128.76996341352 132.50019440925 394.173878636146
1188000 133.025675753776 128.874348295999 132.606033109245 394.50605715902
1189000 133.121045367305 128.93098297776 132.722361781311 394.774390126376
1190000 133.202549071227 129.098518942919 132.837771565131 395.138839579277
1191000 133.288851785436 129.202778923355 132.969478576517 395.461109285308
1192000 133.429684985967 129.246718768124 133.067387712757 395.743791466849
1193000 133.535306864934 129.389743423511 133.16021351831 396.085263806756
1194000 133.648109230711 129.513149404155 133.275654920379 396.436913555245
1195000 133.700638400847 129.608469737743 133.377532382968 396.686640521558
1196000 133.832096034599 129.732858445463 133.467318407544 397.032272887605
1197000 133.93294558428 129.812166078189 133.576343720794 397.321455383263
1198000 134.082036232157 129.893140537945 133.630237508053 397.605414278155
1199000 134.235789526686 130.067062820024 133.692136227937 397.994988574647
1200000 134.356895089972 130.170960745024 133.843815547962 398.371671382957
1201000 134.46292915225 130.280487862943 133.935772691192 398.679189706385
1202000 134.601052888702 130.349788720803 134.062239058145 399.013080667649
1203000 134.654498605001 130.460402500499 134.175378483929 399.290279589428
1204000 134.7557242702 130.610489279565 134.29843252915 399.664646078915
1205000 134.847240345667 130.735435890793 134.376153529003 399.958829765464
1206000 134.965023361527 130.822986635326 134.463772825549 400.251782822403
1207000 135.066773655067 130.914813230856 134.55838059193 400.539967477852
1208000 135.170247727885 131.071566120751 134.640314504122 400.882128352757
1209000 135.302080552828 131.165657167652 134.77742939397 401.245167114451
1210000 135.386115703358 131.228763864544 134.867624056356 401.482503624258
1211000 135.509646090463 131.319034095156 135.051746538812 401.880426724431
1212000 135.649752711772 131.406460067073 135.173277503595 402.229490282439
1213000 135.804917233075 131.508585469101 135.28517859022 402.598681292396
1214000 135.927811927708 131.710780575514 135.382225525957 403.020818029178
1215000 136.065189880555 131.788307536979 135.507927961228 403.361425378762
1216000 136.130657180737 131.905222365343 135.631532757809 403.667412303889
1217000 136.24773950987 131.950055487598 135.809356337787 404.007151335255
1218000 136.389145157968 132.08185121906 135.94341375973 404.414410136758
1219000 136.43825509871 132.158660219112 136.024369720851 404.621285038673
1220000 136.566340548772 132.238738514969 136.166327908606 404.971406972347
1221000 136.686347541108 132.341575369455 136.274168359873 405.302091270436
1222000 136.750144237856 132.429704261638 136.412890296481 405.592738795975
1223000 136.850996070165 132.47973524451 136.483575725783 405.814307040458
1224000 136.919742723598 132.633214515188 136.620153462212 406.173110700998
1225000 137.051992128568 132.713281311385 136.69836630133 406.463639741282
1226000 137.223471692599 132.856870602704 136.788736154125 406.869078449428
1227000 137.343456333576 133.01094973623 136.870134901458 407.224540971263
1228000 137.435914846385 133.103723667389 136.986665818806 407.52630433258
1229000 137.561240371192 133.148524952139 137.071969731364 407.781735054695
1230000 137.63336694589 133.320938281295 137.194770938023 408.149076165208
1231000 137.784983189783 133.426726930325 137.281741795644 408.493451915753
1232000 137.905430522224 133.589933384285 137.418582223588 408.913946130097
1233000 137.995115157026 133.717461813219 137.525143344027 409.237720314273
1234000 138.175463868041 133.807148317401 137.697409449319 409.680021634761
1235000 138.254942071647 133.927442787369 137.782674729583 409.965059588599
1236000 138.309404656825 134.053653624683 137.899062108167 410.262120389675
1237000 138.402490608791 134.065140536396 138.017169349142 410.484800494329
1238000 138.572459294866 134.17439810831 138.105112295437 410.851969698613
1239000 138.650095612465 134.256189099283 138.203720472261 411.110005184009
1240000 138.773047552996 134.36831228685 138.349212118032 411.490571957878
1241000 138.918562419985 134.494735748896 138.464178776531 411.877476945412
1242000 138.988287324633 134.585275038333 138.623742027599 412.197304390565
1243000 139.115207160668 134.682598828356 138.731944313852 412.529750302876
1244000 139.187311577349 134.815906151751 138.870689531056 412.873907260156
1245000 139.350861385691 134.917124613293 138.943924866412 413.211910865395
1246000 139.421049243738 135.048910485684 139.057880252908 413.52783998233
1247000 139.573145636622 135.174459792139 139.181182485637 413.928787914398
1248000 139.667818663447 135.286440659905 139.312274676023 414.266533999374
1249000 139.815793261861 135.342209816149 139.349013189906 414.507016267916
1250000 139.93411565351 135.472310377478 139.466367405075 414.872793436063
1251000 140.060702987179 135.579374699583 139.573367640786 415.213445327548
1252000 140.214186481921 135.677668773483 139.757980163479 415.649835418882
1253000 140.240181884438 135.760096288302 139.845448740508 415.845726913249
1254000 140.379360815366 135.843964374266 139.955945702122 416.179270891754
1255000 140.463877207953 135.926774701482 139.999608891681 416.390260801115
1256000 140.545851064289 136.055794242462 140.175712683625 416.777357990376
1257000 140.660802819156 136.134402258874 140.268754666069 417.063959744098
1258000 140.762757991029 136.244488381225 140.393460164968 417.400706537222
1259000 140.882091469186 136.38595740663 140.489461905682 417.757510781499
1260000 140.969700797463 136.474620359328 140.594749721811 418.039070878602
1261000 141.056586119074 136.565917334668 140.730009254964 418.352512708706
1262000 141.142408240716 136.688095431971 140.837452479322 418.667956152008
1263000 141.267394004258 136.758507407771 140.974149538811 419.000050950841
1264000 141.297233830148 136.871509585217 140.966040079514 419.134783494879
1265000 141.429109028304 136.958838760382 141.081583082767 419.469530871453
1266000 141.584691951876 137.047905176134 141.237893203338 419.870490331349
1267000 141.659495981594 137.125821678184 141.307649223133 420.092966882911
1268000 141.812116710425 137.249180152508 141.391952504481 420.453249367415
1269000 141.882707164684 137.350164754018 141.539225285633 420.772097204335
1270000 142.010827661061 137.429260598363 141.630933630313 421.071021889736
1271000 142.109564140305 137.555954927432 141.711565590199 421.377084657935
1272000 142.196801088146 137.724577800554 141.834839560432 421.756218449132
1273000 142.320212310656 137.806389149829 141.874974216075 422.00157567656
1274000 142.47443208869 137.92398108546 142.008955440124 422.407368614273
1275000 142.58409558374 138.005086183095 142.092810481895 422.681992248731
1276000 142.71303411318 138.06544727257 142.255616946358 423.034098332107
1277000 142.784742639867 138.171132677964 142.335588172863 423.291463490694
1278000 142.924600167662 138.276757792278 142.498930912927 423.700288872867
1279000 143.095595586573 138.358141381339 142.656670430184 424.110407398096
1280000 143.162308507637 138.472168758647 142.731875089462 424.366352355746
1281000 143.297897773506 138.583918415231 142.920842064928 424.802658253665
1282000 143.39417916809 138.645899497711 142.989405834005 425.029484499806
1283000 143.524495642222 138.807437130145 143.163493660401 425.495426432768
1284000 143.626879646932 138.919955966867 143.245969568828 425.792805182627
1285000 143.699963616829 139.080185971773 143.3881854225 426.168335011102
1286000 143.776057700481 139.192755170901 143.501341648998 426.470154520379
1287000 143.93245190333 139.230061317678 143.557941551897 426.720454772904
1288000 144.098430344617 139.281176056433 143.721691111429 427.101297512479
1289000 144.240187204691 139.383836795663 143.800716358228 427.424740358582
1290000 144.283369970845 139.508047498483 143.960404289476 427.751821758804
1291000 144.421337843725 139.583368464106 144.101830133155 428.106536440985
1292000 144.551644655005 139.697385451081 144.213668217383 428.462698323469
1293000 144.65552131115 139.807730096261 144.298792576611 428.762043984022
1294000 144.750771600803 139.91338936252 144.442584074156 429.106745037479
1295000 144.877924745637 140.030181867072 144.554130639197 429.462237251906
1296000 145.02205557473 140.115792277981 144.599559312965 429.737407165676
1297000 145.093857494825 140.257910447501 144.719688293001 430.071456235326
1298000 145.203096961497 140.393909016103 144.860246224462 430.457252202063
1299000 145.284352340385 140.493096408711 144.96985427084 430.747303019936
1300000 145.403529116713 140.707888117011 145.05664220183 431.168059435553
1301000 145.473810705362 140.731523608721 145.148499271607 431.353833585691
1302000 145.596952877319 140.850442775952 145.29491833117 431.74231398444
1303000 145.702966416116 140.991879828015 145.438810119976 432.133656364107
1304000 145.871649461619 141.071277751486 145.501678667383 432.444605880487
1305000 145.945368579713 141.168018955483 145.666606182728 432.779993717924
1306000 146.060939656178 141.286454593313 145.748286791404 433.095681040894
1307000 146.13132440443 141.393006158607 145.807957847195 433.332288410232
1308000 146.205201749412 141.472713246853 145.95812283932 433.636037835585
1309000 146.292762686461 141.617153842782 146.021671687849 433.931588217091
1310000 146.33407379502 141.652430834793 146.132364043592 434.118868673405
1311000 146.490807113567 141.753222801208 146.290640966848 434.534670881623
1312000 146.641829929005 141.831887315714 146.395970733698 434.869687978417
1313000 146.738244552501 141.968271709224 146.466249883531 435.172766145256
1314000 146.844002746265 142.098258839043 146.62350793892 435.565769524229
1315000 146.934461985201 142.181556005229 146.723483857148 435.839501847578
1316000 147.015558421149 142.33890113956 146.843142305711 436.197601866419
1317000 147.101681296087 142.4083646913 146.965276071828 436.475322059215
1318000 147.216560419523 142.49511636068 147.035539450326 436.747216230529
1319000 147.343671797912 142.583727177843 147.131935927284 437.059334903038
1320000 147.445971614831 142.69283351076 147.221100537434 437.359905663025
1321000 147.502825919478 142.857885679553 147.336640188788 437.697351787819
1322000 147.566839995951 142.941281929773 147.436209510404 437.944331436128
1323000 147.655955018139 143.048760275549 147.544824568813 438.249539862501
1324000 147.854492422968 143.194042447684 147.68591310574 438.734447976392
1325000 147.950949991148 143.378599644953 147.834013357143 439.163562993244
1326000 147.998844267978 143.46608590225 147.971186006315 439.436116176544
1327000 148.182362501787 143.52271488731 148.03163552148 439.736712910577
1328000 148.26622817594 143.698328128316 148.072393254144 440.0369495584
1329000 148.368159569725 143.778699470584 148.144347210493 440.291206250802
1330000 148.417034198592 143.857059232296 148.27100223174 440.545095662627
1331000 148.548277562847 143.958413126917 148.410361198852 440.917051888616
1332000 148.611577273723 144.0846459836 148.491319703011 441.187542960334
1333000 148.727326770503 144.161600317508 148.606412663527 441.495339751539
1334000 148.842943395323 144.283076214201 148.669993073274 441.796012682797
1335000 148.90907432139 144.332179276136 148.792024244765 442.033277842292
1336000 149.070933629769 144.42551157005 148.915382514842 442.411827714661
1337000 149.214785198724 144.599442153902 149.029412596965 442.843639949591
1338000 149.356463937327 144.667953131784 149.152336335389 443.176753404501
1339000 149.465936278318 144.793235674146 149.249509046877 443.508680999342
1340000 149.559242892074 144.817189259076 149.310466239321 443.686898390471
1341000 149.651617515107 144.911609237965 149.468274263829 444.031501016901
1342000 149.783215291561 145.020368720057 149.58753316728 444.391117178899
1343000 149.887520199426 145.097305445455 149.68979230743 444.674617952311
1344000 150.019067880572 145.203079172173 149.779390795623 445.001537848368
1345000 150.054637094456 145.256331433865 149.88518561092 445.196154139241
1346000 150.167370923866 145.352025864587 149.995102160045 445.514498948497
1347000 150.273359152832 145.431838339468 150.110271314695 445.815468806996
1348000 150.294527482536 145.56395425669 150.250614586507 446.109096325732
1349000 150.454749268657 145.644047629144 150.371807652267 446.470604550068
1350000 150.564644831758 145.719828076787 150.421275022155 446.705747930701
1351000 150.668468922272 145.804200070483 150.549057799421 447.021726792177
1352000 150.789496467776 145.855296811606 150.613993752383 447.258787031765
1353000 150.892158348334 146.003228936191 150.731579657353 447.626966941877
1354000 151.017898030805 146.103497957665 150.810540438754 447.931936427224
1355000 151.090505601649 146.295187792306 150.889476090161 448.275169484116
1356000 151.217297990603 146.386755974331 151.023368821459 448.627422786394
1357000 151.312742088486 146.51824280624 151.114412127618 448.945397022344
1358000 151.454735757871 146.593943285104 151.268212380064 449.316891423039
1359000 151.570417532015 146.703267656111 151.390504183615 449.664189371741
1360000 151.679085268169 146.781180422072 151.493039826144 449.953305516384
1361000 151.734506441346 146.937425985797 151.625023920789 450.296956347932
1362000 151.862461606047 147.020447312374 151.743614996345 450.626523914766
1363000 151.945220265361 147.120207131793 151.846712062277 450.912139459431
1364000 152.065742786182 147.2453886689 151.986017950032 451.297149405113
1365000 152.130170686858 147.314325354667 152.109868805996 451.554364847521
1366000 152.248273950346 147.411556524479 152.129707244056 451.789537718881
1367000 152.359996067388 147.591475986691 152.252736275014 452.204208329093
1368000 152.504768907261 147.650711664071 152.385195661736 452.540676233067
1369000 152.666395772471 147.735735203051 152.530975996312 452.933106971834
1370000 152.789420113982 147.852379718288 152.683106833876 453.324906666146
1371000 152.851579856025 148.062359348073 152.756217103504 453.670156307602
1372000 152.905546072595 148.204869669965 152.878942211116 453.989357953676
1373000 153.08272410267 148.295277332038 152.969871148707 454.347872583415
1374000 153.165791640133 148.420354972771 153.05712677553 454.643273388434
1375000 153.283043277588 148.513438580415 153.165032322983 454.961514180986
1376000 153.341561179731 148.568886647932 153.201587286563 455.112035114226
1377000 153.42525085277 148.684686083908 153.36412089836 455.474057835038
1378000 153.531587578185 148.717464813714 153.430100291078 455.679152682977
1379000 153.671040633577 148.830384413459 153.502199312057 456.003624359093
1380000 153.769858181196 148.933967377407 153.679775175606 456.383600734208
1381000 153.847424275353 149.058318081484 153.785038644703 456.69078100154
1382000 153.990003801606 149.145591065176 153.927876171436 457.063471038218
1383000 154.124832713461 149.316713824473 154.0551570158 457.496703553733
1384000 154.2051982951 149.436770495731 154.137349902933 457.779318693764
1385000 154.323659135517 149.594084692182 154.201350493291 458.11909432099
1386000 154.400515334461 149.723360977885 154.315302899058 458.439179211405
1387000 154.542169049228 149.796486727127 154.413986838216 458.752642614572
1388000 154.632347072478 149.878976485654 154.566354177888 459.077677736019
1389000 154.694039600446 150.024154544662 154.650704901904 459.368899047012
1390000 154.799004372865 150.08828703884 154.828092602856 459.715384014561
1391000 154.922117848227 150.166527590925 154.928129913501 460.016775352653
1392000 155.039016171146 150.303323025512 155.04212176913 460.384460965787
1393000 155.141321623279 150.373022515111 155.141133634956 460.655477773346
1394000 155.226983278827 150.476243560253 155.217681091366 460.920907930446
1395000 155.317834429513 150.598630505566 155.319814862318 461.236279797398
1396000 155.46259608233 150.712049455598 155.430566286462 461.60521182439
1397000 155.566144039282 150.886792926234 155.552072263732 462.005009229248
1398000 155.699577673332 150.959261892768 155.617716062504 462.276555628603
1399000 155.793592115516 151.065253674615 155.747566236568 462.606412026699
1400000 155.886213088269 151.156937200823 155.877794226379 462.920944515471
1401000 155.955851147975 151.278383899026 156.017822750798 463.2520577978
1402000 156.090978654943 151.40800049136 156.097193594762 463.596172741064
1403000 156.191194795287 151.50132305042 156.237553580281 463.930071425988
1404000 156.334557864589 151.58641253008 156.409342225156 464.330312619825
1405000 156.436105500627 151.667630399223 156.452247526861 464.555983426712
1406000 156.509508261865 151.81328744262 156.610724380204 464.933520084689
1407000 156.623684501159 151.92515698303 156.775770799112 465.324612283302
1408000 156.760826956019 152.041963444889 156.826687319671 465.629477720579
1409000 156.839546740229 152.094951945288 156.95520260452 465.889701290036
1410000 157.006861093297 152.259647520733 157.093846431226 466.360355045255
1411000 157.087319153212 152.33568244105 157.188035844786 466.611037439048
1412000 157.253867393912 152.405096433622 157.308070408494 466.967034236028
1413000 157.357855609112 152.51354072822 157.412327972448 467.28372430978
1414000 157.513676447851 152.600215207116 157.496152528378 467.610044183344
1415000 157.630604389928 152.719132790976 157.609100077281 467.958837258185
1416000 157.735554549187 152.837146080306 157.703466588154 468.276167217646
1417000 157.86676184387 152.937658950995 157.859580911378 468.664001706242
1418000 157.90799902026 153.053249913011 157.93728546663 468.898534399902
1419000 158.035279476996 153.177984090777 158.062644346634 469.275907914407
1420000 158.155094688029 153.26561861171 158.217848042026 469.638561341765
1421000 158.303133587323 153.429786678408 158.257827916648 469.99074818238
1422000 158.474316964938 153.581719058201 158.456654530598 470.512690553737
1423000 158.54833026013 153.687072008575 158.530322941503 470.765725210207
1424000 158.684013746717 153.790387396823 158.697108302008 471.171509445549
1425000 158.802122253569 153.891283821044 158.806559322802 471.499965397415
1426000 158.877284491118 153.999126703575 158.948957096245 471.825368290938
1427000 159.000491325248 154.118505514131 159.085502036217 472.204498875596
1428000 159.125910169022 154.205395409576 159.185700801047 472.517006379645
1429000 159.290500845353 154.311359573278 159.302437965079 472.904298383709
1430000 159.394884634614 154.453929990592 159.453733496402 473.302548121608
1431000 159.544014290317 154.49895719159 159.572101926143 473.61507340805
1432000 159.634848552061 154.595242601616 159.652698618357 473.882789772034
1433000 159.837212106076 154.740345714819 159.798546095391 474.376103916286
1434000 159.902893839456 154.917890900314 159.917662319853 474.738447059623
1435000 160.038542012885 154.957451077713 159.977197894019 474.973190984617
1436000 160.185114615623 155.06949646185 160.046833717359 475.301444794831
1437000 160.190460555288 155.203526275283 160.087939617223 475.481926447794
1438000 160.349511450561 155.267295295573 160.228711312363 475.845518058497
1439000 160.453670441755 155.378071029887 160.33269422514 476.164435696782
1440000 160.585665684145 155.486916311879 160.460519608063 476.533101604087
1441000 160.706892736728 155.480765179471 160.556448681955 476.744106598154
1442000 160.765238312917 155.643848724879 160.706442856359 477.115529894154
1443000 160.860811220015 155.756068046761 160.849155173766 477.466034440542
1444000 160.949396622785 155.811020821362 160.924740507444 477.685157951592
1445000 161.001265507885 155.870774970731 161.014644251145 477.886684729762
1446000 161.192745677651 156.027152559607 161.146388845824 478.366287083082
1447000 161.34624230473 156.105249393182 161.260134599742 478.711626297654
1448000 161.480772706932 156.236354002971 161.296672855043 479.013799564945
1449000 161.587792396765 156.34937691006 161.393115675588 479.330284982414
1450000 161.703594191679 156.56013817315 161.500383715229 479.764116080058
1451000 161.851761443266 156.599957172418 161.583316021643 480.035034637327
1452000 161.928225644631 156.745406283431 161.694283591489 480.36791551955
1453000 162.02773997788 156.86118136934 161.787490542623 480.676411889843
1454000 162.169115601124 156.912757018663 161.892643674041 480.974516293828
1455000 162.237916816008 157.047342295399 162.039067298122 481.324326409529
1456000 162.387429788895 157.205709935151 162.075832379646 481.668972103692
1457000 162.530685356931 157.258937672984 162.214855480536 482.004478510452
1458000 162.613295763985 157.423549391693 162.358051336975 482.394896492653
1459000 162.746204184388 157.514212041603 162.527026644592 482.787442870583
1460000 162.888385825867 157.672474300028 162.572189018897 483.133049144792
1461000 162.944615445126 157.791864605525 162.742209013208 483.478689063858
1462000 163.083981776262 157.919941463672 162.819691806124 483.823615046058
1463000 163.160545291392 158.007574283028 162.943203153501 484.111322727922
1464000 163.279360197995 158.154820615355 163.069088486934 484.503269300284
1465000 163.430470617367 158.224607619501 163.105009109995 484.760087346863
1466000 163.459584741542 158.373696219634 163.222158745408 485.055439706584
1467000 163.580239768611 158.440779405395 163.322156584382 485.343175758387
1468000 163.668502706162 158.536310523506 163.452546972677 485.657360202345
1469000 163.81840260711 158.677668122512 163.589430609298 486.08550133892
1470000 163.922828759806 158.808195644947 163.684332772308 486.415357177061
1471000 164.009113414688 158.909827318996 163.818633765242 486.737574498925
1472000 164.123929724107 158.960271028644 163.868400407868 486.952601160619
1473000 164.253151070377 159.110421745259 164.021165837204 487.384738652839
1474000 164.356529160345 159.220695509983 164.089712996941 487.66693766727
1475000 164.49048990854 159.365718489798 164.21226713275 488.068475531088
1476000 164.632734857049 159.514677207865 164.316214701072 488.463626765986
1477000 164.774154087436 159.646464007716 164.422608302198 488.84322639735
1478000 164.875296205868 159.775277721683 164.530730846439 489.18130477399
1479000 164.936627517922 159.853049361271 164.655748286617 489.445425165809
1480000 165.020134701135 160.015725097944 164.83649313431 489.872352933388
1481000 165.087000628656 160.089071173056 164.899352952386 490.075424754098
1482000 165.26612377653 160.178393998209 165.033245463052 490.477763237791
1483000 165.402535903163 160.305159688055 165.145641247995 490.853336839214
1484000 165.490017496072 160.335954683021 165.303765170959 491.129737350052
1485000 165.632608876419 160.493084559945 165.409850063927 491.535543500291
1486000 165.772246344702 160.609866340368 165.487160253285 491.869272938355
1487000 165.860679109804 160.762260670346 165.608600383161 492.231540163311
1488000 165.99085489823 160.789628981396 165.64614889868 492.426632778306
1489000 166.06033616381 160.851596512786 165.736575673251 492.648508349848
1490000 166.141125451366 161.027428407506 165.868251545847 493.036805404718
1491000 166.313732739374 161.137343903902 165.956693720381 493.407770363656
1492000 166.35593088967 161.2434346837 166.096364831983 493.695730405352
1493000 166.463717711542 161.323676629261 166.207732953045 493.995127293848
1494000 166.565898492683 161.362650059676 166.322986123542 494.251534675901
1495000 166.609987255404 161.479657974985 166.407553058154 494.497198288543
1496000 166.721027068993 161.635506643486 166.516706989305 494.873240701784
1497000 166.82895944401 161.651281774438 166.591675364493 495.071916582942
1498000 167.011263972502 161.766224566116 166.717280844231 495.49476938285
1499000 167.080742594574 161.862176609314 166.753205356928 495.696124560817
1500000 167.210269700228 162.013392400977 166.862784741338 496.086446842543
1501000 167.343401529392 162.066197301241 167.019736974288 496.429335804921
1502000 167.449222147029 162.264642268723 167.103225619819 496.817090035571
1503000 167.392904114883 162.410765976989 167.182152762145 496.985822854018
1504000 167.507254710854 162.505318407485 167.295656232985 497.308229351324
1505000 167.624353419889 162.541647891377 167.472844633668 497.638845944933
1506000 167.777194751807 162.621251398303 167.629021711776 498.027467861887
1507000 167.89518755486 162.767757765872 167.758509531114 498.421454851846
1508000 168.003315344897 162.829570978972 167.861497646325 498.694383970194
1509000 168.101596924456 162.932560855257 167.966976590943 499.001134370656
1510000 168.26061817175 163.031467168547 168.072451399375 499.364536739673
1511000 168.380218269376 163.149771604009 168.227527067365 499.75751694075
1512000 168.505293202274 163.199397061726 168.243833602416 499.948523866416
1513000 168.619958418667 163.396443630568 168.432418182161 500.448820231397
1514000 168.704570924129 163.491570492008 168.484895618969 500.681037035106
1515000 168.825542145531 163.581553159199 168.578711405763 500.985806710492
1516000 168.913218543566 163.672177280432 168.722349674804 501.307745498802
1517000 169.013950463283 163.836879553117 168.806838619921 501.657668636321
1518000 169.167493763683 163.984291593454 168.931305947881 502.083091305018
1519000 169.240782858812 164.149086779987 169.059011070228 502.448880709028
1520000 169.386147238388 164.222586483869 169.159014420994 502.767748143251
1521000 169.525889295322 164.280961767471 169.277306595489 503.084157658281
1522000 169.619978089616 164.455023842156 169.336347691432 503.411349623205
1523000 169.708639961459 164.457688789646 169.436847632801 503.603176383906
1524000 169.875744622388 164.596971184594 169.511190592795 503.983906399777
1525000 169.944073462194 164.673123466379 169.594263910859 504.211460839432
1526000 170.071846655622 164.799716249644 169.720836752896 504.592399658161
1527000 170.237758408013 164.921479015025 169.809627062809 504.968864485846
1528000 170.332855202981 165.053773056153 170.02131728912 505.407945548253
1529000 170.421978057147 165.107267501697 170.103248446001 505.632494004844
1530000 170.496734705035 165.213395611827 170.196644326116 505.906774642978
1531000 170.62875820731 165.353636891126 170.366513407638 506.348908506075
1532000 170.721719724594 165.354887879266 170.471621395159 506.548228999019
1533000 170.753865764806 165.523497504027 170.57447743348 506.851840702313
1534000 170.891665296149 165.621811706158 170.70490804597 507.218385048277
1535000 171.004131574815 165.750876189414 170.845434417277 507.600442181505
1536000 171.153696706757 165.822941887261 170.918391953147 507.895030547165
1537000 171.246048853035 165.874791262527 171.050373203839 508.1712133194
1538000 171.393307873992 165.984787109557 171.216636324664 508.594731308212
1539000 171.473619947561 166.11146889383 171.342930363894 508.928019205286
1540000 171.660634696892 166.251283818435 171.464210518603 509.37612903393
1541000 171.74267832815 166.342567717713 171.534662952256 509.619908998119
1542000 171.785503570244 166.480208936631 171.716538476932 509.982250983807
1543000 171.906854752498 166.568079690711 171.845734411044 510.320668854254
1544000 172.026880016714 166.698433065214 171.95780930999 510.683122391918
1545000 172.11425250263 166.816315645837 172.097296806657 511.027864955124
1546000 172.306416867765 166.943683680833 172.196069237942 511.44616978654
1547000 172.402647023103 167.026350210069 172.353826824811 511.782824057984
1548000 172.551805734336 167.115285619436 172.458979792919 512.126071146692
1549000 172.655441335665 167.190072300629 172.525564897625 512.37107853392
1550000 172.734199226617 167.292528503624 172.654116852663 512.680844582903
1551000 172.832280284853 167.40653310538 172.782931705641 513.021745095874
1552000 172.950288012672 167.547279190076 172.873230087865 513.370797290613
1553000 173.072904078693 167.694686530245 173.026324621394 513.793915230332
1554000 173.167450278158 167.80942452901 173.091003352462 514.06787815963
1555000 173.355024441351 167.794861925723 173.162923166405 514.312809533479
1556000 173.344033013384 167.942737944047 173.233714993496 514.520485950927
1557000 173.500497833325 168.083591045744 173.433213219313 515.017302098382
1558000 173.585630685954 168.157326963886 173.479580569386 515.222538219226
1559000 173.649697215395 168.217063359364 173.579283625294 515.446044200053
1560000 173.694300502147 168.301733063371 173.655530880704 515.651564446221
1561000 173.856849213557 168.395627044653 173.79711428528 516.04959054349
1562000 173.96103455673 168.494965345213 173.890351188728 516.34635109067
1563000 174.064412584041 168.603717206814 174.041901429871 516.710031220726
1564000 174.171633347382 168.742751610458 174.101692845864 517.016077803705
1565000 174.330449366613 168.902721991405 174.179885324538 517.413056682556
1566000 174.44488118023 169.049349473864 174.302263638852 517.796494292946
1567000 174.544980125521 169.21617524948 174.406984038321 518.168139413323
1568000 174.675254721638 169.305045962276 174.477635457493 518.457936141407
1569000 174.762028199915 169.390690851046 174.602441740749 518.75516079171
1570000 174.892281435472 169.525851342676 174.702634603787 519.120767381935
1571000 175.028657539898 169.558981282366 174.849270596778 519.436909419043
1572000 175.074261538015 169.640816525512 174.898868831547 519.613946895074
1573000 175.217806220718 169.767706918311 174.976984058401 519.96249719743
1574000 175.313951784833 169.840764749795 175.134783195316 520.289499729945
1575000 175.454405628498 169.917447066713 175.223734497629 520.59558719284
1576000 175.578436870344 170.026802889586 175.399514008304 521.004753768234
1577000 175.660271038869 170.079715459928 175.404384317324 521.144370816121
1578000 175.716521457431 170.209648982318 175.5904952582 521.516665697949
1579000 175.847312099832 170.324505107973 175.639126676137 521.810943883942
1580000 175.940488780195 170.383097980996 175.753808003317 522.077394764508
1581000 176.076103169527 170.475270830001 175.859746695602 522.41112069513
1582000 176.151684787621 170.568278774933 175.992335534615 522.712299097168
1583000 176.246207073902 170.68382346159 176.114798083088 523.04482861858
1584000 176.403370343097 170.784147421106 176.166364781379 523.353882545582
1585000 176.509159481195 170.884302573511 176.322716508882 523.716178563588
1586000 176.567483767303 170.940566185202 176.375585719992 523.883635672497
1587000 176.66224466042 170.989282434988 176.494223501613 524.145750597021
1588000 176.776940818035 171.090297386924 176.625141448313 524.492379653272
1589000 176.867133680889 171.246998031313 176.711016003161 524.825147715362
1590000 177.027264248114 171.28362535671 176.813044422611 525.123934027435
1591000 177.12695607531 171.414740165834 176.991799090818 525.533495331963
1592000 177.313826397154 171.469245760369 177.037560672001 525.820632829524
1593000 177.387477979327 171.56246135611 177.129803668082 526.079743003518
1594000 177.449333364698 171.667817007014 177.252600414751 526.369750786462
1595000 177.696290098486 171.818233073073 177.282764559134 526.797287730693
1596000 177.777043648196 171.872365209384 177.403226069561 527.052634927141
1597000 177.855511389424 172.021026985476 177.533942348526 527.410480723426
1598000 177.964368640059 172.095304128823 177.690846401148 527.75051917003
1599000 178.091603125093 172.230021127224 177.764486741237 528.086110993554
1600000 178.219905981476 172.294788744845 177.880347123226 528.395041849547
1601000 178.394601811435 172.394131943986 177.996961303935 528.785695059356
1602000 178.493318214055 172.527451346756 178.079186753761 529.099956314572
1603000 178.632235769747 172.640752920597 178.17640592874 529.449394619084
1604000 178.725993402161 172.780733217912 178.293097329205 529.799823949278
1605000 178.817177388199 172.904660505923 178.408381597821 530.130219491943
1606000 178.907055607208 172.982430171375 178.497779145914 530.387264924497
1607000 178.994705221338 173.147390590294 178.564606304954 530.706702116587
1608000 179.128761880968 173.237129342149 178.676230255308 531.042121478425
1609000 179.214609895092 173.414048508762 178.830415051565 531.459073455419
1610000 179.352953173689 173.555414117095 178.946088028577 531.85445531936
1611000 179.49542971478 173.657492756604 179.043615667985 532.196538139368
1612000 179.606576806558 173.774251060826 179.213227807044 532.594055674428
1613000 179.683117802884 173.93736948888 179.293760032039 532.914247323803
1614000 179.774528036742 173.994686014053 179.388374170386 533.15758822118
1615000 179.890295788383 174.115865748083 179.388016045794 533.39417758226
1616000 179.953088664429 174.181181085009 179.524909094848 533.659178844286
1617000 180.033649348453 174.229053724555 179.551385598169 533.814088671177
1618000 180.146321857761 174.362257858627 179.679976358054 534.188556074442
1619000 180.168810699091 174.520118897721 179.790395635955 534.479325232767
1620000 180.308300193137 174.621131941826 179.881857497328 534.811289632291
1621000 180.391066030027 174.719413684287 179.929560603747 535.04004031806
1622000 180.474700907574 174.849786232501 180.041764138923 535.366251278998
1623000 180.525752205911 174.88252447033 180.141190224851 535.549466901091
1624000 180.686646665877 175.042416775461 180.253991620375 535.983055061714
1625000 180.746418877604 175.134581922811 180.382687794548 536.263688594963
1626000 180.804523441502 175.278117301035 180.488873255984 536.571513998521
1627000 180.952593244433 175.343147259579 180.587107881224 536.882848385236
1628000 181.045713308468 175.523590479275 180.674861152548 537.244164940292
1629000 181.154463942805 175.613813465764 180.815494718074 537.583772126642
1630000 181.261128023217 175.694652584383 180.910675177092 537.866455784693
1631000 181.410268430602 175.81743971044 181.018667150346 538.246375291387
1632000 181.473389997079 175.946855258623 181.146781655449 538.567026911152
1633000 181.667604370349 176.006874649497 181.272658541122 538.947137560968
1634000 181.827548989683 176.194347470757 181.38211161931 539.40400807975
1635000 181.970734076634 176.306293871916 181.601857367743 539.878885316293
1636000 182.018579038208 176.41639816425 181.657310834226 540.092288036684
1637000 182.110070165225 176.490764661647 181.791999363048 540.39283418992
1638000 182.238933140229 176.629549628104 181.910055606372 540.778538374705
1639000 182.302873772008 176.716687152795 181.992393528188 541.01195445299
1640000 182.405909272523 176.836262360888 182.095867675975 541.338039309386
1641000 182.509086582369 176.93653135408 182.149799743914 541.595417680363
1642000 182.647026796031 177.075752965942 182.333093049328 542.055872811301
1643000 182.749591796161 177.148098437208 182.456221372603 542.353911605973
1644000 182.871850070197 177.220345402294 182.529897509899 542.62209298239
1645000 183.003787851965 177.341938648149 182.651186137026 542.99691263714
1646000 183.17172240184 177.440595391594 182.727470888376 543.33978868181
1647000 183.314975654709 177.531416843093 182.906382289355 543.752774787156
1648000 183.499166542181 177.595286913852 182.949150592777 544.043604048811
1649000 183.565054276096 177.711550140483 183.062919652041 544.33952406862
1650000 183.699270616965 177.8091697088 183.167709083399 544.676149409163
1651000 183.789900309035 177.944500656156 183.272384259986 545.006785225177
1652000 183.947654494933 177.971888629003 183.354309870999 545.273852994936
1653000 184.038447470376 178.083070330738 183.513730225032 545.635248026146
1654000 184.110489333331 178.171780036365 183.533288013091 545.815557382786
1655000 184.19656476273 178.247982582437 183.666546771088 546.111094116256
1656000 184.34006704233 178.345832592184 183.800051977394 546.485951611908
1657000 184.436756811829 178.461064544034 183.81972949258 546.717550848444
1658000 184.533335925993 178.542355407492 183.92667960526 547.002370938746
1659000 184.653262269919 178.645146424315 184.022969138591 547.321377832825
1660000 184.807018902135 178.698518913429 184.119725126994 547.625262942558
1661000 184.877758033919 178.80457718374 184.16936471724 547.851699934898
1662000 184.947271807056 178.955323745173 184.232720329325 548.135315881554
1663000 185.099652351287 179.038930507316 184.375924550441 548.514507409045
1664000 185.232813764494 179.146460689268 184.482172436762 548.861446890524
1665000 185.35427849021 179.283054853836 184.56196419517 549.199297539217
1666000 185.402023649592 179.405920918011 184.670871903254 549.478816470856
1667000 185.535766441144 179.462477772615 184.746715309532 549.74495952329
1668000 185.670681015582 179.586382847926 184.827694234069 550.084758097577
1669000 185.801548123516 179.726167950023 184.915510266831 550.44322634037
1670000 185.855895166602 179.837897090997 185.049067917483 550.742860175082
1671000 185.979235644581 179.983753843421 185.170817093004 551.133806581006
1672000 186.150661099868 180.047116882192 185.274461624422 551.472239606482
1673000 186.215520732118 180.188226815683 185.432873262885 551.836620810686
1674000 186.39153856924 180.321137591941 185.55629223973 552.268968400911
1675000 186.522726768597 180.355082284783 185.688456970651 552.566266024031
1676000 186.613390356963 180.486404444457 185.784087176276 552.883881977697
1677000 186.73806851999 180.644857996076 185.88929287848 553.272219394546
1678000 186.840146674704 180.774725224567 185.972492212738 553.587364112008
1679000 186.996551562208 180.864737305682 186.001784462791 553.863073330681
1680000 187.049743297437 181.033197807118 186.155235949399 554.238177053953
1681000 187.199234763249 181.08824193893 186.249527192806 554.537003894984
1682000 187.305559360523 181.203173958594 186.36535446202 554.874087781137
1683000 187.410375325014 181.334133701178 186.522106852343 555.266615878535
1684000 187.512102649001 181.44859372178 186.590993446322 555.551689817104
1685000 187.639108629344 181.535207311358 186.744829950107 555.919145890809
1686000 187.74076948664 181.652043849423 186.838051877649 556.230865213712
1687000 187.836546517259 181.80887077996 186.94414820101 556.589565498229
1688000 187.927298438178 181.866616198211 187.007227502664 556.801142139053
1689000 188.005213825569 181.965340910645 187.079351553345 557.049906289559
1690000 188.093214658263 182.099288679015 187.126736755992 557.319240093271
1691000 188.187864612582 182.180728311033 187.197271520368 557.565864443982
1692000 188.342461731132 182.316978709987 187.268259028399 557.927699469518
1693000 188.487951021399 182.41943594114 187.423665687397 558.331052649935
1694000 188.54584010864 182.49436837094 187.454536206061 558.494744685641
1695000 188.642962948719 182.572503094136 187.638391971898 558.853858014753
1696000 188.777523889297 182.710593653576 187.731859131996 559.219976674869
1697000 188.825907588122 182.822644772827 187.903721205267 559.552273566217
1698000 188.990219242193 182.860618393542 188.010759020458 559.861596656194
1699000 189.054871979089 182.94108585116 188.172932027864 560.168889858114
1700000 189.144522950891 183.013707843154 188.200894588794 560.359125382839
1701000 189.32462116855 183.142324092426 188.30065259479 560.767597855766
1702000 189.441781011631 183.228349522984 188.420121109278 561.090251643894
1703000 189.506880215379 183.373881096699 188.521631538617 561.402392850696
1704000 189.616324765625 183.493160455504 188.665164367885 561.774649589013
1705000 189.762945406449 183.567525777352 188.731785685508 562.062256869309
1706000 189.861061971249 183.674058702086 188.841101047645 562.37622172098
1707000 189.923608030271 183.797318518537 188.910362447241 562.631288996049
1708000 190.04254268816 183.910266523861 189.118155953945 563.070965165967
1709000 190.23398136468 184.028351132206 189.206306080802 563.468638577688
1710000 190.383175212536 184.13960407743 189.330515769887 563.853295059853
1711000 190.531237347328 184.289253629482 189.496410866918 564.316901843728
1712000 190.679076708728 184.374802271633 189.573635799049 564.62751477941
1713000 190.730337248715 184.498914205355 189.607715485683 564.836966939754
1714000 190.862717716003 184.625790570984 189.704189918529 565.192698205516
1715000 190.958514347023 184.681938744619 189.754669858284 565.395122949926
1716000 191.123699940112 184.841292719789 189.809270453806 565.774263113706
1717000 191.226774661772 184.909020477251 189.931610541066 566.067405680089
1718000 191.329969189945 185.011836986311 190.012516867322 566.354323043577
1719000 191.407982532081 185.125610153237 190.176528499838 566.710121185156
1720000 191.530324271916 185.186739263083 190.324947205977 567.042010740976
1721000 191.653208197576 185.345142174668 190.450185112994 567.448535485239
1722000 191.735365140618 185.467798127916 190.522111808979 567.725275077512
1723000 191.843504576883 185.60647857872 190.611994205141 568.061977360744
1724000 191.957706038443 185.76209750462 190.818374281841 568.538177824904
1725000 192.092216863093 185.858925140482 190.930725678644 568.881867682219
1726000 192.204416802949 185.95658680053 190.941164590516 569.102168193995
1727000 192.258612580247 186.12316765951 191.053388232478 569.435168472235
1728000 192.32603617343 186.222581719615 191.13433017146 569.682948064504
1729000 192.423292281629 186.303608112494 191.312072983929 570.038973378053
1730000 192.466432566198 186.41549057788 191.440277468626 570.322200612704
1731000 192.636194052689 186.495781930125 191.458508579294 570.590484562108
1732000 192.70884724365 186.599748224959 191.566024831643 570.874620300252
1733000 192.852002885127 186.689663737625 191.692127651143 571.233794273895
1734000 192.912101830248 186.892713875228 191.796141132125 571.600956837601
1735000 192.979348496266 187.021846375277 191.96532606555 571.966520937092
1736000 193.097346369494 187.073393974587 192.027399012201 572.198139356282
1737000 193.218514147617 187.200346195522 192.162028805088 572.580889148228
1738000 193.302226808466 187.28077414842 192.233384287847 572.816385244734
1739000 193.436051004974 187.354283612826 192.367266370488 573.157600988287
1740000 193.568971075152 187.458534856611 192.459945507044 573.487451438807
1741000 193.683151019734 187.525678846346 192.562138685964 573.770968552043
1742000 193.767552547221 187.680515392028 192.633182658464 574.081250597713
1743000 193.837861168118 187.802254081017 192.771648841219 574.411764090354
1744000 193.945346750615 187.903979817991 192.872036125325 574.721362693932
1745000 194.073401968987 187.935867027884 192.95886111887 574.96813011574
1746000 194.182669332384 188.103051670203 193.028176959255 575.313897961841
1747000 194.337104253707 188.197439943024 193.151376305222 575.685920501953
1748000 194.45798267148 188.334069904504 193.3221047263 576.114157302284
1749000 194.552129357649 188.495432625451 193.360394356383 576.407956339482
1750000 194.623011539051 188.575869150224 193.518161932021 576.717042621295
1751000 194.696775094592 188.696215116455 193.674176392952 577.067166603999
1752000 194.809955389869 188.817415113964 193.739981738239 577.367352242072
1753000 194.920661398702 188.886495509383 193.905489402969 577.712646311054
1754000 195.065431439405 188.970359023184 194.065022384955 578.100812847544
1755000 195.119414077922 189.053834206506 194.148029311025 578.321277595454
1756000 195.253787359882 189.12093684364 194.294451301178 578.6691755047
1757000 195.33908973391 189.274938760353 194.449050964555 579.063079458818
1758000 195.483548732479 189.428203772894 194.572217869254 579.483970374627
1759000 195.623934776184 189.522050179163 194.669805879395 579.815790834743
1760000 195.636762427987 189.651735286274 194.722576639355 580.011074353615
1761000 195.838010847726 189.714028503292 194.862413936317 580.414453287334
1762000 195.954564579729 189.826344794859 194.973759493304 580.754668867892
1763000 196.112300270711 189.943360729134 195.098382209102 581.154043208947
1764000 196.240683017044 190.024798093322 195.187410607672 581.452891718038
1765000 196.351797025871 190.128613710992 195.286502374057 581.76691311092
1766000 196.43186342803 190.246973819917 195.401752037085 582.080589285032
1767000 196.519746417402 190.35764291104 195.548327406022 582.425716734464
1768000 196.677059516976 190.492558431524 195.609402082582 582.779020031083
1769000 196.741687376536 190.635203547345 195.681871582056 583.058762505937
1770000 196.820061567753 190.68759794814 195.827175118085 583.334834633978
1771000 196.927684176833 190.777332770177 196.006094869838 583.711111816849
1772000 197.114972610862 190.869530913566 196.08280357555 584.067307099978
1773000 197.213246188701 191.012441919083 196.152458769785 584.37814687757
1774000 197.34783463861 191.115866068663 196.268918778309 584.732619485582
1775000 197.478202417261 191.213447202786 196.407633078794 585.09928269884
1776000 197.579742309191 191.265135977875 196.492817244444 585.337695531511
1777000 197.700662877415 191.384447208446 196.627585309334 585.712695395194
1778000 197.780380046203 191.496531029344 196.741454518044 586.018365593591
1779000 197.890672938582 191.613334204823 196.8368284213 586.340835564705
1780000 197.992083826467 191.795113025972 196.920609684373 586.707806536811
1781000 198.087756810407 191.929683223679 197.01240447209 587.029844506176
1782000 198.238138765595 192.030259100337 197.141178625168 587.4095764911
1783000 198.299833658143 192.197323077052 197.201820687905 587.6989774231
1784000 198.429877750517 192.29837416832 197.358772388165 588.087024307001
1785000 198.580267009053 192.378818700548 197.450139447498 588.409225157099
1786000 198.611558954435 192.461565488702 197.451085951714 588.524210394851
1787000 198.739848179698 192.531806135347 197.617042804036 588.888697119081
1788000 198.930582250029 192.667597580559 197.726784804742 589.32496463533
1789000 199.002447278043 192.702313583232 197.800906966942 589.505667828217
1790000 199.103042441868 192.834644577274 197.912638123042 589.850325142184
1791000 199.233038512533 192.920924203041 197.973535107912 590.127497823486
1792000 199.361145722701 192.974599458242 198.13865551322 590.474400694163
1793000 199.484647006863 193.114549323017 198.176512268572 590.775708598453
1794000 199.578434504233 193.172104544467 198.261685077693 591.012224126394
1795000 199.647633011352 193.25774383238 198.331941114319 591.237317958051
1796000 199.788358108228 193.332642961782 198.505223516552 591.626224586562
1797000 199.906369886714 193.513790111511 198.566832409034 591.986992407259
1798000 199.999910906708 193.678287695756 198.698367238408 592.376565840872
1799000 200.114988136948 193.763063520728 198.813127285865 592.691178943541
1800000 200.252934641357 193.883128606994 198.936487559212 593.072550807563
1801000 200.309885697835 194.026500039747 199.014954659354 593.351340396935
1802000 200.365040870565 194.194989605109 199.119817601095 593.679848076769
1803000 200.453644191807 194.2314745287 199.190659257312 593.87577797782
1804000 200.674666715315 194.269029170643 199.252339696495 594.196035582454
1805000 200.752046927506 194.364615167704 199.398033203392 594.514695298602
1806000 200.867925325169 194.495960747909 199.509862193494 594.873748266572
1807000 201.000875149489 194.537456606749 199.622651387106 595.160983143345
1808000 201.115155685042 194.689820935672 199.72557079744 595.530547418154
1809000 201.186751313184 194.746234356855 199.801366914809 595.734352584847
1810000 201.369007024219 194.852869489938 199.862123136622 596.083999650779
1811000 201.347677724273 194.990550268509 199.964132521499 596.302360514281
1812000 201.444067064605 195.035608480322 200.098708714966 596.578384259893
1813000 201.53374210049 195.226210049664 200.223614255607 596.983566405761
1814000 201.599717433509 195.280395377145 200.399756008443 597.279868819098
1815000 201.731255438348 195.308788024091 200.513709173918 597.553752636357
1816000 201.86375806256 195.456115884598 200.661341812704 597.981215759862
1817000 201.977640816109 195.539212052317 200.750330447796 598.267183316222
1818000 202.096418814054 195.65876393047 200.850971581059 598.606154325584
1819000 202.179151392088 195.777549507479 200.978733443659 598.935434343227
1820000 202.267432810198 195.869012984385 201.061905507246 599.198351301829
1821000 202.399534809121 195.998310211053 201.215636548827 599.613481569002
1822000 202.53935742624 196.082214918419 201.233972741188 599.855545085846
1823000 202.638168722663 196.218082694836 201.369569871091 600.22582128859
1824000 202.72098694279 196.335512635503 201.494289782497 600.550789360791
1825000 202.832777330905 196.532120691483 201.562590367032 600.92748838942
1826000 202.913925638274 196.588839102446 201.709394065731 601.212158806451
1827000 202.993321997829 196.655532697185 201.781432547391 601.430287242405
1828000 203.090894538549 196.747514783209 201.898896260794 601.737305582553
1829000 203.196664406495 196.861449624257 202.036821303265 602.094935334017
1830000 203.307432407081 196.945157746341 202.118659874078 602.371250027501
1831000 203.401924441473 197.065748274759 202.293895414434 602.761568130666
1832000 203.45490556507 197.154222196994 202.403253339039 603.012381101104
1833000 203.558128410746 197.256355124924 202.454868097519 603.26935163319
1834000 203.644854116317 197.408854289786 202.518729922406 603.572438328509
1835000 203.695431549092 197.526821347159 202.690808156758 603.913061053009
1836000 203.851033573858 197.615912088786 202.83566583754 604.302611500184
1837000 204.007925713136 197.725542421197 202.917770839393 604.651238973725
1838000 204.054894204534 197.75310743684 203.029114644473 604.837116285847
1839000 204.246776494135 197.869522008178 203.148046555714 605.264345058027
1840000 204.37476265337 197.92018906513 203.227976649164 605.522928367664
1841000 204.446107153475 198.07124001277 203.335741110115 605.85308827636
1842000 204.6205013706 198.143956907211 203.405900354511 606.170358632323
1843000 204.655350585964 198.31469961252 203.471191209233 606.441241407716
1844000 204.768550685379 198.426142341765 203.586498471135 606.781191498279
1845000 204.910917446968 198.503978762335 203.666490248871 607.081386458174
1846000 205.0728328825 198.59036830924 203.773725076133 607.436926267873
1847000 205.176833242639 198.716652077058 203.808224855406 607.701710175104
1848000 205.312091771126 198.822408132241 203.921460819784 608.05596072315
1849000 205.348893787788 198.877979853491 203.954079519163 608.180953160443
1850000 205.428777777067 198.976493699875 204.060838585109 608.466110062051
1851000 205.572379145408 199.090974194578 204.171733302319 608.835086642305
1852000 205.682128484472 199.177130178584 204.356431001434 609.21568966449
1853000 205.754467060217 199.220932104474 204.461809874077 609.437209038768
1854000 205.829580775395 199.307129696336 204.539715436268 609.676425908
1855000 205.924794434253 199.407981524331 204.630260009588 609.963035968172
1856000 206.068989064988 199.49517166718 204.798445179842 610.36260591201
1857000 206.134132513495 199.497161062862 204.886947829313 610.51824140567
1858000 206.198309372487 199.565106655054 204.970660846455 610.734076873995
1859000 206.363977612205 199.65335088752 205.09558257991 611.112911079635
1860000 206.474950029933 199.717166759969 205.1120662147 611.304183004603
1861000 206.614769716541 199.790923667406 205.248543358354 611.654236742301
1862000 206.737733060323 199.945285970539 205.355443054891 612.038462085754
1863000 206.835818305896 200.024288141366 205.445541572984 612.305648020247
1864000 206.959928798272 200.12266122961 205.584887186424 612.667477214306
1865000 207.047646922559 200.195732981298 205.71871498369 612.962094887548
1866000 207.161969876392 200.334560254365 205.725364663464 613.221894794221
1867000 207.28763872247 200.46896250066 205.874567061546 613.631168284677
1868000 207.467856578431 200.596149876032 205.968171910756 614.032178365219
1869000 207.616424942472 200.720914875571 206.107770342962 614.445110161005
1870000 207.694532111332 200.850735682006 206.172595249807 614.717863043145
1871000 207.784322502361 200.947757143769 206.349817043126 615.081896689256
1872000 207.921505982205 201.045698775276 206.400026320882 615.367231078362
1873000 207.998024487931 201.112656898181 206.525814306118 615.63649569223
1874000 208.08244845263 201.286017482193 206.631510896976 615.999976831799
1875000 208.193982699011 201.320729046429 206.652684843211 616.167396588651
1876000 208.267975298201 201.480255101857 206.743429841448 616.491660241506
1877000 208.388948327372 201.542640687105 206.898232101245 616.829821115721
1878000 208.439156661393 201.622980628693 207.003357833129 617.065495123215
1879000 208.602646487474 201.668485084733 207.144181818995 617.415313391201
1880000 208.743300079591 201.820325396722 207.265179972918 617.828805449232
1881000 208.809189718929 201.931570603203 207.274277006196 618.015037328329
1882000 208.891520238826 201.979924682111 207.416820429511 618.288265350448
1883000 208.991120098085 202.170976382036 207.443993395421 618.606089875542
1884000 209.071145428788 202.257307205599 207.54386432683 618.872316961217
1885000 209.141639293216 202.378276012011 207.682529905508 619.202445210735
1886000 209.254016172966 202.428123933291 207.825207299851 619.507347406108
1887000 209.342800123931 202.57574776131 207.947568478057 619.866116363297
1888000 209.408325377627 202.667773195298 208.024515724127 620.100614297052
1889000 209.570127320121 202.740850741926 208.141168977856 620.452147039903
1890000 209.690205425915 202.821686801768 208.29760470677 620.809496934453
1891000 209.739722109485 202.882218740417 208.362966836294 620.984907686195
1892000 209.936289097268 203.063282171129 208.479033328179 621.478604596576
1893000 210.028465194698 203.138360817857 208.62619528151 621.793021294064
1894000 210.190364607817 203.222126584484 208.730961759828 622.143452952128
1895000 210.274319017223 203.350767788539 208.837126066136 622.462212871898
1896000 210.419521505521 203.478995611744 208.975086385178 622.873603502443
1897000 210.578134314134 203.54708233114 209.080237030638 623.205453675912
1898000 210.672354119554 203.704875064436 209.25215112824 623.62938031223
1899000 210.743320334525 203.7788136193 209.292832817654 623.81496677148
1900000 210.948189694468 203.946839525298 209.417118888002 624.312148107767
1901000 211.05392456821 203.94788075188 209.541461311084 624.543266631174
1902000 211.248051147098 204.026643559062 209.635942010093 624.910636716253
1903000 211.30878540472 204.188265968714 209.7383011985 625.235352571935
1904000 211.437482528949 204.273219904668 209.866908765865 625.577611199482
1905000 211.66483209139 204.413142858504 209.950869078213 626.028844028107
1906000 211.734960817556 204.515979505563 210.054069094334 626.305009417452
1907000 211.82365884966 204.620140543004 210.143639709928 626.587439102592
1908000 212.010264217261 204.728446567729 210.274160935024 627.012871720015
1909000 212.110419843468 204.89990569234 210.360328214352 627.37065375016
1910000 212.155007349228 205.003567147622 210.454724016105 627.613298512955
1911000 212.263294281286 205.149531951782 210.57275061226 627.985576845327
1912000 212.36665823446 205.281056084036 210.686353770949 628.334068089445
1913000 212.540126733734 205.397662462555 210.747198843572 628.684988039861
1914000 212.638874613034 205.488858126783 210.885110695585 629.012843435402
1915000 212.737944669489 205.573249472344 210.941474543096 629.25266868493
1916000 212.877490415307 205.686963631285 211.027785655414 629.592239702006
1917000 212.957190364522 205.693657497141 211.081907078929 629.732754940592
1918000 213.087521180473 205.837757775168 211.247676148485 630.172955104126
1919000 213.214845808677 205.868349506747 211.30599667241 630.389191987835
1920000 213.312848217073 206.032226118328 211.458125312637 630.803199648038
1921000 213.398257787354 206.024108957861 211.582833772735 631.005200517949
1922000 213.473552399068 206.180518810682 211.593671894386 631.247743104137
1923000 213.572217597111 206.250194546043 211.696081641046 631.518493784201
1924000 213.676071021383 206.389136017905 211.773393730516 631.838600769805
1925000 213.745361895133 206.456978417035 211.889127252741 632.09146756491
1926000 213.891661438336 206.541921840571 212.019091206499 632.452674485406
1927000 213.991403824387 206.70199196183 212.092660149314 632.786055935532
1928000 214.137078603497 206.737554366406 212.226351641982 633.100984611885
1929000 214.226057959009 206.867118113748 212.296628437333 633.38980451009
1930000 214.288920445662 206.997250265668 212.355103798744 633.641274510073
1931000 214.44269011648 207.03164085229 212.45045825814 633.92478922691
1932000 214.482040122277 207.117056070281 212.534238548933 634.13333474149
1933000 214.591161467837 207.240690683274 212.706665521286 634.538517672397
1934000 214.722027918531 207.365005367939 212.780903343104 634.867936629573
1935000 214.765750232123 207.455456936223 212.810746096064 635.031953264411
1936000 214.906894326285 207.584082613648 212.964443709506 635.45542064944
1937000 215.057433021357 207.646907184175 213.062170530058 635.766510735591
1938000 215.255908023381 207.741688865218 213.188547735873 636.186144624471
1939000 215.397802983885 207.891319569747 213.314115698922 636.603238252554
1940000 215.441293598008 207.895017381074 213.378809589012 636.715120568093
1941000 215.59358566576 207.938236458704 213.497906001644 637.029728126108
1942000 215.738600585712 208.16315202593 213.640140613629 637.541893225272
1943000 215.805842112581 208.181069611661 213.745305246465 637.732216970707
1944000 215.942755237885 208.232814342998 213.811328153153 637.986897734036
1945000 216.133627106972 208.350834195366 213.98691352942 638.471374831757
1946000 216.149940447799 208.408757279756 214.050682966323 638.609380693878
1947000 216.287087301731 208.510611423073 214.111713602479 638.909412327283
1948000 216.377220407026 208.599567979063 214.303391590316 639.280179976404
1949000 216.495121197003 208.640423987206 214.434134697438 639.569679881647
1950000 216.57400302983 208.770972606463 214.479853185824 639.824828822117
1951000 216.693314987594 208.932496197456 214.524395482413 640.150206667462
1952000 216.737110891962 208.969418690379 214.616941732739 640.32347131508
1953000 216.821890200821 209.051332310698 214.746899369903 640.620121881422
1954000 216.971853454518 209.235313185531 214.815199452046 641.022366092095
1955000 217.072947397711 209.332952293283 214.898422548231 641.304322239225
1956000 217.135301961867 209.457633493825 215.020901461415 641.613836917107
1957000 217.160061807238 209.556727338943 215.097470194353 641.814259340533
1958000 217.294084388932 209.664899255538 215.177949810589 642.13693345506
1959000 217.455126091445 209.793841945477 215.291945873929 642.54091391085
1960000 217.560491385562 209.883162851662 215.472917462451 642.916571699674
1961000 217.713188105176 210.009251804525 215.60244519278 643.324885102481
1962000 217.764813969479 210.077003307473 215.666312798011 643.508130074963
1963000 217.970979163075 210.231118154165 215.747474672831 643.949571990072
1964000 218.102250807826 210.320948671517 215.824354751463 644.247554230806
1965000 218.180748544435 210.438076472066 215.949183780934 644.568008797435
1966000 218.281076590511 210.452138667091 216.016209797663 644.749425055266
1967000 218.390767454135 210.661575250809 216.165517877895 645.21786058284
1968000 218.528764071364 210.713525047202 216.264678548041 645.506967666606
1969000 218.640291365872 210.892183805161 216.429958593052 645.962433764084
1970000 218.70679879705 210.965976700055 216.532214771335 646.20499026844
1971000 218.826008609002 211.064795814975 216.676204265216 646.567008689193
1972000 218.908949932707 211.221293359367 216.763212391107 646.89345568318
1973000 219.082937976304 211.31818675841 216.927415349888 647.328540084602
1974000 219.157925269684 211.475620444857 217.115466899343 647.749012613883
1975000 219.237391885488 211.590978666532 217.26454275159 648.09291330361
1976000 219.376408612712 211.659572835122 217.338175810593 648.374157258427
1977000 219.50562450722 211.770082837875 217.406667468857 648.682374813953
1978000 219.672206570012 211.845363215349 217.508088810102 649.025658595463
1979000 219.684982720463 212.044791694005 217.621903637484 649.351678051953
1980000 219.800874829416 212.121274665426 217.801664606482 649.723814101324
1981000 219.910654079458 212.165781871919 217.870238908766 649.946674860143
1982000 219.879919851574 212.264588945029 217.96485925958 650.109368056184
1983000 220.025421293028 212.354730369888 218.160028965789 650.540180628706
1984000 220.193784644864 212.486594829098 218.280185707171 650.960565181132
1985000 220.232238298262 212.578525234207 218.353632650686 651.164396183156
1986000 220.336548556975 212.714271495247 218.516367842195 651.567187894416
1987000 220.465388738108 212.906549157184 218.610025058763 651.981962954055
1988000 220.572789545782 212.948817850659 218.647106892605 652.168714289045
1989000 220.700139209999 213.06732582334 218.754451193073 652.521916226412
1990000 220.75505267435 213.213294636752 218.862702687232 652.831049998334
1991000 220.817934681653 213.276155814295 219.042915376491 653.137005872439
1992000 220.950008364166 213.365340841671 219.116898869329 653.432248075166
1993000 221.097764215256 213.49727825549 219.232332704873 653.827375175619
1994000 221.126861343681 213.648896396466 219.292720424307 654.068478164454
1995000 221.177925091191 213.770266824451 219.443092995701 654.391284911343
1996000 221.323387676517 213.866965447746 219.55761492923 654.747968053493
1997000 221.431109570209 214.036932832458 219.575196868933 655.043239271599
1998000 221.544873602001 214.053674966318 219.693879873253 655.292428441572
1999000 221.657819210828 214.207291794111 219.760243822756 655.625354827694
2000000 221.804631843022 214.343733272828 219.912248710761 656.060613826611
2001000 221.921083675345 214.468243292537 220.012870194199 656.402197162081
2002000 221.989143979667 214.555375355804 220.093501681534 656.638021017005
2003000 222.148446531859 214.640740208798 220.210382932298 656.999569672955
2004000 222.200059408406 214.722876153652 220.353104020532 657.276039582589
2005000 222.337375988898 214.821091665921 220.440386137004 657.598853791823
2006000 222.506848936678 214.922679448151 220.551854130413 657.981382515242
2007000 222.567753107389 215.107902175419 220.685191352095 658.360846634902
2008000 222.708446979636 215.217968965397 220.848116296009 658.774532241042
2009000 222.795190038614 215.336648568699 220.913740085953 659.045578693265
2010000 222.906161226925 215.402254023169 220.967341417095 659.275756667188
2011000 222.981000541446 215.56639721957 221.041013997118 659.588411758135
2012000 223.134057161829 215.704515417505 221.211095710029 660.049668289363
2013000 223.290496583344 215.79344520943 221.298957102653 660.382898895428
2014000 223.340694104309 215.951757224183 221.391202700626 660.683654029118
2015000 223.52561214571 216.015870467841 221.517597321543 661.059079935094
2016000 223.561481195941 216.202691501666 221.587083743743 661.351256441349
2017000 223.67719553325 216.314889131677 221.695346639939 661.687431304865
2018000 223.772617103454 216.353852932984 221.809450579382 661.935920615819
2019000 223.87063018763 216.480021579116 221.925996599847 662.276648366592
2020000 223.955023203343 216.563191259987 222.020047606949 662.538262070279
2021000 224.030373310741 216.671028103313 222.143263213737 662.84466462779
2022000 224.110579362873 216.761639795428 222.179141735542 663.051360893843
2023000 224.307360712064 216.890653652604 222.227263396637 663.425277761305
2024000 224.419021972191 216.991305123531 222.31902643049 663.729353526213
2025000 224.609290293028 217.093292056844 222.410260104385 664.112842454258
2026000 224.656103105541 217.291204928611 222.593802564375 664.541110598527
2027000 224.805108758661 217.395867790042 222.670647400306 664.87162394901
2028000 224.881867234156 217.457447844287 222.815596416562 665.154911495006
2029000 224.936161931023 217.568629890237 222.880983332093 665.385775153352
2030000 225.022384484235 217.681792657742 222.944258167322 665.6484353093
2031000 225.200030774928 217.725112053292 223.014772233963 665.939915062183
2032000 225.254262789751 217.848133395424 223.181456050709 666.283852235884
2033000 225.351391102864 218.037012937416 223.286806504459 666.675210544739
2034000 225.415324704232 218.084980511689 223.350197540717 666.850502756638
2035000 225.590728955067 218.194420349934 223.50934055617 667.294489861171
2036000 225.644030372985 218.288883632398 223.631695200236 667.564609205619
2037000 225.845575300494 218.362123383191 223.760104400102 667.967803083787
2038000 225.921044531667 218.494262384816 223.901006092139 668.316313008623
2039000 225.971554622829 218.58884862153 223.965685542984 668.526088787342
2040000 226.095210345825 218.792598248672 224.12689188673 669.014700481228
2041000 226.236404754589 218.943463177353 224.294114466369 669.473982398311
2042000 226.382105785815 219.021558730033 224.35446320035 669.758127716198
2043000 226.509224126469 219.132764829605 224.508553161678 670.150542117751
2044000 226.623191609028 219.245511988194 224.603194749877 670.471898347099
2045000 226.738247942348 219.412929959217 224.735871874922 670.887049776488
2046000 226.888026812947 219.549961614512 224.845981119078 671.283969546537
2047000 226.991254420484 219.521352525976 224.941920984776 671.454527931236
2048000 227.082668859265 219.63742322422 225.03790199028 671.757994073765
2049000 227.159085412695 219.792946573578 225.178939185728 672.130971172001
2050000 227.368632332465 219.879760924668 225.291237360961 672.539630618095
2051000 227.430717656965 220.037753790918 225.40104989431 672.869521342193
2052000 227.580946531856 220.072031105836 225.491394230974 673.144371868666
2053000 227.713584661015 220.260276367609 225.563115409335 673.536976437959
2054000 227.806254861083 220.302788523746 225.660270630716 673.769314015545
2055000 227.86591354297 220.462180617182 225.80994581002 674.138039970172
2056000 227.990191973583 220.556966290153 225.947801974612 674.494960238349
2057000 228.153721676597 220.694059289323 226.06575165895 674.91353262487
2058000 228.237920178636 220.794729455664 226.191604927247 675.224254561547
2059000 228.308237004402 220.879352615548 226.264325135846 675.451914755796
2060000 228.430218253497 221.026229739475 226.345177979016 675.801625971988
2061000 228.58367402031 221.166032848825 226.32749784388 676.077204713015
2062000 228.695329216646 221.274928144041 226.48524082524 676.455498185927
2063000 228.767699337237 221.379081142294 226.593216272472 676.739996752003
2064000 228.90868460612 221.442124104567 226.61267659736 676.963485308047
2065000 229.011767338853 221.54366374033 226.774046879848 677.329477959031
2066000 229.183111591814 221.625663954766 226.849540119004 677.658315665585
2067000 229.256370232443 221.736020870177 226.958830303834 677.951221406454
2068000 229.365224887767 221.897696432154 227.056858131989 678.31977945191
2069000 229.407761794677 221.972287901481 227.144237750177 678.524287446335
2070000 229.49132225172 222.026839168041 227.250919326034 678.769080745795
2071000 229.669264189328 222.142772931735 227.34348871512 679.155525836183
2072000 229.850552236546 222.247954479404 227.462579254633 679.561085970583
2073000 229.987542448502 222.412410197698 227.578239088272 679.978191734471
2074000 230.12154050078 222.549735495331 227.698720726979 680.36999672309
2075000 230.214037443342 222.615957394682 227.680837719923 680.510832557948
2076000 230.294257936176 222.708248517607 227.793138309197 680.79564476298
2077000 230.403871185192 222.730953207866 227.932919012132 681.06774340519
2078000 230.525929070201 222.825689864925 228.066569446783 681.418188381908
2079000 230.601655111584 222.940507673856 228.110884045657 681.653046831097
2080000 230.715115748021 223.054433924832 228.139939947765 681.909489620618
2081000 230.817976330895 223.16707206533 228.337102142865 682.32215053909
2082000 230.920466613662 223.247885651431 228.418613878543 682.586966143636
2083000 231.060498621892 223.42661199769 228.541985687937 683.029096307519
2084000 231.127741135025 223.521243593401 228.615652109552 683.264636837978
2085000 231.22590523548 223.611293818998 228.729764427824 683.566963482303
2086000 231.321181649631 223.736902408442 228.826751622836 683.884835680909
2087000 231.374162061012 223.861859075589 228.895040778596 684.131061915197
2088000 231.521323789977 223.946246214322 228.9919722547 684.459542258998
2089000 231.638692222339 224.013840126509 229.188269236409 684.840801585257
2090000 231.721847270662 224.09267630147 229.317514938785 685.132038510916
2091000 231.77705968463 224.213050901802 229.445422747451 685.435533333883
2092000 231.896404317146 224.376149150067 229.527129314078 685.799682781291
2093000 232.005764272695 224.49705738029 229.625084639121 686.127906292106
2094000 232.094361683902 224.553808139302 229.763918598121 686.412088421325
2095000 232.148222915656 224.712715225821 229.855130176472 686.716068317949
2096000 232.268180321617 224.811235992395 229.913324169798 686.99274048381
2097000 232.344006932667 224.866464049739 230.031229895975 687.241700878381
2098000 232.463198012989 225.014933682207 230.131168030718 687.609299725913
2099000 232.585527347562 225.098029944183 230.287618651023 687.971175942768
2100000 232.685487746171 225.176057283471 230.376420664589 688.237965694232
2101000 232.837858620046 225.297044788085 230.449684274772 688.584587682903
2102000 233.004741834962 225.36684712782 230.637691757685 689.009280720468
2103000 233.088037214445 225.488589453968 230.772204907198 689.34883157561
2104000 233.155855794696 225.626479950747 230.870634340151 689.652970085595
2105000 233.336092494462 225.736337075442 231.018485678957 690.090915248862
2106000 233.322294155515 225.797380420209 231.105253669963 690.224928245686
2107000 233.477996743057 225.891993491705 231.201838963442 690.571829198204
2108000 233.622249208182 225.997231211401 231.282544311458 690.902024731041
2109000 233.715315340929 226.151008408116 231.435276740898 691.301600489943
2110000 233.772160643501 226.196350965662 231.576048230852 691.544559840015
2111000 233.944792981796 226.307067377165 231.753670535958 692.00553089492
2112000 234.063142065154 226.359488820318 231.837979312198 692.26061019767
2113000 234.230794403844 226.478666543456 231.890995170356 692.600456117656
2114000 234.316776904564 226.520454420591 232.028682332682 692.865913657837
2115000 234.474183695574 226.641518101588 232.078104892992 693.193806690154
2116000 234.581813017197 226.776359298537 232.258800093194 693.616972408927
2117000 234.65358875491 226.930163791692 232.31906453559 693.902817082193
2118000 234.754005686024 226.98220199761 232.375926163989 694.112133847623
2119000 234.888093562116 227.101959954634 232.473485331353 694.463538848104
2120000 234.95111756593 227.182262035881 232.611893321318 694.745272923129
2121000 235.022643961817 227.268805838915 232.704063343254 694.995513143986
2122000 235.091441643915 227.360516205416 232.862551592146 695.314509441477
2123000 235.154846305712 227.420621410642 232.965249420221 695.540717136575
2124000 235.277267520685 227.588916070375 233.001231298734 695.867414889794
2125000 235.418347618071 227.655456448887 233.074522933799 696.148327000756
2126000 235.537356896646 227.764803072704 233.248260780469 696.550420749818
2127000 235.573959894461 227.831590336595 233.340588513996 696.746138745052
2128000 235.7053732567 227.935796012373 233.465385488129 697.106554757203
2129000 235.848315565251 228.059765159465 233.577879944701 697.485960669416
2130000 235.915646191036 228.086887012783 233.720842183185 697.723375387004
2131000 235.961611812041 228.134270967706 233.829340998055 697.925223777803
2132000 236.169152096562 228.1908042932 234.004907382685 698.364863772447
2133000 236.255518002183 228.249460893807 234.038918078222 698.543896974212
2134000 236.379873286911 228.368226400343 234.096983537968 698.845083225221
2135000 236.523693638705 228.515920998901 234.161227012872 699.200841650477
2136000 236.578209234143 228.62518912819 234.293237111684 699.496635474017
2137000 236.702113504935 228.706242348852 234.40133117088 699.809687024666
2138000 236.750342986284 228.797864501537 234.453023016848 700.001230504668
2139000 236.860682633715 228.853025595976 234.623117545936 700.336825775628
2140000 236.961581426708 228.93747108651 234.663674519193 700.562727032411
2141000 237.093553123718 229.072346469817 234.775009909393 700.940909502928
2142000 237.23143657464 229.183155557949 234.865046458014 701.279638590604
2143000 237.363094750044 229.308466583408 234.968669414511 701.640230747963
2144000 237.527222153665 229.392638426908 235.054778109926 701.974638690498
2145000 237.674448643228 229.474599521163 235.171877884731 702.320926049121
2146000 237.806840952658 229.598525901726 235.289490704483 702.694857558866
2147000 238.004875159418 229.764426661979 235.298234458388 703.067536279785
2148000 238.19015181026 229.802366953953 235.492228027984 703.484746792197
2149000 238.302334178639 229.938856999562 235.576610466429 703.81780164463
2150000 238.446413589 230.042349557332 235.732246798047 704.221009944379
2151000 238.529626199776 230.244659170602 235.819613108297 704.593898478676
2152000 238.678518781832 230.278153659374 235.959929890291 704.916602331498
2153000 238.773516122582 230.466166544233 236.11665510388 705.356337770695
2154000 238.883687060379 230.571615712185 236.210775725622 705.666078498186
2155000 239.021533741292 230.642267341385 236.335004092963 705.99880517564
2156000 239.087112918056 230.807376306752 236.508284325838 706.402773550646
2157000 239.290878388416 230.908497132636 236.587480999616 706.786856520668
2158000 239.396469701533 230.976464049636 236.613691824478 706.986625575646
2159000 239.515871372983 231.043666827317 236.7070576074 707.2665958077
2160000 239.673195015053 231.12502812835 236.792395626631 707.590618770033
2161000 239.673776648297 231.224736016492 236.926996776563 707.825509441352
2162000 239.894817948163 231.359619568474 237.010104455411 708.264541972048
2163000 240.002424883625 231.36422099307 237.003009100104 708.3696549768
2164000 240.082221063045 231.530447789179 237.098268105077 708.710936957301
2165000 240.149088111179 231.660017507956 237.169579702314 708.978685321449
2166000 240.22740696911 231.788180750672 237.323824247394 709.339411967177
2167000 240.380120152451 231.925620345235 237.448871428943 709.754611926629
2168000 240.534062826936 232.010572144658 237.465114765046 710.009749736641
2169000 240.587708772817 232.212064279958 237.529319384132 710.329092436907
2170000 240.731679553842 232.241040549525 237.625467179313 710.598187282681
2171000 240.763386860372 232.352007390445 237.730718928784 710.846113179601
2172000 240.871286280056 232.460055694109 237.737053564332 711.068395538498
2173000 241.006974567184 232.561484394079 237.901682022716 711.47014098398
2174000 241.180218589603 232.587056633611 237.972107692337 711.739382915551
2175000 241.281818953155 232.675112455421 237.992161044291 711.949092452867
2176000 241.365870506142 232.757844634928 238.132990259911 712.256705400981
2177000 241.564058487107 232.811997133542 238.205156514291 712.58121213494
2178000 241.686712483816 233.022734554854 238.35074569407 713.06019273274
2179000 241.778991557619 232.987446010369 238.323381778701 713.08981934669
2180000 241.866105616631 233.146891710206 238.449640721275 713.462638048112
2181000 241.958888310138 233.234839480468 238.524243604051 713.717971394657
2182000 242.069722667413 233.319549591619 238.573408649857 713.962680908889
2183000 242.172353702581 233.46841924648 238.664088391346 714.304861340408
2184000 242.237645246295 233.614420524287 238.850691564655 714.702757335237
2185000 242.438718039572 233.680287045517 238.931847775431 715.05085286052
2186000 242.525031383265 233.768975609125 239.040229773351 715.334236765741
2187000 242.687626095575 233.866443428888 239.14527902702 715.699348551483
2188000 242.809426049256 234.00257525549 239.272459514011 716.084460818758
2189000 242.892965582063 234.046186356566 239.315567524095 716.254719462725
2190000 243.038069017519 234.124715416659 239.460349655032 716.623134089209
2191000 243.081424356722 234.180427993495 239.576068692355 716.837921042572
2192000 243.269260779725 234.344692639102 239.717234204718 717.331187623545
2193000 243.269420489352 234.443315155686 239.809451809883 717.522187454921
2194000 243.392946260716 234.478074183137 239.954406592864 717.825427036717
2195000 243.534244680316 234.636290948284 240.006394975883 718.176930604483
2196000 243.606670499449 234.748142795933 240.116383780876 718.471197076258
2197000 243.721393716939 234.805349945835 240.109704307647 718.636447970422
2198000 243.831092594133 234.960296552001 240.24711725788 719.038506404014
2199000 243.952623340544 235.027814814666 240.315264954455 719.295703109665
2200000 244.056386302099 235.067657418808 240.364707147724 719.488750868631
2201000 244.204845277356 235.170489806224 240.471100064895 719.846435148475
2202000 244.304106940008 235.296181068606 240.582860369398 720.183148378012
2203000 244.456032707761 235.423930692067 240.691654579728 720.571617979556
2204000 244.571692842748 235.545101922633 240.867383882355 720.984178647736
2205000 244.728170483532 235.761359326478 241.034464415679 721.523994225689
2206000 244.780991739528 235.862015495254 241.095122703511 721.738129938293
2207000 244.796625367686 235.896100739185 241.244198374987 721.936924481858
2208000 244.980791050709 235.954477404019 241.355024689506 722.290293144234
2209000 245.069412968327 236.067510586152 241.342268084687 722.479191639166
2210000 245.192864915927 236.236241621083 241.477109818822 722.906216355833
2211000 245.359408884873 236.373954721888 241.481517718056 723.214881324817
2212000 245.433167321815 236.563928278634 241.662075568823 723.659171169272
2213000 245.481915205585 236.694149960188 241.78400665871 723.960071824483
2214000 245.611164645014 236.787458941519 241.92302192729 724.321645513823
2215000 245.725656102721 236.937778303274 242.013974529805 724.6774089358
2216000 245.875304062227 237.022836028813 242.148005000877 725.046145091917
2217000 245.913981935703 237.186515770384 242.252486097986 725.352983804074
2218000 245.994279521569 237.183365775979 242.297771324008 725.475416621556
2219000 246.043609309378 237.345347801925 242.345164015498 725.734121126802
2220000 246.192401834624 237.386905853134 242.552097025165 726.131404712923
2221000 246.301199143799 237.565758387446 242.668259054729 726.535216585975
2222000 246.36372337286 237.587282982741 242.846646644199 726.797652999801
2223000 246.511759006746 237.662614363003 242.949054342556 727.123427712304
2224000 246.568439747527 237.822892656895 243.138455755995 727.529788160417
2225000 246.737881164961 237.858833829273 243.221580402029 727.818295396263
2226000 246.803525732647 237.984853928941 243.360141298425 728.148520960014
2227000 246.854431744154 238.110371522698 243.468987839831 728.433791106683
2228000 246.995847881687 238.174697304334 243.549275041922 728.719820227943
2229000 247.077974376835 238.296857700971 243.618406394611 728.993238472417
2230000 247.207088443097 238.520834896502 243.665747844447 729.393671184046
2231000 247.322186784272 238.596861396553 243.791961063061 729.711009243886
2232000 247.451193877294 238.66358191098 243.875653876323 729.990429664597
2233000 247.486662074544 238.795678068494 243.964161289365 730.246501432402
2234000 247.647162506924 238.810302735259 244.098002108437 730.55546735062
2235000 247.677336152331 239.007466498299 244.191128928775 730.875931579405
2236000 247.776754556915 239.078387731769 244.336800187541 731.191942476225
2237000 247.814888227663 239.118820857241 244.40549120481 731.339200289714
2238000 247.896571335072 239.251070887922 244.489163747098 731.636805970092
2239000 248.125116659434 239.367120515888 244.672535519906 732.164772695228
2240000 248.238326057936 239.523350713802 244.770362351461 732.532039123199
2241000 248.359989923836 239.594588040788 244.856457448958 732.811035413581
2242000 248.418156937683 239.668671319725 244.970155972571 733.056984229979
2243000 248.598658869317 239.892898109358 245.06065354386 733.552210522534
2244000 248.734955901102 240.038172335478 245.197866358375 733.970994594955
2245000 248.830780461366 240.103376999689 245.264723233626 734.198880694681
2246000 249.01442711811 240.226118211607 245.40869866036 734.649243990078
2247000 249.070009690302 240.303940397419 245.456927556744 734.830877644465
2248000 249.145970596158 240.47236072017 245.522944575746 735.141275892074
2249000 249.217697758773 240.553709460731 245.639540647246 735.41094786675
2250000 249.331744526433 240.631646603275 245.77180683996 735.735197969668
2251000 249.446802255226 240.759232760319 245.773279187905 735.97931420345
2252000 249.556328657803 240.869700438629 245.88715541346 736.313184509892
2253000 249.652504330966 240.966247598989 246.040074981673 736.658826911628
2254000 249.7415844911 241.058636248018 246.142570556882 736.942791296001
2255000 249.824567589418 241.152893001428 246.300119010994 737.277579601839
2256000 249.908866437701 241.284201999393 246.401151536177 737.59421997327
2257000 249.963652633589 241.390481344179 246.554923627342 737.90905760511
2258000 250.114214767641 241.48179768 246.616106644425 738.212119092065
2259000 250.114657606362 241.57629882404 246.73102371492 738.421980145322
2260000 250.293150673986 241.723006188037 246.910831584627 738.926988446649
2261000 250.385231047143 241.780981907161 247.067422485229 739.233635439533
2262000 250.453286884672 241.948716350985 247.155421191122 739.557424426779
2263000 250.625132061843 242.046238952836 247.274001550674 739.945372565353
2264000 250.764295796439 242.12030323876 247.483038753798 740.367637788998
2265000 250.800543131361 242.243211671219 247.576928181635 740.620682984215
2266000 250.991555106232 242.334344563026 247.569135565006 740.895035234265
2267000 251.15045707372 242.493241844763 247.692754423691 741.336453342174
2268000 251.22286063526 242.550115215534 247.832025399138 741.605001249932
2269000 251.340445758117 242.737433363817 247.886743571577 741.96462269351
2270000 251.352237439571 242.789016744049 247.951559322535 742.092813506155
2271000 251.553485732681 242.917579140206 248.118774936345 742.589839809231
2272000 251.628908984629 243.003193336891 248.178358875282 742.810461196803
2273000 251.715811888959 243.115962859386 248.377220527903 743.208995276247
2274000 251.857103809959 243.212583749395 248.466240251082 743.535927810436
2275000 251.988519927521 243.251519920979 248.634983375766 743.875023224267
2276000 252.113249785079 243.446365394374 248.71710000869 744.276715188143
2277000 252.225652242852 243.514243910907 248.799632349688 744.539528503448
2278000 252.278291667369 243.695934653264 248.865532959682 744.839759280315
2279000 252.407451365899 243.806212225284 248.934506306794 745.148169897976
2280000 252.472911987624 243.902609751954 249.08103448349 745.456556223068
2281000 252.621872427656 244.061821530809 249.177226653296 745.860920611762
2282000 252.752993056842 244.150342717172 249.260058552632 746.163394326647
2283000 252.808177926511 244.274318267388 249.338703228317 746.421199422217
2284000 252.87014438611 244.335138250468 249.422768675439 746.628051312017
2285000 253.063457482273 244.38613844625 249.530310409128 746.979906337651
2286000 253.169187699269 244.480325321737 249.682446679424 747.33195970043
2287000 253.218826635121 244.637901982121 249.843612930563 747.700341547806
2288000 253.342703756868 244.779090061954 249.972608119668 748.09440193849
2289000 253.503605309428 244.848648999063 249.975517086456 748.327771394947
2290000 253.593260313626 244.935453410563 250.137278773086 748.665992497275
2291000 253.699432662498 245.093578656251 250.251765293512 749.04477661226
2292000 253.850888260524 245.175618691573 250.439397616405 749.465904568502
2293000 253.937438453928 245.218764360076 250.511819195296 749.668022009301
2294000 254.080211998434 245.327323226116 250.610560363435 750.018095587985
2295000 254.226320042138 245.38318545737 250.706621682522 750.31612718203
2296000 254.277265382542 245.603106675855 250.915015905461 750.795387963858
2297000 254.358385538608 245.745600928589 251.026744049774 751.130730516971
2298000 254.41626789086 245.853068669613 251.18604324959 751.455379810064
2299000 254.593339719942 245.881346237632 251.249098047265 751.723784004839
2300000 254.656369279764 246.05883282058 251.3180026792 752.033204779545
2301000 254.784947043053 246.186518496149 251.49260599989 752.464071539093
2302000 254.910594608873 246.350695830236 251.573249076282 752.834539515391
2303000 254.955175024871 246.459330253536 251.695302777225 753.109808055632
2304000 255.047167053225 246.504955780728 251.742099554788 753.294222388741
2305000 255.234053750862 246.688775207715 251.834058315483 753.756887274061
2306000 255.314926182549 246.80110673239 251.93139512901 754.047428043949
2307000 255.465077883864 246.876851849989 252.015088004173 754.357017738026
2308000 255.556484349404 247.057817250823 252.035609161241 754.649910761468
2309000 255.721301669046 247.192652126858 252.13929690808 755.053250703984
2310000 255.815074261937 247.260465944836 252.282707627581 755.358247834355
2311000 255.973460713352 247.313771396829 252.336722243894 755.623954354074
2312000 256.064287009737 247.401945785936 252.498008140488 755.964240936161
2313000 256.245539357726 247.567491656123 252.610127847957 756.423158861806
2314000 256.265567377802 247.668418707328 252.75773418165 756.69172026678
2315000 256.419290158371 247.759530514448 252.842487294619 757.021307967438
2316000 256.545439494919 247.846064121541 252.960829585516 757.352333201976
2317000 256.664979019695 247.955903071422 253.156693187992 757.777575279109
2318000 256.76144092711 248.049543001883 253.232068860872 758.043052789864
2319000 256.845274379385 248.144189834937 253.399693974503 758.389158188825
2320000 256.97673980008 248.161825231478 253.374948434261 758.513513465818
2321000 257.133797332557 248.276139663505 253.510711258941 758.920648255003
2322000 257.187339693327 248.361215731752 253.525173629587 759.073729054666
2323000 257.305701462728 248.40191552016 253.63513713417 759.342754117058
2324000 257.464725894587 248.55691765391 253.743371668661 759.765015217158
2325000 257.57328019704 248.723097638244 253.847967792303 760.144345627587
2326000 257.718787143164 248.861763723789 254.013506958445 760.594057825397
2327000 257.834434639216 248.987428955983 254.093227893528 760.915091488727
2328000 257.992631759014 249.06847995284 254.27789456297 761.339006274824
2329000 258.11847804272 249.202159000546 254.336882756664 761.657519799929
2330000 258.19890107643 249.261890128051 254.486750188819 761.947541393301
2331000 258.260320505663 249.391168369146 254.572578308407 762.224067183216
2332000 258.364033866092 249.573247510871 254.645511071401 762.582792448363
2333000 258.461932171632 249.594465752247 254.74580647831 762.802204402189
2334000 258.537459893346 249.695566503156 254.722147761649 762.955174158152
2335000 258.668591031766 249.778477786638 254.894261667963 763.341330486367
2336000 258.76650573655 249.844447779353 255.072193761487 763.683147277391
2337000 258.833787727173 249.95097036614 255.204646481005 763.989404574317
2338000 258.985323498992 250.008627554283 255.265701661901 764.259652715177
2339000 259.146263579669 250.166021280883 255.380139237243 764.692424097795
2340000 259.231087224577 250.216064556536 255.511677860346 764.958829641459
2341000 259.353692306693 250.322890522549 255.631837366995 765.308420196236
2342000 259.523366245461 250.455941031542 255.766789412905 765.746096689907
2343000 259.579060061462 250.57828265894 255.867439377553 766.024782097955
2344000 259.665182669447 250.68415573388 255.924675362389 766.274013765717
2345000 259.77238085825 250.787046434693 256.075242724621 766.634670017564
2346000 259.856237079118 250.88891895547 256.140404315729 766.885560350317
2347000 259.915255534463 251.067139750114 256.310565609327 767.292960893904
2348000 260.039006411219 251.14381862307 256.402675357973 767.585500392263
2349000 260.148457006394 251.220943760158 256.487378705655 767.856779472206
2350000 260.216743034439 251.269891182926 256.668182663408 768.154816880773
2351000 260.242964509189 251.383767245725 256.822071351188 768.448803106101
2352000 260.456230248614 251.479814003185 256.853439400052 768.789483651851
2353000 260.525347146928 251.608291255446 257.028321014099 769.161959416473
2354000 260.595358750472 251.653539515693 257.142915897056 769.39181416322
2355000 260.716550949652 251.78340686699 257.282055406958 769.7820132236
2356000 260.868337112073 251.887097077579 257.355483324124 770.110917513776
2357000 260.97610206941 252.009949594781 257.534136601849 770.52018826604
2358000 261.072936895783 252.120250667936 257.658889749974 770.852077313693
2359000 261.268584217959 252.196834799206 257.733811983901 771.199231001067
2360000 261.329800499813 252.351810795854 257.853108556355 771.534719852022
2361000 261.524436681903 252.516705822422 257.933354849825 771.97449735415
2362000 261.616780239078 252.635518261419 258.05805840507 772.310356905567
2363000 261.705408629169 252.747685147661 258.112663357808 772.565757134638
2364000 261.820999301259 252.883218653747 258.204706109319 772.908924064324
2365000 261.937648488553 252.972107303056 258.283907217397 773.193663009006
2366000 261.954313788585 253.093427885507 258.475625218644 773.523366892735
2367000 262.019122756984 253.101473693155 258.45358683635 773.574183286489
2368000 262.215542980794 253.255454367189 258.619532817692 774.090530165676
2369000 262.337773299481 253.397889294548 258.690787446054 774.426450040082
2370000 262.419224693937 253.435739703047 258.797422259732 774.652386656715
2371000 262.535661134994 253.589798878547 258.918823843213 775.044283856755
2372000 262.694852432912 253.735906529601 259.012612332301 775.443371294814
2373000 262.813283390233 253.795329432155 259.062209451192 775.670822273579
2374000 262.951131314321 253.811500238087 259.200166390689 775.962797943097
2375000 263.081584160204 253.973372894308 259.370478810392 776.425435864904
2376000 263.152829950255 254.037140353584 259.386434799459 776.576405103298
2377000 263.295172238434 254.168802548136 259.581564441049 777.045539227618
2378000 263.332990615941 254.323829859273 259.693984177138 777.350804652351
2379000 263.389065725582 254.461269281723 259.728749795493 777.579084802799
2380000 263.452192249473 254.630412314845 259.806435712825 777.889040277143
2381000 263.566901847253 254.6979742468 259.910060983833 778.174937077887
2382000 263.679139038691 254.82321921561 260.029344715071 778.531702969372
2383000 263.829166633062 254.872265095374 260.134651952665 778.836083681102
2384000 263.826723716769 254.983031640133 260.317417761507 779.127173118409
2385000 263.948343723161 255.039726008682 260.364386310597 779.35245604244
2386000 264.072223960263 255.200414147904 260.456146963168 779.728785071335
2387000 264.20832555064 255.278225800448 260.663200455008 780.149751806096
2388000 264.309919355844 255.297784410582 260.76918213286 780.376885899286
2389000 264.445631844421 255.441545190889 260.860552304749 780.747729340059
2390000 264.628755555427 255.604923172839 260.961390063819 781.195068792086
2391000 264.689719042389 255.713895526047 261.051473054755 781.455087623191
2392000 264.803730287921 255.768191873229 261.24001106129 781.811933222439
2393000 264.916771850872 255.902776810567 261.296213400904 782.115762062344
2394000 264.997289668913 256.009699494291 261.426565309625 782.433554472829
2395000 265.130048381021 256.11630644945 261.543513674526 782.789868504997
2396000 265.293950809356 256.179593616815 261.651381340601 783.124925766772
2397000 265.34674418697 256.289967098879 261.741520001126 783.378231286974
2398000 265.425735503706 256.478649562495 261.899998140748 783.804383206949
2399000 265.616413664979 256.482137662423 261.908700783624 784.007252111026
2400000 265.717650973258 256.636954394224 262.041055816654 784.395661184137
2401000 265.764172264786 256.709754167336 262.114814743689 784.588741175811
2402000 265.896612725419 256.848475719706 262.233444947194 784.978533392319
2403000 266.057818925939 256.95421799712 262.267900387401 785.27993731046
2404000 266.142659603144 257.162435485075 262.459753168381 785.7648482566
2405000 266.245123668527 257.155183099193 262.515959717819 785.916266485539
2406000 266.350389547159 257.309339396424 262.564070738534 786.223799682118
2407000 266.510821129831 257.39859794173 262.761866288074 786.671285359635
2408000 266.656588835121 257.59999839963 262.772454210595 787.029041445347
2409000 266.746933456658 257.725625584545 262.954482718211 787.427041759414
2410000 266.903990009371 257.874501656902 263.048236626951 787.826728293225
2411000 267.015847671844 257.984549576474 263.12727030165 788.127667549968
2412000 267.105985884358 258.063590004277 263.237326461753 788.406902350388
2413000 267.239556231562 258.285203168116 263.36980129533 788.894560695008
2414000 267.333405812666 258.376356932367 263.439503523121 789.149266268154
2415000 267.422372385781 258.542647047606 263.592035152922 789.557054586309
2416000 267.572129564828 258.607463337145 263.681283717057 789.86087661903
2417000 267.677089175449 258.678803131814 263.77743616584 790.133328473103
2418000 267.854740772106 258.744657270743 263.903467144356 790.502865187205
2419000 267.947576017695 258.898942924293 264.066252454631 790.912771396619
2420000 267.971616906389 258.979844433097 264.192583039757 791.144044379242
2421000 268.090350723811 259.07351079864 264.272092585715 791.435954108166
2422000 268.239585804229 259.084160698302 264.449352367894 791.773098870426
2423000 268.235144975975 259.214701333912 264.50452575109 791.954372060977
2424000 268.37217701089 259.282553766656 264.589985486848 792.244716264395
2425000 268.570741935353 259.501482898202 264.715306630688 792.787531464243
2426000 268.612779868628 259.58333774005 264.851861339617 793.047978948295
2427000 268.69663653766 259.658201195753 264.957191093754 793.312028827166
2428000 268.825922120332 259.825515987931 265.033667623351 793.685105731613
2429000 268.965714731389 259.917752349225 265.135037278526 794.01850435914
2430000 269.021716673186 260.027590494142 265.276665563675 794.325972731002
2431000 269.086997826602 260.195615758361 265.412960755698 794.695574340661
2432000 269.292584539153 260.221621958537 265.489424736387 795.003631234077
2433000 269.368168897495 260.335051578461 265.582919536434 795.28614001239
2434000 269.447576128168 260.422042978043 265.714499696556 795.584118802768
2435000 269.693945498554 260.529564095903 265.848282632091 796.071792226548
2436000 269.75997596638 260.592058558871 265.973757103721 796.325791628972
2437000 269.869481374125 260.711660651661 266.068413060056 796.649555085843
2438000 270.02794987945 260.788321176603 266.244619619799 797.060890675852
2439000 270.188560803877 260.900355757429 266.35431056594 797.443227127245
2440000 270.306993451978 260.9983702716 266.40957481514 797.714938538718
2441000 270.442415205842 261.042871722311 266.471423524271 797.956710452424
2442000 270.521108820796 261.177479132472 266.537209633809 798.235797587078
2443000 270.670877784991 261.184270580118 266.673037163194 798.528185528302
2444000 270.834705603249 261.285113282114 266.770177897564 798.889996782926
2445000 270.857696309087 261.394180811338 266.871772025951 799.123649146376
2446000 270.928407642891 261.566888254306 266.994851661978 799.490147559175
2447000 271.092909957427 261.690300464651 267.122034003462 799.90524442554
2448000 271.26107845435 261.797227311404 267.212303255978 800.270609021732
2449000 271.374401445468 261.794086627467 267.338098720701 800.506586793636
2450000 271.515698942304 261.930671890024 267.448067476119 800.894438308448
2451000 271.687659808701 262.093188560388 267.509926446498 801.290774815587
2452000 271.863306215302 262.289795687567 267.644579300672 801.797681203541
2453000 271.918153532594 262.447930699964 267.70987814353 802.075962376088
2454000 272.067408182096 262.55424643678 267.845464514271 802.467119133148
2455000 272.198244687833 262.690264125663 267.931123560326 802.819632373821
2456000 272.314194605984 262.834543652135 267.957737525282 803.106475783402
2457000 272.358251200328 262.916266526389 268.086571758386 803.361089485103
2458000 272.472027120296 262.990636731169 268.18092342034 803.643587271805
2459000 272.578469817739 263.121325393787 268.304591478471 804.004386689997
2460000 272.63683632947 263.217907213293 268.366606539232 804.221350081995
2461000 272.725926918453 263.291857058885 268.440739820215 804.458523797553
2462000 272.778098882008 263.392121883712 268.504061032567 804.674281798286
2463000 272.888906156325 263.423596314523 268.668613924593 804.981116395442
2464000 273.105241354659 263.529413970238 268.768791262947 805.403446587845
2465000 273.218708128137 263.663430312227 268.862008858407 805.744147298771
2466000 273.282487285329 263.750534484001 268.869559052638 805.902580821968
2467000 273.432696650104 263.862331029187 268.974422710236 806.269450389527
2468000 273.455263897091 263.966215431247 269.188199439418 806.609678767756
2469000 273.615888477359 264.14687857317 269.359767090534 807.122534141063
2470000 273.774464952485 264.232107374952 269.434237234341 807.440809561778
2471000 273.917297927306 264.331767594939 269.522963535682 807.772029057927
2472000 274.011648829164 264.371477012982 269.675847978934 808.058973821081
2473000 274.15981659217 264.447531857445 269.780693198396 808.38804164801
2474000 274.190830055187 264.559910036174 269.879461419686 808.630201511046
2475000 274.297474731662 264.770939780375 269.955683637648 809.024098149684
2476000 274.406560486643 264.84854688918 270.176037795932 809.431145171755
2477000 274.59166883874 264.970358518088 270.266002234931 809.828029591759
2478000 274.646894482581 265.109116763442 270.361124391284 810.117135637307
2479000 274.757011134943 265.218739951461 270.516619183959 810.492370270363
2480000 274.952415525968 265.221881124595 270.56817515087 810.742471801434
2481000 275.080375716278 265.387646946736 270.664394637023 811.132417300037
2482000 275.103145409944 265.443004425462 270.881406340701 811.427556176107
2483000 275.267663915662 265.502360004538 270.903806433221 811.673830353422
2484000 275.331174584713 265.714291320098 271.032136731465 812.077602636276
2485000 275.476581458511 265.784544691925 271.211453793237 812.472579943673
2486000 275.600510512209 266.007887693698 271.214305980809 812.822704186717
2487000 275.675735830804 266.081336292318 271.363016430216 813.120088553338
2488000 275.758018725753 266.123353268969 271.464394486148 813.34576648087
2489000 275.921720302476 266.283994484882 271.589034403427 813.794749190785
2490000 275.981656156737 266.389102552693 271.761728468092 814.132487177522
2491000 276.025190559323 266.443476685413 271.836515533201 814.305182777937
2492000 276.199815055461 266.616614160936 271.927856859095 814.744286075493
2493000 276.360810732706 266.732568960345 272.081966364153 815.175346057205
2494000 276.502627090154 266.86130995413 272.164919120256 815.52885616454
2495000 276.613887172372 266.941994902329 272.284014934277 815.839897008978
2496000 276.697789083267 267.07615899853 272.427545226981 816.201493308777
2497000 276.77578027764 267.153238882699 272.55862612097 816.487645281309
2498000 276.933999660256 267.250790857948 272.634800912732 816.819591430936
2499000 277.022829337208 267.333066568656 272.726881314666 817.08277722053
2500000 277.145580837474 267.468390172042 272.824659328463 817.438630337979
2501000 277.188480835074 267.521609997663 272.940521110942 817.650611943679
2502000 277.312339489244 267.689669537538 273.039443981178 818.04145300796
2503000 277.465752755239 267.781625086246 273.115039845391 818.362417686876
2504000 277.589189450241 267.968495593473 273.22004566238 818.777730706094
2505000 277.702801022577 268.092123831814 273.306694600278 819.101619454668
2506000 277.773730277567 268.162225432102 273.346053440384 819.282009150053
2507000 277.839041126799 268.273038882979 273.43972563475 819.551805644528
2508000 277.955636424 268.306978531757 273.584289960544 819.846904916301
2509000 278.141729187754 268.476819536121 273.671786909402 820.290335633276
2510000 278.27436879654 268.553551730112 273.761046693023 820.588967219675
