# Fix print output for fix 2
10000 0 0 0 0
11000 0.3590890717346 0.369275018247705 0.349025438964005 1.07738952894631
12000 0.542257276628416 0.537650355878161 0.466557545671302 1.54646517817788
13000 0.761836018703383 0.798445457055919 0.666564490507962 2.22684596626726
14000 0.926605619871183 0.920895727114678 0.763326101097587 2.61082744808345
15000 1.04919552974989 1.06034456422812 0.893166528743084 3.0027066227211
16000 1.25404038564275 1.27953019821421 1.03297055208983 3.56654113594678
17000 1.46435579703234 1.4264701658121 1.1346653123128 4.02549127515725
18000 1.58817066013905 1.5366873166919 1.24876910807597 4.37362708490692
19000 1.76071276393342 1.70088834643072 1.42239630808591 4.88399741845004
20000 1.9518921566966 1.8739995697059 1.54652572708605 5.37241745348855
21000 2.08347755992703 2.00448331740656 1.60219103141687 5.69015190875045
22000 2.21330486332109 2.19322991977752 1.78154947968231 6.18808426278092
23000 2.35539403561746 2.38462092869542 1.97350692369937 6.71352188801225
24000 2.53716942887532 2.53662699725721 2.06443476896638 7.1382311950989
25000 2.67664300683925 2.68439268653826 2.13099072315181 7.49202641652932
26000 2.81602068098018 2.86013239086209 2.298107127969 7.97426019981127
27000 2.90771162797021 2.97249435314392 2.41027092759881 8.29047690871294
28000 3.06890998692933 3.10742501091751 2.50989719856058 8.68623219640742
29000 3.168361705521 3.23590864758134 2.55885237157508 8.96312272467742
30000 3.34851285757316 3.43929056482296 2.75434200852823 9.54214543092435
31000 3.48879719584629 3.59719630026955 2.87106061953342 9.95705411564926
32000 3.58006527591353 3.65112777272105 2.88051065880067 10.1117037074353
33000 3.71522729184219 3.87690549077142 3.00282609344986 10.5949588760635
34000 3.89978633847674 4.09204795178669 3.25670193582162 11.248536226085
35000 4.03310595659346 4.2391696618272 3.32424146010455 11.5965170785252
36000 4.19425344740605 4.35492760581281 3.37461865300106 11.9237997062199
37000 4.31490273962102 4.56363904628698 3.56295674009101 12.441498525999
38000 4.50647623811692 4.65967677034449 3.72816979645071 12.8943228049121
39000 4.69649088706914 4.87948106887609 3.77116299472334 13.3471349506686
40000 4.81842982741845 5.01920383113803 3.88473657206848 13.722370230625
41000 5.00155739960318 5.18174269821768 4.14398592549469 14.3272860233156
42000 5.11994970141019 5.33787692360003 4.1828703568105 14.6406969818207
43000 5.26374982933348 5.5028240924006 4.24769780809183 15.0142717298259
44000 5.41483941048619 5.64180300032869 4.42918424146765 15.4858266522825
45000 5.49035478364675 5.7928472121548 4.61377413463663 15.8969761304382
46000 5.69315457441081 5.96279092467816 4.65940711264748 16.3153526117365
47000 5.8042099640857 6.0886043113062 4.68964589860662 16.5824601739985
48000 5.91316461339084 6.37469708433103 4.90048149470786 17.1883431924297
49000 6.00877842768973 6.50568483618047 5.04453278309981 17.55899604697
50000 6.2281924550514 6.72899307283151 5.1267615900527 18.0839471179356
51000 6.34308535827959 6.91394628366277 5.31427659228983 18.5713082342322
52000 6.46436294903407 7.10738017227073 5.45891512922653 19.0306582505313
53000 6.61217796080858 7.26986804921845 5.53203220115576 19.4140782111828
54000 6.78521665283058 7.3229841654905 5.63445436674399 19.7426551850651
55000 6.90129992093891 7.48075452514281 5.8735583542917 20.2556128003734
56000 7.03418390714305 7.69541072405539 5.96800830979685 20.6976029409953
57000 7.13220118042346 7.77567010846851 6.0149706260976 20.9228419149896
58000 7.27653411317025 7.97770505346149 6.21071052168413 21.4649496883159
59000 7.36140843685979 8.15865910979861 6.43878388041445 21.9588514270729
60000 7.55534083484536 8.29372932713062 6.51222369352239 22.3612938554984
61000 7.66013684889373 8.47899162389461 6.58751007204125 22.7266385448296
62000 7.7945372391779 8.58904968618497 6.80338862578628 23.1869755511491
63000 7.97923222607067 8.7481073155324 6.89985890150473 23.6271984431078
64000 8.10398745935329 8.93300491334288 6.91476148450139 23.9517538571976
65000 8.27654829037871 9.090208536163 7.04441447728037 24.4111713038221
66000 8.38569367730292 9.32550358948061 7.24347184402545 24.954669110809
67000 8.56747136331982 9.49489456367238 7.29803739592163 25.3604033229138
68000 8.70548466770318 9.61292644769681 7.40027739969714 25.7186885150971
69000 8.82285151484971 9.8681628270598 7.63361169834575 26.3246260402553
70000 9.01573733779032 10.135565000809 7.83321722961992 26.9845195682192
71000 9.16864082690438 10.3378348927233 7.92977830834115 27.4362540279688
72000 9.34664601536386 10.3970162681216 7.9861861489161 27.7298484324016
73000 9.52881606679676 10.6013855009751 8.14173705998201 28.2719386277539
74000 9.70099624914947 10.7962426402158 8.25473434214546 28.7519732315107
75000 9.84647243998531 10.8999266284428 8.30541600165667 29.0518150700847
76000 9.93848529592425 11.0919249598981 8.47400427678228 29.5044145326046
77000 10.0623186431732 11.1374951986937 8.65627098471725 29.8560848265842
78000 10.2978384507677 11.2636633198179 8.73984853701999 30.3013503076055
79000 10.3960764411494 11.4213510210823 8.91563837724586 30.7330658394775
80000 10.4131161760986 11.6268440585045 9.12951939653402 31.1694796311371
81000 10.4808996651262 11.8293993186976 9.18393898332758 31.4942379671513
82000 10.6749627660093 11.9546946817757 9.23236478846605 31.8620222362511
83000 10.863006680562 12.1004384279432 9.41124109756316 32.3746862060683
84000 11.0227567360481 12.218357634096 9.60191164517932 32.8430260153234
85000 11.1320148228698 12.3438161551444 9.69828974968022 33.1741207276944
86000 11.2322472684584 12.5042268372587 9.80665072298995 33.543124828707
87000 11.3889065662716 12.6427788020352 10.0039604160685 34.0356457843754
88000 11.4760492815955 12.8717561645968 10.1410694331872 34.4888748793795
89000 11.714694172321 13.0508194273902 10.2025430181013 34.9680566178126
90000 11.9425591246747 13.2369769877268 10.3994197899505 35.5789559023519
91000 11.989866087804 13.4915497641043 10.5970771693197 36.0784930212281
92000 12.1646994333329 13.6217674808783 10.6474365147358 36.433903428947
93000 12.1944572572498 13.7068557144866 10.7184196428512 36.6197326145875
94000 12.3253930860164 13.8998578463864 10.9326746296765 37.1579255620794
95000 12.4894593176292 13.9826433416766 11.1320364878855 37.6041391471913
96000 12.7047400436676 14.1514008901063 11.1024591150131 37.958600048787
97000 12.8897405219763 14.3131039828746 11.3048137609204 38.5076582657713
98000 12.9544122161791 14.458223479464 11.4539146411413 38.8665503367844
99000 13.1951331714234 14.6479110373696 11.6387538410297 39.4817980498227
100000 13.291064027489 14.7215201029729 11.623979102001 39.6365632324629
101000 13.4578296030602 14.8518908534728 11.7455246467607 40.0552451032937
102000 13.5600289065682 15.0024362951749 11.91328108272 40.4757462844631
103000 13.7836729399916 15.1602352968956 11.9167820414064 40.8606902782936
104000 13.9932747111798 15.3948355089195 12.1007869256757 41.488897145775
105000 14.0604588618137 15.6028748741401 12.2613110005409 41.9246447364947
106000 14.2338660162606 15.6447671093873 12.3891994801553 42.2678326058032
107000 14.3029319162232 15.8579843430653 12.4592309570727 42.6201472163613
108000 14.3968013271281 15.9439697672655 12.5712508591986 42.9120219535923
109000 14.6449684825845 15.9368003240805 12.6613259462366 43.2430947529015
110000 14.8058267703416 16.0953677317615 12.7743181663752 43.6755126684783
111000 14.9115510660384 16.1907421774373 12.8479676563247 43.9502608998004
112000 15.1586949286536 16.3322538122147 13.0239961707134 44.5149449115817
113000 15.2994565879312 16.5682763649686 13.1219916705096 44.9897246234094
114000 15.4279626054932 16.6678153746601 13.23855793816 45.3343359183133
115000 15.6153027745255 16.7757107604115 13.3407147973674 45.7317283323045
116000 15.7323094549093 16.9108126122407 13.5385342941486 46.1816563612985
117000 15.8956719146182 17.0986295498038 13.6320246303646 46.6263260947867
118000 16.0511783808899 17.2214948544271 13.7999407921955 47.0726140275125
119000 16.2151504380693 17.4454492010514 13.8601487024378 47.5207483415585
120000 16.405716478663 17.6730009821833 14.0212470813241 48.0999645421704
121000 16.5243569043635 17.7896481209664 14.1243029756041 48.4383080009339
122000 16.6533566889592 17.945594088014 14.2412176991808 48.840168476154
123000 16.7955194842581 18.0258715813852 14.4120827174318 49.233473783075
124000 17.0226716432245 18.1802864775131 14.4744287727919 49.6773868935295
125000 17.1829493868344 18.2893053448393 14.6770371085204 50.1492918401941
126000 17.3059209639836 18.4711862140905 14.7695704686117 50.5466776466859
127000 17.5107286829752 18.6043870039334 14.8542742240509 50.9693899109595
128000 17.7476286839486 18.8275803394124 15.0616235056716 51.6368325290326
129000 17.7983440607239 18.9134811140578 15.1566033318785 51.8684285066602
130000 18.04770431038 19.0038775719202 15.2914198811263 52.3430017634264
131000 18.1744069360651 19.0636167707223 15.3997325017574 52.6377562085448
132000 18.3788945583596 19.1747695303192 15.4772416971745 53.0309057858533
133000 18.471346668138 19.324056456064 15.622789079697 53.418192203899
134000 18.6660907540769 19.400848279898 15.745936286551 53.8128753205259
135000 18.6703514168848 19.6031610214817 16.0207063747836 54.2942188131501
136000 18.7672253085213 19.7679579620275 16.0589402534429 54.5941235239918
137000 18.8953234725312 19.8432899649622 16.3024528135456 55.0410662510389
138000 19.032492399748 19.9968833728993 16.4355351072687 55.4649108799159
139000 19.2305752662715 20.1209040417137 16.6205071623166 55.9719864703019
140000 19.28500716333 20.3120910722443 16.6494366423202 56.2465348778945
141000 19.3982919623239 20.5048897576847 16.7806825941817 56.6838643141902
142000 19.5221214250049 20.6533999190584 16.9643512240963 57.1398725681595
143000 19.6828089062795 20.8581155658266 16.9750697253164 57.5159941974225
144000 19.7510570340758 21.0756911627559 17.1713930606918 57.9981412575235
145000 19.9993409888271 21.2181578055178 17.2082732092268 58.4257720035717
146000 20.031697022395 21.4213446792799 17.453809333328 58.906851035003
147000 20.2860283923636 21.5012483859085 17.593139408202 59.3804161864741
148000 20.3696448398256 21.7064104924916 17.7586231054288 59.834678437746
149000 20.5211381306131 21.7746989925671 17.8408269905745 60.1366641137547
150000 20.6664374856063 21.9718355840172 17.97405885525 60.6123319248735
151000 20.8812604142951 22.0795924718752 18.0778969811602 61.0387498673306
152000 20.8510117039935 22.2079637623543 18.2369706846997 61.2959461510474
153000 21.0556603660066 22.360790870101 18.3843257902331 61.8007770263408
154000 21.1903406883778 22.4766337650598 18.4523613385081 62.1193357919457
155000 21.3251950060518 22.6218096918587 18.7138745077764 62.6608792056869
156000 21.4482467362696 22.7417605157858 18.7592642573841 62.9492715094395
157000 21.5197849624482 22.8500817003845 18.8118695385816 63.1817362014144
158000 21.7036413222894 23.0454157227287 18.9861329359792 63.7351899809973
159000 21.9082758279901 23.0595520983472 19.1731805037353 64.1410084300727
160000 21.9200903042207 23.2505421818277 19.2681496896141 64.4387821756625
161000 22.0414798980413 23.3549337480387 19.3554160185701 64.7518296646501
162000 22.1441929527715 23.514192172989 19.4965472868087 65.1549324125691
163000 22.2751132297982 23.6606090936191 19.571975354125 65.5076976775423
164000 22.4160212010113 23.8819630000707 19.7596150962974 66.0575992973795
165000 22.6288264892887 24.0374478060666 19.9080945953533 66.5743688907086
166000 22.6627715598663 24.1987542811374 20.0769907712279 66.9385166122317
167000 22.6919310457889 24.414683619439 20.2289557346562 67.335570399884
168000 22.8716373726994 24.4664624631234 20.3212742869607 67.6593741227835
169000 22.8514377116884 24.5700161249527 20.4060130464428 67.8274668830838
170000 23.0131265064033 24.6938457271382 20.4292499005319 68.1362221340735
171000 23.1190003640495 24.9375107011228 20.600291724859 68.6568027900313
172000 23.3703747617252 25.0459892156697 20.7655271194605 69.1818910968555
173000 23.4507561442657 25.1750845760225 20.9022174295077 69.5280581497958
174000 23.6401072503643 25.412927150509 21.0196036903474 70.0726380912208
175000 23.7938526869756 25.5040572960552 21.1012063040998 70.3991162871306
176000 23.9772404327685 25.5727158927041 21.2421097056605 70.792066031133
177000 24.1394398534013 25.8065733290079 21.3553306185665 71.3013438009758
178000 24.3703577636811 25.9188502523769 21.4462100601091 71.7354180761672
179000 24.4756107576061 26.1044406545989 21.5828360616359 72.1628874738409
180000 24.6504218536903 26.3802938674746 21.7274501263441 72.758165847509
181000 24.7913657001352 26.4616780212764 21.7906770024625 73.0437207238741
182000 24.9310244700716 26.6447291712105 21.9264679861178 73.5022216273999
183000 25.0677709318413 26.8134986521726 21.9863357478783 73.8676053318922
184000 25.1391674479084 26.8116914492298 22.1691270810511 74.1199859781893
185000 25.2819634702246 26.9653999092801 22.2811371425562 74.5285005220608
186000 25.5026747722518 27.0883831786232 22.407773195015 74.9988311458899
187000 25.5983802448773 27.2448333660874 22.4591468709596 75.3023604819243
188000 25.8395729659944 27.3536236052123 22.6479940880797 75.8411906592863
189000 25.9150646892651 27.5053007089399 22.8115301536403 76.2318955518453
190000 25.9865719812713 27.5850577553675 22.893876463435 76.4655062000737
191000 25.984235921285 27.734536788779 22.949236347341 76.668009057405
192000 26.1468875268854 28.0016853043281 23.1141278669947 77.2627006982083
193000 26.222398452443 28.0968040781968 23.3044436929383 77.623646223578
194000 26.3449947264112 28.2854491284231 23.3778001624906 78.0082440173249
195000 26.4323530358016 28.4902690840931 23.5182831113714 78.4409052312661
196000 26.4587711605308 28.6345629753604 23.5584616283029 78.651795764194
197000 26.7665682669851 28.926179236102 23.7336569613945 79.4264044644816
198000 26.8917936154172 29.0847426364259 23.8781197975351 79.8546560493782
199000 27.0244371287446 29.222205261433 23.9461853981716 80.1928277883491
200000 27.2830896271195 29.4453439688033 24.1689950192994 80.8974286152222
201000 27.3672282096745 29.7014687778468 24.2548011599035 81.3234981474248
202000 27.5357361293918 29.9314306445648 24.3912484196226 81.8584151935792
203000 27.6680065950253 30.187655404493 24.5410292228332 82.3966912223516
204000 27.9079957250328 30.300991291066 24.7612415189597 82.9702285350586
205000 28.064837926865 30.4785630167813 24.8442725159998 83.3876734596461
206000 28.1350195356935 30.4521242147052 24.9320421380083 83.519185888407
207000 28.2395137513698 30.615580248518 25.0901595368282 83.9452535367161
208000 28.3689288293194 30.8644894561373 25.2989841399176 84.5324024253743
209000 28.5688467810085 31.0402651065352 25.3297217994049 84.9388336869485
210000 28.6755220210608 31.2372117668053 25.5571320618325 85.4698658496986
211000 28.7914437679005 31.2892605416914 25.6370486186055 85.7177529281975
212000 28.7754854279199 31.5010805521235 25.7723297147704 86.0488956948138
213000 28.9083641666516 31.6973355223236 25.8741442072304 86.4798438962055
214000 29.2053963304134 31.8333446078663 25.9508313064071 86.9895722446869
215000 29.2385762096587 31.9449859573258 26.0586414001115 87.2422035670959
216000 29.4074092309368 31.987216971805 26.2093181741891 87.603944376931
217000 29.671380018792 32.2228325079763 26.3737136320111 88.2679261587794
218000 29.7014615883175 32.250769028496 26.5091650265577 88.4613956433712
219000 29.8790961640861 32.4666731900455 26.8148217757593 89.160591129891
220000 30.050862957785 32.6195100556148 26.8859372471789 89.5563102605787
221000 30.1011178620424 32.7322387763159 27.061543597958 89.8949002363163
222000 30.3423685576298 32.939113362046 27.1843182136423 90.4658001333181
223000 30.4592857694516 33.02196589343 27.3394826067682 90.8207342696498
224000 30.5748103876625 33.2545676777524 27.35208693903 91.1814650044448
225000 30.745200075537 33.3311618389103 27.5399013198592 91.6162632343064
226000 30.7780700861128 33.523902857928 27.5549665197084 91.8569394637492
227000 31.0353336957659 33.8193679147201 27.7153308119297 92.5700324224157
228000 31.1620553273677 33.9144013372777 27.9032517232224 92.9797083878678
229000 31.3576511904826 34.0547774271508 28.1575910798997 93.5700196975332
230000 31.4114456971757 34.2673056817218 28.2682606082215 93.947011987119
231000 31.4420945723522 34.5053591152166 28.3617116099056 94.3091652974745
232000 31.6024598976823 34.5580645801788 28.4607624400359 94.621286917897
233000 31.7839662758967 34.7717211163691 28.5046362445626 95.0603236368284
234000 31.8934128446094 34.9700554425692 28.584793142417 95.4482614295957
235000 32.0398628287849 35.1330681019098 28.6535728934051 95.8265038240998
236000 32.2128956854854 35.2392315217152 28.8242780461435 96.2764052533441
237000 32.3673854165413 35.353674301278 29.028876044259 96.7499357620784
238000 32.388305536484 35.5994304506179 28.9636094496655 96.9513454367674
239000 32.6019447807662 35.7324972155189 29.1689872837304 97.5034292800155
240000 32.724841315759 35.936356070261 29.2350555375355 97.8962529235555
241000 32.8199497804537 36.1600915795064 29.3631282432155 98.3431696031756
242000 32.9544271527462 36.2132128438055 29.494591006629 98.6622310031807
243000 33.1566141236006 36.2332731174291 29.6454573903178 99.0353446313475
244000 33.2606465285993 36.504363089654 29.6903501019208 99.4553597201742
245000 33.322755149255 36.6051004462586 29.8610702603902 99.7889258559038
246000 33.5296468705433 36.9141051635167 29.9522146593738 100.395966693434
247000 33.6396749777294 36.9023773778595 30.0336964191464 100.575748774735
248000 33.8564113123772 36.9860565891161 30.1139541667629 100.956422068256
249000 34.021885932285 37.251905510767 30.1641477091726 101.437939152225
250000 34.2146648503934 37.485159489931 30.3736746893015 102.073499029626
251000 34.1675779448692 37.4319120287627 30.3723672697877 101.97185724342
252000 34.3248547059895 37.6164476231494 30.4259826179637 102.367284947103
253000 34.6671140171985 37.6234624397239 30.6041126028752 102.894689059798
254000 34.6704775402836 37.7811658916863 30.7054338493761 103.157077281346
255000 34.7713285256326 38.0524419243231 30.954595012333 103.778365462289
256000 34.9088742067153 38.0860259070693 30.9192518406649 103.91415195445
257000 34.9783212656573 38.314286681668 30.9136783099888 104.206286257314
258000 35.107956944407 38.4200595915694 31.0984143704613 104.626430906438
259000 35.1702819997922 38.4800635435652 31.1486447343124 104.79899027767
260000 35.2232091844477 38.6828210022236 31.2254303390706 105.131460525742
261000 35.3608584990571 38.9778753018974 31.3800423553806 105.718776156335
262000 35.4790492936906 39.1158298265298 31.429997532625 106.024876652845
263000 35.6285163442176 39.2284602912492 31.522331892276 106.379308527743
264000 35.6601584348118 39.4444717597936 31.6958381376665 106.800468332272
265000 35.8662623742024 39.6854991556501 31.7861874698194 107.337948999672
266000 36.0796159152497 39.6604328475639 31.9582599239534 107.698308686767
267000 36.3654581968419 39.9385512548141 32.1121918518779 108.416201303534
268000 36.5250428784039 40.0754371318519 32.2468339634991 108.847313973755
269000 36.680386776349 40.2328069623551 32.4479506604195 109.361144399124
270000 36.7453099908331 40.5025110262336 32.5962772182673 109.844098235334
271000 36.8520128468344 40.7189220251368 32.6721046878315 110.243039559803
272000 37.0524026924239 40.7913845375852 32.6772454420285 110.521032672038
273000 37.1985316369748 41.027674866048 33.0076454547166 111.233851957739
274000 37.2557602903051 41.1219547802205 32.9643800741786 111.342095144704
275000 37.4638765021225 41.3072928471502 33.2990313417134 112.070200690986
276000 37.5842449825976 41.4903392513903 33.2915390363946 112.366123270382
277000 37.6546481697612 41.7596070486673 33.4848098257357 112.899065044164
278000 37.8673704916219 41.951350047528 33.5735296049098 113.39225014406
279000 37.9764053608915 42.0016227994547 33.5798249530674 113.557853113414
280000 38.1950225064661 42.175758907775 33.8337913469663 114.204572761207
281000 38.2868071188614 42.3733085874815 33.912789464231 114.572905170574
282000 38.3868407576942 42.518804663767 33.9232384522543 114.828883873715
283000 38.5995678614135 42.7682560553578 34.0626763426872 115.430500259459
284000 38.7427506810232 42.8344913918674 34.1883279160057 115.765569988896
285000 38.9600503378128 42.9419668571894 34.3549330089665 116.256950203969
286000 39.0866283654247 43.0501975950561 34.5529229405461 116.689748901027
287000 39.2181092635359 43.0783006425215 34.7560490535518 117.052458959609
288000 39.4848292791516 43.1215687492442 34.7591439775966 117.365542005992
289000 39.5941014913249 43.3597345161083 34.9546292843784 117.908465291812
290000 39.6940149452052 43.4516833061974 35.0022989380949 118.147997189497
291000 39.7060624341695 43.5989892660686 35.0022313793235 118.307283079562
292000 39.9204131252625 43.8358864817733 35.316127271246 119.072426878282
293000 40.0879725218896 44.0132354388864 35.4072132561618 119.508421216938
294000 40.1798508044664 44.2345244704236 35.7457180533169 120.160093328207
295000 40.252913350012 44.3675932148431 35.7886492703258 120.409155835181
296000 40.4213420600898 44.6722106585003 35.7767874475835 120.870340166174
297000 40.5112193689087 44.844147406774 35.9114311713632 121.266797947046
298000 40.618013872867 44.8882269559448 36.0817970273434 121.588037856155
299000 40.7160494144852 44.8696075960162 36.1773381375228 121.762995148024
300000 40.8537443959992 45.0905792833036 36.2458474932943 122.190171172597
301000 41.0630690523209 45.3129593883072 36.3860785246138 122.762106965242
302000 41.2539592720689 45.5023930220439 36.4475312271227 123.203883521236
303000 41.403536252085 45.6352576627304 36.5619388742659 123.600732789081
304000 41.5389908655316 45.9499167787672 36.8017560109192 124.290663655218
305000 41.6883279119266 46.1422251664204 36.8221113744798 124.652664452827
306000 41.8742034085494 46.2515930110666 36.9946912769787 125.120487696595
307000 41.9982616238169 46.355964272597 37.2380930107926 125.592318907206
308000 42.0634253845112 46.4163232810995 37.3830383419505 125.862787007561
309000 42.280641252235 46.6101130263018 37.4707925761365 126.361546854673
310000 42.424454002365 46.6845660426939 37.6739036583586 126.782923703417
311000 42.7370923529782 46.6940531865312 37.8205346923521 127.251680231862
312000 42.8966510650496 46.7720483028965 37.8954352413989 127.564134609345
313000 42.9749976717276 47.0128017497232 37.9701383419509 127.957937763402
314000 43.1023203402082 47.2335669200692 38.0437949496362 128.379682209913
315000 43.2599984767876 47.3706631046351 38.1716961404924 128.802357721915
316000 43.3885436954216 47.5575601346721 38.2401165520605 129.186220382154
317000 43.5230468024779 47.7443539195342 38.3262687920386 129.593669514051
318000 43.6425766803004 47.7768021619554 38.4734121523249 129.892790994581
319000 43.8502003038635 47.8880904517519 38.6030544928297 130.341345248445
320000 43.9978904467443 48.0871842115534 38.7417362814755 130.826810939773
321000 44.1632197211475 48.3069072473635 38.7623517380868 131.232478706598
322000 44.368072465906 48.493352454609 38.8897085149084 131.751133435423
323000 44.4103006836069 48.6101508692125 39.0503392493942 132.070790802214
324000 44.7082789107083 48.9560875036106 39.0528816808183 132.717248095137
325000 44.8389283855692 49.0285918169328 39.2450591290791 133.112579331581
326000 45.084869896213 49.0920814484264 39.3244358201525 133.501387164792
327000 45.1956720436097 49.4842059182538 39.5752599789373 134.255137940801
328000 45.346849957917 49.61634150062 39.6402321646521 134.603423623189
329000 45.5048675166111 49.8126295966505 39.8203388255254 135.137835938787
330000 45.706225544676 49.9938052166677 39.870178889791 135.570209651135
331000 45.865214437254 50.2286681403135 39.9381154995219 136.031998077089
332000 46.0005853891844 50.2839856643179 40.1725671563329 136.457138209835
333000 46.1799108306767 50.4259310800133 40.0770436486781 136.682885559368
334000 46.2788366950153 50.6083449028249 40.2587175232239 137.145899121064
335000 46.4063321275717 50.8586406449453 40.4014310437029 137.66640381622
336000 46.5638484819324 50.9688732652601 40.5862866165729 138.119008363765
337000 46.7200250645606 50.9522035026136 40.6637003635384 138.335928930713
338000 46.81023055422 51.1071642296839 40.7791813143945 138.696576098298
339000 47.0309889548296 51.2174972396124 40.8542529126708 139.102739107113
340000 47.0976144281443 51.3316623272357 41.1355895408978 139.564866296278
341000 47.1940694149861 51.4371143609003 41.007543511633 139.638727287519
342000 47.4691894570581 51.6529296016679 41.1287882316786 140.250907290405
343000 47.7786879249034 51.8973922465422 41.3598952006598 141.035975372105
344000 47.772756526467 52.0496039456699 41.3660923877973 141.188452859934
345000 48.0182999834795 52.1337517383265 41.5813232436051 141.733374965411
346000 48.2498539223131 52.2541324896491 41.7283947372558 142.232381149218
347000 48.3236445718265 52.2622841166511 41.7965748949618 142.38250358344
348000 48.4763442243023 52.496411067777 41.9197892465371 142.892544538616
349000 48.5928961709543 52.4237198910298 41.9557852001614 142.972401262146
350000 48.8404419319796 52.7359355020387 42.1802820822127 143.756659516231
351000 49.1062550025973 52.8448424342815 42.2472550360269 144.198352472906
352000 49.0659881425446 52.9354305973422 42.3816335974615 144.383052337348
353000 49.2163664035278 53.0240533967959 42.4276176869209 144.668037487245
354000 49.3370655624506 53.342572872691 42.7032482236886 145.38288665883
355000 49.627553694324 53.5276543005173 42.8353216920724 145.990529686914
356000 49.7228239254743 53.6789599609889 42.9159621362229 146.317746022686
357000 50.0933879360782 53.8828463753412 42.8407706059504 146.81700491737
358000 50.2791588531159 54.0324109517898 43.2196942858892 147.531264090795
359000 50.3643225672644 54.1778538383931 43.3786454463935 147.920821852051
360000 50.4291151246349 54.2376563447409 43.4104512571881 148.077222726564
361000 50.583318187009 54.4406797879534 43.5788211891281 148.60281916409
362000 50.5566925377398 54.7373057167605 43.6459773889788 148.939975643479
363000 50.8516048343668 54.8253993117023 43.7365226028139 149.413526748883
364000 51.1222279438287 55.0580511440533 43.8586431031718 150.038922191054
365000 51.1745900329796 55.2145719034346 44.0018945287714 150.391056465186
366000 51.2491450279715 55.3480416186761 44.1039025501319 150.70108919678
367000 51.3159685791554 55.5540735506927 44.3681642695251 151.238206399373
368000 51.3227700094221 55.7837510111799 44.4812526982757 151.587773718878
369000 51.4822396914152 55.8988318651341 44.5432436716894 151.924315228239
370000 51.7253909904178 55.8806875840879 44.6552538698463 152.261332444352
371000 51.9238079085095 56.154260815524 44.7511276569313 152.829196380965
372000 51.9909784806366 56.3444170864861 44.9619354241018 153.297330991225
373000 51.9700885860073 56.4185134792409 45.0142454600774 153.402847525326
374000 52.146526519609 56.5147235705175 45.1152440981426 153.776494188269
375000 52.2254530497678 56.8197483837154 45.3415475200009 154.386748953484
376000 52.3647940915035 57.0021897666156 45.5027559476589 154.869739805778
377000 52.4710799501271 57.0889734636508 45.6428300112412 155.202883425019
378000 52.7652218441298 57.2308134920469 45.8933572342491 155.889392570426
379000 53.0126600927427 57.2950361240756 46.1533747018919 156.46107091871
380000 53.1175444585542 57.4890717613738 46.1365116843158 156.743127904244
381000 53.2735273324047 57.6219609354662 46.2076678384278 157.103156106299
382000 53.4816758293951 57.8182965934376 46.1540449019905 157.454017324823
383000 53.7252002086843 57.9504104382779 46.258864901138 157.9344755481
384000 53.5868477521255 58.1455396046867 46.518866043027 158.251253399839
385000 53.8051313486737 58.2387399841826 46.5941819353302 158.638053268186
386000 54.0660952126067 58.4106617503771 46.8033861540876 159.280143117071
387000 54.1942577146816 58.6594936521536 46.8008362826537 159.654587649489
388000 54.3811104905985 58.8098711369888 47.0291958125383 160.220177440126
389000 54.6736511580867 58.8218958684202 47.0901013026296 160.585648329137
390000 54.6974452145069 59.1340533532541 47.2755455349645 161.107044102725
391000 54.8044144212969 58.984963130721 47.3781893937926 161.16756694581
392000 54.8711556239971 59.2081480910168 47.6327414868166 161.712045201831
393000 54.9450088150513 59.3270427438315 47.5586410073417 161.830692566225
394000 55.1159017230664 59.412538883721 47.5896324634207 162.118073070208
395000 55.2663675413103 59.5707149366079 47.807007622672 162.64409010059
396000 55.5333984475985 59.8448475521585 47.9626584489844 163.340904448741
397000 55.5382333397956 59.9431488925391 48.0932366581376 163.574618890472
398000 55.770509514586 60.026452254426 48.2583125134573 164.055274282469
399000 55.9647100749336 60.0556267413868 48.2213286496017 164.241665465922
400000 56.1691933555478 60.2356520812999 48.211215115369 164.616060552217
401000 56.3646913947637 60.4509334553273 48.2680679396347 165.083692789726
402000 56.4941803065651 60.5903635396119 48.4587814754266 165.543325321604
403000 56.6186323286897 60.8779808013299 48.6981130163883 166.194726146408
404000 56.801176510605 60.925784700863 48.8975368044691 166.624498015937
405000 56.8647665735322 61.1033408011288 48.9829058239431 166.951013198604
406000 57.002210328219 61.2295374121719 49.1639965890263 167.395744329417
407000 57.3549610852789 61.2743611768582 49.2543212716131 167.88364353375
408000 57.6330875765405 61.5156000154248 49.4795440450907 168.628231637056
409000 57.699337168615 61.6039167293238 49.5356108199969 168.838864717936
410000 57.67877608615 61.5855019311284 49.7339753736917 168.99825339097
411000 57.9552686485714 61.9093181486531 49.7742675894765 169.638854386701
412000 58.1363799893079 62.1103634784067 49.8866770131073 170.133420480822
413000 58.3883640295768 62.0914317715616 49.9573163380979 170.437112139236
414000 58.4966289225056 62.5177515129733 50.0544231793777 171.068803614857
415000 58.6228947537147 62.6102546020777 50.2632635237055 171.496412879498
416000 58.7870793817851 62.9907982934625 50.5280467398511 172.305924415099
417000 58.8401322410414 62.9495608754565 50.5816136144848 172.371306730983
418000 59.1083509739999 62.9363674133143 50.7095019559679 172.754220343282
419000 59.1768146777738 63.1135880642891 50.8544465372419 173.144849279305
420000 59.475107152365 63.3748856593218 50.9881346586177 173.838127470305
421000 59.4530252034005 63.4201295601319 51.104159564429 173.977314327961
422000 59.5480440924906 63.3523799189049 51.1364430063428 174.036867017738
423000 59.7486148639741 63.3981459147071 51.2453902945071 174.392151073188
424000 59.937235083766 63.824795917246 51.1195809339171 174.881611934929
425000 60.0007344910179 63.9458455049668 51.2709093208835 175.217489316868
426000 60.1725440639417 63.8159309895844 51.4395260915347 175.428001145061
427000 60.1400765070576 63.9337769170134 51.3812118923333 175.455065316404
428000 60.1983133417708 64.0958805907121 51.4763208935932 175.770514826076
429000 60.2001579939188 64.1202846154292 51.5755248356486 175.895967444997
430000 60.293252566723 64.2530911770521 51.6766412293083 176.222984973083
431000 60.59186352315 64.3922908171562 51.8025495366795 176.786703876986
432000 60.7922763771988 64.5053688378285 52.0274684842473 177.325113699275
433000 60.9500258151161 64.5791852749396 52.1095045210564 177.638715611112
434000 61.0874280534356 64.7518319189382 52.1687393271772 178.007999299551
435000 61.242448147586 64.7731769476445 52.5318278251943 178.547452920425
436000 61.2708630297952 65.0678692518681 52.438128677366 178.776860959029
437000 61.2981854729505 65.0651678111707 52.5083892999511 178.871742584072
438000 61.5147509844733 65.2799259846881 52.7820003974648 179.576677366626
439000 61.7072304706608 65.422901830287 52.824862713732 179.95499501468
440000 61.8636721023022 65.5347368245779 52.9726588657027 180.371067792583
441000 61.8040279576556 65.5848611332397 53.0988232659274 180.487712356823
442000 62.2152647796155 65.7728797420052 53.2590209868468 181.247165508468
443000 62.2667454829727 65.9795852609765 53.3929851901527 181.639315934102
444000 62.4213859377136 65.978425622267 53.4469127368888 181.846724296869
445000 62.5208298092082 66.0857204229631 53.4622231343308 182.068773366502
446000 62.6633932012192 66.2692031097941 53.554669948624 182.487266259637
447000 62.8441541700764 66.4577353641746 53.6298338581562 182.931723392407
448000 62.8367758785504 66.5552829179852 53.512249422068 182.904308218604
449000 63.1008768478282 66.5282954303561 53.5138043045843 183.142976582769
450000 63.1711065172778 66.5697254033167 53.6712064135017 183.412038334096
451000 63.2088394137854 66.760695692119 53.6859056597962 183.655440765701
452000 63.2761025600388 67.0167048803454 54.1238602126875 184.416667653072
453000 63.4697715591424 67.2597775464294 54.1823900257161 184.911939131288
454000 63.5478138713409 67.2771704917672 54.4190196928926 185.244004056001
455000 63.8033656117561 67.4083242429616 54.4876034424391 185.699293297157
456000 63.9625341681568 67.5604969186082 54.5041276763398 186.027158763105
457000 64.2152344425341 67.8776799312088 54.7287296904641 186.821644064207
458000 64.2365988271671 68.0785063457842 54.7125555708475 187.027660743799
459000 64.4992772035845 68.2949681970233 54.9855613049201 187.779806705528
460000 64.6772171947262 68.5744091287353 55.0135755305758 188.265201854037
461000 64.7185508009035 68.6831326709948 55.2113875665511 188.613071038449
462000 64.9192588609402 68.7771600687238 55.227818332003 188.924237261667
463000 65.1388371317967 69.0728392946537 55.4756800380569 189.687356464507
464000 65.2764855952994 69.2274445960878 55.523912189083 190.02784238047
465000 65.4624144256806 69.2894811273685 55.6492193538635 190.401114906913
466000 65.4774114361486 69.2660260046912 55.7908995369504 190.53433697779
467000 65.7442381001192 69.592851417913 55.9177168237123 191.254806341744
468000 65.9428945132479 69.6712597686514 56.1539576115849 191.768111893484
469000 66.065874571992 69.7240438128245 56.3184557444463 192.108374129263
470000 66.2778003641163 69.9489641595574 56.4099332080989 192.636697731773
471000 66.3642119186189 70.1114737513901 56.4008538341212 192.87653950413
472000 66.6275486043592 70.2004581753013 56.5206113340217 193.348618113682
473000 66.8063713840669 70.5102309762179 56.8101226653036 194.126725025588
474000 66.9840937090473 70.6864925313283 56.9717438003501 194.642330040726
475000 67.0912979184771 70.8607055862796 56.9944497539654 194.946453258722
476000 67.195931522479 70.9876219432358 57.092241145735 195.27579461145
477000 67.290754370631 71.0562487533306 57.1920495136036 195.539052637565
478000 67.5374201345425 71.3984117723918 57.5118611912914 196.447693098226
479000 67.6072016545865 71.5016178356643 57.3749361251667 196.483755615418
480000 67.6205072754415 71.8337427924378 57.4312086843604 196.88545875224
481000 67.8933102166307 71.9684019202749 57.6849025361677 197.546614673073
482000 67.8681650526486 72.1194227216134 57.7012597449371 197.688847519199
483000 67.9410080036545 72.339081426219 57.8887733634177 198.168862793291
484000 68.2351880502744 72.3286148309194 57.9590394531331 198.522842334327
485000 68.2317238154443 72.3805573395363 58.0640289948773 198.676310149858
486000 68.4199876153392 72.6538075777478 58.1050068529384 199.178802046025
487000 68.640413942434 72.6597567405484 58.203457976435 199.503628659417
488000 68.7328157610486 72.7754523593597 58.262138686717 199.770406807125
489000 68.6423595808993 73.1130473411159 58.2555972226065 200.011004144622
490000 68.957073683004 73.0917299073592 58.430854413695 200.479658004058
491000 68.900600839658 73.0359254548863 58.5150916555379 200.451617950082
492000 68.8849182082618 73.4825500050132 58.8165926708528 201.184060884128
493000 69.0052835363847 73.6418455275082 58.7017857415536 201.348914805446
494000 69.1654734152227 73.6998244061631 58.7044552766407 201.569753098027
495000 69.3681091711214 73.7147219444943 58.774170975693 201.857002091309
496000 69.5755397552022 74.0589827488468 58.9064846303814 202.54100713443
497000 69.8367365035767 74.5548095430618 58.9357650512756 203.327311097914
498000 70.1843719646939 74.4767409679164 59.0257897905428 203.686902723153
499000 70.3885521434219 74.8059716675394 59.2539064918654 204.448430302827
500000 70.4721205109656 74.8226636705779 59.3090905448019 204.603874726345
501000 70.6350360738843 75.0126883440842 59.4748050652281 205.122529483197
502000 70.6253920288674 75.2325545839163 59.4339861522792 205.291932765063
503000 70.6796144312501 75.484871243924 59.7519302036537 205.916415878828
504000 70.8351696056295 75.8221401326095 59.8792099097591 206.536519647998
505000 70.9856291591425 76.0198836798177 60.1588756567453 207.164388495705
506000 70.9685517622281 76.3059133022962 60.1816974060509 207.456162470575
507000 70.9576059526574 76.3717268383335 60.4458000013783 207.775132792369
508000 71.1953975724979 76.532552180075 60.5256944215 208.253644174073
509000 71.2127729077368 76.7155100436659 60.5617613301974 208.4900442816
510000 71.35724947427 76.9400002925899 60.8991843775676 209.196434144427
511000 71.3301116882962 77.0310887698109 60.9736624037542 209.334862861861
512000 71.3335325158655 77.5052608577887 60.864049031915 209.702842405569
513000 71.6231882875447 77.4054169879796 61.0830811639565 210.111686439481
514000 71.9494502658345 77.7295629431202 61.1929305245707 210.871943733525
515000 72.0879879479956 77.6488409480591 61.3170762932584 211.053905189313
516000 71.9486451836738 78.0219764566045 61.2905521160829 211.261173756361
517000 72.224560897895 78.2065828027118 61.4540058726574 211.885149573264
518000 72.4412399920885 78.5617225817622 61.4477178161558 212.450680390007
519000 72.4857906862954 78.7164824837361 61.6351189168188 212.83739208685
520000 72.6564780878905 79.0450052688111 61.6255263278937 213.327009684595
521000 72.8023599406856 79.0410907512877 61.5717143702614 213.415165062235
522000 73.1223606341678 79.3200703032477 61.7796437849347 214.22207472235
523000 73.214870899947 79.3211937364998 61.8065346788095 214.342599315256
524000 73.2380055194217 79.4131849946126 61.9643768080114 214.615567322046
525000 73.5106638236738 79.4366858840212 62.17937539499 215.126725102685
526000 73.6100439117077 79.4515307465431 62.3950149194289 215.45658957768
527000 73.788771025238 79.8525270664118 62.5825998752009 216.223897966851
528000 73.9677290355243 79.6604947129801 62.3811909262324 216.009414674737
529000 74.306036747887 79.8525613600319 62.454662182407 216.613260290326
530000 74.3426800492801 80.0435455865438 62.6541633376381 217.040388973462
531000 74.4381288181657 80.2088424791149 62.6084559903695 217.25542728765
532000 74.5814089929445 80.2696853309763 62.8965670264254 217.747661350346
533000 74.5591928514665 80.2571723110323 63.0810141805391 217.897379343038
534000 74.7089344252778 80.2191979512524 63.1350893311113 218.063221707642
535000 74.6016672834897 80.4276628479453 63.1724396945779 218.201769826013
536000 74.8479570942822 80.798626402822 63.4584737705158 219.10505726762
537000 74.8329174188796 81.2615862278796 63.472363475584 219.566867122343
538000 74.9169111679653 81.2643603080629 63.5739725402804 219.755244016309
539000 75.1106238214198 81.3632858015116 63.5147900380112 219.988699660943
540000 75.2219120082004 81.5642326540708 63.6401340894735 220.426278751745
541000 75.3363027814771 81.5701124025112 63.7864188600077 220.692834043996
542000 75.5067523395711 81.5876400318196 63.8750069478323 220.969399319223
543000 75.5770238651175 81.853947675057 63.957688121599 221.388659661773
544000 75.8540355394975 82.0110152907866 63.9939471982044 221.858998028489
545000 75.8624285056131 82.1343759047244 64.2884744157328 222.28527882607
546000 75.9129129926975 82.3172679270486 64.3260219537788 222.556202873525
547000 76.0794424501944 82.5002083383208 64.2936352109779 222.873285999493
548000 76.4049258187882 82.3909947822696 64.6146960219221 223.41061662298
549000 76.5144952241683 82.7092058345495 64.6389715693343 223.862672628052
550000 76.5026340351884 82.9037288864475 64.6628127622554 224.069175683891
551000 76.6697390776683 82.9050064391769 64.6150610625362 224.189806579381
552000 77.0015330647504 83.2598774225726 64.9171474380788 225.178557925402
553000 76.8015996097427 83.3353586006673 65.1309680022178 225.267926212628
554000 77.0867113679884 83.5939822111322 65.1825653880143 225.863258967135
555000 76.9948865059157 83.7721535457893 65.5062023870502 226.273242438755
556000 77.2142803304477 83.818483213539 65.6216261350901 226.654389679077
557000 77.4374506932643 83.9444694886808 65.5358768253128 226.917797007258
558000 77.5407564795646 84.2926528557099 65.5762000085347 227.409609343809
559000 77.5325931237652 84.2306286626294 65.9434390260013 227.706660812396
560000 77.6818950266888 84.54160207626 65.7896038131423 228.013100916091
561000 77.9059003290085 84.7671163583742 65.9736874247384 228.646704112121
562000 78.1866199766593 84.8261227955808 65.954112572335 228.966855344575
563000 78.1739672477884 85.1895691741778 66.0431156768833 229.40665209885
564000 78.5751567476931 85.3938486199029 66.2592508534364 230.228256221032
565000 78.4396499692198 85.6703132247455 66.3910752292079 230.501038423173
566000 78.6518675939532 85.7358725899502 66.4924065635763 230.88014674748
567000 78.8983147742772 86.0198829313202 66.5545723427221 231.472770048319
568000 78.9927688797346 86.1626370971783 66.7787634767506 231.934169453663
569000 78.9281468677062 86.4535872936556 67.0458225210905 232.427556682452
570000 78.9993177842831 86.6951182037684 66.9548920756631 232.649328063715
571000 79.2269906751843 86.5948264950336 67.1671380715394 232.988955241757
572000 79.2742200677547 86.7801442467379 67.214016194208 233.268380508701
573000 79.3988117969573 86.8374100432137 67.4597574447589 233.69597928493
574000 79.4694343998267 86.9427736966403 67.630280168741 234.042488265208
575000 79.5395125004169 87.0788055759822 67.5283415088418 234.146659585241
576000 79.5726535504523 87.0429180651967 67.5945368115447 234.210108427194
577000 79.8518528519199 87.2265835189699 67.7369945441605 234.81543091505
578000 79.9212165714115 87.1896650687205 67.9969949995327 235.107876639665
579000 79.993776125061 87.2253068651748 68.1196222928599 235.338705283096
580000 80.2921022812593 87.690110908582 68.2269806631389 236.20919385298
581000 80.4601184827396 87.7925155783079 68.1997170774036 236.452351138451
582000 80.3974252065168 88.0675582456578 68.4102737032537 236.875257155428
583000 80.4307774365358 88.1718737023865 68.3836511998791 236.986302338801
584000 80.5829352333534 88.1282812550499 68.4746950051829 237.185911493586
585000 80.6833707949568 88.3475618652486 68.6068582289322 237.637790889138
586000 80.6822507813622 88.5495304289878 68.5439784639904 237.77575967434
587000 80.8401531983206 88.8112612839869 68.5926967299198 238.244111212227
588000 81.0752016740205 88.9102810844039 68.8561812118291 238.841663970254
589000 81.3313728787708 88.9790559757617 68.7312014402545 239.041630294787
590000 81.3117036293927 88.9876888850194 68.7637899672894 239.063182481701
591000 81.2394700338087 89.0853723445769 68.799464843144 239.12430722153
592000 81.399170036826 89.3199769067248 69.2251678623497 239.944314805901
593000 81.5361961113378 89.5640470223507 69.2048032738368 240.305046407525
594000 81.7964656132135 89.8126629019188 69.3672336103041 240.976362125436
595000 81.9550763016703 89.834052060405 69.4314550918014 241.220583453877
596000 82.0900513440628 89.8405724616812 69.6980007435153 241.628624549259
597000 82.1561637816653 90.1222284596972 69.8015481327083 242.079940374071
598000 82.3527996916918 90.2487128085247 69.8121814925752 242.413693992792
599000 82.4478589375954 90.2568670908503 70.013847227973 242.718573256419
600000 82.5032450870905 90.378389163528 70.0084169274163 242.890051178035
601000 82.5909797697737 90.7145937220282 70.2969928460489 243.602566337851
602000 82.5963543367099 90.7031049522817 70.2825999838562 243.582059272848
603000 82.8935797888952 90.8742343794088 70.3015099283144 244.069324096618
604000 83.032402773106 90.9675657512875 70.585511124873 244.585479649266
605000 83.0315236639737 90.9451525408069 70.7460157090854 244.722691913866
606000 83.4648768281676 91.2005836658859 70.9096653819439 245.575125875997
607000 83.4522286745608 91.4367032403059 70.9519206242237 245.84085253909
608000 83.4799921550972 91.5885972821189 70.9444796737425 246.013069110959
609000 83.4759005150683 91.5247301118626 71.2575042217492 246.25813484868
610000 83.4811373999653 91.5196018957266 71.2617085766087 246.262447872301
611000 83.487700165209 91.7082525098437 71.5795426463613 246.775495321414
612000 83.9877430032394 91.919754401018 71.7872668766314 247.694764280889
613000 84.2918919647951 92.1728157792482 71.8383023968689 248.303010140912
614000 84.3432788398867 92.1592245499894 72.0095930666671 248.512096456543
615000 84.1696995134284 92.4665962798619 72.1046644817127 248.740960275003
616000 84.379974224626 92.4745176091273 72.1083525912667 248.96284442502
617000 84.6612008636784 92.5682869625561 72.2044488056795 249.433936631914
618000 84.6601100153929 92.6988658435458 72.1979610811948 249.556936940133
619000 84.895282503741 92.6015110591656 72.4472786504286 249.944072213335
620000 85.121408477841 93.0112312803763 72.6876259477424 250.82026570596
621000 85.1897683432712 93.2919657499661 72.7013165843305 251.183050677568
622000 85.2472671627786 93.6613088651717 72.7539750612429 251.662551089193
623000 85.3685577038892 93.7292006477044 72.9431867209188 252.040945072512
624000 85.3850994804338 93.9573187149133 73.1427448019906 252.485162997338
625000 85.520355531055 94.2867229051071 73.4362597079638 253.243338144126
626000 85.5660158313692 94.5020129710493 73.6846202394468 253.752649041865
627000 85.7269080134535 94.8287345735048 73.6541330894924 254.209775676451
628000 85.8534637360428 95.2579972967824 73.8772942294734 254.988755262299
629000 86.0971940467141 95.2206774475343 73.7606654469779 255.078536941226
630000 86.2910296687003 95.4711913034088 74.2409284005485 256.003149372658
631000 86.3188367305305 95.5937383838664 74.2437824208808 256.156357535278
632000 86.652310003239 95.8131836192049 74.4924126343594 256.957906256803
633000 87.0684775127771 95.9660984549615 74.7283322040639 257.762908171803
634000 86.9348819133768 95.8953079046416 74.6463443734969 257.476534191515
635000 87.2379095831686 95.9699964129045 74.910063949098 258.117969945171
636000 87.3007164109537 96.1981279492778 74.8264358748825 258.325280235114
637000 87.3285276390121 96.3402662552807 74.82038055216 258.489174446453
638000 87.3821190259603 96.3140674102502 75.1305115933876 258.826698029598
639000 87.4516781477812 96.4400046056533 75.2388584697394 259.130541223174
640000 87.4741868010857 96.3092695573367 75.3128621738039 259.096318532226
641000 87.5308920881196 96.4542040105235 75.3408374775615 259.325933576205
642000 87.7151374139509 96.5447629955056 75.5946763004798 259.854576709936
643000 87.7450579797632 96.4495039921043 75.6612825155786 259.855844487446
644000 87.7242542622177 96.4579113316517 75.7450408939426 259.927206487812
645000 87.8067745513323 96.4446030924365 75.9974836437233 260.248861287492
646000 88.066401683654 96.4095078560256 76.2370079959934 260.712917535673
647000 88.0879385925671 96.8025696258633 76.2757419660953 261.166250184526
648000 88.2594585220904 96.9071413280641 76.5144144360225 261.681014286177
649000 88.3845358693726 96.9959798655321 76.6236864960822 262.004202230987
650000 88.4491615287036 97.2478018499328 76.7613346937386 262.458298072375
651000 88.5287068680545 97.3084773242309 76.9120001458923 262.749184338178
652000 88.6769861929522 97.5123625972381 76.9300951599307 263.119443950121
653000 88.9738690379694 97.527790163364 77.079265627038 263.580924828371
654000 89.1783458644329 97.7461573092809 77.310227747161 264.234730920875
655000 89.3660862603048 97.8534934490684 77.3902668934179 264.609846602791
656000 89.7472539949083 98.1645229476817 77.5156949517415 265.427471894332
657000 89.902189234654 98.1141660688123 77.7096207389204 265.725976042387
658000 90.0376169195327 98.3850926977472 77.64174882541 266.06445844269
659000 90.156633476534 98.4881006758803 77.7576145683914 266.402348720806
660000 90.3853877277241 98.4022553654962 77.9922232526492 266.779866345869
661000 90.4131109055067 98.5696410169576 78.1335478911592 267.116299813624
662000 90.5183230438156 98.8274018111678 78.261216505125 267.606941360108
663000 90.7232454704797 99.069269416009 78.4344858660548 268.227000752544
664000 90.8804845431496 99.2385229751807 78.6579331265437 268.776940644874
665000 90.7979912382759 99.3627002565003 78.6227531518411 268.783444646617
666000 90.921582209838 99.482988662872 78.7866034634781 269.191174336188
667000 91.2410371628617 99.6297728042873 78.8764903393642 269.747300306513
668000 91.3627010133654 99.7058440052479 79.0041949650335 270.072739983647
669000 91.3460914305064 99.7353777813877 78.9190527466054 270.0005219585
670000 91.6780962402395 99.7210295363252 78.9245182544714 270.323644031036
671000 91.6769863671795 99.9427119909191 79.0211548236191 270.640853181718
672000 91.9749863679729 100.196925211942 79.0341555993888 271.206067179303
673000 91.9940282276969 100.228830709969 79.1214359351113 271.344294872777
674000 91.8771180877268 100.104915077295 79.5510200478535 271.533053212876
675000 91.9424000323888 100.355554088895 79.596402271697 271.89435639298
676000 92.3348276859547 100.668901648334 79.8071434852762 272.810872819565
677000 92.3724493375784 100.634752077552 79.9694036043451 272.976605019475
678000 92.6706414686734 100.713668743527 79.9397829608332 273.324093173034
679000 92.8578543374642 101.006477153865 79.9112550014195 273.775586492748
680000 93.1641326878364 100.96065189436 80.2766429916636 274.40142757386
681000 93.2665130945336 101.124073986385 80.416955892316 274.807542973235
682000 93.3507213526634 101.322893123598 80.5673979226147 275.241012398876
683000 93.4752656035266 101.288726306228 80.6327313434412 275.396723253196
684000 93.5220417521542 101.441328237372 81.0108840838809 275.974254073407
685000 93.9468227279821 101.347247986658 81.0970390436145 276.391109758255
686000 94.2143155331324 101.588498447902 81.1086375137836 276.911451494818
687000 94.2623654902811 101.715928445537 81.3504056990033 277.328699634821
688000 94.4135591304074 101.823792484386 81.4445924154949 277.681944030289
689000 94.5065179621087 102.183430275863 81.5513017657169 278.241250003689
690000 94.7144468895463 102.279107616782 81.4997970709535 278.493351577281
691000 94.7967603677497 102.566907063294 81.7279536861985 279.091621117242
692000 94.9751324619006 102.53906023699 81.6542451771447 279.168437876035
693000 94.9891702013932 102.50974775479 81.6756772489247 279.174595205108
694000 95.0178171513385 102.769916817715 81.8185403399307 279.606274308984
695000 95.2885713438319 103.038684769135 81.9118996803535 280.23915579332
696000 95.3638808258648 103.155301066162 82.0172819304263 280.536463822453
697000 95.3127809145485 103.410306114794 82.2894910779683 281.012578107311
698000 95.2106564876377 103.33089263571 82.2765392683782 280.818088391726
699000 95.322370537314 103.570362199015 82.3882485575532 281.280981293882
700000 95.4287341953295 103.810794882469 82.5465050623864 281.786034140185
701000 95.5351264905738 103.850360004634 82.8335688809055 282.219055376113
702000 95.9025932579655 104.027281156946 82.8923158255529 282.822190240464
703000 95.8909925933013 104.489648198267 83.0496386494873 283.430279441056
704000 96.1634639737289 104.336029101932 83.2351856315536 283.734678707215
705000 96.4492255156621 104.489111246666 83.2478230560194 284.186159818347
706000 96.4287759191579 104.506388485856 83.3930708351815 284.328235240196
707000 96.5383252617012 104.555130283406 83.546539534453 284.63999507956
708000 96.6737676643441 104.822378227626 83.5596278476771 285.055773739648
709000 96.7533826986653 104.774484413158 83.9496349477081 285.477502059532
710000 96.8689155425749 105.041142141389 83.8613924674226 285.771450151386
711000 97.3181673296232 105.277606988796 83.9637296567676 286.559503975187
712000 97.3069152716415 105.301181857255 84.1788799442438 286.78697707314
713000 97.5111326221183 105.655559847572 84.1800136042519 287.346706073942
714000 97.7744321646863 105.595777672283 84.4486176593496 287.818827496319
715000 97.8044914123444 105.722168742184 84.3771415671814 287.903801721709
716000 97.8612399511438 106.001458706012 84.5469740129921 288.409672670148
717000 97.9891146297357 106.046586560524 84.5450540921842 288.580755282444
718000 98.0319258968504 106.265150281947 84.7569064304543 289.053982609252
719000 98.2071449733371 106.623777700681 84.9349559410138 289.765878615032
720000 98.4378410554306 106.724116843112 85.0513943399572 290.2133522385
721000 98.5696237346489 106.882097982225 85.2764670740654 290.728188790939
722000 98.811449090804 106.923876311732 85.2873177834235 291.02264318596
723000 99.103586612121 106.996590913193 85.3584924373379 291.458669962652
724000 99.066457980405 106.718266820426 85.3909824633374 291.175707264169
725000 99.3651658234037 106.717580815399 85.619430597405 291.702177236207
726000 99.5528786745027 106.836269224011 85.7168252990646 292.105973197578
727000 99.5553903502498 106.809131763692 85.9814714252501 292.345993539191
728000 99.7324096671202 107.162637510524 86.2326431380646 293.127690315709
729000 99.451942139788 107.205462238615 86.1270871979654 292.784491576368
730000 99.9191963000926 107.439322918548 86.2194786314422 293.577997850083
731000 99.95626853855 107.579396516849 86.3785007876165 293.914165843015
732000 100.190227722761 107.413035842575 86.4770138693002 294.080277434636
733000 100.212035464662 107.563725364714 86.2715122437067 294.047273073082
734000 100.4734623134 107.777564143903 86.7426619960757 294.993688453379
735000 100.630482262735 107.929784539784 86.7638417751709 295.324108577691
736000 100.665018571922 107.985553539946 86.9649619765243 295.615534088392
737000 100.940678957968 108.346262961254 86.9847550607153 296.271696979937
738000 100.919527663428 108.52183507252 86.8288436833892 296.270206419338
739000 101.155015986814 108.576102445789 87.0574442200571 296.788562652661
740000 101.294888326595 109.000993596794 87.0704725790332 297.366354502422
741000 101.41290920015 109.225090925379 87.2819714182695 297.919971543799
742000 101.545360587098 109.648221771445 87.490848694949 298.684431053493
743000 101.482940916341 109.719139635522 87.6791467310512 298.881227282914
744000 101.661435059463 109.901326304379 87.851249085619 299.414010449461
745000 101.891208032459 110.089736276151 87.9617149195847 299.942659228195
746000 102.272818276996 110.39842146344 88.32562732866 300.996867069095
747000 102.465783679523 110.349541448857 88.3132005116978 301.128525640078
748000 102.709351518 110.663754272316 88.4525887230994 301.825694513415
749000 102.991527605902 111.023963557475 88.4914457794498 302.506936942827
750000 103.018452804525 111.236008491366 88.704975909116 302.959437205007
751000 103.041790138377 111.452585999433 88.9070185794121 303.401394717223
752000 103.281656235161 111.660505617163 88.9109123238741 303.853074176198
753000 103.287126760969 111.73113514032 89.0603354878311 304.078597389119
754000 103.308865290442 111.78510968199 89.0505644487108 304.144539421143
755000 103.524748772417 112.38544547167 89.2289727628345 305.139167006922
756000 103.475842155631 112.389343062117 89.6092043375052 305.474389555254
757000 103.5426057143 112.225689923735 89.4771212942794 305.245416932315
758000 103.345949705538 112.417284176426 89.6797918848534 305.443025766817
759000 103.768085223518 112.828551671497 89.7459333453063 306.342570240321
760000 103.979670365199 112.995756157644 89.8554104660541 306.830836988896
761000 103.897625508189 113.173398994517 89.8342957973248 306.905320300032
762000 104.278969650958 113.305750577819 90.1871102322812 307.771830461058
763000 104.332015693912 113.242932612365 90.2784135849781 307.853361891255
764000 104.361628483838 113.565652134335 90.1484626245461 308.075743242719
765000 104.636552599068 113.66383207668 90.2736545011112 308.574039176859
766000 104.906950424022 113.919198163262 90.2488379626821 309.074986549966
767000 105.032918759154 114.113122032297 90.7113594705996 309.857400262051
768000 105.179164674706 114.349582308075 90.7056269698607 310.234373952642
769000 105.135128863429 114.305470000948 90.7383225836458 310.178921448023
770000 105.238493237937 114.24682257686 91.0611589773791 310.546474792177
771000 105.215448875675 114.360696109337 91.170037504415 310.746182489427
772000 105.276011948538 114.409132155383 91.2187527047651 310.903896808686
773000 105.474220632243 114.491258793391 91.0814932387611 311.046972664395
774000 105.569089102368 114.860375634848 91.2120083300198 311.641473067235
775000 105.693439296284 114.95973350976 91.2465058036811 311.899678609725
776000 105.952497591648 115.232354355985 91.1669320585804 312.351784006214
777000 106.222236526926 115.293976953015 91.4215977532714 312.937811233213
778000 106.377863658531 115.347463915912 91.4706168685189 313.195944442963
779000 106.542042196066 115.5056710598 91.7003114537273 313.748024709593
780000 106.696293298823 115.670811660701 91.5623500828583 313.929455042382
781000 106.975060857169 115.928139606085 92.037887450019 314.941087913272
782000 106.920185478147 116.024965570172 92.2439140846529 315.189065132972
783000 107.27447042398 116.069412303398 92.1542852683662 315.498167995744
784000 107.08557584162 116.285070760633 92.3316593425609 315.702305944814
785000 107.310772363091 116.407854030091 92.4131845469851 316.131810940168
786000 107.181688435791 116.719191591853 92.402446873875 316.303326901519
787000 107.4361097477 116.672693537331 92.4396092360359 316.548412521067
788000 107.632936593034 116.809236714928 92.6237684528173 317.06594176078
789000 107.74723018861 117.155802508764 92.9476640175547 317.850696714929
790000 107.633907850583 117.294615533952 93.1198356126687 318.048358997203
791000 107.933271411356 117.419931683954 93.0838076449635 318.437010740274
792000 108.091210832277 117.539547172971 93.3130067808132 318.943764786061
793000 108.15845573644 117.535599547373 93.1821105739975 318.876165857811
794000 108.256404233307 117.544663268865 93.5479722879163 319.349039790089
795000 108.410550210768 117.801575724027 93.5795230272264 319.791648962021
796000 108.601696667477 117.735816479341 93.7623665888083 320.099879735626
797000 108.786678693917 118.006784606194 93.6645855528282 320.45804885294
798000 109.155753467003 117.952857401872 93.7592604751706 320.867871344045
799000 109.30519064263 118.17776038405 93.8725311113361 321.355482138016
800000 109.466155923583 118.204536493217 93.9320895118443 321.602781928645
801000 109.598240219355 118.614872423278 94.0483794445382 322.261492087171
802000 109.553313114213 118.611912137274 94.0473553488421 322.212580600329
803000 109.753332970053 118.724933385601 94.2831567499137 322.761423105567
804000 109.899607781595 118.656869328996 94.150943657621 322.707420768211
805000 109.637699930339 118.958035573695 94.3118577022307 322.907593206265
806000 109.942677861556 119.240807596288 94.4712288581331 323.654714315977
807000 110.156239922013 119.337968208814 94.4886831563101 323.982891287137
808000 110.375671887932 119.434199254808 94.6999949627851 324.509866105525
809000 110.330555121908 119.703151422433 94.7862015562712 324.819908100613
810000 110.223306729769 119.815029814114 95.0209999789087 325.059336522792
811000 110.290694663897 120.007850098167 95.211254185248 325.509798947312
812000 110.613654760591 120.183687331356 95.2277518493228 326.02509394127
813000 110.928265173746 120.369893099618 95.249159981746 326.54731825511
814000 110.899480631224 120.348957666672 95.3908714128219 326.639309710717
815000 110.852334111894 120.200045690203 95.3907237842539 326.443103586351
816000 111.04060480759 120.613728219694 95.439814835473 327.094147862757
817000 111.128028743441 120.854330950566 95.5282708319673 327.510630525974
818000 111.306475079039 120.735835480187 95.7174239546298 327.759734513855
819000 111.374007502623 120.755991080266 95.834818089071 327.96481667196
820000 111.62413948624 120.89434947397 95.645527731375 328.164016691586
821000 111.615423875517 121.162418076255 95.8432838170051 328.621125768778
822000 111.753363592692 121.315755149715 95.9727081316805 329.041826874088
823000 111.560832927392 121.554311278173 96.0496722088096 329.164816414374
824000 112.061762273335 121.761909544662 96.1810504642079 330.004722282205
825000 112.159950961174 121.824623267208 96.1910510828563 330.175625311237
826000 112.038023952251 121.855397943593 96.3424771322514 330.235899028096
827000 112.156960245343 122.075151472165 96.3398730227667 330.571984740275
828000 112.384836236742 122.285286958199 96.513878916857 331.184002111798
829000 112.57541472661 122.495679541127 96.5891910100333 331.66028527777
830000 112.7051821703 122.908085284348 96.6845648120717 332.29783226672
831000 112.947093375277 122.961456924951 96.9002801769165 332.808830477144
832000 112.945943959556 123.184532026808 96.9542100364497 333.084686022814
833000 113.268060781017 123.212235250108 97.1073582686088 333.587654299734
834000 113.21743382221 123.465081334174 97.1348054856392 333.817320642023
835000 113.356260593347 123.659299548639 97.2976929199834 334.31325306197
836000 113.637568870828 123.799415169132 97.467930963301 334.904915003261
837000 113.902936772158 124.196313634966 97.5931455508432 335.692395957967
838000 113.878922040421 124.112862996383 97.6283886896192 335.620173726424
839000 113.957763145836 124.265345578066 97.5893032361949 335.812411960098
840000 114.320531320736 124.140561180162 97.79869349964 336.259786000538
841000 114.334871606589 124.475946608068 97.9309104541611 336.741728668818
842000 114.378172062727 124.41189963011 97.9888390492246 336.778910742061
843000 114.375873896588 124.629937733988 98.324100874413 337.329912504989
844000 114.507017318515 124.684468401874 98.4512320372643 337.642717757654
845000 114.530801201685 124.610372447394 98.7371041304763 337.878277779555
846000 114.717609538398 124.613755503332 98.7671027921217 338.098467833851
847000 114.942792422645 124.868352142398 98.7678877525169 338.57903231756
848000 114.963265737154 125.199527408792 98.8754554371023 339.038248583048
849000 115.206458847998 125.280269808212 98.9609963828895 339.447725039099
850000 115.261099485102 125.229837537313 99.0790929356018 339.570029958017
851000 115.282781414602 125.414481197765 99.2512458308177 339.948508443185
852000 115.503619295035 125.794203770824 99.569110085624 340.866933151483
853000 115.674711477763 125.94842608975 99.5509969397007 341.174134507214
854000 115.771571543609 125.810892404266 99.6609018884749 341.24336583635
855000 116.067321771974 126.140173591797 99.823718966863 342.031214330634
856000 116.01175658112 126.338551026033 99.8161333843524 342.166440991506
857000 116.409461036428 126.539067594724 100.029822638 342.978351269152
858000 116.385519273379 126.488108992632 100.094335354047 342.967963620059
859000 116.631217006028 126.648059962259 100.207486768499 343.486763736786
860000 116.420471276578 126.95973494499 100.315724734406 343.695930955974
861000 116.743749684086 127.110981832013 100.593400757139 344.448132273239
862000 116.892719724149 127.202804289266 100.649023922581 344.744547935996
863000 117.15140698423 127.332143861043 100.784714250977 345.268265096251
864000 116.967301674294 127.707396991153 100.741992237335 345.416690902783
865000 117.277667960382 127.614569212742 101.088097320908 345.980334494032
866000 117.4646817742 127.946953694441 101.257161233752 346.668796702393
867000 117.771698024672 128.003520400554 101.119145359836 346.894363785062
868000 117.73658944412 128.003046891851 101.294620364094 347.034256700064
869000 117.885987514467 128.051347971012 101.5129307986 347.450266284078
870000 118.112448122238 128.414867084916 101.799367115874 348.326682323028
871000 118.193344414943 128.769395180759 101.980665138079 348.943404733781
872000 118.408790591554 129.005957155987 101.930269615585 349.345017363127
873000 118.608589502969 128.937637921276 102.138425491553 349.684652915799
874000 118.684496596778 128.955191915542 102.169339743598 349.809028255919
875000 118.838530073926 129.35140046664 102.296145257688 350.486075798254
876000 118.977663192099 129.246193395306 102.443178629535 350.667035216939
877000 118.913088327345 129.390154771371 102.414792685093 350.71803578381
878000 119.095958844553 129.562992075267 102.613725133528 351.272676053347
879000 119.613698369322 129.637291828269 102.855192073838 352.106182271429
880000 119.68115386241 129.671156388636 102.954795881697 352.307106132744
881000 119.707907758658 130.221431632772 103.11796616745 353.04730555888
882000 119.77302581539 130.522204880075 102.987321022944 353.282551718408
883000 119.921261177576 130.46641068701 103.48801598588 353.875687850466
884000 120.281771298208 130.569681209104 103.222069232798 354.07352174011
885000 120.173090412956 130.701853325887 103.374508797827 354.24945253667
886000 120.518560234822 131.019245947868 103.36583760766 354.90364379035
887000 120.374461657602 131.645151979561 103.285539426435 355.305153063599
888000 120.460525185053 131.559866487738 103.652971939845 355.673363612635
889000 120.810737018832 131.671271795762 103.871567984218 356.353576798812
890000 121.004661110251 131.769735494162 104.091849626142 356.866246230555
891000 121.11624478627 131.743577585928 103.961990113579 356.821812485777
892000 121.173323476913 131.487883936851 104.145391141046 356.806598554811
893000 121.200532445737 131.925588177293 104.184681748554 357.310802371584
894000 121.248096593529 132.108471708694 104.15614724358 357.512715545803
895000 121.478810063483 132.295256098349 104.367202283779 358.141268445612
896000 121.635140285644 132.459876903298 104.528306835702 358.623324024645
897000 121.766162135075 132.784429506081 104.766407703067 359.316999344222
898000 122.113981933929 133.196767739942 104.750257997151 360.061007671021
899000 122.419192524376 133.272668129638 104.739106051658 360.430966705671
900000 122.487715650841 133.508084942609 104.884886952551 360.880687546001
901000 122.406719873987 133.536607350175 104.992713365967 360.936040590129
902000 122.353573064102 133.608210254284 105.142394425758 361.104177744144
903000 122.657753083156 133.988626780979 105.230385987879 361.876765852014
904000 122.865754006582 133.920559857348 105.602470336485 362.388784200416
905000 122.842282346137 134.075418381479 105.410544043205 362.328244770822
906000 122.875197884042 134.262949490075 105.580926128551 362.719073502668
907000 122.90520506373 134.468186776476 105.788594839881 363.161986680086
908000 123.271031302402 134.974864622943 105.673482925679 363.919378851025
909000 123.519248151123 135.040707531778 105.884635622308 364.444591305209
910000 123.791674300116 135.045758539246 105.957002946759 364.79443578612
911000 123.865367588311 135.216729431329 106.45125170395 365.533348723591
912000 123.904013633014 135.471701366929 106.510081459841 365.885796459784
913000 124.073251142218 135.868002270516 106.705945649811 366.647199062545
914000 124.389694599056 135.942930545812 106.88252290811 367.215148052977
915000 124.431016747182 136.15287074688 106.848194165293 367.432081659355
916000 124.717764947002 136.300973115731 106.920756697257 367.93949475999
917000 124.729352950758 136.457788723328 107.050958697429 368.238100371515
918000 124.705251918995 136.753275929381 107.339062231371 368.797590079746
919000 124.92271629951 136.951777580246 107.626786039755 369.501279919512
920000 125.037115033864 136.893917397128 107.514886411272 369.445918842264
921000 125.037992822971 136.906304416998 107.877471700707 369.821768940676
922000 124.886706254799 136.828467278102 108.038242627548 369.753416160449
923000 124.906127287653 136.881403383634 108.175944457931 369.963475129219
924000 125.241496418076 137.044548453717 108.501731333072 370.787776204865
925000 125.348260207151 137.322225732843 108.870512196076 371.540998136071
926000 125.200896749726 137.348442308223 109.01316478274 371.562503840688
927000 125.243468737685 137.682923320192 108.975440021612 371.901832079489
928000 125.246326855831 137.831731659658 108.989333092758 372.067391608247
929000 125.58573811816 138.10672748782 109.033234900239 372.725700506219
930000 125.693402415332 138.192273147805 109.280881237954 373.166556801091
931000 125.74084293846 138.163835087902 109.373100975676 373.277779002038
932000 126.020428912862 138.396037340685 109.449482031763 373.865948285311
933000 126.129963755155 138.676469686891 109.481709623208 374.288143065253
934000 126.154234603706 138.780709911528 109.693780582127 374.628725097361
935000 126.57897124921 138.918965090057 110.224378098255 375.722314437522
936000 126.510476033737 139.235636487743 110.253549319961 375.999661841441
937000 126.621963725764 139.703235862344 110.303652547607 376.628852135716
938000 126.815793700541 139.756595948738 110.528315629758 377.100705279037
939000 127.040780630924 140.0632533732 110.456979256083 377.561013260207
940000 127.159383484787 140.162215656502 110.787368661063 378.108967802351
941000 127.458760461141 140.242888839968 110.810591531824 378.512240832933
942000 127.622746519144 140.538443823276 110.960249770372 379.121440112792
943000 127.626093106506 140.495054075258 111.284333042881 379.405480224645
944000 127.896974090112 140.451124737369 111.240570388993 379.588669216474
945000 127.934159607441 140.66717853219 111.55116289843 380.152501038061
946000 128.214964949883 140.99491644743 111.591107644227 380.800989041539
947000 128.308531876113 141.038741056781 111.709299457285 381.056572390178
948000 128.719125010009 141.089991333159 111.854761655082 381.66387799825
949000 128.687753212846 141.162183044337 111.977956200713 381.827892457896
950000 128.761146678872 141.46312807449 112.302324014493 382.526598767854
951000 128.814589030373 141.620758714479 112.181831378486 382.617179123338
952000 128.821202967394 141.81293225329 112.77316124823 383.407296468915
953000 129.207163993364 141.945943816964 112.741435434718 383.894543245046
954000 129.345348780632 142.059515660331 112.931895804937 384.3367602459
955000 129.436921277372 141.955635752087 112.71249179925 384.105048828709
956000 129.680098899977 142.189936411011 112.790003976331 384.660039287319
957000 129.965271680111 142.125749024859 112.824020315849 384.915041020819
958000 130.27018330815 142.627655185208 112.537006813969 385.434845307327
959000 130.11534377464 142.750102361408 112.939587699586 385.805033835633
960000 130.393119913021 142.768333838615 112.946992216504 386.10844596814
961000 130.458817970468 142.983392054088 113.058740564711 386.500950589266
962000 130.673975085109 143.404095350717 113.06446448242 387.142534918246
963000 131.040175437142 143.375179650029 113.155534707006 387.570889794178
964000 131.301808215686 143.502875561907 113.240140725443 388.044824503036
965000 131.197686882313 143.835991662329 113.229048759007 388.26272730365
966000 131.750120166132 143.711429710264 113.480660118069 388.942209994464
967000 131.577831255072 144.212437799252 113.600045770231 389.390314824556
968000 131.940092835707 144.382437241187 113.863670411116 390.18620048801
969000 132.308378794778 144.25304541487 113.693801253081 390.255225462729
970000 132.450036823178 144.171889688851 113.909471052644 390.531397564673
971000 132.595318810805 144.496332710625 113.9233609445 391.01501246593
972000 132.649536405722 144.529222620833 113.903198309997 391.081957336552
973000 133.095885503677 144.566248975314 114.023093633536 391.685228112527
974000 133.31667995945 144.706786559059 114.197770578965 392.221237097473
975000 133.327751748642 144.86501509734 114.395586025155 392.588352871137
976000 133.390298323673 145.177353399378 114.49817572362 393.065827446671
977000 133.510635663601 145.274002484149 114.818698738353 393.603336886103
978000 133.477363552643 145.589382647536 114.978606520847 394.045352721026
979000 133.411361060341 145.575138055363 114.928952884092 393.915451999796
980000 133.551323070741 145.768715831031 114.88881870691 394.208857608682
981000 133.775429998077 146.031795041427 115.216584230928 395.023809270432
982000 134.039388210898 146.029902506506 115.435141307273 395.504432024677
983000 134.308108293176 146.039295600111 115.349886318355 395.697290211642
984000 134.475729484334 146.212494138249 115.773294324791 396.461517947374
985000 134.230111428744 146.260872265578 115.987091209803 396.478074904125
986000 134.570093151926 146.37912214374 115.87269568163 396.821910977297
987000 134.940803946446 146.787443236425 115.884492582053 397.612739764925
988000 135.083559567276 147.046158208853 115.990456444745 398.120174220874
989000 135.358967065061 147.163668123264 116.252990987116 398.775626175441
990000 135.856972257422 147.478396856025 116.413865227299 399.749234340745
991000 135.813193559648 147.768641234665 116.27561412713 399.857448921443
992000 135.951018765447 147.761104251007 116.392463828251 400.104586844705
993000 135.930511871546 147.925191257175 116.484215202482 400.339918331204
994000 135.88747426344 148.122302834659 116.613485663357 400.623262761456
995000 136.265043534301 147.987051127305 116.636772296712 400.888866958318
996000 136.39086158363 148.084970783085 116.625393852515 401.10122621923
997000 136.612071795112 148.423473346249 116.835720518983 401.871265660344
998000 136.755897886089 148.432636672743 116.836525813431 402.025060372263
999000 137.047165924755 148.86609625279 117.042900918892 402.956163096438
1000000 136.920216011822 149.275966807003 117.127503234018 403.323686052843
1001000 136.976539908719 149.370696002582 117.177589688403 403.524825599704
1002000 137.37097108793 149.713729058921 117.431800981274 404.516501128126
1003000 137.34605909199 149.756012698272 117.457192208468 404.559263998729
1004000 137.497658639596 150.063430449702 117.687792179559 405.248881268858
1005000 137.734944263718 150.123058418638 117.696246499067 405.554249181423
1006000 137.729917363275 150.04389759155 117.709877164511 405.483692119336
1007000 137.982793591963 150.308702855843 117.652203288609 405.943699736415
1008000 138.006826675328 150.156022840709 117.777026869335 405.939876385372
1009000 137.889231338592 150.265825613879 117.918800630665 406.073857583136
1010000 138.037849705857 150.57575235139 118.15757198493 406.771174042177
1011000 138.228919328185 150.822366005026 118.301629969248 407.352915302459
1012000 138.535887285637 150.995162931239 118.201471772894 407.73252198977
1013000 138.472167237916 151.241457021395 118.286290596759 407.99991485607
1014000 138.646633646232 151.263976057394 118.16458051194 408.075190215566
1015000 138.893975368075 151.378921026087 118.389580269294 408.662476663455
1016000 139.006704358137 151.593182824454 118.49932266284 409.099209845431
1017000 139.231969854807 152.03164363619 118.708792315754 409.972405806752
1018000 139.432288875494 152.126623108442 118.807840889408 410.366752873344
1019000 139.833178753289 152.073368457698 118.639226315966 410.545773526953
1020000 139.787080188369 152.243170193169 118.751851720564 410.782102102101
1021000 139.86029350018 152.460710649775 118.979789095701 411.300793245656
1022000 140.124633471324 152.631201270173 119.315755702868 412.071590444365
1023000 140.352613718643 152.626538398493 119.39364606015 412.372798177286
1024000 140.584941242787 152.575180919348 119.333617807695 412.493739969831
1025000 140.89750866954 152.821947809748 119.511918652888 413.231375132176
1026000 140.702053626542 152.755741778375 119.726423110789 413.184218515707
1027000 141.077169878993 152.841782215834 119.892548478741 413.811500573567
1028000 141.120108256968 152.956860295696 120.067363934336 414.144332487
1029000 141.558654412465 153.019422656831 120.077191831579 414.655268900876
1030000 141.538096039453 153.062737864356 120.23348973605 414.83432363986
1031000 141.699899777799 153.309729060089 120.106532021053 415.116160858942
1032000 142.103211113658 153.461598972085 120.19198464051 415.756794726254
1033000 142.237741315962 153.619309699778 120.193014914794 416.050065930535
1034000 142.368621326293 153.819232346081 120.587585883218 416.775439555592
1035000 142.287700715498 153.882944391396 121.02171667218 417.192361779074
1036000 142.286650692783 154.101077748969 120.923665702485 417.311394144237
1037000 142.476205294401 154.123800112598 120.884635639656 417.484641046655
1038000 142.985844679048 154.077524858644 120.946934561637 418.010304099329
1039000 142.855120592983 154.513719390139 121.010851335375 418.379691318496
1040000 142.88306703754 154.734048471916 120.864683515709 418.481799025166
1041000 142.913826993177 154.871791081062 121.250968878223 419.036586952463
1042000 143.200228705196 155.256253759472 121.33942372759 419.795906192258
1043000 143.375963665936 155.264663762529 121.468466978407 420.109094406872
1044000 143.585849630543 155.441939230541 121.299616240013 420.327405101098
1045000 143.685079455593 155.552924865866 121.836064385401 421.07406870686
1046000 143.592967228752 155.728082659835 121.950536824649 421.271586713236
1047000 143.597093077402 156.087135611929 122.073318059281 421.757546748611
1048000 143.598980770531 156.240268903305 122.023073271467 421.862322945303
1049000 143.94709158546 156.153696004796 122.210692853599 422.311480443855
1050000 144.180922864713 156.407051838112 122.372602974097 422.960577676921
1051000 144.244103391918 156.566132962829 122.268957481206 423.079193835953
1052000 144.333181678595 156.812207423562 122.437745198459 423.583134300616
1053000 144.690581303265 157.077383454962 122.774928165648 424.542892923875
1054000 144.841319286135 157.107375636222 122.724382612469 424.673077534826
1055000 145.089544419493 157.136095993116 122.979040619137 425.204681031746
1056000 145.597498944384 157.247458977313 123.031044665009 425.876002586706
1057000 145.815940009173 157.785516836947 123.122958968435 426.724415814555
1058000 145.727028773411 157.831696437348 123.293262593809 426.851987804568
1059000 146.116964854217 158.352181739345 123.529671039425 427.998817632986
1060000 146.242663369448 158.4107843523 123.493904644188 428.147352365936
1061000 146.203178854573 158.731446578347 123.637611755915 428.572237188834
1062000 146.218974023307 158.899453780003 123.782263876068 428.900691679378
1063000 146.502653086016 159.250550436269 123.868568345754 429.621771868038
1064000 146.601234575499 159.549735818754 123.899243985412 430.050214379665
1065000 146.643421338891 159.41722732024 124.020878377946 430.081527037077
1066000 146.92173712763 159.882440802828 124.143752941632 430.94793087209
1067000 146.875816978195 160.045924816177 124.322512176879 431.244253971251
1068000 147.122550940206 160.235182562893 124.440268818145 431.798002321244
1069000 147.104411286843 160.551779790705 124.591112621274 432.247303698822
1070000 147.430425195976 160.789384979518 124.73349721609 432.953307391585
1071000 147.273222294231 160.935898942017 124.854246511932 433.06336774818
1072000 147.245619210529 161.150099568457 125.10553299311 433.501251772095
1073000 147.294257138307 161.101357780558 124.935738224327 433.331353143192
1074000 147.608569880676 161.20452181164 125.200843530093 434.013935222409
1075000 147.617506819368 161.346659191359 125.209268143466 434.173434154194
1076000 147.862656596729 161.557244337191 125.187311922582 434.607212856503
1077000 147.783053619106 161.592873236125 125.242094544867 434.618021400098
1078000 147.910848128065 161.566649955297 125.56022733559 435.037725418951
1079000 148.086197260081 161.530331175732 125.532662935553 435.149191371366
1080000 148.000293118476 161.740465308571 125.655290505732 435.39604893278
1081000 148.2282791492 161.870886049175 126.03332173988 436.132486938255
1082000 148.188897971026 162.034481343603 126.078760194827 436.302139509455
1083000 148.130537000437 162.374297614093 126.103164673468 436.607999287998
1084000 148.120016191123 162.282952602206 126.154518453308 436.557487246637
1085000 148.097276032194 162.494114723569 126.301311927356 436.892702683119
1086000 148.348778848641 162.727761741446 126.381903216864 437.458443806952
1087000 148.483940619731 162.925725827258 126.560622438227 437.970288885216
1088000 148.408799272619 163.30683916632 126.596304951148 438.311943390088
1089000 148.657835316522 163.172428349371 126.849130950967 438.679394616859
1090000 148.937849326624 163.55480073906 126.992413832298 439.485063897982
1091000 149.086674893169 163.690862554861 126.751098097595 439.528635545624
1092000 149.393794160592 163.891141369631 126.87033005604 440.155265586262
1093000 149.312937281602 164.020957047424 127.081074016974 440.414968346
1094000 149.522516727849 164.034821576557 127.041464512134 440.59880281654
1095000 149.582989736702 164.518796967659 127.409821120497 441.511607824857
1096000 149.599696729337 164.779934065374 127.359265923238 441.738896717949
1097000 149.890178745596 164.743034707929 127.82308089905 442.456294352575
1098000 150.027548691223 164.916274626846 127.76603692341 442.709860241479
1099000 149.987816405874 165.128716006342 127.782435292518 442.898967704734
1100000 150.043094200129 165.161373005251 127.91211489268 443.116582098059
1101000 150.266015496855 165.355394005277 127.979061560011 443.600471062143
1102000 150.492399231506 165.644866303719 128.145924914851 444.283190450075
1103000 150.503367630753 165.991097220464 128.301593459848 444.796058311065
1104000 150.526970396423 166.207730145845 128.351278814707 445.085979356975
1105000 150.79280952134 166.237115172022 128.589302619476 445.619227312839
1106000 150.738487372518 166.592895404706 128.494660452744 445.826043229969
1107000 150.74012513787 166.706243825831 128.826512536106 446.272881499807
1108000 151.053956703251 166.67070545701 128.727831858118 446.452494018379
1109000 150.845510227717 166.824359489135 128.975252057833 446.645121774685
1110000 151.052338054052 166.906649989002 129.380688630547 447.339676673601
1111000 151.422123889378 167.364051709549 129.43486603984 448.221041638766
1112000 151.394109674043 167.559858581969 129.733688828719 448.687657084731
1113000 151.647298861109 167.614030721208 129.838503943715 449.099833526031
1114000 151.679848733423 167.935884879245 130.185911625518 449.801645238186
1115000 151.725448336983 168.019280225654 129.881122278342 449.62585084098
1116000 151.727298931333 168.124784520579 130.212422882353 450.064506334266
1117000 152.048960152036 168.063354361107 130.034766258726 450.14708077187
1118000 152.385642216389 168.431748626333 130.309349026195 451.126739868917
1119000 152.299165661523 168.696044750789 130.17111256401 451.166322976322
1120000 152.545215853592 168.860460609216 130.335847411818 451.741523874625
1121000 152.880113024077 169.032540773496 130.656442209515 452.569096007089
1122000 153.032103747542 169.331205568305 130.594881951803 452.95819126765
1123000 153.536030739127 169.275775338526 130.790481686628 453.602287764281
1124000 153.503875640723 169.519990405367 130.799307383757 453.823173429847
1125000 153.990846158935 169.691087447135 131.03354120966 454.71547481573
1126000 154.182213462064 170.007726618404 131.018152028207 455.208092108675
1127000 154.212269870446 170.242723278732 131.036349407898 455.491342557076
1128000 154.445981557511 170.612831446841 131.223985663336 456.282798667688
1129000 154.649798891167 170.360509199886 131.655930899666 456.666238990719
1130000 154.763501839114 170.704918786841 131.59388102513 457.062301651085
1131000 154.780985126439 170.894306323716 131.915812103576 457.591103553731
1132000 155.070643226346 170.899130073355 131.725087126345 457.694860426046
1133000 155.143731048742 171.355219788215 131.874868084606 458.373818921562
1134000 155.35707484153 171.682838181579 132.300288325757 459.340201348866
1135000 155.377253315608 171.753124066366 132.416308276509 459.546685658483
1136000 155.496714052693 171.575667146116 132.631409529462 459.70379072827
1137000 155.647847764834 171.704350076092 132.833388382405 460.185586223331
1138000 155.348530950576 172.067786611825 132.891674362193 460.307991924594
1139000 155.577485476526 172.234820607034 132.926697796345 460.739003879905
1140000 155.665863650009 172.357211846325 133.35761745711 461.380692953444
1141000 155.875010983568 172.539472731498 133.525858843832 461.940342558897
1142000 155.794579307545 172.641361741613 133.620623597048 462.056564646206
1143000 155.991375134348 172.492588047853 133.488694237478 461.972657419679
1144000 156.32174457122 172.863610703703 133.869535086333 463.054890361255
1145000 156.645330682729 173.281407589806 133.885839051224 463.812577323759
1146000 156.883276816294 173.30149792454 133.956443058262 464.141217799096
1147000 156.97025722847 173.59379619592 134.075459835372 464.639513259762
1148000 157.099382427246 173.692239454133 134.362286671291 465.153908552671
1149000 157.183683004513 173.907095487574 134.625057686816 465.715836178904
1150000 157.347469556678 173.971885647971 134.869906534598 466.189261739247
1151000 157.822108681027 174.287293359412 135.063936078447 467.173338118886
1152000 157.925191400936 174.552395778202 135.206464216702 467.68405139584
1153000 158.208127313872 174.69944646292 135.338093152538 468.24566692933
1154000 158.334209700117 174.582305126442 135.733365909811 468.64988073637
1155000 158.32203510681 174.920694743786 135.529646182706 468.772376033303
1156000 158.41279842017 175.001591237273 135.822326162342 469.236715819785
1157000 158.550088108567 175.280541072845 135.772342152562 469.602971333974
1158000 158.627800257523 175.397596435148 135.842012488929 469.867409181601
1159000 158.808270817631 175.69531233065 135.908291634302 470.411874782583
1160000 158.91047780363 175.713091121234 136.043494457879 470.667063382743
1161000 158.992052441338 176.054984541681 136.26364952472 471.310686507739
1162000 159.05895270999 176.1763995217 136.289285357415 471.524637589105
1163000 159.216644957253 176.327181367475 136.392948473136 471.936774797864
1164000 159.285430680568 176.331543012282 136.405569718044 472.022543410894
1165000 159.160825306259 176.428456415949 136.513781480955 472.103063203163
1166000 159.549851611818 176.933590019045 136.609180353625 473.092621984488
1167000 159.607172278497 176.801628049126 136.743051218359 473.151851545982
1168000 159.674824822144 176.870349524793 136.756609528813 473.30178387575
1169000 159.829952906773 177.118014908081 136.645741670822 473.593709485676
1170000 160.330610594954 177.426758821844 136.838424240758 474.595793657556
1171000 160.570941430357 177.602345407827 137.011960124429 475.185246962613
1172000 160.390425060101 178.051840974382 137.184783819327 475.62704985381
1173000 160.491808600733 178.239932810686 137.30487351713 476.036614928549
1174000 160.683980529717 178.346307059415 137.583840860474 476.614128449606
1175000 160.939295013297 178.563753530306 137.425168809656 476.928217353259
1176000 161.225741333627 178.766788747312 137.351216541991 477.34374662293
1177000 161.379861269426 179.050121914259 137.740624889438 478.170608073123
1178000 161.478284297527 179.282511118392 137.792446983221 478.553242399141
1179000 161.66060266067 179.358142166267 137.746204238716 478.764949065653
1180000 161.641764505797 179.456659119493 137.928085316329 479.02650894162
1181000 161.744908980741 179.760626775931 138.069501953955 479.575037710627
1182000 161.904009716242 179.725017397744 138.171038248271 479.800065362257
1183000 162.180383551621 180.349011093802 138.403757575853 480.933152221277
1184000 162.267244966857 180.209724906766 138.499679018876 480.9766488925
1185000 162.501907368644 180.528138737073 138.73016029523 481.760206400947
1186000 162.827458233053 180.262337091832 138.78996393434 481.879759259226
1187000 163.136271851881 180.82918963912 138.850841199641 482.816302690642
1188000 163.301321373487 180.825138264775 139.057447067677 483.183906705939
1189000 163.069148695736 180.941530324594 139.107875265286 483.118554285616
1190000 163.194411334174 181.190772756817 139.100878463016 483.486062554006
1191000 163.086597288487 181.296065395584 138.794577668135 483.177240352206
1192000 163.24475254939 181.327052883455 139.123653635445 483.69545906829
1193000 163.43232457163 181.200581912718 138.939258924994 483.572165409343
1194000 163.827821279603 181.318203243039 139.33049576902 484.476520291663
1195000 163.823543905452 181.58348134055 139.434619369005 484.841644615007
1196000 163.972336271265 181.469843855065 139.241905782884 484.684085909214
1197000 164.14911747339 181.803716119435 139.397005841385 485.34983943421
1198000 164.679036777005 181.554568551349 139.424340846786 485.65794617514
1199000 164.737739379926 181.74064883897 139.336561233405 485.814949452302
1200000 165.112005017155 181.939743626067 139.66946426798 486.721212911203
1201000 165.019523349244 182.155816409853 139.858380813637 487.033720572734
1202000 165.216103723382 182.331397337246 139.866334231186 487.413835291813
1203000 165.425954276148 182.434518287103 140.075428277555 487.935900840807
1204000 165.6030227953 182.57647054945 140.121427494431 488.300920839181
1205000 165.497894120623 182.755530823758 140.352682242256 488.606107186637
1206000 165.488239044253 182.835642704212 140.349999411448 488.673881159913
1207000 165.670440899085 182.879184178987 140.746779308293 489.296404386365
1208000 165.600064409622 182.857608078177 140.906863335977 489.364535823776
1209000 165.905502731585 182.887248794825 141.052620621576 489.845372147986
1210000 166.284690971499 182.977603500902 141.242499621857 490.504794094257
1211000 166.355802014899 183.112022125565 141.325089421531 490.792913561995
1212000 166.414939328805 183.309971519882 141.426396451225 491.151307299912
1213000 166.641482800498 183.63325245823 141.373631080826 491.648366339555
1214000 166.986365599025 184.014229136285 141.390946032251 492.391540767561
1215000 167.004305844984 184.216927629527 141.564626252333 492.785859726844
1216000 167.191334030874 184.356359986831 141.996468494287 493.544162511992
1217000 167.427033759516 184.179112429721 142.004505817464 493.610652006701
1218000 167.500444661588 184.551251581704 142.233485943545 494.285182186838
1219000 167.696618391892 184.795654645801 142.077061682743 494.569334720435
1220000 167.985461519525 184.910866195634 142.198043094953 495.094370810112
1221000 168.293447908009 185.0358670836 142.644291481112 495.973606472721
1222000 168.22954563115 185.227196272318 142.721054928933 496.177796832401
1223000 168.51084370541 185.566940146744 142.89518073881 496.972964590965
1224000 168.843300117976 185.469811327408 142.879964916945 497.193076362329
1225000 168.832267671575 185.536190150887 142.785211366681 497.153669189143
1226000 168.592685535975 185.741160436239 142.985318439367 497.319164411581
1227000 168.87582261899 185.974625329565 143.229383899073 498.079831847628
1228000 168.997815716571 186.461634212032 143.133978241443 498.593428170046
1229000 168.889108048132 186.599252435707 143.289830304125 498.778190787964
1230000 169.299259352359 186.920270413315 143.374632717658 499.594162483332
1231000 169.717980672562 187.112646909017 143.38289208513 500.213519666709
1232000 169.796068010801 187.121202358978 143.313669629988 500.230939999767
1233000 169.90229606748 187.178547492773 143.238557438996 500.31940099925
1234000 169.894676507245 187.956649142375 143.508843063443 501.360168713063
1235000 170.096241268325 187.911986039637 143.815201393689 501.823428701652
1236000 170.272448561855 187.719249909929 143.808352645737 501.800051117521
1237000 170.256059633288 187.966593889115 143.896182517465 502.118836039868
1238000 170.261234498946 188.663428350522 143.993260750756 502.917923600223
1239000 170.367050734722 188.494872997002 144.09741041177 502.959334143494
1240000 170.361563121782 188.553524969322 144.049484238175 502.964572329279
1241000 170.645779188088 188.850428409546 144.134199788904 503.630407386537
1242000 170.736118853359 188.841119757363 144.725488679039 504.302727289762
1243000 170.982625888718 188.8645628729 144.453974958248 504.301163719866
1244000 171.137138141977 189.459072034403 144.723359533448 505.319569709828
1245000 171.137354565277 189.99417199948 144.91306687619 506.044593440947
1246000 171.190025391049 190.083642906895 144.868294587649 506.141962885593
1247000 171.337879022163 190.258077204883 144.611603995201 506.207560222248
1248000 171.705372371993 190.62406112575 144.979008835499 507.308442333242
1249000 171.961506979143 190.498534296956 145.204924825958 507.664966102058
1250000 172.020673709306 190.707569687704 144.652313955417 507.380557352427
1251000 171.779265026763 190.675736419592 145.14228824427 507.597289690624
1252000 172.066013363825 191.016903481882 145.189500101706 508.272416947413
1253000 172.193205212178 191.318815509446 145.331710715391 508.843731437014
1254000 172.313474650856 191.313873678762 145.428879867592 509.056228197211
1255000 172.478258227636 191.625111261848 145.453629520467 509.55699900995
1256000 172.442951930244 191.390842761595 145.677101988046 509.510896679886
1257000 172.716795138508 191.871507996804 145.42733156794 510.015634703253
1258000 172.785180855138 191.835626587708 145.577562020361 510.198369463207
1259000 173.288237639632 192.104774503849 145.742984196403 511.135996339884
1260000 173.230432126967 191.73016300686 145.866107514557 510.826702648384
1261000 173.582000200701 191.907940894055 145.878237842963 511.368178937718
1262000 173.475332874518 192.221047900053 146.092038200025 511.788418974596
1263000 173.596523866711 192.301913958764 146.134665215179 512.033103040654
1264000 173.859968524649 192.609468952305 146.167274216422 512.636711693376
1265000 174.162251153264 192.907895418204 146.1971787385 513.267325309968
1266000 174.028531100955 193.005028191782 146.405415091723 513.43897438446
1267000 174.251867014194 193.298346839531 146.75120290457 514.301416758295
1268000 174.584862397582 193.676730456612 146.519189428473 514.780782282667
1269000 174.537442910171 193.821819422579 146.638264978495 514.997527311245
1270000 174.554945157426 194.048437307082 146.964717384026 515.568099848534
1271000 174.528269088817 194.25273386209 146.735528963789 515.516531914696
1272000 174.752833735965 194.294861184958 147.037956996169 516.085651917093
1273000 175.098036463989 194.399897494054 147.488203857452 516.986137815494
1274000 175.242535742801 194.63872243957 147.472091422907 517.353349605278
1275000 175.394259567297 194.955468035765 147.219262477644 517.568990080706
1276000 175.323399036691 194.89658446357 147.66509161766 517.88507511792
1277000 175.43219708159 194.875898384762 147.887699754654 518.195795221006
1278000 175.635248021464 195.094161465254 147.411864965946 518.141274452664
1279000 175.778703186555 195.12307854142 147.91991600481 518.821697732785
1280000 175.822989399602 195.488498775926 147.869125827559 519.180614003087
1281000 175.825889437462 195.633298064533 148.145689626715 519.604877128711
1282000 175.729257983309 195.94273026403 147.875105588046 519.547093835385
1283000 175.921356140035 196.228033632586 148.07629918597 520.225688958591
1284000 175.914683923983 196.065746899988 148.584804585245 520.565235409216
1285000 176.292711575453 196.117702999685 148.371357430769 520.781772005907
1286000 176.52758397478 196.247989605374 148.550624602027 521.326198182181
1287000 176.448807406478 196.378713709929 148.647953835357 521.475474951764
1288000 176.901719853351 196.806856328047 148.836978475342 522.54555465674
1289000 177.435791424483 196.949590529042 148.909640838458 523.295022791984
1290000 177.662625672157 197.051565844608 148.934179852254 523.648371369019
1291000 177.761370871685 197.040192639924 149.047945724735 523.849509236344
1292000 177.648065053449 197.234090459578 149.200977188843 524.08313270187
1293000 177.614169242104 197.196553787911 149.29307120386 524.103794233875
1294000 177.748334607531 197.380830102823 149.474263323108 524.603428033462
1295000 177.800503518733 197.443737898505 149.456174700217 524.700416117456
1296000 177.712209579979 197.812414568706 149.595585226686 525.120209375371
1297000 177.966680544049 198.044202220259 149.32935705382 525.340239818127
1298000 178.070097684889 198.122440876311 149.54491017668 525.737448737879
1299000 178.179055223418 198.597963810538 149.621557488494 526.39857652245
1300000 178.756729888723 198.49860515197 149.726262218059 526.981597258751
1301000 178.613138110601 198.652393124222 149.912813931693 527.178345166516
1302000 178.949465478599 198.712089902708 149.971115560778 527.632670942085
1303000 179.118976186207 199.054484365082 149.934631675511 528.108092226799
1304000 179.215611558174 199.186495900419 150.292037004194 528.694144462788
1305000 179.584742750928 198.759009788317 150.592255838664 528.936008377909
1306000 179.755287823971 198.929504574707 150.936651271595 529.621443670273
1307000 179.935230348333 199.047480890311 150.975343353052 529.958054591695
1308000 179.68027197344 199.080934794505 150.884899301103 529.646106069048
1309000 180.318576958157 199.3006226695 151.195811211353 530.81501083901
1310000 180.181535599041 199.30399124973 151.147947995119 530.63347484389
1311000 180.443579736151 199.582499647023 151.335773929891 531.361853313065
1312000 180.476146008916 199.610818429456 151.373173379832 531.460137818203
1313000 180.885758883404 199.960235191255 151.515814587931 532.36180866259
1314000 181.082508703757 199.982171543858 151.782440975937 532.847121223552
1315000 180.992781853005 200.169592842574 151.870394083126 533.032768778705
1316000 181.188751964168 200.234086809181 151.873325513717 533.296164287065
1317000 181.276136240171 200.415806835551 151.872886436908 533.56482951263
1318000 181.538226823773 200.63199749968 152.176193526338 534.346417849791
1319000 181.694341721105 200.867793303348 152.336206214835 534.898341239288
1320000 181.72608222252 200.97055328182 152.569288293486 535.265923797826
1321000 181.850795670186 200.963820438541 152.702279687446 535.516895796174
1322000 181.788677586775 201.413032295402 152.633778231192 535.835488113369
1323000 181.977739158925 201.370527799808 152.852165774801 536.200432733534
1324000 182.096454380214 201.489023684429 152.656957254494 536.242435319138
1325000 182.280732394593 201.791755263981 152.753844275958 536.826331934532
1326000 182.263038891797 201.661821660673 152.796790159229 536.721650711699
1327000 182.557401674834 201.968947492096 153.072761838716 537.599111005647
1328000 182.7285275445 201.978984510634 153.236551136899 537.944063192033
1329000 182.8742856112 202.488218682452 153.101064225932 538.463568519584
1330000 183.020560203836 202.221448094997 153.438856007695 538.680864306528
1331000 182.9062360248 202.27819245472 153.568508957325 538.752937436844
1332000 182.931188071714 202.600181152798 153.477261089627 539.008630314138
1333000 183.205622410291 202.777868515021 153.670552993514 539.654043918826
1334000 183.177831692218 202.615254914941 153.517526528356 539.310613135514
1335000 183.16844461207 203.058492402313 153.62016572308 539.847102737463
1336000 183.368669723661 203.433481896857 153.581852996001 540.38400461652
1337000 183.618606209835 203.376089040549 153.836769711658 540.831464962041
1338000 183.57803518335 203.504124266746 153.965100915091 541.047260365186
1339000 183.689855477169 203.503110866013 154.523933822945 541.716900166126
1340000 184.097897723734 203.858348618528 154.519365771214 542.475612113476
1341000 184.362694910061 203.712067300393 154.649214610452 542.723976820907
1342000 184.271331880553 203.845068629829 154.985673309142 543.102073819523
1343000 184.154895352471 204.268163862926 155.159794074247 543.582853289643
1344000 184.22586392797 204.51738808647 155.198749358001 543.942001372441
1345000 184.207136758509 204.543471030226 155.147683582037 543.898291370772
1346000 184.288176207157 204.857580277289 155.469526679493 544.615283163938
1347000 184.130831523152 204.906812484617 155.419016606099 544.456660613868
1348000 184.376967235023 205.01643566592 155.437389929706 544.830792830648
1349000 184.361243885491 205.134689153043 155.502273264522 544.998206303056
1350000 184.796003491528 205.218696365652 155.553180467381 545.567880324561
1351000 185.17730034552 205.091893939512 155.826822542459 546.096016827491
1352000 185.138275528676 205.411263973815 155.942962804931 546.492502307422
1353000 185.197177130974 205.40141139575 156.260069887406 546.85865841413
1354000 185.419566134994 205.645510470876 156.186313684345 547.251390290215
1355000 185.670478831061 205.740371561308 156.386213592545 547.797063984913
1356000 185.823334955003 206.500206727412 156.55931747341 548.882859155825
1357000 186.077577483545 206.592683695616 156.605073294998 549.275334474159
1358000 186.086943440171 206.440991490112 156.844226714824 549.372161645108
1359000 186.028141636583 206.432676220098 156.706064879888 549.16688273657
1360000 186.405534210461 206.644352725659 156.686095746453 549.735982682574
1361000 186.524052042575 206.752223359783 156.905033271145 550.181308673503
1362000 186.642566513617 207.082738796723 156.926126858376 550.651432168716
1363000 186.512037956925 207.254814072439 157.219376157859 550.986228187222
1364000 187.028606314475 207.488693070575 157.178802996709 551.696102381759
1365000 187.108356530658 207.555023167575 157.356530489667 552.019910187901
1366000 187.44659900606 207.920377788339 157.374772952439 552.741749746838
1367000 187.533670389297 208.19498033018 157.596157989534 553.324808709011
1368000 187.776550092137 208.67982992166 157.665978018074 554.122358031871
1369000 187.582127239147 208.589881419228 157.846725672902 554.018734331277
1370000 188.182053810632 208.736887944573 157.873267693089 554.792209448294
1371000 188.275654171033 208.894816968828 157.519404685506 554.689875825367
1372000 188.366581819131 209.316831480164 158.091768300812 555.775181600107
1373000 188.671500672127 209.211304998138 158.101872856765 555.98467852703
1374000 188.973110069239 209.435012052176 158.283899785734 556.692021907149
1375000 188.570601891222 209.563720068719 158.335226363167 556.469548323108
1376000 188.538475874277 209.376288529333 158.516511913075 556.431276316685
1377000 188.958005782792 209.925014889914 159.008659787806 557.891680460512
1378000 189.080576696596 209.903053731027 159.18959371023 558.173224137852
1379000 189.117443784506 210.105851165824 159.455998643598 558.679293593928
1380000 189.562090942897 210.063891580845 159.471357744691 559.097340268433
1381000 189.528348394865 210.375525968441 159.494553453659 559.398427816966
1382000 189.558047181389 210.311492051045 159.57502259217 559.444561824604
1383000 189.695763940349 210.629376259397 159.479322325515 559.804462525261
1384000 189.860839535949 210.934843335913 159.826724110398 560.62240698226
1385000 189.555934784176 210.712423160725 160.065469862521 560.333827807423
1386000 189.800830655046 211.114535765149 159.944996907049 560.860363327244
1387000 190.147204452136 211.124151979532 160.496129385258 561.767485816926
1388000 190.03951286606 211.434891423135 160.284548527984 561.758952817179
1389000 190.172694475366 211.523455393889 160.534837085895 562.23098695515
1390000 190.528136235566 211.747668396732 160.723407734098 562.999212366396
1391000 190.538194700648 212.134793412742 160.705673363476 563.378661476866
1392000 190.798349076129 212.335470635279 160.860647133305 563.994466844714
1393000 190.731123563538 212.649848060366 160.931066255007 564.312037878911
1394000 191.389427696774 213.100549328722 160.904440648619 565.394417674115
1395000 191.344758566691 213.310060414883 161.12976163455 565.784580616124
1396000 191.551811918888 213.66534531393 160.989390380244 566.206547613062
1397000 191.553096840742 213.829795370551 160.988487999211 566.371380210504
1398000 191.950512563212 214.096843353292 161.182863725563 567.230219642067
1399000 192.171171031105 214.15438583519 161.302671137706 567.628228004001
1400000 192.122623123287 214.191348127497 161.352578225296 567.66654947608
1401000 192.199001749343 214.180088072074 161.685325139801 568.064414961217
1402000 192.489843207014 214.489867754944 161.938728812037 568.918439773994
1403000 192.806670961812 214.705986767079 161.773517970773 569.286175699665
1404000 192.765350524732 215.307588756434 162.161795696007 570.234734977172
1405000 192.994995414111 215.558237431057 162.148360680168 570.701593525336
1406000 193.204689279648 215.314861702516 162.12260778191 570.642158764074
1407000 193.160157886467 215.583099674612 162.280220814197 571.023478375277
1408000 193.357631405255 215.511266382057 162.310105319329 571.17900310664
1409000 193.806656704241 215.828556799714 162.531939235228 572.167152739184
1410000 193.874601082907 215.920616559919 162.514978378386 572.310196021212
1411000 194.036042000018 216.000338216186 162.711073386545 572.747453602748
1412000 194.064252661652 216.279108485687 162.876767568359 573.220128715698
1413000 194.208615574009 216.699948022376 163.037405290015 573.9459688864
1414000 194.562544723873 216.738198228081 163.131333518297 574.43207647025
1415000 194.576089438214 216.84712495481 163.111491798068 574.534706191091
1416000 194.831494992257 217.093499379725 163.385029069038 575.31002344102
1417000 195.004864254671 216.997430203334 163.585681179477 575.587975637482
1418000 195.393890654878 216.766810657042 163.739590367062 575.900291678982
1419000 195.328777284169 216.874176114033 163.642559570834 575.845512969036
1420000 195.434733394625 216.874284223786 163.840058337421 576.149075955833
1421000 195.734148245652 217.044084183985 163.897458551272 576.675690980909
1422000 195.665564527702 217.123957530615 164.122382755722 576.911904814039
1423000 196.03958962839 216.780288447995 164.241113572375 577.06099164876
1424000 196.321738829108 216.927220053479 164.375739398704 577.624698281291
1425000 196.670374192213 217.107613713016 164.775384323158 578.553372228387
1426000 196.688945357574 217.103025322479 164.367206346615 578.159177026668
1427000 196.63380572034 217.561582372767 164.735070336614 578.930458429722
1428000 196.902344398723 217.899874410771 164.770383833751 579.572602643246
1429000 197.073560541837 218.123061868803 164.901298855151 580.09792126579
1430000 197.243551159197 218.275038793276 164.835018924045 580.353608876518
1431000 197.719822060516 218.60071319456 165.338152590664 581.65868784574
1432000 197.793323796121 218.343168250665 165.339006475141 581.475498521928
1433000 197.98158537925 218.740244884552 165.04619444684 581.768024710642
1434000 198.100755681838 218.852936981428 165.22721264128 582.180905304546
1435000 198.3876882783 218.798653042283 165.414120586996 582.60046190758
1436000 198.313420322241 219.249692885333 165.266282936321 582.829396143895
1437000 198.46894053124 219.128472093286 165.60842811882 583.205840743346
1438000 198.780437731563 219.586787762497 165.859698358351 584.226923852412
1439000 198.613482120619 219.4820706741 166.008936898209 584.104489692927
1440000 199.016674142302 219.470441587669 165.768643042868 584.255758772839
1441000 198.880092658718 219.835423850847 165.80954254061 584.525059050174
1442000 199.145724109418 220.09419654025 165.884398598471 585.124319248138
1443000 199.045606729642 220.135773903928 165.770197693308 584.951578326879
1444000 199.414432448532 220.208086773267 165.695646824314 585.318166046113
1445000 199.561086695962 220.281140569205 166.168455778706 586.010683043873
1446000 199.591879394651 220.318230357686 166.123847361135 586.033957113472
1447000 199.545449854563 220.505239203085 166.075174626937 586.125863684585
1448000 199.786315686964 220.929053932133 166.131614425028 586.846984044125
1449000 199.869359544229 221.010155220241 166.43309178111 587.31260654558
1450000 200.028545997338 221.157495711563 166.484051485641 587.670093194542
1451000 200.19573259386 220.988731480599 166.401768662402 587.58623273686
1452000 200.653159748237 220.907674883829 166.917988632308 588.478823264374
1453000 200.627580573182 221.033280815587 166.688982291143 588.349843679912
1454000 200.439281446628 221.204564047261 167.027546590752 588.671392084642
1455000 200.578825311155 221.283759607259 167.293959115456 589.15654403387
1456000 200.779330679901 221.538526290796 167.470291209778 589.788148180475
1457000 201.244708160901 221.641135532276 167.344292647239 590.230136340416
1458000 201.125565219192 221.739726651123 167.445807331837 590.311099202151
1459000 201.092001347555 222.072418683069 167.658235322944 590.822655353569
1460000 201.412375925167 222.253157004477 167.524442989563 591.189975919207
1461000 201.124596308529 222.101538348111 167.709315917403 590.935450574044
1462000 201.254956819621 222.62462508764 167.603511624968 591.483093532229
1463000 201.744020682116 222.984854753654 167.538884093697 592.267759529467
1464000 201.985571158875 223.097908389785 167.527347312276 592.610826860936
1465000 202.200249942792 223.575120212978 167.233248842344 593.008618998114
1466000 202.249404584831 223.636335252432 167.734836753639 593.620576590902
1467000 202.744212359794 224.062065478354 167.701383897285 594.507661735433
1468000 202.883419239541 224.08682460058 167.942618900501 594.912862740622
1469000 203.491747524596 223.96035850169 167.808289565725 595.260395592011
1470000 203.455928398931 224.201221776648 167.81424414885 595.471394324429
1471000 203.137823361873 224.261144785824 168.076606254417 595.475574402114
1472000 203.705778150498 224.367230415055 168.156375964898 596.229384530451
1473000 203.732266894192 224.477929653717 168.050950411831 596.26114695974
1474000 203.640244984161 224.605502784152 168.533766731597 596.77951449991
1475000 203.880700135213 224.631821514384 168.454324490593 596.966846140191
1476000 203.693321616981 224.524446722546 168.71966232135 596.937430660877
1477000 204.191792069214 224.544893486063 168.623027072612 597.359712627888
1478000 204.04455657183 224.885008465807 168.755607036542 597.685172074179
1479000 204.171214768305 225.220154539562 168.875734529798 598.267103837665
1480000 204.382386629442 225.432590774056 169.277662367841 599.092639771339
1481000 204.617704001011 225.316680874457 169.289792692074 599.224177567542
1482000 204.763723001806 225.375005084334 169.598979381352 599.737707467491
1483000 204.905113993188 225.642553551768 169.758647340993 600.306314885948
1484000 205.335507138384 225.702498184897 169.777883341466 600.815888664747
1485000 205.503698860459 226.024207939409 170.142880943836 601.670787743704
1486000 205.330449359425 225.795898791953 169.893806262589 601.020154413967
1487000 205.618594502631 226.130753658469 170.187968216206 601.937316377307
1488000 205.988722459867 226.19776151113 170.216336946491 602.402820917488
1489000 206.237885342768 226.21720878914 170.219956016059 602.675050147968
1490000 205.873937271416 226.473264279245 170.278267568462 602.625469119123
1491000 205.715065193536 226.412163824428 170.481845918383 602.609074936346
1492000 206.077553912862 226.898722702154 170.838812488237 603.815089103252
1493000 206.201415044541 226.888187660855 170.671575408974 603.761178114369
1494000 205.982850590067 227.351145642038 170.77121648952 604.105212721626
1495000 206.369530431727 227.654764617853 171.015665610472 605.039960660052
1496000 206.271157345364 228.241412130359 170.792528597744 605.305098073468
1497000 206.652460922143 228.065671099106 171.068796337633 605.786928358881
1498000 206.942965678122 228.510553273191 171.021922025189 606.475440976502
1499000 207.36315052679 228.450809899961 170.810092683897 606.624053110648
1500000 207.575873444529 228.667480027002 171.162574832793 607.405928304323
1501000 207.92420724378 228.702183088696 171.400779080463 608.027169412939
1502000 208.173348389527 229.032019063833 171.735028088963 608.940395542322
1503000 208.284625124358 229.318322922064 171.833065416751 609.436013463173
1504000 208.575967795202 229.246398575549 172.005908242746 609.828274613498
1505000 208.689459829373 229.241483283342 171.94214792726 609.873091039975
1506000 208.527640412576 229.312281669611 172.039505498671 609.879427580858
1507000 208.618922131384 229.491460661606 171.97181363309 610.082196426079
1508000 208.572375732983 229.789028274066 172.389133176881 610.750537183931
1509000 208.65326700742 230.100153947558 172.497313640562 611.250734595541
1510000 208.798757873703 230.6198165747 172.526107704956 611.944682153359
1511000 208.707817112452 230.511322726083 172.473233142911 611.692372981446
1512000 208.85789364761 230.630756744854 172.489988171695 611.978638564158
1513000 208.810063724509 230.84318364838 172.71233018561 612.365577558498
1514000 209.089611830163 230.857927557606 172.918100896541 612.86564028431
1515000 208.894231072708 230.843677255973 172.937259576237 612.675167904918
1516000 209.458537094121 231.276727847808 172.867998405428 613.603263347357
1517000 209.350029065759 231.542073972693 173.014538865605 613.906641904056
1518000 209.49822762068 231.700775784586 173.23123761038 614.430241015645
1519000 209.79061165967 231.705729914415 173.452852193398 614.949193767483
1520000 209.73747578107 231.619015688849 173.663585986406 615.020077456325
1521000 209.809795201046 232.217492200399 173.832168091686 615.85945549313
1522000 209.987579559947 232.188580214819 173.864036253855 616.04019602862
1523000 210.170320345414 232.404324251968 174.215762734387 616.79040733177
1524000 210.244349633827 232.421039546057 174.643438646829 617.308827826713
1525000 210.246985153203 232.582597297375 174.438973174597 617.268555625174
1526000 210.707031499581 232.881744169923 174.448368013796 618.037143683301
1527000 210.88264955922 233.051547792061 174.713353744071 618.647551095352
1528000 211.14178308447 233.36295465629 174.887526784135 619.392264524895
1529000 211.064180335655 233.441016667338 175.257107464513 619.762304467505
1530000 211.374249540513 233.521799698761 175.220061371052 620.116110610327
1531000 211.646365298733 233.796703000376 175.429879971306 620.872948270415
1532000 211.553795473097 233.539661758225 175.544124849972 620.637582081294
1533000 211.754592258764 233.725998704903 175.816994966839 621.297585930506
1534000 211.784597742978 233.954578522785 175.971222716001 621.710398981764
1535000 211.668624753839 233.960862897445 175.814535048754 621.444022700038
1536000 211.993393004566 233.950963591361 176.074340643636 622.018697239563
1537000 212.151206174108 234.252483804137 176.367068919523 622.770758897768
1538000 212.340634193174 234.063700510441 176.344928765301 622.749263468916
1539000 212.368540992931 233.862876814005 176.324144590156 622.555562397093
1540000 212.614239935396 233.837888856396 176.214955330786 622.667084122577
1541000 212.5598403616 234.291985847287 176.57481324532 623.426639454206
1542000 212.929541214857 234.498993887869 176.609763023038 624.038298125765
1543000 213.103926511064 234.862721904697 176.529835141701 624.496483557461
1544000 213.087916557851 235.141231715845 176.74771591869 624.976864192386
1545000 212.849792316069 235.113348527719 176.883761103198 624.846901946985
1546000 213.405781701208 235.104031406049 177.305503741515 625.815316848773
1547000 213.476567406949 235.429409961662 177.062212818986 625.968190187597
1548000 213.956722888788 235.107141823401 177.439907983008 626.503772695197
1549000 213.693165932554 235.605885927938 177.755241718455 627.054293578947
1550000 214.116633324839 235.417032504389 177.531862912758 627.065528741986
1551000 214.373309020476 235.2931111097 177.845988406512 627.512408536688
1552000 214.625199273289 235.131064096866 177.990773966981 627.747037337136
1553000 214.631917477008 235.729596959633 177.946774728528 628.308289165169
1554000 214.710659503673 235.726009584765 177.723499833548 628.160168921986
1555000 214.736749649024 235.706887906094 178.102321960841 628.545959515959
1556000 215.040794487493 236.032969001176 177.852884773444 628.926648262113
1557000 214.869918073753 236.248023650316 177.970039323046 629.087981047115
1558000 214.888632358572 236.27468559011 178.074072923461 629.237390872144
1559000 215.125796661742 236.064865542984 178.354245765323 629.544907970049
1560000 215.493597399695 236.304013955197 178.295128736297 630.092740091188
1561000 215.668258046294 236.188870018402 178.308649999378 630.165778064075
1562000 215.867919189684 236.300531097062 178.320256151247 630.488706437993
1563000 215.772406664875 236.615025049042 178.271073614429 630.658505328346
1564000 216.00477335273 236.588930896973 178.467222089643 631.060926339346
1565000 216.27929847609 237.181911154934 178.374610747153 631.835820378177
1566000 216.441306980812 236.939262456449 178.86962884377 632.250198281031
1567000 216.349800482629 236.985582147472 178.861293180375 632.196675810477
1568000 216.552022585687 237.064064598979 179.0104461161 632.626533300766
1569000 216.510581888665 237.611093353348 178.97344491585 633.095120157862
1570000 216.63638931863 237.432454764056 179.467837575623 633.536681658309
1571000 216.840530455646 237.351106004381 179.412574518582 633.604210978609
1572000 217.170077926314 237.24778262944 179.813760789351 634.231621345105
1573000 217.335657846259 237.65749950837 180.216955640676 635.210112995305
1574000 217.435790832255 237.624811574214 180.222793270893 635.283395677362
1575000 217.392580790218 237.914840757417 180.553364264694 635.860785812329
1576000 217.354518497635 238.038371261859 180.388155092868 635.781044852362
1577000 217.597180499379 238.0470558438 180.9222573741 636.566493717279
1578000 217.664869588494 238.082814380411 180.860973973317 636.608657942221
1579000 217.733757619182 238.371545585318 181.426128190898 637.531431395398
1580000 217.792414228137 238.317029416275 181.506596324639 637.616039969051
1581000 218.017932946433 238.51223596737 181.330251934918 637.860420848722
1582000 218.226200465156 238.75929583139 181.405080398821 638.390576695368
1583000 218.354156669529 238.799635378799 181.110491867618 638.264283915946
1584000 218.620372049258 238.928095597861 181.793204466417 639.341672113536
1585000 218.837586970221 239.400716222197 181.700923439759 639.939226632176
1586000 219.106550146515 239.40023189426 181.974041307787 640.480823348562
1587000 219.277274644226 239.895995956172 181.991019332177 641.164289932574
1588000 219.238708712301 239.607493143712 182.012374022552 640.858575878564
1589000 219.549426571377 240.050346245295 182.279667809392 641.879440626064
1590000 219.566593028064 240.23663417 182.144709116972 641.947936315037
1591000 219.80664100589 240.152293398679 182.154907112422 642.11384151699
1592000 220.14357056547 240.482522283197 182.367492174151 642.993585022819
1593000 220.258491983003 240.976170523587 182.458523154621 643.693185661211
1594000 220.527271878786 240.936718533435 182.529668759098 643.993659171319
1595000 220.61431926389 240.68163648996 182.739687981581 644.035643735431
1596000 220.86684172592 240.789642966726 182.662033010929 644.318517703575
1597000 220.929015829763 240.946771781911 182.84539844094 644.721186052614
1598000 220.765415488724 241.271327093029 183.10377682255 645.140519404303
1599000 220.713577557085 241.101327297088 182.903432458839 644.718337313011
1600000 221.052153547507 241.581600995534 183.10668965467 645.740444197711
1601000 221.191660372224 241.663234793048 183.098633608024 645.953528773296
1602000 221.239051804827 241.821551874178 183.026096818533 646.086700497539
1603000 221.57569672446 241.664648709921 183.239047499482 646.479392933863
1604000 221.591111943712 241.883100368388 183.378645914412 646.852858226511
1605000 221.332878070365 242.037795847654 183.317772091188 646.688446009207
1606000 221.378380906055 242.352794481889 183.527221505231 647.258396893175
1607000 221.501219758046 242.541243946307 183.837593463833 647.880057168186
1608000 221.672730990289 242.743033346914 183.769439297034 648.185203634237
1609000 221.821116298707 242.995649079118 183.491599371005 648.30836474883
1610000 221.972546573199 243.343065749741 183.763464202281 649.079076525221
1611000 222.28876023219 243.596456126412 183.73992340365 649.625139762252
1612000 222.092471773786 243.81850196159 183.915327268134 649.826301003511
1613000 222.519597805321 244.177131771529 184.01889104672 650.71562062357
1614000 222.666576878975 244.164137106404 184.008692642639 650.839406628018
1615000 222.755167467523 244.292505218671 184.149146089823 651.196818776018
1616000 222.955953899122 244.435369247808 183.990871681591 651.382194828521
1617000 223.13658867407 244.59751994987 184.201664668999 651.935773292938
1618000 223.27900393114 245.037463102162 184.486339527559 652.802806560861
1619000 223.584385695892 245.074544508044 184.2671346444 652.926064848336
1620000 223.525143238805 245.123824949314 184.494222641787 653.143190829906
1621000 224.01372831309 245.480238849011 184.66435722993 654.158324392031
1622000 224.260376466008 245.681278816014 184.713495449455 654.655150731477
1623000 224.280946956367 246.069911246618 184.699428889003 655.050287091988
1624000 224.344640241626 246.272945330944 184.957973588599 655.57555916117
1625000 224.588958805576 246.183815503621 184.898630897695 655.671405206891
1626000 224.726385549104 246.660635320295 184.946329772457 656.333350641856
1627000 224.931761104351 247.182111321123 184.955751647156 657.069624072629
1628000 225.312356385168 247.127979096624 184.975651458313 657.415986940105
1629000 225.66677653987 247.189515981304 185.216525364929 658.072817886103
1630000 225.64901032976 247.603514948144 185.141303375646 658.393828653551
1631000 225.609973454718 247.656894015743 185.552429036857 658.819296507318
1632000 225.575838158488 247.707751758938 185.500838132036 658.784428049462
1633000 225.902943161226 247.79989494982 185.573985387778 659.276823498824
1634000 226.06472004994 247.724302235 186.024057102446 659.813079387386
1635000 226.287786653356 248.133206508456 186.014724395132 660.435717556944
1636000 226.510766869644 248.330955477521 186.437136654981 661.278859002146
1637000 226.368507684144 248.426919426881 186.353354628638 661.148781739663
1638000 226.626712835617 248.664274272363 186.524556170698 661.815543278678
1639000 226.948949000803 248.52358534801 186.522752071109 661.995286419922
1640000 226.98235931732 248.98906965285 186.55614826622 662.52757723639
1641000 227.002352661199 249.247949649062 186.727336303522 662.977638613783
1642000 227.163117920966 249.358027222422 186.845751042729 663.366896186116
1643000 227.565959242586 249.870027087683 187.03846880494 664.474455135209
1644000 227.66830616307 249.807556815448 186.760327539976 664.236190518494
1645000 227.774686706013 250.109281368514 187.313338640327 665.197306714854
1646000 227.750477605589 249.984683881615 187.412869503984 665.148030991187
1647000 227.885061975647 250.091892107152 187.380672194064 665.357626276862
1648000 228.297798226731 250.283813977238 187.392684744427 665.974296948396
1649000 228.450148220283 250.423429997163 187.572494222578 666.446072440025
1650000 228.693420304693 250.567193241052 187.620451079196 666.881064624941
1651000 228.631897279093 250.656376487965 187.75659231162 667.044866078678
1652000 228.75078135886 250.879146478503 187.992026715984 667.621954553347
1653000 228.835995593462 250.568123246077 188.114878176504 667.518997016042
1654000 229.212884202462 250.483268987088 188.388316501011 668.084469690561
1655000 229.431228820648 250.758182502708 188.354743293971 668.544154617327
1656000 229.733139223807 251.223299526237 188.605125190745 669.561563940789
1657000 229.661407665996 251.308275560615 188.872891464791 669.842574691402
1658000 229.760943886049 251.571415126385 189.067972376203 670.400331388638
1659000 229.730449027831 251.139423221244 189.417461591763 670.287333840838
1660000 229.823597199153 251.315264554548 188.914062983698 670.052924737399
1661000 230.330901218253 251.714127574095 189.193601701146 671.238630493495
1662000 230.497360932901 251.360033906587 189.236048107607 671.093442947095
1663000 230.695827841683 251.44075170826 189.620772401533 671.757351951477
1664000 231.264166218986 251.435315199652 189.612755071719 672.312236490357
1665000 231.284093825569 251.736253205596 189.9550547024 672.975401733564
1666000 231.187107819948 251.672158011153 189.989602131024 672.848867962125
1667000 231.71660732524 252.021784102672 189.961766958073 673.700158385985
1668000 231.594472999183 252.029306259972 190.289092466423 673.912871725578
1669000 231.83109368959 252.501592506215 190.355239476094 674.687925671899
1670000 232.225175487503 252.71681383857 190.404561397675 675.346550723747
1671000 232.454785168392 253.045465210328 190.387230440665 675.887480819384
1672000 232.441328170999 253.320544922789 190.506133145761 676.26800623955
1673000 232.434904852331 253.40025936935 190.564940277653 676.400104499334
1674000 232.420793267665 253.483970918193 190.710609268209 676.615373454067
1675000 232.836244593251 253.746320655923 190.775370683529 677.357935932702
1676000 232.798342208623 253.505696604474 190.519359135823 676.82339794892
1677000 232.981418632391 253.606044309939 190.390513931171 676.977976873501
1678000 233.118437932073 253.699637678518 190.582588204994 677.400663815584
1679000 233.282196426938 253.977985571913 191.04869124191 678.308873240761
1680000 233.445796277301 254.164697858996 190.856053618806 678.466547755102
1681000 233.303553438315 254.319128283583 190.794778593444 678.417460315342
1682000 233.631679309536 254.503687489963 191.043031801721 679.17839860122
1683000 233.511387117584 254.903030580257 191.020248080496 679.434665778337
1684000 233.701835008455 255.340427014083 191.119539174231 680.161801196769
1685000 233.546808760555 255.343284409566 191.461368112739 680.35146128286
1686000 233.888697800852 255.442056284079 191.012722945469 680.3434770304
1687000 233.854320668675 255.364053091413 190.992082281441 680.210456041529
1688000 233.83607150823 255.783584677891 191.020415128386 680.640071314507
1689000 234.365027371304 256.217680411536 191.246610226545 681.829318009385
1690000 234.458781637318 256.452856868903 191.249506054634 682.161144560855
1691000 234.275430173739 256.766812942783 191.098343675769 682.140586792291
1692000 234.458590570724 256.721072826344 191.365349020407 682.545012417476
1693000 234.850001439168 256.724470902139 191.139908175401 682.714380516707
1694000 234.937541802722 257.257576465099 191.569847018486 683.764965286307
1695000 234.927204682129 257.210441153625 191.481675565387 683.619321401141
1696000 235.132314259817 257.483773724005 191.867535645039 684.48362362886
1697000 235.303623800072 257.646966011775 191.952522092993 684.903111904839
1698000 235.340904921347 257.644977254569 191.748168973269 684.734051149185
1699000 235.385911152262 257.965794989155 191.936013345209 685.287719486626
1700000 235.695124399461 257.655594232414 191.868748081656 685.219466713532
1701000 235.980846463455 257.705394299598 192.312022284272 685.998263047324
1702000 236.468101137651 257.935267605258 192.068699448306 686.472068191215
1703000 236.513047405625 258.042913375129 192.270554011967 686.82651479272
1704000 236.894890762245 258.250861898132 192.468034562763 687.613787223139
1705000 236.995809604835 257.944293112797 192.67245334224 687.612556059873
1706000 237.035450060382 258.167122121436 192.609566087167 687.812138268985
1707000 237.109003357114 258.146520226443 192.863488547917 688.119012131474
1708000 237.292980545099 258.061807690472 192.951710562421 688.306498797992
1709000 237.35254535407 258.362698515201 193.187153602837 688.902397472109
1710000 237.619471103715 258.209291949284 193.450527525021 689.27929057802
1711000 237.559113967934 258.836342286921 193.662702559052 690.058158813907
1712000 237.684579539471 259.215863615331 193.369935003349 690.270378158151
1713000 237.790252319742 259.111576302443 193.756147048288 690.657975670474
1714000 237.269767027944 259.45766804376 194.046734911193 690.774169982898
1715000 237.223114476182 259.504009054498 194.22538188876 690.952505419439
1716000 237.44314982726 260.165227701704 194.108317164692 691.716694693657
1717000 237.900331443983 260.0772508039 194.607362895368 692.584945143251
1718000 237.856318086148 260.205479435659 194.811035785744 692.87283330755
1719000 237.754174223199 260.51228563438 195.033051400274 693.299511257853
1720000 237.676548132546 260.893199288381 194.932837876884 693.502585297811
1721000 237.440987168939 260.606753261289 195.02329457444 693.071035004669
1722000 237.923717814206 261.226758186933 195.057529784535 694.208005785674
1723000 237.822532928931 261.274083888684 195.374679270659 694.471296088274
1724000 238.043551270293 261.336165722138 195.445461189809 694.825178182239
1725000 238.242656838039 261.50712893245 195.270228175998 695.020013946487
1726000 238.351930963548 261.724780420008 195.728431288191 695.805142671747
1727000 237.949991385289 262.060884882684 195.640576934629 695.651453202602
1728000 238.450602471289 262.219885489431 195.950281649802 696.620769610522
1729000 238.488050464826 261.971541843274 196.01475022624 696.474342534339
1730000 238.582916276787 262.154554652591 196.218251970499 696.955722899877
1731000 238.368833046508 262.118546229983 196.10008093953 696.587460216021
1732000 238.881265938518 262.118713178102 196.5344601994 697.53443931602
1733000 238.636415241668 262.185687123747 196.66232891012 697.484431275535
1734000 238.824612361059 262.061427978374 196.498268055141 697.384308394574
1735000 239.319514644917 262.158515840554 196.577817816197 698.055848301668
1736000 239.508557245462 262.277805603794 196.798183464654 698.584546313911
1737000 239.863078880759 262.292290937107 197.012471292842 699.167841110709
1738000 239.844748749488 262.914564675826 196.718383548287 699.477696973601
1739000 239.699748492969 262.898461747338 196.985379126695 699.583589367001
1740000 239.905983566267 263.032382069461 197.062093201159 700.000458836887
1741000 240.344349257496 263.3166326022 196.930486769935 700.59146862963
1742000 240.439900662121 263.06306010892 197.29031174463 700.793272515671
1743000 240.609119701718 263.463305932886 197.318727079723 701.391152714327
1744000 240.515422545191 263.547581533384 197.779833793079 701.842837871653
1745000 240.62575376727 263.626864073375 197.5703499547 701.822967795344
1746000 241.208721751413 263.815835445567 197.968443983925 702.993001180905
1747000 241.311176212304 264.151588124941 197.774592089793 703.237356427038
1748000 241.447038022704 264.525927422382 198.281162779947 704.254128225034
1749000 241.635229421156 264.826706051864 198.552184265398 705.014119738418
1750000 241.748038967102 265.031053351738 198.772417676283 705.551509995123
1751000 241.618012231247 265.345051822335 198.960465088817 705.923529142399
1752000 241.957264123837 265.613634938804 198.697810937532 706.268710000173
1753000 242.138691842887 265.764859264028 199.039389680059 706.942940786974
1754000 242.384765053434 265.892576075726 199.188241635983 707.465582765144
1755000 242.461026999854 265.567974697323 199.444297545353 707.47329924253
1756000 242.725884027877 265.799462366686 199.713277800939 708.238624195501
1757000 242.920483913963 265.744093819951 199.513988018243 708.178565752157
1758000 243.174441758354 265.696188537738 199.983250384718 708.85388068081
1759000 243.341349245473 265.910350736706 199.750949845928 709.002649828108
1760000 243.436597810891 265.859348796921 199.520012613042 708.815959220854
1761000 243.660072728614 265.904644278698 199.791885848059 709.356602855371
1762000 243.890426146931 265.985078953713 200.008631814471 709.884136915114
1763000 244.294884030681 266.286444046226 199.980614883019 710.561942959926
1764000 244.586353094281 266.334374367391 200.430795862198 711.35152332387
1765000 244.607490468412 266.682081439721 200.584421097245 711.873993005378
1766000 245.079710109154 267.031947581631 200.35402935691 712.465687047694
1767000 244.879232885681 267.097887130992 200.375050980831 712.352170997503
1768000 244.863826432067 267.332088615888 200.300782494795 712.49669754275
1769000 244.880616307217 267.659263575545 200.762688689386 713.302568572149
1770000 245.096833712545 268.037603188341 200.804688563553 713.93912546444
1771000 245.028586099184 267.960985688636 201.065083649716 714.054655437536
1772000 245.118945887673 268.417210058798 201.176020352145 714.712176298615
1773000 245.384569451423 268.012430676563 201.248578535609 714.645578663595
1774000 245.361788012812 268.218000855749 201.500699691084 715.080488559645
1775000 245.617448215346 268.464047920705 201.42903847099 715.510534607041
1776000 245.515887594368 268.720545028335 201.712760601012 715.949193223715
1777000 245.777962881751 268.410160296076 202.176038906724 716.364162084551
1778000 245.82183496564 269.029865578476 202.400255875369 717.251956419484
1779000 246.097279522626 268.797531837827 202.379045797315 717.273857157768
1780000 245.931878759724 268.881940981133 202.205718558101 717.019538298958
1781000 246.037646248658 269.289241158335 202.389477608197 717.71636501519
1782000 246.324780818824 269.503131138608 202.585740054845 718.413652012276
1783000 246.335113270897 269.710947694394 202.780488900125 718.826549865416
1784000 246.521777425552 270.092608942135 202.936843249055 719.551229616742
1785000 246.317752946753 270.268373273795 202.934843975424 719.520970195972
1786000 246.224740055211 270.65377266374 203.100076213136 719.978588932086
1787000 246.694079473217 271.006992426931 203.087630211637 720.788702111785
1788000 246.556088785457 271.15619764527 203.39796948417 721.110255914897
1789000 246.784210387676 271.150849418841 203.449433267081 721.384493073597
1790000 246.537782406077 271.205207808627 203.539431234603 721.282421449308
1791000 246.756167845227 271.661622873748 203.77331688223 722.191107601205
1792000 247.105974144354 271.424102088982 203.796890789346 722.326967022682
1793000 247.198587414024 271.780617689677 204.181174572663 723.160379676363
1794000 246.997662815206 271.833758171816 204.022565699822 722.853986686844
1795000 247.216411613788 271.771937247699 204.667941678088 723.656290539575
1796000 247.501741098035 271.798883966089 204.549596865914 723.850221930037
1797000 247.517263474588 271.924867096428 204.357443043113 723.799573614128
1798000 247.682398283237 271.933042770432 204.704190646333 724.319631700002
1799000 247.69942878831 271.833223043255 204.883147794557 724.415799626122
1800000 247.643907038401 272.115351171758 204.801361537088 724.560619747248
1801000 247.917670957009 272.082886364702 205.060724675237 725.061281996948
1802000 248.392597080688 272.166871139077 205.37081768702 725.930285906785
1803000 248.571796417674 272.734478907905 205.338297593711 726.644572919291
1804000 248.712044979899 272.913946206945 205.273683834044 726.899675020887
1805000 248.75632485347 272.892411599328 205.059985470542 726.708721923341
1806000 249.361010861867 272.946988020856 205.496783451832 727.804782334555
1807000 249.5415641301 273.253536974477 205.587889414625 728.382990519202
1808000 249.73178128746 273.280244879454 205.569659018734 728.581685185647
1809000 250.040624280492 273.326575855981 205.936467846432 729.303667982905
1810000 250.293600524123 273.436576226097 205.961029847866 729.691206598086
1811000 250.167234401354 273.568245965473 205.739676898041 729.475157264868
1812000 250.281674516748 273.658707136997 205.937005903013 729.877387556758
1813000 250.47244804375 273.733131182184 206.098707270924 730.304286496857
1814000 250.668498238903 274.031401960801 206.15570388529 730.855604084994
1815000 250.776957455565 274.2775395655 205.862229107027 730.916726128092
1816000 250.869955068838 274.052574955149 206.097147600831 731.019677624819
1817000 250.711025210909 274.152766619858 206.238621711572 731.102413542339
1818000 250.73587530127 273.935502975474 206.3461468871 731.017525163844
1819000 250.80131864207 274.111112407168 206.438096417284 731.350527466521
1820000 250.771617841362 274.201180757667 206.851868489129 731.824667088158
1821000 251.036065927012 273.95768809127 207.080257622579 732.074011640861
1822000 251.114282099306 274.12680834791 207.233563996896 732.474654444112
1823000 251.195105970492 274.535462738785 207.214458397696 732.945027106973
1824000 251.429974180197 274.624211990433 207.283966028699 733.338152199329
1825000 251.527501305925 274.825743188836 207.470216413787 733.823460908548
1826000 251.862253943366 274.881813693814 207.708787784391 734.45285542157
1827000 251.800896542567 275.189215327184 207.508575406144 734.498687275895
1828000 251.796788014391 275.172528195129 207.639174491819 734.608490701339
1829000 252.077974338412 275.170554504083 207.640079898076 734.888608740571
1830000 252.223902742885 275.093868068783 207.5999370359 734.917707847568
1831000 252.306417263298 275.651874964549 207.724934126458 735.683226354305
1832000 252.423906981155 275.582026116857 207.773586704163 735.779519802174
1833000 252.82807782437 276.109721738905 207.969948946563 736.907748509837
1834000 252.921295429767 276.145558414628 208.13779980348 737.204653647875
1835000 253.064657410857 276.099968035508 208.260288576317 737.424914022681
1836000 253.043299409619 276.083062070032 208.775746481788 737.902107961439
1837000 252.982387914147 276.146741374267 208.643593527292 737.772722815706
1838000 253.406536524089 276.733639767318 208.838516654761 738.978692946167
1839000 253.477962017266 276.731002969759 208.744583619792 738.953548606817
1840000 254.275095662934 277.088933226412 208.968453232581 740.332482121927
1841000 254.292445151348 276.947548678493 209.050553921539 740.290547751379
1842000 254.327610760552 276.855007634474 209.439040727691 740.621659122716
1843000 254.664311838645 277.00083373036 209.537664496473 741.202810065478
1844000 254.594706781799 277.326659367252 209.679533412818 741.600899561868
1845000 254.708841356926 277.427292510005 209.976224104854 742.112357971785
1846000 255.112325857718 277.384402907985 210.053001654218 742.549730419921
1847000 255.019112668431 277.426757528055 210.101259738569 742.547129935054
1848000 255.110369136776 277.647130187817 210.129856105305 742.887355429898
1849000 255.402148313482 277.846462747584 210.167479294811 743.416090355877
1850000 255.756592942299 277.883961451111 210.275842655172 743.916397048582
1851000 255.497612132209 277.976499328107 210.638383511899 744.112494972215
1852000 255.663666120262 278.088650753958 210.516399658492 744.268716532712
1853000 255.652391980303 277.71221704341 211.178454019678 744.543063043391
1854000 255.524994813091 278.022866758863 211.597811345203 745.145672917157
1855000 255.612889271444 278.229238718754 211.409718285854 745.251846276051
1856000 256.044078816813 278.091640282817 211.309529513993 745.445248613622
1857000 256.078579948956 278.412728924385 211.223813297494 745.715122170836
1858000 256.336220606592 278.320392849581 211.459583015034 746.116196471208
1859000 256.600474129317 278.728538363513 211.472348910933 746.801361403764
1860000 256.951530203389 278.625947099524 211.767081448967 747.344558751881
1861000 256.762286468736 278.605408476539 211.711761672497 747.079456617772
1862000 256.981957322748 279.048974065327 211.63927492898 747.670206317056
1863000 257.127033802601 279.292076408547 211.688204605144 748.107314816291
1864000 257.310382737003 279.301836089909 211.751237637381 748.363456464293
1865000 257.627832311892 279.200658845157 211.894172130873 748.722663287922
1866000 258.126061620063 279.5894035428 211.932989543233 749.648454706096
1867000 258.236322977143 279.799996337005 212.058623819542 750.09494313369
1868000 258.254704607179 280.213397909728 212.381110504082 750.849213020989
1869000 258.726202098133 280.181143884842 212.576535989438 751.483881972412
1870000 258.701873274822 280.263530022664 212.122108360743 751.08751165823
1871000 258.761408052949 280.686837816423 212.382358687767 751.83060455714
1872000 258.868470622692 280.661253677753 212.718573180199 752.248297480645
1873000 259.24378744682 280.612687573505 213.062569198048 752.919044218373
1874000 259.17833549569 280.774864801543 213.225307492073 753.178507789305
1875000 259.067021840542 280.514664111075 213.306084694645 752.887770646263
1876000 259.227108133877 280.336850104663 213.455696989856 753.019655228397
1877000 259.707174388323 280.514903922384 213.333362707189 753.555441017896
1878000 260.028289996529 280.532341681468 213.333279992777 753.893911670775
1879000 260.198869120757 280.471572942639 213.369254299227 754.039696362623
1880000 260.355448521774 280.664320908917 213.552322557276 754.572091987967
1881000 260.479978583988 280.561616124064 213.52564397659 754.567238684642
1882000 260.893420544574 280.742474425886 213.763815343916 755.399710314376
1883000 260.955797792779 280.717743841151 213.690990249044 755.364531882974
1884000 261.306439850039 281.256829072897 213.861389230417 756.424658153353
1885000 261.281639624179 280.836085151921 213.806352292333 755.924077068434
1886000 261.537425942817 281.314054395298 213.977508215385 756.8289885535
1887000 261.463259356731 281.486080717002 213.730550827788 756.679890901522
1888000 261.705427644101 281.349538653666 213.806889133142 756.861855430909
1889000 261.790168233007 281.745699552842 213.918363277256 757.454231063105
1890000 261.917385960057 281.7776639274 214.150317097595 757.845366985052
1891000 262.051903747543 281.671524341938 214.124883441221 757.848311530702
1892000 262.334400683184 282.082770735706 214.203128678162 758.620300097053
1893000 262.068393681691 282.305534580248 214.314749091203 758.688677353142
1894000 262.417687109974 282.391508982774 214.291338734515 759.100534827263
1895000 262.40077612346 282.660471105718 214.274975707139 759.336222936317
1896000 262.72698993501 282.939259778933 214.235815920043 759.902065633986
1897000 263.070526141321 282.931344107219 214.3157759987 760.31764624724
1898000 263.132075505323 283.386540490936 214.668875921301 761.18749191756
1899000 263.371222331738 283.235728027131 214.113751292717 760.720701651586
1900000 263.338857662623 283.612181065493 214.340350557 761.291389285117
1901000 263.490833356356 283.856316791619 214.468000009777 761.815150157752
1902000 263.660323478981 283.79201679741 214.789268038339 762.241608314729
1903000 263.591684706608 283.735095507651 215.175124220703 762.501904434962
1904000 263.709939151628 284.250777483199 215.490482650489 763.451199285316
1905000 263.867201211937 284.478915642701 215.306588686697 763.652705541335
1906000 263.899821014235 284.582646267667 215.115148980038 763.597616261941
1907000 264.086689740467 284.760784191262 215.353737697782 764.201211629511
1908000 264.297601532961 285.34546404918 215.298717367086 764.941782949226
1909000 264.5245454148 285.014638881758 215.563097376821 765.102281673379
1910000 264.708955726358 285.484768144479 215.559580807271 765.753304678108
1911000 264.886928801146 285.761277484178 215.702871879975 766.351078165299
1912000 265.300413433809 285.988923347539 215.783035641621 767.072372422969
1913000 265.528761467084 286.166975811139 215.885083426477 767.580820704699
1914000 265.405556201268 286.229513808542 216.050368473305 767.685438483115
1915000 265.614181045775 286.183211624337 215.965056800333 767.762449470445
1916000 265.948226957483 286.43468904551 216.342839157256 768.725755160249
1917000 266.005200768141 286.445832040932 216.266987453617 768.718020262689
1918000 266.156262226726 286.528991358328 216.751076628938 769.436330213993
1919000 266.443670613437 286.710602994283 216.980297081976 770.134570689696
1920000 266.514977011978 286.750845861111 217.155361381591 770.42118425468
1921000 266.566067344976 286.946226588938 217.804196139277 771.316490073192
1922000 266.635217171431 287.312412400152 217.264536564714 771.212166136297
1923000 267.100411768941 287.507419140566 217.368905609046 771.976736518553
1924000 267.372348516229 287.334584113597 217.554794364915 772.261726994741
1925000 267.164098161512 287.574603175049 217.47504398729 772.213745323851
1926000 267.668263713396 287.77249024866 217.966780184941 773.407534146997
1927000 267.756298886896 288.130267315336 217.992452783714 773.879018985946
1928000 267.706710655187 288.150226075366 218.019010663572 773.875947394126
1929000 268.126610372394 288.262702588856 217.959087469858 774.348400431108
1930000 267.762016470606 289.068838842475 218.182547162429 775.013402475509
1931000 268.16767016346 288.876571554149 218.111206350198 775.155448067808
1932000 268.248819077575 288.662564703964 218.394002262037 775.305386043576
1933000 268.06188701744 288.655507762844 218.658240187802 775.375634968086
1934000 268.191316549012 288.625459986505 218.969242341501 775.786018877017
1935000 268.684382941923 288.558414187601 218.870275066272 776.113072195795
1936000 269.053206317718 288.278758011501 218.955624123244 776.287588452463
1937000 269.019533325567 288.61754377743 218.897609705785 776.534686808782
1938000 269.029839688482 288.546295452337 219.023251113233 776.599386254051
1939000 268.943109604045 288.391933961436 219.018294776908 776.353338342389
1940000 269.099455038964 288.613090196937 219.119526312117 776.832071548018
1941000 269.152741590129 288.900975249587 218.964873713969 777.018590553685
1942000 269.344940948612 288.852572174851 219.492124899468 777.689638022932
1943000 269.705851786375 289.157101338739 219.784171301067 778.647124426181
1944000 269.684625872674 288.856450369351 219.939064390593 778.480140632618
1945000 269.805850499058 288.950110363577 219.93659513868 778.692556001315
1946000 269.504837726646 289.067820158452 219.837704939819 778.410362824917
1947000 269.870705319377 289.301665478342 220.055791713051 779.228162510771
1948000 270.26333249926 289.648792607835 220.666611649808 780.578736756903
1949000 270.375837858453 289.523205420165 220.487846296214 780.386889574833
1950000 270.34323367596 289.831631895115 220.683810542529 780.858676113605
1951000 270.342529891484 290.286437617124 220.956475284793 781.585442793401
1952000 270.71371844006 290.105332799079 220.545911035305 781.364962274444
1953000 270.907851504715 290.551822646646 220.855194239121 782.314868390482
1954000 270.673876412584 290.497315931169 220.855633680581 782.026826024333
1955000 271.312205796536 290.771998469271 220.922687935291 783.006892201098
1956000 271.620288087938 290.871928615537 220.484499449713 782.976716153189
1957000 271.713323308097 291.026800905684 220.807730631875 783.547854845656
1958000 271.754725554154 291.082759608556 221.094070115574 783.931555278284
1959000 272.121888309197 291.568728404188 221.169110976415 784.8597276898
1960000 272.194243594818 291.646347683781 221.091712659003 784.932303937602
1961000 272.273546231776 292.009906701579 221.488805318564 785.772258251918
1962000 271.997687496786 291.793102069444 221.708812201494 785.499601767725
1963000 272.293367978877 292.079122026482 221.93523838937 786.307728394728
1964000 272.160859266318 292.317850250627 221.730154312528 786.208863829473
1965000 272.285349109814 292.504138795323 222.199364716821 786.988852621957
1966000 272.64704091882 292.208915410681 222.258809954903 787.114766284404
1967000 272.356228415043 292.691956235921 222.081252288483 787.129436939447
1968000 272.616751738864 292.988523928519 222.5057754352 788.111051102583
1969000 272.898996484479 293.171283319118 222.636833959231 788.707113762828
1970000 272.878365613214 293.380601250363 222.631227431694 788.890194295271
1971000 273.115535909565 293.334408786677 222.625794342141 789.075739038384
1972000 272.90827806738 293.120676938115 222.805302226303 788.834257231797
1973000 273.027953365615 293.881519267079 222.836301581374 789.745774214068
1974000 273.078836116125 293.901172057656 222.762024173711 789.742032347491
1975000 272.909264253211 293.922135857995 223.190867299633 790.022267410839
1976000 273.107833892948 293.958462337364 223.142250298437 790.208546528749
1977000 273.115930107408 293.977695698894 223.626029938007 790.719655744309
1978000 273.347357525216 293.947230253171 223.580622543604 790.875210321991
1979000 273.534484531025 294.113771168556 223.762320271566 791.410575971147
1980000 273.735566277956 294.139723826597 223.952032872795 791.827322977349
1981000 274.090369862084 294.391606316151 224.140934043198 792.622910221433
1982000 274.345851010957 294.391478856136 224.266998233382 793.004328100475
1983000 274.539704896702 294.580970520636 224.405424980465 793.526100397802
1984000 274.492631273191 294.811197218345 224.822875440811 794.126703932347
1985000 274.126300918997 294.672998400508 224.619878679755 793.41917799926
1986000 274.278149095287 294.6135438526 224.695295434099 793.586988381987
1987000 274.092384033658 294.909855184577 224.806704978796 793.808944197032
1988000 274.56806740606 295.158484632126 224.811932476793 794.538484514979
1989000 274.600109901635 294.888056382447 224.399445390859 793.887611674941
1990000 274.71883128034 295.107447789725 224.765530384544 794.591809454609
1991000 274.48258295633 295.508460548882 224.914089230958 794.90513273617
1992000 274.421177367747 295.285691081464 224.80547126234 794.512339711552
1993000 274.540547259889 295.714507975204 225.047471998684 795.302527233777
1994000 274.909357480195 295.626885539568 225.276644876643 795.812887896406
1995000 275.373092821984 295.691895342315 225.262116726602 796.327104890901
1996000 275.926557546004 295.432486855045 225.066024065021 796.42506846607
1997000 276.098173229667 295.994453064623 225.766030742076 797.858657036367
1998000 276.200533727293 296.014927055432 225.893796725825 798.10925750855
1999000 276.227447424818 296.405666689775 225.848603475159 798.481717589752
2000000 276.620254300877 295.90642153152 225.915999955563 798.44267578796
2001000 276.636759493163 296.411492374695 226.12565487067 799.173906738528
2002000 276.905899639822 296.611992751517 226.516237835576 800.034130226914
2003000 276.766404358771 296.713763196819 226.531608987198 800.011776542788
2004000 276.966594779675 296.706372781278 226.758517253205 800.431484814158
2005000 277.509558242034 297.010638543998 227.18354286671 801.703739652742
2006000 277.392558564491 297.350804121689 227.449174461442 802.192537147622
2007000 277.34387144982 297.164241571067 227.164514603934 801.672627624822
2008000 277.594645939106 297.29618832675 227.492687567989 802.383521833846
2009000 277.527802323404 297.505347739064 227.84848868138 802.881638743847
2010000 277.890666901558 297.833959878145 227.677477383422 803.402104163124
2011000 278.078268038523 297.974441817647 227.818909877672 803.871619733842
2012000 277.895936257492 298.519549978968 228.156167311822 804.571653548282
2013000 278.426560786588 298.88372706852 228.31616004553 805.626447900638
2014000 279.065374318176 298.865246924557 228.336052053562 806.266673296294
2015000 279.305994246249 299.125284946982 228.354647402796 806.785926596027
2016000 279.012652295274 299.550199155586 228.339082026854 806.901933477714
2017000 279.765562505985 299.749342794004 228.737765506857 808.252670806846
2018000 279.977930811872 300.002873010224 228.964968208241 808.945772030337
2019000 280.191903369372 300.147456051199 229.347251602944 809.686611023516
2020000 280.531672793972 299.756648804501 229.768817131043 810.057138729516
2021000 280.130666722601 300.125491920591 229.698110444076 809.954269087268
2022000 280.53069302805 300.108709279685 229.648233828186 810.28763613592
2023000 280.76285266368 300.185920587771 229.783985864384 810.732759115834
2024000 280.806175152909 300.595378884922 230.353763307975 811.755317345805
2025000 280.819492444747 300.47799078506 230.44366267204 811.741145901846
2026000 280.615124651465 300.754609100927 230.762844683457 812.132578435848
2027000 280.735455825244 300.812355725144 230.529426515401 812.077238065788
2028000 281.218420174211 300.751347741688 230.729542390127 812.699310306026
2029000 281.265662166501 300.705972821795 230.729770688422 812.701405676718
2030000 281.360770299055 300.626161735276 230.58327991096 812.570211945291
2031000 281.829707090725 300.958081945104 231.346438190868 814.134227226697
2032000 282.284531936987 300.778474305202 230.917068010456 813.980074252645
2033000 281.989969607597 301.142548830661 231.225434342311 814.357952780569
2034000 282.216601795069 301.36830422951 231.167050607574 814.751956632154
2035000 282.368668239987 301.391958057479 231.529398795482 815.290025092948
2036000 282.511429376669 301.972499337007 231.24420360827 815.728132321946
2037000 282.772556432072 301.750793021404 231.426398924035 815.94974837751
2038000 282.554063104374 301.877045729598 231.933134206704 816.364243040675
2039000 282.774211115982 301.953417335832 231.622562017904 816.350190469718
2040000 282.675933085224 302.338394595717 231.556732145773 816.571059826715
2041000 282.804155447942 302.049467548277 231.604331587454 816.457954583672
2042000 282.965684040927 302.203797180862 231.894257863877 817.063739085665
2043000 283.056809594599 302.449192637269 231.896452392036 817.402454623905
2044000 283.592478997661 302.915100554249 231.7267934583 818.23437301021
2045000 283.597861704264 302.471577989949 232.002332977077 818.07177267129
2046000 283.46893131203 302.960912189204 231.999197034316 818.42904053555
2047000 283.483151503465 302.948013806737 232.145469810124 818.576635120326
2048000 283.500935684124 302.97209109501 232.058730756179 818.531757535314
2049000 284.08349991327 303.216141742513 231.934142757119 819.233784412902
2050000 284.532191580264 303.470234136763 232.115580959863 820.11800667689
2051000 284.545635447355 303.850607678148 232.268717453186 820.664960578688
2052000 284.912264899041 303.770790106455 232.53161913541 821.214674140907
2053000 284.666841836337 303.631495736397 232.575384373444 820.873721946178
2054000 284.825336536992 303.858230211696 232.789480608745 821.473047357433
2055000 285.214028010679 304.206461228333 233.185998708147 822.606487947158
2056000 285.107681688639 304.334000781717 233.387468531042 822.829151001398
2057000 285.007967547338 304.854356228759 233.584442139361 823.446765915459
2058000 285.017774127634 304.99417196115 233.223265684351 823.235211773136
2059000 285.175058781032 304.823681921745 233.756457693993 823.755198396769
2060000 285.434624708421 304.747010962649 233.647762189303 823.829397860372
2061000 285.541655899996 305.663184024302 233.87773382962 825.082573753918
2062000 285.617227840536 305.502122025553 233.923646524542 825.042996390631
2063000 285.51234615467 305.752781398151 234.536031050539 825.801158603359
2064000 285.604053344085 305.99938734186 234.601149229229 826.204589915174
2065000 285.462439043172 305.963254033638 234.386944403011 825.812637479822
2066000 285.730262718199 306.300295127418 234.816816475947 826.847374321564
2067000 285.672340908613 306.693189026522 234.961697952548 827.327227887684
2068000 285.565052664504 306.433234777917 234.701120313021 826.699407755442
2069000 285.610321077584 307.093016121398 234.921895262827 827.62523246181
2070000 285.955442714154 306.819726173884 235.227881891403 828.003050779441
2071000 286.097711960593 307.100705252685 235.282964319998 828.481381533276
2072000 286.306294489526 306.984549251173 234.970907022281 828.26175076298
2073000 286.476540021051 307.298053455402 235.509515400689 829.284108877142
2074000 286.634922012158 307.55295822778 235.456194555131 829.644074795069
2075000 286.809539838203 307.726238055619 235.636642530529 830.172420424351
2076000 286.938085251552 307.75897838143 235.501901356814 830.198964989796
2077000 286.785817150359 308.0202999442 235.511107785937 830.317224880495
2078000 287.024383392487 308.082133863964 235.592776271856 830.699293528307
2079000 286.906727286178 308.013345711282 235.487502877507 830.407575874967
2080000 286.808884760762 308.311641306238 235.812921690853 830.933447757852
2081000 287.157343076125 308.435733560282 235.747344687027 831.340421323434
2082000 287.498627952594 308.521447597953 236.016553334099 832.036628884646
2083000 287.70524126655 308.916347499335 236.277979510428 832.899568276312
2084000 287.817176853007 308.720138554797 236.387535949966 832.92485135777
2085000 288.040696862941 308.909232197445 236.47122534094 833.421154401326
2086000 288.016969734292 309.057779363224 236.610525141806 833.685274239322
2087000 288.229135250611 308.997180029543 236.807996825065 834.034312105219
2088000 288.57084297896 309.541351820646 236.62535916339 834.737553962996
2089000 288.499010943931 310.140563440732 236.951447596648 835.591021981311
2090000 288.673597352282 310.671740379758 236.982525961493 836.327863693533
2091000 288.638755905439 310.779619406167 237.086812411796 836.505187723402
2092000 289.235769210385 310.760647344382 237.068194779847 837.064611334615
2093000 289.299191748493 310.941923042132 237.037480164783 837.278594955407
2094000 289.654844025961 311.80150250205 236.949287916884 838.405634444894
2095000 289.40959857303 311.833844773804 237.047075572484 838.290518919318
2096000 289.840421192234 312.18946537894 236.989801854024 839.019688425199
2097000 289.921421606035 312.095907438048 237.729051252803 839.746380296886
2098000 289.877808189284 312.129991663765 237.541169405287 839.548969258336
2099000 289.98667337442 312.277624077814 237.916929522099 840.181226974333
2100000 290.202026893377 312.522935728644 237.896304846978 840.621267468999
2101000 290.585746614541 312.430325854748 237.880563201301 840.89663567059
2102000 290.794795144927 312.669092563772 238.320475763035 841.784363471733
2103000 290.90775697116 312.598883524211 238.209249546258 841.715890041628
2104000 291.305797705951 312.575814732637 238.445285487663 842.32689792625
2105000 291.541778523869 312.911953410306 238.60498955325 843.058721487425
2106000 291.944376130653 313.021497972779 238.655804164212 843.621678267645
2107000 292.224803683613 313.386105260314 238.756738995618 844.367647939545
2108000 292.007968695118 313.3738672885 238.879448316444 844.261284300062
2109000 292.048574451991 313.950565619905 238.818995732128 844.818135804024
2110000 292.299785642229 314.134051638604 239.040720886624 845.474558167457
2111000 292.660361705394 314.679844183957 239.239101738484 846.579307627836
2112000 292.419068810318 314.707182282518 238.94879529703 846.075046389866
2113000 292.713775915915 315.300801131486 239.111019437113 847.125596484514
2114000 292.810421763063 315.089875693405 239.129413804852 847.029711261321
2115000 292.982862557568 315.115497084668 239.215128424898 847.313488067133
2116000 293.17362562774 315.606015379922 239.620238600252 848.399879607914
2117000 293.046220318548 315.486508704963 239.550630328209 848.08335935172
2118000 293.104686101296 315.63191205753 239.652898813472 848.389496972297
2119000 293.352302462439 315.535270999209 239.738728287312 848.62630174896
2120000 293.422101167137 315.458410760143 239.823129019345 848.703640946625
2121000 293.422852710609 315.630483074779 239.708126302604 848.761462087992
2122000 293.41494952268 316.199729084579 239.708317377827 849.322995985087
2123000 293.915012426547 316.152283038058 240.110108006709 850.177403471314
2124000 294.271922706505 316.592513571306 239.87118988939 850.735626167202
2125000 294.06108259187 316.518112757234 239.836575587702 850.415770936806
2126000 293.940596702065 316.744589186858 240.040101091537 850.72528698046
2127000 294.014141105587 317.055236572076 240.250102974884 851.319480652547
2128000 294.17460481134 316.873968166801 240.230883018363 851.279455996504
2129000 294.015886461878 317.394584445297 239.744625619463 851.155096526638
2130000 294.194642768408 316.897728620109 240.342915433915 851.435286822431
2131000 294.156431097503 317.09638391839 240.569592315538 851.822407331431
2132000 294.207381911229 317.603456716736 240.680799967749 852.491638595714
2133000 294.539371389143 317.662551644438 240.715987555663 852.917910589244
2134000 294.732043587822 317.70753387972 240.966498745158 853.4060762127
2135000 294.33703552015 317.665935742044 241.341950858857 853.344922121051
2136000 294.472606366159 317.793830862281 240.846361525929 853.112798754369
2137000 294.402614507502 317.656268605986 241.241475271349 853.300358384837
2138000 294.914372994726 317.494499111378 241.097156862735 853.506028968839
2139000 295.350696430611 317.308288236012 241.308763131138 853.967747797761
2140000 295.585668069104 318.339669425325 241.574770892323 855.500108386752
2141000 295.828350101018 318.213697493214 241.680539705615 855.722587299847
2142000 295.526356917816 318.327773458275 242.123362602317 855.977492978408
2143000 295.523731390773 318.722304503086 242.114194875379 856.360230769238
2144000 295.470327140467 318.904283599367 242.293778813062 856.668389552897
2145000 295.918309904768 319.177960263886 242.394893787834 857.491163956488
2146000 296.354056589777 319.09575807911 242.221995982944 857.671810651832
2147000 296.246938228864 319.637755994491 242.745029704685 858.629723928041
2148000 296.648690866833 319.803751770697 243.08822549085 859.540668128381
2149000 296.771007023673 319.666256307952 242.835103423389 859.272366755014
2150000 296.63090939622 320.322504220117 243.207635916785 860.161049533122
2151000 296.700051945073 320.009980023585 243.418332770347 860.128364739006
2152000 296.826646154633 319.837405695404 243.218865576255 859.882917426292
2153000 296.932525500565 320.169909077311 243.506047055255 860.608481633131
2154000 296.665089994865 320.262522050822 243.472541677659 860.400153723346
2155000 296.923533702422 320.727011724753 243.813465856847 861.464011284021
2156000 296.986009032938 320.762920672869 243.778346326301 861.527276032108
2157000 296.890854431098 320.928654332003 243.569652155663 861.389160918764
2158000 297.145143188783 321.212775888444 243.941730789131 862.299649866358
2159000 297.073704972747 320.852042596012 243.81732395079 861.74307151955
2160000 297.387282915126 321.394759251212 243.859247120488 862.641289286826
2161000 297.245239099163 321.327829233032 243.912883912722 862.485952244917
2162000 297.578060764212 321.588363222343 244.538651908502 863.705075895057
2163000 297.821342308931 321.967960202519 244.57786797991 864.36717049136
2164000 297.813804827357 322.386506039718 244.887321149574 865.087632016649
2165000 298.12641023587 322.487671723154 245.180299405941 865.794381364966
2166000 298.31016600232 322.530638012014 244.844559983189 865.685363997523
2167000 298.701209129741 322.683445314306 244.621001384017 866.005655828064
2168000 298.906738929126 322.676065627603 244.871541765351 866.45434632208
2169000 299.101210657383 322.779721915511 244.998470227417 866.879402800311
2170000 299.456258995529 322.765501357431 244.826450068016 867.048210420976
2171000 299.437731566127 322.693001474666 244.93283150793 867.063564548723
2172000 299.319286055801 323.035603262967 244.845044686371 867.199934005139
2173000 299.508165107282 323.245921837207 245.107426523545 867.861513468034
2174000 299.389046884015 323.492360431168 245.141519770432 868.022927085615
2175000 299.670306988606 323.509138416515 245.654447284604 868.833892689725
2176000 299.895071493622 323.863254085746 245.832608222363 869.590933801731
2177000 299.636343376263 324.130003428191 246.015180274785 869.781527079238
2178000 299.887365273214 324.06704728159 246.135861561001 870.090274115805
2179000 299.772644787572 323.909186201156 245.960253232893 869.642084221621
2180000 299.758989306625 324.264443915219 246.467797677035 870.491230898878
2181000 299.801296037199 324.389125191256 246.361226091428 870.551647319884
2182000 300.162990815735 324.209993964225 246.674121981486 871.047106761446
2183000 300.534581821706 324.113278259017 247.046106290432 871.693966371155
2184000 300.74534484127 324.091266281276 247.132912534678 871.969523657223
2185000 301.017070390576 324.754975179732 247.390770800961 873.162816371269
2186000 300.828524266935 324.425414361398 247.336286053466 872.590224681799
2187000 300.794989606759 324.407689929445 247.815760015982 873.018439552186
2188000 300.671466940219 324.673212704069 247.991760830519 873.336440474808
2189000 300.649123408483 324.92045296331 248.171057589367 873.74063396116
2190000 300.982260189504 325.327237988016 248.395727844125 874.705226021645
2191000 300.7688970681 325.518747871804 248.836713560094 875.124358499998
2192000 300.95912963997 325.75457274229 248.398014272461 875.11171665472
2193000 301.081122916453 326.103558089848 248.664931637545 875.849612643845
2194000 301.319856983546 326.09105290506 248.940330737346 876.351240625952
2195000 301.705356352912 325.934896224302 248.828805290228 876.469057867443
2196000 302.031150045006 326.31230525919 248.875763809011 877.219219113207
2197000 302.031035243337 326.380915109731 249.156169947716 877.568120300784
2198000 302.315957880103 326.65428823763 249.281575218358 878.251821336091
2199000 302.387047542772 326.982294868803 249.30984646567 878.679188877245
2200000 302.713400332267 327.092956616986 249.316791996075 879.123148945329
2201000 303.04716945534 326.97771861538 249.486847398525 879.511735469246
2202000 303.066720523988 327.172715222932 249.529711348655 879.769147095575
2203000 303.044688950406 326.806206856454 249.69591092914 879.546806736001
2204000 302.866427308875 326.825599098441 249.619868761577 879.311895168893
2205000 302.787908889684 326.807091017329 250.1026050535 879.697604960513
2206000 302.955960230009 326.983833722996 249.919053897611 879.858847850615
2207000 303.380272052732 327.201259557012 250.048562899631 880.630094509375
2208000 303.472240794473 327.261096819726 250.351778564298 881.085116178498
2209000 303.618991462397 327.549527374374 250.132012712546 881.300531549317
2210000 303.632569393546 327.593344384628 249.96527711981 881.191190897984
2211000 304.093895222455 327.54458798484 250.020625005987 881.659108213282
2212000 303.870064446633 327.594560615713 250.079102556629 881.543727618976
2213000 303.993828426934 328.146210068786 250.361729002249 882.501767497969
2214000 304.279860986657 328.099709548642 250.202206544471 882.581777079769
2215000 304.772041065664 328.489480593672 250.760614893192 884.022136552527
2216000 304.834637011396 328.505310753213 251.00363204049 884.343579805099
2217000 304.956967282981 328.28974161741 251.008601363015 884.255310263406
2218000 305.185327472174 328.268159676438 251.052033016068 884.505520164681
2219000 305.705697348944 328.326943806918 251.348587840765 885.381228996627
2220000 306.202743126616 328.464050558838 251.865966634397 886.532760319852
2221000 306.068886983221 328.443503199253 251.667589692458 886.179979874932
2222000 306.203330348572 328.655853223308 251.856009136908 886.715192708789
2223000 306.639935358465 328.864485230405 251.626281534308 887.130702123178
2224000 306.574262331501 328.635601366535 251.984032756227 887.193896454263
2225000 306.742228101093 328.599444726192 251.739984335659 887.081657162944
2226000 307.04496157571 328.857885832346 252.292322040794 888.19516944885
2227000 307.066554188164 329.038014749273 252.673812572573 888.77838151001
2228000 306.908530733655 328.836963496943 252.529312002146 888.274806232743
2229000 306.953416449536 329.37907077121 252.764410593839 889.096897814585
2230000 306.855435627877 329.595951379921 252.930068910461 889.381455918258
2231000 307.037118627416 329.998597481072 252.909668267635 889.945384376123
2232000 307.271218109423 329.728949070958 253.045267920712 890.045435101093
2233000 307.326538575377 329.437812860347 253.247881919077 890.0122333548
2234000 307.674343173287 329.860798093882 253.141706607978 890.676847875147
2235000 307.75485352552 330.051080331083 253.560563670531 891.366497527134
2236000 308.38853588656 330.127887014455 253.698186661889 892.214609562903
2237000 308.519341167252 330.245526071964 253.847477262208 892.612344501424
2238000 308.990319037735 330.496426049092 253.842935541226 893.329680628053
2239000 308.84190288118 330.468710994619 254.016099866937 893.326713742736
2240000 308.897664248546 330.613652053362 254.153764550689 893.665080852597
2241000 309.210198091971 330.911356048221 254.303465465138 894.42501960533
2242000 309.259607642926 331.170608286653 254.093833686877 894.524049616457
2243000 309.3640734869 331.075915742814 254.482008933586 894.9219981633
2244000 309.455426823672 331.416722738319 254.389642339877 895.261791901868
2245000 310.040312095034 331.853149126498 254.32910940193 896.222570623462
2246000 309.849981596813 332.075179494842 254.347694126839 896.272855218494
2247000 310.150896511465 331.664723040089 254.418204303542 896.233823855097
2248000 310.365744049894 332.168338175613 254.510970903922 897.04505312943
2249000 310.417576748034 332.07181070332 254.384162462496 896.873549913849
2250000 310.905474559054 331.975602761834 254.144912156686 897.025989477574
2251000 310.687656324298 332.743689317107 254.434258529068 897.865604170473
2252000 311.061658294959 333.38446538845 254.540713939785 898.986837623194
2253000 310.794497724153 333.172595573009 254.214185646003 898.181278943165
2254000 310.975995733919 333.410994397199 254.662182589215 899.049172720332
2255000 311.044338691675 333.401403638763 254.618849410394 899.064591740833
2256000 311.3849439728 334.082518356979 254.865645016115 900.333107345893
2257000 311.628946000412 333.853983379816 254.870630793292 900.35356017352
2258000 311.838213096736 334.211273012881 254.707366860188 900.756852969804
2259000 312.044252282912 334.158626525019 255.205639550974 901.408518358905
2260000 312.181113213484 334.627020103032 255.374765805883 902.1828991224
2261000 312.520594492173 334.737046696043 255.505543520317 902.763184708533
2262000 312.58032695257 334.909946563669 255.406184000404 902.896457516643
2263000 312.526180229384 334.545249619464 255.213673777466 902.285103626313
2264000 312.57840492605 334.610333775857 255.308238755205 902.496977457112
2265000 312.521041720621 334.964328606724 255.643565837052 903.128936164397
2266000 312.787945620442 335.427419144462 255.663158381778 903.878523146682
2267000 313.113937457746 335.012715894823 256.089488072205 904.216141424774
2268000 313.052482185411 335.514888015145 255.715541554398 904.282911754953
2269000 313.132561565411 335.661451467922 255.82254838996 904.616561423293
2270000 313.37504953911 336.34544205052 256.381275573535 906.101767163165
2271000 313.525777200597 336.513800360988 256.146538634429 906.186116196015
2272000 313.729198748441 336.546434820003 256.545088015334 906.820721583777
2273000 314.010485819828 336.828494504508 256.675047149597 907.514027473934
2274000 314.0123816846 336.944411586442 256.725957101563 907.682750372604
2275000 313.78139740118 336.963051738386 256.857494127987 907.601943267552
2276000 314.000880820214 336.861035689031 256.870414576013 907.732331085258
2277000 313.510720232541 337.285968876903 257.131998268527 907.928687377971
2278000 313.64117902715 337.131556814821 257.192012801752 907.964748643723
2279000 313.692536245552 337.581655509033 257.288183593235 908.56237534782
2280000 314.42464492155 337.542614858014 257.848085528149 909.815345307713
2281000 314.021972549742 337.818896043293 258.004346603551 909.845215196586
2282000 314.31127817043 338.39356180623 258.278457700445 910.983297677105
2283000 314.463302358652 338.910686474407 258.357129807061 911.73111864012
2284000 314.694454926762 338.69911490469 258.28403758063 911.677607412082
2285000 315.095240847132 339.178078778199 258.686468006051 912.959787631383
2286000 315.072159680309 339.31606500222 258.862766457721 913.25099114025
2287000 315.047505328453 339.585543815294 258.568598574444 913.201647718191
2288000 315.555959480922 339.34745287187 258.801607620746 913.705019973538
2289000 315.614901752408 339.990549342458 258.824883430931 914.430334525797
2290000 315.659120534566 339.773162808606 259.271857262688 914.70414060586
2291000 315.690852858679 339.996285746324 258.92332898459 914.610467589594
2292000 316.295208596862 340.191712527843 259.27629412167 915.763215246374
2293000 316.164148615395 340.598109747844 259.387820482061 916.1500788453
2294000 316.190956394543 340.292212546543 259.564718086172 916.047887027258
2295000 316.665340370636 340.680963168484 259.677115428378 917.023418967498
2296000 316.673911640758 340.951622831071 259.259651593503 916.885186065333
2297000 316.869386890737 340.981433179576 259.055753982467 916.90657405278
2298000 316.727697580513 341.228635087425 259.657869561943 917.614202229881
2299000 317.203919149424 341.545125938522 259.841765123924 918.59081021187
2300000 317.145022731099 341.344953049142 259.669509790069 918.15948557031
2301000 317.456328507517 341.34246210853 260.089985525836 918.888776141884
2302000 317.471207344804 341.502794591109 259.881890167808 918.855892103721
2303000 317.552589516774 341.410958304865 260.176680175028 919.140227996666
2304000 317.658059455978 341.665775528861 260.268981283439 919.592816268279
2305000 317.807439408274 341.746161723525 260.789093640883 920.342694772683
2306000 318.111083888561 341.832329967872 260.442796679889 920.386210536322
2307000 318.357365457662 342.057633333236 260.503205093335 920.918203884233
2308000 318.282633807089 342.311758521976 260.602113845347 921.196506174412
2309000 318.923662089223 341.754876862094 260.50855967058 921.187098621896
2310000 318.779211400673 341.584880591051 260.610722161809 920.974814153532
2311000 319.204947643471 341.587688469493 260.622108710554 921.414744823518
2312000 319.22707034782 341.871206062902 260.64719425834 921.745470669061
2313000 319.261619242132 341.756921694696 260.596666225142 921.61520716197
2314000 319.765898818935 341.889063834793 260.623789580533 922.278752234261
2315000 319.518382795488 342.195894636847 260.688890350905 922.40316778324
2316000 319.638459811935 342.638825847838 260.788073098593 923.065358758366
2317000 319.623678218572 342.31798249073 260.772872360004 922.714533069306
2318000 319.483837776661 342.51154948955 261.081203457978 923.076590724189
2319000 319.684273651816 342.960029257061 261.102824617731 923.747127526608
2320000 320.024735679718 342.710016873179 261.320956137596 924.055708690493
2321000 320.476145967173 343.185175411891 261.239566110726 924.900887489791
2322000 320.74630881508 343.212013115769 261.575608301051 925.533930231899
2323000 320.893698759047 343.392610456941 261.698672028592 925.98498124458
2324000 320.739090146954 343.666710746499 261.777582774159 926.183383667612
2325000 321.239923316042 343.461260657931 261.720676750435 926.421860724408
2326000 321.598469544349 343.386279505245 261.93980282368 926.924551873274
2327000 321.407420205933 343.500088146787 262.194796875612 927.102305228332
2328000 321.401126539689 343.931098752183 262.455616599034 927.787841890906
2329000 321.360045743343 343.707620859319 262.99936758075 928.067034183412
2330000 321.765150682749 344.011482179705 262.695791377804 928.472424240259
2331000 322.170268997123 344.003550414651 262.908097444569 929.081916856343
2332000 322.349778767206 344.36103540732 262.950374969518 929.661189144044
2333000 322.422632403202 344.537581109531 263.147807259226 930.108020771959
2334000 322.351841221223 344.451297224299 263.101968403372 929.905106848894
2335000 322.450467934641 344.538313669516 262.984050955787 929.972832559944
2336000 322.728796307487 345.190406365187 263.392909588375 931.312112261049
2337000 322.702938812835 345.183485982398 263.430174130992 931.316598926224
2338000 322.639115853562 345.275834784985 263.347286215617 931.262236854163
2339000 322.507290558363 345.902145824699 263.931095294136 932.340531677199
2340000 322.680793341183 345.957665368876 264.268963767875 932.907422477934
2341000 323.20742542825 345.777494763882 264.612377634249 933.597297826381
2342000 323.245552910536 346.161414983177 264.317104124106 933.72407201782
2343000 323.553800492206 346.644288327287 264.223869228472 934.421958047965
2344000 324.206261913939 346.710704525324 264.359894124127 935.27686056339
2345000 324.316039075394 346.900616361922 264.37303288737 935.589688324686
2346000 324.290419580732 347.325784136145 264.120688082078 935.736891798955
2347000 324.328499290108 347.294806559249 264.57348187883 936.196787728187
2348000 324.380699699916 347.101852551655 264.735828849776 936.218381101348
2349000 324.594929270487 347.413155436863 264.918823782268 936.926908489618
2350000 324.768450839156 347.101744572062 265.354613860322 937.22480927154
2351000 325.171103706266 347.433637945592 265.216898784044 937.821640435901
2352000 325.090792941198 347.377912635946 265.394222777342 937.862928354487
2353000 325.426300786495 347.265093397725 265.435567337821 938.126961522041
2354000 325.13079531221 347.22901829168 265.593661334895 937.953474938785
2355000 325.130385426542 347.32040088489 265.745000119878 938.19578643131
2356000 325.746805546605 347.624706731442 265.451702811613 938.823215089661
2357000 325.486310244811 348.25357480194 265.763353311166 939.503238357917
2358000 325.676423639451 348.580310827654 265.90872172038 940.165456187485
2359000 325.768126263952 348.587448114595 265.918171515618 940.273745894165
2360000 325.94698930178 348.910850167724 266.152642829122 941.010482298626
2361000 326.128970201907 348.99986163897 266.476077683581 941.604909524459
2362000 326.112921166501 349.472330802525 266.399272823449 941.984524792475
2363000 326.077495501207 349.914841358882 266.296622240997 942.288959101085
2364000 326.114531512818 349.58952449841 266.317255860717 942.021311871945
2365000 326.30402538236 349.924828373605 267.013910192033 943.242763947998
2366000 326.660127534866 349.697107353347 267.121262887199 943.478497775411
2367000 326.476977402512 350.059108418521 267.128322352179 943.664408173212
2368000 326.703183089992 350.154850162968 266.96953353461 943.82756678757
2369000 326.515055407483 350.615831598335 267.433883041861 944.564770047678
2370000 327.349818732358 350.172211385799 267.512978263 945.035008381158
2371000 327.423905693277 350.094515470517 267.283234863766 944.80165602756
2372000 327.409394945389 350.38121797933 267.844635661974 945.635248586693
2373000 327.727089089128 350.562294902469 267.785119725062 946.074503716659
2374000 327.449939410666 350.883219102353 267.839277761254 946.172436274272
2375000 328.227540344045 350.68376943193 267.858222644571 946.769532420546
2376000 328.17022175721 350.959775218865 268.171036821616 947.301033797691
2377000 328.209733628222 350.821568808871 268.322680082763 947.353982519856
2378000 328.611649156277 351.146877644532 268.084939353518 947.843466154327
2379000 328.941253498612 351.175243858008 268.405177663703 948.521675020323
2380000 329.192510224206 351.617071789723 267.999533099673 948.809115113603
2381000 328.992353289482 351.554736236439 268.485312428064 949.032401953985
2382000 329.285776361988 351.936259860405 268.48971808111 949.711754303504
2383000 328.999810772535 352.301583906076 268.685206742836 949.986601421447
2384000 328.949608588001 352.251637818625 268.946609213944 950.147855620571
2385000 329.608386390806 352.706342762652 268.829218612156 951.143947765615
2386000 329.403389456392 352.985126785707 269.208857978061 951.59737422016
2387000 329.651013766451 352.927076744381 268.865877108919 951.443967619751
2388000 330.096956816806 352.885655867171 269.308808846546 952.291421530522
2389000 330.13419597798 352.765719305693 269.232755633824 952.132670917497
2390000 330.453444772536 352.923407974218 269.539236536477 952.916089283231
2391000 330.101683615454 353.126601921804 269.177133447209 952.405418984467
2392000 330.50199075429 353.081632433553 269.957386015436 953.541009203279
2393000 330.450992510336 353.136533745486 269.794728056513 953.382254312335
2394000 331.200801956511 353.555941789344 269.873940010964 954.630683756819
2395000 331.501561251516 353.670466152913 270.021233169946 955.193260574375
2396000 331.834100583504 353.594221423059 270.070971404072 955.499293410635
2397000 332.13715104228 354.054850525318 270.121536805946 956.313538373544
2398000 332.091233543558 354.631969042661 270.040286043417 956.763488629636
2399000 332.112428987046 354.34910734806 270.442844308352 956.904380643457
2400000 332.715218742584 354.699212282489 270.199347844414 957.613778869487
2401000 332.587766990442 355.213919882453 270.048212594541 957.849899467437
2402000 333.183578429893 354.737546212344 270.226067098918 958.147191741155
2403000 333.382952480557 355.387708880672 270.037243937268 958.807905298497
2404000 333.509367251768 355.621801380285 270.615001280527 959.74616991258
2405000 333.502762088819 355.993239619958 270.414967851923 959.910969560699
2406000 333.861481209948 356.057412862722 270.577195774003 960.496089846673
2407000 334.158529939915 356.421082051368 270.568694718661 961.148306709944
2408000 334.114603466661 356.504343201637 270.585043249351 961.203989917648
2409000 334.292200403316 356.397106104247 270.861039230011 961.550345737574
2410000 334.249270557463 356.474402139503 270.846677384492 961.570350081457
2411000 334.23758674125 356.316527790371 270.931134630755 961.485249162375
2412000 334.624472743891 356.208978117886 270.925156946961 961.758607808737
2413000 334.439297527444 356.441825612221 271.268479535537 962.149602675202
2414000 334.83875739871 356.539864907283 271.024377845515 962.403000151508
2415000 335.290952892582 356.999082628393 271.271021662953 963.561057183928
2416000 335.326289852008 356.892551507017 271.503542267522 963.722383626547
2417000 335.613943919956 356.968253720299 271.731008154386 964.313205794641
2418000 335.562153833651 356.710641140606 271.650797325679 963.923592299936
2419000 335.662968063791 356.615061546143 271.309282098837 963.587311708771
2420000 335.776402302891 356.448725652683 271.727516130591 963.952644086166
2421000 336.13381175704 356.695009409057 272.002251784497 964.831072950594
2422000 336.31685367344 356.732090119975 271.852223438057 964.901167231471
2423000 336.148076930341 357.136045286005 271.800333653531 965.084455869877
2424000 336.543759818963 356.988151695215 272.11740700469 965.649318518868
2425000 336.581349909482 357.005252260954 272.057694009329 965.644296179765
2426000 336.550189924054 357.493006087957 271.543478145102 965.586674157113
2427000 337.168661906098 357.491414620097 272.099051666071 966.759128192265
2428000 337.324756116726 357.254879296893 272.481985639305 967.061621052925
2429000 337.345774521334 357.454974626085 272.530732208577 967.331481355996
2430000 337.30125381383 357.877641963127 272.809378486022 967.988274262978
2431000 336.941368493076 357.937569330367 272.86791238012 967.746850203564
2432000 337.027608079473 357.969052626781 272.715719253898 967.712379960152
2433000 336.908038042323 358.051131886517 272.351820181794 967.310990110635
2434000 336.862060949908 357.941267728058 272.561917926925 967.365246604891
2435000 337.350045796031 357.794689697208 272.786808224305 967.931543717543
2436000 337.873391726136 357.834499551562 272.561367319667 968.269258597365
2437000 337.991877501044 358.145276529467 272.675092327789 968.812246358301
2438000 337.923008205164 357.986935847104 272.971592823039 968.881536875307
2439000 338.029436433287 358.007827630997 273.173938589055 969.211202653339
2440000 338.11333251766 358.299396301393 273.258024505061 969.670753324114
2441000 338.240510892355 357.724487551538 273.137850384098 969.102848827991
2442000 338.104354688117 357.746892730576 273.385980915938 969.237228334632
2443000 338.375099359276 357.839177544824 273.376492238618 969.590769142719
2444000 338.258560303956 358.12267057943 273.461952792728 969.843183676114
2445000 338.459641787123 357.856035496657 273.790473143675 970.106150427455
2446000 338.169585686305 357.754614805785 273.834663488981 969.758863981071
2447000 338.614260685897 357.97428702649 273.828905778189 970.417453490576
2448000 338.934725205201 358.149903509946 274.185393521311 971.270022236457
2449000 338.958850910634 358.152936055931 274.184125746301 971.295912712865
2450000 339.071834436546 357.982527973679 273.998909483285 971.05327189351
2451000 339.418017533167 358.48326680833 274.261829993147 972.163114334644
2452000 339.818650150018 358.632766136876 274.305954245469 972.757370532363
2453000 339.761301534579 358.699343771566 274.347058545979 972.807703852124
2454000 340.03949591844 358.955506855966 274.616872496728 973.611875271134
2455000 340.301599769725 359.082063745294 274.224282569392 973.607946084411
2456000 340.341774988741 359.252369400181 274.332312320656 973.926456709578
2457000 340.714106551493 359.473214926706 274.750961417865 974.938282896063
2458000 341.076917488274 359.772200446307 274.538630526903 975.387748461484
2459000 341.389465765342 359.982807414478 274.877099196078 976.249372375897
2460000 341.688775663787 360.055021688122 275.243213463307 976.987010815216
2461000 341.644201092384 359.933424383406 275.13756876979 976.71519424558
2462000 342.223705386716 360.212557868614 275.465935302193 977.902198557523
2463000 342.407256211977 360.299519181284 275.486561839044 978.193337232305
2464000 342.095052721746 360.42051901407 275.446848070738 977.962419806555
2465000 342.762599498873 361.049982293236 275.561888323205 979.374470115314
2466000 342.359691603908 361.166950159917 275.742856030044 979.269497793869
2467000 342.34403367725 361.233424524982 275.869440469176 979.446898671408
2468000 342.461662850734 361.786810570392 275.995698368171 980.244171789297
2469000 342.524077360188 362.331833594715 275.907359844841 980.763270799744
2470000 342.441528282404 362.43767490287 276.127238569831 981.006441755105
2471000 342.669007323415 362.530653565135 276.274849466972 981.474510355522
2472000 342.376842980428 362.465074655035 276.497010779846 981.33892841531
2473000 342.630530369151 362.771543260082 276.498119834858 981.900193464091
2474000 343.018618552948 362.950119292926 276.836329870855 982.805067716729
2475000 343.36457180973 362.57349127659 276.723378767131 982.66144185345
2476000 343.142109685363 362.351676645307 276.749143887249 982.24293021792
2477000 343.246301836928 362.757347807437 276.755544482947 982.759194127313
2478000 343.435665771071 362.949059285134 276.867024846585 983.25174990279
2479000 343.193475041173 362.925521434702 276.913386124582 983.032382600457
2480000 343.543435643799 362.925558908298 277.357361693575 983.826356245672
2481000 343.347620124812 363.117116285268 277.704685799785 984.169422209865
2482000 343.101967131382 362.886461349098 277.426379949618 983.414808430098
2483000 343.249023916752 362.690196037599 278.138142098664 984.077362053015
2484000 343.054326615688 362.55704406853 278.115294773855 983.726665458073
2485000 343.609935072842 362.89838414565 278.203051031533 984.711370250025
2486000 343.59226272727 363.581933671553 278.236063534743 985.410259933567
2487000 344.195087360905 363.434278066969 278.792922494668 986.422287922542
2488000 344.51906892884 363.150527482898 278.570967785825 986.240564197563
2489000 344.268667404623 363.591761774454 279.048959671906 986.909388850983
2490000 344.430169629414 362.713376652415 279.090697861522 986.234244143351
2491000 344.561293302606 363.062904121735 279.063429354045 986.687626778386
2492000 344.432157463862 362.999564960885 279.285897744297 986.717620169044
2493000 344.916043997656 362.708752062279 279.331789008915 986.956585068849
2494000 344.792103056335 362.995139074471 279.411650480948 987.198892611755
2495000 345.031818616998 363.254267302158 279.253569874102 987.539655793258
2496000 345.168254562372 363.778715830872 279.563201329225 988.510171722469
2497000 345.281843989841 363.872089047828 279.730691915963 988.884624953632
2498000 345.147171639677 363.741563867347 280.183780194796 989.072515701821
2499000 345.259448921247 363.596880998492 279.888637187957 988.744967107696
2500000 345.935995548864 363.945184285134 280.057508563024 989.938688397022
2501000 345.564466768912 364.111298405908 280.166746491584 989.842511666403
2502000 345.79355335936 363.845737366486 280.305980370856 989.945271096702
2503000 345.931185395156 363.784197102129 280.895387353213 990.610769850499
2504000 345.834906156813 363.969252063925 280.442363276335 990.246521497073
2505000 346.357376169344 363.774484475256 280.450458332257 990.582318976857
2506000 345.856302208029 364.082009840513 280.602223251239 990.540535299781
2507000 346.443793697489 364.496223972606 280.412126844912 991.352144515008
2508000 346.507698088455 364.8909174286 280.817330493495 992.215946010551
2509000 346.498629859449 364.621795455927 280.899195506779 992.019620822154
2510000 346.960192394934 364.480699027335 280.668171971576 992.109063393845
