# Fix print output for fix 2
10000 0 2.06703595320106e-28 0 2.06703595320106e-28
11000 0.345942597147143 0.399693493777717 0.357783575188584 1.10341966611344
12000 0.512496780978888 0.530621345563503 0.455802574301187 1.49892070084358
13000 0.636783482869343 0.6895524369348 0.59256672357278 1.91890264337692
14000 0.741327572636795 0.781898656488575 0.694751005023577 2.21797723414895
15000 0.870803446441016 0.878992029951526 0.742534122184012 2.49232959857655
16000 0.979845878883653 1.00464019979391 0.843864367389628 2.82835044606719
17000 1.07640883550692 1.10028988145649 0.896170548371936 3.07286926533535
18000 1.16718300357198 1.24587730583581 0.97881741758293 3.39187772699072
19000 1.25634862904501 1.31353721477162 1.01704711757379 3.58693296139043
20000 1.373154170703 1.42764032166737 1.1073130991295 3.90810759149987
21000 1.46932279266831 1.52574643913874 1.18546434597414 4.18053357778119
22000 1.53242634355947 1.63878223753898 1.25120774406936 4.42241632516781
23000 1.66184146242449 1.70095826460384 1.32722371822058 4.6900234452489
24000 1.71526371213487 1.78289748165939 1.3524437033622 4.85060489715646
25000 1.8253826857032 1.91040982382487 1.45538350586092 5.19117601538899
26000 1.9402914833589 1.97866885805456 1.52003206702364 5.43899240843711
27000 2.03298791746797 2.09001068979846 1.58958959694902 5.71258820421545
28000 2.12045052460608 2.19345106615462 1.64267637676831 5.95657796752902
29000 2.23596664221938 2.29949598927644 1.73563285755608 6.2710954890519
30000 2.32034699760224 2.34941581238795 1.78092647845911 6.4506892884493
31000 2.39650079615238 2.424449649568 1.8558106690832 6.67676111480359
32000 2.47567008337846 2.544839589405 1.97276335533152 6.99327302811498
33000 2.56869349751062 2.59118607056176 2.01337177047473 7.17325133854711
34000 2.69002387321568 2.72801250961726 2.07214697366999 7.49018335650293
35000 2.75782721699726 2.87790014830644 2.17371903342286 7.80944639872656
36000 2.81821869257021 2.98040678551083 2.26352009156921 8.06214556965025
37000 2.92385291993956 2.97704324714038 2.27459450821859 8.17549067529854
38000 2.97821646061423 3.01808066408957 2.34300544062976 8.33930256533356
39000 3.00136312509547 3.13565677853784 2.36772758462928 8.5047474882626
40000 3.05384831813748 3.19085788079861 2.39850099014062 8.6432071890767
41000 3.2255853718743 3.24920954822016 2.44826877902673 8.9230636991212
42000 3.27460906571274 3.34887901201071 2.48822597423115 9.11171405195459
43000 3.35919783650796 3.38762916707358 2.51940555413382 9.26623255771536
44000 3.39480430693312 3.48511169527851 2.58088641283235 9.46080241504398
45000 3.51431586477126 3.50695886493875 2.67577431076332 9.69704904047333
46000 3.6171553848738 3.63237324110992 2.70144718703368 9.9509758130174
47000 3.63638379959229 3.6808253324166 2.73754135180975 10.0547504838186
48000 3.74142534030305 3.76286814975009 2.80777545625009 10.3120689463032
49000 3.80002032409937 3.7994291412376 2.84697550235042 10.4464249676874
50000 3.85714671833894 3.87998882193578 2.89729139964389 10.6344269399186
51000 3.88340066015246 3.86048469682161 2.93199381359741 10.6758791705715
52000 3.94279394719204 3.91925956084495 2.99004718393673 10.8521006919737
53000 4.039328736572 4.05126999662538 3.0406650768785 11.1312638100759
54000 4.13460742029652 4.07308735954617 3.12557750597199 11.3332722858147
55000 4.25206779082449 4.16414749004727 3.20253658793573 11.6187518688075
56000 4.31694140483939 4.22324593825577 3.25011529494918 11.7903026380443
57000 4.35927534860097 4.354779502241 3.28624117661685 12.0002960274588
58000 4.44772139872947 4.41093329074705 3.38390353774568 12.2425582272222
59000 4.51974472812772 4.46990424607134 3.43636914995951 12.4260181241586
60000 4.59217073083113 4.58110207149953 3.43548586262456 12.6087586649552
61000 4.66601104283211 4.6429853729355 3.49883482268716 12.8078312384548
62000 4.72288760471659 4.70962070486247 3.5762973487233 13.0088056583024
63000 4.81179904335842 4.79023271680107 3.63056938775781 13.2326011479173
64000 4.84342141923333 4.82705093665088 3.67554540160559 13.3460177574898
65000 4.92776307217279 4.88588095649673 3.76273370027527 13.5763777289448
66000 5.01101294633014 4.9519926452823 3.81550301673791 13.7785086083504
67000 5.12647490286453 5.05876959490787 3.82895372487642 14.0141982226488
68000 5.12558813566372 5.12229611403035 3.94992404223735 14.1978082919314
69000 5.15483372369137 5.23547151583133 4.01095848395965 14.4012637234823
70000 5.21345722374467 5.26212950805408 4.03967476819142 14.5152614999902
71000 5.26189937591368 5.35295974213394 4.07703511006352 14.6918942281111
72000 5.30642651753126 5.37569091508671 4.08704928282405 14.769166715442
73000 5.43450689246289 5.47023994100606 4.13462239810385 15.0393692315728
74000 5.45047899828744 5.57469469732651 4.22685119375235 15.2520248893663
75000 5.52493468753811 5.56158439095538 4.25100554194423 15.3375246204377
76000 5.6167428624485 5.67968441846596 4.35784903432429 15.6542763152388
77000 5.69685667324217 5.71831133144911 4.38563519640305 15.8008032010943
78000 5.75497050980037 5.78312492041093 4.38861104978117 15.9267064799925
79000 5.76581627607064 5.80476147141856 4.43082649266215 16.0014042401513
80000 5.82411106929881 5.79987382181623 4.4340770928923 16.0580619840073
81000 5.89138736321732 5.90877943789569 4.5012778894675 16.3014446905805
82000 5.83919737686072 5.95019631117206 4.54460900812521 16.334002696158
83000 5.88632103648265 6.05960844809302 4.59085195261247 16.5367814371882
84000 6.00954587101689 6.12557812062313 4.62546742607972 16.7605914177197
85000 6.1011976928004 6.20029185771128 4.69072240801323 16.9922119585249
86000 6.14786196316564 6.217297344044 4.73981495991085 17.1049742671205
87000 6.18561444983132 6.29578028230753 4.81704510953442 17.2984398416733
88000 6.26865217505437 6.32338326145733 4.81043235995384 17.4024677964655
89000 6.42514928023108 6.41238238379203 4.88021251200086 17.717744176024
90000 6.40380890356427 6.47752514823341 4.90712150147889 17.7884555532766
91000 6.45204879784097 6.55610708101028 4.92702479800954 17.9351806768608
92000 6.53139674544551 6.59530020781117 4.97287252774956 18.0995694810062
93000 6.64471764615213 6.69799591308298 5.03145701723564 18.3741705764707
94000 6.66585271123802 6.74139163907222 5.03123643819103 18.4384807885013
95000 6.69450147912455 6.81300543669406 5.07482188993421 18.5823288057528
96000 6.79037528285759 6.87958272872312 5.09021939644775 18.7601774080285
97000 6.7985564879663 6.90950365134081 5.15795141404936 18.8660115533565
98000 6.92034628443163 6.98841901429064 5.14439909556766 19.0531643942899
99000 6.91657318781307 7.03547445677389 5.22689593147834 19.1789435760653
100000 6.95353783193292 7.05359476545222 5.22211162111387 19.229244218499
101000 6.9930588171765 7.07641132273081 5.28732417073525 19.3567943106426
102000 7.13748176807146 7.16868132357147 5.33904576075866 19.6452088524016
103000 7.21014908277894 7.16093819965531 5.41656685156065 19.7876541339949
104000 7.24085209882057 7.19255659783134 5.43432486256885 19.8677335592208
105000 7.24413799099201 7.19116833846485 5.50020429423787 19.9355106236947
106000 7.35852734824565 7.20973505985648 5.5201328071873 20.0883952152894
107000 7.47539724465926 7.29982447577223 5.57153112328721 20.3467528437187
108000 7.51750293366687 7.41766913237487 5.60650581231199 20.5416778783537
109000 7.46525977680262 7.51235864244051 5.63883354374787 20.616451962991
110000 7.56500539488089 7.57305380397238 5.75138634631936 20.8894455451726
111000 7.59382080811404 7.68307604994524 5.82814476714688 21.1050416252062
112000 7.61776120799588 7.65471355416943 5.82245091416612 21.0949256763314
113000 7.68238943039463 7.71321626336795 5.9081987980165 21.3038044917791
114000 7.72857109501963 7.74449208791722 5.9790849051442 21.452148088081
115000 7.75305839055751 7.86882402211769 6.02424313930192 21.6461255519771
116000 7.83473031894234 7.94302265787611 6.06893911776473 21.8466920945832
117000 7.8212593490075 7.98876118483183 6.1200703315624 21.9300908654017
118000 7.88290711220631 7.98805775997891 6.13795304453012 22.0089179167153
119000 7.97136195761725 8.08716062774385 6.13634726219358 22.1948698475547
120000 7.99324101243565 8.17685684194157 6.19639216904722 22.3664900234244
121000 8.07237146951751 8.19500553806584 6.20671050207492 22.4740875096583
122000 8.13450044670874 8.29177385947205 6.26310670121645 22.6893810073972
123000 8.19025808781781 8.36055852449931 6.29977697564437 22.8505935879615
124000 8.3131618818679 8.33388099821493 6.29444498319311 22.9414878632759
125000 8.37188217692499 8.44492895559374 6.32438532404507 23.1411964565638
126000 8.4405416808816 8.44151122777848 6.4153155230031 23.2973684316632
127000 8.51372687857441 8.48036694791146 6.4855532292072 23.4796470556931
128000 8.61519340352033 8.64344166466243 6.49628839395597 23.7549234621387
129000 8.59445263131588 8.7031355965252 6.57553993363694 23.873128161478
130000 8.73937856476576 8.78696046351715 6.60269255310597 24.1290315813889
131000 8.8102492629281 8.78616848877188 6.63041466454346 24.2268324162434
132000 8.87990109940768 8.82522727166839 6.72241440777009 24.4275427788462
133000 8.99749638341997 8.96767042985842 6.74560764746245 24.7107744607408
134000 9.00719887922766 8.92193955049336 6.81058906652282 24.7397274962438
135000 9.0903306308116 9.00315927452833 6.82928644318682 24.9227763485267
136000 9.16731888310419 9.11822787263875 6.83575171248317 25.1212984682261
137000 9.25213755036552 9.13744294484869 6.88408292946374 25.2736634246779
138000 9.31452543384303 9.21985243647754 6.94261964029375 25.4769975106143
139000 9.4108842918925 9.33361485222185 7.02524711140895 25.7697462555233
140000 9.52867399420692 9.41640801505311 7.11319468876075 26.0582766980208
141000 9.53426061123661 9.39922942625955 7.18021100472651 26.1137010422227
142000 9.63746072897351 9.48375240607728 7.21423892510749 26.3354520601583
143000 9.77714536179996 9.57159856240767 7.25037260496471 26.5991165291723
144000 9.72755333507621 9.70520429429486 7.30898909097921 26.7417467203503
145000 9.85107450461667 9.80875540011742 7.39843172749683 27.0582616322309
146000 9.90557952360022 9.9255031540283 7.41510376828351 27.246186445912
147000 10.0725686091576 10.0804583741895 7.50030219779492 27.653329181142
148000 10.0973388423258 10.082328279348 7.57510373031695 27.7547708519907
149000 10.1814754477898 10.127995885937 7.60513225922772 27.9146035929545
150000 10.242315693609 10.1847638162971 7.66014527167305 28.0872247815792
151000 10.3701437513451 10.1933002007741 7.7208493790261 28.2842933311453
152000 10.3872505002803 10.3261423679742 7.74811190185047 28.461504770105
153000 10.4164938481914 10.4010736919955 7.83741095377054 28.6549784939574
154000 10.5275695546756 10.4609019999598 7.81989850587359 28.808370060509
155000 10.5379576797292 10.6119212114836 7.98287660803112 29.1327554992439
156000 10.5778161423417 10.6680780392182 8.0510925754453 29.2969867570052
157000 10.7451129702201 10.7810721237762 8.17340031269191 29.6995854066883
158000 10.8233030335612 10.7921422978474 8.12154597138754 29.7369913027961
159000 10.8889713625723 10.9081314762817 8.15514574178237 29.9522485806363
160000 10.9183474977185 10.9787288834047 8.20036538138196 30.0974417625052
161000 10.9636693444981 10.9816839958059 8.25300293691628 30.1983562772203
162000 11.0077401081187 11.0710813985872 8.26505096397655 30.3438724706824
163000 10.9719672046619 11.2246392407247 8.28388311484361 30.4804895602302
164000 11.0610641527926 11.1859685706347 8.37512340522266 30.6221561286499
165000 11.079018326527 11.2172114426795 8.47055365641337 30.7667834256198
166000 11.1897790449753 11.3193322325973 8.49789554636975 31.0070068239424
167000 11.1895940331859 11.3874716079256 8.57057449361019 31.1476401347216
168000 11.281575619744 11.4186065100723 8.62642192368776 31.3266040535041
169000 11.3826684059101 11.4716898438734 8.69243411464813 31.5467923644317
170000 11.4273967823058 11.5636351955617 8.70082960104416 31.6918615789117
171000 11.4853732233272 11.4841470615897 8.7524903182205 31.7220106031374
172000 11.5298192018235 11.5804358292048 8.82631414550324 31.9365691765316
173000 11.6010006467074 11.7269720232927 8.82895553001634 32.1569282000164
174000 11.6815817510843 11.7081033905746 8.86516525636467 32.2548503980235
175000 11.8035709349005 11.7807726396606 8.93684227231332 32.5211858468745
176000 11.9913861881751 11.9142617519984 9.08440619232961 32.9900541325031
177000 11.9885042901343 11.9796121204526 9.0860454598479 33.0541618704347
178000 12.1465425201294 12.1051702800264 9.16404875158763 33.4157615517434
179000 12.1482884352473 12.053839317567 9.19290651965023 33.3950342724646
180000 12.1814972257824 12.0841401166182 9.22197328312079 33.4876106255214
181000 12.242693389687 12.1303944742563 9.273180775457 33.6462686394002
182000 12.3213974095526 12.22069241286 9.33610020136444 33.8781900237771
183000 12.3251421955949 12.3199791542828 9.43275026309079 34.0778716129685
184000 12.3943472681076 12.4211913886937 9.5304325797633 34.3459712365646
185000 12.4207976457762 12.4959578158656 9.58005678285566 34.4968122444975
186000 12.4350328457278 12.5144865910252 9.55462086518465 34.5041403019377
187000 12.5013178409382 12.6070911352983 9.58667075432385 34.6950797305604
188000 12.4808707832501 12.6608842795666 9.5941522253028 34.7359072881196
189000 12.5668195584955 12.7100473544687 9.7026069945218 34.979473907486
190000 12.6710976381995 12.8804453532924 9.72197002060167 35.2735130120936
191000 12.6740019640675 12.8768820392942 9.78059326449554 35.3314772678573
192000 12.7731361262334 12.9045623750996 9.78514491342868 35.4628434147618
193000 12.7783036624258 13.0099318726668 9.89161487113629 35.6798504062289
194000 12.8711764538052 13.0627348168834 9.89965166582623 35.8335629365148
195000 12.9268329297457 13.1181183719092 9.94087731212573 35.9858286137806
196000 12.9771541875409 13.1417341310582 10.036990876025 36.1558791946242
197000 12.9658684865558 13.1530327906907 10.1046006634511 36.2235019406976
198000 13.0219795697954 13.2964265951199 10.1787327832002 36.4971389481156
199000 13.0590044663691 13.3633831845946 10.2865008989915 36.7088885499552
200000 13.1838925882654 13.423698186962 10.2874420794415 36.8950328546689
201000 13.3032040452294 13.391257905328 10.3768906505882 37.0713526011456
202000 13.2719060758386 13.4963401964114 10.4646511952006 37.2328974674506
203000 13.3909789795206 13.5390210048923 10.5457473303952 37.4757473148081
204000 13.3963048110697 13.7086383263502 10.5828081537535 37.6877512911733
205000 13.4655977326028 13.7505929582518 10.5978416538053 37.8140323446599
206000 13.5656096708228 13.7793995284153 10.6227180181089 37.967727217347
207000 13.5461135445286 13.8393410247271 10.6635685121654 38.049023081421
208000 13.7181537906003 13.9077405653902 10.761479765881 38.3873741218716
209000 13.6568696580474 13.8353939273962 10.7035126225989 38.1957762080424
210000 13.7662990210484 13.8915015162323 10.79786380147 38.4556643387506
211000 13.7818232379907 14.0013536186635 10.8772540838148 38.660430940469
212000 13.8698648833609 13.9976856178586 10.8939300314859 38.7614805327054
213000 13.9056834444401 14.0303507819999 10.9248527556399 38.86088698208
214000 13.9840270364433 14.1722336182116 10.977960521783 39.1342211764379
215000 13.9661277738398 14.217873072251 11.0073126115468 39.1913134576376
216000 14.1412537361645 14.2568799138613 11.063323336021 39.4614569860468
217000 14.2054832170833 14.3817617445915 11.0732711459142 39.660516107589
218000 14.1715470699006 14.3783727607738 11.1625746856119 39.7124945162862
219000 14.3213385509752 14.4971135468905 11.2837899990945 40.1022420969602
220000 14.2650040227858 14.4949210655376 11.3078137057759 40.0677387940993
221000 14.42622912427 14.5076649250976 11.3549835848214 40.288877634189
222000 14.4844126383948 14.619096876305 11.418931309281 40.5224408239808
223000 14.5227655656402 14.6521406379001 11.4261744887495 40.6010806922898
224000 14.6053766272947 14.7499497315802 11.5406178487403 40.8959442076152
225000 14.6599938689727 14.7771773114924 11.5397624420558 40.9769336225209
226000 14.6861318764113 14.7849933539884 11.6365966429936 41.1077218733934
227000 14.8709501944269 14.8715820368435 11.6296150644422 41.3721472957127
228000 14.8543132188918 15.0251152611861 11.5717893281211 41.451217808199
229000 14.8698403978484 14.9567498035748 11.6121906463434 41.4387808477666
230000 14.9195827410089 15.055087470271 11.7171285274034 41.6917987386833
231000 15.1315059143705 15.1325514618415 11.8024921932308 42.0665495694429
232000 15.1309540615009 15.2354276901449 11.816820340554 42.1832020921999
233000 15.2341781269476 15.2661835369735 11.8821254298409 42.382487093762
234000 15.2840927743874 15.3623659757501 11.8870682637798 42.5335270139173
235000 15.412882176326 15.4184259942762 11.9924621141474 42.8237702847496
236000 15.4264761398192 15.5290959379479 11.9790977177971 42.9346697955642
237000 15.4228282326515 15.5910901937144 12.0753841686932 43.0893025950591
238000 15.45651069237 15.6258619229738 12.0733430675957 43.1557156829396
239000 15.5596569900838 15.7435621958855 12.1287668740634 43.4319860600327
240000 15.6045249555368 15.7831542913831 12.1689344478921 43.556613694812
241000 15.702712668018 15.8112971892602 12.2719365424641 43.7859463997423
242000 15.6932938139622 15.9513017291489 12.2460711532509 43.890666696362
243000 15.7620563660971 16.0073902711032 12.3173870073784 44.0868336445786
244000 15.8253347603227 16.0363927355622 12.3487806429 44.2105081387849
245000 15.8188243615471 16.1839179595637 12.4355427321826 44.4382850532934
246000 15.9901629744024 16.1731994061689 12.4264308996615 44.5897932802327
247000 15.974080834628 16.3369476633412 12.4073094497049 44.7183379476741
248000 15.9860928809235 16.3788996997919 12.4551038870847 44.8200964678001
249000 16.0176239917011 16.4754413401277 12.5011046191841 44.9941699510128
250000 16.0486645483791 16.496284231079 12.5056915040044 45.0506402834625
251000 16.1214411243178 16.5410439310549 12.5488142450536 45.2112993004263
252000 16.2231259809291 16.6098764385356 12.5731914651039 45.4061938845686
253000 16.1832872741551 16.5429213836185 12.5291134468406 45.2553221046142
254000 16.3258327391859 16.6202499931902 12.568357535936 45.5144402683121
255000 16.2925869538996 16.6808701487359 12.5647045071203 45.5381616097559
256000 16.4379764915029 16.8173409233576 12.577231665699 45.8325490805595
257000 16.4049730018359 16.884263765086 12.6732559069856 45.9624926739075
258000 16.6010445545631 16.852143031133 12.7128135604808 46.166001146177
259000 16.6245702871238 16.9213652436796 12.6852183321315 46.2311538629349
260000 16.7500383114106 16.987670630674 12.7640025826555 46.5017115247401
261000 16.7571945894963 16.9923600748349 12.8115361854785 46.5610908498097
262000 16.8662967151741 17.0068578958336 12.7957244688765 46.6688790798843
263000 17.0343973929991 17.0049671137059 12.860040582509 46.899405089214
264000 17.1059558307444 17.1660591781352 12.9593172810619 47.2313322899415
265000 17.0823277141318 17.2077835130872 13.0045763262427 47.2946875534618
266000 17.1065791223889 17.272451229883 12.975355953572 47.354386305844
267000 17.1449016167322 17.2975708560164 13.0622744752687 47.5047469480174
268000 17.2094569898672 17.3808554289338 13.1003045578059 47.690616976607
269000 17.3606871510387 17.3997606976408 13.1274544991897 47.8879023478692
270000 17.4282593151221 17.517965919219 13.19037454671 48.1365997810511
271000 17.4742517895492 17.5878616307931 13.234040083754 48.2961535040963
272000 17.4912406917695 17.6974471513035 13.2983798791658 48.4870677222388
273000 17.5595947416692 17.727216401746 13.3529318516257 48.6397429950409
274000 17.6251000122869 17.7807083349568 13.419830220383 48.8256385676268
275000 17.6867715134007 17.8119090667316 13.467030544879 48.9657111250113
276000 17.7764712323198 17.9163040494691 13.4744435710736 49.1672188528625
277000 17.8026112978412 17.9594457933095 13.5443327227649 49.3063898139156
278000 17.9477141479775 18.010480303732 13.595786989356 49.5539814410655
279000 17.8641822495051 18.1448944727729 13.6334131519782 49.6424898742562
280000 18.0792661509263 18.2066128113191 13.7291020225151 50.0149809847605
281000 18.1819549205061 18.338586331059 13.7766126316449 50.29715388321
282000 18.2842706117708 18.4620901202126 13.8137400174704 50.5601007494537
283000 18.3671381024165 18.4554965010955 13.8731680024791 50.6958026059911
284000 18.3692856441721 18.4446009485898 13.8610809948901 50.6749675876519
285000 18.4659193505904 18.5950656905292 13.9318297098191 50.9928147509387
286000 18.46119695209 18.6294816443537 13.9760880400055 51.0667666364492
287000 18.4588565606821 18.663432436414 13.9941988365837 51.1164878336798
288000 18.544207644712 18.8207294780436 14.1000811727489 51.4650182955045
289000 18.5587545202366 18.8273147808376 14.1472329905883 51.5333022916625
290000 18.7069148049298 18.7670088570272 14.1651978518015 51.6391215137585
291000 18.6968138648217 18.8955487392335 14.2140848601298 51.806447464185
292000 18.7699593787997 19.0180528306859 14.1593181269949 51.9473303364805
293000 18.8453963439324 19.0170425009842 14.1909810897217 52.0534199346383
294000 18.9302070803957 19.1430121726914 14.2137397613001 52.2869590143872
295000 18.9666876310135 19.275843269175 14.2971026537424 52.5396335539308
296000 18.9759658962125 19.2032018552607 14.3535609627175 52.5327287141906
297000 19.0441847874931 19.2602851489991 14.3419059956553 52.6463759321475
298000 19.1585397865349 19.4913650868801 14.4326070919432 53.0825119653582
299000 19.222492284761 19.4823245667357 14.4480969946149 53.1529138461116
300000 19.2602358832726 19.5674443679619 14.565079849055 53.3927601002895
301000 19.3706721710782 19.6386803444714 14.5618776947387 53.5712302102882
302000 19.4539733394961 19.7488684190887 14.6280339420711 53.8308757006559
303000 19.454260307982 19.8709084892197 14.6167160389296 53.9418848361314
304000 19.6050772090069 19.9763278411183 14.7765904643626 54.3579955144878
305000 19.6447158252682 19.9422523775245 14.7587536354061 54.3457218381989
306000 19.6089789860738 20.0199417201909 14.8161461334933 54.445066839758
307000 19.6443696239243 20.0158917464798 14.8598356603367 54.5200970307407
308000 19.5931798502229 19.945159462127 14.8904397604422 54.4287790727921
309000 19.602598077109 20.1144247864232 14.9321546458482 54.6491775093804
310000 19.6166828745696 20.1848090897216 15.0067846673784 54.8082766316695
311000 19.6853382215703 20.1932553342281 14.9373141680571 54.8159077238555
312000 19.7648181448577 20.2970869766227 15.0259557177815 55.0878608392619
313000 19.8710347933587 20.3792998094067 15.0551150149977 55.305449617763
314000 19.8979178849568 20.2434094058913 15.0388891317856 55.1802164226338
315000 19.9464080648955 20.3427857588836 15.0855097203705 55.3747035441497
316000 20.078206202937 20.4691662384586 15.1404751822444 55.68784762364
317000 20.1360910802848 20.4599295023879 15.1831767273156 55.7791973099883
318000 20.2378125162717 20.5481368233981 15.1778464327787 55.9637957724485
319000 20.193096643584 20.5763083619211 15.2445177539979 56.0139227595031
320000 20.3980545936255 20.7729965803128 15.3586411805629 56.5296923545012
321000 20.3872323888113 20.839355584736 15.3893263568447 56.615914330392
322000 20.4312757729013 21.0303187630442 15.4718032211581 56.9333977571036
323000 20.4739847714157 20.9465213481334 15.3834552434327 56.8039613629818
324000 20.5940270396767 20.9738193312866 15.459507097865 57.0273534688283
325000 20.678522255972 21.0413555844929 15.4364086134182 57.1562864538832
326000 20.6871825739793 21.1664833151274 15.4535439008909 57.3072097899976
327000 20.8125922726752 21.2274701791481 15.5026906814659 57.5427531332893
328000 20.9354095269244 21.2877462393134 15.5337363318194 57.7568920980572
329000 20.8853247659378 21.328848588105 15.5620595594595 57.7762329135023
330000 20.9252708239584 21.3537707708751 15.6145249536869 57.8935665485204
331000 20.9308299835421 21.4010306439899 15.5634916271947 57.8953522547267
332000 20.9729472276965 21.4467244994243 15.6631939557618 58.0828656828826
333000 21.02812154131 21.4172826832105 15.6994577268875 58.144861951408
334000 21.0798117073306 21.4929763804709 15.6967339020589 58.2695219898604
335000 21.2082054233063 21.666328912026 15.7559036957922 58.6304380311245
336000 21.2631388961265 21.7221809597229 15.8639739303841 58.8492937862335
337000 21.2428303760962 21.8314437739876 15.9053400716654 58.9796142217492
338000 21.3276737274352 21.8241597806222 15.9734038413538 59.1252373494112
339000 21.3188820650454 21.8851004286095 15.9768751446058 59.1808576382607
340000 21.4246825629938 21.9124629403411 15.9607368333431 59.297882336678
341000 21.4992508329906 22.0115744686223 15.9809528706833 59.4917781722961
342000 21.5344673999311 22.0050220281247 16.0831241114366 59.6226135394925
343000 21.6609903888005 22.0848459187555 16.0423017318764 59.7881380394324
344000 21.7423174368728 22.2235192013667 16.1361464248927 60.1019830631322
345000 21.6467194647906 22.3127209734429 16.22214471838 60.1815851566134
346000 21.7348640672814 22.385605742112 16.2722605799656 60.392730389359
347000 21.7869467455749 22.4230447141008 16.2714570011783 60.481448460854
348000 21.8099129505613 22.4104185598266 16.3390873221273 60.5594188325151
349000 21.902871474828 22.5040208268245 16.3831555651525 60.790047866805
350000 21.9169841061715 22.6493788151146 16.4444304483614 61.0107933696476
351000 21.9954311735058 22.714948939581 16.5216563601747 61.2320364732615
352000 22.0349161147786 22.8950663462036 16.5263991805184 61.4563816415006
353000 22.0306611999906 22.9379382434596 16.6075387729747 61.5761382164249
354000 22.1513084637796 23.0365853445348 16.6800902439966 61.867984052311
355000 22.3211613702993 23.0882469045894 16.6521872666321 62.0615955415209
356000 22.424067621207 23.0808528589065 16.7666835222987 62.2716040024123
357000 22.4414679423369 23.1650091399631 16.7877180522239 62.394195134524
358000 22.5639892889673 23.1791726170761 16.7553441676146 62.4985060736581
359000 22.6311365515362 23.2490958466485 16.7425260194956 62.6227584176802
360000 22.6771280112288 23.3127008170205 16.8537487843677 62.843577612617
361000 22.7544605233024 23.3956143720907 16.902659951231 63.0527348466241
362000 22.6470575453106 23.2699234888279 16.895497830048 62.8124788641864
363000 22.6709600211802 23.3148911645748 16.9729078485956 62.9587590343506
364000 22.8741829181308 23.4676302195051 16.9611173966382 63.302930534274
365000 22.9928584123418 23.4224415653514 16.9741495142471 63.3894494919403
366000 23.0718602067391 23.5184472057547 16.981209162659 63.5715165751528
367000 23.2062928662846 23.5278689393105 17.1078682081383 63.8420300137334
368000 23.2232331890801 23.6453218556854 17.171808458267 64.0403635030325
369000 23.1896470510965 23.6514027429971 17.2178676177054 64.058917411799
370000 23.2928947065003 23.8227282295897 17.2294707167571 64.345093652847
371000 23.2769646736153 23.896143741706 17.2128303462006 64.3859387615219
372000 23.403341281076 24.0077171078782 17.2367262390186 64.6477846279728
373000 23.4549904701825 24.0838209013441 17.2667903639784 64.805601735505
374000 23.6436277498196 24.072047449916 17.2877532094635 65.003428409199
375000 23.6540261637276 24.1467869863017 17.2857715334509 65.0865846834803
376000 23.7214915697224 24.1109426465993 17.2805480459502 65.1129822622719
377000 23.8340404533764 24.2539733702628 17.248303595109 65.3363174187483
378000 23.8702159427034 24.2347185371747 17.3207113794822 65.4256458593603
379000 23.9315973938713 24.3500634748635 17.4680853945804 65.7497462633152
380000 24.0882560990679 24.4735065029357 17.5323541816833 66.0941167836868
381000 24.1709238812796 24.4865580163346 17.5371371027315 66.1946190003457
382000 24.0268976457156 24.5339776245084 17.4533861359297 66.0142614061537
383000 24.2624217438263 24.7289037112395 17.6436436956348 66.6349691507005
384000 24.3670293166623 24.8232212042975 17.7223449084776 66.9125954294374
385000 24.4253048759376 24.9158308822522 17.7552765463606 67.0964123045503
386000 24.4117081515662 24.965509887716 17.8478687326142 67.2250867718964
387000 24.5974393569382 24.937067465055 17.9191371687907 67.4536439907838
388000 24.5368510544067 25.0199608036367 17.8960536044088 67.4528654624522
389000 24.7475974320176 25.0400677156919 18.009012075528 67.7966772232376
390000 24.8134334155976 25.2226767035905 17.9591253832539 67.9952355024421
391000 24.9363782569676 25.3117886398405 17.9735686118723 68.2217355086803
392000 24.9891489094523 25.3713646044357 18.0398514535044 68.4003649673925
393000 25.0194173587422 25.3576715622227 18.1746918976085 68.5517808185734
394000 25.1651786957984 25.3522666692615 18.229668461424 68.7471138264839
395000 25.2510741821327 25.4746151070384 18.3065772645584 69.0322665537295
396000 25.2779668914493 25.6202201401251 18.3491790057358 69.2473660373102
397000 25.3539953395084 25.59304857568 18.4183423939217 69.3653863091101
398000 25.4746672419902 25.6500379558217 18.4613821670423 69.5860873648543
399000 25.5023374627917 25.6441046007234 18.5453116035365 69.6917536670516
400000 25.589946812082 25.5958076099902 18.536657058174 69.7224114802461
401000 25.6128968872613 25.6860228654193 18.582174376512 69.8810941291926
402000 25.6131125464967 25.7443538187393 18.6485500689009 70.0060164341369
403000 25.7578611601323 25.8153342698817 18.6913306433585 70.2645260733725
404000 25.7525331021472 25.785034941328 18.7133981025572 70.2509661460324
405000 25.8391751650025 25.8884019006281 18.7655156116421 70.4930926772727
406000 25.9052693776927 25.8039728235466 18.7991907046318 70.5084329058711
407000 25.9908091850339 25.86893462969 18.8443654016245 70.7041092163484
408000 26.1527694191968 26.0219243780143 18.9717361193586 71.1464299165698
409000 26.1700008519786 25.9957766366823 18.9784414341361 71.1442189227971
410000 26.1573413824285 26.0112426954436 18.9607126008263 71.1292966786984
411000 26.2362184288439 26.0594494578884 18.9305794444389 71.2262473311713
412000 26.2858458355967 26.2239532337842 18.9961607847937 71.5059598541747
413000 26.3570191261388 26.3120902908594 19.0870490565739 71.7561584735721
414000 26.4456851489153 26.3067340749857 19.1281512911525 71.8805705150534
415000 26.4932056378852 26.2798414364966 19.2540060803735 72.0270531547553
416000 26.4551691818512 26.4629874776688 19.2240629649536 72.1422196244736
417000 26.6485169687716 26.3719486624633 19.3351262033403 72.3555918345752
418000 26.6132529652791 26.4015143266539 19.3731154936457 72.3878827855787
419000 26.7018181631317 26.5276586967194 19.3486160516025 72.5780929114536
420000 26.7490060223233 26.5832766051475 19.4115815935743 72.7438642210451
421000 26.9190926741596 26.660043308277 19.3617369202479 72.9408729026845
422000 27.0592468144889 26.751819546393 19.3569762025642 73.1680425634461
423000 27.2254919107051 26.671096008524 19.4019464933266 73.2985344125558
424000 27.1112696158429 26.6477392141218 19.4853055164943 73.2443143464591
425000 27.2625225411473 26.6161242552593 19.5517443706692 73.4303911670758
426000 27.3070265216769 26.6878880044282 19.589641890365 73.5845564164701
427000 27.2978921069361 26.8098722071622 19.7089926025857 73.816756916684
428000 27.4587009922045 26.8492269323422 19.6130811755163 73.921009100063
429000 27.4599179902271 26.9318613608779 19.7311887726189 74.1229681237239
430000 27.4496071094742 26.9814341760875 19.6961614972643 74.127202782826
431000 27.4884838607589 27.2029400845309 19.8004942937668 74.4919182390566
432000 27.6091152078437 27.2367843468116 19.8425228598781 74.6884224145334
433000 27.7739110267946 27.2684724528227 19.868253121574 74.9106366011912
434000 27.7895188496847 27.3020097947456 19.9342816577229 75.0258103021533
435000 27.8585129768075 27.3009072477642 19.9381261443081 75.0975463688798
436000 27.8958127050822 27.3017776377351 20.072490044876 75.2700803876933
437000 28.1422417889618 27.4407302888424 20.1496185501809 75.7325906279852
438000 28.0799606253396 27.4291518914521 20.1348502883492 75.643962805141
439000 28.2155132493475 27.5760565518781 20.2535970227267 76.0451668239523
440000 28.3118697900396 27.5979636148281 20.3170203739916 76.2268537788594
441000 28.3515592138757 27.5448676432141 20.3868172683401 76.2832441254299
442000 28.4705497902313 27.5850438985862 20.4073460546903 76.4629397435079
443000 28.4879072444295 27.7404153136264 20.4795322859431 76.7078548439989
444000 28.5664640264252 27.7367153298983 20.5167303435899 76.8199096999134
445000 28.555582557744 27.7684201905297 20.5668413682064 76.8908441164802
446000 28.6325966260708 27.8583683421137 20.532889918489 77.0238548866735
447000 28.805639738334 27.8773555825276 20.5705878290288 77.2535831498904
448000 28.8020619489994 27.9170182243564 20.6400429328432 77.359123106199
449000 28.8260985087629 28.0589574021763 20.6988424162983 77.5838983272376
450000 28.891470555129 28.0893481112315 20.6915266141572 77.6723452805177
451000 28.8963241467091 28.1729001428897 20.7445333698211 77.8137576594199
452000 28.9031394884995 28.2420790317346 20.8413493968252 77.9865679170593
453000 29.1996700681989 28.3639873578774 20.9462470305566 78.5099044566329
454000 29.246910014335 28.5741305388142 20.9489259239873 78.7699664771365
455000 29.1808833184424 28.5920879099693 21.0296001905337 78.8025714189454
456000 29.3054836025101 28.6152866629308 20.9317802048251 78.8525504702659
457000 29.3329276537379 28.6007892457839 21.0067354669843 78.9404523665061
458000 29.322385757153 28.63940206969 21.0572526953184 79.0190405221614
459000 29.5095232591221 28.7383345234551 21.0520783006311 79.2999360832083
460000 29.4878914309617 28.9008832206676 21.1645248137886 79.5532994654178
461000 29.6268094467254 28.8515179624501 21.2160175059224 79.6943449150979
462000 29.613624599775 28.9682110981677 21.1867235121468 79.7685592100895
463000 29.6326831683653 29.044151481722 21.1167982092976 79.7936328593849
464000 29.5330029663723 29.1302850615197 21.2939687993929 79.9572568272849
465000 29.6602922964356 29.153530167023 21.3439565063042 80.1577789697628
466000 29.7111787525238 29.3358221348717 21.5030991707999 80.5501000581953
467000 29.7789365101697 29.2007059969356 21.5375353293787 80.5171778364839
468000 29.7181325758943 29.3354609439818 21.5650087240795 80.6186022439556
469000 29.8006295854478 29.4547532452124 21.6177425934966 80.8731254241568
470000 29.85228788619 29.4422588598679 21.6920508482196 80.9865975942775
471000 29.9813751974883 29.5441832312531 21.6721190569346 81.197677485676
472000 30.0856570815651 29.5935061691637 21.7578908113966 81.4370540621254
473000 30.1959271780138 29.761804500674 21.756849613272 81.7145812919598
474000 30.2587819072808 29.7770913760034 21.8511238286815 81.8869971119657
475000 30.3145518227077 29.8860002429287 21.8853261719564 82.0858782375927
476000 30.4207321246047 29.8749585111685 21.9315930773959 82.227283713169
477000 30.4852556775736 29.96710771004 21.9739382968363 82.4263016844499
478000 30.4140743614543 30.0283936114767 22.0259716738316 82.4684396467625
479000 30.4238238594362 30.0159771656841 22.0917444227494 82.5315454478697
480000 30.4760352533158 30.1201438158434 22.111747877099 82.7079269462583
481000 30.5927698786322 30.2250742850474 22.0683874727081 82.8862316363878
482000 30.7370091136298 30.3667842804383 22.1661767834288 83.2699701774969
483000 30.7414705899931 30.3968974585488 22.129655924018 83.2680239725599
484000 30.8913735070951 30.3983387593848 22.230768885953 83.5204811524329
485000 31.0080670005056 30.3631074020192 22.3101073706909 83.6812817732156
486000 31.0427767122653 30.4659256771751 22.2950403338713 83.8037427233118
487000 31.0891625330961 30.5497797788554 22.4431535755225 84.082095887474
488000 31.1824779975082 30.5630148387847 22.4897048095833 84.2351976458763
489000 31.2203501246969 30.707508154622 22.4579476092647 84.3858058885835
490000 31.1011944048524 30.5042156030522 22.4786674838343 84.0840774917388
491000 31.1857084914292 30.5331287523443 22.4960122446741 84.2148494884476
492000 31.3090577221992 30.4654369061805 22.6150847549151 84.3895793832947
493000 31.2781940254856 30.5209769636575 22.6812803903078 84.4804513794509
494000 31.4253588592047 30.5543498973645 22.7655539392321 84.7452626958013
495000 31.4979219299804 30.6378438490977 22.757903603022 84.8936693821
496000 31.4651299759235 30.8231036969096 22.7949648559407 85.0831985287737
497000 31.5787524967964 30.8835758207716 22.7519727754934 85.2143010930614
498000 31.5681649693919 30.8281220054629 22.7751609766441 85.171447951499
499000 31.6176862866704 31.0369609882227 22.7700437997464 85.4246910746394
500000 31.660361021139 31.0473571142244 22.756459901576 85.4641780369395
501000 31.6187102396052 31.0784554878237 22.784569286786 85.4817350142149
502000 31.6231071051317 31.1091821844982 22.6904878117568 85.4227771013867
503000 31.6334700278247 31.2406397361937 22.7797530696071 85.6538628336254
504000 31.8298381073749 31.3133483604071 22.7902321132439 85.9334185810259
505000 31.7663035441815 31.3061094891297 22.9424551737042 86.0148682070155
506000 31.7197681836313 31.4344836033523 22.991916148691 86.1461679356746
507000 31.8715611417181 31.6563738016812 22.9720336702702 86.4999686136695
508000 31.9327759331067 31.7420022443673 23.0432898804468 86.7180680579208
509000 31.9978118636419 31.7790991591289 23.0167394810379 86.7936505038086
510000 31.9443188846877 31.6766709273438 23.0961527091915 86.717142521223
511000 31.9933727600236 31.7879072923288 23.0910061910756 86.872286243428
512000 32.1020613104224 31.6326210896132 23.1503221056392 86.8850045056748
513000 32.1850652852717 31.6959766818626 23.2877877532649 87.1688297203993
514000 32.3172230718798 31.7856957919995 23.2032410716058 87.3061599354851
515000 32.3768655910763 31.7958383236616 23.3348679913786 87.5075719061165
516000 32.440267748514 31.7336233734642 23.3830594822261 87.5569506042043
517000 32.5821938146264 31.9450210616612 23.4702773596541 87.9974922359417
518000 32.6561206524717 32.0668982623762 23.5451226755536 88.2681415904016
519000 32.7196303101193 32.0449614235204 23.5906084774658 88.3552002111054
520000 32.7452014639166 32.1385349836956 23.6553331663768 88.539069613989
521000 32.8473548967959 32.277092640838 23.6671307890346 88.7915783266686
522000 33.0268873237867 32.3344949292516 23.5916345617961 88.9530168148344
523000 33.1056799965183 32.3432864686147 23.761334693963 89.2103011590959
524000 33.1408338811747 32.3317684365158 23.7845120674381 89.2571143851286
525000 33.197445208946 32.4355411864485 23.8044710036205 89.4374573990149
526000 33.3048576438335 32.5491323665201 23.7346849574321 89.5886749677857
527000 33.294801694002 32.5449003706619 23.7387149751223 89.5784170397862
528000 33.3122812645774 32.6429540242914 23.8203047520178 89.7755400408866
529000 33.2934550399373 32.7994180698573 23.8489664525642 89.9418395623588
530000 33.3073622459352 32.8607315895194 23.9292869177486 90.0973807532032
531000 33.2955936346477 32.9705694073702 23.9331694970867 90.1993325391046
532000 33.4067923470051 33.0758989199271 24.0735011665464 90.5561924334786
533000 33.5116257855669 33.0282459872814 24.1221630710754 90.6620348439236
534000 33.6111778851397 33.028198990939 24.1087780638552 90.7481549399339
535000 33.728075133798 33.1601254223776 24.0568758119934 90.945076368169
536000 33.594929063745 33.3078792984849 24.0592968188998 90.9621051811298
537000 33.5456127507569 33.2354836754238 24.1697816340149 90.9508780601955
538000 33.5646534699562 33.3051262130768 24.2218202308309 91.0915999138638
539000 33.7156084955258 33.4174904018259 24.2310040150198 91.3641029123715
540000 33.7267488929352 33.5152815370471 24.2477165167977 91.48974694678
541000 33.7607652095111 33.6451497539832 24.1737524380617 91.5796674015561
542000 33.778261202388 33.623620469555 24.2856726148826 91.6875542868256
543000 33.8395579999126 33.7085522128487 24.4160799740013 91.9641901867626
544000 33.9855516734404 33.8726059741668 24.3046950657228 92.1628527133299
545000 34.0352655993149 33.9048381805074 24.433165567244 92.3732693470663
546000 34.0914799152162 34.0042101472277 24.4451481467677 92.5408382092116
547000 34.2565871421929 34.0983226417373 24.5230295469051 92.8779393308353
548000 34.2470404282848 33.9973964216536 24.5840165266171 92.8284533765555
549000 34.2909778024424 33.9856071661131 24.7245580772405 93.001143045796
550000 34.2893400507134 34.2061092637447 24.7948679299658 93.2903172444238
551000 34.5556701390614 34.4309179754005 24.7073722673436 93.6939603818055
552000 34.5588322971473 34.4693652273388 24.7479696551814 93.7761671796675
553000 34.5419978359513 34.4798176189425 24.8209092770782 93.842724731972
554000 34.5206614212958 34.5656599533811 24.7240015247618 93.8103228994387
555000 34.4646828666306 34.611598199578 24.7684926236033 93.8447736898119
556000 34.4824862243448 34.6762305578439 24.8947730254399 94.0534898076286
557000 34.6717878047181 34.6007018365195 24.8623128079111 94.1348024491487
558000 34.8697529820638 34.7013618419564 24.8972326623625 94.4683474863828
559000 34.9874393282134 34.8457327888974 24.8390553207853 94.6722274378961
560000 34.9606183346923 34.9058582393202 24.8428892233192 94.7093657973317
561000 35.0472072236807 35.0967522440284 24.9170336207658 95.0609930884749
562000 35.1091769044141 35.0422860639978 24.9743950515072 95.1258580199191
563000 35.158702920073 35.0376611704388 25.0000717036853 95.196435794197
564000 35.3170871378305 35.1494577904197 25.1058504967153 95.5723954249655
565000 35.5047128293972 35.1175345292378 25.1582183018686 95.7804656605036
566000 35.5689655690784 35.176722626108 25.215237719945 95.9609259151313
567000 35.6017127189811 35.265346710784 25.227556952387 96.0946163821522
568000 35.7511956462136 35.2875341717454 25.2393187397911 96.2780485577501
569000 35.7162284696781 35.4516012560775 25.3049012063021 96.4727309320577
570000 35.8181236890102 35.5289931315208 25.3860137004371 96.7331305209681
571000 35.7904503261624 35.5169864126048 25.398464125059 96.7059008638261
572000 35.8458867722926 35.5773911672532 25.59592957966 97.0192075192058
573000 35.890657529553 35.7229149483272 25.596029503209 97.2096019810892
574000 36.0385600113504 35.758946178401 25.7012351437496 97.498741333501
575000 36.0342784870309 35.7107607915536 25.767303415382 97.5123426939666
576000 36.0367475519879 35.7527495623205 25.7485532673914 97.5380503816998
577000 36.0448401207424 35.8366042165013 25.7792941253883 97.6607384626319
578000 36.1148195448162 35.9935484698738 25.7487158575328 97.8570838722228
579000 36.2493202776007 36.0766527401555 25.9110650058905 98.2370380236467
580000 36.2253236764285 36.058095611962 25.9243536673936 98.2077729557841
581000 36.3466185536444 36.1736612132749 25.9077125983653 98.4279923652846
582000 36.4484238261505 36.1670004180182 25.9480940100352 98.5635182542039
583000 36.5080201285432 36.282860286379 25.9066454229111 98.6975258378332
584000 36.6932367892927 36.3537938979404 26.0046115869194 99.0516422741525
585000 36.7292302088004 36.4040764914049 26.0226641153306 99.1559708155359
586000 37.0180043406943 36.423622899346 26.0271725000051 99.4687997400453
587000 36.9409075587942 36.5725467990856 26.1453195630928 99.6587739209725
588000 37.0336786073616 36.6249745142422 26.1099515032368 99.7686046248406
589000 37.1271020340956 36.7153674674842 26.0870139114437 99.9294834130235
590000 37.0883130132013 36.8063005135199 26.1561718672127 100.050785393934
591000 37.2889159061767 36.8374559827879 26.2033563675205 100.329728256485
592000 37.2938100271846 36.8275458015666 26.209339156172 100.330694984923
593000 37.4606914912757 36.8185203504234 26.2067971609958 100.486009002695
594000 37.5284859255175 36.918574579875 26.2989420379626 100.746002543355
595000 37.6287394860698 36.9835492979117 26.4954748743825 101.107763658364
596000 37.6715745156475 37.027844270746 26.4624402004042 101.161858986798
597000 37.6462984820733 37.1407700556688 26.5824301723933 101.369498710135
598000 37.6948094748064 37.1904160906874 26.7412974566803 101.626523022174
599000 37.6748925360239 37.2883313899978 26.8553804584327 101.818604384454
600000 37.9586713693378 37.3173217623008 26.7186307110226 101.994623842661
601000 37.7856825870383 37.4206940898547 26.8562488362283 102.062625513121
602000 37.9450586006371 37.584688492609 26.9219396194228 102.451686712669
603000 38.1066991981753 37.6132549619902 26.9438671524246 102.66382131259
604000 38.1077562041686 37.5396560581223 27.00054324928 102.647955511571
605000 38.2033956719443 37.7060387062615 27.0917552204108 103.001189598617
606000 38.4078160734776 37.792434334462 26.9978052195892 103.198055627529
607000 38.5389848127599 37.7923012764077 27.1436477247095 103.474933813877
608000 38.5730114003222 38.0060718502622 27.214090622127 103.793173872711
609000 38.7881208873668 38.0491122600394 27.2701793517742 104.10741249918
610000 38.9154312568529 38.0014308807388 27.2683392819976 104.185201419589
611000 38.8674693919236 38.1246789319454 27.2899772171594 104.282125541028
612000 38.8458665633491 38.1263305972487 27.3316635794943 104.303860740092
613000 38.9777598968048 38.1944631516652 27.4782529182004 104.65047596667
614000 39.0198399181693 38.2281282561203 27.4410411404757 104.689009314765
615000 39.0759242438053 38.3422787059223 27.4695921267103 104.887795076438
616000 39.2337042211425 38.4091033680545 27.6074352720334 105.25024286123
617000 39.3903353254807 38.5199124199718 27.6321335066135 105.542381252066
618000 39.4552723529198 38.5823403865364 27.6492345351667 105.686847274623
619000 39.3720031378625 38.5573259561237 27.6560129097903 105.585342003776
620000 39.5792652221396 38.7392164369906 27.7268251497517 106.045306808882
621000 39.5457039230247 38.6769079310465 27.848294305048 106.070906159119
622000 39.6881002256217 38.7582579269454 27.8768554595246 106.323213612092
623000 39.7386852915402 38.6991933483106 27.9863667630885 106.424245402939
624000 39.7184334650524 39.0431960431102 27.9397978024186 106.701427310581
625000 39.983880534627 39.0201156097395 28.0566608438384 107.060656988205
626000 39.9343396389329 39.181543813841 28.1254237854982 107.241307238272
627000 39.9620438966906 39.0789039401384 28.0841445254796 107.125092362309
628000 39.9721592525109 39.2360679361068 28.1902439244232 107.398471113041
629000 40.1051977311228 39.1743684203287 28.2043435712334 107.483909722685
630000 40.213861422062 39.2135125954406 28.3063318480049 107.733705865508
631000 40.2791574235845 39.3615164807163 28.2822191814102 107.922893085711
632000 40.5364239723272 39.4571189746191 28.2804096602461 108.273952607192
633000 40.5091400652784 39.4892296312819 28.4035694309451 108.401939127505
634000 40.4577666875874 39.7002499325895 28.374996047497 108.533012667674
635000 40.6789146631347 39.7074454910219 28.4933468933554 108.879707047512
636000 40.7802742037089 39.8564314134608 28.4877742291943 109.124479846364
637000 40.7455311246104 39.7971979686622 28.5562176913523 109.098946784625
638000 40.8016821410391 40.0384388551461 28.6063272414922 109.446448237677
639000 41.0325815276947 40.1257190076158 28.6021432453741 109.760443780685
640000 40.8287822844117 40.1512981617816 28.777465471393 109.757545917586
641000 40.8603368022149 40.3807185498899 28.7702749522069 110.011330304312
642000 40.9540608039662 40.3969679744784 28.8917172032826 110.242745981727
643000 41.1332669792373 40.3709366104778 28.9013296332225 110.405533222938
644000 41.1485744463332 40.5417829481392 28.8121688604058 110.502526254878
645000 41.2904700537148 40.3727380192727 28.8954099521667 110.558618025154
646000 41.3076336496374 40.4738599301573 28.9065524338253 110.68804601362
647000 41.3376767452648 40.5797031484107 28.8577678537054 110.775147747381
648000 41.3428069683857 40.5826876976249 28.9511643665123 110.876659032523
649000 41.5399143315253 40.7494148704979 29.0240034009152 111.313332602938
650000 41.5163958543621 40.8038460682603 29.1930292263696 111.513271148992
651000 41.6164360867905 40.9952772877632 29.1594221407682 111.771135515322
652000 41.6719185604949 40.9045929656095 29.2769999185755 111.85351144468
653000 41.8011816437236 40.9109357945272 29.286119121814 111.998236560065
654000 41.8150514387401 41.0815191611189 29.3447717275716 112.241342327431
655000 41.9913399340614 41.2415508530666 29.4585043281549 112.691395115283
656000 42.1249402077347 41.241511602141 29.4184221764993 112.784873986375
657000 42.0413428084932 41.3688124750624 29.5063815243843 112.91653680794
658000 41.8969024020049 41.3364277049799 29.467940114457 112.701270221442
659000 42.1228768073845 41.4495811281228 29.5653186330311 113.137776568538
660000 42.1391752544334 41.5399760621617 29.5576828466728 113.236834163268
661000 42.2329891047957 41.6167201164966 29.4736150273503 113.323324248643
662000 42.0954151820708 41.630210912713 29.5843511797412 113.309977274525
663000 42.2964626976248 41.7264663753558 29.7533853565157 113.776314429496
664000 42.2074603626663 41.6677369788892 29.7077494065136 113.582946748069
665000 42.3377134236211 41.6225535185227 29.8438744494031 113.804141391547
666000 42.2633009452923 41.8107507085332 29.9341085076922 114.008160161518
667000 42.3187767583788 41.7924463973632 30.0345813463051 114.145804502047
668000 42.3836212852662 41.9583435042771 29.9801492873563 114.3221140769
669000 42.4193652287367 42.0129423667943 30.0061648773943 114.438472472925
670000 42.4961671158308 42.220432728374 30.0445969813567 114.761196825562
671000 42.5834990427854 42.1598244573193 30.0972634926798 114.840586992785
672000 42.5041926122714 42.0805964507354 30.2594561178408 114.844245180848
673000 42.462942582738 42.1984215204385 30.3129938787111 114.974357981888
674000 42.6332246670926 42.1443720328321 30.273997545103 115.051594245028
675000 42.7830606010375 42.3360364730927 30.3047151155554 115.423812189685
676000 42.9029066663447 42.3773352655422 30.3720454647594 115.652287396646
677000 42.8358704975033 42.2732487138051 30.487719375316 115.596838586624
678000 42.8139402218099 42.4348906104267 30.5181004332074 115.766931265444
679000 42.9942676101818 42.3904746840217 30.5761653442696 115.960907638473
680000 42.9988915481841 42.4087845334185 30.6014957123593 116.009171793962
681000 42.9804343507407 42.4071943729362 30.5687692317699 115.956397955447
682000 43.1156444255267 42.4798996689608 30.6173189867673 116.212863081255
683000 43.1809555964267 42.6204840464545 30.7151369359514 116.516576578833
684000 43.2570118485207 42.5799942794919 30.6336952743039 116.470701402317
685000 43.2599520783698 42.6310457335754 30.5935313035588 116.484529115504
686000 43.4083027040388 42.7628932352204 30.770753535341 116.9419494746
687000 43.5518639030683 42.7179323772156 30.7420847460181 117.011881026302
688000 43.4244708284275 42.747842405105 30.7691922329807 116.941505466513
689000 43.6025962884 42.7391495660979 30.8472385590252 117.188984413523
690000 43.6200940968391 42.7530098053058 30.9345787739273 117.307682676072
691000 43.6698273369784 42.8008518505738 30.8510199023803 117.321699089933
692000 43.8923793538436 42.8844764520853 30.9861531552876 117.763008961217
693000 43.9749847234473 43.0639693150272 31.0454167002617 118.084370738736
694000 44.0585739166455 43.1132729920161 31.1626243110502 118.334471219712
695000 44.1056604992695 43.062098655644 31.2433247190145 118.411083873928
696000 43.9935131770558 42.9175499540917 31.1997620635481 118.110825194696
697000 44.0914616416718 43.0549847731337 31.2584198184483 118.404866233254
698000 44.2296184322241 42.9445262255607 31.297219884108 118.471364541893
699000 44.4761656950154 43.1465984861069 31.3753039021079 118.99806808323
700000 44.279079027672 43.2332406994109 31.4587602132582 118.971079940341
701000 44.424654129969 43.2223109274794 31.4652892077061 119.112254265155
702000 44.3811056197378 43.2390538586966 31.5023911457987 119.122550624233
703000 44.4422089494576 43.4869696922626 31.5931971427697 119.52237578449
704000 44.6170461506478 43.5720979871879 31.6665022162593 119.855646354095
705000 44.6816651004083 43.5224859745181 31.6143248642524 119.818475939179
706000 44.7106883532676 43.6842917929328 31.7401988226359 120.135178968836
707000 44.6035158426036 43.5910216002324 31.8629199177572 120.057457360593
708000 44.6479744361044 43.6537584618741 31.8485957239623 120.150328621941
709000 44.7486686142634 43.742386706634 31.9769528621034 120.468008183001
710000 44.6940483207722 43.7362777973904 32.0174764975165 120.447802615679
711000 44.8001629381919 43.6879201308092 32.1076899988889 120.59577306789
712000 44.8797638232701 43.7394595767734 32.2114689530422 120.830692353086
713000 45.0767010589197 43.9609557404809 32.150491148839 121.18814794824
714000 44.8892925688316 44.1493648767746 32.2362576968144 121.274915142421
715000 45.0422637318319 44.2333947967599 32.2669472794566 121.542605808048
716000 45.0066652811145 44.3364800168849 32.3440704561908 121.68721575419
717000 45.0114709395264 44.3781502322989 32.4724231035728 121.862044275398
718000 45.0776731113119 44.3614466157893 32.5684546868815 122.007574413983
719000 45.0120068283645 44.3271131423367 32.5766360889493 121.915756059651
720000 45.2295375769364 44.4501780259316 32.5646877173904 122.244403320258
721000 45.2407416953527 44.515996137821 32.5578029123341 122.314540745508
722000 45.1895177236984 44.4843793452715 32.6189712414683 122.292868310438
723000 45.3141151208004 44.662190913785 32.6845560654216 122.660862100007
724000 45.2881566278246 44.7081576847393 32.5860643798736 122.582378692437
725000 45.2666653897889 44.8433524607622 32.5856101658731 122.695628016424
726000 45.3891682037379 44.772488090574 32.6171428156307 122.778799109943
727000 45.3575452644208 44.9425655312333 32.6167263881157 122.91683718377
728000 45.2973296701867 44.949308541561 32.578687297276 122.825325509024
729000 45.4143820530145 44.8730323518303 32.5440433671947 122.831457772039
730000 45.4240247562273 45.0062991887414 32.6545017891251 123.084825734094
731000 45.4137230496505 44.8267573501639 32.6542733054916 122.894753705306
732000 45.6704048723821 44.9827214614527 32.6437502165567 123.296876550391
733000 45.7060642428871 45.0917191666815 32.7727585058935 123.570541915462
734000 45.8372654636674 45.0082224138547 32.8101351292007 123.655623006723
735000 45.8317648344967 45.214944389915 32.850227333655 123.896936558067
736000 45.8101762741064 45.1503879774042 32.8443937294442 123.804957980955
737000 45.9765322133394 45.3887095187708 32.9918519330308 124.357093665141
738000 45.8637405518738 45.3791354965176 32.8403760609904 124.083252109382
739000 46.0566070289207 45.3142159288476 32.8435806824097 124.214403640178
740000 45.9884244438349 45.417629034302 32.9378864549411 124.343939933078
741000 45.9183205521679 45.4489989292529 32.883623118914 124.250942600335
742000 45.9708507687768 45.503270891983 32.9703014203619 124.444423081122
743000 46.0818652543324 45.4690470162733 32.9393127985459 124.490225069152
744000 46.0172706707564 45.4950813970121 33.0217629367607 124.534115004529
745000 46.1385332905865 45.5024386777109 33.1661410490949 124.807113017392
746000 46.1294874775393 45.4872200620386 33.0820920738499 124.698799613428
747000 46.1992599722346 45.6283301090979 33.1131984842064 124.940788565539
748000 46.334130315693 45.7369520609354 33.1122342353441 125.183316611972
749000 46.3340507273882 45.7711986410125 33.2334111425161 125.338660510917
750000 46.4400333246327 45.8479997059831 33.246677873545 125.534710904161
751000 46.4997303833149 45.9778595485749 33.1744389499146 125.652028881804
752000 46.5362109484722 45.9501302340148 33.2474395662301 125.733780748717
753000 46.7143509898083 46.2091597954889 33.2393447468374 126.162855532135
754000 46.7029889879687 46.2598053706003 33.2672706527631 126.230065011332
755000 46.7765641940414 46.20234617951 33.3094220902354 126.288332463787
756000 46.8784320270105 46.2390026899995 33.3159046531364 126.433339370146
757000 47.0963801566125 46.513963207193 33.4833742121154 127.093717575921
758000 47.0602775278915 46.376247962465 33.5150833914312 126.951608881788
759000 47.1621021731961 46.3798800618558 33.5947775708456 127.136759805897
760000 47.238167281353 46.4858360345338 33.5292238623983 127.253227178285
761000 47.3799634003269 46.4784257418672 33.5652069356255 127.42359607782
762000 47.3866939598984 46.651994178801 33.5575794621678 127.596267600867
763000 47.4395596055292 46.7901432293357 33.5734224382671 127.803125273132
764000 47.4349924481673 46.8114537564867 33.6538253329391 127.900271537593
765000 47.6592975430466 46.9112574782013 33.6484640110231 128.219019032271
766000 47.4738044098682 46.9513174892535 33.5463009838667 127.971422882988
767000 47.5680157404352 47.1394931434095 33.7490525342587 128.456561418103
768000 47.6955604540332 47.0716234885296 33.8237322143563 128.590916156919
769000 47.7996895903173 47.1933715747048 33.7580787872034 128.751139952226
770000 47.95068746602 47.3182673607261 33.8459545875583 129.114909414304
771000 48.0844341052911 47.4428519821791 33.8681818388133 129.395467926283
772000 48.0901573452575 47.4544530885201 33.8773877637209 129.421998197498
773000 48.1250381074825 47.4218654596965 33.8552151476716 129.402118714851
774000 48.0665008112523 47.3451327016995 33.9218877867188 129.333521299671
775000 48.1504517427108 47.6150697592407 33.9535143278868 129.719035829838
776000 48.2466026629604 47.6934342562447 33.9374228250284 129.877459744234
777000 48.1914936427354 47.6615131349897 34.1002466077554 129.953253385481
778000 48.3542254443285 47.8544041498499 34.1221032454697 130.330732839648
779000 48.5797595289712 47.9646884019211 34.2104672510281 130.75491518192
780000 48.4574620583552 48.0010378152192 34.2644657985972 130.722965672172
781000 48.5625199668335 48.0802134819172 34.2833696221047 130.926103070855
782000 48.5919938192685 48.2501639095837 34.4404917496588 131.282649478511
783000 48.6830254344176 48.2059530397866 34.3255671153899 131.214545589594
784000 48.6983264612766 48.3964385113223 34.4470821924749 131.541847165074
785000 48.843397172159 48.5233718941928 34.5177679549466 131.884537021298
786000 48.9010243009742 48.5858509950657 34.4603689402519 131.947244236292
787000 48.7984340737268 48.6837728861553 34.482279790198 131.96448675008
788000 49.0244715214423 48.7000224589312 34.4757444795667 132.20023845994
789000 49.1031781898489 48.7361584765683 34.6387183755733 132.478055041991
790000 49.2337741519068 48.8953582099057 34.6188633715407 132.747995733353
791000 49.3100940328154 48.9839173654112 34.6832553430378 132.977266741264
792000 49.3335757848811 48.9531251806543 34.7867777569494 133.073478722485
793000 49.3350500995288 48.8991163874286 34.7088825887709 132.943049075728
794000 49.5218312594469 48.8974455939843 34.8996212330297 133.318898086461
795000 49.682232631486 48.9355477759752 34.9463027354495 133.564083142911
796000 49.7586598603674 49.0191118664432 34.9821598189489 133.75993154576
797000 49.8342820308158 49.0640383815374 34.9690528950568 133.86737330741
798000 49.6753255226248 49.0801925146827 35.0200032244559 133.775521261763
799000 49.6462752462454 49.0775902230053 34.9654731197555 133.689338589006
800000 49.8955251118433 49.0855771377694 35.0641422525703 134.045244502183
801000 49.9961995491419 49.160670940254 34.9506203330361 134.107490822432
802000 49.8585611258463 49.3033257448353 35.0294384774568 134.191325348138
803000 49.8090253645851 49.2703693012703 35.0449363562925 134.124331022148
804000 49.9098154035981 49.3611732713283 35.0167201672043 134.287708842131
805000 50.0556444552348 49.4690716918204 35.1209252399621 134.645641387017
806000 50.1301077162349 49.6356674904917 35.0955881469912 134.861363353718
807000 50.0307309317133 49.7629425980452 35.193278518375 134.986952048134
808000 50.0375229059996 49.8153599896216 35.2677375293392 135.12062042496
809000 50.2413868829472 49.7120558597709 35.3182886141769 135.271731356895
810000 50.3234988119583 49.9119671017772 35.3177688404967 135.553234754232
811000 50.4594202593472 49.9095852568245 35.4157546815878 135.78476019776
812000 50.5226598427916 49.9215329021565 35.4258398480809 135.870032593029
813000 50.5391761205701 50.0777995038206 35.5540211355006 136.170996759891
814000 50.7500240297209 50.1397759395887 35.6457437909431 136.535543760253
815000 50.8239805654131 50.1814109797217 35.691298297693 136.696689842828
816000 50.8262887317875 50.1649784231027 35.6235744889354 136.614841643826
817000 51.0384504714297 50.2468988012052 35.8042785915837 137.089627864219
818000 51.0614050294507 50.4428381499481 35.7953390517289 137.299582231128
819000 50.9569512792966 50.3549944235712 35.8768159753693 137.188761678237
820000 51.0090403567748 50.5313298543946 35.801917150736 137.342287361905
821000 51.0744222292375 50.6454156888994 35.7787567625561 137.498594680693
822000 51.257249096927 50.6111010547275 35.7775751156197 137.645925267274
823000 51.3469852173786 50.7825472249417 35.8523334483689 137.981865890689
824000 51.4888569868513 50.7323645580641 35.8639162208083 138.085137765724
825000 51.4951808631712 50.8162894680473 35.8676141656863 138.179084496905
826000 51.6010099671247 50.9856197132408 36.0051282732843 138.59175795365
827000 51.7630822805793 50.9085238185823 36.0621764706298 138.733782569791
828000 51.7754901320537 50.8676578949399 36.0312087067366 138.67435673373
829000 51.8170838009816 50.9638772131654 36.0790161666165 138.859977180764
830000 51.8466162983351 50.9428055135762 35.9957923010675 138.785214112979
831000 51.8329174222953 51.0883249867386 36.01149808726 138.932740496294
832000 51.7702656974272 51.0662846850784 36.0934256855989 138.929976068104
833000 51.7146329611179 51.3531426555275 36.2073635430278 139.275139159673
834000 51.6934708448937 51.3964503597345 36.2314097871406 139.321330991769
835000 51.7258999689452 51.3817722496228 36.3006429040833 139.408315122651
836000 51.9151690868834 51.3244220680252 36.4106466055225 139.650237760431
837000 52.0119845336822 51.5980240725094 36.408979260258 140.01898786645
838000 52.0371566101085 51.6444525914563 36.3930705671832 140.074679768748
839000 52.1107285961924 51.7812957483434 36.287981864015 140.180006208551
840000 52.1430786403952 51.7589297732626 36.4061816903813 140.308190104039
841000 52.2531271519631 51.8361752656736 36.4918773586913 140.581179776328
842000 52.2821852686164 52.074147828031 36.4400162762592 140.796349372907
843000 52.3191270557739 52.17585893117 36.4671308911318 140.962116878076
844000 52.4772062907836 52.1674481573408 36.4522358240703 141.096890272195
845000 52.2596998892718 52.2190846297179 36.6210313434692 141.099815862459
846000 52.3545399692542 52.2896802356931 36.6825516626972 141.326771867645
847000 52.4016607413582 52.3620283045479 36.5962127218064 141.359901767712
848000 52.4510863434828 52.4463247294446 36.6614895376906 141.558900610618
849000 52.4724795670794 52.3345728114218 36.6430287421942 141.450081120695
850000 52.6885412574767 52.4574939830172 36.6809972866817 141.827032527176
851000 52.8355790181923 52.3909901543645 36.7039638549067 141.930533027463
852000 53.1160357615472 52.5164961933709 36.8042377906737 142.436769745592
853000 53.0305930077133 52.6326775483859 36.9206123720622 142.583882928161
854000 53.0980314004524 52.7563337179665 36.9342879737439 142.788653092163
855000 53.1464458383355 52.7398068502076 36.9373105962938 142.823563284837
856000 53.1719292470324 52.7868856186726 36.9841379792027 142.942952844908
857000 53.181414345521 52.9297306486709 36.9638272691853 143.074972263377
858000 53.2593998315718 52.8750526186254 36.9700118446879 143.104464294885
859000 53.2991475018476 52.866922624023 37.02827630777 143.194346433641
860000 53.4375145249625 53.1503610112552 37.0264568720288 143.614332408247
861000 53.5955324505174 53.1703299320582 37.0586458387949 143.824508221371
862000 53.4684749873794 53.33305153338 37.0861859246178 143.887712445377
863000 53.6325030057191 53.3203010570044 36.9956153257633 143.948419388487
864000 53.5187789491631 53.3919129612404 37.0978167906386 144.008508701042
865000 53.5055467594675 53.5263934633938 37.23026641293 144.262206635791
866000 53.6515756363803 53.6406212412084 37.2649187354843 144.557115613073
867000 53.6665582757688 53.6014208977607 37.3151265698647 144.583105743394
868000 53.7295678178432 53.6614838711403 37.4281270899676 144.819178778951
869000 53.7735638980333 53.7126001276823 37.3400792613781 144.826243287094
870000 53.83134576642 53.8956810329419 37.5176359814559 145.244662780818
871000 53.9143624509178 53.9063391174815 37.5024744445691 145.323176012968
872000 53.9684603824535 53.9262605737856 37.6205809278497 145.515301884089
873000 54.0967497941294 54.1118099710486 37.6690132367491 145.877573001927
874000 54.108275839488 53.9797040353331 37.7620296405563 145.850009515377
875000 54.1220725410414 54.1852542732828 37.8959459233229 146.203272737647
876000 54.1443268640687 54.3487829941116 37.9551792665008 146.448289124681
877000 54.3070377234935 54.3196594172966 38.0174369531862 146.644134093976
878000 54.3785814945498 54.4633700542705 38.0119984585114 146.853950007332
879000 54.5605999105371 54.4603658117688 38.0729083865642 147.09387410887
880000 54.6509527796143 54.5714063029013 38.0226889310283 147.245048013544
881000 54.8325324544115 54.5468408528164 38.1384895560034 147.517862863231
882000 54.9403144905043 54.6545292180197 38.2009782666442 147.795821975168
883000 55.0765578174141 54.6652898861237 38.3080906731029 148.049938376641
884000 55.0035515628693 54.950674511006 38.2633770160005 148.217603089876
885000 55.1916200137566 54.9352897288645 38.333826481315 148.460736223936
886000 55.2707022613113 54.9719585977082 38.5299059314814 148.772566790501
887000 55.3388595054075 55.1380645876149 38.6514783446365 149.128402437659
888000 55.3354196042761 55.265548508455 38.5768319324642 149.177800045195
889000 55.5161277570587 55.3909647828045 38.6034127815982 149.510505321461
890000 55.4235676259336 55.2933053190922 38.5984282454805 149.315301190506
891000 55.5731026804657 55.4242318883702 38.6152617378143 149.61259630665
892000 55.5476125741302 55.4707436063418 38.655674506383 149.674030686855
893000 55.5902541136004 55.6364133147618 38.7548042541596 149.981471682522
894000 55.6789435164072 55.5766924912858 38.6632357311682 149.918871738861
895000 55.9264180762311 55.7171274037784 38.6278105233706 150.27135600338
896000 55.9316925835679 55.8175002113603 38.7354819109977 150.484674705926
897000 56.0097341342367 55.7629147006182 38.7218480246574 150.494496859512
898000 56.0699954606541 55.9004091994882 38.8913846648685 150.861789325011
899000 56.1343561209125 55.8400841680706 38.9115125636564 150.88595285264
900000 56.1503504315369 55.8981976514339 39.0929861469647 151.141534229936
901000 56.0943308171976 55.9656142344578 38.9875772548385 151.047522306494
902000 56.1574689407187 55.9895076175641 39.1515875211875 151.29856407947
903000 56.21499669779 56.0840326337295 39.2197229164188 151.518752247938
904000 56.1886479514463 56.2567583749887 39.2783693161964 151.723775642631
905000 56.3397889141109 56.4214346814348 39.2294383756066 151.990661971152
906000 56.4123839776968 56.5316814673517 39.2767172219058 152.220782666954
907000 56.4593729938524 56.6230259032249 39.3337866895288 152.416185586606
908000 56.4844099312638 56.5006994979585 39.2778219252315 152.262931354454
909000 56.5467479649674 56.4600724535855 39.3915909986555 152.398411417208
910000 56.6019835761992 56.5916702634603 39.4866167151349 152.680270554794
911000 56.6821136620865 56.6171238440003 39.4724398404859 152.771677346573
912000 56.8185924698418 56.9229031273403 39.5782484552992 153.319744052481
913000 56.9676082972277 56.9181140238261 39.496535139455 153.382257460509
914000 56.9785101395778 56.9244560230586 39.5594279258068 153.462394088443
915000 57.2239165254471 57.0808889132111 39.6568482668781 153.961653705536
916000 57.1802778563439 57.2626877038149 39.7429793751825 154.185944935341
917000 57.2455628182939 57.0116090862002 39.6372206119499 153.894392516444
918000 57.0358779821581 57.2393548615638 39.7050645267226 153.980297370445
919000 57.094952752038 57.2229528347378 39.8688659937425 154.186771580518
920000 57.1356494887427 57.4732452267585 39.7159223352307 154.324817050732
921000 57.1794509075152 57.4108291613704 39.8915744029713 154.481854471857
922000 57.3345737469534 57.4541300479762 39.9896721369198 154.778375931849
923000 57.3626631524752 57.5960376281054 40.0214240268227 154.980124807403
924000 57.3874119634788 57.6015783474317 40.090651331761 155.079641642672
925000 57.2776001699514 57.7246344054056 40.1054414641124 155.107676039469
926000 57.4043639544262 57.6235694660312 40.1480696508888 155.176003071346
927000 57.264269047454 57.6495853785781 40.1909691871969 155.104823613229
928000 57.3736251167307 57.5809164121575 40.2402912227038 155.194832751592
929000 57.5288707474976 57.7834019410457 40.3776985957255 155.689971284269
930000 57.6794434231997 57.745604636323 40.5276383803855 155.952686439908
931000 57.7946854750603 57.8776377152578 40.6058980107151 156.278221201033
932000 57.9057815728558 57.9242366549996 40.5991300336687 156.429148261524
933000 57.9877887755415 57.9872239926391 40.5569518168757 156.531964585056
934000 58.0273428775824 58.063924960866 40.6269045536252 156.718172392074
935000 58.1399463085409 58.2212305664281 40.5925735799368 156.953750454906
936000 58.2285213463972 58.2148176245762 40.7261825106217 157.169521481595
937000 58.0954067444438 58.2248976555952 40.6704193167391 156.990723716778
938000 58.1284567825501 58.2913457563355 40.4978324034663 156.917634942352
939000 58.3147943559272 58.4369104797258 40.6283358542154 157.380040689868
940000 58.3018115722087 58.5277769701408 40.610998685126 157.440587227476
941000 58.5782206210708 58.6117808664155 40.6701511782096 157.860152665696
942000 58.5338701026733 58.5957497321741 40.6854566166109 157.815076451458
943000 58.4875099380397 58.8342121437547 40.5677089160346 157.889430997829
944000 58.6272833171675 58.7500671523763 40.675614930799 158.052965400343
945000 58.758558032355 58.9552037878615 40.6939783424165 158.407740162633
946000 58.8308043629155 58.9682647713746 40.8275925006174 158.626661634908
947000 58.8888933499592 58.9508000394129 40.8327252142558 158.672418603628
948000 58.9721187241011 59.0102600397038 40.7674792382809 158.749858002086
949000 59.1351445142467 58.9115460427572 40.9290603897405 158.975750946744
950000 59.0848691430749 59.105613461625 40.8254644974312 159.015947102131
951000 59.1693206348432 59.1565577575781 40.824413577037 159.150291969458
952000 59.1624243134778 59.1234774145809 40.978341360615 159.264243088674
953000 59.1878185761397 59.2663171496072 41.0679781593283 159.522113885075
954000 59.2275210036324 59.304022014021 41.1214339141314 159.652976931785
955000 59.306882864389 59.342766818463 41.1841368690831 159.833786551935
956000 59.4311496109857 59.5372969683131 41.1753738672688 160.143820446568
957000 59.4446216082487 59.4231362194501 41.203471706514 160.071229534213
958000 59.4747626163699 59.6009826811119 41.1893600088535 160.265105306335
959000 59.5950272929492 59.7247546432675 41.2756996406317 160.595481576848
960000 59.8546560337044 59.5648213728938 41.2120400133874 160.631517419986
961000 60.0296099184979 59.5375905151708 41.2479798208932 160.815180254562
962000 60.1908250135359 59.7579861927072 41.1891173225588 161.137928528802
963000 60.1977728460052 59.77989420988 41.3097636969371 161.287430752822
964000 60.013493247782 59.7909556254223 41.240725670233 161.045174543437
965000 60.090118568836 59.7616613173241 41.3111167044224 161.162896590582
966000 60.168529144098 59.7775115026816 41.4572307531252 161.403271399905
967000 60.3285007571975 59.7422287597823 41.4577914114591 161.528520928439
968000 60.5221539509764 59.9947566960657 41.3905592515938 161.907469898636
969000 60.7395670301455 59.9976308648644 41.5739772966933 162.311175191703
970000 60.7541648611777 60.0691451103108 41.518866705624 162.342176677112
971000 60.6939406144972 60.0160302177758 41.5479899328612 162.257960765134
972000 60.6394736567604 60.2596938911361 41.6243647188162 162.523532266713
973000 60.7522658166777 60.4252167178568 41.6479965675365 162.825479102071
974000 60.9168878527216 60.720319822467 41.6435065366016 163.28071421179
975000 61.1316645965085 60.7053275422173 41.7593676004062 163.596359739132
976000 60.9729936125377 60.6698801756517 41.7579258792118 163.400799667401
977000 61.0538481065422 60.8746397166077 41.9667759114767 163.895263734626
978000 61.1229473873923 60.9754425257296 41.8490006804457 163.947390593568
979000 61.2865224115068 61.0096002014927 41.9661859300383 164.262308543038
980000 61.1627353264041 61.0875285350395 42.0030894524074 164.253353313851
981000 61.1821195514627 61.0466046155626 42.0006022295613 164.229326396587
982000 61.1115035662153 60.986310418066 42.1006155825517 164.198429566833
983000 61.3288482525081 61.0760156991132 42.1098963836703 164.514760335292
984000 61.3585526990905 61.137219219481 42.2374017142289 164.7331736328
985000 61.358557059922 61.3976170240858 42.3544991979129 165.110673281921
986000 61.335821710305 61.5291393737302 42.4939588749473 165.358919958983
987000 61.4065061258958 61.5842984650906 42.6120099522865 165.602814543273
988000 61.6789640699323 61.5444314147161 42.5013273916314 165.72472287628
989000 61.6435344739619 61.6263674991127 42.5244696541157 165.79437162719
990000 61.5524067227262 61.7291153659891 42.5509884563238 165.832510545039
991000 61.5313518184782 61.7037528904683 42.5722675385277 165.807372247474
992000 61.8484111087834 62.0992049165663 42.8225124436849 166.770128469035
993000 61.7747714385827 62.1060380236494 42.69497236115 166.575781823382
994000 61.8885069055479 62.225233859713 42.6585222610434 166.772263026304
995000 61.8792031981136 62.229521210223 42.5495237691918 166.658248177528
996000 62.0834412470533 62.2437153120605 42.7348065762844 167.061963135398
997000 62.4506068731544 62.1730246018793 42.8622952278804 167.485926702914
998000 62.459462395343 62.4375256923476 42.788300784806 167.685288872497
999000 62.5604219183607 62.4485379921794 42.8054260060797 167.81438591662
1000000 62.6348779000177 62.5452986784157 42.8881848630902 168.068361441524
1001000 62.685875628055 62.6347568384232 42.8857425049731 168.206374971451
1002000 62.7650863554912 62.7275011295051 43.0509584409535 168.54354592595
1003000 62.6150287317044 62.7916200225784 43.1297389077865 168.536387662069
1004000 62.7587640697912 62.6594326463159 43.0097623707678 168.427959086875
1005000 62.902051075385 62.8198586655727 43.215430488093 168.937340229051
1006000 63.0096806010278 62.7940372148613 43.1537104850547 168.957428300944
1007000 63.0174714828899 62.8909313049242 43.1201311444615 169.028533932276
1008000 63.0432747679075 63.0384558133059 43.2438371047538 169.325567685967
1009000 63.2079351528157 62.9872584428689 43.3344124332952 169.52960602898
1010000 63.3625912366544 62.964720891858 43.5855284892889 169.912840617801
1011000 63.5120617072241 63.156456072435 43.5689813958799 170.237499175539
1012000 63.4097373379236 63.134321774026 43.6797502551815 170.223809367131
1013000 63.4570959042263 63.1121612389566 43.6653015866543 170.234558729837
1014000 63.4267974098151 63.3787975519271 43.7335033570299 170.539098318772
1015000 63.4364068393376 63.468201129886 43.8963097961049 170.800917765329
1016000 63.4601866065645 63.462636260649 43.7034784580767 170.62630132529
1017000 63.3252862836131 63.5418959918282 43.875621795434 170.742804070875
1018000 63.4172291177664 63.6588886661912 43.7713179739524 170.84743575791
1019000 63.6046464927022 63.5639606204117 43.8564142284227 171.025021341537
1020000 63.6749581376205 63.6638151959529 43.8482183947545 171.186991728328
1021000 63.7476382823805 63.8667665507416 43.8988612007958 171.513266033918
1022000 63.7522698264316 63.7950448648098 43.8678937869036 171.415208478145
1023000 63.9310185763504 63.9537187235062 43.980022039207 171.864759339064
1024000 63.9437428085238 64.0751999169267 43.9675416959811 171.986484421432
1025000 64.0441525224947 64.1940005665457 44.0301952487146 172.268348337755
1026000 64.1193294700917 64.2806585065267 44.1955267601932 172.595514736812
1027000 64.0689961734493 64.2154858371379 44.2443864128068 172.528868423394
1028000 64.1105927158837 64.2376919086219 44.3320848018529 172.680369426358
1029000 64.2574065576712 64.3458300376631 44.2545714933824 172.857808088717
1030000 64.3072581359963 64.2937747758338 44.2941738491372 172.895206760967
1031000 64.2934466647015 64.2941419257962 44.3883828701827 172.97597146068
1032000 64.4251096680499 64.371620367321 44.4312702680763 173.228000303447
1033000 64.2641691981888 64.4919319891601 44.4828159817843 173.238917169133
1034000 64.3016153744971 64.6055728466084 44.4502527243192 173.357440945425
1035000 64.292039978788 64.7267178745598 44.4839008555584 173.502658708906
1036000 64.2821564969263 64.7932240480526 44.4598082863765 173.535188831355
1037000 64.4406033496523 64.7328625963957 44.5261983120519 173.6996642581
1038000 64.4913225149294 64.6749777282953 44.5508245202382 173.717124763463
1039000 64.6031262492703 64.7333196270241 44.5486867870326 173.885132663327
1040000 64.5992506497932 64.7969755745804 44.5057785386741 173.902004763048
1041000 64.490515963956 64.7726781775308 44.6040064127595 173.867200554246
1042000 64.7750415965547 64.6477058423862 44.3778052852736 173.800552724214
1043000 64.7420648900256 64.8820508400319 44.5448819964359 174.168997726493
1044000 64.9805506993202 64.8326643521806 44.5626685220504 174.375883573551
1045000 65.0249071680436 65.0921784783296 44.5239937307516 174.641079377125
1046000 65.1441830251818 65.0538115253808 44.5403518650966 174.738346415659
1047000 65.2554017624243 65.2983416618821 44.6466062395614 175.200349663868
1048000 65.3438742608513 65.3822714895385 44.6845101052754 175.410655855665
1049000 65.405626074098 65.4527936437543 44.8401889807992 175.698608698651
1050000 65.5855903667043 65.6078919315138 44.8555783401146 176.049060638333
1051000 65.5743014509684 65.7396230721954 44.973775007769 176.287699530933
1052000 65.8323968738928 65.8960278216954 44.9641139646765 176.692538660265
1053000 65.8304740944195 66.0698293816521 44.9090690693015 176.809372545373
1054000 65.9307311063223 66.057775486753 45.0664113434011 177.054917936476
1055000 66.0322781447604 66.084987090698 45.0292348335704 177.146500069029
1056000 66.0237060927705 66.2335759103588 45.0664899570839 177.323771960213
1057000 66.2466716304187 66.2175261360432 45.1873405674952 177.651538333957
1058000 66.0957121188596 66.3783448991043 45.1520835461965 177.62614056416
1059000 66.5404972707945 66.2730315117654 45.2914165686905 178.10494535125
1060000 66.363577382395 66.5851423365892 45.3514141576785 178.300133876663
1061000 66.5033064702394 66.2399641863808 45.2151618797225 177.958432536343
1062000 66.4697586533109 66.4097618026897 45.3745522832505 178.254072739251
1063000 66.6528655098996 66.6498194710728 45.4232208294877 178.72590581046
1064000 66.9133486504783 66.5553764913017 45.4217860709737 178.890511212754
1065000 66.8224252552319 66.6330910030509 45.3926614417617 178.848177700044
1066000 66.959998253437 66.6230444864195 45.4759074500687 179.058950189925
1067000 67.1627128456232 66.6939614420701 45.5225488836275 179.379223171321
1068000 67.436431769784 66.7319369737921 45.3995196425525 179.567888386129
1069000 67.52851983781 66.7012507146104 45.4411578164048 179.670928368825
1070000 67.5653528629587 66.7562588256664 45.4281780892972 179.749789777922
1071000 67.7482710281255 66.8141836378724 45.4533403177832 180.015794983781
1072000 67.7722579519808 66.9084264579401 45.4132369702054 180.093921380126
1073000 67.8511227999994 66.8874331264301 45.5321874735742 180.270743400004
1074000 67.9621726050585 66.882457251192 45.5335011962362 180.378131052487
1075000 68.0530313771419 66.9021535730392 45.6810133097293 180.63619825991
1076000 68.1919500743401 66.7532022389346 45.7276271394233 180.672779452698
1077000 68.3240833992348 66.9316257571864 45.7331572419373 180.988866398358
1078000 68.2023822537617 66.9384254132673 45.6266510572485 180.767458724277
1079000 68.300536246101 67.1134654505784 45.7431457731022 181.157147469782
1080000 68.3885628594889 67.1344898034796 45.8157333864833 181.338786049452
1081000 68.4342145517907 67.1812714930855 45.6590262168913 181.274512261768
1082000 68.5411114213585 67.1058570146047 45.7976977576775 181.444666193641
1083000 68.5464654504167 67.2122440216899 45.7980677214617 181.556777193568
1084000 68.5955196047258 67.302285788458 45.7689614711711 181.666766864355
1085000 68.6778079847764 67.2590493013269 45.8885400205931 181.825397306696
1086000 68.6648116871586 67.5421121215147 45.9197129650862 182.126636773759
1087000 68.8965303298896 67.5926065576919 45.974259371015 182.463396258597
1088000 68.7822669491572 67.543363711378 45.8418860661632 182.167516726698
1089000 68.9070353559545 67.7865453908397 45.8777366463675 182.571317393162
1090000 69.0043562875008 67.7692961011282 45.9611683113017 182.734820699931
1091000 69.0094218496162 67.937651565714 45.9515952222948 182.898668637625
1092000 69.3259081710919 67.9447825121697 46.0330514127085 183.30374209597
1093000 69.4346670322103 67.9558492463938 45.9895830125851 183.380099291189
1094000 69.4794552632583 67.8611805277593 46.0171875874402 183.357823378458
1095000 69.4768444091049 67.9918975871538 46.0257850817378 183.494527077996
1096000 69.6275847914363 67.9929638104174 46.0955997527968 183.71614835465
1097000 69.7686466375305 68.0172195280782 46.297193429873 184.083059595482
1098000 69.655702712399 68.0977060429039 46.2546190032841 184.008027758587
1099000 69.8965887165056 67.9470879364043 46.2404838786966 184.084160531606
1100000 70.0077419537884 68.2274168624635 46.2103205698522 184.445479386104
1101000 70.0217388107643 68.260331124561 46.3971720343806 184.679241969706
1102000 70.1514756200901 68.4070766544577 46.4082480299176 184.966800304465
1103000 70.3344934617281 68.5993721735984 46.5324560998252 185.466321735152
1104000 70.2238785898139 68.6364144867465 46.4542994286133 185.314592505174
1105000 70.25249512964 68.5721712878268 46.5976901836404 185.422356601107
1106000 70.4960279048143 68.5674766949167 46.6917523294161 185.755256929147
1107000 70.6652419178257 68.4828729987805 46.6990420216538 185.84715693826
1108000 70.5483713152225 68.5610515729155 46.7267817091339 185.836204597272
1109000 70.4719400038946 68.6503822082007 46.9014994659276 186.023821678023
1110000 70.6496065921407 68.9174220840455 47.0497449981123 186.616773674298
1111000 70.6276122258499 69.0333525531459 46.9550353909808 186.616000169977
1112000 70.673865739812 69.0659841743938 47.050125256492 186.789975170698
1113000 70.7021862632186 69.1025099403329 46.9928354244919 186.797531628043
1114000 70.7554093167905 69.3020280111037 47.1458097260643 187.203247053958
1115000 70.8579950549113 69.3738047257642 47.2048863585162 187.436686139192
1116000 71.0828041656006 69.5280456931684 47.118563438572 187.729413297341
1117000 71.1360294342242 69.5147637708175 47.1795026194336 187.830295824475
1118000 71.1407455895276 69.5862630012652 47.1966702772824 187.923678868075
1119000 71.2973968999856 69.530978665705 47.2050731098 188.033448675491
1120000 71.3726329072873 69.7283371401658 47.1516547525537 188.252624800007
1121000 71.4765986380487 69.7807740914799 47.3074756633656 188.564848392894
1122000 71.5905646910461 69.7538166953783 47.4194166600928 188.763798046517
1123000 71.5865874456701 69.8665974767322 47.448322130125 188.901507052527
1124000 71.6563121650918 70.0343095065535 47.4712982897285 189.161919961374
1125000 71.8074104645669 70.089980999358 47.3805098442653 189.27790130819
1126000 71.8663247773862 70.2110570100785 47.4459562203097 189.523338007774
1127000 72.158717453983 70.3316514873621 47.3352165743939 189.825585515739
1128000 72.1490549780284 70.4909282536688 47.420804062387 190.060787294084
1129000 72.2191413626059 70.5956363872327 47.3600153111169 190.174793060955
1130000 72.0467979687338 70.6813887968672 47.4970631188578 190.225249884459
1131000 72.2782932034777 70.758337114133 47.463766282882 190.500396600493
1132000 72.3887695950028 70.8478498517243 47.5073057026708 190.743925149398
1133000 72.4944081388787 71.0124199571979 47.5459370442672 191.052765140344
1134000 72.6725258562088 71.0574209436252 47.589559645031 191.319506444865
1135000 72.7482785414503 71.2032759781667 47.6257556024566 191.577310122074
1136000 72.8992007932522 71.3166888743749 47.6677288176425 191.88361848527
1137000 72.9572980913041 71.2408259127352 47.7815821826051 191.979706186644
1138000 72.9802603486317 71.135316968135 47.8331285947259 191.948705911493
1139000 73.2207810556364 71.1617458091139 47.9204958384234 192.303022703174
1140000 73.0530158092782 71.1976152893577 47.8786024921856 192.129233590821
1141000 73.0656622879141 71.2779718858177 47.9474903025881 192.29112447632
1142000 73.183073151956 71.4898991385368 47.9723028133283 192.645275103821
1143000 73.2204779967284 71.4143168999233 47.9334198410086 192.56821473766
1144000 73.4145181471552 71.4763946388806 47.8954928986292 192.786405684665
1145000 73.2816513764962 71.6227663491613 48.0851028645801 192.989520590238
1146000 73.5963196079432 71.5614539292967 48.2215898131647 193.379363350405
1147000 73.4843583046781 71.5434619990857 48.2379181018227 193.265738405586
1148000 73.6625901350641 71.7354091845562 48.2870109170005 193.685010236621
1149000 73.6626075202007 71.8072816598497 48.3766762980189 193.846565478069
1150000 73.5513564647315 71.9136716766737 48.498546823714 193.963574965119
1151000 73.4660481224448 71.9672865823272 48.4205959696761 193.853930674448
1152000 73.512105254787 71.951494610873 48.5939270852802 194.05752695094
1153000 73.5016478023794 71.8925219501978 48.5742716416033 193.96844139418
1154000 73.4641973160132 72.0309596049112 48.7937734852553 194.28893040618
1155000 73.3560252982395 72.1278394711691 48.8122966009257 194.296161370334
1156000 73.3177279357723 72.2054778842062 48.9286389327255 194.451844752704
1157000 73.5048815244937 72.1951817083833 48.9863619089027 194.68642514178
1158000 73.6319622467422 72.1872549438053 49.0461198150313 194.865337005579
1159000 73.7494053383079 72.3144698309793 49.1685949225876 195.232470091875
1160000 73.7025695168313 72.5483316150382 49.1229904889341 195.373891620804
1161000 73.8656837292715 72.345988504432 49.0884819077541 195.300154141458
1162000 73.9067988742217 72.4642918188587 49.1990146081576 195.570105301238
1163000 74.1426252210726 72.5754477842726 49.2372321802164 195.955305185562
1164000 74.1191207336666 72.8337339053398 49.118781887667 196.071636526673
1165000 74.0790268372034 72.8998140883658 49.2613400883067 196.240181013876
1166000 74.2424955181162 73.0722846412136 49.1846370107903 196.49941717012
1167000 73.9777585736625 73.0429106234031 49.2947934624142 196.31546265948
1168000 74.3852813062619 73.1697745305479 49.1377404644666 196.692796301276
1169000 74.4919484528305 73.1090748022689 49.3749415107208 196.97596476582
1170000 74.5987294479461 73.1285112269164 49.340414958901 197.067655633764
1171000 74.6313560231416 73.0503052830778 49.4887311041585 197.170392410378
1172000 74.739158511867 73.0760465878813 49.3053258364085 197.120530936157
1173000 74.7588065157274 73.2378053313356 49.4727825472509 197.469394394314
1174000 74.905366978992 73.4018986654949 49.4953003051727 197.80256594966
1175000 74.9358717682458 73.2931275952825 49.6066297080094 197.835629071538
1176000 75.0482000267797 73.1859093001125 49.6064130169244 197.840522343817
1177000 75.1333975477201 73.3384960792964 49.4855341734584 197.957427800475
1178000 75.1190223767752 73.4999274161427 49.5681408584032 198.187090651321
1179000 75.2582017706091 73.5617834414454 49.4747473503965 198.294732562451
1180000 75.3562692808717 73.5864658400859 49.4947627929921 198.43749791395
1181000 75.455042819601 73.6113203144378 49.6914084304298 198.757771564469
1182000 75.6972949008495 73.7922253934868 49.5961842571136 199.08570455145
1183000 75.7812977075064 73.6750450796239 49.6460598265697 199.1024026137
1184000 75.9297874022845 73.7365249049131 49.7158242273451 199.382136534543
1185000 76.0536819121497 73.736671349196 49.7241644720726 199.514517733418
1186000 76.1626373268438 73.8478709091532 49.6373980253524 199.64790626135
1187000 76.2627405409446 74.1962570209776 49.8176062010454 200.276603762968
1188000 76.2859339827952 74.2087947215612 49.8708244232406 200.365553127597
1189000 76.4521763936145 74.1108797898796 49.7426290953235 200.305685278818
1190000 76.6620873550789 74.1697579557701 49.8986338586371 200.730479169486
1191000 76.8174781665782 74.3585338026965 50.0049418189112 201.180953788186
1192000 76.824673049497 74.3931931814047 50.0316590243298 201.249525255232
1193000 76.8548716637876 74.4263335597745 50.0928843241523 201.374089547714
1194000 76.9098995339975 74.6149737234556 50.0835937719679 201.608467029421
1195000 77.0183092639528 74.6622732403682 50.1439522510053 201.824534755326
1196000 77.0852470941585 74.632108950314 50.1465423055825 201.863898350055
1197000 77.191024377131 74.6889253808937 50.1572900204502 202.037239778475
1198000 77.3290394453015 74.8222505911939 50.1868140565115 202.338104093007
1199000 77.4815266761542 75.047559666139 50.2464323335219 202.775518675815
1200000 77.6120238679938 74.9738164056361 50.3505186409178 202.936358914548
1201000 77.5700156851134 75.2001999930085 50.293126009521 203.063341687643
1202000 77.6823359381505 75.1473863029756 50.3132784938253 203.143000734951
1203000 77.7033236835549 75.2683727265698 50.3227220896121 203.294418499737
1204000 77.7121311124681 75.4460552267396 50.5455063546525 203.70369269386
1205000 77.9518413625498 75.3950970230632 50.4938227449984 203.840761130611
1206000 77.9886576385895 75.589199161043 50.4541878152951 204.032044614928
1207000 77.921168812304 75.8962689241294 50.6073029908723 204.424740727306
1208000 78.1465577599054 75.8788359226853 50.699153943395 204.724547625986
1209000 78.1816760410422 75.9619926378133 50.6103721782013 204.754040857057
1210000 78.5278964974477 75.8861449687962 50.595671463041 205.009712929285
1211000 78.5567200584703 76.0050938316422 50.6130749230782 205.174888813191
1212000 78.7342443958447 75.9828544948098 50.6878910798432 205.404989970498
1213000 78.811562228644 76.0968237321062 50.7913303058701 205.69971626662
1214000 78.9223503237747 76.1048130957053 50.8402961963262 205.867459615806
1215000 78.7767801616165 76.1823641696904 50.9668169622232 205.92596129353
1216000 78.8744110153427 76.2796319538012 50.8834784478573 206.037521417001
1217000 79.081220518797 76.2849981733768 51.0278181501398 206.394036842314
1218000 79.0964750078945 76.3939171355444 51.0314889572124 206.521881100651
1219000 79.141061585662 76.5019762843236 51.0339027201172 206.676940590103
1220000 79.0964928140038 76.5599096197931 51.0161573179572 206.672559751754
1221000 79.1088902240788 76.6171520331456 51.1912090040199 206.917251261244
1222000 79.4628263548534 76.6303755427167 51.2359851843007 207.329187081871
1223000 79.3237133360958 76.8074532721935 51.2820228917169 207.413189500006
1224000 79.4159480965889 76.8320887033277 51.3018335721539 207.549870372071
1225000 79.4151255778879 76.9024256162901 51.3375201766542 207.655071370832
1226000 79.3236651562142 76.9469597352859 51.295365727201 207.565990618701
1227000 79.3410036377483 76.9915809869835 51.1897013750346 207.522285999766
1228000 79.426651960684 77.0752583347893 51.287194410511 207.789104705984
1229000 79.4891954424014 77.0588899099835 51.5372707563915 208.085356108776
1230000 79.5808490730284 77.1293179342269 51.6779816969596 208.388148704215
1231000 79.6763928910459 77.17059270764 51.6300735372797 208.477059135966
1232000 79.7934215034542 76.9500961306683 51.6649042142704 208.408421848393
1233000 79.9219080446528 77.1067702075539 51.7569936668331 208.78567191904
1234000 79.8755219497184 77.2287965758763 51.7823465909271 208.886665116522
1235000 80.1081328245159 77.3689546513801 51.8647094306074 209.341796906503
1236000 80.1982884817789 77.5559337870795 51.8132866816632 209.567508950522
1237000 80.2899715603982 77.5712754135995 51.8759790582843 209.737226032282
1238000 80.2197063463864 77.511673958507 52.0521961764745 209.783576481368
1239000 80.3589924869951 77.6719439445 52.0507529213491 210.081689352844
1240000 80.3698725352908 77.7338795541081 52.0421895748745 210.145941664273
1241000 80.5012908532773 77.7771094147874 51.8524432540843 210.130843522149
1242000 80.7091075133445 77.8476143201373 51.9521178327148 210.508839666197
1243000 80.7582373977507 77.801789475005 51.9868329304862 210.546859803242
1244000 80.8122370185733 77.947939184435 52.0551571301514 210.81533333316
1245000 80.9023699853811 77.9125507984529 52.1237436995658 210.9386644834
1246000 80.992266640339 77.8768072305092 52.1757314697384 211.044805340587
1247000 81.0101846601665 78.0168179469722 52.089881070804 211.116883677943
1248000 81.0056155597673 77.9638899463321 52.1896536466125 211.159159152712
1249000 81.051512225987 78.0485940283061 52.3784585357413 211.478564790034
1250000 81.0057902443447 78.1301526710992 52.3933946905088 211.529337605953
1251000 81.0707062614074 78.1516388669149 52.4123916052411 211.634736733563
1252000 81.2733963033299 78.1076780209264 52.3943898889256 211.775464213182
1253000 81.2761138360019 78.3808513709961 52.4556011843284 212.112566391326
1254000 81.1948610086852 78.4136805194776 52.4720418702874 212.08058339845
1255000 81.3568884330604 78.2969619579988 52.5835030111835 212.237353402243
1256000 81.4434092302437 78.0782006217151 52.6852484151078 212.206858267067
1257000 81.5489040271842 78.4554677928564 52.8330593440229 212.837431164063
1258000 81.7008417539989 78.4849400262759 52.8026422405802 212.988424020855
1259000 81.662942325909 78.547260733099 53.013820446513 213.224023505521
1260000 81.7897376137616 78.6799888589876 53.0554866560115 213.525213128761
1261000 81.7391857700473 78.7774464602341 53.0206490089038 213.537281239185
1262000 81.7601968132216 78.8692400965206 52.8743660069825 213.503802916725
1263000 81.8318380139324 78.8484340404151 53.0270325013102 213.707304555658
1264000 81.8580251936342 79.1014872506196 53.0965119922887 214.056024436543
1265000 81.9737226949381 79.2230127135625 53.0195581066615 214.216293515162
1266000 81.9291724488802 79.3235600221527 53.0188438772232 214.271576348256
1267000 81.9161822981445 79.428217411979 53.0844040871145 214.428803797238
1268000 81.8211576185246 79.4848095789662 53.2468835567248 214.552850754216
1269000 81.9842636723089 79.3396769370971 53.3036532871206 214.627593896527
1270000 81.8443937571021 79.4479656181915 53.3546183803284 214.646977755622
1271000 81.8938595991926 79.4877849605731 53.5590022344922 214.940646794258
1272000 82.005927923903 79.7522862547539 53.5390541879834 215.29726836664
1273000 81.9819077456804 79.9008861894806 53.6893768201824 215.572170755343
1274000 82.0456200519073 79.7869247979366 53.7559902098691 215.588535059713
1275000 82.3011680002011 80.1574404566399 53.7534910604141 216.212099517255
1276000 82.3127594563347 80.1982069079324 53.7560045663749 216.266970930642
1277000 82.4599058868768 80.0765022624842 53.8575332864823 216.393941435843
1278000 82.3644350075368 80.3305467090173 53.9600330674169 216.655014783971
1279000 82.3646059345824 80.3534621900268 53.9292373535339 216.647305478143
1280000 82.5423496783077 80.2031805791573 54.1624023005562 216.907932558021
1281000 82.6145864570086 80.4814636493745 53.9842878765471 217.08033798293
1282000 82.7130605533823 80.5212541981129 54.0178471063573 217.252161857852
1283000 82.5496328735538 80.6920117047655 53.8826802776577 217.124324855977
1284000 82.8027321090388 80.8242661122278 54.0088823634369 217.635880584704
1285000 82.7048542880634 80.9966859274684 54.1752548816742 217.876795097206
1286000 82.9234909276414 81.0066180551203 54.2402847037375 218.170393686499
1287000 82.735663656375 80.994303511067 54.3463211437855 218.076288311228
1288000 82.8765926730885 81.3105887871663 54.3877028101977 218.574884270453
1289000 82.8359424194109 81.4827051896211 54.5274985313289 218.846146140361
1290000 82.9907440716131 81.6175272150741 54.4422051956424 219.05047648233
1291000 82.9787074107502 81.5588305160825 54.4558017940094 218.993339720842
1292000 82.9750799110622 81.6724004503378 54.5775358033419 219.225016164742
1293000 82.9280826017744 81.687312929436 54.6075455163057 219.222941047516
1294000 83.0678526704767 81.7838534591435 54.4736508190032 219.325356948623
1295000 83.1703170963627 81.7658107965984 54.5969754677731 219.533103360734
1296000 83.3340241591969 81.8852496075959 54.4090766914088 219.628350458202
1297000 83.3853459000202 82.127686280669 54.6732684404747 220.186300621164
1298000 83.4270625897146 81.9241242155697 54.6570019548192 220.008188760104
1299000 83.5343781618636 82.0833883481657 54.7326814601656 220.350447970195
1300000 83.5304332665546 82.0825665807535 54.7984619652706 220.411461812579
1301000 83.7551643866405 82.2578150863985 54.9323853739919 220.945364847031
1302000 83.6766663719088 82.3176483392285 55.0438538395798 221.038168550717
1303000 83.7990779836198 82.3161191709761 54.9283451830185 221.043542337614
1304000 83.8060687118029 82.3877212307907 54.9982611039019 221.192051046496
1305000 84.0026887555227 82.4244286506958 55.0605477185483 221.487665124767
1306000 84.0597303024421 82.4776473300488 54.9706036038751 221.507981236366
1307000 84.2724024230531 82.579019877363 55.0631297200329 221.914552020449
1308000 84.5715388818606 82.6202793733728 55.0114648037924 222.203283059026
1309000 84.8629404586738 82.6154529533164 54.954089253972 222.432482665962
1310000 84.7746714665345 82.6504175003761 55.1220522786579 222.547141245569
1311000 84.7009528937734 82.8507862857932 54.8919436176394 222.443682797206
1312000 84.7814401656055 82.8193873472409 55.0519402589405 222.652767771787
1313000 84.9018525823947 82.8636643503592 54.9600395814755 222.725556514229
1314000 85.221438502006 82.9236627809253 55.071356248861 223.216457531792
1315000 85.2234315214863 83.3234487907356 54.9202837866184 223.46716409884
1316000 85.1332764119172 83.4244968373846 55.0174048465169 223.575178095819
1317000 85.1288704625316 83.5493108164384 55.0690132729971 223.747194551967
1318000 85.0309228896642 83.4827028663982 55.1332305926264 223.646856348689
1319000 85.0826463629904 83.736558113413 55.0171438980723 223.836348374476
1320000 85.1469884945395 83.8813828580384 55.0937156288519 224.12208698143
1321000 85.3270978785634 83.9443073208273 55.1249301866382 224.396335386029
1322000 85.3915584501174 83.9575365392053 55.1205160272378 224.46961101656
1323000 85.4993781723752 84.0440453575129 55.0778813568376 224.621304886726
1324000 85.5354141346456 84.026256863456 55.1106336098457 224.672304607947
1325000 85.7525214902907 84.1922438461845 55.1348437693345 225.07960910581
1326000 85.6388313561285 84.4341267936503 55.3339428631156 225.406901012895
1327000 85.6917742679587 84.5998292834638 55.335879128396 225.627482679818
1328000 85.8726513209126 84.6591871316316 55.3363314581844 225.868169910729
1329000 86.0540190887659 84.6150654125948 55.4726427397978 226.141727241159
1330000 86.1179812965566 84.706932338605 55.4151648030769 226.240078438238
1331000 86.0216371705221 84.6508289539763 55.3225544023804 225.995020526879
1332000 85.9821751231874 84.6130596992204 55.4185377437694 226.013772566177
1333000 85.9474082237863 84.4870552179148 55.2529423109429 225.687405752644
1334000 86.2624202831927 84.6123106794522 55.4239952791422 226.298726241787
1335000 86.2192678641908 84.7753470205712 55.38465932828 226.379274213042
1336000 86.1100251055955 84.7350218244278 55.2537281916953 226.098775121719
1337000 86.2521150963882 84.7479118577536 55.4693487171761 226.469375671318
1338000 86.4726401360866 84.8984099369128 55.4866499875173 226.857700060517
1339000 86.7494371560864 84.9297874154187 55.385299969302 227.064524540807
1340000 86.810276824731 84.9010772167486 55.6561317372388 227.367485778718
1341000 86.9812232584561 85.0247922485894 55.7333120311366 227.739327538182
1342000 86.9806311036313 84.9555507896668 55.8277971271224 227.76397902042
1343000 87.2372805630317 85.280443562601 55.670740395818 228.188464521451
1344000 87.0923781384594 85.2670384695719 55.7478759278386 228.10729253587
1345000 87.2768767467989 85.3821270530756 55.8720048411307 228.531008641005
1346000 87.1173099419614 85.5239907171579 55.8316644308123 228.472965089932
1347000 87.1505914460252 85.4386497811532 55.9933928213918 228.58263404857
1348000 87.5662007388988 85.4300454936134 56.0547992228509 229.051045455363
1349000 87.6591112778752 85.6453434400171 56.0552341786886 229.359688896581
1350000 87.8928843723712 85.582613027015 55.9834067738429 229.458904173229
1351000 87.9672153924041 85.6027190168155 55.9533215121678 229.523255921387
1352000 88.0532214603027 85.6922252262944 56.155443852533 229.90089053913
1353000 87.8782418900457 85.9276148337481 56.1906275569024 229.996484280696
1354000 88.2911437941716 85.7898150586223 56.2155246702249 230.296483523019
1355000 88.188580444505 85.9337476665665 56.3457139417438 230.468042052815
1356000 88.1815085924037 86.1008735113124 56.4224511235795 230.704833227296
1357000 88.2701186886596 86.059848540456 56.429269443701 230.759236672817
1358000 88.1677207365776 86.144602747126 56.4109375165656 230.723261000269
1359000 88.4706418507599 86.2675306003337 56.5693154775114 231.307487928605
1360000 88.5702977750319 86.1472541848156 56.4877673594507 231.205319319298
1361000 88.6964532809444 86.2964089131572 56.5645661312309 231.557428325333
1362000 88.7458136165582 86.2167531620539 56.5151564426195 231.477723221232
1363000 88.9150930004277 86.6067002085088 56.5998647061233 232.12165791506
1364000 88.7981902177865 86.5887100861027 56.8612023021214 232.248102606011
1365000 88.948483597794 86.7799650256901 56.881228786848 232.609677410332
1366000 88.9336631600501 86.5761715075424 56.9333989689894 232.443233636582
1367000 88.9983709588249 86.9738269308726 56.9048607871316 232.877058676829
1368000 88.8861975435414 86.9709366644633 56.9507488400298 232.807883048034
1369000 88.6255302881555 87.0050648949303 57.0116293381397 232.642224521226
1370000 88.6610072829082 86.9932211299452 56.9782734164744 232.632501829328
1371000 88.8345899696077 86.9775539409293 57.0504872303429 232.86263114088
1372000 89.0466331188708 87.0713928468197 56.9558189678146 233.073844933505
1373000 89.1586163542979 87.036220230537 57.0313267257473 233.226163310582
1374000 88.9762436776908 87.1166167831759 57.042813078218 233.135673539085
1375000 89.0877815731893 87.326596028797 57.2397567192093 233.654134321196
1376000 89.2710453429974 87.2084466399884 57.2161631153471 233.695655098333
1377000 89.3715772787749 87.358520139223 57.2109077310652 233.941005149063
1378000 89.5848779881896 87.5216046004115 57.0648739247493 234.17135651335
1379000 89.5624801541051 87.4333058157967 57.1998743463534 234.195660316255
1380000 89.5033441159452 87.4850684939871 57.2695238104433 234.257936420376
1381000 89.2486609943879 87.7076914683251 57.3313601016826 234.287712564396
1382000 89.3818597853535 87.631939264685 57.4753019125205 234.489100962559
1383000 89.2890070260691 87.675683060148 57.5575332165257 234.522223302743
1384000 89.4329867803346 87.8808200706521 57.4872064810494 234.801013332036
1385000 89.3926148447452 88.0889754694388 57.6494338606619 235.131024174846
1386000 89.6073689969364 88.228824297778 57.763347808781 235.599541103495
1387000 89.5564136392843 88.2213477450745 57.8641859776552 235.641947362014
1388000 89.7119045260673 88.2612368454878 57.7611942281354 235.73433559969
1389000 89.661050495345 88.4491093872819 57.6860859230168 235.796245805644
1390000 89.8578585319927 88.2639061360066 58.0212246280706 236.14298929607
1391000 89.8995124554042 88.4535412194011 58.0022474013949 236.3553010762
1392000 90.0065195346234 88.5406047383932 58.1415773819094 236.688701654926
1393000 90.0710605012172 88.6952944308308 58.0197690305506 236.786123962599
1394000 90.1767453366474 88.6105058069218 58.0852717016792 236.872522845249
1395000 90.2507897739091 88.9163272859899 58.1175567738225 237.284673833722
1396000 90.1510982230493 88.8786586747661 58.1541317219064 237.183888619722
1397000 90.3743264808201 88.9721252393666 58.3902738040569 237.736725524244
1398000 90.4355789097128 89.2636687142992 58.280189822704 237.979437446716
1399000 90.5890531326647 89.4122927464676 58.4946392942431 238.495985173375
1400000 90.626915394122 89.5411713844906 58.4371365510477 238.60522332966
1401000 90.5724591763579 89.5130404433982 58.5802661128202 238.665765732576
1402000 90.8954503410867 89.5988624897831 58.8133547195241 239.307667550394
1403000 90.8561311644001 89.4751042625468 58.6864143648567 239.017649791804
1404000 90.9513391602423 89.6645524604152 58.7997796287901 239.415671249448
1405000 91.0389579596469 89.7947713277718 58.8544562505563 239.688185537975
1406000 91.0981303774795 89.8872220218771 58.8159723205978 239.801324719954
1407000 91.0854561247909 89.8472640796874 58.7632164144514 239.69593661893
1408000 91.0823730278423 89.877459026895 58.8835512497051 239.843383304442
1409000 91.4465466765938 90.0724293757276 58.9449105606145 240.463886612936
1410000 91.2915861737011 90.1739714590231 59.0592371069043 240.524794739629
1411000 91.4765727107326 90.3540597406157 59.0145388525463 240.845171303895
1412000 91.5222722279387 90.358804397201 59.1018386198702 240.98291524501
1413000 91.5418521560857 90.5133242486871 59.0981258980574 241.15330230283
1414000 91.6998686901837 90.6705958263724 59.2192920798308 241.589756596387
1415000 91.7658600343161 90.7534969481455 59.1670535031032 241.686410485565
1416000 91.9931744906373 90.818289241164 59.2575615956172 242.069025327419
1417000 91.8442209318218 90.998895089609 59.3706647712103 242.213780792641
1418000 91.9613641618773 90.9538582042429 59.4974535406033 242.412675906724
1419000 92.0720195709003 91.2422699492151 59.5766261158605 242.890915635976
1420000 92.1730382229198 91.292301667735 59.6360896253695 243.101429516024
1421000 92.2789228062286 91.3263476262428 59.7670452151629 243.372315647634
1422000 92.2533637120739 91.347023141299 59.8516784148079 243.452065268181
1423000 92.3030893465138 91.3555179290479 59.6739174928197 243.332524768381
1424000 92.3207674486594 91.3151581923239 59.8449975194905 243.480923160474
1425000 92.536078526966 91.2035092437499 60.0560952005783 243.795682971294
1426000 92.440368203685 91.5168564720057 60.1374942428657 244.094718918556
1427000 92.681866100197 91.7735977720373 60.2541903773691 244.709654249603
1428000 92.757830306722 91.5719810669846 60.3253597481666 244.655171121873
1429000 92.9468860669054 91.5895416240143 60.3681301495124 244.904557840432
1430000 92.8038309106811 91.8037263514015 60.3579271553815 244.965484417464
1431000 92.8793538418021 91.7834191861119 60.4746816140714 245.137454641985
1432000 93.2553897381483 91.9525403192853 60.3840224308372 245.591952488271
1433000 93.3955577308335 91.9671794903604 60.2418125913014 245.604549812495
1434000 93.5363626838448 92.0861636788887 60.4526789349086 246.075205297642
1435000 93.6330184978309 92.201538179133 60.4667969876864 246.30135366465
1436000 93.6293590201166 92.2711477291586 60.6546261518078 246.555132901083
1437000 93.7307082530597 92.247245120481 60.7244187699923 246.702372143533
1438000 93.8260538469219 92.5263782927592 60.7170193345627 247.069451474244
1439000 94.0050119412611 92.3697457242736 60.6454683152365 247.020225980771
1440000 94.0323421012466 92.569723024632 60.6080649816087 247.210130107487
1441000 94.0855305836815 92.5844384804596 60.6891616410413 247.359130705182
1442000 94.074570742626 92.6271855753646 60.5966436043442 247.298399922335
1443000 94.160034245481 92.8390553118716 60.7079021988978 247.70699175625
1444000 93.8897101880098 92.847448743728 60.733817204714 247.470976136452
1445000 94.1247018290187 93.1806339084249 60.8206228152375 248.125958552681
1446000 94.2691360227381 93.0692762416792 60.6924480775305 248.030860341948
1447000 94.4605453788168 93.2113906331977 60.905873719209 248.577809731224
1448000 94.5726314579071 93.2372808408675 61.0324564961172 248.842368794892
1449000 94.5917055789186 93.3751205764023 60.9793601212762 248.946186276597
1450000 94.6337232979338 93.6850907505089 61.1391618897099 249.457975938153
1451000 95.0709532200323 93.6791432272351 61.0928242863188 249.842920733586
1452000 94.8659101537024 93.7848035393699 61.1368197426324 249.787533435705
1453000 95.0051231743072 93.8922443872246 60.9706964689727 249.868064030504
1454000 94.9580788595401 93.8716951596463 61.1078823632008 249.937656382387
1455000 94.8883728655067 93.8629042945846 61.2856766845748 250.036953844666
1456000 95.0375489543739 93.9165205770178 61.5729128984953 250.526982429887
1457000 95.4832051462554 93.7333998778228 61.3309430486759 250.547548072754
1458000 95.3157945838302 93.8599042821529 61.5220706014318 250.697769467415
1459000 95.3702867181743 93.9372774749636 61.4610980032361 250.768662196374
1460000 95.4223464656829 93.8973747835522 61.499269231747 250.818990480982
1461000 95.5490444299822 94.2906115111863 61.6205324220324 251.460188363201
1462000 95.6213510503484 94.3107129470181 61.7213137355447 251.653377732911
1463000 95.6687681299551 94.1190314182568 61.7670369017232 251.554836449935
1464000 95.748142178803 94.2939934544888 61.8016180110317 251.843753644323
1465000 95.6942801546569 94.2502069792871 61.9554071145749 251.899894248519
1466000 95.8760206148068 94.3169955156327 62.0992494665536 252.292265596993
1467000 95.9082262584261 94.1573116520954 62.0899601898934 252.155498100415
1468000 96.0932823680955 94.5240165755698 62.0647611755647 252.68206011923
1469000 96.3264191572602 94.3851642749381 62.09871130979 252.810294741988
1470000 96.1805612551032 94.5137356909183 62.1186448378398 252.812941783861
1471000 96.3492823326895 94.5964478857261 62.2191884527823 253.164918671198
1472000 96.3882677394398 94.4828898752466 62.4206313575249 253.291788972211
1473000 96.4266737816524 94.4549975445921 62.2456422849453 253.12731361119
1474000 96.6209569097221 94.6772103658477 62.4611394571 253.75930673267
1475000 96.8826000772587 94.7183453769679 62.2851393139523 253.886084768179
1476000 96.8426739938324 94.517203962881 62.3934011215747 253.753279078288
1477000 97.0472156882242 94.7716454048491 62.3301904297354 254.149051522809
1478000 97.1703070428653 94.8992758253537 62.5564565148913 254.62603938311
1479000 97.1646710594416 95.1106125902547 62.4626495867375 254.737933236434
1480000 97.1981262766576 95.039782641242 62.5221102792568 254.760019197156
1481000 97.366935877161 95.2273436837067 62.5732511913745 255.167530752242
1482000 97.2701377715216 95.3084352348531 62.7198493336839 255.298422340059
1483000 97.4508001415396 95.345761959486 62.7173580616432 255.513920162669
1484000 97.4522199200576 95.3865582438794 62.7450864265485 255.583864590485
1485000 97.7491931812039 95.4810902797343 62.8020727618866 256.032356222825
1486000 97.6989409708903 95.2619371442442 62.7065266853066 255.667404800441
1487000 97.7478553333523 95.492785732443 62.8673251868881 256.107966252683
1488000 97.836111310686 95.569111728809 62.9819411768812 256.387164216376
1489000 97.9100598028182 95.6367537248798 63.094451363405 256.641264891103
1490000 98.0762554938116 95.7136312732329 62.9593366794093 256.749223446454
1491000 98.240546663083 95.9212871141888 62.8997334701609 257.061567247433
1492000 98.0489611391007 96.0117901230177 63.0032857148036 257.064036976922
1493000 98.1729254087149 96.3593197342679 63.1577231872243 257.689968330207
1494000 98.3102991768383 96.2843122669905 63.1127496623008 257.707361106129
1495000 98.3507142352016 96.3543710831062 63.1679177566976 257.873003075005
1496000 98.50546543863 96.0403125447309 63.3208757118073 257.866653695168
1497000 98.5240098859665 96.3210962761095 63.0589264453801 257.904032607456
1498000 98.4829174692597 96.5163142968725 63.1987654974176 258.19799726355
1499000 98.4907875593795 96.5297307710898 63.2528029486191 258.273321279088
1500000 98.6524957354832 96.4706972020654 63.3413038533003 258.464496790849
1501000 98.8360059869097 96.7136358683255 63.3632291433043 258.912870998539
1502000 98.9037269605352 96.6966773779623 63.4511750235707 259.051579362068
1503000 99.0675267719445 96.7489840115769 63.5659139340689 259.38242471759
1504000 98.9472892721412 96.7986355060708 63.6062414816992 259.352166259911
1505000 99.2464982624286 96.9291313090816 63.755057627613 259.930687199123
1506000 99.43285734486 96.9303685176014 63.813465344126 260.176691206587
1507000 99.659411480229 96.9522713338425 63.9944677565945 260.606150570666
1508000 99.5981140852671 97.1726537110225 63.8064501556497 260.577217951939
1509000 99.827718674006 97.1910517103311 64.0119119542355 261.030682338573
1510000 99.5851914111379 97.3759580529083 63.9326265840103 260.893776048057
1511000 99.7685253949447 97.3345679363415 64.0025079964138 261.1056013277
1512000 99.7866561185476 97.572997556025 63.9348869700167 261.294540644589
1513000 100.016224537251 97.4654698324254 64.0651036416074 261.546798011283
1514000 100.015521173013 97.4629066507477 64.0024429471423 261.480870770903
1515000 99.8957694140968 97.4308934062538 63.7876090063104 261.114271826661
1516000 99.727488046104 97.5677766064438 64.0547028843077 261.349967536856
1517000 100.047712671097 97.5488065661246 64.0122929280556 261.608812165277
1518000 100.129975310764 97.7403853230867 64.009057292288 261.879417926139
1519000 100.101920693298 97.8456017079487 64.1515844021144 262.099106803361
1520000 100.303979551668 97.9953122883882 64.2809390474174 262.580230887474
1521000 100.41157694376 97.9244573625144 64.3454725206021 262.681506826876
1522000 100.747428745925 97.9643805227977 64.287314094488 262.99912336321
1523000 100.892153871519 98.0030390883525 64.3039993656759 263.199192325547
1524000 101.128783927316 98.2460836468961 64.3276662503441 263.702533824556
1525000 101.179128404218 98.4257993666556 64.3085246725579 263.913452443431
1526000 101.119546178483 98.5498637239533 64.3661918094313 264.035601711868
1527000 101.311001170978 98.6373667738951 64.4132394032856 264.361607348158
1528000 101.459066341624 98.7869688641201 64.4526627773823 264.698697983127
1529000 101.506690985849 98.732720370517 64.3065591112205 264.545970467587
1530000 101.572312927472 98.8384369933395 64.4137031396528 264.824453060465
1531000 101.479974580226 98.9177301763176 64.4523881489752 264.850092905519
1532000 101.589464138977 98.9402828790618 64.618849499409 265.148596517448
1533000 101.719706371165 99.041814559806 64.7049892012848 265.466510132255
1534000 101.846175735261 99.2010960036509 64.6029089143099 265.650180653222
1535000 102.094311194156 99.0148772362918 64.7038262932584 265.813014723706
1536000 102.157516682057 98.9855844772716 64.6993699798128 265.842471139141
1537000 102.215537918762 99.2333957691775 64.7240223028609 266.1729559908
1538000 102.305958571573 99.1590627699673 64.7784751369484 266.243496478489
1539000 102.400640106114 99.4553539339269 64.7514119069817 266.607405947023
1540000 102.381080450283 99.3886462576739 65.0077129355669 266.777439643524
1541000 102.398293225738 99.5372729606047 65.0059654597287 266.941531646071
1542000 102.237689771784 99.8272904898546 65.076945676154 267.141925937793
1543000 102.405642406356 99.6889438180445 65.1328630511822 267.227449275583
1544000 102.321639302363 99.6685830672166 65.1718352676332 267.162057637213
1545000 102.594160581216 99.6427879936533 65.170242354672 267.407190929541
1546000 102.765501324577 99.7869226161314 65.2024657628461 267.754889703554
1547000 102.8153205513 99.9134411477602 65.4129496233611 268.141711322421
1548000 102.911166794681 100.030313776739 65.4707164316081 268.412197003028
1549000 103.076292109846 100.146505636288 65.511872289814 268.734670035947
1550000 103.148389270335 100.02658772424 65.64436008762 268.819337082195
1551000 103.28089029213 100.264074134605 65.6294198931795 269.174384319915
1552000 103.369464289853 100.313823161686 65.769473422169 269.452760873708
1553000 103.381822915922 100.415504706928 65.5700636351321 269.367391257982
1554000 103.627091256234 100.460189483524 65.6740384196516 269.761319159409
1555000 103.671377016047 100.52577369087 65.7563209155691 269.953471622485
1556000 103.66377765803 100.756623071617 65.9333589494889 270.353759679136
1557000 103.602782312986 100.903498661065 65.935243382251 270.441524356302
1558000 103.664737941985 101.128680105541 66.1406743255745 270.9340923731
1559000 103.792010747718 101.230843910613 66.1166756700119 271.139530328343
1560000 104.12162539894 101.163708437436 66.1022349581614 271.387568794537
1561000 104.091405577533 101.149825422002 66.0432935964705 271.284524596005
1562000 104.203174468846 101.2185004132 66.1902142104253 271.611889092471
1563000 104.253607871715 101.265348429566 66.3272019925046 271.846158293786
1564000 104.443469871083 101.37941196651 66.2790429141755 272.101924751768
1565000 104.43470080465 101.549507591926 66.2306606613335 272.21486905791
1566000 104.538161884474 101.597468131488 66.1415884598687 272.27721847583
1567000 104.54264198045 101.718488591334 66.1274294472021 272.388560018986
1568000 104.63975039146 101.900452454794 66.2678430303316 272.808045876586
1569000 104.570532063207 101.953019712231 66.4646438121243 272.988195587563
1570000 104.685006843074 101.922798453496 66.5151204345735 273.122925731143
1571000 104.571432659324 101.831843133131 66.5236982614674 272.926974053922
1572000 104.530369724886 101.923925318229 66.7047133543156 273.15900839743
1573000 104.661250985992 102.11134163208 66.7278884597759 273.500481077848
1574000 104.804963046311 102.128238507918 66.8320866708319 273.76528822506
1575000 104.833450165916 102.186125014387 66.7671272395253 273.786702419828
1576000 104.916738892935 102.23411216891 66.9666486948113 274.117499756657
1577000 105.209348141727 102.194437097665 66.990417759553 274.394202998945
1578000 105.3256351776 102.255504457029 66.8707213733536 274.451861007983
1579000 105.324829272256 102.659054940046 67.1285463772162 275.112430589518
1580000 105.456374599456 102.474841982139 67.2398594451668 275.171076026761
1581000 105.389074378789 102.43792560963 67.4583452896932 275.285345278113
1582000 105.121910934179 102.769728006566 67.4559855612977 275.347624502042
1583000 105.285524598065 102.820490750566 67.6020320527308 275.708047401362
1584000 105.424814689034 102.712808025196 67.557119700018 275.694742414247
1585000 105.462233572606 102.646331349715 67.5608209098757 275.669385832197
1586000 105.453130422104 102.894824225887 67.8396241946458 276.187578842637
1587000 105.616083077127 103.02446271185 67.8551701540049 276.495715942981
1588000 105.585560562709 103.253816641498 67.970345054913 276.80972225912
1589000 105.733552358899 103.291386233768 67.9067363807944 276.931674973461
1590000 105.856036978008 103.290571290877 67.9910842634347 277.13769253232
1591000 106.08712494165 103.327854747998 68.0380273178378 277.453007007485
1592000 106.020549063625 103.570953248763 67.9898364874642 277.581338799853
1593000 106.082769890945 103.902537569368 68.0973799146213 278.082687374934
1594000 106.174608761445 103.840785618153 68.2439399301108 278.259334309709
1595000 106.255661893109 103.872104979018 68.3053119233798 278.433078795507
1596000 106.0242251378 103.966492379411 68.3459496560624 278.336667173273
1597000 106.21575286327 103.860548299143 68.3980096024168 278.47431076483
1598000 106.225776739639 103.816462374182 68.4797273655475 278.521966479369
1599000 106.420590350533 103.923945411443 68.5801302958598 278.924666057835
1600000 106.299366530356 103.993287431443 68.3828971470194 278.675551108818
1601000 106.520224343682 104.18158759517 68.580143578326 279.281955517178
1602000 106.403864489567 104.173836123907 68.5685344701028 279.146235083577
1603000 106.436814899801 104.310908872476 68.524384491621 279.272108263898
1604000 106.509244227317 104.426366093258 68.8279287280609 279.763539048637
1605000 106.646159796277 104.415648123801 68.9787041850897 280.040512105167
1606000 106.749015653503 104.879870566546 69.0121085277351 280.640994747785
1607000 106.721732897766 104.828528240306 69.1565954585484 280.70685659662
1608000 106.748037058654 104.919575035274 69.2570557944452 280.924667888373
1609000 106.946978627859 104.689224915475 69.2543779628175 280.890581506151
1610000 107.133033524587 104.936949106817 69.1186718026485 281.188654434052
1611000 107.260998795924 104.77002995036 69.3372840421568 281.368312788441
1612000 107.299925178103 105.014253031438 69.5549325699861 281.869110779527
1613000 107.136807763411 104.952947284495 69.4263769009399 281.516131948846
1614000 107.228919287386 105.285343974597 69.3242330029588 281.838496264941
1615000 107.304058282509 105.270428624533 69.4141138366527 281.988600743695
1616000 107.237171756278 105.302081486635 69.4520084719025 281.991261714815
1617000 107.423825026985 105.287314868704 69.2243873819788 281.935527277668
1618000 107.232700843036 105.640953570794 69.206573683616 282.080228097446
1619000 107.552202101367 105.594481648192 69.4079425607903 282.55462631035
1620000 107.702288815297 105.650619533447 69.5437124603091 282.896620809053
1621000 107.684702470778 105.618016224356 69.5743701885225 282.877088883656
1622000 107.828960695597 105.564462056031 69.5652758804434 282.958698632072
1623000 107.956229240384 105.725633064437 69.6218521396545 283.303714444475
1624000 107.966519897899 105.70427339251 69.7468856069535 283.417678897362
1625000 107.964852291935 105.658646352387 69.8111888556954 283.434687500017
1626000 108.04234182958 105.751896285257 69.897123984212 283.691362099048
1627000 108.181609702469 105.738069211801 69.9207733861051 283.840452300376
1628000 108.389309151299 105.801322071286 69.9329638818202 284.123595104405
1629000 108.48191235736 106.03714678909 69.9215004987813 284.440559645231
1630000 108.50588537682 106.056827271104 69.9808609908016 284.543573638725
1631000 108.662761025872 106.268858687551 70.0507066234744 284.982326336897
1632000 108.958971980146 106.273609232858 70.0889013011334 285.321482514137
1633000 109.120810784165 106.426769837672 70.2043938700502 285.751974491887
1634000 109.324097486494 106.607806501602 70.2671280007999 286.199031988896
1635000 109.036029272604 106.727063664421 70.326812835705 286.08990577273
1636000 109.324916055981 106.641628492449 70.3290793699693 286.295623918398
1637000 109.213412702466 106.97068833905 70.3376538753069 286.521754916823
1638000 109.432015462768 106.978434037488 70.2989832585366 286.709432758792
1639000 109.410328911961 106.681647812727 70.410544634583 286.502521359271
1640000 109.453722852562 106.693828102422 70.71265417609 286.860205131074
1641000 109.447280576051 106.889188160774 70.6942494381246 287.030718174949
1642000 109.639189111473 106.961961465223 70.5943714640394 287.195522040736
1643000 109.8316074909 106.979594997782 70.680649191154 287.491851679836
1644000 109.816660118266 106.915161265959 70.7090965480535 287.440917932278
1645000 109.845944494354 107.094775364561 70.8558874770194 287.796607335934
1646000 109.844887338704 106.984971930084 70.9113334677854 287.741192736574
1647000 109.712987401994 107.107833889897 71.0778889207511 287.898710212642
1648000 109.725557245022 106.944338159979 71.0139315834995 287.683826988501
1649000 109.550607818095 107.064555164303 70.9731214691902 287.588284451588
1650000 109.721646896916 107.191888514894 70.9592280341163 287.872763445927
1651000 109.72833844673 107.261811378234 71.0243518148287 288.014501639793
1652000 109.670048680685 107.350336106363 71.0962159953451 288.116600782393
1653000 109.856005478741 107.504644042819 71.2064414242528 288.567090945813
1654000 109.980298676499 107.689777211112 71.0771316549595 288.74720754257
1655000 110.091048597932 107.971133281076 71.4366411111179 289.498822990126
1656000 110.250997380231 107.978338618796 71.3791184571803 289.608454456207
1657000 110.020572813302 108.137679071343 71.4640291661139 289.622281050758
1658000 110.103821641099 108.291802628529 71.3777082600784 289.773332529707
1659000 110.124714831916 108.400935557327 71.460955854262 289.986606243505
1660000 110.227704192638 108.494624149097 71.5586438691262 290.280972210861
1661000 110.484957617333 108.535898670295 71.5309570714472 290.551813359075
1662000 110.39860030319 108.485763494186 71.6044778099725 290.488841607349
1663000 110.517866308205 108.336786065707 71.8273347469402 290.681987120852
1664000 110.674889902053 108.542606937054 71.8381147084486 291.055611547555
1665000 110.522004579591 108.544483287677 72.0599949641075 291.126482831375
1666000 110.673076724314 108.538329784093 71.9170171927372 291.128423701144
1667000 110.77239529588 108.729272144391 71.9280675151542 291.429734955426
1668000 110.514354723123 109.102731336723 71.9218810917175 291.538967151563
1669000 110.679493829276 109.103532473605 72.0337822574012 291.816808560282
1670000 110.832225820301 109.121890044318 71.9813308528486 291.935446717468
1671000 111.029767335176 109.173218088214 71.9898221492195 292.192807572609
1672000 111.081080446873 109.307661054258 72.084726767647 292.473468268778
1673000 111.22487939089 109.304325799701 72.12235626247 292.651561453061
1674000 111.351671919095 109.551353779599 72.1545174435238 293.057543142218
1675000 111.413368722724 109.731041926496 72.1127549730496 293.257165622269
1676000 111.311971623744 109.850211378107 72.1895399386351 293.351722940486
1677000 111.724281161002 109.843620734555 71.9854303129738 293.553332208531
1678000 111.634875520291 109.906472706513 72.0790176074962 293.6203658343
1679000 111.65449171515 109.68137806443 72.1229919451748 293.458861724755
1680000 111.743728298715 109.649900728531 72.2150152683394 293.608644295585
1681000 111.829841315461 109.747958775311 72.264189221836 293.841989312608
1682000 112.110363765008 109.747237189748 72.353527414843 294.211128369599
1683000 112.187989402974 109.935767782751 72.4234069734657 294.547164159191
1684000 112.238599289806 109.953183188835 72.2077034824298 294.399485961071
1685000 112.273123736515 110.239351051522 72.2542233032218 294.766698091259
1686000 112.201182147194 110.079577420127 72.52876204804 294.809521615361
1687000 112.564764934531 110.135773070316 72.6155194167603 295.316057421608
1688000 112.658363444745 110.383354913082 72.7533847932886 295.795103151116
1689000 112.695089117721 110.483957594562 72.7201027695163 295.899149481799
1690000 112.79225649161 110.427778346545 72.8637158290334 296.083750667189
1691000 112.770111386103 110.550113639831 72.7520113948749 296.072236420809
1692000 113.071786856276 110.367657172557 72.7311411488843 296.170585177717
1693000 113.118503778296 110.430832498403 73.0771183235131 296.626454600211
1694000 113.127115133379 110.383429908538 72.9547252010424 296.465270242959
1695000 113.502605960122 110.7488885802 72.9307649485079 297.18225948883
1696000 113.467793378355 110.59758806116 72.9428270484011 297.008208487917
1697000 113.388807852068 110.714085565914 73.0099825593753 297.112875977357
1698000 113.38686249237 110.718828441369 73.1085774231117 297.21426835685
1699000 113.11163261083 110.95562049096 73.1821042156649 297.249357317455
1700000 113.449790833049 111.198670765894 73.1824347743725 297.830896373315
1701000 113.745450726929 110.937683089744 73.2238127663517 297.906946583024
1702000 113.59062740954 111.202557477329 73.4568049662315 298.2499898531
1703000 113.524507990998 111.338519474883 73.5117332473218 298.374760713203
1704000 113.676626373658 111.361597149823 73.6190615653934 298.657285088875
1705000 113.773896094026 111.365472188693 73.6419492315665 298.781317514286
1706000 113.813902051511 111.315708256665 73.8074152268444 298.937025535021
1707000 113.952269502558 111.430801318016 73.8182441404534 299.201314961028
1708000 114.258119833725 111.710358157587 74.0163436064167 299.984821597729
1709000 114.063082900785 111.702083986383 74.1424427068363 299.907609594004
1710000 114.271525945108 111.595500822021 74.031226981018 299.898253748147
1711000 114.350116237744 111.694675267626 74.2191721097084 300.263963615079
1712000 114.248568909444 112.011076216826 74.1599826768668 300.419627803137
1713000 114.266255977369 111.949148867237 74.2513522740798 300.466757118685
1714000 114.253731702954 112.148472157072 74.4720893746661 300.874293234692
1715000 114.481405156373 112.264864333275 74.503549091678 301.249818581326
1716000 114.390868026973 112.18003999219 74.6119397453454 301.182847764508
1717000 114.546853615399 112.455715417049 74.7637468079321 301.76631584038
1718000 114.555986848827 112.426590015562 74.767277014007 301.749853878396
1719000 114.63114012425 112.588005380352 74.8227922076092 302.041937712212
1720000 114.569538453414 112.682106721089 74.8375758391045 302.089221013608
1721000 114.579058422777 112.876166248389 75.1069846443503 302.562209315516
1722000 114.723178081635 112.896496295463 75.0851654619412 302.704839839039
1723000 114.867490346848 113.029969717167 75.0389732481287 302.936433312144
1724000 114.818763843212 113.134332727893 75.1293923667276 303.082488937832
1725000 115.056244995417 113.266083638672 75.1302623104764 303.452590944565
1726000 115.211087261925 113.377179003494 75.2927235152748 303.880989780693
1727000 115.264478369294 113.705245900241 75.3664806057882 304.336204875324
1728000 115.348424477839 113.714494642863 75.407875442659 304.47079456336
1729000 115.402472415365 113.707132048136 75.5187662675873 304.628370731089
1730000 115.607389914789 113.492300386351 75.599009666096 304.698699967236
1731000 115.722587117 113.6527325026 75.5948913014026 304.970210921002
1732000 115.828537211068 113.813323551974 75.6966051752756 305.338465938318
1733000 115.936826645043 113.907026564106 75.7658674254823 305.609720634631
1734000 115.871258270504 114.398816893155 76.0132279021636 306.283303065822
1735000 116.157988710256 114.129591369917 76.1706034076038 306.458183487777
1736000 116.36456175424 114.305232263476 76.1753312166062 306.845125234323
1737000 116.197747604474 114.302265585052 76.3636748071065 306.863687996632
1738000 116.319493276431 114.484016538291 76.1803152552522 306.983825069974
1739000 116.542980247703 114.670629930072 76.2556002138739 307.469210391649
1740000 116.565301825542 114.891716006088 76.3329306169936 307.789948448624
1741000 116.934373362033 115.010585868668 76.5243789465602 308.469338177261
1742000 116.887934162247 115.099838225839 76.4448833012684 308.432655689354
1743000 116.875794464703 114.9249595199 76.3196178413684 308.120371825971
1744000 116.811485297573 115.110973212456 76.4413580763247 308.363816586353
1745000 116.946841639542 115.207642752139 76.3890361102159 308.543520501897
1746000 116.788589509191 115.368030859233 76.3117582924787 308.468378660902
1747000 116.938396499308 115.436158800943 76.3881569789554 308.762712279206
1748000 117.00479255021 115.800728896704 76.4454689501032 309.250990397017
1749000 117.08751466435 115.894259559191 76.5306210982798 309.51239532182
1750000 116.962757920151 115.80861365939 76.4981983533722 309.269569932913
1751000 117.116274235768 115.955035043972 76.6516982117336 309.723007491474
1752000 117.271235035464 115.969285109453 76.7549080016775 309.995428146594
1753000 117.096587856564 116.110249150008 76.6140053124469 309.820842319019
1754000 117.137308880152 115.986293293935 76.7844296488989 309.908031822985
1755000 117.192071515851 116.138697612293 76.9058559108451 310.23662503899
1756000 117.113809283202 116.236216433051 76.7827482980464 310.1327740143
1757000 117.129570092159 116.016236287878 76.8906939899389 310.036500369975
1758000 117.416058816169 115.944761610551 76.9570619316495 310.31788235837
1759000 117.224445382746 116.262904199307 77.1261068935428 310.613456475596
1760000 117.382318905025 116.206937129126 77.0832931608209 310.672549194972
1761000 117.547854446716 116.276704813186 76.974728890514 310.799288150416
1762000 117.636792154047 116.39463730429 77.2089825078748 311.240411966212
1763000 117.573300143322 116.431952486025 77.2361967922467 311.241449421593
1764000 117.861254249469 116.467989159948 77.5299519138947 311.859195323311
1765000 118.036745000958 116.675789570624 77.3911706630087 312.10370523459
1766000 118.083148657763 116.707003904853 77.4344102033986 312.224562766014
1767000 118.162676467277 116.784543788416 77.5459995400606 312.493219795754
1768000 118.015803951696 116.819518227589 77.3261480858523 312.161470265137
1769000 118.178454309896 117.10397580466 77.3341298152109 312.616559929767
1770000 118.192347580262 117.104646140851 77.6142733467285 312.911267067842
1771000 118.295304408781 117.081829412279 77.5741652049312 312.951299025991
1772000 118.756681471528 116.959361136257 77.4101801133741 313.126222721159
1773000 118.602028820821 117.172904555382 77.5810813426791 313.356014718883
1774000 118.594657893496 117.044134320919 77.5748571897754 313.213649404191
1775000 118.6097493677 117.279632512625 77.6372529409227 313.526634821248
1776000 118.749509580665 117.047439319093 77.7815558816763 313.578504781434
1777000 118.776525100702 117.150642606236 77.8152139985897 313.742381705528
1778000 119.049178914014 117.322859032213 77.9024978211018 314.274535767329
1779000 118.992558825676 117.239483647764 77.8567709050077 314.088813378448
1780000 119.114251033737 117.336781346684 77.9274186253478 314.37845100577
1781000 119.488128458756 117.447967182938 77.8209023353397 314.756997977034
1782000 119.179782984794 117.563854949712 77.6446856965406 314.388323631047
1783000 119.1976349818 117.803444174293 77.7546085355183 314.755687691611
1784000 119.378476131466 117.978328012888 77.7212813781185 315.078085522473
1785000 119.211442678454 117.845709778887 77.7847750851039 314.841927542445
1786000 119.283356360938 117.78290861334 77.9176150756151 314.983880049893
1787000 119.343881483444 118.029052083628 77.7437928623303 315.116726429402
1788000 119.4446890216 117.915763612676 78.1356087665855 315.496061400862
1789000 119.541481669665 118.067631687344 77.9679016588672 315.577015015877
1790000 119.500852627804 118.153032840013 78.1461916069445 315.800077074762
1791000 119.682240175011 118.233785170582 78.1238983121258 316.039923657718
1792000 119.603943159353 118.289309790786 78.0920012025706 315.985254152709
1793000 119.901118717698 118.53474782822 78.0960801767003 316.531946722619
1794000 119.765380800699 118.574782846484 78.1874106870226 316.527574334206
1795000 119.792890104973 118.709142406081 78.2582314448374 316.760263955891
1796000 119.835110136739 118.750924032499 78.3691267720643 316.955160941302
1797000 119.949072607788 118.733165110064 78.4324695582248 317.114707276077
1798000 120.019028171518 118.763798049043 78.4965112909596 317.279337511521
1799000 119.860679893794 118.751784841888 78.556426247681 317.168890983363
1800000 119.962446448472 118.846118039784 78.5234861150227 317.332050603279
1801000 119.880857860777 119.068862681659 78.5402070369837 317.48992757942
1802000 119.842557988245 119.249254401612 78.6636572292057 317.755469619063
1803000 119.858457836819 119.265751192625 78.6971987711433 317.821407800587
1804000 120.080829009919 119.438321642943 78.6387998528456 318.157950505708
1805000 119.956660925824 119.502640987978 78.847547679047 318.306849592849
1806000 120.046932394078 119.592912402455 78.8322681601506 318.472112956684
1807000 120.394019183813 119.782351251843 79.0535518223679 319.229922258024
1808000 120.565385391833 119.827774861241 78.9304891209403 319.323649374014
1809000 120.540463447096 119.845894889433 79.1259217670042 319.512280103534
1810000 120.238089417437 119.811586055703 79.0925184954061 319.142193968546
1811000 120.472874319828 119.912003873586 79.1069526561032 319.491830849517
1812000 120.568759196215 119.940128943853 79.0752134251197 319.584101565188
1813000 120.644690817794 120.061908998028 79.1159712082066 319.822571024029
1814000 120.642134451125 120.277759931445 79.1164978172748 320.036392199845
1815000 120.698798586005 120.173658035375 79.3500367498657 320.222493371246
1816000 121.01145973311 120.298554309453 79.2283129895237 320.538327032087
1817000 120.996443559587 120.253905915052 79.3011073428487 320.551456817488
1818000 120.962337700317 120.461990321295 79.3434221388467 320.767750160459
1819000 121.254394896602 120.529131703069 79.3977622650994 321.18128886477
1820000 121.113588675983 120.343859751402 79.4618068911732 320.919255318559
1821000 121.089348657926 120.504581259679 79.3976147160326 320.991544633638
1822000 121.326268992683 120.426920581323 79.6038042490081 321.356993823014
1823000 121.572885666391 120.606204997498 79.4653637669068 321.644454430796
1824000 121.616377622385 120.686155425258 79.7007189457763 322.003251993419
1825000 121.683131169395 120.835587159239 79.5384335586997 322.057151887334
1826000 121.632730070534 120.802721052973 79.7226314174404 322.158082540948
1827000 121.758739027642 120.94511053893 79.770713057419 322.474562623991
1828000 121.743721649815 121.225474206623 79.8361414337277 322.805337290166
1829000 121.762043237212 121.273601313141 79.9868778836996 323.022522434052
1830000 121.758507097808 121.559035847268 80.0902639235148 323.407806868591
1831000 121.754080372524 121.535246414977 80.090853575371 323.380180362871
1832000 121.743229703458 121.191363316167 80.2548906266052 323.18948364623
1833000 122.061334896245 121.536504853159 80.3238167969978 323.921656546402
1834000 121.951344576133 121.637789252589 80.5362588062487 324.125392634971
1835000 122.155165613459 121.676682460945 80.5604461931722 324.392294267575
1836000 122.041364330166 121.728288699434 80.464894554407 324.234547584007
1837000 122.396051223746 121.875558890844 80.6444470794652 324.916057194056
1838000 122.270811353299 121.879870679121 80.3362827725536 324.486964804974
1839000 122.526269409445 121.970858687388 80.3280706506392 324.825198747473
1840000 122.452878217104 122.088515866042 80.4331056177358 324.974499700881
1841000 122.535402356429 122.127520610985 80.46280106423 325.125724031644
1842000 122.703348053981 122.045562579672 80.4428116699311 325.191722303584
1843000 122.675054755525 122.397110300197 80.3984546205681 325.47061967629
1844000 122.767058879955 122.633500878081 80.2710639839704 325.671623742007
1845000 122.687143631027 122.608968255878 80.2357478098193 325.531859696724
1846000 122.805263691358 122.700599627071 80.4620694668078 325.967932785237
1847000 123.037546418354 122.795376513933 80.2811727650482 326.114095697335
1848000 122.809708409446 122.993994252673 80.3977206760603 326.201423338179
1849000 122.989995723817 123.072180113348 80.5656566502294 326.627832487394
1850000 123.041866949966 123.134102034901 80.6411550638796 326.817124048746
1851000 123.032067521086 123.051458971175 80.6492128921115 326.732739384372
1852000 123.133434250691 123.092458212795 80.6344787424126 326.860371205899
1853000 123.277644092865 123.18733401033 80.8414756785339 327.30645378173
1854000 123.420055503377 123.386711666265 80.6831290284748 327.489896198117
1855000 123.390424198313 123.317868900079 80.8712652181327 327.579558316525
1856000 123.621606256309 123.453625783398 80.8947636326149 327.969995672322
1857000 123.57585166678 123.395487835879 80.7066064156692 327.677945918329
1858000 123.77532899207 123.294131831827 80.9485041030076 328.017964926904
1859000 123.982667230235 123.397148085649 80.8875012530884 328.267316568972
1860000 123.94607593865 123.456907891332 80.9143079129502 328.317291742933
1861000 123.763828162831 123.506559832348 80.9607888070236 328.231176802203
1862000 123.779113948084 123.675716499263 81.0898198389741 328.544650286322
1863000 123.729072262059 123.456421257519 81.1567643961474 328.342257915725
1864000 123.96735347844 123.54656490669 80.9296001471384 328.443518532269
1865000 124.182344262653 123.776810119284 80.9467544243038 328.905908806241
1866000 124.096439601133 123.664248941072 81.1283915150362 328.889080057242
1867000 124.191986318788 123.531874542561 81.030820327047 328.754681188397
1868000 124.637496024402 123.910523999669 81.2485340133562 329.796554037427
1869000 124.58552778695 123.887849607709 81.0555415789171 329.528918973577
1870000 124.683953317365 123.806968848368 80.9593744856224 329.450296651356
1871000 124.810493015101 124.114543101646 81.0218590742828 329.94689519103
1872000 124.568414711277 124.008971624743 81.1022211796394 329.679607515659
1873000 124.861653168426 124.020849246828 81.3022030444135 330.184705459668
1874000 124.99135629245 124.260539787711 81.4030332507154 330.654929330876
1875000 124.822084757776 124.381822948121 81.4373673235443 330.641275029442
1876000 124.860511640841 124.484988996522 81.4528424638573 330.79834310122
1877000 124.892560889648 124.321530915863 81.5125716569255 330.726663462436
1878000 125.244050892237 124.248617324394 81.3782352322858 330.870903448917
1879000 125.312559489315 124.228985630298 81.5767611095806 331.118306229193
1880000 125.432781147549 124.520136336314 81.5821346647855 331.535052148649
1881000 125.346531699984 124.40918853877 81.5302842070263 331.286004445781
1882000 125.45197566351 124.227575706986 81.616536773435 331.296088143931
1883000 125.444734593433 124.376489433419 81.3007445032166 331.121968530069
1884000 125.570512937047 124.602242878221 81.5577309788362 331.730486794104
1885000 125.722116265603 124.410764819527 81.475271457313 331.608152542444
1886000 125.655604201039 124.44825547221 81.5606361980597 331.664495871308
1887000 125.737988955988 124.688985409807 81.4743178913453 331.901292257141
1888000 125.937157897453 124.644895090956 81.67643725188 332.258490240289
1889000 125.982772500623 125.139146461602 81.9188959372186 333.040814899443
1890000 126.089233452006 124.886910715626 81.7741513266587 332.75029549429
1891000 126.328599567696 125.047193719307 81.7679838197206 333.143777106724
1892000 126.288051734687 125.141077554084 81.7854455178241 333.214574806596
1893000 126.467801962301 125.190070815764 81.6697966438546 333.32766942192
1894000 126.473755988634 125.133941928879 81.8541622031356 333.461860120649
1895000 126.858681854837 125.189263960786 81.9570079112307 334.004953726853
1896000 126.708765555041 125.003105342655 82.081236797805 333.793107695501
1897000 126.78564215578 125.217665643751 82.0616194782117 334.064927277743
1898000 127.031948385471 125.185550677389 82.3360882692462 334.553587332106
1899000 127.041766202929 125.352927124826 82.2828033807407 334.677496708496
1900000 127.117196032864 125.403234485274 82.3631205165951 334.883551034733
1901000 127.369904238325 125.477636701722 82.4999163609302 335.347457300977
1902000 127.485015550685 125.446915684324 82.5352315707916 335.4671628058
1903000 127.587626912191 126.0074023707 82.4175704724726 336.012599755364
1904000 127.829519471645 125.968361041918 82.7478907126927 336.545771226255
1905000 127.858969058332 126.090228322392 82.7213006153558 336.67049799608
1906000 128.040170870515 126.20480364567 82.6902707288229 336.935245245009
1907000 128.220643498903 126.440330750334 82.7645588866792 337.425533135916
1908000 128.151477312555 126.725831187289 82.8804494548059 337.75775795465
1909000 128.319072338898 126.513562648319 83.113258266506 337.945893253723
1910000 127.983231750185 126.6080902764 82.9203454427675 337.511667469353
1911000 127.923740437701 126.94828576007 82.9568900604219 337.828916258193
1912000 128.312067086127 127.035805269739 82.9911779011416 338.339050257008
1913000 128.495679628243 127.024588874947 83.0934022097308 338.613670712921
1914000 128.858465652337 126.89166276308 83.1701659161565 338.920294331574
1915000 128.821020722572 127.106853836415 83.2198294620725 339.14770402106
1916000 129.11936695109 127.09515403522 83.2778654464632 339.492386432772
1917000 129.336588242708 127.35356845328 83.1115555937575 339.801712289746
1918000 129.292524905941 127.295311134505 83.3336614658455 339.921497506291
1919000 129.048816251015 127.530138396114 83.3686109147105 339.947565561839
1920000 129.324383093998 127.586396446732 83.553860304523 340.464639845253
1921000 129.158633136789 127.873906154684 83.5816479984385 340.614187289912
1922000 129.432382799984 127.807947719438 83.5242641311438 340.764594650565
1923000 129.625467226449 127.98794592909 83.6322714722667 341.245684627806
1924000 129.686287449097 128.084898471253 83.6285916579106 341.39977757826
1925000 129.701287820832 128.150930115313 83.9315758629585 341.783793799103
1926000 130.00211870037 128.205760037746 83.7601355462878 341.968014284403
1927000 129.847303132892 128.365078572804 83.811566852198 342.023948557895
1928000 130.105107443011 128.006371939542 83.7971131530304 341.908592535583
1929000 130.39026557662 128.291578322346 83.9220603299091 342.603904228875
1930000 130.304322190906 128.010628847999 83.7491127885068 342.064063827411
1931000 130.5777467959 128.31088170742 83.6735775534873 342.562206056807
1932000 130.818607654532 128.366146740373 83.7056017367257 342.89035613163
1933000 130.521917203585 128.243682286747 84.0073757682142 342.772975258546
1934000 130.82047077626 128.281492045824 83.9774226773692 343.079385499454
1935000 130.723227602341 128.491859340181 83.9826283203381 343.19771526286
1936000 130.816562122796 128.46160601289 84.2011159419864 343.479284077673
1937000 130.85034066252 128.720887372596 84.3839058835344 343.95513391865
1938000 131.047760176006 128.951471647639 84.3789446702465 344.378176493892
1939000 130.815114881151 128.851085244749 84.2358042554442 343.902004381344
1940000 131.205837172244 128.834747146756 84.5165913037653 344.557175622765
1941000 131.117351239648 128.784669680562 84.2692100503225 344.171230970532
1942000 131.266772594539 128.939450316316 84.424166112467 344.630389023322
1943000 131.273179247522 129.138604833495 84.5005882874183 344.912372368435
1944000 131.219438552499 129.038643033328 84.4214457845798 344.679527370407
1945000 131.194389196238 129.086231589229 84.6720482566027 344.952669042069
1946000 131.204711256805 129.18628450497 84.655057802732 345.046053564507
1947000 131.362591590196 129.135533692471 84.8985495494123 345.39667483208
1948000 131.473021457403 129.158953563553 84.5627835755992 345.194758596555
1949000 131.668563004351 129.320585550358 84.8096614641599 345.798810018869
1950000 131.711051814427 129.561351660954 84.9783865443128 346.250790019694
1951000 131.519130713921 129.415949943309 85.0058447414289 345.940925398659
1952000 131.770873759969 129.64376694705 85.0280499352899 346.442690642309
1953000 131.714696856514 129.813101274267 85.2304239872314 346.758222118012
1954000 131.962935456776 129.948935045881 85.2204494514388 347.132319954096
1955000 132.25746307251 130.044237296452 85.1545604898753 347.456260858837
1956000 132.179465184281 130.336521559839 85.2674733031766 347.783460047297
1957000 132.170854475294 130.278558184485 85.4210371602751 347.870449820054
1958000 132.382960632435 130.313636471265 85.314839839998 348.011436943698
1959000 132.620899257256 130.63490082109 85.3461880241786 348.601988102524
1960000 132.922344810344 130.617327320184 85.1770471844555 348.716719314983
1961000 133.33375947897 130.520887166725 85.3345393007536 349.189185946449
1962000 132.943946795337 130.720125956737 85.2751312269348 348.939203979008
1963000 133.108434625916 131.103066033135 85.3639921040355 349.575492763087
1964000 133.375145083429 131.15928388216 85.5316573387254 350.066086304314
1965000 133.383890300639 131.382899656132 85.5785927920235 350.345382748794
1966000 133.355605722121 131.331098811356 85.7052376725036 350.39194220598
1967000 133.352428394761 131.387463274468 85.6380288950648 350.377920564294
1968000 133.634105423299 131.4794026507 85.6570732972935 350.770581371293
1969000 133.776749772667 131.57533475797 85.6671610387749 351.019245569412
1970000 133.670639244425 131.577022439505 85.8114093813253 351.059071065256
1971000 133.785767410381 131.803338073841 85.8881758236233 351.477281307845
1972000 133.591079541526 131.700757771376 86.0609617608662 351.352799073768
1973000 133.52095152284 131.670451637261 86.259322258816 351.450725418917
1974000 133.830410948782 131.936607008571 86.1101045208709 351.877122478224
1975000 133.922860126988 132.167040478899 86.3579232371867 352.447823843074
1976000 134.095527319643 132.132483625794 86.4298617836157 352.657872729053
1977000 134.609383383557 132.035945698133 86.4542871625755 353.099616244266
1978000 134.647071812275 132.047002858318 86.2339781581613 352.928052828755
1979000 134.759381699756 131.752803159576 86.3913503013148 352.903535160647
1980000 134.888595019427 132.04123512852 86.4096575284573 353.339487676405
1981000 134.975953129512 132.164874756692 86.583433520463 353.724261406667
1982000 134.919243864837 132.202938195974 86.8737332887819 353.995915349594
1983000 135.108064761091 132.318802885384 86.7550359602765 354.181903606751
1984000 135.648210324445 132.455408241245 86.8706860132108 354.974304578901
1985000 135.727328508712 132.657838132682 86.9526017549884 355.337768396382
1986000 135.772064482611 132.724180244432 86.9225757654478 355.418820492491
1987000 135.773946878067 132.611302628774 87.0537681208706 355.439017627712
1988000 135.630674597095 132.761840696246 86.970555467942 355.363070761283
1989000 135.839995840126 132.868714073906 87.199904166119 355.908614080152
1990000 136.011345820397 132.976792682499 87.4969576053982 356.485096108294
1991000 135.935941175166 133.051293142414 87.5059474273955 356.493181744976
1992000 135.903599135771 133.559955927582 87.42755317345 356.891108236803
1993000 135.818496605226 133.625094569769 87.4580966250146 356.901687800009
1994000 135.987069255523 133.790017087222 87.2682743467185 357.045360689463
1995000 135.907136390203 133.782193346956 87.4222362409991 357.111565978159
1996000 135.803612898415 133.992190435631 87.3149770704437 357.11078040449
1997000 135.723644997616 133.842741909155 87.4638266505652 357.030213557336
1998000 135.84159895454 134.14632417801 87.5070830745338 357.495006207084
1999000 135.853627735912 134.253885717391 87.5612409195356 357.668754372838
2000000 136.056586586757 134.621981324096 87.5767944179394 358.255362328792
2001000 136.155995338403 134.518976716622 87.4534042172488 358.128376272274
2002000 136.305609255781 134.317401012011 87.8399557116449 358.462965979437
2003000 136.500164662693 134.616462987586 87.7207076333502 358.837335283629
2004000 136.589926495286 134.8096719321 87.9519169554061 359.351515382792
2005000 136.638438625547 134.822723157202 87.8050781200961 359.266239902845
2006000 136.45178416813 134.941376183597 87.8271742818023 359.220334633529
2007000 136.409336877265 134.972003392386 87.7956816025589 359.177021872209
2008000 136.38801023858 135.080756250151 87.9132183332394 359.38198482197
2009000 136.760571325305 135.400636031202 87.9769377923488 360.138145148856
2010000 137.016678330435 135.617577740493 88.0221933047372 360.656449375665
2011000 136.840266222993 135.881681259898 88.2180603641642 360.940007847055
2012000 137.019220335893 136.010621000382 88.2796067452158 361.309448081491
2013000 137.072639874172 135.960730240703 88.4336222188355 361.466992333711
2014000 136.998060457712 136.186635786431 88.3765391498147 361.561235393958
2015000 137.06530419192 136.152045237949 88.329685802882 361.547035232751
2016000 137.229940493879 136.122941800064 88.5545786495315 361.907460943475
2017000 137.196709662816 136.284862626682 88.6252642078296 362.106836497327
2018000 137.217389907489 136.618875827202 88.4861771262687 362.32244286096
2019000 137.347742234026 136.425989012559 88.4517484447454 362.22547969133
2020000 137.490215459649 136.682673339761 88.4799942426911 362.652883042101
2021000 137.473361968887 136.775790569522 88.569804000519 362.818956538928
2022000 137.66941800519 136.754177611712 88.6214972512476 363.045092868151
2023000 137.991660188066 137.013267871487 88.4499243183918 363.454852377944
2024000 138.095330494911 136.939822987673 88.6706157351498 363.705769217734
2025000 137.958475819692 136.894383262442 88.6989388592791 363.551797941413
2026000 138.231978251546 136.958305797638 88.6830572088074 363.873341257992
2027000 138.258437272152 136.921235327324 88.8012496289044 363.98092222838
2028000 138.399223786478 136.942189474319 88.903755177554 364.245168438351
2029000 138.32242910045 137.286210252941 88.8085394671605 364.417178820551
2030000 138.436040315393 137.194195558107 88.9626785341319 364.592914407632
2031000 138.329209508435 137.4303691975 89.1978517555043 364.957430461438
2032000 138.341674499695 137.859721437776 89.4593030304331 365.660698967904
2033000 138.575733261457 137.760231357916 89.3555487063709 365.691513325743
2034000 138.825541574805 138.049204419546 89.2364251399155 366.111171134267
2035000 138.647778469211 137.886414503721 89.1985811915539 365.732774164486
2036000 138.864101435127 138.104176371335 89.4799137427092 366.448191549172
2037000 138.941674236454 138.080453504214 89.3945505799393 366.416678320607
2038000 139.137088669927 138.11073038737 89.2594466637303 366.507265721027
2039000 139.087578335677 138.025567303662 89.3648059100464 366.477951549385
2040000 139.333004617143 137.810867440431 89.6511154927507 366.794987550325
2041000 139.316320358504 138.237402110004 89.5250248856237 367.078747354132
2042000 139.361342755582 138.0474016865 89.4849357810931 366.893680223175
2043000 139.482201525413 138.295577727495 89.53037577425 367.308155027158
2044000 139.526570562981 138.378840505376 89.6804969893318 367.585908057689
2045000 139.602621159129 138.713145593362 89.6578848173472 367.973651569838
2046000 139.731555775323 138.889911524697 89.838189690543 368.459656990563
2047000 139.749813085732 138.774442778796 89.8043622578307 368.328618122358
2048000 139.766907028477 138.836356309663 89.4044442029097 368.00770754105
2049000 140.062002976756 139.137121010478 89.7287199452547 368.927843932489
2050000 139.923039756115 139.168915966701 89.8082159176671 368.900171640484
2051000 140.049573282211 139.143229016039 89.9446016726356 369.137403970885
2052000 140.439394753892 139.356274350923 89.8914229135987 369.687092018413
2053000 140.384541898315 139.542892347094 89.9983731723966 369.925807417805
2054000 140.475686707822 139.466034689561 89.7942605476068 369.735981944989
2055000 140.666221560791 139.372569424883 89.9110902946646 369.949881280339
2056000 140.931300682133 139.589996052804 89.8587205027051 370.380017237641
2057000 140.844994614251 139.58662022325 90.1517334192681 370.583348256769
2058000 140.848879802632 139.861671778758 90.2224206886041 370.932972269994
2059000 140.861081583222 140.090831286023 90.2797062437695 371.231619113015
2060000 141.000280834229 140.016835613867 90.2369696619225 371.254086110019
2061000 141.024662001139 139.992825401257 90.158035236241 371.175522638636
2062000 141.239028332021 140.064890716182 90.2540956723597 371.558014720564
2063000 141.339414747991 140.113040678358 90.1577629465942 371.610218372943
2064000 141.432761574446 140.094690394132 90.5166664893547 372.044118457933
2065000 141.313712089613 140.04569169258 90.5295938334976 371.88899761569
2066000 141.327531903016 140.10606639828 90.5220353657364 371.955633667033
2067000 141.370950260013 140.229783542439 90.4537073095943 372.054441112046
2068000 141.4572201439 140.200608348986 90.5694123730327 372.227240865919
2069000 141.916514361393 139.978604114521 90.4545320912417 372.349650567155
2070000 141.832599618006 139.911647581927 90.4251319504101 372.169379150343
2071000 141.784849996832 140.144785550499 90.4294362795614 372.359071826892
2072000 141.778464709701 140.202157469268 90.342445126364 372.323067305333
2073000 141.775082256406 140.234201621716 90.3807767729724 372.390060651095
2074000 142.298052174187 140.437308183222 90.5065475534207 373.24190791083
2075000 142.586731839967 140.45202004273 90.6663130049216 373.705064887619
2076000 142.675097895642 140.514385568092 90.5319974985085 373.721480962243
2077000 142.488437268786 140.481841554815 90.5581369606351 373.528415784236
2078000 142.305066578363 140.458480198686 90.6746348702073 373.438181647256
2079000 142.710475675616 140.464227125035 90.7295184176864 373.904221218338
2080000 142.780130226038 140.362147224171 90.5773548756333 373.719632325843
2081000 143.000615105494 140.490643133681 90.7021140452869 374.193372284462
2082000 142.855748941753 140.421790020854 90.6492971518548 373.926836114462
2083000 142.553324273919 140.559284196281 90.7900072249847 373.902615695185
2084000 142.766909660177 141.031158983897 90.7940962227551 374.592164866829
2085000 143.04104023289 140.9984343744 90.8534393252943 374.892913932585
2086000 143.05713065071 140.986578864598 90.7989925456035 374.842702060912
2087000 143.108831055326 141.063106203951 90.7032447638951 374.875182023173
2088000 143.114967517121 141.170059464548 90.6348704366948 374.919897418363
2089000 143.310059209849 141.711161511988 90.6726063767513 375.693827098588
2090000 143.407424120271 141.683269105437 90.7302682242677 375.820961449976
2091000 143.580508941683 141.414629827535 90.7269156398569 375.722054409075
2092000 143.612398923619 141.606839913985 90.772251717303 375.991490554906
2093000 143.841601990383 141.846387700029 90.815977313221 376.503967003633
2094000 143.904719298934 141.93453744726 91.0924777494276 376.931734495622
2095000 143.84593560731 141.833153408904 90.9791679513533 376.658256967568
2096000 144.035263950124 141.911721121682 91.0091100837718 376.956095155578
2097000 143.691407030806 142.093635817267 90.9281282160364 376.713171064109
2098000 144.118207224963 142.091798062921 90.9724610247107 377.182466312596
2099000 144.092740309885 142.020279940928 91.0475212705649 377.160541521377
2100000 144.001499085723 142.13576513818 91.1510902275517 377.288354451455
2101000 143.935782932103 142.299407923432 91.267278156369 377.502469011904
2102000 144.016469849746 142.204031230688 91.1747929798815 377.395294060315
2103000 144.181199554043 142.135994733904 91.1556661519172 377.472860439865
2104000 144.169973646714 142.20626233025 91.4494489140068 377.82568489097
2105000 144.078057383755 142.350088987899 91.5312440019262 377.95939037358
2106000 144.088158525461 142.478118839197 91.5868632368774 378.153140601535
2107000 143.989764316416 142.620130352406 91.7064366035182 378.31633127234
2108000 144.543321122917 142.717565084971 91.7713361300747 379.032222337963
2109000 144.589687361629 142.760239532836 91.5811767063716 378.931103600836
2110000 144.622229296965 143.021116900931 91.5382898176563 379.181636015553
2111000 144.827232605826 142.910978513531 91.5101267416492 379.248337861006
2112000 144.809224854618 143.060435027158 91.5067052144452 379.376365096221
2113000 144.866665226993 143.155776133252 91.4530832870519 379.475524647298
2114000 144.971693750904 143.431920854957 91.6468711391105 380.050485744971
2115000 144.826073017243 143.354479121607 91.4075888870664 379.588141025915
2116000 144.876150708836 143.410272626421 91.6421679040409 379.928591239297
2117000 145.172495295711 143.369372243161 91.5170331497127 380.058900688584
2118000 145.248851476215 143.538427415996 91.6095822962342 380.396861188445
2119000 145.38818457243 143.623618878818 91.6462594873372 380.658062938585
2120000 145.532224433762 143.627275508769 91.5893619812484 380.748861923779
2121000 145.81824146259 143.595665452178 91.7237718268388 381.137678741607
2122000 145.879585714179 143.847940544894 91.6738278384945 381.401354097569
2123000 145.817071225239 143.98039973868 91.9956608522337 381.793131816153
2124000 145.855841045826 143.824459187294 92.0557898652511 381.736090098371
2125000 146.216220044085 144.105774111595 92.132112230806 382.454106386487
2126000 146.090151665187 143.894289627832 92.0322813185648 382.016722611585
2127000 146.14962569821 144.105830965967 92.0500823826174 382.305539046794
2128000 146.357760415642 144.26114952925 92.299462362443 382.918372307335
2129000 146.244416550733 144.364727393232 92.3062481976167 382.915392141582
2130000 146.294972693031 144.559928026359 92.2873469307458 383.142247650136
2131000 146.373544804327 144.735599684883 92.2856823885147 383.394826877725
2132000 146.571861650245 144.791295181735 92.1348189696196 383.497975801599
2133000 146.876551780733 145.094145276143 92.0789152146246 384.049612271501
2134000 146.958506315955 145.146005235682 92.0410872511768 384.145598802813
2135000 147.344286222739 145.360420920709 92.1508272877006 384.855534431149
2136000 147.675786745053 145.328545841008 91.9680740829723 384.972406669034
2137000 147.745634805979 145.500957177235 92.1706406547639 385.417232637977
2138000 147.523827301326 145.434492371384 92.5510307900429 385.509350462753
2139000 147.796993393344 145.544780550882 92.5201925273245 385.86196647155
2140000 148.039257386554 145.615553095337 92.3777089025353 386.032519384426
2141000 148.174213278208 145.978961933742 92.1591772494845 386.312352461435
2142000 148.252142545484 146.187778258544 92.4880196442889 386.927940448317
2143000 148.201194933734 146.109206564778 92.4735775794725 386.783979077984
2144000 148.092249482282 146.038554202465 92.3860934776384 386.516897162385
2145000 147.968424439251 146.247702017699 92.5122676662419 386.728394123192
2146000 148.377047426285 146.338498220123 92.3962143349479 387.111759981356
2147000 148.257460718366 146.525016147085 92.5198837426119 387.302360608064
2148000 148.325583085104 146.537322236155 92.4080179179777 387.270923239236
2149000 148.650527452819 146.334691448124 92.6880206349798 387.673239535923
2150000 148.72921743771 146.48673851455 92.7804623193408 387.996418271601
2151000 149.046394698167 146.56756803982 92.8839424408851 388.497905178871
2152000 149.360668558174 146.494110260164 93.0232120524344 388.877990870773
2153000 149.07704388302 146.450803510517 93.1383853275427 388.666232721079
2154000 149.331325113543 146.40395090556 93.0276163304227 388.762892349526
2155000 149.242742248236 146.374142760735 93.0524995953255 388.669384604297
2156000 149.228431555331 146.760257487666 93.3622699511765 389.350958994173
2157000 149.332951053582 146.62320609707 93.3604133794401 389.316570530093
2158000 149.41154325715 146.756053103 93.4670353125105 389.63463167266
2159000 149.619991852099 146.635162637706 93.3992505383846 389.65440502819
2160000 149.425741010676 146.872575989541 93.361979058815 389.660296059031
2161000 149.706063135141 147.047941702429 93.399587847504 390.153592685073
2162000 149.626682414643 146.960771113501 93.2536875602297 389.841141088374
2163000 149.601979318193 147.374231392434 93.4754142111304 390.451624921758
2164000 149.742997863955 147.439309056148 93.4494298198552 390.631736739958
2165000 150.072590642255 147.227893318813 93.723214030163 391.023697991231
2166000 149.865784367375 147.315755712383 93.7006767187201 390.882216798478
2167000 149.734727976492 147.54633652869 93.9118097035759 391.192874208758
2168000 150.060672764087 147.541061589799 93.9701644855411 391.571898839426
2169000 150.017643709211 147.857048608295 94.2316447957427 392.106337113249
2170000 150.184856523112 148.087707643712 94.2490187200055 392.521582886829
2171000 150.204575467788 147.998301155577 94.250460285939 392.453336909305
2172000 150.109021405 148.377990493907 93.9996429806784 392.486654879585
2173000 150.156343940588 148.368638389209 93.962292567858 392.487274897655
2174000 150.104834781401 148.261525246695 94.0581234108024 392.424483438898
2175000 150.332035869423 148.514921768559 93.9713146561484 392.818272294131
2176000 150.586912842084 148.499370456289 93.8699737962258 392.956257094599
2177000 150.538094647207 148.560628774454 93.8352704639996 392.933993885661
2178000 150.627086405395 148.819170072438 94.1380656077894 393.584322085622
2179000 150.83587198609 148.469719679198 94.1279263928327 393.43351805812
2180000 150.843905361388 148.366404941115 94.1924473089586 393.402757611462
2181000 151.134133911895 148.26839049758 94.3032382650803 393.705762674556
2182000 151.076337550803 148.112684711432 94.3481631555607 393.537185417796
2183000 151.143954571946 148.125741955631 94.4212039379456 393.690900465523
2184000 151.286290788488 148.095766787102 94.4786187527644 393.860676328355
2185000 151.401469449681 148.357000908522 94.547537113313 394.306007471516
2186000 151.66162318028 148.117446608213 94.5440298750177 394.323099663511
2187000 151.531389794025 148.345787114461 94.6266956479824 394.503872556469
2188000 151.541242506338 148.434058693837 94.6381736014935 394.613474801668
2189000 151.641120328336 148.613032096465 94.6238897266676 394.878042151468
2190000 152.013117342474 148.671840151329 94.619391221533 395.304348715336
2191000 151.586629686975 148.646883071407 94.5779476746801 394.811460433062
2192000 151.749890008943 148.709790533726 94.7176219001085 395.177302442777
2193000 151.721151871444 148.568305120497 94.5619513707477 394.851408362688
2194000 151.750589203532 148.594304261837 94.7182015685733 395.063095033942
2195000 152.089824501284 148.952416166127 94.8388263126161 395.881066980027
2196000 151.909623368914 148.825872748723 94.9349879684135 395.670484086051
2197000 152.070122460184 148.678713773923 95.0388875464787 395.787723780586
2198000 152.24520410792 148.598552889088 95.0176394595798 395.861396456588
2199000 152.503585241424 148.924905426521 95.0513056251468 396.479796293091
2200000 152.309220124977 148.991916703784 95.0927650460969 396.393901874857
2201000 152.216290965768 149.402222263034 95.1687252391673 396.787238467969
2202000 152.21526798856 149.516577603362 95.2103350827017 396.942180674624
2203000 152.396439304531 149.58572074322 95.3626781063389 397.34483815409
2204000 152.482474548179 149.402690955632 95.4811734626591 397.36633896647
2205000 152.172240474727 149.521344177223 95.3043151240987 396.997899776048
2206000 152.75998985347 149.759887515174 95.2434109959853 397.76328836463
2207000 152.638116183992 149.752704285221 95.623286676459 398.014107145672
2208000 152.729826484782 149.966129973093 95.6482055641783 398.344162022054
2209000 152.916732107611 150.064788776032 95.6062620420862 398.587782925729
2210000 153.043472659681 150.027251632084 95.4499779520497 398.520702243814
2211000 153.276543440381 149.772034875297 95.5613713204886 398.609949636167
2212000 153.363045688692 149.98752348849 95.6746488461735 399.025218023355
2213000 153.419488405942 150.138967635784 95.6778191583241 399.23627520005
2214000 153.60814038061 150.450318437075 95.6396408231313 399.698099640817
2215000 153.303859504211 150.533423248639 95.808395680529 399.64567843338
2216000 153.493784197931 150.525813873149 95.858157920238 399.877755991318
2217000 153.755348402614 150.678895716808 95.9135938657476 400.347837985169
2218000 154.005824055463 150.654884479543 95.780022401189 400.440730936195
2219000 154.009748594317 150.83151530523 95.5815894804491 400.422853379995
2220000 153.946483550615 151.184824322739 95.6693474853439 400.800655358698
2221000 154.083181140794 151.164997282267 95.7214407497563 400.969619172817
2222000 153.875214386171 151.25176540389 95.8274188418934 400.954398631955
2223000 154.060493582251 151.235172883777 95.8562095612335 401.151876027261
2224000 154.098446342622 151.35767650609 95.9767546964866 401.432877545199
2225000 154.146458892338 151.235136846014 95.8960379629845 401.277633701336
2226000 153.857080721673 151.310369968731 95.968518857676 401.13596954808
2227000 154.18685855218 151.486399768341 96.1873752012021 401.860633521723
2228000 154.549597206641 151.637808170963 95.9465814788969 402.133986856501
2229000 154.472425543059 151.738774832995 96.0850335912866 402.29623396734
2230000 154.652013257783 151.497467565687 96.2433750058489 402.39285582932
2231000 154.415339347844 151.621428428239 96.1850113667335 402.221779142816
2232000 154.526810534727 151.944925946658 95.9454785249417 402.417215006327
2233000 154.816836796411 151.805415197873 96.0005007194192 402.622752713703
2234000 154.595271758178 151.823501959839 96.1192119796553 402.537985697672
2235000 154.743664868014 152.071220154755 96.2910668187484 403.105951841517
2236000 154.808834267024 152.109329186033 96.3691520565739 403.287315509631
2237000 155.017086702903 152.323078839202 96.3581358239771 403.698301366083
2238000 154.877807108415 152.307489638292 96.3635200327869 403.548816779494
2239000 154.960037304539 152.270471532536 96.3920883752549 403.62259721233
2240000 154.92771474213 152.208623384269 96.7804563242956 403.916794450695
2241000 155.149300279063 152.378362359005 96.5622313857581 404.089894023825
2242000 155.394060957933 152.581158540727 96.695399841052 404.670619339712
2243000 155.401970435982 152.713170811942 96.7954525382365 404.91059378616
2244000 155.447670305927 153.002034868053 96.8398056631736 405.289510837153
2245000 155.58038426927 153.373682373609 96.7775721791603 405.731638822039
2246000 155.643553064976 153.569281183969 96.8927982912069 406.105632540151
2247000 155.691636354351 153.460673056596 97.0305656878921 406.18287509884
2248000 155.823653081758 153.725742992614 96.8623845533514 406.411780627724
2249000 155.894586361535 153.820770947334 96.9130555819205 406.628412890789
2250000 156.058024253622 153.973698339492 97.1682830070566 407.200005600171
2251000 156.057137195211 153.929231798122 97.1942808056955 407.180649799029
2252000 155.913753721442 154.224905143245 97.1068705523221 407.245529417009
2253000 156.073444433349 154.267019498018 96.7913137748888 407.131777706256
2254000 155.908270768764 154.627964179891 97.0782042978103 407.614439246465
2255000 156.063143249817 154.467231620677 96.8580538966036 407.388428767097
2256000 156.424323604967 154.883921155148 97.1803759358264 408.488620695942
2257000 156.487270107104 154.460638942229 97.3506874672576 408.29859651659
2258000 156.335476471012 154.824825125022 97.2259254522455 408.386227048279
2259000 156.48149674936 154.736864888532 97.24973999418 408.468101632072
2260000 156.599224386379 154.683708241002 97.105748861074 408.388681488455
2261000 156.808088902555 154.858573387251 97.170743803654 408.83740609346
2262000 156.819832524857 154.699552195508 97.0466219830491 408.566006703414
2263000 156.928389336856 154.60731759033 97.0421524202576 408.577859347443
2264000 156.987686369097 154.994539625393 96.9777828961285 408.960008890619
2265000 157.181849364005 155.189378434963 96.9844908297358 409.355718628703
2266000 157.056441787333 155.544148800884 97.1360601991659 409.736650787383
2267000 157.150447551102 155.35275630163 97.1382609941025 409.641464846835
2268000 157.40593012158 155.249915467452 97.4008787982672 410.056724387299
2269000 157.359179388352 155.258868730886 97.1950928558758 409.813140975114
2270000 157.701652654834 155.511395125179 97.0734098871429 410.286457667157
2271000 158.01952675845 155.687011466719 97.1615051859359 410.868043411105
2272000 158.255786186472 155.547451869856 97.299155066887 411.102393123215
2273000 158.488536719641 155.52145332077 97.0936683752518 411.103658415662
2274000 158.692905810048 155.402016434784 97.3630101085265 411.457932353359
2275000 158.748825933459 155.481502424426 97.2674395540759 411.497767911961
2276000 158.893539196915 155.606311807304 97.2775235799001 411.777374584119
2277000 158.6833889917 155.602985487111 97.2703272681347 411.556701746946
2278000 158.777490200378 155.778316054891 97.3320204489291 411.887826704199
2279000 158.932646120778 156.116644663784 97.6578827205661 412.707173505129
2280000 159.107090301866 156.00251258834 97.5043376233795 412.613940513585
2281000 159.169831930466 155.92368858752 97.5469213287665 412.640441846753
2282000 159.054357711362 155.855499874996 97.4648902257925 412.37474781215
2283000 159.07197736951 156.161025897306 97.4674163154157 412.700419582232
2284000 159.159306650936 155.941973726559 97.4360375641426 412.537317941637
2285000 159.380541336288 156.251092107237 97.3919514459518 413.023584889476
2286000 159.443453492591 156.415617336982 97.4906273391269 413.349698168699
2287000 159.565575944356 156.439437133437 97.4010767768057 413.406089854598
2288000 159.753144572372 156.504147733515 97.5626485880439 413.819940893932
2289000 160.13635506753 156.48101334893 97.6189527481874 414.236321164648
2290000 160.06591843652 156.81601724798 97.6085162110949 414.490451895595
2291000 159.813205367812 157.148432282403 97.851718662733 414.813356312948
2292000 159.969161040745 157.045590194972 97.8742374864938 414.888988722211
2293000 160.197903135716 156.973398524515 98.0193618564322 415.190663516663
2294000 160.422830512569 157.411516509421 98.3273959785775 416.161743000568
2295000 160.502682856003 157.184347469324 98.4710409517641 416.158071277091
2296000 160.783755514818 157.25833900423 98.371201974972 416.41329649402
2297000 160.856721442202 157.439854630581 98.2200351197099 416.516611192492
2298000 160.480924500367 157.42732951716 98.2530392392411 416.161293256768
2299000 160.378723736525 157.720871174031 97.9236754956665 416.023270406222
2300000 160.556143254759 157.902676313987 98.2159578970476 416.674777465793
2301000 161.022891942832 157.89543568445 98.4392611333432 417.357588760625
2302000 160.840166809619 158.098108318902 98.3907730122517 417.329048140772
2303000 160.968344673064 158.31217316017 98.4351123119761 417.71563014521
2304000 161.125283950148 158.100559232626 98.5715666183656 417.797409801139
2305000 161.383724206509 158.327467856164 98.6902472296061 418.401439292279
2306000 161.487012826548 158.327406325532 98.6999461193891 418.514365271468
2307000 161.012561084044 158.24555752275 98.9025198291961 418.160638435991
2308000 161.315420178121 158.552837892528 98.9171546496909 418.785412720341
2309000 161.378830330793 158.471772804761 98.7319560558773 418.582559191432
2310000 161.291052117324 158.541297493369 98.8356307606012 418.667980371294
2311000 161.56613370937 158.613683951032 98.8112475639524 418.991065224354
2312000 161.497581407105 158.46553081291 99.0183975145022 418.981509734517
2313000 161.578976766605 158.544708684215 99.0758040738392 419.199489524659
2314000 161.683392154697 158.470758421828 99.2414666884571 419.395617264982
2315000 161.31338003936 158.735563927314 99.1249598121713 419.173903778845
2316000 161.626241649786 158.832218556302 99.2363767825392 419.694836988627
2317000 161.578255676141 159.033464466911 99.2419377597108 419.853657902763
2318000 161.778130093494 158.915973879621 99.3597384007913 420.053842373906
2319000 162.019637152986 158.949672065338 99.3223599610631 420.291669179386
2320000 161.891691059929 158.875672314997 99.3193896773877 420.086753052314
2321000 161.819842735698 158.970819911302 99.2232628012359 420.013925448236
2322000 162.03355763615 159.110153440184 99.3564442934098 420.500155369744
2323000 162.158904580206 159.090706532114 99.4971908248427 420.746801937163
2324000 162.053884641101 159.091508792713 99.327092085187 420.472485519002
2325000 162.407911014981 159.268220684163 99.4756033726206 421.151735071764
2326000 162.283271768581 159.627303635877 99.3171102410101 421.227685645467
2327000 162.400781229092 159.548422157929 99.3667140116371 421.315917398657
2328000 162.616292957926 159.768363401752 99.5362687697852 421.920925129463
2329000 162.70751819147 159.859678959406 99.5912772126081 422.158474363484
2330000 162.585316352615 160.012156981579 99.3900113278718 421.987484662066
2331000 162.599601850618 159.913281970789 99.7019881199866 422.214871941393
2332000 162.751179118414 159.740542489726 99.7275600391358 422.219281647276
2333000 162.756571711055 160.092208759944 99.7976418389227 422.646422309922
2334000 162.973660630417 160.072285396426 99.9073176741752 422.953263701018
2335000 163.200464977115 160.278285476859 99.8154782156063 423.29422866958
2336000 163.259263932472 160.21455973823 100.08319911183 423.557022782532
2337000 163.144106889429 160.483940520232 100.01132428922 423.639371698881
2338000 163.344105391498 160.343942023149 100.112409923505 423.800457338152
2339000 163.224543576901 160.510355922591 100.210013505569 423.944913005061
2340000 163.090009068228 160.733348180936 100.302175570907 424.12553282007
2341000 163.103058822639 160.577437796832 100.132564416084 423.813061035555
2342000 163.278255828107 160.611112375462 100.183499647036 424.072867850606
2343000 163.297536793125 160.805610417789 100.017760809533 424.120908020447
2344000 163.347958614179 160.829927158933 100.210046042934 424.387931816046
2345000 163.184464485514 161.099246044229 100.133064279707 424.41677480945
2346000 163.156390933908 161.256393437118 100.236656314726 424.649440685752
2347000 163.554337028327 161.171710100714 100.142428075776 424.868475204818
2348000 163.402854688225 161.217142961063 99.9698958779757 424.589893527263
2349000 163.802611289405 161.33018640578 100.264921178756 425.397718873941
2350000 163.951320931463 161.212111179191 100.12522360424 425.288655714893
2351000 164.044886269383 161.624231796317 100.218373617538 425.887491683238
2352000 163.903224370808 161.739270953271 100.318479407352 425.960974731431
2353000 163.884722668541 161.285645469243 100.18113535806 425.351503495845
2354000 163.751998054497 161.555241103416 100.057697754968 425.364936912881
2355000 163.795899577167 161.659589881585 100.384813506764 425.840302965515
2356000 163.945608217329 161.685564509583 100.305636048404 425.936808775316
2357000 163.868457409634 161.769381058512 100.310772709572 425.948611177717
2358000 163.695722602336 161.898480739945 100.381337320115 425.975540662396
2359000 163.947056791288 162.095219094038 100.423253493883 426.465529379209
2360000 164.148711752202 162.494003078001 100.269481779415 426.912196609618
2361000 163.961264609275 162.618331014058 100.459301491415 427.038897114747
2362000 164.033493007301 162.463866929407 100.741252575865 427.238612512573
2363000 164.224047288971 162.542246850959 100.659907827216 427.426201967146
2364000 164.377590327715 162.65833108937 100.705124083199 427.741045500284
2365000 164.581825474497 162.685180753691 100.642848962139 427.909855190327
2366000 164.606672670496 162.892095454604 100.925500476816 428.424268601915
2367000 164.584244963255 163.146981596024 100.637375469882 428.368602029161
2368000 164.511691123243 162.900544863791 100.72760660227 428.139842589304
2369000 164.767624765286 162.860912674429 100.920252464596 428.548789904312
2370000 164.495728427223 163.212681662054 100.946813213725 428.655223303002
2371000 164.810418309003 162.919078107487 101.150901756227 428.880398172718
2372000 164.85151563773 162.925232925966 101.142104835996 428.918853399692
2373000 164.912055743385 163.173801277077 101.201512530139 429.287369550601
2374000 165.353030047383 163.256701601843 101.217825950314 429.82755759954
2375000 165.417352145591 163.365005217863 101.210294677236 429.992652040691
2376000 165.5594714822 163.434868254851 101.285509279069 430.279849016121
2377000 165.663938323841 163.643054983328 101.637134240708 430.944127547876
2378000 165.546807061809 163.716042295247 101.738219962178 431.001069319234
2379000 165.764109653231 163.387039205847 101.833886362992 430.98503522207
2380000 165.879580802611 163.446954762601 101.754084883936 431.080620449147
2381000 165.761198912017 163.569565208515 101.536328349082 430.867092469613
2382000 165.884239440991 163.923515221839 101.663002667619 431.470757330449
2383000 165.897229189446 163.803219818138 101.718283439757 431.41873244734
2384000 165.868686332747 163.960300248167 101.840825149779 431.669811730693
2385000 165.882615874424 164.04017530245 102.015410251977 431.938201428851
2386000 165.762181884579 164.12561158277 102.099357081341 431.98715054869
2387000 166.29241842682 164.02072584107 102.141020143661 432.454164411551
2388000 166.459614573322 164.179196500478 101.955141502315 432.593952576115
2389000 166.273260327819 164.553232985794 102.059955586472 432.886448900084
2390000 166.404713343066 164.493822637055 101.962313694577 432.860849674698
2391000 166.756111716288 164.522664989365 102.08403359177 433.362810297423
2392000 166.735650488632 164.653500510326 102.149444258398 433.538595257357
2393000 166.819218066468 164.602317546124 102.305461352428 433.72699696502
2394000 166.844030223495 164.813031991403 102.207217235069 433.864279449967
2395000 167.184610548711 165.160841131338 102.286994575449 434.632446255499
2396000 167.358739353275 165.07199516962 102.245831646017 434.676566168912
2397000 167.151446793163 165.140272060335 102.182833322395 434.474552175893
2398000 167.491744161337 164.991961015371 102.466345184923 434.950050361632
2399000 167.567033595838 165.053468965578 102.234098265509 434.854600826925
2400000 167.412745996915 165.049842729519 102.39973995321 434.862328679644
2401000 167.552188859694 164.98965944246 102.204448214424 434.746296516579
2402000 167.666810845124 164.730388460721 102.327433938354 434.724633244198
2403000 168.040804175474 164.788688028816 102.201520054747 435.031012259036
2404000 168.14670654758 164.879176064291 102.338556181444 435.364438793315
2405000 168.374861381824 165.24925349664 102.191816413884 435.815931292349
2406000 168.823723878398 165.315549335001 102.054885171498 436.194158384897
2407000 168.926433673723 165.437739277906 102.229577439017 436.593750390646
2408000 168.728930025998 165.726279746183 102.483473131974 436.938682904156
2409000 169.07115279514 165.512872513907 102.348662596568 436.932687905614
2410000 168.945633347896 165.44244047222 102.384753966345 436.772827786461
2411000 169.420503268616 165.453479317146 102.424093712452 437.298076298214
2412000 169.44482976375 165.572290942643 102.434481718297 437.45160242469
2413000 169.320671828382 165.706354393997 102.219499621649 437.246525844028
2414000 169.535507120312 165.652233958421 102.525414865282 437.713155944015
2415000 169.760225840617 165.559454902429 102.55737675807 437.877057501116
2416000 169.909671747084 165.830259997587 102.65253739356 438.392469138231
2417000 170.209128242709 165.717092970597 102.884104205601 438.810325418908
2418000 170.329703751393 165.726531207171 102.522940792811 438.579175751375
2419000 170.512793807676 165.999145914307 102.820940858578 439.332880580561
2420000 170.941070228697 165.762306195246 102.600649248299 439.304025672241
2421000 170.987626467203 165.743627614324 102.920877869733 439.65213195126
2422000 171.051796927344 165.889297130305 102.727730679717 439.668824737365
2423000 171.169562999699 165.958063735019 102.969992958351 440.097619693069
2424000 171.046890223358 166.056689870584 102.994737443068 440.09831753701
2425000 171.416217915161 166.251865469264 103.014801987209 440.682885371634
2426000 171.325966682092 166.306623917283 102.96104569304 440.593636292415
2427000 171.325233900685 166.888913177767 102.86296288452 441.077109962972
2428000 171.929174600315 166.805676028508 102.734249820617 441.46910044944
2429000 171.735902204469 166.781915489652 102.764472988058 441.282290682179
2430000 171.945333005348 166.918575269233 102.882134573859 441.74604284844
2431000 171.815508435264 167.25236012091 103.15912244816 442.226991004334
2432000 171.980646437234 167.373623388205 103.203070337006 442.557340162446
2433000 172.130546563362 167.1173865299 103.123576834934 442.371509928196
2434000 172.333737368574 167.350017551203 103.163655991976 442.847410911752
2435000 172.478106576759 167.152706516335 103.212784077727 442.84359717082
2436000 172.693382529921 167.086791116029 103.023891839313 442.804065485263
2437000 172.986250678124 167.295972249569 103.227604328479 443.509827256172
2438000 172.78913024579 167.535376944434 103.332173323822 443.656680514045
2439000 173.040694036427 167.504767501971 103.475452748909 444.020914287307
2440000 173.018344285707 167.618764844491 103.235313355838 443.872422486036
2441000 173.044881245051 167.677593045219 103.415568264494 444.138042554764
2442000 173.195294756964 167.49107667988 103.245270087449 443.931641524293
2443000 173.237050546653 167.952291099368 103.442079372398 444.631421018419
2444000 173.428846058951 167.947553878641 103.413097002263 444.789496939856
2445000 173.572225517762 167.976261819761 103.498341133526 445.046828471049
2446000 173.736202643599 167.932895146898 103.493917089121 445.163014879618
2447000 173.649590102568 168.38131402729 103.493051119663 445.52395524952
2448000 173.67866336389 168.311380960012 103.590008742527 445.580053066429
2449000 173.411641358737 168.381072819494 103.633360539145 445.426074717376
2450000 173.622951330316 168.685864192665 103.616790066395 445.925605589376
2451000 173.61923898752 168.799786196038 103.628454700328 446.047479883886
2452000 173.540450293615 169.061420328648 103.798887505995 446.400758128257
2453000 173.50651285758 168.925614063503 103.816731012363 446.248857933446
2454000 173.724258444289 168.980005469814 103.966847297431 446.671111211534
2455000 174.066218129904 169.11468889094 103.916676325616 447.097583346459
2456000 173.876049895661 169.304263709353 103.85903401946 447.039347624474
2457000 174.179569511831 169.174562221525 103.986126718551 447.340258451908
2458000 174.201321386562 169.372420650728 103.824145625358 447.397887662648
2459000 174.320760710928 169.805504510858 103.986641990724 448.112907212511
2460000 174.367779771196 169.738181277439 104.183330315373 448.289291364007
2461000 174.482657137682 169.967279762294 104.32678945108 448.776726351056
2462000 174.607777468019 170.208713180894 104.253339434016 449.069830082929
2463000 174.53094207497 170.187476170112 104.122850552388 448.841268797471
2464000 175.02790907149 170.362193336503 104.370298954455 449.760401362449
2465000 174.849573062734 170.474125817161 104.521801079452 449.845499959347
2466000 175.062716885689 170.679902386622 104.742541668215 450.485160940526
2467000 174.975206376795 170.18721236826 104.618769924374 449.781188669429
2468000 174.873503307579 170.39624363442 104.595108914105 449.864855856104
2469000 174.827844360209 170.568604904472 104.584257202561 449.980706467243
2470000 174.838176897762 170.570459599862 104.608682835567 450.017319333191
2471000 175.013309514178 170.133420925169 104.686104819701 449.832835259048
2472000 175.078918435427 170.258044400321 104.818159596526 450.155122432275
2473000 174.925927853175 170.603830567851 104.789044005173 450.318802426199
2474000 175.134950399965 170.541296233406 104.758453599405 450.434700232777
2475000 175.212951153462 170.972091505966 104.974069611129 451.159112270557
2476000 175.186494784028 170.841325341281 104.694614200487 450.722434325796
2477000 175.432401445358 170.851847710548 104.811752862697 451.096002018603
2478000 175.43263031956 171.204550530643 104.934616800849 451.571797651051
2479000 175.399368300426 170.995021051516 105.242731268194 451.637120620136
2480000 175.770124962519 171.096902372272 105.266889293592 452.133916628383
2481000 175.638079247986 171.176038937238 105.352855068993 452.166973254217
2482000 175.976878905174 171.576319258118 105.150323691015 452.703521854307
2483000 176.297703425325 171.405723153567 105.248572236296 452.951998815188
2484000 176.385746789348 171.378955889991 105.226539065552 452.991241744891
2485000 176.513679355043 171.363074654472 105.240361678103 453.117115687618
2486000 176.66853374156 171.501798093329 105.339915429386 453.510247264275
2487000 176.634338043979 171.590490422196 105.249047513156 453.47387597933
2488000 176.791277024077 171.639458474355 105.386443368005 453.817178866438
2489000 176.962052436604 171.643543049078 105.347888439467 453.953483925148
2490000 177.270921108807 171.587092220078 105.359076551429 454.217089880313
2491000 177.145835793929 171.872674582319 105.318384343638 454.336894719886
2492000 177.281268079755 171.875556197132 105.391372607934 454.54819688482
2493000 177.366059952078 171.957286703947 105.500463337104 454.823809993129
2494000 177.223086552703 172.34865278629 105.693624584761 455.265363923754
2495000 177.193580472784 172.437204139456 105.690318497724 455.321103109965
2496000 177.197127692912 172.586852577595 105.968443604328 455.752423874834
2497000 176.821557347641 172.504559643261 106.030890392767 455.357007383669
2498000 177.107816346418 172.369198184979 106.340311526522 455.817326057919
2499000 177.427282919679 172.693005307372 106.362936611859 456.48322483891
2500000 177.609560655829 172.583158046014 106.208450398778 456.401169100621
2501000 177.746275656156 172.781092997782 106.302048389758 456.829417043696
2502000 177.350254808685 172.758680603488 106.275083453388 456.384018865561
2503000 177.47427273772 172.849411844006 106.289641897116 456.613326478842
2504000 177.781304713176 172.858373975636 106.261690733819 456.901369422631
2505000 177.671699026213 172.977052355076 106.038716706593 456.687468087881
2506000 177.824848707448 172.707014317957 106.304737870529 456.836600895934
2507000 177.831782077921 172.737037769638 106.1813453057 456.750165153259
2508000 177.762960051682 172.838592802458 106.182906617032 456.784459471171
2509000 178.125976501991 172.955033961638 106.123482218486 457.204492682115
2510000 178.204809023756 173.151588296754 106.214892009158 457.571289329668
