# Fix print output for fix 2
10000 1.56861648195691e-33 1.56861648195691e-33 8.07962977526367e-28 8.07966114759331e-28
11000 0.312741968403904 0.314082907782239 0.320343574515499 0.947168450701641
12000 0.453307785127812 0.444256748785033 0.460288418990697 1.35785295290354
13000 0.581027985881703 0.569355394844883 0.590280115238467 1.74066349596505
14000 0.708825544036525 0.681909111437041 0.706657219340924 2.09739187481449
15000 0.837127425088094 0.807545338893804 0.835522681042051 2.48019544502395
16000 0.969479832331825 0.933197490943869 0.962800167380446 2.86547749065614
17000 1.09456273096697 1.04178600074854 1.07550032215293 3.21184905386845
18000 1.21899449293264 1.15757749223132 1.20042574540198 3.57699773056594
19000 1.3496938463962 1.28355458881235 1.3211218634036 3.95437029861215
20000 1.46791075128427 1.39922243229428 1.44023154206158 4.30736472564013
21000 1.59024657075787 1.51740259460278 1.56364397690304 4.67129314226369
22000 1.70441714687587 1.62214477046588 1.67570357383596 5.00226549117771
23000 1.82640571826326 1.73237450909823 1.78673395634995 5.34551418371145
24000 1.94432438322488 1.84688819313744 1.91386398640836 5.70507656277068
25000 2.07914072787244 1.96995727937906 2.04432064231603 6.09341864956754
26000 2.19159303098188 2.08353352399439 2.15692008764325 6.43204664261953
27000 2.30868136452168 2.19045276044413 2.26572360596622 6.76485773093203
28000 2.41637786098775 2.29922415590928 2.37109285787102 7.08669487476805
29000 2.55316127129705 2.42257308529472 2.49844982674801 7.47418418333977
30000 2.65250218324524 2.52673149100419 2.61197340542999 7.79120707967942
31000 2.77076240922758 2.63353572204266 2.71826991330774 8.12256804457798
32000 2.89251408010233 2.7470710036525 2.83969386272418 8.479278946479
33000 3.01139325465907 2.85857404617958 2.95424028591208 8.82420758675074
34000 3.1450645247865 2.96416333582764 3.07379044957738 9.18301831019152
35000 3.268856959134 3.07543971718788 3.19703242679215 9.54132910311403
36000 3.38961829440014 3.18735282779027 3.3075648585624 9.88453598075281
37000 3.50545553880198 3.29101359425089 3.41124701622532 10.2077161492782
38000 3.61392225009071 3.39464411785331 3.52343142086796 10.531997788812
39000 3.73605308034396 3.49222777770754 3.62708880807624 10.8553696661277
40000 3.84631798512431 3.60223165156578 3.72676689447227 11.1753165311624
41000 3.96313487619639 3.70455794869915 3.83981112811153 11.5075039530071
42000 4.0768811181191 3.8067600438883 3.95736372806313 11.8410048900705
43000 4.19226535162194 3.9207091663561 4.07376280371775 12.1867373216958
44000 4.32396048558148 4.03204533281271 4.18231122002508 12.5383170384193
45000 4.45121717327521 4.14648491452626 4.30171422417161 12.8994163119731
46000 4.58250514474274 4.27126092103723 4.41455255381408 13.268318619594
47000 4.68714903317319 4.3702597376387 4.50313512852435 13.5605438993362
48000 4.80045524986092 4.47951436255914 4.60703262992189 13.8870022423419
49000 4.91551242394077 4.58893222821303 4.72921646694916 14.233661119103
50000 5.03419473896784 4.70026184186852 4.84831686937611 14.5827734502125
51000 5.16749534462589 4.81643708374219 4.95835517568477 14.9422876040529
52000 5.2720633517754 4.9126649438957 5.07213645965375 15.2568647553248
53000 5.38638226326477 5.01357137956848 5.17653386770804 15.5764875105413
54000 5.50293987089623 5.10784665336467 5.28750506177257 15.8982915860335
55000 5.63872003704902 5.21710295138259 5.40596535558769 16.2617883440193
56000 5.75958452375028 5.31130182442096 5.5123026480001 16.5831889961713
57000 5.86396615826762 5.42125880936509 5.61608447990942 16.9013094475421
58000 5.98637914146644 5.52465565266161 5.74328236929591 17.254317163424
59000 6.09750075075462 5.63847382083711 5.85065026624923 17.586624837841
60000 6.21050806885894 5.74342170430362 5.95811752021795 17.9120472933805
61000 6.33723204164345 5.8455829001603 6.05698313652186 18.2397980783256
62000 6.46465162485593 5.96575564003799 6.19165209911458 18.6220593640085
63000 6.59031882346834 6.07090737154509 6.30204616459918 18.9632723596126
64000 6.70662372677775 6.18067199646995 6.40653448978989 19.2938302130376
65000 6.83031558581656 6.30061753116569 6.5139523485929 19.6448854655752
66000 6.92804013464088 6.41250586668368 6.60716521222053 19.9477112135451
67000 7.05233555616116 6.5148256342125 6.72842375968389 20.2955849500576
68000 7.16824829437468 6.61941436970856 6.8415548127362 20.6292174768194
69000 7.30315889525714 6.73361821645965 6.95090163200362 20.9876787437204
70000 7.41220227930418 6.8238738077001 7.05561956439738 21.2916956514017
71000 7.51108106384942 6.94045097680312 7.17495650104602 21.6264885416986
72000 7.64343430619231 7.03685939339088 7.282828176614 21.9631218761972
73000 7.76311516868385 7.14146929896255 7.40409033023443 22.3086747978808
74000 7.87543948097202 7.24696376533389 7.51639396439668 22.6387972107026
75000 7.98262401246388 7.33864377260723 7.62895448480766 22.9502222698788
76000 8.10578739523024 7.43716215638978 7.74721020544585 23.2901597570659
77000 8.21685554277408 7.53623970070908 7.85001394900992 23.6031091924931
78000 8.32980833898743 7.65210091830488 7.98525742335613 23.9671666806484
79000 8.43673075312282 7.74001609279524 8.09286103029446 24.2696078762125
80000 8.54628249948099 7.84069073158656 8.18283608381172 24.5698093148793
81000 8.65981019602289 7.94603433132272 8.32324878798957 24.9290933153352
82000 8.78709317676104 8.05690170789004 8.44769100226306 25.2916858869141
83000 8.90396551097401 8.17371035300676 8.5584313600429 25.6361072240237
84000 9.00546979340124 8.27199386957749 8.64888354449382 25.9263472074726
85000 9.11248340022627 8.37566966367139 8.76113576316953 26.2492888270672
86000 9.23200440437071 8.47104567844523 8.86876555664803 26.571815639464
87000 9.3484536746534 8.58420813406773 8.97596972383469 26.9086315325558
88000 9.47232585475876 8.6842790480039 9.0901108305751 27.2467157333378
89000 9.60797932003253 8.81225070920514 9.18584118621005 27.6060712154477
90000 9.70602433355493 8.90508286046693 9.29742553092752 27.9085327249494
91000 9.8236354725585 9.00370396211845 9.39268208984275 28.2200215245197
92000 9.96293306446295 9.11014631569475 9.51593020663838 28.5890095867961
93000 10.0723714627047 9.21338586926472 9.60724437571175 28.8930017076811
94000 10.1730904200692 9.3205899654486 9.72167094180999 29.2153513273278
95000 10.3033287827051 9.42664757606615 9.82081395785889 29.5507903166302
96000 10.4139422187407 9.50543240433962 9.91837450872361 29.8377491318039
97000 10.5179223329593 9.60027208229382 10.0099996568565 30.1281940721097
98000 10.6106655247574 9.71198037382681 10.1113874997002 30.4340333982844
99000 10.7418292702974 9.81318284144988 10.2145874073377 30.769599519085
100000 10.8447981983781 9.92197047005809 10.3340829324485 31.1008516008847
101000 10.9623072380388 10.0378390124772 10.4357216536477 31.4358679041638
102000 11.0748185967197 10.1499762391436 10.5714719755618 31.7962668114251
103000 11.1790614655961 10.2488532374002 10.6631043082437 32.09101901124
104000 11.2813026481075 10.36011375261 10.7680367523996 32.4094531531171
105000 11.4124433296584 10.4303561823942 10.8715922891661 32.7143918012186
106000 11.5267402964204 10.5255542175644 10.9798041944537 33.0320987084385
107000 11.6457539283567 10.6155452458272 11.0744551724888 33.3357543466727
108000 11.752974728934 10.7335422569526 11.1890501162104 33.6755671020971
109000 11.8643353982966 10.8318441374654 11.2804587949526 33.9766383307147
110000 11.9815017587226 10.9292239343755 11.4088677278518 34.3195934209498
111000 12.1009549432055 10.9975213770306 11.4938194856096 34.5922958058457
112000 12.2271423437429 11.111884309643 11.6220472861844 34.9610739395703
113000 12.3315785544499 11.2098560528898 11.7203538046291 35.2617884119688
114000 12.4707961540079 11.3155707625708 11.8175565755061 35.6039234920849
115000 12.5805249664679 11.4178622252376 11.9201874785708 35.9185746702763
116000 12.6776915896378 11.5298763443518 12.0078799158839 36.2154478498735
117000 12.8058367857949 11.6240312967583 12.1477734334934 36.5776415160466
118000 12.8946258620601 11.7444223217803 12.2495899991054 36.8886381829458
119000 13.0158429202782 11.8342906106551 12.361877320034 37.2120108509672
120000 13.1343172309844 11.9516138526764 12.4870270670563 37.5729581507172
121000 13.2310461768724 12.058088789618 12.5624928263019 37.8516277927923
122000 13.352739396412 12.1561756528156 12.684599186942 38.1935142361696
123000 13.4771604286998 12.2495023297858 12.7753471464342 38.5020099049197
124000 13.5900248749924 12.3430197597343 12.9258238789626 38.8588685136893
125000 13.7206400523347 12.4585537241773 13.0320444213297 39.2112381978417
126000 13.8371526204227 12.5693122084736 13.115295077497 39.5217599063932
127000 13.9654310231791 12.6668264899303 13.2160701695668 39.8483276826762
128000 14.0779365129186 12.7577225941293 13.3165903218468 40.1522494288947
129000 14.1864813920178 12.8453440213483 13.3988542765807 40.4306796899468
130000 14.2956148178097 12.9541568606367 13.5074165639716 40.757188242418
131000 14.3933938424218 13.0302004603652 13.6085306209403 41.0321249237273
132000 14.5073648511286 13.1426272935184 13.7219111393817 41.3719032840286
133000 14.6174955892465 13.2473536596904 13.8196696412411 41.684518890178
134000 14.7648979619218 13.3441655676139 13.9270110112937 42.0360745408294
135000 14.8915694334338 13.4476385571469 14.0258833072261 42.3650912978067
136000 14.9818247079894 13.5248660403939 14.1544947775766 42.6611855259598
137000 15.105297053233 13.6416591188176 14.2310524270722 42.9780085991228
138000 15.2040091828189 13.7316741861975 14.3410723471745 43.2767557161909
139000 15.3145678576435 13.834775124754 14.4499677565221 43.5993107389195
140000 15.4077847370101 13.920853887234 14.556003919121 43.8846425433651
141000 15.5267262422848 14.0421876455065 14.6478015040222 44.2167153918134
142000 15.6411593657748 14.1420094756049 14.7386901534585 44.5218589948382
143000 15.7651634513271 14.2471382363232 14.8463928850428 44.8586945726931
144000 15.8660202685682 14.3416703564813 14.9470891999245 45.1547798249739
145000 15.994117648347 14.4287467721829 15.0535690628615 45.4764334833914
146000 16.0860416214111 14.5630261180759 15.1615415443276 45.8106092838146
147000 16.2124968041969 14.6508841673714 15.2366664464444 46.1000474180127
148000 16.3108955922133 14.7492568194435 15.3412711804716 46.4014235921284
149000 16.415497037307 14.8414791234116 15.4410828261152 46.6980589868337
150000 16.5228935429657 14.9484434269402 15.562542930968 47.0338799008739
151000 16.6357445201079 15.043373764263 15.6652715871129 47.3443898714838
152000 16.7125797166951 15.1388424162781 15.757717767245 47.6091399002182
153000 16.8473810242042 15.198821373139 15.8325530800293 47.8787554773725
154000 16.9544905439149 15.313141851552 15.9375891903192 48.2052215857861
155000 17.0481123811232 15.4142801553368 16.0455351601452 48.5079276966053
156000 17.1547723825998 15.5082041871556 16.1562991312945 48.8192757010499
157000 17.255297833948 15.6216583200904 16.2773531451702 49.1543092992085
158000 17.3564552073161 15.7115404729553 16.383146763982 49.4511424442533
159000 17.4712622886896 15.8022409309903 16.4746244754718 49.7481276951517
160000 17.5726467019985 15.9083109861178 16.5653774389751 50.0463351270914
161000 17.6791958893216 16.0140215446772 16.6592975091921 50.3525149431909
162000 17.7954276562495 16.1206127313142 16.7668018840731 50.6828422716369
163000 17.9200696219592 16.218862232472 16.8836060821637 51.022537936595
164000 18.0137075656685 16.3109750832393 16.9881547799562 51.312837428864
165000 18.1339837635117 16.4165676214529 17.1057636723416 51.6563150573061
166000 18.2402860682568 16.494149823329 17.1905646471089 51.9250005386947
167000 18.3414071742853 16.6095543532352 17.2805956925014 52.2315572200219
168000 18.4566215499858 16.7107923057804 17.3819118418273 52.5493256975935
169000 18.5469427583088 16.8109091127705 17.4839611471442 52.8418130182234
170000 18.6570927395825 16.8993489198966 17.5739150862264 53.1303567457055
171000 18.7763488374476 17.0098975493471 17.6713851526605 53.4576315394552
172000 18.8667697869977 17.120066386294 17.7634324051628 53.7502685784545
173000 18.9869109164928 17.1903481836266 17.8502150761974 54.0274741763167
174000 19.0811969486404 17.3100854848161 17.941104692084 54.3323871255405
175000 19.1966952230055 17.4172743960165 18.0400855356887 54.6540551547108
176000 19.3266351288123 17.49010086037 18.1406057705598 54.9573417597421
177000 19.4125637702229 17.6031585200799 18.2800967196967 55.2958190099995
178000 19.5135130942651 17.6932866437645 18.375661383195 55.5824611212246
179000 19.6249601811809 17.8082957510556 18.4717567029601 55.9050126351967
180000 19.7398962234047 17.8888408556209 18.5813495234235 56.2100866024491
181000 19.8344309131406 17.9756051083664 18.6393070477757 56.4493430692828
182000 19.955781961678 18.0209915713083 18.7720507791662 56.7488243121525
183000 20.0482585739635 18.107533976278 18.8722922026557 57.0280847528972
184000 20.2043836239214 18.2024079392907 18.9928275434772 57.3996191066894
185000 20.3013945230889 18.2848835016702 19.0643858492343 57.6506638739934
186000 20.4358495259816 18.4243403745105 19.176501495017 58.0366913955092
187000 20.5253301544729 18.4880863546074 19.2716018955868 58.285018404667
188000 20.636664883734 18.6152691907759 19.3808025388234 58.6327366133333
189000 20.748528427898 18.6942082587477 19.4742758450692 58.9170125317149
190000 20.8444087509018 18.7890137042642 19.5743885966549 59.2078110518209
191000 20.9546607968925 18.9118589110369 19.6766151791079 59.5431348870373
192000 21.0718370140357 19.0012021367314 19.785316140702 59.8583552914691
193000 21.1817062327451 19.1010324086297 19.8770577046274 60.1597963460022
194000 21.278910479896 19.2043557588587 19.978595311141 60.4618615498958
195000 21.3967535953904 19.2832503302045 20.0644833036762 60.7444872292711
196000 21.4817626398866 19.3783285963364 20.1251092183287 60.9852004545517
197000 21.5845124810922 19.4813970510312 20.2407908570167 61.30670038914
198000 21.6966689685386 19.56142637974 20.3607072761859 61.6188026244645
199000 21.8207112582601 19.672371205266 20.4707000728049 61.963782536331
200000 21.9279196655298 19.7604952113372 20.5575450555587 62.2459599324257
201000 22.0717586111887 19.8715250593214 20.6576838826694 62.6009675531796
202000 22.1843104546824 19.9750019884215 20.7441542025552 62.903466645659
203000 22.3087941619099 20.0710782226908 20.8637871932293 63.2436595778299
204000 22.4068464048364 20.1682781450443 20.9954685972022 63.570593147083
205000 22.5066729225845 20.2601995320612 21.0826876549742 63.8495601096198
206000 22.6118411754776 20.3905424576933 21.1811174583147 64.1835010914856
207000 22.7181447919939 20.4902889107481 21.311377704986 64.5198114077279
208000 22.8316490673312 20.5965839757869 21.4271489873783 64.8553820304964
209000 22.9164056018186 20.6723423243757 21.5013120817912 65.0900600079856
210000 23.0215009217548 20.7883642552174 21.5899590470604 65.3998242240326
211000 23.1355247957882 20.8867694636089 21.6940981635399 65.716392422937
212000 23.2341547459838 20.9948991922027 21.8074928170903 66.0365467552768
213000 23.3287538590106 21.0685325731079 21.9153558676681 66.3126422997866
214000 23.4248089002176 21.1634960952504 22.0135279946795 66.6018329901475
215000 23.5413491431264 21.2780711579765 22.1225607882608 66.9419810893637
216000 23.6750129102803 21.3818068317225 22.2309599821104 67.2877797241132
217000 23.7673872634654 21.492254251392 22.3271935364859 67.5868350513433
218000 23.89486494419 21.591329384464 22.41690517619 67.903099504844
219000 24.0136793832484 21.6838173228149 22.5169295073977 68.2144262134611
220000 24.1568093197899 21.8059043823322 22.6307011808475 68.5934148829696
221000 24.2171826799327 21.9138292531146 22.6966413179447 68.827653250992
222000 24.3501449617606 22.0008668808197 22.7984634075035 69.1494752500838
223000 24.4660797847709 22.1030310346501 22.9264296205853 69.4955404400063
224000 24.5794637624824 22.2025222369244 23.0134008453837 69.7953868447905
225000 24.7052974398636 22.2746487620938 23.1126174509501 70.0925636529076
226000 24.8061668344962 22.3655477015488 23.2202661311676 70.3919806672127
227000 24.8976513983316 22.4894058927718 23.3173257227841 70.7043830138875
228000 24.9963827820814 22.5860463717527 23.3986543863838 70.9810835402179
229000 25.1045065768479 22.68928371131 23.4963819600835 71.2901722482414
230000 25.194253945101 22.7616441346356 23.5962432664411 71.5521413461777
231000 25.3229131738938 22.8740612035603 23.6831481768482 71.8801225543023
232000 25.423736464435 22.9482744888298 23.8116204151889 72.1836313684538
233000 25.542502215994 23.0534620093035 23.8820372683644 72.4780014936619
234000 25.6630819843759 23.1676618217378 23.986546569254 72.8172903753676
235000 25.7745797944555 23.2570494549135 24.0505863712496 73.0822156206186
236000 25.8638315389948 23.3722333127532 24.1563389062973 73.3924037580453
237000 25.9896040194725 23.477693629735 24.2624702122775 73.7297678614851
238000 26.1334721921569 23.5903992584165 24.3719812010841 74.0958526516575
239000 26.2156862770268 23.6763423829714 24.4480855021732 74.3401141621714
240000 26.3494510088565 23.7712973169183 24.5178550462685 74.6386033720434
241000 26.4791140551494 23.8720619103204 24.609961584523 74.9611375499928
242000 26.5704998241549 23.9669026359093 24.7391916270805 75.2765940871446
243000 26.7207147233251 24.0620205564263 24.8276838882999 75.6104191680513
244000 26.8161462975577 24.1886564823384 24.8929143155943 75.8977170954904
245000 26.9074080364945 24.2599462521067 25.0450529791097 76.212407267711
246000 27.0089648068656 24.3722632047006 25.157002890595 76.5382309021612
247000 27.133168678059 24.4885430342843 25.2144331252507 76.836144837594
248000 27.2436763397375 24.557946672355 25.3192786003285 77.120901612421
249000 27.3806844742476 24.6600973464429 25.3824756115504 77.4232574322409
250000 27.4740722488208 24.7474395624721 25.4752847271915 77.6967965384844
251000 27.5785964093672 24.8502873449571 25.6182840824716 78.0471678367959
252000 27.6721962361499 24.9568573397586 25.6980711283021 78.3271247042106
253000 27.7529213730949 25.0696164829849 25.8197328939898 78.6422707500697
254000 27.8839726869806 25.1442092326008 25.9246040619648 78.9527859815462
255000 27.9778662842514 25.2281807957558 26.0396657709752 79.2457128509823
256000 28.0476064255464 25.3300715563904 26.1287469908505 79.5064249727874
257000 28.1627276377299 25.4397178493667 26.2585301387085 79.8609756258051
258000 28.2576081869949 25.5313587231492 26.3238446724319 80.112811582576
259000 28.4037420113455 25.6578429281806 26.4136198192929 80.4752047588189
260000 28.4840462557358 25.7503468421505 26.4643046786524 80.6986977765387
261000 28.5983531336761 25.8618719650451 26.5419306827639 81.0021557814851
262000 28.6933419914083 25.9550858726552 26.6421387851157 81.2905666491792
263000 28.8316175525096 26.045969108896 26.7417451647711 81.6193318261768
264000 28.9436175164321 26.1524628185603 26.872661563056 81.9687418980484
265000 29.0779727300044 26.2483479546816 26.9619414824804 82.2882621671664
266000 29.1841331097221 26.3302763000099 27.0657180847398 82.5801274944718
267000 29.3181385471389 26.4248759885046 27.1741630434379 82.9171775790814
268000 29.4270625052597 26.5149745736195 27.2660467957401 83.2080838746193
269000 29.5162335069813 26.6052166433975 27.3436585217122 83.465108672091
270000 29.6400999581552 26.7112239216194 27.4472587680487 83.7985826478233
271000 29.7335463718165 26.7933909916049 27.5406160116163 84.0675533750377
272000 29.8442060615999 26.88946339175 27.6021102717121 84.335779725062
273000 29.9720987458163 26.9833690143997 27.6971657450042 84.6526335052202
274000 30.0787790749624 27.0681963616814 27.8441474031255 84.9911228397693
275000 30.1919879858547 27.1472757250186 27.9531607476855 85.2924244585588
276000 30.2693248420068 27.2145525776214 28.0619731614397 85.5458505810679
277000 30.3892960935367 27.3353566200983 28.1413621770895 85.8660148907245
278000 30.5335684880578 27.4364603459668 28.2453584224372 86.2153872564618
279000 30.6608862194082 27.5427381014305 28.3499450385174 86.5535693593561
280000 30.7675483111963 27.6398265064411 28.4469396921238 86.8543145097611
281000 30.8908601998749 27.772103389481 28.560795169583 87.2237587589389
282000 30.9940578244929 27.8505147489996 28.6777361941231 87.5223087676156
283000 31.1131675076412 27.9221091382958 28.7576170252539 87.7928936711909
284000 31.2020775348535 28.0254694600782 28.8649294809574 88.0924764758892
285000 31.3199797458702 28.1123285548677 28.9539469387484 88.3862552394863
286000 31.4250720720654 28.185883724657 29.0605730059789 88.6715288027014
287000 31.5452134510385 28.2735984965182 29.1417585732042 88.9605705207608
288000 31.6494089106749 28.352949549242 29.2323047080445 89.2346631679614
289000 31.7451259794464 28.4322306153246 29.3282368356944 89.5055934304655
290000 31.8551250246708 28.5334693147486 29.4263993410673 89.8149936804867
291000 31.9475035519095 28.6108848110387 29.5291558292348 90.0875441921831
292000 32.0405934296892 28.7002002709699 29.6209255019733 90.3617192026325
293000 32.1530169381707 28.7851295083877 29.7350296727361 90.6731761192944
294000 32.247045640519 28.9080683615579 29.8464623627005 91.0015763647773
295000 32.3699856547813 29.0086930031278 29.9254255412703 91.3041041991794
296000 32.4631025247494 29.1083865616383 30.0275690655622 91.5990581519498
297000 32.6301261453389 29.1947169235582 30.1406876541763 91.9655307230734
298000 32.7505226721391 29.2856341822207 30.2685111047704 92.3046679591302
299000 32.8721236740917 29.3869755291626 30.3632565072114 92.6223557104656
300000 32.9873095516689 29.4307848750499 30.4646824739053 92.8827769006241
301000 33.1286180048816 29.5406643280635 30.567390567211 93.236672900156
302000 33.1989695522328 29.617797689205 30.6588190439704 93.4755862854082
303000 33.325797054327 29.7099912679775 30.820745616271 93.8565339385756
304000 33.4259867195947 29.8125069152077 30.9074040363633 94.1458976711657
305000 33.5399329951699 29.9380003061884 31.0509737729682 94.5289070743266
306000 33.681666489386 30.0052626264311 31.1404989156723 94.8274280314894
307000 33.7740858490635 30.1212802373129 31.2343952795616 95.1297613659381
308000 33.8614401283584 30.1994275147713 31.3281765164901 95.3890441596198
309000 33.9623897177245 30.3306105972813 31.4411244539711 95.734124768977
310000 34.1071427723989 30.3869175955362 31.522663430417 96.0167237983521
311000 34.2043090715755 30.5068700193031 31.6306722010307 96.3418512919093
312000 34.3237448300301 30.6076255133565 31.7436883518706 96.6750586952573
313000 34.448504909839 30.7002725036393 31.8379457933059 96.9867232067842
314000 34.5354317036558 30.8072740757388 31.9252729544198 97.2679787338145
315000 34.6682645726381 30.9261100520653 31.996510002092 97.5908846267954
316000 34.7853917490875 31.0199788837206 32.0921852330045 97.8975558658126
317000 34.855311324861 31.1184496241982 32.1995250717251 98.1732860207843
318000 34.9674378035767 31.2208905486718 32.3131810718405 98.501509424089
319000 35.0580569586323 31.3241343296627 32.3979755575543 98.7801668458493
320000 35.1831184310798 31.4061518774604 32.5061240755487 99.095394384089
321000 35.2786685497617 31.5136869169491 32.5891610027182 99.381516469429
322000 35.3943025682077 31.6103187392124 32.6999941269941 99.7046154344142
323000 35.4914424951405 31.7248227579358 32.8184433582519 100.034708611328
324000 35.6000367320881 31.8175530562049 32.9240919506031 100.341681738896
325000 35.7072481990465 31.9274988097405 33.0341883055588 100.668935314346
326000 35.7988467599705 31.9982529694276 33.1640096349648 100.961109364363
327000 35.90815601921 32.1125864119871 33.2637239796428 101.28446641084
328000 36.0306359173138 32.2202106037533 33.3602518312923 101.611098352359
329000 36.1262748161416 32.3089746208654 33.4664942867571 101.901743723764
330000 36.2628169044042 32.4106796337778 33.5673499689438 102.240846507126
331000 36.3431353461559 32.5292991953897 33.6606273470566 102.533061888602
332000 36.460544359096 32.5906729384118 33.7475299681347 102.798747265643
333000 36.5813387585653 32.7088534122611 33.80941068388 103.099602854706
334000 36.6678074028198 32.8048990509791 33.9187304329541 103.391436886753
335000 36.7981795886264 32.8577692241665 33.9991713033598 103.655120116153
336000 36.88758776375 32.9749777766912 34.1067458094058 103.969311349847
337000 37.0169760750589 33.0939715271599 34.2281561555475 104.339103757766
338000 37.1132028491272 33.1520042337841 34.3187326120926 104.583939695004
339000 37.236651962643 33.2773977991272 34.454566949214 104.968616710984
340000 37.3654259207849 33.3532904040799 34.4886115828442 105.207327907709
341000 37.4765036915845 33.4544453819569 34.5741302043015 105.505079277843
342000 37.5634248229667 33.5376416081497 34.702458535342 105.803524966458
343000 37.6974049050431 33.6613162431413 34.7924195449208 106.151140693105
344000 37.833072378061 33.718412411418 34.8648431646046 106.416327954083
345000 37.9188102896197 33.8160017236528 34.9811493238843 106.715961337157
346000 38.0523885471433 33.9276095092767 35.0811025121618 107.061100568582
347000 38.1616739698119 34.0113536344122 35.200388128308 107.373415732532
348000 38.2598735152788 34.1006807413137 35.3221794867361 107.682733743329
349000 38.3074034635377 34.1926850407851 35.3944367038074 107.89452520813
350000 38.4240265344331 34.2933372370044 35.4834984386888 108.200862210126
351000 38.5471760009343 34.3745626056771 35.5982993047449 108.520037911356
352000 38.6681582491016 34.4758303890087 35.7148452535142 108.858833891624
353000 38.7477586018255 34.5758624609983 35.8139816033886 109.137602666212
354000 38.8464281546465 34.6823358447002 35.9079223697971 109.436686369144
355000 38.9591918293714 34.7858346363362 36.0302239678216 109.775250433529
356000 39.0655553865453 34.8565935866929 36.1640504810727 110.086199454311
357000 39.1755200718946 34.9255863217361 36.2577779729827 110.358884366613
358000 39.3195142293718 35.0320562584445 36.3649928048802 110.716563292696
359000 39.411507927504 35.1160220957204 36.4935874774252 111.02111750065
360000 39.51972767887 35.2103255853533 36.5517809997051 111.281834263928
361000 39.6086108985809 35.2974736989111 36.6534613382411 111.559545935733
362000 39.7276442694846 35.3892967839481 36.7326197730515 111.849560826484
363000 39.8289638833381 35.4968107096591 36.81843415308 112.144208746077
364000 39.9765411954567 35.6177134785753 36.9039503475721 112.498205021604
365000 40.0845545808528 35.707142932574 37.0095584130946 112.801255926521
366000 40.1588553427437 35.7993095455269 37.0950790347237 113.053243922994
367000 40.2726188933728 35.8530992122275 37.1853380616188 113.311056167219
368000 40.3296781849704 35.9548011608933 37.2679405488381 113.552419894702
369000 40.4970278732236 36.0559900252665 37.3726810917572 113.925698990247
370000 40.6103357416173 36.1601154376734 37.4583420622949 114.228793241586
371000 40.745561809868 36.2620614461261 37.556164943257 114.563788199251
372000 40.8258810242799 36.372650175843 37.6218017424179 114.820332942541
373000 40.9591469462501 36.489144658098 37.7035856992547 115.151877303603
374000 41.0165628908766 36.6162757529219 37.8147014705171 115.447540114316
375000 41.1566957462834 36.6931170494982 37.9284522359902 115.778265031772
376000 41.2461795902124 36.8080986903007 38.0379570423269 116.09223532284
377000 41.4046388210257 36.8772194655309 38.1397214636997 116.421579750256
378000 41.506298167382 36.9594276019255 38.2137550065836 116.679480775891
379000 41.6109953381988 37.0947451944768 38.2951695679898 117.000910100665
380000 41.7014680230562 37.1925915913291 38.3869303227328 117.280989937118
381000 41.8221457311582 37.2908669782447 38.479465383717 117.59247809312
382000 41.9439898956219 37.3971677348816 38.5930304540303 117.934188084534
383000 42.0524007377033 37.4891212019062 38.6891958581589 118.230717797768
384000 42.1748031315771 37.6221819070317 38.799939242647 118.596924281256
385000 42.2615706088138 37.7244304760795 38.9368282409628 118.922829325856
386000 42.3758965113791 37.8345066777254 39.0281188833812 119.238522072486
387000 42.4931103065105 37.9411947382985 39.1104451443618 119.544750189171
388000 42.5708433011097 38.0049341335288 39.2440541192477 119.819831553886
389000 42.6926003098243 38.1199401469378 39.3384320633514 120.150972520113
390000 42.8197996145117 38.2191361257258 39.4711316252412 120.510067365479
391000 42.9576708214145 38.3367622794487 39.5196461129529 120.814079213816
392000 43.0901318774653 38.4131602014658 39.6481927965087 121.15148487544
393000 43.1628222142835 38.5162873511817 39.7520348414246 121.43114440689
394000 43.2747292215887 38.602223986727 39.8437444776476 121.720697685963
395000 43.3998898118654 38.6973695829455 39.9066868158639 122.003946210675
396000 43.5095899544444 38.7864082343541 40.0449850825822 122.340983271381
397000 43.6232551556235 38.8837209513359 40.1340466987506 122.64102280571
398000 43.732526480039 38.9737820655043 40.2707352010929 122.977043746636
399000 43.8100457626249 39.0595487191137 40.4063899301861 123.275984411925
400000 43.9037923171357 39.1812827491221 40.4940048908957 123.579079957154
401000 44.0140259061128 39.2469090085848 40.5950234602036 123.855958374901
402000 44.1053450714021 39.3569165627887 40.6759366881672 124.138198322358
403000 44.24802106332 39.458176668764 40.7892454844576 124.495443216542
404000 44.3402058668488 39.5345914892453 40.9253600008887 124.800157356983
405000 44.4597462301647 39.664694122919 41.0421671799087 125.166607532992
406000 44.5579506757469 39.7417663209979 41.1528490714257 125.45256606817
407000 44.6553069422131 39.8422357209423 41.2742834949505 125.771826158106
408000 44.7574895179044 39.9212853828956 41.3419127430479 126.020687643848
409000 44.9084192318039 40.0365799428435 41.4684191960017 126.413418370649
410000 45.0085069570164 40.12781349146 41.5852010123157 126.721521460792
411000 45.1113290948325 40.2289393000138 41.644406108851 126.984674503697
412000 45.1910688002945 40.301220028086 41.7578879631346 127.250176791515
413000 45.3399317725532 40.4142093308111 41.8499721724068 127.604113275771
414000 45.4411278653679 40.5412370914309 41.9790725028918 127.961437459691
415000 45.5711922208308 40.6277802968917 42.1016719766132 128.300644494336
416000 45.6870634992941 40.7190791642036 42.1767872133519 128.58292987685
417000 45.8122446039155 40.8283812720453 42.2787785560034 128.919404431964
418000 45.9552386449827 40.9358280776134 42.401174683611 129.292241406207
419000 46.0271642402115 41.0440615644678 42.4423661672367 129.513591971916
420000 46.1279593579522 41.1569441284289 42.5624617191437 129.847365205525
421000 46.2195025441057 41.2507207036503 42.6467545924981 130.116977840254
422000 46.3339379638509 41.3488886820612 42.7382778009841 130.421104446896
423000 46.4729742914493 41.4528201742824 42.8344524766299 130.760246942362
424000 46.5919829404711 41.5021746762271 42.948443355227 131.042600971925
425000 46.7013971377912 41.6392229233794 43.0364113435346 131.377031404705
426000 46.7880413317775 41.7444047548586 43.0976881627317 131.630134249368
427000 46.9023650776796 41.8409243282268 43.1698435360483 131.913132941955
428000 46.9999113971818 41.959573770065 43.2741852862591 132.233670453506
429000 47.1664874137073 42.0574425003553 43.384062119934 132.607992033997
430000 47.2681817325475 42.1409501004647 43.4872484806736 132.896380313686
431000 47.3435919361569 42.2204016465727 43.6335035468735 133.197497129603
432000 47.4671801155397 42.3556105724342 43.7501698538395 133.572960541813
433000 47.5601794053033 42.4638879285816 43.8145650157709 133.838632349656
434000 47.6955440772383 42.5854126936181 43.9126577770802 134.193614547937
435000 47.7981813413996 42.6847968751206 44.0074662660662 134.490444482586
436000 47.9234149327162 42.7728752185738 44.1185768833076 134.814867034598
437000 48.0067047951239 42.8744208106842 44.2308027863087 135.111928392117
438000 48.1232649162684 42.9343069791598 44.3124647788811 135.370036674309
439000 48.2442352852844 43.0065056655061 44.4075635365543 135.658304487345
440000 48.3583110784898 43.1309229996446 44.5066113730061 135.995845451141
441000 48.4406371492406 43.2075343752816 44.5969751933213 136.245146717843
442000 48.538691147989 43.2842886977637 44.6877136417215 136.510693487474
443000 48.6497162812134 43.3616856766881 44.8202286269381 136.83163058484
444000 48.8122157782728 43.4552905528767 44.9655678898668 137.233074221016
445000 48.8863222766167 43.56852655513 45.0521339758496 137.506982807596
446000 48.9696500238267 43.671322306405 45.1592431923393 137.800215522571
447000 49.0774282089105 43.7635429494644 45.3054574421906 138.146428600565
448000 49.2060575978932 43.8555195004484 45.3621395491157 138.423716647457
449000 49.3211125341582 43.9510547873275 45.4598859905609 138.732053312047
450000 49.4150120586636 44.0449571562316 45.5380761127303 138.998045327625
451000 49.5067739095758 44.1475642003573 45.6612971630142 139.315635272947
452000 49.6456288644871 44.2470752723433 45.7670700646717 139.659774201502
453000 49.7830773051435 44.3948311101065 45.8773797266166 140.055288141867
454000 49.9158266124081 44.4319091936063 45.9589239039262 140.306659709941
455000 49.9901439295448 44.56863736003 46.0618245999142 140.620605889489
456000 50.0881670465973 44.6447514808482 46.1550723755139 140.887990902959
457000 50.2036143136864 44.7142919818225 46.2437905989043 141.161696894413
458000 50.2531794032879 44.8201791318602 46.3521536987787 141.425512233927
459000 50.3538775399492 44.9005371459489 46.4606003677729 141.715015053671
460000 50.4648552240536 45.0094890490952 46.5363054578848 142.010649731034
461000 50.5678093322761 45.124378241127 46.6551853421523 142.347372915555
462000 50.6588407931833 45.2410467226786 46.7331147983419 142.633002314204
463000 50.804337452403 45.3357176323328 46.8577998226715 142.997854907407
464000 50.9132135273013 45.4326217291911 46.9493970180295 143.295232274522
465000 51.0263191408053 45.5043262157472 47.0571644035557 143.587809760108
466000 51.1198550111015 45.6517421194463 47.1498495418109 143.921446672359
467000 51.2441605652711 45.7215633594974 47.2332772291065 144.199001153875
468000 51.3689164009553 45.8194896482445 47.3416928848576 144.530098934057
469000 51.4933549071713 45.9371239458485 47.4617328466952 144.892211699715
470000 51.608309536221 46.0395413188127 47.5523511167182 145.200201971752
471000 51.6988689351281 46.109246492791 47.6737364761685 145.481851904088
472000 51.8002569695245 46.1913973608493 47.7672351402271 145.758889470601
473000 51.8987579097671 46.3053064945151 47.8237914492977 146.02785585358
474000 52.0338122513843 46.3755152326756 47.8827070070244 146.292034491084
475000 52.0951154862806 46.460007959634 48.0029605718189 146.558084017734
476000 52.2310487716638 46.5583997531556 48.0879583583542 146.877406883174
477000 52.3289584600202 46.6259407923623 48.2020103251461 147.156909577529
478000 52.4363838284076 46.6999279365233 48.2637930503284 147.400104815259
479000 52.5417613687958 46.7811860718179 48.3396169417061 147.66256438232
480000 52.6202464133174 46.8832778415668 48.4516708504844 147.955195105369
481000 52.7584260675259 46.9282227578688 48.5082058188942 148.194854644289
482000 52.8512471209076 47.0197795223652 48.6161425774244 148.487169220697
483000 52.9771424073931 47.1011052199519 48.666913012403 148.745160639748
484000 53.0617503298029 47.2016885349787 48.8118147914074 149.075253656189
485000 53.1742296718069 47.2920925558218 48.8882923775235 149.354614605152
486000 53.268335397552 47.4021343003955 48.9932276258794 149.663697323827
487000 53.3829710486766 47.5070879697267 49.0843659323907 149.974424950794
488000 53.508039381047 47.5852475334975 49.213010242607 150.306297157152
489000 53.6020239847985 47.6515261005678 49.3203038901419 150.573853975508
490000 53.6902086662043 47.7373182768928 49.4013717041298 150.828898647227
491000 53.8102105332243 47.8732578737987 49.4869871949626 151.170455601986
492000 53.9194227794809 47.9827853746626 49.5864380947336 151.488646248877
493000 54.0158277629212 48.0788312704642 49.6943430874549 151.78900212084
494000 54.10822667568 48.1571812616009 49.7779566601581 152.043364597439
495000 54.2443532885134 48.2729549252666 49.8938261967637 152.411134410544
496000 54.33207190993 48.3717436055345 50.014972530447 152.718788045912
497000 54.4215831338954 48.5049608085174 50.1106630785631 153.037207020976
498000 54.5319010618048 48.6057387643878 50.178979940877 153.31661976707
499000 54.6093342618688 48.7000605687826 50.2556249147497 153.565019745401
500000 54.7281603853687 48.7911956758288 50.3429981983347 153.862354259532
501000 54.8393907342041 48.8659072533418 50.4657549911543 154.1710529787
502000 54.9389521968937 48.9850957569875 50.5695094022695 154.493557356151
503000 55.0659939476471 49.0326325724465 50.6999453074141 154.798571827508
504000 55.2012046437758 49.1300413369051 50.7858754164312 155.117121397112
505000 55.2752207853508 49.2600834530497 50.8882937033267 155.423597941727
506000 55.4137748700047 49.3090631356666 50.9394184095291 155.6622564152
507000 55.5221787557712 49.3870270276216 51.0650862768432 155.974292060236
508000 55.6292285557526 49.5155391744377 51.1664570275673 156.311224757758
509000 55.7589460197056 49.5825361694013 51.2348920166503 156.576374205757
510000 55.880415123066 49.7149860987935 51.3519447080461 156.947345929906
511000 55.9165368523531 49.801346838102 51.4445313961877 157.162415086643
512000 56.061694938111 49.9072416117655 51.5579387846447 157.526875334521
513000 56.1736824151779 50.0083766801255 51.6335412248776 157.815600320181
514000 56.2831764378919 50.0973000916229 51.7195368682234 158.100013397738
515000 56.450719990214 50.2151616470808 51.7939502694214 158.459831906716
516000 56.5716753394846 50.3099473427219 51.9140017574186 158.795624439625
517000 56.7109277389472 50.3902603569045 52.0403420816684 159.14153017752
518000 56.8064316103745 50.5102422968716 52.1019359235088 159.418609830755
519000 56.9043513157999 50.5574538535073 52.1978364106229 159.65964157993
520000 57.025943967929 50.7010137929225 52.3393335897497 160.066291350601
521000 57.1338064214949 50.8038381586663 52.4310923859299 160.368736966091
522000 57.2437470549706 50.9339401660038 52.4888687503253 160.6665559713
523000 57.3288419970543 50.997029790055 52.5480037794206 160.87387556653
524000 57.4569203331432 51.1076608608398 52.652971683504 161.217552877487
525000 57.5790683181324 51.1959542420033 52.7741992107615 161.549221770897
526000 57.6767956355866 51.3029808501465 52.8471985637997 161.826975049533
527000 57.8131244335942 51.3897817178621 52.9806300631026 162.183536214559
528000 57.9015354610893 51.504316105486 53.0994770323022 162.505328598877
529000 58.0137265508266 51.6011286066353 53.2403227352149 162.855177892677
530000 58.0786125496879 51.7203487661232 53.3315634381381 163.130524753949
531000 58.2483518984263 51.7989023968779 53.4428798776687 163.490134172973
532000 58.3330615761379 51.8686969685205 53.4783720005464 163.680130545205
533000 58.4404763499432 51.9230237146471 53.5734856981976 163.936985762788
534000 58.560274750587 52.0408660258103 53.6722502552563 164.273391031654
535000 58.6682951301877 52.1354704701559 53.7485523963774 164.552317996721
536000 58.750028931048 52.1837308264652 53.8161095267754 164.749869284289
537000 58.8400578953619 52.2693375331992 53.9375483018562 165.046943730417
538000 58.9861687910809 52.3755785737368 54.0588866783378 165.420634043155
539000 59.1011024328444 52.4732131413059 54.1708497094505 165.745165283601
540000 59.1966069171472 52.5757100461781 54.3027779001567 166.075094863482
541000 59.2900735429059 52.6372715896382 54.3459111074311 166.273256239975
542000 59.4491505668604 52.7456309209888 54.4776788340249 166.672460321874
543000 59.527061830082 52.8449769840931 54.5825376169595 166.954576431135
544000 59.615289275316 52.9431672927959 54.7216343987011 167.280090966813
545000 59.7435036116973 53.0157969990276 54.8012131578972 167.560513768622
546000 59.8602762266811 53.1269080277496 54.859627623245 167.846811877676
547000 59.9313578723485 53.1933377510746 54.9520129389464 168.07670856237
548000 60.0823838228363 53.3126800673017 55.0678347391175 168.462898629255
549000 60.1883128617292 53.4370120489932 55.2180607217249 168.843385632447
550000 60.3003252172117 53.5333155512598 55.3207416493166 169.154382417788
551000 60.4279618774271 53.6215685652156 55.4469122170417 169.496442659684
552000 60.4954861348983 53.7515790079446 55.5478209762869 169.79488611913
553000 60.6110241376493 53.8405923458359 55.6195008179021 170.071117301387
554000 60.7176307536481 53.970026519138 55.7349035142853 170.422560787071
555000 60.8639454322014 54.0427115064381 55.8315123882846 170.738169326924
556000 60.978993870822 54.1761379077464 55.9037757801898 171.058907558758
557000 61.1137844284265 54.2664489933271 55.9791783782009 171.359411799954
558000 61.2245703318439 54.3707985411223 56.0620098827514 171.657378755718
559000 61.3017649481145 54.3575755874264 56.1427461713722 171.802086706913
560000 61.4044648843586 54.4667503256921 56.2486332487064 172.119848458757
561000 61.5036750718496 54.5154118419944 56.3269539034349 172.346040817279
562000 61.6107930247158 54.6336529147999 56.4098989874229 172.654344926938
563000 61.6995864278138 54.7356911499547 56.513017389703 172.948294967471
564000 61.8113507541111 54.8487305986817 56.6289269630537 173.289008315846
565000 61.9954927982062 54.9465526958579 56.7177247689972 173.659770263061
566000 62.0830764525816 55.0068412369197 56.8291257814998 173.919043471001
567000 62.2027927192172 55.0754480966449 56.9584641403338 174.236704956196
568000 62.2850804126525 55.1840826085799 57.07471934597 174.543882367202
569000 62.3740686335859 55.261513186033 57.177423877565 174.813005697184
570000 62.4631291826802 55.3451259903485 57.2840958085662 175.092350981595
571000 62.5486176087907 55.4136497123625 57.4123639095676 175.374631230721
572000 62.6352872636149 55.5219646469147 57.4696394703033 175.626891380833
573000 62.7541005401128 55.5936339007593 57.5301541402488 175.877888581121
574000 62.8590330405349 55.6929318626506 57.6240282345596 176.175993137745
575000 62.950434282917 55.7830070063087 57.7269732493657 176.460414538591
576000 63.0418125311076 55.8632329385481 57.8402036323499 176.745249102006
577000 63.1195692576419 55.9644354311681 57.9152418969538 176.999246585764
578000 63.2417334239177 56.0261409012479 57.9900335597671 177.257907884933
579000 63.3746541725267 56.1430924312845 58.1099132546653 177.627659858476
580000 63.4645939319848 56.2491435169272 58.1968080650877 177.910545514
581000 63.5361123597739 56.3532526140676 58.2759127283217 178.165277702163
582000 63.6548073065339 56.438440108882 58.397692198924 178.49093961434
583000 63.7755366654391 56.5392807749247 58.4906839310133 178.805501371377
584000 63.8916299025411 56.6147616525531 58.5848395232874 179.091231078382
585000 64.0002902665863 56.7013859306908 58.6925829476844 179.394259144961
586000 64.0468033346417 56.8120777874892 58.7323740716554 179.591255193786
587000 64.2065928411409 56.943569951136 58.8836318414984 180.033794633775
588000 64.3372550583223 57.0352958329266 58.9903752714803 180.362926162729
589000 64.4331256145022 57.1496208783577 59.0845122092547 180.667258702115
590000 64.5475911074481 57.2513852379758 59.1849116149257 180.98388796035
591000 64.6356717047106 57.3612997597107 59.2960716636612 181.293043128083
592000 64.7730972200712 57.4696372594213 59.3868651494414 181.629599628934
593000 64.8658399776163 57.5317122590237 59.5064862116553 181.904038448295
594000 65.0029603511243 57.6239908016395 59.5916188713756 182.218570024139
595000 65.0613678379544 57.7178479129483 59.7032594889663 182.482475239869
596000 65.1733261727619 57.8016518032128 59.8109776670874 182.785955643062
597000 65.2912700394672 57.8841025279603 59.8742250227585 183.049597590186
598000 65.3812553515863 58.0019099743206 59.9441875949814 183.327352920888
599000 65.4925481347771 58.095261632685 60.029788861284 183.617598628746
600000 65.6067772173097 58.2254067917961 60.1829668321975 184.015150841303
601000 65.684687292109 58.3181873535505 60.2544128592701 184.25728750493
602000 65.8431915122855 58.4185180776485 60.3529066405281 184.614616230462
603000 65.9347415467275 58.4982667413813 60.4824273403187 184.915435628428
604000 66.0613873542176 58.6238956245815 60.562768765865 185.248051744664
605000 66.1496524428928 58.6765027027941 60.6589824189033 185.48513756459
606000 66.2501789288957 58.8043515028634 60.7764856047702 185.831016036529
607000 66.326801405789 58.8907586524372 60.8616346750986 186.079194733325
608000 66.3745869565102 59.0261473117655 60.9727350147234 186.373469282999
609000 66.4553013969652 59.0918046111569 61.0460473804827 186.593153388605
610000 66.5425691531972 59.153258497294 61.150549104021 186.846376754512
611000 66.7150161418574 59.239655537568 61.2824536607569 187.237125340182
612000 66.8279254053665 59.3420029563751 61.3687453714675 187.538673733209
613000 66.9509458971248 59.4277207476185 61.4268531643195 187.805519809063
614000 67.0319071437382 59.457906630302 61.5223766446789 188.012190418719
615000 67.149225033488 59.5806105051065 61.655691327616 188.385526866211
616000 67.2596253999814 59.6748367372773 61.7980559471623 188.732518084421
617000 67.3950400740737 59.7718604012162 61.8769487174542 189.043849192744
618000 67.4583898721435 59.8408658239069 61.967228784819 189.266484480869
619000 67.600410012418 59.958310815358 62.1255545431094 189.684275370885
620000 67.6605454861738 60.0741701077073 62.2146531639917 189.949368757873
621000 67.7642994186321 60.1342391229955 62.3177519708705 190.216290512498
622000 67.8618046558068 60.2610719729183 62.4238320361451 190.54670866487
623000 67.9279218590997 60.3513995449152 62.5265409111405 190.805862315155
624000 68.02782865182 60.4607667948246 62.6830169235992 191.171612370244
625000 68.1707910673109 60.5614282022437 62.7700810575511 191.502300327106
626000 68.2298367536828 60.6793801242878 62.8834230581927 191.792639936163
627000 68.339928383856 60.7587089064345 63.020851683905 192.119488974195
628000 68.4752107549206 60.8695740441112 63.0946038867592 192.439388685791
629000 68.5317060270995 60.9523324590198 63.1935199884488 192.677558474568
630000 68.6573812306252 61.0720427188973 63.2789063600034 193.008330309526
631000 68.7754768371016 61.1719001499045 63.3517826763314 193.299159663337
632000 68.842357335587 61.240965013503 63.4850827437862 193.568405092876
633000 68.9470321450746 61.3750436409456 63.5473490724825 193.869424858503
634000 69.0350469123829 61.4367457977491 63.6234018876182 194.09519459775
635000 69.1541198515067 61.5425232686281 63.7009995237032 194.397642643838
636000 69.3111054045425 61.6364146173374 63.7928969820359 194.740417003916
637000 69.456924661929 61.6981273113034 63.9009622554452 195.056014228678
638000 69.6122379556994 61.8194295577632 63.9816328211648 195.413300334627
639000 69.7544995567275 61.9081854023859 64.0668283534681 195.729513312582
640000 69.859181710574 61.9924500285852 64.2152859167907 196.06691765595
641000 69.9512485042649 62.0878953848322 64.3102592225717 196.349403111669
642000 70.0649360541091 62.2021907412943 64.411441134462 196.678567929865
643000 70.2344763626319 62.3039590845703 64.5107249908311 197.049160438033
644000 70.3600195256134 62.3306903416435 64.5644564201592 197.255166287416
645000 70.4849269718032 62.4068177089352 64.6644012724821 197.55614595322
646000 70.5932905181994 62.5369338080057 64.7674522908796 197.897676617085
647000 70.7338966639952 62.6350691712022 64.8511045985714 198.220070433769
648000 70.8053510847366 62.7308490751057 64.947748966465 198.483949126307
649000 70.9039762876169 62.7975041413474 65.0378231254301 198.739303554394
650000 71.0084507605776 62.8817774083406 65.1356094084951 199.025837577413
651000 71.1009070551203 62.9674264666932 65.179344827588 199.247678349401
652000 71.1572286955281 63.0962209198448 65.2835852167243 199.537034832097
653000 71.3221681863917 63.161771828602 65.413796090776 199.89773610577
654000 71.4578738686496 63.2990410787273 65.5150033224563 200.271918269833
655000 71.5381277406862 63.4296227637325 65.5827601184529 200.550510622872
656000 71.6229966222568 63.5704306461716 65.6254584860381 200.818885754466
657000 71.7139648679283 63.6540801571971 65.7168910997132 201.084936124839
658000 71.862005983765 63.7488667621974 65.8554145115032 201.466287257466
659000 71.9708088178894 63.8475569119926 65.9114224650669 201.729788194949
660000 72.046512268863 63.9052618935292 65.9898650564365 201.941639218829
661000 72.1563228248939 63.933374921407 66.1567893653846 202.246487111685
662000 72.2563730918979 64.0507934409154 66.2056578484754 202.512824381289
663000 72.3612704608443 64.0884399632055 66.3307306989966 202.780441123046
664000 72.4555728230214 64.1845280361007 66.4014622880919 203.041563147214
665000 72.605216118031 64.2550496248189 66.5137688062603 203.37403454911
666000 72.7332926837392 64.3826177744092 66.5511583955208 203.667068853669
667000 72.8188651917694 64.464715522586 66.6815764685004 203.965157182856
668000 72.9386067322632 64.5746374726498 66.7727753502096 204.286019555123
669000 73.0459954983419 64.6627022196961 66.8911542305189 204.599851948557
670000 73.1493189742554 64.758933679315 66.9336070287508 204.841859682321
671000 73.2578701571698 64.8522196090418 67.0629221059351 205.173011872147
672000 73.3316167501147 64.9366094354091 67.1363730904945 205.404599276018
673000 73.4547549604333 65.0347452893959 67.1973373169781 205.686837566807
674000 73.5549218975907 65.0745017532319 67.3336098362471 205.96303348707
675000 73.6658858897813 65.2057043324615 67.4433987231658 206.314988945409
676000 73.7674355109617 65.2749685556205 67.5587619135128 206.601165980095
677000 73.8531431067379 65.3694433643471 67.647035226078 206.869621697163
678000 73.9566141055682 65.4671943698632 67.7628635887288 207.18667206416
679000 74.0682389298124 65.5326456132622 67.8901952896277 207.491079832702
680000 74.1781195309131 65.6455090328714 67.9775881020635 207.801216665848
681000 74.286660996639 65.7488472432297 68.0850857901408 208.12059403001
682000 74.393505309036 65.8510060966306 68.170556880403 208.41506828607
683000 74.4969410384107 65.926776222521 68.2891645258092 208.712881786741
684000 74.6148855745595 66.0531331409315 68.4123781440936 209.080396859585
685000 74.7642149806941 66.1828978356758 68.5009773859085 209.448090202278
686000 74.81432113002 66.2589294298584 68.5954731052756 209.668723665154
687000 74.9460639037751 66.3227254149816 68.6890441116163 209.957833430373
688000 75.0311974517673 66.4082201399493 68.8320149396617 210.271432531378
689000 75.1131058089997 66.5160328919574 68.9148838449913 210.544022545948
690000 75.2194131870607 66.6237177755648 68.987867997432 210.830998960058
691000 75.2867927848997 66.7182574919354 69.100842640611 211.105892917446
692000 75.3757575238924 66.8066839577738 69.2084067375118 211.390848219178
693000 75.4966896473207 66.9115627012529 69.2647640417963 211.67301639037
694000 75.5612413541996 67.0155532961841 69.390681146519 211.967475796903
695000 75.6812999091913 67.1094143941022 69.4711144908019 212.261828794095
696000 75.7745540807689 67.2027452172947 69.5527091468538 212.530008444917
697000 75.853708440053 67.2845794494933 69.6864223080176 212.824710197564
698000 75.9202505741423 67.3759860959078 69.7918545166695 213.08809118672
699000 76.0766855407023 67.4454889731074 69.887746701686 213.409921215496
700000 76.1426272838106 67.545399267087 70.0223059667053 213.710332517603
701000 76.2806340182313 67.6367670172646 70.103596946366 214.020997981862
702000 76.3451659816203 67.7966787887632 70.1958235060066 214.33766827639
703000 76.4798381432217 67.843358470129 70.2746064352443 214.597803048595
704000 76.5928906673004 67.9726307740193 70.3779547693402 214.94347621066
705000 76.6560239724984 68.0271142471916 70.4841645498749 215.167302769565
706000 76.8111350073299 68.120354543227 70.5968270320398 215.528316582597
707000 76.9141903879385 68.2183104555364 70.6897770882204 215.822277931695
708000 76.9986637839161 68.2979051653203 70.8584201942227 216.154989143459
709000 77.0910620858501 68.3983010114891 70.9285426837902 216.417905781129
710000 77.2191497679899 68.4956299471088 71.0341718751608 216.748951590259
711000 77.3459993872254 68.5371718176691 71.1319952270285 217.015166431923
712000 77.4143953931761 68.6216540634422 71.2117667232997 217.247816179918
713000 77.5372419583673 68.6970937617426 71.3390129858839 217.573348705994
714000 77.6278600454706 68.8347912229773 71.4290869549142 217.891738223362
715000 77.7470144804352 68.9246895934276 71.5065519680843 218.178256041947
716000 77.8436016185571 68.9867821490697 71.6303219770958 218.460705744723
717000 77.921554752112 69.120848833681 71.6993767848892 218.741780370682
718000 78.005463377075 69.1984927645719 71.8297388777787 219.033695019426
719000 78.1123139803596 69.264346291141 71.9197969011905 219.296457172691
720000 78.278172534411 69.3451154497883 71.9986349600875 219.621922944287
721000 78.3576403859552 69.4537649945955 72.1059325171502 219.917337897701
722000 78.4899441376949 69.5355433047949 72.2158283280017 220.241315770491
723000 78.5734350162214 69.6053469166836 72.3227435400699 220.501525472975
724000 78.6986717908243 69.6969317246895 72.4105326614202 220.806136176934
725000 78.7397077397839 69.7733176299219 72.4961304312171 221.009155800923
726000 78.8801184388027 69.8855221638061 72.5638015803787 221.329442182987
727000 78.9470871262706 69.9867317999029 72.7007093862342 221.634528312408
728000 78.9966873296306 70.0658113119499 72.7337835780455 221.796282219626
729000 79.0903459086344 70.13621693961 72.9038432562424 222.130406104487
730000 79.1520097261386 70.2370019796684 73.0084298668793 222.397441572686
731000 79.2901309606331 70.3560833957388 73.0822736880576 222.72848804443
732000 79.3781690702143 70.4788101512376 73.1318539324681 222.98883315392
733000 79.5437269966438 70.5868442767984 73.2908722877021 223.421443561144
734000 79.6311387049693 70.69048097702 73.4263030041355 223.747922686125
735000 79.7283855855749 70.7862000829341 73.4641475122084 223.978733180717
736000 79.8218605534769 70.8605541063606 73.5667990763537 224.249213736191
737000 79.9576823428588 70.9890765783018 73.6614091696371 224.608168090798
738000 80.1057250325332 71.084870924379 73.7384385212621 224.929034478174
739000 80.1605559328279 71.1083938063975 73.8456881814308 225.114637920656
740000 80.2507636194561 71.206285377345 73.9949690779984 225.4520180748
741000 80.2937917821455 71.2460378202239 74.0488289173379 225.588658519707
742000 80.4751651139369 71.4242703223105 74.1418022659142 226.041237702162
743000 80.6079423735689 71.4726503426327 74.1970359819332 226.277628698135
744000 80.719591778218 71.5723328071086 74.250958189206 226.542882774533
745000 80.822104024343 71.6538826691617 74.3858337224048 226.86182041591
746000 80.9242994216245 71.760723830778 74.4685070407278 227.15353029313
747000 81.0077456879033 71.8118685186943 74.5789234042422 227.39853761084
748000 81.0696860122586 71.9127898264473 74.6270847055626 227.609560544268
749000 81.1854196532353 72.037825734116 74.7688861590599 227.992131546411
750000 81.2580900606054 72.1390670201192 74.8736584049131 228.270815485638
751000 81.3812961620811 72.1994166964917 74.9644198588456 228.545132717418
752000 81.533771446862 72.2841736464353 75.1146733677356 228.932618461033
753000 81.6330397085724 72.3705883187851 75.1821733197612 229.185801347119
754000 81.7496728431823 72.4274754378762 75.3371641734888 229.514312454547
755000 81.8690825688465 72.5535090924635 75.448306768088 229.870898429398
756000 81.989946631434 72.6028588151467 75.5310348596235 230.123840306204
757000 82.0616008017668 72.7151112281958 75.6083087633513 230.385020793314
758000 82.1842749373022 72.785450410368 75.7130109504955 230.682736298166
759000 82.3199957999669 72.87373879646 75.8370302850484 231.030764881475
760000 82.361331300682 72.9554163294994 75.9152249910785 231.23197262126
761000 82.4690687521094 73.0324000090551 76.0579980440749 231.559466805239
762000 82.5675430048531 73.1123767767421 76.1038948870527 231.783814668648
763000 82.6685484993631 73.1979188646859 76.2088363091508 232.0753036732
764000 82.7757925483107 73.2822985440096 76.3048776276585 232.362968719979
765000 82.8622947265927 73.3701366224133 76.3775469285203 232.609978277526
766000 83.0416942699942 73.528219176664 76.4834710138077 233.053384460466
767000 83.1088551785907 73.5901466140287 76.5829376439707 233.28193943659
768000 83.2319213508524 73.7017504904172 76.6709315343558 233.604603375625
769000 83.3195627408132 73.7734106988184 76.7578105601579 233.850783999789
770000 83.3918385246372 73.8524744710858 76.8310739167828 234.075386912506
771000 83.439437089718 73.9600371546223 76.9902858225966 234.389760066937
772000 83.6067350489849 74.0358664328481 77.05167471866 234.694276200493
773000 83.6731227308362 74.0932834214627 77.1800396454768 234.946445797776
774000 83.8218448218533 74.1662441265132 77.2769713735004 235.265060321867
775000 83.9141158932584 74.2477550474016 77.3376182939326 235.499489234593
776000 84.0607075805633 74.3607032893965 77.4173169218066 235.838727791766
777000 84.1666691775199 74.4713583111517 77.5338171463501 236.171844635022
778000 84.2071470634124 74.566578020206 77.6664485081482 236.440173591767
779000 84.2756268534013 74.6539421641295 77.7286362987784 236.658205316309
780000 84.3589726872954 74.826240942612 77.8737239242605 237.058937554168
781000 84.4926109032423 74.9252275224042 77.9600251583073 237.377863583954
782000 84.5421972662816 75.0100449083288 78.0249591985092 237.57720137312
783000 84.6218900958036 75.0700612297521 78.1851779599856 237.877129285541
784000 84.768175469589 75.1614472692953 78.2478223349454 238.17744507383
785000 84.8522781683202 75.269365331766 78.365726834905 238.487370334991
786000 84.9264639659945 75.3964121973221 78.4453663044885 238.768242467805
787000 85.0573967300361 75.4945705889893 78.4897134856297 239.041680804655
788000 85.1906071500756 75.5730716480619 78.5831339685708 239.346812766708
789000 85.2665118706756 75.6550387484544 78.6770051534224 239.598555772552
790000 85.3824608379785 75.7397678693877 78.7885266752845 239.910755382651
791000 85.5136123023751 75.8167460022352 78.8991469419169 240.229505246527
792000 85.6365533689326 75.9065467083555 78.9937914535064 240.536891530794
793000 85.6485102351974 76.0129883596653 79.1089216500633 240.770420244926
794000 85.8203589033911 76.0983397169808 79.2199023418943 241.138600962266
795000 85.9547870001288 76.2041474616397 79.2842468481406 241.443181309909
796000 86.0268649103134 76.2850653826634 79.4174023435017 241.729332636479
797000 86.1205454368332 76.4690624134286 79.5463458058199 242.135953656082
798000 86.2306719730126 76.5459043777114 79.5849791329392 242.361555483663
799000 86.3223457867596 76.6926292303642 79.7201129393195 242.735087956443
800000 86.4005611988846 76.782569900414 79.818798519486 243.001929618785
801000 86.4855036485772 76.8569336550539 79.8680834942975 243.210520797928
802000 86.5728412734576 76.9229364955173 79.908039032278 243.403816801253
803000 86.6480136336243 77.0053289821803 80.0268793567839 243.680221972589
804000 86.7612381204216 77.1534681909644 80.1124181154514 244.027124426837
805000 86.8263150558673 77.2397624414849 80.2093362894222 244.275413786774
806000 86.9126223883785 77.3190435522722 80.3624329495725 244.594098890223
807000 87.0429319277931 77.4298916754115 80.4389170440486 244.911740647253
808000 87.2087927414059 77.5394438789028 80.5391915006953 245.287428121004
809000 87.3468397565321 77.5941056809562 80.6827061747953 245.623651612284
810000 87.4474246689862 77.6987267372128 80.7364576364834 245.882609042683
811000 87.5330056033174 77.7755531792241 80.8532031772398 246.161761959781
812000 87.6355326275696 77.8583550167984 81.000802506079 246.494690150447
813000 87.7426029204424 77.9550957055205 81.0986673063361 246.796365932299
814000 87.8502538222741 78.0637223984492 81.1685387749153 247.082514995639
815000 87.9818848218144 78.140262036732 81.3039475215996 247.426094380146
816000 88.096891450021 78.2543895850526 81.3894467562924 247.740727791366
817000 88.2017746123811 78.3478193695228 81.4635864740946 248.013180455999
818000 88.2812238155942 78.4417128390628 81.5569560885887 248.279892743246
819000 88.4006174224675 78.4982102932177 81.6567628104432 248.555590526128
820000 88.5030963827656 78.6207351918836 81.7349148831492 248.858746457798
821000 88.6122406066863 78.7059265927326 81.8252092656341 249.143376465053
822000 88.7294001676143 78.7802715428113 81.901415717256 249.411087427682
823000 88.8238840843329 78.837385914904 81.9833559122846 249.644625911522
824000 88.9493292471724 78.8977222451013 82.0810516853434 249.928103177617
825000 89.0599383150114 79.0208020757782 82.1768354358567 250.257575826646
826000 89.1326079593883 79.0896357312843 82.2190045539632 250.441248244636
827000 89.2232223006314 79.1900305360114 82.3450612187215 250.758314055364
828000 89.3647699950061 79.302534989686 82.4638840201896 251.131189004882
829000 89.460641064609 79.412811653747 82.5563764909814 251.429829209337
830000 89.570806514723 79.5132468124466 82.6249801122202 251.70903343939
831000 89.6296553958168 79.5770462468571 82.7422637933549 251.948965436029
832000 89.7496898597497 79.6626958011482 82.8812790270856 252.293664687984
833000 89.8480974297945 79.7663899142745 82.9435294629399 252.558016807009
834000 89.9574659069042 79.8520750869867 83.0845703235986 252.89411131749
835000 90.1197167290203 79.903226170943 83.1783898226637 253.201332722627
836000 90.1873261027883 80.0307565455848 83.3050227567701 253.523105405143
837000 90.3176588387382 80.1220333302023 83.4133247494887 253.853016918429
838000 90.4095297703835 80.2428914573678 83.5553453771058 254.207766604857
839000 90.5363058170868 80.3784918916623 83.6152921867283 254.530089895477
840000 90.6602087339615 80.4681392735129 83.7223385592437 254.850686566718
841000 90.7672367053896 80.5493126216005 83.8042854556641 255.120834782654
842000 90.880922377732 80.5898057752775 83.9312168348898 255.401944987899
843000 91.0038668410449 80.7401368966992 84.0436870175652 255.787690755309
844000 91.1041589933004 80.7910530143484 84.1696913518602 256.064903359509
845000 91.2194388665351 80.8877016141287 84.2377496070654 256.344890087729
846000 91.2559479372303 80.9935955412916 84.3624399237297 256.611983402252
847000 91.3869550993504 81.0893207805518 84.4295710528992 256.905846932801
848000 91.5434069676471 81.1663550316045 84.5037479739039 257.213509973156
849000 91.6069369887779 81.2414442540919 84.5795201318413 257.427901374711
850000 91.6884391914327 81.3748572227369 84.6538140242685 257.717110438438
851000 91.8070596452304 81.4460388847845 84.7897465296892 258.042845059704
852000 91.8894852201235 81.5543280016318 84.8807072986598 258.324520520415
853000 91.9926827245673 81.6600968460449 84.9766910793345 258.629470649947
854000 92.1018038612219 81.7516605269436 85.0583052622965 258.911769650462
855000 92.2443395495437 81.8315907238119 85.0819443752111 259.157874648567
856000 92.3279408979025 81.996137620215 85.2086972555845 259.532775773702
857000 92.412410459661 82.0635369459954 85.3407272166721 259.816674622329
858000 92.5087428510633 82.173070550796 85.4545227066968 260.136336108556
859000 92.6407177251325 82.2410985326475 85.5663965182711 260.448212776051
860000 92.7394850363687 82.3467220865642 85.630287486021 260.716494608954
861000 92.8716245095156 82.479787433519 85.7721917065105 261.123603649545
862000 92.979120222864 82.5357584766068 85.8000304412462 261.314909140717
863000 93.089643944316 82.6706035242353 85.9451366459946 261.705384114546
864000 93.2013853338562 82.7682401775843 86.0081431352843 261.977768646725
865000 93.3433956145093 82.92122375602 86.1404276602511 262.40504703078
866000 93.4023022323093 83.0493544474449 86.207274180909 262.658930860663
867000 93.5002295239167 83.1301817758547 86.251860137861 262.882271437632
868000 93.6540180869826 83.2187835995716 86.3915148190807 263.264316505635
869000 93.7222991335093 83.3034357230718 86.4941959604996 263.519930817081
870000 93.8112672710134 83.3575860599943 86.5862444631897 263.755097794197
871000 93.9187685317925 83.45932806315 86.6782859883345 264.056382583277
872000 94.0120187865811 83.558485473471 86.8128656455879 264.38336990564
873000 94.1194731701777 83.6705290407689 86.9026208256114 264.692623036558
874000 94.22057481017 83.7655347608962 87.0101132092293 264.996222780296
875000 94.3486090001203 83.8614469445288 87.089618500964 265.299674445613
876000 94.4513303410338 83.9198973071206 87.1654993174017 265.536726965556
877000 94.5210150938315 84.045520892515 87.2616191205814 265.828155106928
878000 94.6282424113464 84.1196075972037 87.3661673806244 266.114017389174
879000 94.748487073403 84.2115465795069 87.4178128502355 266.377846503145
880000 94.7756369615573 84.2488569702313 87.550092944773 266.574586876562
881000 94.9046065950916 84.3832966451634 87.6058730941075 266.893776334362
882000 95.0693401469215 84.5395516889501 87.6972413253655 267.306133161237
883000 95.1714622224881 84.6810519300662 87.8593568113567 267.711870963911
884000 95.2812448158677 84.7380804484748 87.9361757376395 267.955501001982
885000 95.4330585836983 84.8098094171012 88.0566341341793 268.299502134979
886000 95.5168344811801 84.9148526330684 88.1576272349609 268.589314349209
887000 95.5892203259091 85.0250530244942 88.2677143995329 268.881987749936
888000 95.7213258371162 85.0774963890965 88.3801594382031 269.178981664416
889000 95.8468333774794 85.1795154988453 88.3923608179737 269.418709694298
890000 95.9091317944298 85.2744170084096 88.4876595947963 269.671208397636
891000 96.0486826958727 85.3390393041857 88.6233381606877 270.011060160746
892000 96.1563296439905 85.3549944510734 88.6693071835194 270.180631278583
893000 96.2680221646427 85.4663971285649 88.7775128081346 270.511932101342
894000 96.35466551502 85.5663447516354 88.8678469068535 270.788857173509
895000 96.5218128282353 85.6749617510335 88.9729405103066 271.169715089575
896000 96.5639947002813 85.7705476191692 89.0283025680876 271.362844887538
897000 96.740506996886 85.8806215741831 89.1678000613122 271.788928632381
898000 96.8672147425049 85.9455696055893 89.2515483241772 272.064332672271
899000 96.9465070181535 86.0561058809218 89.3345923766378 272.337205275713
900000 97.0690945390099 86.0737841822342 89.4078452367317 272.550723957976
901000 97.1793499817156 86.2079630107123 89.5014767619773 272.888789754405
902000 97.2791552051537 86.2946955680746 89.5717849431846 273.145635716413
903000 97.4216507118785 86.3758343359846 89.6542855365681 273.451770584431
904000 97.5039203374633 86.4233319462845 89.7982528541917 273.72550513794
905000 97.6313420192351 86.5210438510503 89.8951177927965 274.047503663082
906000 97.7005055044564 86.5908877210845 90.0369646434476 274.328357868989
907000 97.7444482277322 86.7062324986977 90.0623680555897 274.51304878202
908000 97.8647596136947 86.8129628902141 90.1393757956549 274.817098299564
909000 98.0354323324378 86.8921078064939 90.2035361932794 275.131076332211
910000 98.1907829740862 86.9827916371515 90.2809037901329 275.454478401371
911000 98.2243129293914 87.0852247284645 90.357227261904 275.66676491976
912000 98.3194691712557 87.174743168224 90.5283035797529 276.022515919233
913000 98.3918741153244 87.2276825773263 90.6106330889362 276.230189781587
914000 98.5005818052466 87.2952455814405 90.7665578101043 276.562385196791
915000 98.6029436088059 87.346993411208 90.8606624217018 276.810599441716
916000 98.6983038360038 87.4593377531682 90.9287282328042 277.086369821976
917000 98.8034924455401 87.5278581873139 91.0643430748101 277.395693707664
918000 98.8905304846498 87.6352090783916 91.1445570543094 277.670296617351
919000 99.010248629318 87.7258050316323 91.2326396502377 277.968693311188
920000 99.128903197509 87.8128149827141 91.3320767581181 278.273794938341
921000 99.2638994264169 87.9424309332614 91.4348323209456 278.641162680624
922000 99.3902042636457 88.0491714452509 91.5977284806539 279.03710418955
923000 99.4666902074081 88.1721022539781 91.6497679295015 279.288560390888
924000 99.537548097376 88.257135066354 91.7567681042068 279.551451267937
925000 99.6919242884843 88.3625842567011 91.8138111376883 279.868319682874
926000 99.7833381108316 88.4372115315479 91.9862773203446 280.206826962724
927000 99.8647159530156 88.5132797872901 92.0286410624875 280.406636802793
928000 99.9855456455591 88.6470663383401 92.1574620737348 280.790074057634
929000 100.143518220739 88.7074735967846 92.2647554543672 281.11574727189
930000 100.214530700752 88.8151358440062 92.3660454081742 281.395711952933
931000 100.308198779061 88.8940020611629 92.4625423363105 281.664743176535
932000 100.425375605843 89.0116183919312 92.5667998240826 282.003793821857
933000 100.514482605092 89.108262868294 92.6724957352294 282.295241208616
934000 100.631875289032 89.2343654807683 92.8000795783467 282.666320348147
935000 100.755407035895 89.2524764679844 92.9238083342665 282.931691838146
936000 100.839352070959 89.3879589712342 92.9672451244431 283.194556166636
937000 100.885740097873 89.5026476981509 93.0599784277805 283.448366223804
938000 101.047841323214 89.5484777206009 93.1115044904109 283.707823534226
939000 101.163318753623 89.6176020752104 93.2915360000119 284.072456828845
940000 101.256437618588 89.7153677600605 93.4269386591371 284.398744037786
941000 101.370357245698 89.8535892693074 93.4939821687958 284.717928683801
942000 101.488479011268 89.9486202485095 93.5948463543273 285.031945614105
943000 101.634074389787 90.0359521047799 93.6849195904353 285.354946085002
944000 101.713456282789 90.1209878670746 93.7816383775153 285.616082527379
945000 101.81761566055 90.1804535051261 93.8810656638783 285.879134829554
946000 101.873199297626 90.3363598245781 94.0124912602207 286.222050382425
947000 102.032366089366 90.4078626258722 94.1026548877634 286.542883603002
948000 102.088399908782 90.4729698972131 94.212913242003 286.774283047998
949000 102.21248480536 90.6242659253281 94.2897098486166 287.126460579305
950000 102.261845900998 90.7001887163626 94.3640827155444 287.326117332905
951000 102.438873659231 90.8133041337344 94.4305603055421 287.682738098508
952000 102.544612622245 90.9138597324847 94.5795378858843 288.038010240614
953000 102.617511083984 90.9878940026557 94.6966706916077 288.302075778247
954000 102.728274966085 91.0806992974265 94.7676589242454 288.576633187757
955000 102.8251793309 91.2240656467147 94.9345803487266 288.983825326342
956000 102.984176878747 91.308964651427 95.0128188380153 289.305960368189
957000 103.077040574348 91.3804860636028 95.0491286716025 289.506655309553
958000 103.157787863296 91.4814614163682 95.1331080694566 289.772357349121
959000 103.234493606683 91.5699308528502 95.2506069313366 290.05503139087
960000 103.341998067853 91.631854583721 95.3812165571653 290.35506920874
961000 103.470093196166 91.7431124698207 95.4220976498068 290.635303315794
962000 103.60802330216 91.8701023717156 95.5257920083433 291.003917682219
963000 103.754500216985 91.951395790757 95.6654836565485 291.37137966429
964000 103.820051694387 92.0649106456574 95.7250156461845 291.609977986229
965000 103.920333084114 92.1050466612009 95.8412245919679 291.866604337282
966000 104.079385123746 92.2137526863087 95.8968271205114 292.189964930566
967000 104.155251589135 92.2984672364681 96.0000102486638 292.453729074267
968000 104.273488350383 92.4381975121191 96.1811497782203 292.892835640722
969000 104.375161591824 92.5178196728376 96.2363500315453 293.129331296207
970000 104.461484148467 92.6282475732503 96.3102218520838 293.399953573801
971000 104.559263655692 92.657068989429 96.3965890266843 293.612921671805
972000 104.691517442282 92.7463769485371 96.5227671997383 293.960661590558
973000 104.789012963943 92.8309813881714 96.6431511487516 294.263145500866
974000 104.892325858368 92.9176734008069 96.7157275394867 294.525726798662
975000 104.984190386431 92.9687678754656 96.8271487873466 294.780107049243
976000 105.130248126127 93.0378136106525 96.9220147541307 295.09007649091
977000 105.263286583963 93.1484395650069 96.9838017570605 295.395527906031
978000 105.337081826012 93.2284130840156 97.1288592789728 295.694354189
979000 105.489912664893 93.3809130326571 97.1900945387544 296.060920236305
980000 105.580118430092 93.4633666692497 97.3124171116779 296.35590221102
981000 105.750009152707 93.5179082239007 97.4304448102058 296.698362186813
982000 105.79361167155 93.6010689405191 97.547256682799 296.941937294868
983000 105.920992840993 93.6764327472755 97.6223354753115 297.21976106358
984000 105.998017317977 93.8196412903435 97.6717851267969 297.489443735118
985000 106.134630054187 93.8556813828759 97.7363692708236 297.726680707886
986000 106.229993397792 93.9377904051278 97.8306745322736 297.998458335193
987000 106.3868281972 93.9991293393301 97.9579380651404 298.34389560167
988000 106.457545345606 94.1161380105102 98.0410355061725 298.614718862288
989000 106.604272876597 94.2013260634749 98.1234722910701 298.929071231142
990000 106.634780682423 94.3065801759632 98.1885076906875 299.129868549074
991000 106.808232272132 94.4015810896954 98.2846310504669 299.494444412294
992000 106.913089751045 94.4471456229235 98.3826008459801 299.742836219949
993000 107.069621431464 94.5652551327112 98.4870813282792 300.121957892454
994000 107.108892322806 94.7102960887817 98.6273990159191 300.446587427507
995000 107.199221400979 94.7473740539966 98.7710115746249 300.717607029601
996000 107.261291029323 94.8991117119471 98.8669563929653 301.027359134236
997000 107.395106297369 94.9575974440629 98.9475540365633 301.300257777995
998000 107.434895184747 95.0962964861699 98.9651537860544 301.496345456971
999000 107.494795235627 95.1216250340501 99.1075078587757 301.723928128453
1000000 107.61078417823 95.2033175742484 99.2451203194564 302.059222071935
1001000 107.661731951231 95.3143571744368 99.3512560711681 302.327345196836
1002000 107.713879520377 95.3534879264886 99.4149325526941 302.48229999956
1003000 107.808306659354 95.4947064631668 99.5187001688534 302.821713291374
1004000 107.928028676433 95.5360897244301 99.5858878147598 303.050006215623
1005000 108.068151827297 95.6330843517508 99.6874178729489 303.388654051997
1006000 108.174241406106 95.7219264737672 99.816607573532 303.712775453405
1007000 108.241345860011 95.8297411700848 99.9430105244761 304.014097554572
1008000 108.349821443369 95.8982721599901 100.037538576116 304.285632179475
1009000 108.431652820763 96.0052571563151 100.17298833135 304.609898308428
1010000 108.537800295743 96.0873022026477 100.279810514952 304.904913013343
1011000 108.627677592726 96.1860825566936 100.349027917276 305.162788066696
1012000 108.695917317365 96.2755064098851 100.473921472358 305.445345199609
1013000 108.787791402252 96.3893366959961 100.515588834368 305.692716932616
1014000 108.890970772616 96.4946684742618 100.623294277017 306.008933523896
1015000 109.068026624079 96.6085353439073 100.708785372226 306.385347340213
1016000 109.145181284473 96.7575714298949 100.844144763234 306.746897477602
1017000 109.209529738059 96.8361594761852 100.909941343847 306.955630558091
1018000 109.367709110334 96.9133146421481 101.020136684258 307.30116043674
1019000 109.421011128694 97.0244354198435 101.127570156356 307.573016704893
1020000 109.534527760664 97.0601669401265 101.197334092513 307.792028793303
1021000 109.627694936903 97.1654462289619 101.340215435877 308.133356601742
1022000 109.738918569026 97.2853915072702 101.380942692762 308.405252769058
1023000 109.850860233555 97.4238030911378 101.461971170266 308.736634494959
1024000 109.943194480763 97.4280341788319 101.510734516467 308.881963176062
1025000 110.008933972464 97.561087287403 101.600242188562 309.170263448429
1026000 110.137608150078 97.6368640567517 101.700321704015 309.474793910844
1027000 110.246256075091 97.7186208376332 101.804562122251 309.769439034976
1028000 110.402105977219 97.830127300318 101.921580771517 310.153814049054
1029000 110.504941857274 97.920922303964 102.037667918702 310.46353207994
1030000 110.590297462728 98.096698659222 102.153307152734 310.840303274685
1031000 110.641965159917 98.0950320775633 102.246246583608 310.983243821088
1032000 110.78390789746 98.1529193923204 102.351707299558 311.288534589338
1033000 110.860747294518 98.2047460488474 102.423827265252 311.489320608618
1034000 110.921062634115 98.3325421809887 102.585659351561 311.839264166665
1035000 111.062526218633 98.4012255548405 102.643729567597 312.107481341071
1036000 111.163651649978 98.4531740750793 102.737867821642 312.3546935467
1037000 111.279270947959 98.5857077969133 102.853064851312 312.718043596184
1038000 111.372897609954 98.6647452387203 102.990820800788 313.028463649462
1039000 111.466444761685 98.789266167186 103.024686554409 313.28039748328
1040000 111.597804566325 98.81719849306 103.150706532737 313.565709592122
1041000 111.688220820455 98.8615512227672 103.218658931406 313.768430974628
1042000 111.819655929908 98.9802245411243 103.309323763477 314.10920423451
1043000 111.915118545697 99.1116116859857 103.41290613931 314.439636370992
1044000 112.065048589957 99.2472064798643 103.511566732106 314.823821801928
1045000 112.142044605115 99.4014303844375 103.567689177529 315.111164167081
1046000 112.274742751483 99.4320349994985 103.701853343391 315.408631094373
1047000 112.372438740845 99.5556327694209 103.763166836456 315.691238346722
1048000 112.449870631413 99.6114482904904 103.830182434108 315.891501356011
1049000 112.55560525076 99.7258889678452 103.947465368799 316.228959587404
1050000 112.663210643129 99.7865605553633 104.061049330905 316.510820529398
1051000 112.680105049456 99.8116978685449 104.161114056895 316.652916974896
1052000 112.814574467321 99.8982918486261 104.228660636549 316.941526952496
1053000 112.932022075474 100.04944531088 104.365188528894 317.346655915248
1054000 113.035600536092 100.149808633962 104.449845302194 317.635254472248
1055000 113.161490457212 100.22885302624 104.518319843249 317.908663326701
1056000 113.244678575257 100.303988777251 104.645518376301 318.194185728809
1057000 113.307655343984 100.394502185303 104.724257550906 318.426415080192
1058000 113.394575504063 100.444398268158 104.7834854458 318.622459218021
1059000 113.550791546675 100.55831361905 104.905887258586 319.014992424311
1060000 113.668503083705 100.653164884768 104.973565716498 319.295233684971
1061000 113.72672649733 100.747582893478 105.080223925717 319.554533316525
1062000 113.854890451353 100.800422235769 105.178795008635 319.834107695757
1063000 113.938605290805 100.89359652521 105.286854194759 320.119056010774
1064000 114.099085599917 100.994223873412 105.423522772239 320.516832245569
1065000 114.205841836353 101.091245312132 105.432939226339 320.730026374825
1066000 114.345375928063 101.232430850767 105.536815041804 321.114621820634
1067000 114.445599418689 101.289156485623 105.690935488627 321.425691392938
1068000 114.528191736223 101.382232435685 105.750159684773 321.660583856681
1069000 114.54249953069 101.503137684054 105.818371617883 321.864008832627
1070000 114.692500492434 101.584867569646 105.917795819995 322.195163882075
1071000 114.774597637966 101.674886609353 106.037660373906 322.487144621225
1072000 114.860076179585 101.774992680537 106.117709762554 322.752778622676
1073000 114.895941644872 101.82577146076 106.221586471312 322.943299576944
1074000 114.998028823878 101.990955401692 106.34911863495 323.33810286052
1075000 115.063934856248 102.028990995265 106.375145222112 323.468071073624
1076000 115.18927881652 102.138976043324 106.497760064942 323.826014924787
1077000 115.284827834641 102.241140977302 106.575774992231 324.101743804175
1078000 115.318302085125 102.36440049266 106.645639176955 324.32834175474
1079000 115.454433007131 102.520404116512 106.741432435929 324.716269559572
1080000 115.558692328505 102.638695873686 106.779287011715 324.976675213906
1081000 115.619881105648 102.659574895068 106.931700250337 325.211156251052
1082000 115.716456223764 102.840617011422 107.037050410222 325.594123645409
1083000 115.797572399489 102.933684093708 107.08031988049 325.811576373687
1084000 115.995941811178 102.998691664727 107.16578165038 326.160415126285
1085000 116.037541150261 103.083830408818 107.22495258629 326.346324145369
1086000 116.166398389906 103.199748255266 107.300557023364 326.666703668536
1087000 116.291908932601 103.302159050981 107.368523330952 326.962591314534
1088000 116.333667476653 103.381104912252 107.496098514843 327.210870903748
1089000 116.497003051478 103.454071955927 107.552630023615 327.50370503102
1090000 116.647681712076 103.547866293304 107.696511640151 327.892059645532
1091000 116.697750963662 103.721097111078 107.781163177309 328.20001125205
1092000 116.792209985017 103.799958221783 107.934695893201 328.526864100001
1093000 116.906816793598 103.864674276891 108.014879895011 328.7863709655
1094000 117.023300743706 103.996121737522 108.07777830087 329.097200782098
1095000 117.128186038922 104.032816572546 108.200390455613 329.36139306708
1096000 117.217870045445 104.125375340766 108.308712702944 329.651958089155
1097000 117.323438046012 104.184798700435 108.404450589236 329.912687335683
1098000 117.439272228375 104.376447634199 108.551382524761 330.367102387334
1099000 117.526045858821 104.463022575482 108.646485233848 330.635553668151
1100000 117.593600169204 104.570539641581 108.697321647815 330.8614614586
1101000 117.656584580617 104.651872272152 108.788328999574 331.096785852343
1102000 117.765590426876 104.749510947402 108.879726479855 331.394827854133
1103000 117.811048569933 104.947188680621 109.031421099969 331.789658350523
1104000 117.965196262455 105.0294739776 109.097484152523 332.092154392578
1105000 118.130537004245 105.14259170869 109.276433593351 332.549562306286
1106000 118.190194532559 105.25462320915 109.392802820423 332.837620562132
1107000 118.219074294255 105.307396405859 109.440995645602 332.967466345716
1108000 118.350888659363 105.365803513638 109.61313056537 333.329822738371
1109000 118.437947985122 105.476255563687 109.6596609943 333.573864543109
1110000 118.570555766221 105.542904170761 109.765009690223 333.878469627205
1111000 118.673402675698 105.662698118811 109.878421752717 334.214522547226
1112000 118.745351745824 105.760567888743 109.916117453082 334.422037087649
1113000 118.884875222376 105.873699621152 110.074791773941 334.833366617468
1114000 118.940167213637 105.977276120215 110.160359083155 335.077802417007
1115000 119.083137351912 106.082594266015 110.296020087413 335.46175170534
1116000 119.121607905485 106.142328479157 110.396898896682 335.660835281323
1117000 119.260401100239 106.256598263707 110.521427361804 336.03842672575
1118000 119.338805574076 106.360213903211 110.634711773165 336.333731250451
1119000 119.408850094698 106.404903614472 110.666581486751 336.480335195921
1120000 119.478093703731 106.535008999175 110.771253041663 336.784355744569
1121000 119.597213097819 106.570336040204 110.901170669192 337.068719807215
1122000 119.666268867586 106.681206685305 111.002968334022 337.350443886913
1123000 119.824548631289 106.798988241809 111.090601753143 337.714138626241
1124000 119.996258591009 106.841421881782 111.197788956948 338.035469429738
1125000 120.122938042808 106.958407848665 111.263830379566 338.34517627104
1126000 120.204545195809 107.027103599922 111.351128073201 338.582776868933
1127000 120.236453286967 107.115968408872 111.451564759853 338.803986455693
1128000 120.31585124151 107.225454813391 111.508751817196 339.050057872097
1129000 120.374808227596 107.326475029008 111.629746414675 339.331029671279
1130000 120.487905565498 107.455748507827 111.723700770457 339.667354843781
1131000 120.627931493861 107.552826318368 111.860848667574 340.041606479802
1132000 120.754371153622 107.631426220158 111.988129415714 340.373926789494
1133000 120.822890122278 107.799286663668 112.040499999925 340.662676785872
1134000 120.937080193625 107.848254486393 112.119808105157 340.905142785175
1135000 121.05663155101 107.939455855644 112.293042171593 341.289129578246
1136000 121.185963921356 108.033996726442 112.371590773668 341.591551421467
1137000 121.306835519428 108.159551764114 112.454983056155 341.921370339697
1138000 121.337309361891 108.296680053137 112.57977623622 342.213765651249
1139000 121.453788789966 108.389961178156 112.634566525274 342.478316493396
1140000 121.494547686237 108.576249826046 112.661446547022 342.732244059305
1141000 121.604802470456 108.665365737447 112.742236378246 343.012404586148
1142000 121.734984716318 108.767732634264 112.809890805075 343.312608155658
1143000 121.83205126822 108.851870458746 112.94001593932 343.623937666287
1144000 121.961385993842 108.909631935687 113.020035566031 343.89105349556
1145000 122.089675486375 108.970004097635 113.142442836121 344.202122420131
1146000 122.175803647365 109.099749181878 113.316679080664 344.592231909907
1147000 122.346882005255 109.191053821905 113.36970982473 344.90764565189
1148000 122.40715705724 109.217462817334 113.510266623336 345.13488649791
1149000 122.580253656695 109.282337117517 113.584567396671 345.447158170884
1150000 122.711741886499 109.345876507267 113.679756668408 345.737375062174
1151000 122.825946467387 109.509451164334 113.762727857899 346.09812548962
1152000 122.923404793929 109.572832419898 113.821485639106 346.317722852933
1153000 123.06764179306 109.658411923027 113.949995814475 346.676049530562
1154000 123.198184198605 109.723442695585 114.0353617597 346.956988653889
1155000 123.333754163982 109.835202595976 114.132426874373 347.301383634331
1156000 123.432192410981 109.902117174816 114.244089012282 347.57839859808
1157000 123.491644719851 109.991593751454 114.36307363033 347.846312101635
1158000 123.589840628428 110.108866843096 114.429089840011 348.127797311535
1159000 123.660336370218 110.17938220955 114.462354094657 348.302072674425
1160000 123.735342028269 110.315472908873 114.556640315931 348.607455253073
1161000 123.834851008738 110.406839659076 114.67460356688 348.916294234694
1162000 123.967896415997 110.530304938383 114.799687466855 349.297888821235
1163000 124.078162705139 110.69362630059 114.790716357903 349.562505363632
1164000 124.173449449803 110.795216554933 114.87563875822 349.844304762956
1165000 124.24178698698 110.861890070866 115.019095397577 350.122772455422
1166000 124.291093512631 110.957904981233 115.085504050996 350.33450254486
1167000 124.422744129204 111.065619868107 115.204143810158 350.692507807469
1168000 124.518850985335 111.143630375258 115.264682243848 350.92716360444
1169000 124.626845100513 111.334280464621 115.404860835155 351.365986400289
1170000 124.726348915694 111.394930910474 115.512791306778 351.634071132946
1171000 124.805402388331 111.458427138089 115.651842083297 351.915671609717
1172000 124.915992377114 111.522919516448 115.67523258429 352.114144477852
1173000 125.046040432272 111.695281111775 115.747369902282 352.488691446328
1174000 125.137933440746 111.761846871005 115.871338286263 352.771118598014
1175000 125.255056492155 111.860478588107 115.941986226083 353.057521306345
1176000 125.423352503349 111.929270906706 116.036667273007 353.389290683062
1177000 125.513832198786 111.990388387568 116.166685830072 353.670906416427
1178000 125.587196272609 112.107604785454 116.238854717271 353.933655775334
1179000 125.698653818666 112.237171328749 116.363970424112 354.299795571526
1180000 125.814784450813 112.268460994066 116.427023765666 354.510269210545
1181000 125.958880195297 112.374621429762 116.533449622241 354.8669512473
1182000 126.021020788386 112.467752086523 116.639486436155 355.128259311063
1183000 126.180641322857 112.552855403355 116.79549670348 355.528993429692
1184000 126.277173690075 112.613297462847 116.900279970879 355.790751123801
1185000 126.392587779653 112.704236439196 117.019861575803 356.116685794652
1186000 126.525315710928 112.870117283783 117.088328129984 356.483761124695
1187000 126.638863647671 112.984463239115 117.208891435482 356.832218322268
1188000 126.662836623382 113.015716421371 117.297168529321 356.975721574074
1189000 126.817816019864 113.172107999718 117.405503828228 357.39542784781
1190000 126.94347066471 113.245915609627 117.442757665024 357.632143939361
1191000 127.079669613637 113.312834373812 117.606147379053 357.998651366502
1192000 127.181432447276 113.433931300186 117.725002042436 358.340365789899
1193000 127.317823725557 113.489540163987 117.811434803575 358.61879869312
1194000 127.422811283379 113.618139867621 117.864121599126 358.905072750126
1195000 127.503771094728 113.661096817628 117.967210803686 359.132078716041
1196000 127.603968447689 113.785488057334 118.076939007419 359.466395512443
1197000 127.677925091776 113.908698671407 118.206878397744 359.793502160927
1198000 127.732084217785 113.987867539106 118.260700947124 359.980652704016
1199000 127.869764425413 114.036900247311 118.348594343784 360.255259016508
1200000 127.99082454764 114.142358217375 118.465024102335 360.598206867349
1201000 128.063852696671 114.263944100526 118.592155075193 360.919951872389
1202000 128.142422163652 114.332923002465 118.689711789175 361.165056955292
1203000 128.266647142968 114.416487831685 118.732033475316 361.415168449968
1204000 128.313848873586 114.50110135063 118.840367438147 361.655317662363
1205000 128.465162713291 114.59674419029 118.906409115332 361.968316018913
1206000 128.545553841805 114.66083869867 118.959889307 362.166281847474
1207000 128.666471325236 114.802940678291 119.040213854273 362.5096258578
1208000 128.766803690061 114.852165014513 119.052763790493 362.671732495067
1209000 128.854037255353 114.999444250179 119.207376425619 363.060857931151
1210000 128.922193285676 115.066263186197 119.27442098488 363.262877456753
1211000 129.032748184895 115.118778495039 119.400808999647 363.552335679581
1212000 129.102724618468 115.235247410571 119.508233202789 363.846205231829
1213000 129.258104672566 115.296414117443 119.591289505641 364.14580829565
1214000 129.340903777631 115.33114520691 119.675391971428 364.347440955969
1215000 129.520552472387 115.377406188803 119.748395289393 364.646353950583
1216000 129.592416283631 115.499718722111 119.852106052131 364.944241057873
1217000 129.69555170584 115.603284063889 119.924983712135 365.223819481864
1218000 129.763467546714 115.681519865473 119.974998372386 365.419985784573
1219000 129.836756884564 115.795972037111 120.15158100031 365.784309921986
1220000 129.954202611452 115.868155665084 120.209784336132 366.032142612668
1221000 130.101447550792 115.954959026649 120.335306530209 366.39171310765
1222000 130.189069738627 116.039259610332 120.391953401233 366.620282750191
1223000 130.272359147763 116.127151868591 120.504512642875 366.904023659229
1224000 130.346520132357 116.225013402029 120.575743466871 367.147277001256
1225000 130.441361615758 116.306920649972 120.626181973531 367.374464239261
1226000 130.591418399276 116.403447507526 120.707313232919 367.702179139721
1227000 130.701721324385 116.541963565769 120.909427406482 368.153112296636
1228000 130.769569591966 116.577459499938 120.98000900588 368.327038097784
1229000 130.869844076345 116.739318738038 121.126367799065 368.735530613448
1230000 130.938346453004 116.825877976306 121.215957619197 368.980182048507
1231000 131.044155050355 116.890136687698 121.327310448255 369.261602186309
1232000 131.165538130762 116.962985658317 121.417164747858 369.545688536937
1233000 131.200608411834 117.080504661731 121.494058419793 369.775171493358
1234000 131.311221729796 117.140949779513 121.585015543403 370.037187052712
1235000 131.366768046309 117.237488461265 121.668515368611 370.272771876186
1236000 131.543936992678 117.335396945038 121.808617742808 370.687951680523
1237000 131.644597564325 117.436468288453 121.929277726968 371.010343579746
1238000 131.724720792958 117.501162045688 122.014552293391 371.240435132036
1239000 131.798192586225 117.604336328793 122.17801341131 371.580542326328
1240000 131.879274567541 117.663856156355 122.2811445233 371.824275247196
1241000 132.040514910284 117.769046937486 122.335214483743 372.144776331513
1242000 132.081954587114 117.866322340419 122.443882692318 372.392159619851
1243000 132.204453972489 117.971389909988 122.51387987944 372.689723761917
1244000 132.321860926859 118.079124890067 122.629315729155 373.030301546081
1245000 132.391087935421 118.14228495063 122.761540700404 373.294913586456
1246000 132.437596512115 118.31129219247 122.86738258233 373.616271286915
1247000 132.53061713959 118.471821180659 122.969858676498 373.972296996748
1248000 132.688337023451 118.55298300323 123.009774151724 374.251094178405
1249000 132.749814542776 118.580471025018 123.020447856273 374.350733424067
1250000 132.918488527092 118.662221284897 123.136433322305 374.717143134295
1251000 133.013550086431 118.731176654682 123.31552870834 375.060255449454
1252000 133.089819881778 118.818678750413 123.406094695092 375.314593327283
1253000 133.176152849767 118.88036720245 123.469156440604 375.525676492821
1254000 133.255800524717 118.987034456403 123.54531534646 375.78815032758
1255000 133.342515068799 119.03608023592 123.639839784594 376.018435089313
1256000 133.456415558863 119.151833423344 123.720085825864 376.328334808071
1257000 133.505518679775 119.272902010476 123.802168314567 376.580589004818
1258000 133.606159540491 119.323273796668 123.953243747093 376.882677084251
1259000 133.670409924792 119.361081051798 124.042104857008 377.073595833598
1260000 133.793083335822 119.464720097752 124.12837990473 377.386183338305
1261000 133.836886406748 119.55530963196 124.241387021297 377.633583060006
1262000 133.99448859511 119.66587944908 124.37815235423 378.03852039842
1263000 134.008977633611 119.776510484457 124.361756112167 378.147244230234
1264000 134.116749092116 119.88468188541 124.440727498978 378.442158476505
1265000 134.256421502007 119.971715254475 124.59678709137 378.824923847851
1266000 134.359477789316 119.996192964655 124.765462702345 379.121133456316
1267000 134.449102226238 120.173950869134 124.829619001857 379.452672097229
1268000 134.503322531257 120.218282000881 124.986313328913 379.707917861051
1269000 134.597496213098 120.38263856516 125.108269128916 380.088403907174
1270000 134.753401072316 120.455139462982 125.240832602085 380.449373137383
1271000 134.841857891813 120.582046278244 125.300089181816 380.723993351872
1272000 134.932008202844 120.628045659938 125.349148561288 380.90920242407
1273000 134.965744155778 120.684194331382 125.513959229001 381.163897716161
1274000 135.033164178208 120.791111588442 125.584228603948 381.408504370597
1275000 135.099456881469 120.831553674922 125.645237167148 381.576247723538
1276000 135.18893453269 120.971218427683 125.734125240052 381.894278200425
1277000 135.328124828705 121.048038288943 125.835772329866 382.211935447514
1278000 135.443239228886 121.087596110763 125.984206414331 382.515041753981
1279000 135.532695940177 121.229633551477 126.037081304296 382.79941079595
1280000 135.553816869148 121.306292668678 126.09819849848 382.958308036307
1281000 135.683084266972 121.365467638281 126.205559350596 383.254111255849
1282000 135.796637070964 121.540069610331 126.393333999828 383.730040681124
1283000 135.926376384246 121.650949894549 126.475087379384 384.052413658179
1284000 136.023540952565 121.722567480106 126.60414072071 384.350249153381
1285000 136.133302345202 121.80496489508 126.695218520899 384.633485761181
1286000 136.253072309989 121.843676529425 126.776244006678 384.872992846091
1287000 136.362282876268 121.928971601258 126.933546025547 385.224800503073
1288000 136.542953095905 122.008893320081 127.006272214196 385.558118630182
1289000 136.624901327014 122.084106680123 127.157495123841 385.866503130978
1290000 136.744739313904 122.163826458064 127.227924981724 386.136490753691
1291000 136.862740066671 122.280760705168 127.380680311662 386.524181083501
1292000 136.909207450531 122.339440620347 127.490325696446 386.738973767324
1293000 137.046354076513 122.38979195219 127.597686101123 387.033832129826
1294000 137.142586151407 122.504046750275 127.737064713209 387.383697614892
1295000 137.18395343567 122.590562200217 127.771889956727 387.546405592614
1296000 137.354083576909 122.668701390539 127.917625333168 387.940410300616
1297000 137.433493913008 122.706811817794 128.088836012013 388.229141742815
1298000 137.586196607847 122.784652070764 128.165809350975 388.536658029586
1299000 137.708029554435 122.986010833529 128.171550775759 388.865591163723
1300000 137.792030783116 123.106732433877 128.316978906733 389.215742123726
1301000 137.858611953479 123.174270764633 128.474558570897 389.507441289009
1302000 137.866021860137 123.295410468948 128.560110819072 389.721543148157
1303000 138.001428163816 123.38610659508 128.696380703993 390.083915462889
1304000 138.079432708654 123.490574287897 128.848869233251 390.418876229803
1305000 138.20880523103 123.581146831517 128.925015951453 390.714968014001
1306000 138.320279902035 123.683557321929 129.018701984388 391.022539208351
1307000 138.432745050904 123.787237055477 129.106213821442 391.326195927823
1308000 138.473778204988 123.88877035967 129.229293559696 391.591842124355
1309000 138.619099614225 123.977851565714 129.40055073679 391.997501916729
1310000 138.708196661763 124.051619190634 129.434206045373 392.19402189777
1311000 138.718998935719 124.117865095906 129.534285601495 392.37114963312
1312000 138.849094078697 124.266960657611 129.690378870037 392.806433606345
1313000 138.987022451322 124.36925359074 129.737976163766 393.094252205828
1314000 139.03295765213 124.419136412892 129.907326951362 393.359421016384
1315000 139.138893665577 124.470671482541 129.9290070097 393.538572157818
1316000 139.290949171873 124.561584280541 130.048781995589 393.901315448002
1317000 139.407224666245 124.667824423998 130.146433603989 394.221482694232
1318000 139.53079357468 124.757020920096 130.247117461189 394.534931955965
1319000 139.600824408577 124.8229402383 130.369289352912 394.793053999789
1320000 139.678656495346 124.87723532792 130.473835779315 395.029727602581
1321000 139.810370005493 124.978502731723 130.515356247677 395.304228984892
1322000 139.864613678298 125.050907704643 130.609044507565 395.524565890505
1323000 139.943657938611 125.175245012626 130.691875189908 395.810778141146
1324000 140.031582263521 125.289668920563 130.794522353701 396.115773537785
1325000 140.117679718182 125.315453232715 130.889328531949 396.322461482846
1326000 140.167910147936 125.459627474475 131.054819088384 396.682356710796
1327000 140.29959458643 125.536199056924 131.135502458567 396.97129610192
1328000 140.32929039074 125.635958607793 131.135745630231 397.100994628763
1329000 140.414802840027 125.702227070343 131.238781718874 397.355811629244
1330000 140.592405455826 125.814488436129 131.395563852249 397.802457744205
1331000 140.733012492402 126.003275199799 131.469565009608 398.205852701809
1332000 140.789242474153 126.089758943526 131.62653646151 398.505537879189
1333000 140.863342961771 126.07530999948 131.707944254363 398.646597215614
1334000 140.969170613614 126.223976378583 131.741067270111 398.934214262308
1335000 141.070047380741 126.287213940312 131.83806382401 399.195325145063
1336000 141.160515889101 126.411149958415 131.96827852098 399.539944368496
1337000 141.246901252907 126.515921941012 132.044103331638 399.806926525557
1338000 141.316660941236 126.596619156821 132.177667953769 400.090948051825
1339000 141.431700952195 126.759123581072 132.250889587461 400.441714120728
1340000 141.588823263057 126.83027010771 132.322173278685 400.741266649451
1341000 141.69441715884 126.896358255583 132.372121885384 400.962897299807
1342000 141.721357046026 126.993800022992 132.557585131277 401.272742200294
1343000 141.893693558372 127.149829015156 132.620692573268 401.664215146796
1344000 141.965629527606 127.200619453865 132.701183501135 401.867432482606
1345000 142.025510645372 127.343193676748 132.859409481424 402.228113803545
1346000 142.153473751483 127.444786751294 133.01423202113 402.612492523907
1347000 142.289231175875 127.534026104109 133.163788606082 402.987045886066
1348000 142.353549689057 127.702585703949 133.219198560128 403.275333953135
1349000 142.440693886984 127.767064081043 133.266097872475 403.473855840502
1350000 142.51154107875 127.833462033393 133.428834602224 403.773837714367
1351000 142.635748238504 127.829019547665 133.510134353015 403.974902139184
1352000 142.715750790512 127.916787881393 133.650626402004 404.28316507391
1353000 142.804880171106 127.981648577642 133.672814243442 404.45934299219
1354000 142.952572798851 128.09958877965 133.760365747309 404.81252732581
1355000 143.073000900254 128.186208440082 133.822671654148 405.081880994484
1356000 143.190551155305 128.332461959338 133.921135634112 405.444148748756
1357000 143.344988705699 128.373793936841 133.999400804341 405.718183446881
1358000 143.392796993523 128.427891225385 134.073581693195 405.894269912103
1359000 143.481637785181 128.509885352044 134.192700331446 406.18422346867
1360000 143.606568916253 128.621562787451 134.296954390534 406.525086094237
1361000 143.778706559664 128.747715819313 134.363861552362 406.890283931339
1362000 143.805530471829 128.818677787547 134.385800218877 407.010008478252
1363000 143.936736856648 128.908510307468 134.541399529272 407.386646693388
1364000 143.999863162406 129.070171799626 134.520158684014 407.590193646046
1365000 144.091889480298 129.161971949816 134.69067910922 407.944540539334
1366000 144.148700149667 129.259127963662 134.751112506217 408.158940619546
1367000 144.266775490769 129.321828888429 134.892555033078 408.481159412276
1368000 144.327837689398 129.361312590256 134.987036646848 408.676186926501
1369000 144.467605425032 129.375054254802 135.055549711047 408.898209390881
1370000 144.596920585511 129.422128518377 135.182319653946 409.201368757834
1371000 144.660689047036 129.567339736212 135.285960033126 409.513988816374
1372000 144.781841123158 129.619443065921 135.348099205939 409.749383395018
1373000 144.861144746791 129.729660950371 135.455724716272 410.046530413433
1374000 144.942801244894 129.775505356066 135.590143890562 410.308450491523
1375000 145.006597711776 129.893971428592 135.65492855991 410.555497700278
1376000 145.15937578423 129.97163007363 135.735273154358 410.866279012219
1377000 145.2195999845 130.093590135674 135.804896641656 411.11808676183
1378000 145.354793486464 130.18969785522 135.942228956789 411.486720298473
1379000 145.446979686803 130.303454627184 136.0309258546 411.781360168587
1380000 145.559170743074 130.432865785597 136.1041658995 412.096202428171
1381000 145.586122599578 130.513754843697 136.242611725454 412.342489168729
1382000 145.705390087488 130.545504839132 136.279773541728 412.530668468348
1383000 145.786115424577 130.655341029795 136.385914152812 412.827370607184
1384000 145.832656050649 130.713172636362 136.468349216932 413.014177903943
1385000 145.918191980832 130.816360196284 136.511209665674 413.245761842789
1386000 146.029060923829 130.899158534347 136.667416496465 413.59563595464
1387000 146.105179245803 130.982906576688 136.786008887901 413.874094710392
1388000 146.208276309569 131.076086493032 136.922072948842 414.206435751442
1389000 146.317336947558 131.1388899816 136.964233750477 414.420460679635
1390000 146.425961705308 131.241163821221 137.070837622098 414.737963148628
1391000 146.511294994924 131.329515179685 137.165363588206 415.006173762815
1392000 146.630791218095 131.399535860616 137.267106305162 415.297433383874
1393000 146.722534205153 131.47082264262 137.326319720176 415.51967656795
1394000 146.797541537386 131.554626862673 137.44827219819 415.800440598248
1395000 146.849680971446 131.640677293873 137.535460172487 416.025818437806
1396000 146.943421523112 131.735080079266 137.666256168622 416.344757770999
1397000 147.029476680434 131.78869449569 137.731373972621 416.549545148745
1398000 147.060407731925 131.83512164501 137.844665426596 416.74019480353
1399000 147.172630554431 131.942740811355 137.951547721094 417.06691908688
1400000 147.235823236834 132.019799461306 137.992260031937 417.247882730077
1401000 147.415991481386 132.126894833259 138.06445441062 417.607340725265
1402000 147.508568531673 132.217005331708 138.164321528629 417.88989539201
1403000 147.576669839528 132.307021438631 138.255295257843 418.138986536002
1404000 147.704579359165 132.336013806913 138.294086403428 418.334679569506
1405000 147.796394808378 132.457354289677 138.43465750909 418.688406607146
1406000 147.864759257276 132.535062666589 138.490190425666 418.890012349531
1407000 147.941169836971 132.646233041511 138.63930092298 419.226703801462
1408000 148.077593337681 132.741895553633 138.737581558914 419.557070450228
1409000 148.170011901585 132.802321856933 138.796100178834 419.768433937352
1410000 148.191437519387 132.925737967562 138.883079401089 420.000254888038
1411000 148.336561825646 132.994734693416 138.971587965105 420.302884484167
1412000 148.447467736507 133.125330611695 139.05670214188 420.629500490082
1413000 148.500324141399 133.240624382959 139.139889470583 420.880837994941
1414000 148.607435063308 133.31111838063 139.229295578763 421.147849022701
1415000 148.749812209746 133.376404559889 139.31744363363 421.443660403265
1416000 148.823964300396 133.475106082805 139.45981002345 421.758880406651
1417000 148.93042557297 133.533255065211 139.527397226511 421.991077864691
1418000 149.01326046822 133.606418890687 139.568330161034 422.188009519941
1419000 149.149983787806 133.702194491812 139.727879315182 422.580057594799
1420000 149.191859627917 133.75197820973 139.788412395627 422.732250233275
1421000 149.285241595461 133.879247401605 139.88229975444 423.046788751506
1422000 149.367642198723 133.952625523162 139.961551657107 423.281819378992
1423000 149.468661292585 134.008098599535 140.067785610267 423.544545502387
1424000 149.590627342815 134.077319404201 140.139553523788 423.807500270804
1425000 149.750629634771 134.173636396686 140.250906527123 424.17517255858
1426000 149.887460939024 134.266600998871 140.430832908907 424.584894846802
1427000 149.998219736907 134.336607059877 140.535172796712 424.869999593497
1428000 150.11278637735 134.43381258871 140.616001614791 425.162600580851
1429000 150.273083977856 134.541276652385 140.73014579847 425.544506428711
1430000 150.380550825742 134.562161543558 140.738246796222 425.680959165523
1431000 150.438375650282 134.716683711611 140.881589874779 426.036649236672
1432000 150.597809494288 134.866267688214 140.919382426064 426.383459608567
1433000 150.608059077224 134.975640395031 141.016487237261 426.600186709515
1434000 150.747470034202 135.052130963137 141.105683088567 426.905284085906
1435000 150.864678050317 135.116024016082 141.244045680505 427.224747746904
1436000 150.945391719803 135.272997214271 141.335562595983 427.553951530056
1437000 151.054106071284 135.360456470522 141.497293225569 427.911855767375
1438000 151.206302312899 135.402115100867 141.564702662725 428.173120076491
1439000 151.352079055886 135.523610683899 141.629210574322 428.504900314107
1440000 151.438495437481 135.656951182348 141.682466547795 428.777913167624
1441000 151.552287759766 135.743388862541 141.812485615281 429.108162237588
1442000 151.63216320175 135.775909864529 141.904196421764 429.312269488044
1443000 151.71452756097 135.933727133513 142.057060218815 429.705314913299
1444000 151.874633269366 135.980872163932 142.078477235163 429.933982668461
1445000 151.912458332105 136.154601648021 142.196404038109 430.263464018236
1446000 152.015693686415 136.221755348096 142.285962381502 430.523411416013
1447000 152.146812325756 136.36177938445 142.394476155303 430.903067865509
1448000 152.234869252014 136.388188329516 142.463150178104 431.086207759634
1449000 152.260630289401 136.501932026251 142.582649888724 431.345212204375
1450000 152.374471379331 136.621436183723 142.618153249028 431.614060812081
1451000 152.49425491282 136.665828185122 142.799938689433 431.960021787375
1452000 152.61949054371 136.775258391711 142.877277264385 432.272026199806
1453000 152.714154996568 136.867014687713 142.994267618902 432.575437303183
1454000 152.809398024065 136.956799929053 143.161226042197 432.927423995315
1455000 152.88804066816 136.973718815503 143.253067194043 433.114826677706
1456000 152.974341896647 137.12973622498 143.325883065137 433.429961186763
1457000 153.073755403251 137.213790360505 143.397885814095 433.685431577852
1458000 153.170501207921 137.288790723797 143.484073802298 433.943365734016
1459000 153.325233789403 137.363713658561 143.599360210373 434.288307658338
1460000 153.479099810414 137.413281815279 143.707796442946 434.600178068639
1461000 153.614241477339 137.516647385148 143.835363784582 434.966252647069
1462000 153.660634226117 137.624634006639 143.880847224842 435.166115457598
1463000 153.82867092837 137.705596082391 143.930256801836 435.464523812598
1464000 153.861245668922 137.811638432745 144.056838824498 435.729722926164
1465000 154.074214603057 137.948611103592 144.152569194437 436.175394901086
1466000 154.174773744161 138.058349657217 144.231970037499 436.465093438877
1467000 154.299141006178 138.190011760005 144.354465445977 436.843618212159
1468000 154.354357193655 138.278583604893 144.435850735604 437.068791534152
1469000 154.500236546219 138.37941019046 144.506733725801 437.38638046248
1470000 154.549644643794 138.472418219361 144.587849519481 437.609912382636
1471000 154.704441717661 138.591769190669 144.685166274509 437.981377182839
1472000 154.801517780617 138.638523374418 144.777324041714 438.217365196748
1473000 154.823894856656 138.754837199399 144.875691207968 438.454423264023
1474000 154.941206068765 138.842533795563 144.988934415492 438.77267427982
1475000 155.050116268335 138.906568444442 145.144773581129 439.101458293906
1476000 155.148136989951 139.008006427219 145.14766556594 439.30380898311
1477000 155.216597558614 139.063260660249 145.248775851317 439.52863407018
1478000 155.408424344404 139.138001866791 145.351770705589 439.898196916783
1479000 155.500685106644 139.312781060244 145.542334823843 440.35580099073
1480000 155.579824445114 139.372922265656 145.606601333294 440.559348044065
1481000 155.691967789815 139.479551543107 145.738679891847 440.910199224769
1482000 155.798257726822 139.594940843339 145.824608087188 441.21780665735
1483000 155.967004812226 139.629524995348 145.954837691806 441.551367499379
1484000 156.063921694669 139.799616111439 145.933669907374 441.797207713482
1485000 156.194416243852 139.879452499303 146.103658940291 442.177527683447
1486000 156.310462596791 139.980671464516 146.124750966497 442.415885027804
1487000 156.399913114901 140.093951880491 146.197909846105 442.691774841497
1488000 156.549087750246 140.197027555967 146.242413550882 442.988528857095
1489000 156.611445031843 140.204470339889 146.423102991133 443.239018362865
1490000 156.69673508153 140.378907035589 146.47228525002 443.547927367138
1491000 156.876364815749 140.400405848845 146.575101555158 443.851872219752
1492000 156.915726469011 140.570451850352 146.67094019782 444.157118517182
1493000 157.08161998605 140.646720076099 146.78443642673 444.512776488878
1494000 157.227370652144 140.709237776575 146.931468433192 444.868076861911
1495000 157.279134172653 140.804179480362 146.989485842001 445.072799495015
1496000 157.428230536948 140.860242866315 147.096162705856 445.384636109119
1497000 157.49715307553 140.950127603758 147.202257467295 445.649538146583
1498000 157.623048536102 141.009765958692 147.346467061143 445.979281555938
1499000 157.706213484764 141.049081442388 147.452683140221 446.207978067373
1500000 157.797302488849 141.135495301419 147.526371214748 446.459169005017
1501000 157.958532862909 141.219445451112 147.609881634337 446.787859948358
1502000 158.047842111388 141.39885819999 147.694253341487 447.140953652865
1503000 158.050537628528 141.449953670311 147.793294774688 447.293786073527
1504000 158.16238840302 141.525958525267 147.895208076166 447.583555004453
1505000 158.252309133805 141.64118655718 147.997412025126 447.890907716111
1506000 158.390331093973 141.756176918812 148.113673465371 448.260181478156
1507000 158.427630505231 141.86636468676 148.156102239237 448.450097431229
1508000 158.57862441498 141.944375901148 148.290533330367 448.813533646494
1509000 158.67423400848 141.996242393898 148.355836257857 449.026312660235
1510000 158.738599506023 142.075407664919 148.406393670548 449.22040084149
1511000 158.855592998638 142.217728371961 148.496761593821 449.570082964419
1512000 158.985359545758 142.349292057767 148.606132538242 449.940784141767
1513000 159.055687216274 142.379549435895 148.730487978234 450.165724630402
1514000 159.195893560544 142.476942278431 148.829697518639 450.502533357613
1515000 159.220331440279 142.535242938056 148.986900174651 450.742474552986
1516000 159.391567597054 142.62081676041 149.07997835207 451.092362709534
1517000 159.453107071131 142.701086077991 149.096351409773 451.250544558895
1518000 159.536258779388 142.782884618008 149.215190766996 451.534334164393
1519000 159.717615145954 142.827231626174 149.248483129484 451.793329901612
1520000 159.823607138718 142.898772042483 149.391528887498 452.113908068698
1521000 159.871528748793 142.997592628917 149.475766282907 452.344887660616
1522000 160.010089334316 143.060639387617 149.530804425357 452.60153314729
1523000 160.113294846068 143.148384264911 149.681921468916 452.943600579895
1524000 160.182822796296 143.213483549541 149.69810388165 453.094410227487
1525000 160.268884073709 143.290510533329 149.839406383433 453.398800990471
1526000 160.353760114518 143.401098690605 149.915722097764 453.670580902887
1527000 160.468494512931 143.468376328353 149.976830579253 453.913701420537
1528000 160.551595929257 143.53036495256 150.067755068013 454.149715949831
1529000 160.64331942526 143.65867878023 150.163161617134 454.465159822623
1530000 160.762536188424 143.787536813234 150.23965606677 454.789729068428
1531000 160.893087481018 143.838448454503 150.390953280745 455.122489216267
1532000 161.007022458806 143.992556953433 150.490278693747 455.489858105986
1533000 161.074557817357 144.038636034256 150.578430361554 455.691624213167
1534000 161.168461965651 144.122351235169 150.691294481311 455.982107682132
1535000 161.270748477507 144.262325804245 150.739414476042 456.272488757794
1536000 161.403526083772 144.30664921111 150.880210640266 456.590385935148
1537000 161.469659568867 144.377089663727 150.981710013951 456.828459246545
1538000 161.561614554544 144.497592661228 151.122749823471 457.181957039244
1539000 161.688585748648 144.534698923716 151.19916861153 457.422453283894
1540000 161.736738766916 144.683307868798 151.313464305884 457.733510941598
1541000 161.858945464306 144.735764975315 151.458171081904 458.052881521526
1542000 161.981945054272 144.853092852658 151.493454237075 458.328492144005
1543000 162.040970225779 144.931626925627 151.559771692827 458.532368844234
1544000 162.136157026411 144.993698032229 151.676936895281 458.80679195392
1545000 162.241409816404 145.090121752104 151.798561744443 459.130093312952
1546000 162.396853660611 145.210746119138 151.908280727395 459.515880507144
1547000 162.42843105507 145.211747169167 152.023875647955 459.664053872191
1548000 162.527817298191 145.329844549175 152.093922049849 459.951583897215
1549000 162.664903028377 145.46709238177 152.192599606717 460.324595016864
1550000 162.771961060636 145.598334278805 152.295938252873 460.666233592314
1551000 162.946370415066 145.684745335069 152.391358062932 461.022473813068
1552000 163.038743814122 145.804173735589 152.563958970302 461.406876520013
1553000 163.15127039257 145.89852795982 152.611321951405 461.661120303795
1554000 163.227738531252 145.992904442417 152.752236983278 461.972879956948
1555000 163.283353045964 146.070375866695 152.840940997783 462.194669910442
1556000 163.438831895501 146.178453522093 152.91560056302 462.532885980614
1557000 163.501357656649 146.242659603878 153.001354059213 462.745371319741
1558000 163.604754521722 146.375144294134 153.110309975853 463.090208791709
1559000 163.653134352062 146.46621757412 153.202242071409 463.321593997591
1560000 163.713013237575 146.508931240693 153.26541599291 463.487360471179
1561000 163.842944294467 146.634515608829 153.375719473916 463.853179377212
1562000 163.948452741728 146.779839352333 153.474223295048 464.202515389109
1563000 164.027864307799 146.829365690426 153.616514203533 464.473744201758
1564000 164.020120741812 146.862440615883 153.728690901216 464.611252258911
1565000 164.154240037236 146.982856909612 153.749464383541 464.88656133039
1566000 164.190429902973 147.044831360956 153.811797703897 465.047058967826
1567000 164.347586878729 147.143184080623 153.868598844768 465.359369804119
1568000 164.407054045457 147.275933407163 154.025876568947 465.708864021566
1569000 164.479130809703 147.376817891705 154.108823689137 465.964772390544
1570000 164.588875404448 147.471438398467 154.156151627155 466.21646543007
1571000 164.683117496807 147.539869053839 154.287535281938 466.510521832584
1572000 164.843484184824 147.595040127219 154.337936277264 466.776460589308
1573000 164.904421048523 147.669585243681 154.507264066247 467.081270358451
1574000 165.006401484076 147.747938937797 154.612053882752 467.366394304625
1575000 165.129712377039 147.872328130936 154.657764165846 467.65980467382
1576000 165.221293670095 147.929517333846 154.751337605908 467.902148609848
1577000 165.308654773297 148.109778634454 154.856249124091 468.274682531842
1578000 165.403447746835 148.143232055746 154.960850388884 468.507530191465
1579000 165.515319642216 148.236284496119 155.006713938294 468.758318076629
1580000 165.618215288698 148.299442729258 155.132323973701 469.049981991657
1581000 165.73614871917 148.445252070724 155.202731095121 469.384131885015
1582000 165.783412694322 148.456765825411 155.270390699561 469.510569219294
1583000 165.86465325414 148.561568968323 155.405086255615 469.831308478078
1584000 165.977352554495 148.668314935878 155.573889988437 470.219557478809
1585000 166.042970209072 148.713511669716 155.631281134508 470.387763013296
1586000 166.156869471488 148.863943663622 155.671178580231 470.691991715342
1587000 166.307387645805 148.984631549114 155.793967282647 471.085986477565
1588000 166.392584180561 149.10092060446 155.980174553614 471.473679338635
1589000 166.45021621001 149.179300052307 156.075946449825 471.705462712141
1590000 166.536333086032 149.24536152759 156.215316381648 471.99701099527
1591000 166.655763956236 149.279107897482 156.352307468159 472.287179321877
1592000 166.685915788329 149.428911098678 156.353169860261 472.467996747268
1593000 166.76084254342 149.510644458637 156.464520132644 472.736007134702
1594000 166.962550040479 149.57525307464 156.576409744745 473.114212859864
1595000 167.057198901538 149.69964660538 156.71385930994 473.470704816858
1596000 167.165098062028 149.78676421022 156.7914794533 473.743341725548
1597000 167.299359773332 149.886975050759 156.920966006508 474.107300830599
1598000 167.32911298649 149.986814163414 156.994060132395 474.3099872823
1599000 167.386971885126 150.077700371108 157.061024404891 474.525696661125
1600000 167.484826285294 150.169389914008 157.138262060046 474.792478259349
1601000 167.614651958158 150.239479063251 157.212979890862 475.067110912272
1602000 167.778411990531 150.308954468362 157.361566444444 475.448932903337
1603000 167.843131342279 150.419574243637 157.390666401673 475.653371987589
1604000 167.930083065684 150.483339903597 157.473588915319 475.887011884599
1605000 168.036302322624 150.564913249025 157.5773396921 476.178555263749
1606000 168.132889464071 150.665466093572 157.659648952965 476.458004510608
1607000 168.233811718652 150.782982420418 157.857917567628 476.874711706698
1608000 168.346483459446 150.952896856913 157.927780541262 477.227160857621
1609000 168.465875061572 151.105243032171 158.031642519181 477.602760612924
1610000 168.50655153163 151.235024362973 158.128538461201 477.870114355805
1611000 168.596735484175 151.312141417729 158.198947202006 478.10782410391
1612000 168.661281110492 151.307513294033 158.323874796604 478.292669201129
1613000 168.811153111137 151.377440560365 158.422663043597 478.6112567151
1614000 168.888979785736 151.463297200335 158.54504713088 478.897324116951
1615000 168.904254668907 151.48101170927 158.572961603252 478.958227981429
1616000 169.012788317247 151.663062712092 158.687428786519 479.363279815857
1617000 169.122838596864 151.780296471165 158.765274546696 479.668409614724
1618000 169.292762574554 151.919179832277 158.816384858283 480.028327265115
1619000 169.424558077366 151.965565548796 158.978160704667 480.36828433083
1620000 169.537053444137 152.159222381361 159.071272303011 480.767548128509
1621000 169.639964336257 152.255760473975 159.109761460657 481.005486270889
1622000 169.713645323239 152.306805520942 159.201845788194 481.222296632375
1623000 169.80816218034 152.383724760034 159.310402634187 481.50228957456
1624000 169.926457629719 152.45560032354 159.39359328856 481.77565124182
1625000 169.9887001713 152.594105819036 159.479079424025 482.061885414362
1626000 170.075446903285 152.650106210703 159.519446318713 482.244999432701
1627000 170.116413476663 152.736243668155 159.647537699344 482.500194844162
1628000 170.196804454675 152.85471957548 159.728624753757 482.780148783913
1629000 170.257228842786 152.908603198567 159.833185318995 482.999017360347
1630000 170.309252815732 152.995590957668 159.939833759933 483.244677533332
1631000 170.413620781086 153.101403614506 160.078593613138 483.59361800873
1632000 170.567033038071 153.165890004049 160.207401208049 483.940324250169
1633000 170.611659552138 153.195012464565 160.293711021548 484.100383038251
1634000 170.705119203245 153.309216525061 160.399631515374 484.413967243679
1635000 170.806367553397 153.345278434224 160.472493918113 484.624139905735
1636000 170.902732361311 153.456273090438 160.640261572859 484.999267024608
1637000 171.039566526798 153.594506029365 160.758824959082 485.392897515244
1638000 171.024909658346 153.691790634873 160.867784307186 485.584484600405
1639000 171.123535189893 153.752373566695 160.940552187578 485.816460944165
1640000 171.204411392656 153.815116737879 161.160496304043 486.180024434578
1641000 171.220866895823 153.996569942216 161.183324966171 486.40076180421
1642000 171.302743446971 154.114250946333 161.294311707168 486.711306100471
1643000 171.481722124977 154.198871022156 161.339621495555 487.020214642689
1644000 171.571844482747 154.312215491912 161.474150259994 487.358210234652
1645000 171.641953580624 154.348921685251 161.592312243943 487.583187509818
1646000 171.760138051904 154.447804295623 161.674315329263 487.882257676789
1647000 171.830390059351 154.569780841987 161.79111488903 488.191285790369
1648000 171.929759182258 154.643977637046 161.931622253379 488.505359072683
1649000 172.086247208494 154.69693391767 162.053439816134 488.836620942298
1650000 172.19268492977 154.821334909937 162.10754831983 489.121568159537
1651000 172.287672460386 154.95438175134 162.198580842841 489.440635054567
1652000 172.366284562657 154.954066268339 162.190384189718 489.510735020714
1653000 172.527169196846 155.093994201182 162.300259529883 489.92142292791
1654000 172.610412182802 155.20854430026 162.433619361537 490.252575844599
1655000 172.704252454851 155.216692911304 162.537790738995 490.45873610515
1656000 172.837135767821 155.373981408682 162.566695891596 490.777813068099
1657000 172.914358320966 155.458094853239 162.708524125698 491.080977299904
1658000 172.97069495166 155.530971617531 162.78380005801 491.285466627202
1659000 173.117601820036 155.632599957902 162.832083416784 491.582285194722
1660000 173.210174058729 155.708769701342 162.968967841454 491.887911601526
1661000 173.252451973793 155.831089432695 163.123671751257 492.207213157746
1662000 173.411924288985 155.869047077869 163.20234048649 492.483311853345
1663000 173.399309193663 155.978198227444 163.268394795892 492.645902216998
1664000 173.551140465766 156.088968100529 163.391399467979 493.031508034273
1665000 173.646470922331 156.179082071621 163.493937950406 493.319490944357
1666000 173.762689705431 156.24832216062 163.578364966474 493.589376832525
1667000 173.897988996297 156.402078188489 163.655832816812 493.955900001598
1668000 174.073069452001 156.514524357895 163.777818313055 494.365412122951
1669000 174.169003549403 156.589953991416 163.860813860007 494.619771400826
1670000 174.254697483032 156.73797176247 164.013384689162 495.006053934664
1671000 174.359453415414 156.789382722452 164.056407525448 495.205243663314
1672000 174.34549903594 156.940015795479 164.219233356746 495.504748188164
1673000 174.453067971805 157.054010959191 164.272104919991 495.779183850986
1674000 174.551409339779 157.072211603686 164.419204616114 496.04282555958
1675000 174.653031533762 157.132198297878 164.483834971917 496.269064803557
1676000 174.641323639771 157.242126075769 164.550205397287 496.433655112826
1677000 174.805724030007 157.354091488214 164.595648757853 496.755464276074
1678000 174.859900492207 157.416848526557 164.70699771678 496.983746735543
1679000 174.98294710576 157.566169588667 164.80353276478 497.352649459206
1680000 175.094542005831 157.64815238008 164.937971111887 497.680665497798
1681000 175.222262651161 157.715021579614 164.878713442882 497.815997673658
1682000 175.312004033805 157.77668572307 165.005381852502 498.094071609377
1683000 175.394949219542 157.904990055136 165.068091760635 498.368031035313
1684000 175.498825079693 157.978006346399 165.161760244353 498.638591670445
1685000 175.613808940814 158.056036314022 165.260332184651 498.930177439488
1686000 175.746278022448 158.161865178932 165.334940714913 499.243083916293
1687000 175.787715786165 158.296769154377 165.471682067539 499.556167008081
1688000 175.925626622998 158.368563151367 165.577604660204 499.871794434569
1689000 176.051694043566 158.477283228663 165.667341359692 500.196318631921
1690000 176.12288058185 158.547774324868 165.755081025112 500.42573593183
1691000 176.273663428731 158.617218687139 165.863220989105 500.754103104975
1692000 176.356844550882 158.744436341947 165.958741878281 501.06002277111
1693000 176.525628235094 158.821423378707 166.022155877894 501.369207491695
1694000 176.642342921088 158.868569773882 166.12535042319 501.63626311816
1695000 176.81130653391 158.955692884643 166.317355917382 502.084355335935
1696000 176.913954274728 159.003914076796 166.38277264022 502.300640991744
1697000 177.116318974791 159.16854872823 166.50824365122 502.793111354241
1698000 177.223380826231 159.207219046856 166.593705596926 503.024305470012
1699000 177.347133369753 159.29565975202 166.62632456706 503.269117688834
1700000 177.412938830715 159.369987466244 166.705374142177 503.488300439135
1701000 177.463454507358 159.367038444943 166.817686501191 503.648179453491
1702000 177.580175658946 159.510540373542 166.926171439373 504.016887471861
1703000 177.701136999889 159.584968206477 167.026084653569 504.312189859934
1704000 177.734367585211 159.711106459404 167.061360749992 504.506834794607
1705000 177.887949065204 159.812552125366 167.108649559453 504.809150750024
1706000 177.995043330605 159.881186614641 167.13934612882 505.015576074067
1707000 178.149055343109 160.015163731975 167.234639368755 505.398858443839
1708000 178.181999288712 160.04709921151 167.323610777757 505.552709277979
1709000 178.381778311531 160.147294219177 167.438607188946 505.967679719654
1710000 178.383684838202 160.258800166499 167.444449852631 506.086934857332
1711000 178.442517564347 160.374721200357 167.604672224593 506.421910989297
1712000 178.577498661752 160.478764737501 167.720490168556 506.776753567809
1713000 178.668594076706 160.541624194737 167.825434377393 507.035652648836
1714000 178.786925882039 160.608892545089 167.971957092451 507.367775519579
1715000 178.920582590253 160.782725886328 168.098831871371 507.802140347952
1716000 179.016797872361 160.883589014228 168.169075133197 508.069462019786
1717000 179.068271056467 160.920620181638 168.235687162814 508.224578400919
1718000 179.171834580933 161.004766373964 168.42345654756 508.600057502457
1719000 179.240607160269 161.079566077248 168.449566792088 508.769740029604
1720000 179.233038577229 161.121890044794 168.576343482307 508.93127210433
1721000 179.370836315845 161.255534208587 168.746276891805 509.372647416237
1722000 179.478156134682 161.320726439932 168.85988117127 509.658763745885
1723000 179.572487490941 161.472559357035 168.988513676364 510.03356052434
1724000 179.678858665662 161.558646182148 169.096725945676 510.334230793486
1725000 179.811433687473 161.591774083049 169.128396307108 510.53160407763
1726000 179.840747756159 161.680425487792 169.22928700136 510.75046024531
1727000 179.984142879597 161.820487144148 169.319416451025 511.12404647477
1728000 180.047932959134 161.89524760067 169.400029122234 511.343209682038
1729000 180.229793406056 161.935618108259 169.450443737097 511.615855251411
1730000 180.312342544022 162.035949135735 169.535347131672 511.883638811428
1731000 180.461291184311 162.092551137417 169.6487754621 512.202617783827
1732000 180.606117575388 162.220496773861 169.718798738379 512.545413087628
1733000 180.67183297414 162.343214816472 169.778518385213 512.793566175825
1734000 180.775562433208 162.385251269395 169.855767871273 513.016581573876
1735000 180.878480466362 162.504928273998 170.000374880533 513.383783620894
1736000 180.886440858349 162.632239842192 170.047982319516 513.566663020057
1737000 181.105050184695 162.780462932791 170.126238126649 514.011751244135
1738000 181.155923287898 162.851306840577 170.241657809963 514.248887938439
1739000 181.284464071894 162.945007719954 170.224237917328 514.453709709176
1740000 181.439392541533 163.079889722892 170.316833663395 514.83611592782
1741000 181.561994201483 163.126441202233 170.394115504423 515.082550908139
1742000 181.638211730627 163.245751173841 170.521715278988 515.405678183456
1743000 181.685519311857 163.314271441076 170.65595216284 515.655742915772
1744000 181.803699615718 163.39998232125 170.756566089997 515.960248026964
1745000 181.891162911388 163.464299770743 170.809179911575 516.164642593706
1746000 182.012985156998 163.580814993122 170.863098184579 516.456898334699
1747000 182.154183823381 163.663761696886 170.961455853385 516.779401373652
1748000 182.235032542457 163.775587847752 171.09418134302 517.104801733229
1749000 182.277223495273 163.838186881401 171.17525666049 517.290667037164
1750000 182.426019851714 163.976765834521 171.210480503345 517.613266189579
1751000 182.560286321298 164.060668324248 171.249971753897 517.870926399443
1752000 182.662617887104 164.124538993779 171.356442431679 518.143599312562
1753000 182.740412849604 164.183104562403 171.483746400224 518.40726381223
1754000 182.831767250057 164.287586120072 171.584679868361 518.704033238489
1755000 182.911836040757 164.390789382341 171.618192117359 518.920817540457
1756000 183.067631370011 164.518619035831 171.647694733354 519.233945139197
1757000 183.164635184829 164.562418513931 171.750842674589 519.477896373349
1758000 183.271174707122 164.583660283305 171.885849601549 519.740684591976
1759000 183.384798290102 164.737506922659 171.901723098034 520.024028310795
1760000 183.46645022043 164.773529213915 172.040599179311 520.280578613656
1761000 183.512466174918 164.856412154005 172.150290630767 520.51916895969
1762000 183.554798838022 164.937598675215 172.27044791204 520.762845425278
1763000 183.713059714484 164.9876753521 172.328586702717 521.029321769301
1764000 183.771112117979 165.060604615341 172.368489030485 521.200205763805
1765000 183.8940586516 165.222171056568 172.543728389455 521.659958097623
1766000 183.97415514367 165.296948299357 172.707956507418 521.979059950445
1767000 184.047009067502 165.365717692288 172.766672836318 522.179399596108
1768000 184.174994876938 165.50970393769 172.833160303266 522.517859117895
1769000 184.306253456462 165.622281730985 172.958484176197 522.887019363644
1770000 184.432832447221 165.617891326412 173.097856066435 523.148579840068
1771000 184.437710811504 165.745918076066 173.195500777398 523.379129664968
1772000 184.58588168333 165.823226880165 173.293057089024 523.702165652518
1773000 184.691814607019 165.920546174737 173.387338504799 523.999699286556
1774000 184.767235464932 166.017028685207 173.484007922 524.268272072139
1775000 184.963832621652 166.144937381108 173.631301858557 524.740071861317
1776000 185.057105389552 166.179396875765 173.71078151047 524.947283775787
1777000 185.144916283835 166.280665404506 173.836975591495 525.262557279836
1778000 185.223232109935 166.339144255131 173.87205403279 525.434430397855
1779000 185.260799172653 166.486953198492 174.063613114624 525.811365485769
1780000 185.453197115729 166.566549537015 174.059908782532 526.079655435276
1781000 185.521203709817 166.701131343442 174.185345573854 526.407680627113
1782000 185.628865263593 166.765908469676 174.372961649577 526.767735382846
1783000 185.752096173037 166.927195870109 174.437982518777 527.117274561922
1784000 185.82987901877 166.905482463839 174.518782780274 527.254144262883
1785000 185.919204551686 166.954462132776 174.651630477252 527.525297161714
1786000 186.026193836319 167.070305087725 174.717984792444 527.814483716488
1787000 186.121165717928 167.171154383563 174.77174264749 528.064062748981
1788000 186.254858397377 167.249063596637 174.913949675226 528.417871669241
1789000 186.335056496574 167.355852807152 175.007257034166 528.698166337892
1790000 186.473169203472 167.512010993302 175.121297881559 529.106478078333
1791000 186.570980685847 167.558150245069 175.1871140209 529.316244951815
1792000 186.633963910234 167.605768022199 175.303216507204 529.542948439637
1793000 186.705871549234 167.715554014754 175.392464812529 529.813890376517
1794000 186.853227472854 167.843996201828 175.502027056732 530.199250731413
1795000 187.00632080735 167.936414879444 175.553404468791 530.496140155585
1796000 187.102213785955 168.016034595375 175.65133155196 530.769579933291
1797000 187.208026727105 168.087126908368 175.805737381179 531.100891016652
1798000 187.300644669954 168.13647288101 175.924239184487 531.361356735451
1799000 187.43474453434 168.313670299457 176.012199604017 531.760614437814
1800000 187.522143877201 168.414918181265 176.103355024361 532.040417082827
1801000 187.573239548765 168.428119699404 176.212676579399 532.214035827569
1802000 187.755507085909 168.554926071136 176.283679898961 532.594113056007
1803000 187.772081918512 168.655156785556 176.402840444616 532.830079148684
1804000 187.914291205695 168.747154194321 176.438769620898 533.100215020913
1805000 188.066119711779 168.827792457192 176.553772036259 533.44768420523
1806000 188.143046178923 168.956099871373 176.701381850211 533.800527900507
1807000 188.223159173969 169.04014458515 176.732006455159 533.995310214278
1808000 188.363394051317 169.171219312465 176.839156233514 534.373769597296
1809000 188.498843736175 169.206033387246 176.945193037734 534.650070161156
1810000 188.551471590762 169.356852102377 177.08238160573 534.99070529887
1811000 188.698423404323 169.519462700881 177.15356049002 535.371446595224
1812000 188.810275506522 169.514303922598 177.306635982885 535.631215412004
1813000 188.950952933404 169.577404423679 177.354418100828 535.882775457911
1814000 189.043358393192 169.689321549334 177.466680189793 536.199360132319
1815000 189.151255645929 169.796680420722 177.4998094673 536.447745533951
1816000 189.187680346722 169.930628630795 177.596932694007 536.715241671524
1817000 189.277675820405 169.972560377593 177.733481359542 536.98371755754
1818000 189.37988386278 170.057772342282 177.840986327857 537.278642532918
1819000 189.476216704535 170.177942457608 177.942230526578 537.596389688721
1820000 189.573182322482 170.226227448991 177.9871835371 537.786593308572
1821000 189.665011147042 170.272156957325 178.088187159211 538.025355263578
1822000 189.744640427705 170.393894563889 178.115122942329 538.253657933923
1823000 189.873265622802 170.456372517742 178.261648740165 538.591286880709
1824000 189.927866869095 170.53412771042 178.313553777475 538.77554835699
1825000 190.006200516637 170.692847107676 178.40150530445 539.100552928762
1826000 190.131550775851 170.793812222856 178.531830469787 539.457193468494
1827000 190.233459202765 170.839105774527 178.701777060535 539.774342037827
1828000 190.289340935672 170.883150870652 178.758959624071 539.931451430395
1829000 190.327301400765 170.974482840265 178.868405879472 540.170190120502
1830000 190.409362713994 171.121829654727 178.928679287213 540.459871655934
1831000 190.500482706123 171.183244212806 179.022177036106 540.705903955036
1832000 190.556710246567 171.34447917115 179.104927696511 541.006117114228
1833000 190.666934107663 171.497641309261 179.304699942746 541.469275359671
1834000 190.823895479032 171.582266424732 179.386125954632 541.792287858396
1835000 190.912416916437 171.714231213064 179.457713484744 542.084361614245
1836000 191.029467559527 171.781311081663 179.573459736052 542.384238377243
1837000 191.145388165725 171.861364309989 179.642013490881 542.648765966595
1838000 191.225968595696 171.935671703501 179.74813274566 542.909773044857
1839000 191.347376358142 172.037935227391 179.841578605682 543.226890191216
1840000 191.529102718629 172.187082931542 179.946366571398 543.662552221569
1841000 191.595395008024 172.280494543561 179.974414301877 543.850303853462
1842000 191.704116846636 172.30338387796 180.126011612111 544.133512336707
1843000 191.756899639199 172.438753537077 180.212978629869 544.408631806146
1844000 191.919232382111 172.509601342638 180.371081289516 544.799915014265
1845000 192.059215958058 172.646186379344 180.396951072405 545.102353409807
1846000 192.110207383086 172.803681003563 180.52883083086 545.442719217509
1847000 192.23405657092 172.942938271947 180.63499969442 545.811994537287
1848000 192.333309502532 173.017352899404 180.715369985039 546.066032386976
1849000 192.414716677846 173.068392166877 180.828226185521 546.311335030244
1850000 192.594051808898 173.162088402257 180.882199331462 546.638339542617
1851000 192.702935401907 173.274942849165 180.968957366274 546.946835617347
1852000 192.843814427236 173.421685569759 181.092271671861 547.357771668855
1853000 193.006379616106 173.539880000458 181.155836778077 547.70209639464
1854000 193.084377121453 173.639181775779 181.216204794546 547.939763691778
1855000 193.141523937055 173.698837034266 181.413101248171 548.253462219492
1856000 193.230295736852 173.747769314995 181.481441997957 548.459507049804
1857000 193.274584784698 173.864970408313 181.59187766998 548.731432862991
1858000 193.383071108411 173.888968861834 181.648397299321 548.920437269566
1859000 193.522651414301 173.987816308054 181.684190058808 549.194657781163
1860000 193.697716289997 174.081419518307 181.849526199748 549.628662008052
1861000 193.743224802098 174.132752014798 182.043260021579 549.919236838476
1862000 193.847952230108 174.161289752559 182.103355527957 550.112597510624
1863000 193.913640909355 174.327110272479 182.175610514114 550.416361695948
1864000 194.035990857063 174.389366007288 182.403972300524 550.829329164874
1865000 194.102361650847 174.50575764902 182.511484644338 551.119603944206
1866000 194.186223604648 174.598646563959 182.565429024956 551.350299193563
1867000 194.24867940975 174.65857190749 182.778118518063 551.685369835303
1868000 194.401066152071 174.762431650505 182.738025041442 551.901522844017
1869000 194.459319414864 174.831107896482 182.835129333406 552.125556644752
1870000 194.544688648738 174.980772553757 182.983765219799 552.509226422293
1871000 194.62758672957 175.058097116972 183.077061641845 552.762745488387
1872000 194.786463220285 175.226131921992 183.116636970804 553.12923211308
1873000 194.884460739906 175.351527267371 183.197539863597 553.433527870874
1874000 195.045306170331 175.419781096145 183.299631200292 553.764718466769
1875000 195.087314450337 175.491115543443 183.407531571871 553.985961565651
1876000 195.17343587204 175.624439559667 183.450457538823 554.248332970529
1877000 195.179596277588 175.635791137192 183.532148090148 554.347535504928
1878000 195.327023718234 175.690916069814 183.671095592945 554.689035380993
1879000 195.437937628378 175.793885720718 183.7184720049 554.950295353995
1880000 195.515547293111 175.923376783972 183.838923024713 555.277847101796
1881000 195.635703104247 176.067975556412 183.93006161077 555.633740271429
1882000 195.772634120494 176.150751950426 184.059132412453 555.982518483374
1883000 195.834301396729 176.266333747324 184.137338055121 556.237973199175
1884000 195.911911900009 176.375962006704 184.209314228011 556.497188134724
1885000 196.008588304549 176.444555134341 184.278506892244 556.731650331133
1886000 196.177953037419 176.42854952684 184.324003610781 556.93050617504
1887000 196.21627871652 176.518562754895 184.445635082933 557.180476554348
1888000 196.260442803838 176.652102648899 184.564753328723 557.47729878146
1889000 196.413708281345 176.730929263637 184.634761867956 557.779399412938
1890000 196.571359440258 176.80411107294 184.777821972489 558.153292485687
1891000 196.660228464042 176.876673116248 184.962007249418 558.498908829707
1892000 196.730773932969 176.95860953163 185.016671434777 558.706054899376
1893000 196.810778377701 177.045294951609 185.148449036688 559.004522365998
1894000 196.884395640769 177.163402874465 185.255931943963 559.303730459196
1895000 196.939636004999 177.274478781771 185.350744786129 559.564859572898
1896000 197.135414868261 177.380974442199 185.4901809079 560.00657021836
1897000 197.233335754931 177.417481361858 185.517498484467 560.168315601256
1898000 197.298735879385 177.594849300444 185.573673599012 560.467258778841
1899000 197.357281835079 177.674091719605 185.66717718663 560.698550741314
1900000 197.420247892898 177.714234883212 185.762747297627 560.897230073736
1901000 197.495708696222 177.802365771333 185.841566710459 561.139641178015
1902000 197.654822278572 177.905026777486 185.945026874175 561.504875930233
1903000 197.674713868397 178.029698061655 186.004917141111 561.709329071163
1904000 197.772920323031 178.173975944954 186.120448594553 562.067344862538
1905000 197.801928199945 178.276937757584 186.265408608211 562.34427456574
1906000 197.910558515753 178.460478044712 186.306656381728 562.677692942194
1907000 198.048346478832 178.506327808455 186.411252143552 562.965926430839
1908000 198.174519519937 178.619257189244 186.536026342736 563.329803051917
1909000 198.228027931141 178.700114636878 186.637630161373 563.565772729391
1910000 198.42209852595 178.862443313374 186.6512154033 563.935757242624
1911000 198.499849949441 178.952594686952 186.790968803714 564.243413440107
1912000 198.634844488997 178.96627820759 186.890610260466 564.491732957053
1913000 198.817205062919 179.004375465686 186.915811028263 564.737391556868
1914000 198.914694814935 179.092061981173 187.021569029936 565.028325826044
1915000 198.992072007821 179.267397332278 187.125104181421 565.38457352152
1916000 199.137554341657 179.318858900275 187.103387119605 565.559800361537
1917000 199.248068602055 179.327957326662 187.178466774576 565.754492703292
1918000 199.376359142055 179.442649242268 187.315172718752 566.134181103074
1919000 199.402072528175 179.464983934254 187.384797821675 566.251854284104
1920000 199.517705348489 179.587141149811 187.485960567488 566.590807065789
1921000 199.646082366103 179.657667443284 187.681699669319 566.985449478705
1922000 199.763874642639 179.74049094338 187.764097774806 567.268463360826
1923000 199.801638948487 179.849243305761 187.940681883136 567.591564137384
1924000 199.895602937424 179.917511142984 187.891492242612 567.704606323021
1925000 199.924498107234 180.056107246515 188.031776980156 568.012382333905
1926000 200.063452121243 180.155598398053 188.192918314055 568.411968833351
1927000 200.130742903136 180.181531305551 188.201953257899 568.514227466586
1928000 200.106362916 180.299039963239 188.265207142955 568.670610022195
1929000 200.173439574012 180.367683284435 188.349389032806 568.890511891253
1930000 200.266395061017 180.457850899177 188.465212293761 569.189458253954
1931000 200.433494738467 180.576709947317 188.548499005757 569.55870369154
1932000 200.445908641338 180.68202364296 188.672354779038 569.800287063336
1933000 200.57880377671 180.795946522521 188.703504136268 570.078254435499
1934000 200.681195378399 180.899200526955 188.855901176907 570.436297082261
1935000 200.741102239752 180.927029796115 188.935474065167 570.603606101034
1936000 200.781810997889 181.122833270888 189.042229507122 570.9468737759
1937000 200.868783026086 181.192266417602 189.11778510709 571.178834550779
1938000 201.019926581533 181.350059275148 189.30271679197 571.672702648651
1939000 201.089203413746 181.392851897428 189.33542590615 571.817481217324
1940000 201.136421852148 181.547950749168 189.426332741307 572.110705342624
1941000 201.247002042303 181.588637555889 189.538068967858 572.37370856605
1942000 201.465133647107 181.748921948518 189.629436940433 572.843492536059
1943000 201.47354206647 181.8093995543 189.735467963608 573.018409584377
1944000 201.619888871085 181.916091356661 189.80976634528 573.345746573026
1945000 201.75981923032 181.998835762437 189.93412289989 573.692777892647
1946000 201.908995373841 182.072468349 190.019438635586 574.000902358426
1947000 201.968679574872 182.176097533539 190.106791519863 574.251568628274
1948000 202.142360399261 182.304822497411 190.25666933292 574.703852229592
1949000 202.208785811855 182.378417335981 190.287613266141 574.874816413977
1950000 202.335010245567 182.47108369946 190.340003797108 575.146097742135
1951000 202.450286481411 182.608891996519 190.470499270362 575.529677748291
1952000 202.518786668913 182.670777411112 190.550832891871 575.740396971897
1953000 202.544609467276 182.767239538469 190.575068365251 575.886917370996
1954000 202.657026662842 182.95750440409 190.694130455773 576.308661522705
1955000 202.753995787254 183.016382201209 190.834934728169 576.605312716632
1956000 202.830648813817 183.116418572179 190.97420662604 576.921274012036
1957000 202.966494942289 183.172166941331 191.084891391032 577.223553274653
1958000 203.124944367523 183.188013043699 191.166814506156 577.479771917378
1959000 203.142459163632 183.301807325047 191.327845698515 577.772112187194
1960000 203.356369847717 183.480873626462 191.397132634952 578.234376109131
1961000 203.433011786953 183.531894184513 191.539478208545 578.504384180011
1962000 203.574633930494 183.618615396437 191.568306037271 578.761555364202
1963000 203.692607338652 183.71532891545 191.688286710799 579.096222964902
1964000 203.761190136272 183.793434108476 191.756389218659 579.311013463408
1965000 203.839223555539 183.899832373093 191.755103919305 579.494159847937
1966000 203.916319379949 183.901608401467 191.947702252082 579.765630033498
1967000 204.020174881611 184.054633425797 191.989144721071 580.06395302848
1968000 204.144272192265 184.09168097435 192.107627683129 580.343580849743
1969000 204.197303869066 184.156532970116 192.150476652039 580.504313491222
1970000 204.321368163733 184.282930793045 192.233308409127 580.837607365906
1971000 204.409400114131 184.360782701072 192.341903064559 581.112085879761
1972000 204.539922185572 184.40145067619 192.375335073976 581.316707935738
1973000 204.532826936236 184.486154221058 192.426434034956 581.44541519225
1974000 204.57158523746 184.608658226136 192.468917483304 581.6491609469
1975000 204.787785861322 184.72350445091 192.591779876045 582.103070188277
1976000 204.791111177994 184.780447333717 192.744380477104 582.315938988815
1977000 204.927125236777 184.824129949274 192.834169448338 582.585424634389
1978000 205.009886543893 184.95066317703 192.976997923021 582.937547643945
1979000 205.09535071156 185.080317704353 192.998089235844 583.173757651757
1980000 205.291326911473 185.122166232973 193.058215082334 583.47170822678
1981000 205.398573699797 185.145999376197 193.128219572399 583.672792648393
1982000 205.473062933095 185.207087697764 193.287883505399 583.968034136258
1983000 205.485100515929 185.222751511782 193.366418428784 584.074270456495
1984000 205.56047136997 185.331439372767 193.472820649599 584.364731392336
1985000 205.605188414606 185.527676392303 193.568509784638 584.701374591546
1986000 205.706025910798 185.547041296727 193.660359307371 584.913426514896
1987000 205.79365584012 185.673891238957 193.762238445411 585.229785524487
1988000 205.915123643685 185.775595102104 193.787163967636 585.477882713425
1989000 205.987289255339 185.941944321516 193.859348072881 585.788581649736
1990000 206.029016016263 186.001376698366 193.985905292011 586.01629800664
1991000 206.144196194622 186.073007187665 194.1105007832 586.327704165486
1992000 206.190980352692 186.190064701793 194.053144016597 586.434189071082
1993000 206.274907167969 186.360360854566 194.205931035544 586.841199058079
1994000 206.478069885812 186.364408604085 194.335237744589 587.177716234486
1995000 206.502246803176 186.480660273494 194.453427024787 587.436334101458
1996000 206.574299749187 186.576125672053 194.568221713216 587.718647134456
1997000 206.670815958162 186.683992942283 194.714223706905 588.069032607351
1998000 206.798851994251 186.712203130604 194.708085272752 588.219140397607
1999000 206.951125525136 186.770463484413 194.880716042495 588.602305052045
2000000 207.024396409298 186.877107997994 194.974195715884 588.875700123177
2001000 207.040646855591 186.973037733029 195.048915419457 589.062600008078
2002000 207.139283084245 187.060913805899 195.17868693116 589.378883821304
2003000 207.263017719173 187.119503495444 195.251699304038 589.634220518655
2004000 207.341688953627 187.247233859371 195.400987967234 589.989910780231
2005000 207.461124455415 187.338928321168 195.501546728118 590.301599504701
2006000 207.556957578824 187.326466594565 195.568861305946 590.452285479334
2007000 207.618220638408 187.496469871346 195.63541093162 590.750101441373
2008000 207.697958129559 187.489974101845 195.838995924694 591.026928156098
2009000 207.80582221106 187.657616728745 195.922242661285 591.385681601089
2010000 207.917490775429 187.682517122236 196.002468401841 591.602476299506
2011000 208.045802467007 187.742942509923 196.13222822425 591.92097320118
2012000 208.172688927538 187.819400747323 196.276854669874 592.268944344735
2013000 208.133145703867 187.874092950295 196.382213273714 592.389451927877
2014000 208.35706960675 187.974957999581 196.523923364939 592.85595097127
2015000 208.359225822796 188.052462447545 196.588057719624 592.999745989965
2016000 208.499462931326 188.118365875253 196.692459684051 593.31028849063
2017000 208.618916268746 188.209973467305 196.86559807501 593.69448781106
2018000 208.680948095733 188.282912400795 196.87355404292 593.837414539448
2019000 208.744717054182 188.438185971601 197.025040225462 594.207943251245
2020000 208.886987097419 188.502427737326 197.109036589441 594.498451424185
2021000 208.889888108858 188.53194415207 197.236147082692 594.65797934362
2022000 209.02770530488 188.690376368844 197.258875592896 594.976957266619
2023000 209.143514205451 188.710007742115 197.388646244814 595.24216819238
2024000 209.225467528984 188.833275734617 197.509408163007 595.568151426608
2025000 209.315230625754 188.916559150768 197.568364903454 595.800154679976
2026000 209.44840094692 188.98664982057 197.704220566929 596.139271334419
2027000 209.506211139441 189.089986540999 197.861411363428 596.457609043868
2028000 209.651504446697 189.263951566018 197.891790193485 596.807246206201
2029000 209.738386818704 189.31534082522 198.007098836441 597.060826480364
2030000 209.798251435249 189.43646073979 198.113712395775 597.348424570814
2031000 209.932529523931 189.565566836994 198.236320638709 597.734416999634
2032000 209.987408104006 189.611526349436 198.343704573674 597.942639027116
2033000 210.207169752423 189.722518878348 198.421011411386 598.350700042157
2034000 210.330700954926 189.830995751773 198.545073020408 598.706769727106
2035000 210.433577385185 189.973276558361 198.589429822247 598.996283765793
2036000 210.557975197673 190.031827988385 198.626102991539 599.215906177597
2037000 210.614790734629 190.144451046747 198.732103201023 599.491344982399
2038000 210.718978635534 190.211014871765 198.873416869745 599.803410377045
2039000 210.79333440607 190.288841451778 198.985251592103 600.067427449951
2040000 210.937942012914 190.387993356258 199.104301555899 600.430236925071
2041000 211.037371584779 190.465761088116 199.199233641693 600.702366314589
2042000 211.163162188786 190.528755336584 199.281303772262 600.973221297632
2043000 211.202379698723 190.561591039403 199.395387513012 601.159358251138
2044000 211.287950111246 190.682541838293 199.453025537207 601.423517486746
2045000 211.428198588671 190.786106872392 199.497871397518 601.712176858581
2046000 211.530136614551 190.899478360507 199.583296617334 602.012911592392
2047000 211.605789574402 190.955522369902 199.66113626592 602.222448210224
2048000 211.656703105457 191.08901221309 199.759590887471 602.505306206018
2049000 211.892235686298 191.188655183556 199.824423244053 602.905314113907
2050000 211.964871254288 191.320504426482 199.99460791836 603.279983599131
2051000 212.064156384838 191.399701955337 200.078570552414 603.542428892589
2052000 212.118545172034 191.433575509962 200.156142819126 603.708263501123
2053000 212.17337888211 191.5666711785 200.26964392185 604.00969398246
2054000 212.32883957073 191.606589322752 200.325538868139 604.260967761622
2055000 212.526339549676 191.690763515307 200.409144457315 604.626247522297
2056000 212.547057135532 191.899327786932 200.424797927512 604.871182849976
2057000 212.693550105532 191.946471001094 200.539844937254 605.17986604388
2058000 212.742969473705 192.072546906191 200.616453083592 605.431969463489
2059000 212.850285749102 192.188538175106 200.736131450716 605.774955374923
2060000 212.990833011445 192.194538020112 200.881177716573 606.06654874813
2061000 213.137197563725 192.307728398433 200.99193942843 606.436865390588
2062000 213.292200327681 192.398709898854 201.052802170876 606.743712397411
2063000 213.378883448852 192.45953835241 201.161669832567 607.000091633828
2064000 213.483196493164 192.61812560074 201.294593348656 607.39591544256
2065000 213.560205189344 192.70268754809 201.421028864214 607.683921601649
2066000 213.698813623021 192.787724657914 201.533880079379 608.020418360314
2067000 213.774270978173 192.837524323946 201.531021322956 608.142816625074
2068000 213.832722830718 192.900279349723 201.722360760305 608.455362940746
2069000 213.935800648906 192.93739862083 201.72664363629 608.599842906026
2070000 214.041506226924 192.95277425125 201.794525326225 608.788805804399
2071000 214.135357761668 193.031013401088 201.953643937225 609.120015099981
2072000 214.203086727004 193.194185034084 201.990411554761 609.387683315849
2073000 214.296076243277 193.244902577074 202.11108384506 609.652062665411
2074000 214.420919233223 193.352320195642 202.193400784708 609.966640213574
2075000 214.432525940865 193.404342714934 202.26299264053 610.099861296329
2076000 214.541101307899 193.600140981182 202.354206794577 610.495449083658
2077000 214.685507130386 193.662212529293 202.464021969888 610.811741629567
2078000 214.791498799708 193.682654352705 202.446755505753 610.920908658166
2079000 214.8236304248 193.874133195353 202.558976547543 611.256740167696
2080000 214.933564607162 194.036120950757 202.69862318554 611.668308743459
2081000 215.023599848866 194.040558017839 202.78858075765 611.852738624355
2082000 215.149499998349 194.119542941586 202.823752078941 612.092795018877
2083000 215.274346851475 194.137776852093 202.890484110529 612.302607814096
2084000 215.347810527534 194.256410353674 202.998002471327 612.602223352534
2085000 215.445717385533 194.301919930652 203.143020858715 612.8906581749
2086000 215.502485779738 194.318265534595 203.185704066085 613.006455380418
2087000 215.614937973685 194.465266824752 203.334410204457 613.414615002894
2088000 215.607062444996 194.543306858245 203.406596099244 613.556965402485
2089000 215.730100953513 194.704922985278 203.55738991209 613.992413850881
2090000 215.949498641712 194.81016560917 203.645649997606 614.405314248488
2091000 216.033861530099 194.878838454937 203.784660233828 614.697360218864
2092000 216.079109172965 194.963578691973 203.865978459809 614.908666324747
2093000 216.250218150774 195.028642187954 204.030402899687 615.309263238415
2094000 216.328415872234 195.161998584671 204.063805023501 615.554219480406
2095000 216.517603937707 195.219871424914 204.103202111235 615.840677473856
2096000 216.529094784353 195.289340651459 204.178199951547 615.996635387359
2097000 216.615530622555 195.394324618631 204.308277357527 616.318132598714
2098000 216.710375883908 195.443367389893 204.333142331263 616.486885605064
2099000 216.878274969333 195.603162848752 204.449027014168 616.930464832252
2100000 216.999963120705 195.74586063724 204.461753772503 617.207577530448
2101000 217.025423173748 195.795048986071 204.537397501778 617.357869661597
2102000 217.129531385221 195.792740861736 204.66823092528 617.590503172237
2103000 217.21634785436 195.897674909608 204.792009846627 617.906032610595
2104000 217.300051888885 195.97372914115 204.887419382289 618.161200412325
2105000 217.443360316941 196.121796928723 204.966365824074 618.531523069739
2106000 217.468933078069 196.197880887464 205.121701083127 618.788515048659
2107000 217.62198275731 196.230363968062 205.218780997056 619.071127722428
2108000 217.695887595543 196.357694718739 205.317208641299 619.370790955581
2109000 217.806116793834 196.447365617912 205.424074796088 619.677557207834
2110000 217.831142362361 196.588382534399 205.534123173358 619.953648070118
2111000 217.943513674911 196.59793298661 205.597498447806 620.138945109327
2112000 218.113048773165 196.756293842253 205.665735499609 620.535078115027
2113000 218.132463824602 196.836013244153 205.730273220339 620.698750289094
2114000 218.279977649486 196.864380197736 205.902767303275 621.047125150497
2115000 218.30799325662 197.039824583973 206.000515024838 621.348332865431
2116000 218.432486925047 197.07335151271 206.100027737372 621.605866175129
2117000 218.546301249185 197.142355832238 206.137526116032 621.826183197455
2118000 218.644244043414 197.217472626411 206.315417331225 622.177134001051
2119000 218.729263490369 197.315396349054 206.389948998342 622.434608837765
2120000 218.825905415675 197.43888378031 206.555398363539 622.820187559524
2121000 218.936521263545 197.547057215903 206.594496585952 623.0780750654
2122000 218.96785907814 197.580859939929 206.790387228566 623.339106246636
2123000 219.151656860603 197.684739185289 206.850721715251 623.687117761143
2124000 219.187803061275 197.813223114257 206.924608676682 623.925634852214
2125000 219.229417972535 197.97536613368 207.026746773597 624.231530879812
2126000 219.353196734601 198.06390341016 207.19987014725 624.616970292011
2127000 219.414670772212 198.145931882174 207.292201094919 624.852803749306
2128000 219.559049765117 198.243363123869 207.377887506022 625.180300395007
2129000 219.569515855076 198.314333112706 207.45886481641 625.342713784192
2130000 219.707153127971 198.383847830226 207.604257333875 625.695258292072
2131000 219.819700921244 198.373054520344 207.720147267281 625.912902708869
2132000 219.908897885377 198.520123915386 207.77017138134 626.199193182103
2133000 220.006670689502 198.633042553986 207.902583862483 626.542297105971
2134000 220.151060835637 198.732019050673 207.964778799666 626.847858685976
2135000 220.219725389757 198.819682522848 208.072992263171 627.112400175776
2136000 220.3253095213 198.915109569964 208.248939810264 627.489358901528
2137000 220.433854171947 198.895964455927 208.258865813038 627.588684440913
2138000 220.553131091797 198.99711724455 208.331494783283 627.881743119631
2139000 220.655776317791 199.123730633905 208.436900653583 628.216407605279
2140000 220.750475354783 199.21318624112 208.497099854808 628.460761450712
2141000 220.823520346929 199.31789369975 208.575861698041 628.71727574472
2142000 220.903867589448 199.398041470587 208.646672223862 628.948581283896
2143000 221.05524863061 199.53745392062 208.771276262155 629.363978813385
2144000 221.141136337011 199.651607596373 208.90416421752 629.696908150903
2145000 221.271939436992 199.657034331711 209.047966487636 629.976940256339
2146000 221.318178648659 199.789853308476 209.123978773632 630.232010730767
2147000 221.438731333621 199.92828858138 209.245997965683 630.613017880685
2148000 221.540697916699 199.951543996503 209.352771256076 630.845013169278
2149000 221.615848878934 199.96510377961 209.504330491514 631.085283150059
2150000 221.825615982858 200.069650876205 209.577431575732 631.472698434795
2151000 221.92520282448 200.229947722702 209.720952443438 631.87610299062
2152000 221.980465311741 200.323162894643 209.695555546218 631.999183752602
2153000 222.082606774325 200.439958465156 209.807468665221 632.330033904701
2154000 222.228769342258 200.565830635107 209.923540609075 632.718140586441
2155000 222.298663201367 200.658660107276 210.01446390134 632.971787209982
2156000 222.395066282575 200.859057086562 210.05170067502 633.305824044157
2157000 222.473051930613 200.891149370801 210.175145777165 633.539347078578
2158000 222.553001780046 200.970409067197 210.300521189883 633.823932037126
2159000 222.651833437069 201.068849673204 210.350585120733 634.071268231006
2160000 222.727815578028 201.114183247593 210.41023612223 634.252234947851
2161000 222.816025134404 201.166931639598 210.531559342943 634.514516116945
2162000 222.83872954507 201.217876576196 210.541300168484 634.59790628975
2163000 222.955990416227 201.250097896541 210.662437397974 634.868525710742
2164000 223.0051869039 201.354570884456 210.740045790863 635.09980357922
2165000 223.086785495755 201.497676861648 210.87746336032 635.461925717723
2166000 223.230188677843 201.487154697853 210.929839619691 635.647182995387
2167000 223.286473246741 201.58680737162 211.070889946698 635.944170565059
2168000 223.393109733869 201.694604819422 211.125226535805 636.212941089096
2169000 223.563751293846 201.81825429966 211.250888674761 636.632894268267
2170000 223.600715838415 201.885727497812 211.346492968201 636.832936304428
2171000 223.752718067192 201.945399523364 211.484348155792 637.182465746348
2172000 223.805706473766 202.053192544548 211.554349136963 637.413248155278
2173000 223.899556508454 202.082041640671 211.647860276198 637.629458425324
2174000 224.082463634591 202.21510570405 211.784323945245 638.081893283886
2175000 224.1447374119 202.331567581514 211.860715176467 638.337020169882
2176000 224.22862010768 202.389313932201 211.941091695107 638.559025734988
2177000 224.257087070792 202.506334731549 212.074579058138 638.838000860479
2178000 224.425360081157 202.61146101411 212.173620693183 639.21044178845
2179000 224.461545516483 202.626746207313 212.251567943162 639.339859666957
2180000 224.583167115303 202.76736733337 212.309484644249 639.660019092922
2181000 224.726767004402 202.898590775506 212.415900925673 640.041258705581
2182000 224.901196781157 202.985786467453 212.55723559952 640.444218848129
2183000 224.953015023458 203.133103403449 212.593868519886 640.679986946793
2184000 224.991051144017 203.277559486736 212.680794144347 640.9494047751
2185000 225.094467142307 203.384943248225 212.721790301279 641.201200691811
2186000 225.154823519496 203.489470138998 212.912169460564 641.556463119058
2187000 225.318275274219 203.61676142528 212.914454933621 641.84949163312
2188000 225.408681367748 203.679575690845 213.053460294313 642.141717352906
2189000 225.503116012213 203.84024038813 213.114346700977 642.457703101321
2190000 225.602826926709 203.886037941123 213.208105961176 642.696970829008
2191000 225.705034063077 203.969949177303 213.258565190565 642.933548430945
2192000 225.869784055529 204.055104051869 213.452233128441 643.377121235839
2193000 225.955226080954 204.088632972275 213.481327650123 643.525186703351
2194000 226.066410883272 204.165205619264 213.557298507928 643.788915010463
2195000 226.154293949303 204.291429244829 213.762028485838 644.20775167997
2196000 226.164293792833 204.425951259823 213.814878261469 644.405123314125
2197000 226.349356803957 204.393247167136 213.977567090639 644.720171061732
2198000 226.361106802404 204.417071637652 214.010199272085 644.788377712141
2199000 226.438219898649 204.580219122628 214.131590721722 645.150029742999
2200000 226.492739444255 204.598379591813 214.202764842935 645.293883879003
2201000 226.602745365894 204.661173262976 214.276735211947 645.540653840817
2202000 226.700030345775 204.791904694635 214.44552321893 645.93745825934
2203000 226.765537057339 204.815116946676 214.510020903281 646.090674907296
2204000 226.883780324506 204.907263091321 214.669681939316 646.460725355143
2205000 226.985740313685 204.992092847376 214.722624462071 646.700457623131
2206000 227.119886227235 205.031041858231 214.854653332005 647.005581417472
2207000 227.167479479054 205.123379997174 214.946615221388 647.237474697616
2208000 227.271227337208 205.155089443902 215.052515501395 647.478832282505
2209000 227.393760393933 205.241170161685 215.186837002511 647.821767558129
2210000 227.498252010865 205.405636088948 215.296097903449 648.199986003262
2211000 227.572905901961 205.44662009365 215.458611256815 648.478137252426
2212000 227.774549728076 205.594275486137 215.565812482941 648.934637697153
2213000 227.869429582964 205.677768687651 215.682175663149 649.229373933765
2214000 227.931754955936 205.710654337575 215.718835811745 649.361245105256
2215000 228.061242279912 205.854518717514 215.809861220131 649.725622217557
2216000 228.221995221827 205.904053601729 215.870391948119 649.996440771674
2217000 228.262001324678 205.992862830112 215.954119196551 650.20898335134
2218000 228.370682986186 206.105414653338 216.04092397703 650.517021616554
2219000 228.5313474747 206.178955980417 216.174949347738 650.885252802855
2220000 228.617931140017 206.301571234811 216.237394386026 651.156896760854
2221000 228.695935935434 206.373666961818 216.314744077797 651.384346975049
2222000 228.733179665461 206.49458558204 216.428483761405 651.656249008907
2223000 228.905137407268 206.542912120158 216.575713809351 652.023763336776
2224000 228.982678332422 206.652440491981 216.629470397826 652.264589222229
2225000 229.093516344876 206.715150330113 216.715351066669 652.524017741658
2226000 229.118233058344 206.850812353789 216.832056221933 652.801101634065
2227000 229.1944155644 206.86645614876 216.844559555915 652.905431269075
2228000 229.321659055533 206.894417548555 216.902856997656 653.118933601745
2229000 229.377331610055 206.995586080588 216.98844240055 653.361360091193
2230000 229.535105556939 207.080861175779 217.048655953193 653.664622685911
2231000 229.539145299595 207.250971883572 217.145009161172 653.935126344338
2232000 229.65785251569 207.343777507379 217.243647500973 654.245277524041
2233000 229.827228178154 207.399722966401 217.334632040268 654.561583184823
2234000 229.898706133863 207.466521855361 217.396995771558 654.762223760783
2235000 230.013669682149 207.623976926009 217.555297657136 655.192944265293
2236000 230.104147967334 207.84349812698 217.723164530546 655.67081062486
2237000 230.252651465484 207.923192563131 217.798276596321 655.974120624936
2238000 230.389385575151 208.027109784998 217.891825644262 656.30832100441
2239000 230.524489598914 208.129825731019 217.989053547765 656.643368877698
2240000 230.678197353721 208.198896695781 218.044529151165 656.921623200667
2241000 230.658669047443 208.225112834858 218.076659563368 656.960441445668
2242000 230.81321870921 208.403193795967 218.184484833972 657.400897339149
2243000 230.931869806455 208.385205184085 218.247114197685 657.564189188225
2244000 231.024721145816 208.505246973605 218.390354638019 657.92032275744
2245000 231.150854941243 208.570203143886 218.444581369387 658.165639454517
2246000 231.286581878153 208.696487111105 218.539491113256 658.522560102514
2247000 231.384836468002 208.739887461464 218.66121556034 658.785939489806
2248000 231.457111022303 208.821625324961 218.800562172286 659.079298519549
2249000 231.659858611119 208.972186044003 218.949374358698 659.581419013821
2250000 231.682993032326 209.118188353859 218.932071687479 659.733253073664
2251000 231.740350703635 209.226519035681 219.08935331114 660.056223050456
2252000 231.890528120998 209.229886204226 219.19234485122 660.312759176444
2253000 232.018223197754 209.398533770533 219.285363829599 660.702120797886
2254000 232.126806564159 209.49594734481 219.365595323207 660.988349232176
2255000 232.287989429339 209.577374731653 219.434116957232 661.299481118224
2256000 232.430699300323 209.700734395877 219.466064414104 661.597498110304
2257000 232.55781986666 209.801944979002 219.604194334736 661.963959180398
2258000 232.661303930996 209.937345209821 219.646446634943 662.245095775759
2259000 232.713145348366 210.02158406158 219.74861778399 662.483347193936
2260000 232.765323561439 210.078408906829 219.872208052556 662.715940520824
2261000 232.908384344437 210.252252579626 219.902130186385 663.062767110448
2262000 233.050675199275 210.270538460218 220.066722599051 663.387936258543
2263000 233.146906464375 210.378537169368 220.192723577861 663.718167211603
2264000 233.270356524886 210.533639292782 220.283960317921 664.087956135588
2265000 233.351368949863 210.547150036419 220.314320353346 664.212839339629
2266000 233.405443365522 210.628568437825 220.441104787962 664.47511659131
2267000 233.408191596791 210.808366644106 220.506020196098 664.722578436995
2268000 233.518948793517 210.853716651836 220.559326529104 664.931991974457
2269000 233.673907995376 210.910423600645 220.716636491184 665.300968087206
2270000 233.744428595762 210.951650172094 220.767270909888 665.463349677743
2271000 233.731167397241 211.035630952282 220.877816303303 665.644614652826
2272000 233.931681996561 211.090313958004 220.924812924855 665.946808879419
2273000 233.971273528159 211.168356195034 221.059395931763 666.199025654956
2274000 233.986950702705 211.23311798339 221.21071781366 666.430786499755
2275000 234.148935149369 211.332336254581 221.289735973416 666.771007377366
2276000 234.238527291586 211.451379740063 221.392247389004 667.082154420654
2277000 234.311305331191 211.489159315428 221.49195707606 667.29242172268
2278000 234.410709885136 211.668931934375 221.597722948395 667.677364767906
2279000 234.44015796885 211.76518477599 221.680529437052 667.885872181892
2280000 234.46630211085 211.886613373072 221.77653560661 668.129451090532
2281000 234.694425021597 212.006289114436 221.827973636735 668.528687772768
2282000 234.834676613826 212.171000986802 221.955260916823 668.960938517451
2283000 234.916359153519 212.183853369556 222.094927820117 669.195140343192
2284000 234.994038004622 212.296067070841 222.124302922363 669.414407997827
2285000 235.011489100284 212.38918211124 222.241289033252 669.641960244776
2286000 235.041603039836 212.453022126225 222.307842722033 669.802467888093
2287000 235.064395010005 212.513762299816 222.383376991015 669.961534300836
2288000 235.190171922846 212.60900719008 222.509300868276 670.308479981202
2289000 235.254995522438 212.666285589968 222.555084044942 670.476365157349
2290000 235.333459203769 212.725777422565 222.647878251975 670.707114878309
2291000 235.360455691918 212.810632770594 222.652692278399 670.823780740911
2292000 235.483769911789 212.93556981517 222.823649159833 671.242988886792
2293000 235.535980129945 213.063629170081 222.901605246978 671.501214547004
2294000 235.731342818151 213.25014001384 223.002446289516 671.983929121506
2295000 235.799577427855 213.27861753323 223.029532617736 672.10772757882
2296000 235.928089522375 213.320560920934 223.156051545074 672.404701988383
2297000 235.98043559343 213.442356584369 223.186032409997 672.608824587796
2298000 236.058560002115 213.517462020718 223.315307709027 672.89132973186
2299000 236.235844303567 213.625029890354 223.391051697294 673.251925891215
2300000 236.32243710596 213.748015707977 223.409381279073 673.47983409301
2301000 236.342695289467 213.886833085595 223.545822364871 673.775350739932
2302000 236.456188324403 213.946425094166 223.65208728263 674.054700701199
2303000 236.491559844887 213.974860949621 223.714235140817 674.180655935324
2304000 236.616979026336 214.14572223786 223.925334568674 674.688035832869
2305000 236.739047720295 214.216859151708 223.981175417133 674.937082289136
2306000 236.855235023703 214.301258357672 223.993812694151 675.150306075526
2307000 236.934163641702 214.379471904687 224.09885617102 675.412491717409
2308000 236.953106863059 214.406019504964 224.182586008781 675.541712376804
2309000 236.936154079175 214.483318014247 224.280466880656 675.699938974078
2310000 237.043457750356 214.549994881782 224.363556357669 675.957008989808
2311000 237.176584245637 214.723887034379 224.447488681111 676.347959961127
2312000 237.285323582678 214.824457184089 224.539042060121 676.648822826888
2313000 237.422778795325 214.82014712973 224.546830195878 676.789756120932
2314000 237.472492896268 214.949081935416 224.456580722911 676.878155554595
2315000 237.61519670224 215.044010889204 224.598413983366 677.257621574811
2316000 237.722635388899 215.079009725791 224.62697733331 677.428622448
2317000 237.812566370829 215.194227058993 224.713906519941 677.720699949764
2318000 237.911278090543 215.19373901799 224.821035264568 677.926052373101
2319000 237.937018412102 215.332801719368 224.967313049532 678.237133181002
2320000 238.122680485676 215.409404018233 225.054357179275 678.586441683184
2321000 238.155408714162 215.565832065525 225.146732305941 678.867973085628
2322000 238.167312151269 215.631102226767 225.295846612387 679.094260990424
2323000 238.342427502545 215.744494368408 225.382899681368 679.469821552321
2324000 238.454720834639 215.752786429289 225.477517407071 679.685024670999
2325000 238.565584341698 215.881014973685 225.604026330264 680.050625645647
2326000 238.673764258891 215.879975250126 225.657736577007 680.211476086025
2327000 238.742610467388 215.972225316814 225.755093809634 680.469929593836
2328000 238.775353150022 216.015910479843 225.871489387055 680.66275301692
2329000 238.889500095411 216.137727689226 225.99984214769 681.027069932327
2330000 238.968433153964 216.222965107703 226.18858163066 681.379979892326
2331000 239.067551949204 216.323224510922 226.196612389388 681.587388849514
2332000 239.161921720786 216.442516031056 226.291297051749 681.89573480359
2333000 239.237480419952 216.448751623974 226.332213266627 682.018445310552
2334000 239.301685570576 216.518592099576 226.447539893232 682.267817563384
2335000 239.444480560866 216.640452395446 226.504724833828 682.589657790141
2336000 239.591493213018 216.749676652675 226.547945360654 682.889115226346
2337000 239.744753652118 216.782820218115 226.670097587569 683.197671457802
2338000 239.869979026068 216.91412961625 226.767542154729 683.551650797047
2339000 239.885427464736 217.040219914995 226.89371333706 683.819360716792
2340000 239.992716194828 217.094848115879 227.020331522436 684.107895833143
2341000 240.040136505968 217.207681296309 227.118304532286 684.366122334562
2342000 240.071001932585 217.351170734886 227.195635083262 684.617807750733
2343000 240.192094082598 217.316568533712 227.390182703404 684.898845319714
2344000 240.285084871456 217.475416893395 227.429016614091 685.189518378942
2345000 240.382527359623 217.582762640405 227.512422011235 685.477712011264
2346000 240.449481828061 217.65255467269 227.596233498994 685.698269999744
2347000 240.600090188421 217.755153268466 227.680754337885 686.035997794772
2348000 240.638045331958 217.827659485104 227.699677203921 686.165382020983
2349000 240.709372248566 217.94978718868 227.840420215683 686.49957965293
2350000 240.819079864624 218.056271438514 227.828245313569 686.703596616706
2351000 240.926612861184 218.188639296897 227.989998833861 687.105250991942
2352000 240.989337801608 218.26722179365 228.117185561985 687.373745157244
2353000 241.016050611233 218.38545779007 228.281734561107 687.68324296241
2354000 241.075505512962 218.472925212965 228.33235195901 687.880782684937
2355000 241.217901902381 218.481934719134 228.491421594559 688.191258216073
2356000 241.362535949009 218.660479419598 228.558855548085 688.581870916692
2357000 241.430488584891 218.700559218668 228.73964942161 688.870697225169
2358000 241.497036975805 218.803383524851 228.816965480056 689.117385980712
2359000 241.562322061307 218.887496208722 228.963857934203 689.413676204233
2360000 241.683573572437 219.000156305284 229.088388337533 689.772118215253
2361000 241.838826309432 219.071169269181 229.151802691591 690.061798270203
2362000 241.980061814635 219.19464156914 229.238269801831 690.412973185606
2363000 242.023313148493 219.253654512061 229.363785672931 690.640753333485
2364000 242.115945822971 219.355312028091 229.464687245743 690.935945096804
2365000 242.179403308687 219.446089240865 229.618634757883 691.244127307434
2366000 242.305333889746 219.642939101079 229.741935807045 691.69020879787
2367000 242.43154951117 219.707268646523 229.820982315083 691.959800472776
2368000 242.3898682247 219.738626274361 229.838853340608 691.967347839669
2369000 242.578382596377 219.798512528742 230.017461215025 692.394356340144
2370000 242.637488821879 219.906453740168 230.019082798126 692.563025360173
2371000 242.715228724546 219.990913726605 230.147679549248 692.8538220004
2372000 242.822731031515 220.135203332424 230.307599812007 693.265534175946
2373000 242.957307539989 220.261876078756 230.411715754519 693.630899373264
2374000 243.133924602253 220.397777062908 230.536409600473 694.068111265634
2375000 243.199366589755 220.525378424517 230.604270989436 694.329016003708
2376000 243.35316884478 220.647148945016 230.648541441802 694.648859231598
2377000 243.39664152012 220.683600751513 230.728335604754 694.808577876387
2378000 243.469105573926 220.816975181324 230.907264943179 695.193345698429
2379000 243.623912754871 220.878974320704 230.987717491104 695.490604566679
2380000 243.648786319715 220.983129601808 231.042014422723 695.673930344246
2381000 243.719070380344 221.180741053233 231.073291100443 695.97310253402
2382000 243.782980234436 221.19442421337 231.144505196829 696.121909644635
2383000 243.945503911716 221.337020130055 231.223640603057 696.506164644829
2384000 243.947203806861 221.420062560418 231.314688525384 696.681954892663
2385000 244.017774420447 221.566325322774 231.445692801984 697.029792545206
2386000 244.106481331696 221.649875789294 231.613326470763 697.369683591753
2387000 244.325540264151 221.728098404806 231.746189936186 697.799828605143
2388000 244.371709998594 221.790320780514 231.806158385742 697.96818916485
2389000 244.454488649754 221.877498860143 231.999813842901 698.331801352799
2390000 244.535238686416 222.009579261523 232.067291457054 698.612109404994
2391000 244.67562894604 222.045700186996 232.155480437919 698.876809570956
2392000 244.73409293031 222.138588153646 232.233185691818 699.105866775774
2393000 244.833784254531 222.205636024616 232.338326137432 699.37774641658
2394000 245.015349884922 222.251650887974 232.409576941745 699.676577714641
2395000 245.036547545154 222.438604172437 232.448615026798 699.923766744389
2396000 245.136011110359 222.473154676664 232.603038709954 700.212204496977
2397000 245.246143406923 222.511577437826 232.710636167935 700.468357012685
2398000 245.410039218371 222.575386743341 232.815471534114 700.800897495826
2399000 245.493778324352 222.702164665495 232.91974446632 701.115687456167
2400000 245.608791990646 222.744046787208 232.96337527172 701.316214049574
2401000 245.739051190971 222.81229458335 233.078366654378 701.6297124287
2402000 245.812333784665 222.949102019577 233.115563170458 701.8769989747
2403000 245.95819868146 223.043289608356 233.142527361051 702.144015650866
2404000 246.113359640828 223.119200048071 233.242953075204 702.475512764103
2405000 246.202258666371 223.233544509636 233.335469664669 702.771272840676
2406000 246.325999112799 223.224566273156 233.456758752549 703.007324138504
2407000 246.38058032858 223.350759331991 233.506370049708 703.237709710279
2408000 246.488658147443 223.492671764465 233.677325531124 703.658655443032
2409000 246.676311680729 223.587044233403 233.699953407599 703.963309321732
2410000 246.694312475472 223.637433732579 233.753752884125 704.085499092176
2411000 246.882912533311 223.764651065771 233.826471762474 704.474035361556
2412000 247.011375125097 223.818078414113 233.959136426155 704.788589965365
2413000 247.070471227279 223.926844776926 234.030723329205 705.028039333409
2414000 247.165323410392 223.944683577701 234.099614562901 705.209621550993
2415000 247.323780682056 224.032876946668 234.158332945715 705.514990574439
2416000 247.42417407631 224.170665356712 234.246598761498 705.84143819452
2417000 247.502388791361 224.168822854151 234.302482715598 705.97369436111
2418000 247.590489869189 224.318330383411 234.397202788673 706.306023041273
2419000 247.704805317206 224.427280093449 234.463068467072 706.595153877727
2420000 247.70695849166 224.448961799883 234.60807621523 706.763996506772
2421000 247.952683868263 224.6188485184 234.694570397316 707.266102783979
2422000 248.050357321392 224.706580534022 234.775913029684 707.532850885098
2423000 248.112665662909 224.795416526624 234.866337039589 707.774419229122
2424000 248.111440481961 224.844150259273 234.938012897045 707.893603638279
2425000 248.178438086204 224.80876129707 235.082072514226 708.069271897499
2426000 248.260280110246 225.049034367548 235.150842764176 708.460157241969
2427000 248.369158986513 225.026861883524 235.22318420763 708.619205077667
2428000 248.472567550671 225.11723392062 235.281016542773 708.870818014063
2429000 248.488944692827 225.163874403078 235.337814270437 708.990633366342
2430000 248.647282604617 225.308601155104 235.445992152162 709.401875911883
2431000 248.708641862451 225.345899753431 235.578382641077 709.632924256959
2432000 248.824448897685 225.485174652973 235.65177632679 709.961399877448
2433000 248.907892759104 225.557968632671 235.722838047398 710.188699439174
2434000 248.973426745657 225.630654277933 235.735558282268 710.339639305858
2435000 248.995901557589 225.687977262765 235.795492130222 710.479370950576
2436000 249.081687966866 225.763342108335 235.960963567105 710.805993642307
2437000 249.161175015264 225.819006906056 235.991495295848 710.971677217167
2438000 249.195597432073 225.933806470591 236.115778656046 711.24518255871
2439000 249.336709364102 225.998015596674 236.18899069732 711.523715658096
2440000 249.417936926639 226.048349030138 236.383807548212 711.850093504989
2441000 249.479683404811 226.12312914461 236.543650982357 712.146463531778
2442000 249.576744066538 226.262712813986 236.55228422389 712.391741104413
2443000 249.615568592195 226.373137343265 236.633768240832 712.622474176293
2444000 249.752621679814 226.457013268009 236.712057908044 712.921692855867
2445000 249.943367634554 226.592748312927 236.843883839663 713.379999787144
2446000 250.015542014159 226.689164556491 236.968152616848 713.672859187497
2447000 250.118252017854 226.794707543492 237.057851338162 713.970810899508
2448000 250.226028950436 226.903147175871 237.172736299497 714.301912425804
2449000 250.18599192296 226.972690693852 237.251869225725 714.410551842536
2450000 250.32857475856 227.112699991999 237.305900256035 714.747175006594
2451000 250.424966074964 227.154510976244 237.391484324549 714.970961375758
2452000 250.519940040159 227.238951735888 237.451690205185 715.210581981232
2453000 250.568909308839 227.353868082474 237.578747701602 715.501525092916
2454000 250.718223361613 227.362497909676 237.629817539224 715.710538810513
2455000 250.74778997347 227.524490134349 237.743433611539 716.015713719358
2456000 250.829244111891 227.571978683506 237.898276175861 716.299498971259
2457000 250.980336121155 227.67534314907 237.841860778532 716.497540048756
2458000 251.111219958499 227.725866903024 238.00639848308 716.843485344603
2459000 251.149125350991 227.881018689892 238.096173406837 717.12631744772
2460000 251.269223089064 227.991980367324 238.234762895525 717.495966351914
2461000 251.298487001356 228.115033665527 238.229595738333 717.643116405216
2462000 251.431802815191 228.176608187126 238.34359326852 717.952004270837
2463000 251.515017446357 228.250550453229 238.430814035546 718.196381935132
2464000 251.620404427494 228.347906471728 238.564652593103 718.532963492326
2465000 251.722481346845 228.394243772268 238.625408228946 718.742133348058
2466000 251.863678217551 228.613402251348 238.681697915673 719.158778384572
2467000 252.029755868257 228.69320120329 238.704809685123 719.427766756669
2468000 252.026332691935 228.850140150645 238.838338531188 719.714811373768
2469000 252.131711614592 228.987834584681 238.84813505405 719.967681253322
2470000 252.27026807729 229.124693814586 238.994092613525 720.389054505402
2471000 252.441480760613 229.199136733885 239.038062758222 720.67868025272
2472000 252.498936943003 229.252034375917 239.181949133209 720.932920452129
2473000 252.515912615932 229.321634275953 239.269244118926 721.10679101081
2474000 252.718211379274 229.416480214899 239.316016190968 721.450707785141
2475000 252.770521421322 229.553141705324 239.375327884951 721.698991011597
2476000 252.915072400661 229.633859652303 239.573536059826 722.12246811279
2477000 253.075074716902 229.757374560124 239.659294526782 722.491743803808
2478000 253.188955952929 229.862506565925 239.704037038281 722.755499557135
2479000 253.277853271041 229.957188636162 239.777974424056 723.013016331258
2480000 253.269070109267 230.077557652551 239.845374063032 723.19200182485
2481000 253.460580817296 230.186211997355 239.91546421596 723.562257030611
2482000 253.591434576219 230.285350605339 240.001115154603 723.877900336161
2483000 253.64194483533 230.391594009636 240.158561296887 724.192100141853
2484000 253.777779246954 230.392974367282 240.200050728682 724.370804342918
2485000 253.881621817363 230.501099316057 240.168304168152 724.551025301572
2486000 254.033414123519 230.639136918247 240.281974222072 724.954525263838
2487000 254.244694241853 230.730091067547 240.470132226911 725.444917536311
2488000 254.355879639649 230.865378666507 240.526819358495 725.748077664651
2489000 254.378196482507 230.911982911624 240.592614287631 725.882793681762
2490000 254.46448543474 231.009572642315 240.693835862531 726.167893939587
2491000 254.554062148736 231.111899674262 240.765363294167 726.431325117165
2492000 254.614770565162 231.227888201737 240.899524290492 726.742183057391
2493000 254.772195335521 231.317875608394 240.957014141876 727.047085085791
2494000 254.87500747961 231.472260475265 241.038045936742 727.385313891616
2495000 255.023063101958 231.53030596017 241.203447325686 727.756816387814
2496000 255.173596105431 231.664712519358 241.277241589139 728.115550213928
2497000 255.237328008695 231.74584842761 241.428516304494 728.411692740799
2498000 255.325881556669 231.784044835545 241.54419666779 728.654123060004
2499000 255.372687155566 231.863117826158 241.591810631327 728.82761561305
2500000 255.512359903696 232.012164114933 241.665569046498 729.190093065127
2501000 255.565061019782 232.131405344908 241.774777610185 729.471243974875
2502000 255.709266804755 232.200446072229 241.911626876256 729.82133975324
2503000 255.782931321747 232.302180736387 242.032776322053 730.117888380187
2504000 255.950686252363 232.455477182602 242.158809986393 730.564973421357
2505000 256.022555591607 232.494150430105 242.238240093267 730.754946114979
2506000 256.064545172174 232.568443721906 242.420116782903 731.053105676983
2507000 256.094069176638 232.613505466148 242.519234170827 731.226808813613
2508000 256.162358288838 232.684255610904 242.591982788174 731.438596687916
2509000 256.224270163459 232.839758462837 242.623021764889 731.687050391185
2510000 256.209061127733 232.868478248274 242.732454156483 731.80999353249
