# Fix print output for fix 2
10000 8.35867141712105e-28 2.13802694150826e-28 2.1304356894434e-28 1.26271340480727e-27
11000 0.544959428399185 0.536655992036007 0.542447229598219 1.62406265003341
12000 0.836859643173937 0.821992860764905 0.827640652745155 2.486493156684
13000 1.12219358472766 1.10129771473556 1.08334456127042 3.30683586073364
14000 1.38360284239223 1.37261428548261 1.34787066981681 4.10408779769164
15000 1.65022242962053 1.63755050807892 1.6077902986068 4.89556323630625
16000 1.93550957294507 1.9062723528994 1.87102222908893 5.7128041549334
17000 2.20472892452339 2.17272652712625 2.13042226827835 6.50787771992799
18000 2.46575380100085 2.41993189162249 2.37326673937148 7.25895243199483
19000 2.7331799144785 2.69637444218168 2.62366322514052 8.0532175818007
20000 2.99310400605466 2.944525463529 2.87673104358192 8.81436051316558
21000 3.25818392183201 3.20328571588831 3.13130210503501 9.59277174275533
22000 3.52145087864244 3.47560065369525 3.37917266660886 10.3762241989465
23000 3.77000442999827 3.74059919783318 3.64904345174171 11.1596470795732
24000 4.02639829923551 3.97185396851696 3.89891550167336 11.8971677694258
25000 4.30833433561757 4.23127556754555 4.12947307798459 12.6690829811477
26000 4.5749845372335 4.48961850761055 4.3759331598506 13.4405362046947
27000 4.83360636004231 4.72694379337343 4.63960001975079 14.2001501731665
28000 5.0796130054746 4.98883277602237 4.87810226394565 14.9465480454426
29000 5.32135838526686 5.22025461654694 5.11691936099695 15.6585323628107
30000 5.56650940027931 5.45733798493924 5.33648438903575 16.3603317742543
31000 5.81702997756006 5.70150996723346 5.57855068076319 17.0970906255567
32000 6.05710858023767 5.94019277981872 5.81932210738155 17.8166234674379
33000 6.28098441645152 6.16893879312668 6.05526644898546 18.5051896585637
34000 6.53458297548136 6.41744746378683 6.2768981126936 19.2289285519618
35000 6.76488399018005 6.65366472420382 6.50780769961122 19.9263564139951
36000 7.01359400624997 6.88565523809337 6.76363714734219 20.6628863916855
37000 7.23100974277898 7.11299722285677 6.99765006905502 21.3416570346908
38000 7.51112447750077 7.35742876764804 7.23246221719318 22.101015462342
39000 7.75085196302497 7.58307838792295 7.47555590542076 22.8094862563687
40000 8.01047887124152 7.80479744347334 7.71828165692175 23.5335579716366
41000 8.26625399465079 8.03881114570756 7.92510357228512 24.2301687126435
42000 8.51975256206156 8.28478298637011 8.16903259845413 24.9735681468858
43000 8.77626826659118 8.5403026218378 8.38441601113853 25.7009868995675
44000 9.02745865971225 8.7627733170466 8.61429783558956 26.4045298123484
45000 9.28960065264186 8.96988077651331 8.85372297380735 27.1132044029625
46000 9.55654486290916 9.23043664282852 9.11009230416018 27.8970738098979
47000 9.80944200735207 9.46196239962542 9.35320856192241 28.6246129688999
48000 10.0387273908753 9.69392571935585 9.56053966474009 29.2931927749713
49000 10.2845459878166 9.93217012879434 9.80171892497683 30.0184350415877
50000 10.538810107311 10.1807260996233 10.031007568239 30.7505437751734
51000 10.7765010444479 10.4108752682113 10.2633533924668 31.450729705126
52000 11.0169080090928 10.6248628920451 10.4971012347774 32.1388721359153
53000 11.2534556430579 10.8587197746602 10.7249589218185 32.8371343395366
54000 11.4759001122518 11.1053506854193 10.9532757425202 33.5345265401913
55000 11.6910591227885 11.3355623208979 11.1613400853541 34.1879615290405
56000 11.9558160502924 11.5440908268293 11.3967311847664 34.8966380618881
57000 12.2077772181222 11.7555816079784 11.6343689229854 35.597727749086
58000 12.403589144089 11.9801432505096 11.8765107915737 36.2602431861723
59000 12.655004490563 12.2085745887176 12.0976481461926 36.9612272254733
60000 12.8809227771739 12.4572943175692 12.3714598480448 37.709676942788
61000 13.1390586634711 12.6972670329189 12.5781629420813 38.4144886384713
62000 13.3554385370754 12.9179841787142 12.8002823222118 39.0737050380014
63000 13.5467507469216 13.1729221522187 13.0106115555327 39.7302844546729
64000 13.7683401175563 13.4040960192338 13.22096342565 40.3933995624401
65000 13.9922460413636 13.6666448306313 13.475879103655 41.1347699756498
66000 14.2376232631603 13.8700876831115 13.7216383526095 41.8293492988812
67000 14.465866649348 14.1051128130399 13.9551765249381 42.526155987326
68000 14.7216856111367 14.3070417228248 14.165560805046 43.1942881390074
69000 14.9741581536152 14.5506581713077 14.4032674866146 43.9280838115375
70000 15.2307949158657 14.771250172268 14.6346197690997 44.6366648572334
71000 15.4504186340756 15.0096643603587 14.846193886523 45.3062768809573
72000 15.6669850110686 15.2432494991933 15.0866958631548 45.9969303734167
73000 15.897665294489 15.5175356338038 15.3095016717417 46.7247026000346
74000 16.1514798111401 15.7419217394758 15.5380964947782 47.4314980453941
75000 16.3914563604389 15.9572545580359 15.75076688277 48.0994778012448
76000 16.6447527171974 16.1527928540485 15.953260133116 48.750805704362
77000 16.8729828489324 16.3891818682655 16.1538763961559 49.4160411133539
78000 17.1318894479982 16.6523035422007 16.3524137503361 50.136606740535
79000 17.3478712644569 16.8800188648136 16.5979284885205 50.825818617791
80000 17.5923875372348 17.0920200465575 16.7926413630794 51.4770489468716
81000 17.8476288420113 17.3117610746396 17.0050658581295 52.1644557747804
82000 18.097414738491 17.5714624157386 17.2251880355215 52.8940651897511
83000 18.3328668314488 17.7855531968381 17.4722891730279 53.5907092013148
84000 18.5795339664581 17.9820419854308 17.690913846791 54.2524897986799
85000 18.8509490405132 18.2355043144822 17.9314390107205 55.0178923657158
86000 19.0786473343063 18.4715976104608 18.1231620883958 55.6734070331629
87000 19.2968592828541 18.6741090768467 18.3439473533949 56.3149157130958
88000 19.5262563181574 18.9202249011709 18.6011898055754 57.0476710249036
89000 19.7911841500168 19.1463480003751 18.8311129941258 57.7686451445177
90000 20.0224378830286 19.3529562722439 19.0698560384525 58.445250193725
91000 20.2198997187898 19.556068430368 19.2712677539123 59.0472359030701
92000 20.4457147661283 19.7851259368908 19.4588443797735 59.6896850827926
93000 20.6935353737697 19.9959575180446 19.6923291372606 60.381822029075
94000 20.9127331601578 20.2407651212125 19.9038909159078 61.0573891972781
95000 21.1026312762303 20.4314655930045 20.1441821863878 61.6782790556226
96000 21.3279417497189 20.6893869629028 20.3674166474211 62.3847453600428
97000 21.5398246404395 20.8703688178478 20.5523780459007 62.9625715041879
98000 21.7724247955336 21.114233357597 20.8505105386089 63.7371686917395
99000 22.0284914415124 21.344517309446 21.0577994438359 64.4308081947942
100000 22.2949983037268 21.5515050880508 21.3061555066945 65.1526588984721
101000 22.5052978448319 21.7995633823217 21.5190989851953 65.8239602123489
102000 22.7295425186368 22.0079132777337 21.7287118762483 66.4661676726189
103000 22.9789927330533 22.2171025070016 21.9687289729537 67.1648242130086
104000 23.2639119004192 22.4624439152458 22.2028342223127 67.9291900379777
105000 23.5008234572165 22.6955488606931 22.4272349216784 68.623607239588
106000 23.6838496630859 22.8990205724204 22.6101467825084 69.1930170180148
107000 23.9523334870778 23.1339176461005 22.8587237070542 69.9449748402325
108000 24.1345652934911 23.3250236966163 23.0586105194008 70.5181995095083
109000 24.4150970894658 23.571022364083 23.2663931450044 71.2525125985532
110000 24.5966108129587 23.7683334426421 23.4473969230264 71.8123411786271
111000 24.8452580396738 24.0312396297112 23.6820779386216 72.5585756080066
112000 25.0736451258552 24.2037774516935 23.870336115843 73.1477586933918
113000 25.2777558788962 24.452521137657 24.0781630012358 73.808440017789
114000 25.5158792475825 24.6364722424088 24.3166882011362 74.4690396911276
115000 25.7465341197759 24.874623035616 24.5325775828273 75.1537347382192
116000 25.9384867863763 25.0970329253522 24.7294318818578 75.7649515935863
117000 26.1631702246692 25.2928073120123 24.92243936208 76.3784168987615
118000 26.3893673604766 25.4492656660363 25.1398748216597 76.9785078481725
119000 26.6017146277098 25.680742089727 25.3622785044693 77.6447352219061
120000 26.8503586898165 25.9063133962416 25.5631441961522 78.3198162822104
121000 27.048196686778 26.137061895453 25.7990571390825 78.9843157213135
122000 27.2490955049101 26.3468284550695 26.0118343273481 79.6077582873277
123000 27.4340013649256 26.5486458119894 26.2474983022401 80.230145479155
124000 27.6463061721498 26.7607638617618 26.4111079013764 80.818177935288
125000 27.8920892314224 27.0023309568828 26.6734655776407 81.5678857659459
126000 28.1690925946914 27.2099668874823 26.9023022998579 82.2813617820316
127000 28.3767988666053 27.4293722945226 27.1143548274452 82.9205259885731
128000 28.5971658239496 27.6833929344001 27.3759655488925 83.6565243072422
129000 28.85309071863 27.8712885851906 27.5761253174237 84.3005046212443
130000 29.0422013111469 28.0982144092745 27.7983043556087 84.9387200760301
131000 29.2989272100214 28.3304674193277 28.045041396746 85.6744360260951
132000 29.5442258084059 28.5426296794569 28.2290970268426 86.3159525147054
133000 29.749343282818 28.7691736682509 28.4911156168993 87.0096325679682
134000 29.9722644058536 28.9806680403723 28.6433105023845 87.5962429486104
135000 30.1557730218865 29.2069535697274 28.8593450484831 88.222071640097
136000 30.3637101112079 29.4223669837726 29.125880079132 88.9119571741125
137000 30.6476196065064 29.6145133171606 29.3120722967837 89.5742052204506
138000 30.8780664386229 29.8521813610421 29.4772105263352 90.2074583260003
139000 31.0560075424743 30.0550553616501 29.6805954229484 90.7916583270728
140000 31.301706197424 30.2961257294757 29.9012519772911 91.4990839041909
141000 31.4673535605217 30.5349705554786 30.0839407006674 92.0862648166677
142000 31.6949357285988 30.7227025532303 30.2778279096222 92.6954661914513
143000 31.930187380964 30.9134153928472 30.4859404875502 93.3295432613614
144000 32.1857423189446 31.1711088394506 30.713566085515 94.0704172439103
145000 32.3984126150758 31.3683742679114 30.8933475621188 94.660134445106
146000 32.6170004125689 31.5701665159907 31.141194042438 95.3283609709975
147000 32.8723823154888 31.8018143086783 31.3477552238103 96.0219518479775
148000 33.1094090532992 32.0751964310397 31.5664744730389 96.7510799573777
149000 33.3558607178685 32.2274940640429 31.7841678724719 97.3675226543834
150000 33.5779412579465 32.4503920339238 32.0279340781871 98.0562673700575
151000 33.7425652856959 32.7054180331349 32.2415326680222 98.689515986853
152000 34.0287639003113 32.925276163664 32.5043600738088 99.4584001377842
153000 34.2525351113959 33.1423997713306 32.6966086501128 100.091543532839
154000 34.490030265653 33.340372689118 32.8932218719171 100.723624826688
155000 34.7208657884664 33.5710809691395 33.1014582186005 101.393404976206
156000 34.9015619720061 33.8374012756597 33.3833008637477 102.122264111413
157000 35.1598417946653 34.0391685227356 33.5875175799794 102.78652789738
158000 35.3818980451627 34.2386207481158 33.7441888508888 103.364707644167
159000 35.6554775841127 34.4528661618767 33.9482856668072 104.056629412797
160000 35.8210745129778 34.6445740604209 34.158496190792 104.624144764191
161000 36.0176969401295 34.8751568935447 34.373265534049 105.266119367723
162000 36.2778792901777 35.0927479459863 34.5663144891239 105.936941725288
163000 36.4882691276578 35.332368319197 34.7700606644282 106.590698111283
164000 36.7111235615867 35.5804955710775 34.9572384161761 107.24885754884
165000 36.9393048654305 35.789644464141 35.1725887052273 107.901538034799
166000 37.1480974575656 35.9939392923136 35.43845558051 108.580492330389
167000 37.3593286505645 36.212088904368 35.627074634359 109.198492189292
168000 37.5692605826337 36.4070689466106 35.7975866003336 109.773916129578
169000 37.7637044926564 36.6585621590028 36.0572602061821 110.479526857841
170000 37.9192173115439 36.8712800240152 36.3074574976271 111.097954833186
171000 38.1156552544135 37.0613778232627 36.5171367946299 111.694169872306
172000 38.3695647566279 37.281059031813 36.6967586758954 112.347382464336
173000 38.5468114417402 37.4941620096042 36.9139124114737 112.954885862818
174000 38.7727835419754 37.719368340877 37.0869708068353 113.579122689688
175000 38.9479673104844 37.8867342374499 37.3180870459758 114.15278859391
176000 39.1390913643382 38.1283589895664 37.5195195913163 114.786969945221
177000 39.3792032254689 38.3462848170137 37.6690614329202 115.394549475403
178000 39.5991325339822 38.5674837096414 37.8819066983036 116.048522941927
179000 39.8003712701244 38.7933233000018 38.0477919368489 116.641486506975
180000 40.0648028445882 39.0284192869584 38.2372997247569 117.330521856303
181000 40.2972476463513 39.2428279543417 38.412357142392 117.952432743085
182000 40.4895805393004 39.4820879988789 38.6081069385571 118.579775476736
183000 40.7091118706495 39.6836639593129 38.8510233113366 119.243799141299
184000 40.9465859458979 39.916875013625 39.026836498022 119.890297457545
185000 41.1702700686329 40.1030692330643 39.2523469535209 120.525686255218
186000 41.4356635779938 40.3509063047216 39.4376558728691 121.224225755584
187000 41.6127293171756 40.580688001362 39.7117251496893 121.905142468227
188000 41.8174365534161 40.8027312289865 39.9337410210513 122.553908803454
189000 42.039415724538 41.0352959134201 40.1351246787471 123.209836316705
190000 42.2755579755622 41.2528552621559 40.3449648495055 123.873378087224
191000 42.4661884409682 41.4576359932015 40.504766395032 124.428590829202
192000 42.6678456692201 41.5843087297078 40.7431502931498 124.995304692078
193000 42.9055993614937 41.777904415886 40.9444142278136 125.627918005193
194000 43.1728562903121 42.0469489759158 41.1422536355418 126.36205890177
195000 43.4152705711846 42.2000567603635 41.3262720049591 126.941599336507
196000 43.6627185504718 42.3920384592282 41.554405712167 127.609162721867
197000 43.8880544921277 42.6174305446421 41.7610300830145 128.266515119784
198000 44.0854451121069 42.8733040015061 41.9957516353877 128.954500749001
199000 44.3462055531457 43.0731473696809 42.1831065209685 129.602459443795
200000 44.5010362137414 43.2797771005512 42.3684258734517 130.149239187744
201000 44.8126787537496 43.4873451042906 42.6150840497068 130.915107907747
202000 45.0282063815846 43.6549399809671 42.8682736934192 131.551420055971
203000 45.2695063349521 43.8659495374114 43.0467678989921 132.182223771356
204000 45.4593690264407 44.1354933200592 43.2590300972831 132.853892443783
205000 45.6906062152685 44.333513241265 43.4722128319573 133.496332288491
206000 45.8629987853263 44.544477290761 43.7290117429851 134.136487819072
207000 46.093641973411 44.766094936547 43.9393699147331 134.799106824691
208000 46.3073727418194 44.9931322932392 44.112716973833 135.413222008892
209000 46.4940388776194 45.2145618803518 44.294334716624 136.002935474595
210000 46.7448549527155 45.5132538650317 44.5379371305014 136.796045948249
211000 47.0168834898601 45.7169885196531 44.6907497708103 137.424621780324
212000 47.2236276008837 45.9214436807949 44.9006025681917 138.04567384987
213000 47.412181529183 46.1154363600929 45.0635759542609 138.591193843537
214000 47.6625697126459 46.3586486385387 45.3362727967139 139.357491147899
215000 47.843045012657 46.5139648618758 45.5052364727328 139.862246347266
216000 48.0524868976971 46.7744493166431 45.7121907540356 140.539126968376
217000 48.3070512974929 46.9387875985152 45.9527151062436 141.198554002252
218000 48.5683780230578 47.084563443664 46.1927163062856 141.845657773007
219000 48.7411266749953 47.2866805308733 46.4271321557537 142.454939361622
220000 49.0360116092862 47.467030642674 46.7000445856382 143.203086837599
221000 49.2213205572184 47.7085186582748 46.8932992622185 143.823138477712
222000 49.4491565608698 47.8866302611015 47.1364708361574 144.472257658129
223000 49.6683483049529 48.106495244688 47.3479912286311 145.122834778272
224000 49.8743452806134 48.3182912916071 47.5845686482694 145.77720522049
225000 50.1238340953246 48.526189726373 47.8159909290209 146.466014750719
226000 50.3185825683279 48.705012016612 48.0841295483308 147.107724133271
227000 50.5556254577177 48.9534603416119 48.2752976246245 147.784383423954
228000 50.7987564936439 49.147530894943 48.4489295861466 148.395216974734
229000 51.0062222540649 49.3653369302528 48.6845272312734 149.056086415591
230000 51.2110985817036 49.5951403122832 48.8762544975216 149.682493391508
231000 51.5030330100221 49.8496638969782 49.1253644156522 150.478061322653
232000 51.6641774466994 50.0862120295405 49.2853122622118 151.035701738452
233000 51.8757371311181 50.30706862652 49.5441784666711 151.726984224309
234000 52.0898433411259 50.5671271683749 49.7386027595008 152.395573269002
235000 52.3478650175119 50.8019913881998 49.968530296916 153.118386702628
236000 52.5902984889716 51.0830555649614 50.0974685885541 153.770822642487
237000 52.8655611453049 51.2382009496084 50.3345548772157 154.438316972129
238000 53.0912002994751 51.4335664474083 50.5494245396946 155.074191286578
239000 53.2926075934227 51.6199959489305 50.7688774714922 155.681481013845
240000 53.4764813973225 51.914511960974 50.9468431741035 156.3378365324
241000 53.6986686802117 52.118830232679 51.2061963382056 157.023695251096
242000 53.9117462130614 52.3155664126078 51.4148697657331 157.642182391402
243000 54.1350290208762 52.5986639219668 51.6076325419458 158.341325484789
244000 54.4129298569003 52.7556756793573 51.7500971664502 158.918702702708
245000 54.5837748006432 52.9976002438489 51.9602132534034 159.541588297895
246000 54.8774145218313 53.2311340378585 52.1670004466003 160.27554900629
247000 55.0720665173826 53.4771300969506 52.3785965031647 160.927793117498
248000 55.2457653153034 53.6204844613131 52.5328584382881 161.399108214905
249000 55.4849738789722 53.8703842721708 52.7605127347865 162.115870885929
250000 55.7025028221254 54.0839420774406 52.9171585120874 162.703603411653
251000 55.8727944108838 54.3039055526568 53.154119186805 163.330819150346
252000 56.1167634691874 54.5111707542628 53.3742173552096 164.00215157866
253000 56.3332145553131 54.7428897690143 53.5121511612268 164.588255485554
254000 56.5562324425404 54.9646547580503 53.7489583426007 165.269845543192
255000 56.7142938241183 55.1255783887247 53.9725311948051 165.812403407648
256000 56.9490561037374 55.3316284068279 54.1807903007365 166.461474811302
257000 57.1483145990183 55.4500432607519 54.4564788452407 167.054836705011
258000 57.4248477654048 55.6793037225503 54.6680266766911 167.772178164646
259000 57.6675455486036 55.8902485040093 54.8693267158167 168.42712076843
260000 57.8648403708722 56.1423716183528 55.0936950857914 169.100907075016
261000 58.1694631313521 56.3561459988987 55.3461398301727 169.871748960424
262000 58.4141852980807 56.559878343414 55.5903724224009 170.564436063896
263000 58.6231534561671 56.7498231026264 55.8183991827196 171.191375741513
264000 58.8133693965625 56.991954291904 55.983632096619 171.788955785085
265000 59.0721142844315 57.2085072981327 56.2063365510801 172.486958133644
266000 59.2347098036102 57.4207207899021 56.3927412125515 173.048171806064
267000 59.4903528638319 57.5762383539086 56.5872964850518 173.653887702792
268000 59.7489488973168 57.8660943622657 56.8066461258102 174.421689385393
269000 59.9796169805298 58.0332524279964 57.0144593246015 175.027328733128
270000 60.2193005276687 58.2751046067307 57.2501516897539 175.744556824153
271000 60.4011892863696 58.4707835851929 57.4461247898115 176.318097661374
272000 60.6611206586539 58.6885900240399 57.6872006506463 177.03691133334
273000 60.8327499592671 58.8212580517916 57.8796603175664 177.533668328625
274000 61.0876948753355 59.0475404603666 58.0959443937372 178.231179729439
275000 61.3262905199982 59.2277835317276 58.3306297754114 178.884703827137
276000 61.5464116579368 59.5051257879792 58.4960327029032 179.547570148819
277000 61.7554061532167 59.7170013263128 58.6659371192498 180.138344598779
278000 61.9658870400052 59.9247095928632 58.8534481635185 180.744044796387
279000 62.1781827599692 60.1388428602804 59.0710438552964 181.388069475546
280000 62.444855999422 60.3574947926571 59.3194218226484 182.121772614728
281000 62.5842473681185 60.5749179494731 59.5257122621988 182.68487757979
282000 62.8224218648104 60.771230605422 59.6979695490309 183.291622019263
283000 63.0191324846876 60.990775522128 59.9553348567234 183.965242863539
284000 63.2337980553129 61.2275760272418 60.1834923034968 184.644866386052
285000 63.4433921309064 61.4688563610576 60.3776966154467 185.289945107411
286000 63.6712634379677 61.6389298739939 60.5787637787511 185.888957090713
287000 63.8532545273726 61.8415599515014 60.830130974366 186.52494545324
288000 64.1223522616028 62.1298234438334 60.9889137080126 187.241089413449
289000 64.3786875756248 62.3341785999269 61.1946747342998 187.907540909851
290000 64.600659351965 62.5818398454248 61.3076604482671 188.490159645657
291000 64.8010300233542 62.7955114343207 61.5350708672026 189.131612324878
292000 65.0532785976154 62.9890129696432 61.7475031838161 189.789794751075
293000 65.2778920879251 63.159031727601 61.9693902778288 190.406314093355
294000 65.4371261966036 63.3346370265533 62.14369592304 190.915459146197
295000 65.6290376784299 63.535969854798 62.3242915073556 191.489299040583
296000 65.8053386784003 63.7743312285538 62.5433586570513 192.123028564005
297000 66.0724103650382 63.9506557254621 62.767516544239 192.790582634739
298000 66.2730162720423 64.1655842783713 63.0248876520637 193.463488202477
299000 66.5042197352542 64.3248652064025 63.2465147975408 194.075599739198
300000 66.7009179766063 64.547725254619 63.4625097993739 194.711153030599
301000 66.9629936875752 64.7690924457026 63.669327911522 195.4014140448
302000 67.2111358356723 64.9834654549439 63.8815245813145 196.076125871931
303000 67.4246988684906 65.1049612157726 64.081414891182 196.611074975445
304000 67.5993467919979 65.3122564488481 64.2691822497474 197.180785490593
305000 67.8233974664847 65.4539703112145 64.4208329902212 197.69820076792
306000 68.0237732072478 65.6652904791013 64.5834510065139 198.272514692863
307000 68.2231292697108 65.8997863983118 64.847796893556 198.970712561579
308000 68.4854357130418 66.1487302796749 65.0189971271791 199.653163119896
309000 68.7253858467992 66.3574161263557 65.2331149138419 200.315916886997
310000 68.8787401440453 66.6000690530924 65.4593968308615 200.938206027999
311000 69.0523118194974 66.8009616069757 65.6691167514487 201.522390177922
312000 69.3137444532446 67.0414743452701 65.8858321447997 202.241050943314
313000 69.4866969871624 67.1869452788947 66.0716812272994 202.745323493356
314000 69.668341655765 67.4048282352364 66.2134998387279 203.286669729729
315000 69.9134131629235 67.6768773465831 66.4470635485081 204.037354058015
316000 70.1058537346781 67.8580486947402 66.6388461435523 204.602748572971
317000 70.32995929056 68.0087166448328 66.859031984689 205.197707920082
318000 70.5412907420866 68.2521705036381 67.0205560950031 205.814017340728
319000 70.7460629259358 68.4605345916292 67.2491894343161 206.455786951881
320000 70.9612814743034 68.683880388353 67.4416877615455 207.086849624202
321000 71.2037203143887 68.9149665591691 67.6879979872995 207.806684860857
322000 71.3855020421001 69.0796724079019 67.8038786500968 208.269053100099
323000 71.5843212760333 69.2685990624221 67.9447587619919 208.797679100447
324000 71.8053215227975 69.4394580089516 68.1018629573963 209.346642489145
325000 72.0484263543997 69.6096130416018 68.3238829045356 209.981922300537
326000 72.2873310194786 69.8641557606534 68.5365634120125 210.688050192145
327000 72.4481429144246 70.0191200332529 68.7130327521433 211.180295699821
328000 72.6810702027144 70.2471807042003 68.9706935236152 211.89894443053
329000 72.8595936643869 70.4758987889147 69.1762183454107 212.511710798712
330000 73.0914306645603 70.7385263746717 69.4317731848004 213.261730224032
331000 73.3060686278405 70.8640686484604 69.6348007269832 213.804938003284
332000 73.475627249068 71.0499005874284 69.8361856624547 214.361713498951
333000 73.6854694553769 71.1866130099508 70.0510433263571 214.923125791685
334000 73.8400252982979 71.4323142082911 70.2556343316416 215.527973838231
335000 74.1023730530607 71.6026200487034 70.4561462036343 216.161139305398
336000 74.2770310316034 71.8017731105082 70.5854785249844 216.664282667096
337000 74.4729246515799 71.9971034149495 70.798825742251 217.26885380878
338000 74.6481339574503 72.1784592859979 71.0219840161279 217.848577259576
339000 74.8943375153861 72.4048205856698 71.2079838621519 218.507141963208
340000 75.1085941235265 72.6262091323731 71.390019868695 219.124823124595
341000 75.3265541977757 72.8992748781314 71.5831592833526 219.80898835926
342000 75.6056954856778 73.0693435005602 71.8364984260882 220.511537412326
343000 75.833123022815 73.3435325574774 72.0988654355418 221.275521015834
344000 76.0669308342092 73.5334146654349 72.2644693834692 221.864814883113
345000 76.3500758385276 73.8168136037811 72.4927979967524 222.659687439061
346000 76.5474570471087 73.99926072548 72.6450584675708 223.191776240159
347000 76.688604786054 74.1487992248812 72.8474165007455 223.684820511681
348000 76.9232575099604 74.3131340372674 73.0835832430625 224.31997479029
349000 77.2223189580903 74.5353641486168 73.290171843506 225.047854950213
350000 77.4647087413853 74.6850875492716 73.5001334346857 225.649929725343
351000 77.6814502740709 74.8453570066047 73.6673263220776 226.194133602753
352000 77.9615892177765 75.1169388963168 73.8566717810417 226.935199895135
353000 78.2149118133666 75.2676239866242 74.0716405416733 227.554176341664
354000 78.4147781350039 75.5083177756506 74.3119827032818 228.235078613936
355000 78.6160116376648 75.7163343270696 74.5060358557106 228.838381820445
356000 78.8972726288011 75.8631141284307 74.6762220503079 229.43660880754
357000 79.0674108090211 76.0777994156261 74.8451830278299 229.990393252477
358000 79.3134896477254 76.2552444304266 75.0634130272385 230.63214710539
359000 79.5376453816824 76.551470021725 75.2370406585745 231.326156061982
360000 79.7099199229772 76.7927200236224 75.4835946563506 231.98623460295
361000 79.8910736070509 77.0375003764723 75.6465900392624 232.575164022786
362000 80.1072546224437 77.2359352775676 75.833974676862 233.177164576873
363000 80.2861263666344 77.5283009185792 76.0014240548619 233.815851340075
364000 80.4545392008611 77.6903438344174 76.2210675914133 234.365950626692
365000 80.7060974357828 77.8353683107054 76.460824182045 235.002289928533
366000 80.9784828206841 78.0529346221737 76.6734295044049 235.704846947263
367000 81.1630018284025 78.246125697638 76.8056348739826 236.214762400023
368000 81.3343789126117 78.4925768432943 77.0464248326931 236.873380588599
369000 81.6008426444675 78.6884536591435 77.2746709920806 237.563967295692
370000 81.8219282022296 78.9317471190225 77.4600268519445 238.213702173197
371000 82.0233796252648 79.1359949874093 77.6946837173554 238.85405833003
372000 82.3021553330575 79.398589309796 77.8792305584558 239.579975201309
373000 82.5244254039596 79.6220450603238 78.0151213175108 240.161591781794
374000 82.7669510234856 79.7805196252298 78.2793828072639 240.826853455979
375000 82.9917024698081 79.9560953543519 78.4911014085496 241.43889923271
376000 83.1425078204593 80.1907656887264 78.7304208769131 242.063694386099
377000 83.3915268847251 80.388503311847 78.9752219112329 242.755252107805
378000 83.5593570051728 80.5853448562743 79.1715336200946 243.316235481542
379000 83.8104289839157 80.7993367879996 79.4228859142609 244.032651686176
380000 84.0013256412368 80.9677743621821 79.5358505619796 244.504950565398
381000 84.1743483230699 81.1289835924012 79.6773729944064 244.980704909878
382000 84.373728287591 81.3816598602388 79.8875571075806 245.64294525541
383000 84.5605532525541 81.5492433745011 80.0506819191321 246.160478546187
384000 84.8492857023585 81.7567195668784 80.3097735576631 246.9157788269
385000 85.0803627161224 82.0249569457139 80.5027466977277 247.608066359564
386000 85.3004511656848 82.2299178959277 80.6853106054249 248.215679667037
387000 85.5056981057333 82.5518390327217 80.8535063594856 248.91104349794
388000 85.7582301647042 82.7430482021062 81.1122169114593 249.61349527827
389000 86.0477312355902 82.8511573586994 81.2807213577358 250.179609952025
390000 86.1831024144456 83.0545106659454 81.4815861176813 250.719199198072
391000 86.452346989482 83.2699813861743 81.65511000778 251.377438383436
392000 86.6696726076216 83.5167424294331 81.8953727626824 252.081787799737
393000 86.8961571937091 83.6846727054441 82.1837361604791 252.764566059632
394000 87.1120871049496 83.8603240340453 82.3775390706062 253.349950209601
395000 87.3376631737532 84.0762995684619 82.5734152563852 253.9873779986
396000 87.4607698699058 84.282706249869 82.7409690514054 254.48444517118
397000 87.6781579325709 84.4809091077556 82.9388745253153 255.097941565642
398000 87.8937123553961 84.6487959861135 83.1089277639452 255.651436105455
399000 88.0650410395336 84.8475309248613 83.3273991824328 256.239971146828
400000 88.1764707255036 85.09047655405 83.4783780927997 256.745325372353
401000 88.435920303772 85.2849373242907 83.6489648034407 257.369822431503
402000 88.6199566844707 85.4711657726369 83.8864218761047 257.977544333212
403000 88.8289495716867 85.7207164452542 84.0482612886615 258.597927305602
404000 89.0801733356181 85.9123610908173 84.3075308225118 259.300065248947
405000 89.3047646391237 86.1002712278194 84.4971443719287 259.902180238872
406000 89.5653421017921 86.287282779149 84.6586990658779 260.511323946819
407000 89.8061451347631 86.462941112588 84.9099101748284 261.178996422179
408000 89.9800569624037 86.6826872136864 85.0871571034529 261.749901279543
409000 90.1867548383888 86.8894131699291 85.3208907717564 262.397058780074
410000 90.385002920918 87.0871920199135 85.5292232502042 263.001418191036
411000 90.6052633871 87.2610456122756 85.7876087506838 263.653917750059
412000 90.8552747237661 87.4512184152134 85.8995408976552 264.206034036635
413000 91.047393263442 87.7478856315129 86.0457439670461 264.841022862001
414000 91.290516884293 87.9104100854557 86.3025233230689 265.503450292818
415000 91.5609023691408 88.1200978729658 86.5015468209292 266.182547063036
416000 91.7506420845337 88.3915116477915 86.6686705606882 266.810824293013
417000 91.9564020248431 88.4966095165409 86.8790837273798 267.332095268764
418000 92.2436465192702 88.7822239997104 87.0505260328042 268.076396551785
419000 92.470746552653 88.9874469697333 87.212970697422 268.671164219808
420000 92.7244255611591 89.2545593818893 87.4036191616537 269.382604104702
421000 92.9853365467158 89.4106535229961 87.5703762923066 269.966366362019
422000 93.2571940827639 89.6084237133728 87.7778952330762 270.643513029213
423000 93.5039142926514 89.7871147824149 88.0028621877677 271.293891262834
424000 93.7155160261286 90.1120325401934 88.2011958453348 272.028744411657
425000 93.8794437231741 90.2909814551096 88.373684735391 272.544109913675
426000 94.1345186087155 90.4694519376475 88.592556219189 273.196526765552
427000 94.3429774252544 90.6929060181002 88.8288267755077 273.864710218862
428000 94.4780777879387 90.864846510636 89.0567127117255 274.3996370103
429000 94.7260748429573 91.0738064521773 89.2240376774508 275.023918972585
430000 94.8980596574149 91.2839468271231 89.4501193982773 275.632125882815
431000 95.1001034242854 91.5114230052785 89.6414170043397 276.252943433904
432000 95.2525579559758 91.7417951799193 89.815165440231 276.809518576126
433000 95.4559048604017 91.919112905726 89.9743061937663 277.349323959894
434000 95.690382635355 92.1042649844645 90.1668283170136 277.961475936833
435000 95.8880182672725 92.3184238754365 90.4018522867337 278.608294429443
436000 96.0750150814435 92.5045928138811 90.6205950246137 279.200202919938
437000 96.2715151951282 92.7028322597753 90.7647464374173 279.739093892321
438000 96.5095854483637 92.9211191486413 90.9868833297801 280.417587926785
439000 96.7190446900748 93.1300595111222 91.1842325202463 281.033336721443
440000 96.965105788944 93.3818710935073 91.3719674679124 281.718944350364
441000 97.1162957813507 93.5103939367555 91.5151408430731 282.141830561179
442000 97.3338793492693 93.687136538893 91.6142224585754 282.635238346738
443000 97.5668634587046 93.9128678613416 91.8669898983556 283.346721218402
444000 97.7691583121553 94.1070487589622 92.0010881377066 283.877295208824
445000 97.9944403315965 94.2918296155549 92.169966640457 284.456236587608
446000 98.220169899337 94.4655587123145 92.3339337645351 285.019662376187
447000 98.4668123442327 94.6574161050761 92.548064171954 285.672292621263
448000 98.6241921191582 94.8454251424301 92.8047747823395 286.274392043928
449000 98.8350779219855 95.1283112477268 92.9610124999423 286.924401669655
450000 99.105665643666 95.3019949914082 93.1122445120349 287.519905147109
451000 99.2863517810125 95.4695103475398 93.3861036608861 288.141965789438
452000 99.4546573913127 95.6922521016234 93.5939949437635 288.7409044367
453000 99.6994364492952 95.8758008664727 93.777818361123 289.353055676891
454000 99.8847520067808 96.0409963233707 93.9211976557312 289.846945985883
455000 100.138251157319 96.2741663258637 94.1394500403921 290.551867523575
456000 100.278570037025 96.4675659386465 94.3533725345866 291.099508510258
457000 100.485187777199 96.6994497612601 94.5492907548393 291.733928293298
458000 100.717758354588 96.8490173687808 94.7936894032208 292.360465126589
459000 100.870780090135 97.1253983252236 95.0327395522772 293.028917967635
460000 101.133607963955 97.3361030758498 95.2099797791358 293.67969081894
461000 101.321681587419 97.5327652760318 95.3856809996561 294.240127863107
462000 101.564604398629 97.7093980903827 95.6826435753047 294.956646064316
463000 101.742313278594 97.9579793508587 95.882106621622 295.582399251074
464000 101.98849245479 98.1471362893718 96.0301363807798 296.165765124941
465000 102.101044372584 98.3575340788356 96.3267673821286 296.785345833548
466000 102.235419764771 98.6090787218042 96.5090596396131 297.353558126188
467000 102.474103670998 98.7422828496964 96.6912305402458 297.907617060941
468000 102.685726199504 98.9120823163152 96.9122005846237 298.510009100443
469000 102.929750318999 99.0112705310352 97.1402027678592 299.081223617893
470000 103.09746959924 99.2089024909966 97.3605585454268 299.666930635663
471000 103.331443728992 99.4244236866468 97.5533061532996 300.309173568939
472000 103.538201718644 99.5748354624593 97.7538213154869 300.866858496591
473000 103.675531930682 99.8034615880868 97.9162123163415 301.39520583511
474000 103.951988012845 100.008469561094 98.2107726042006 302.171230178139
475000 104.142278756045 100.251883044824 98.4550140927758 302.849175893644
476000 104.380594315153 100.433848520521 98.6545259605512 303.468968796226
477000 104.545050109163 100.629680928931 98.8993022367822 304.074033274877
478000 104.825609921766 100.875453452978 99.1175168369858 304.81858021173
479000 105.043676671986 101.104211085513 99.2693950414528 305.417282798952
480000 105.278206101152 101.245745035086 99.4969756642041 306.020926800442
481000 105.464862280348 101.399695339117 99.725826216346 306.590383835811
482000 105.664503322046 101.573396042986 99.887969986619 307.125869351651
483000 105.786083573556 101.747962951611 100.080519545659 307.614566070826
484000 106.047523368668 101.905769803011 100.324361242217 308.277654413896
485000 106.225912874499 102.117128599226 100.47502515526 308.818066628984
486000 106.472539375661 102.307139132894 100.666204529051 309.445883037607
487000 106.668331065127 102.438661481461 100.894303136038 310.001295682626
488000 106.888031644657 102.629496171167 101.045041594995 310.562569410819
489000 106.993439997212 102.85389926731 101.207928107885 311.055267372407
490000 107.233586725387 103.069940433866 101.481738945797 311.78526610505
491000 107.417961273108 103.258629349696 101.646788308431 312.323378931236
492000 107.639507539239 103.469812321766 101.928740026087 313.038059887093
493000 107.788751909272 103.674942500695 102.082249289692 313.545943699659
494000 108.056165329718 103.841619891469 102.289898420426 314.187683641613
495000 108.417898456195 104.026621423684 102.487811756761 314.93233163664
496000 108.515313122591 104.275046525648 102.658515769181 315.44887541742
497000 108.694860797404 104.48568210501 102.840440354273 316.020983256687
498000 108.986872278498 104.729346637278 103.063885303761 316.780104219538
499000 109.245388254241 104.936031920142 103.282066376194 317.463486550577
500000 109.41600946823 105.122499849865 103.544353485217 318.082862803312
501000 109.589791374323 105.323192569686 103.7223504664 318.635334410409
502000 109.83619461628 105.558885643196 103.977606414657 319.372686674133
503000 110.105920140578 105.71438220592 104.11299850043 319.933300846928
504000 110.263551496279 106.040319926164 104.341612627063 320.645484049506
505000 110.463669331412 106.24783074395 104.475853685635 321.187353760996
506000 110.682727835006 106.490760607126 104.604490404817 321.77797884695
507000 110.911322791763 106.675315057532 104.86041142182 322.447049271115
508000 111.119590073364 106.875474106025 105.023419851377 323.018484030766
509000 111.389773812081 107.105505639027 105.282091288665 323.777370739773
510000 111.573898109118 107.364444771588 105.486819330569 324.425162211275
511000 111.844968679181 107.578314598951 105.57603647771 324.999319755842
512000 112.021116727279 107.858174310622 105.822343553256 325.701634591157
513000 112.175558446413 108.017001380408 106.055557409685 326.248117236506
514000 112.414188008584 108.234094938579 106.246231850466 326.894514797629
515000 112.551654893868 108.407922201487 106.430535501596 327.390112596951
516000 112.843203913079 108.621894978138 106.610712413591 328.075811304808
517000 113.015192548813 108.813528424941 106.780219342772 328.608940316526
518000 113.291811998619 109.038549284869 106.924348000704 329.254709284192
519000 113.475341573084 109.264260382331 107.105421306027 329.845023261443
520000 113.675943963769 109.472849225318 107.341124867593 330.48991805668
521000 113.83806086408 109.663479336604 107.543723117219 331.045263317904
522000 114.041919161438 109.864136328934 107.735866779033 331.641922269405
523000 114.284563985853 110.067475948233 107.957448053876 332.309487987961
524000 114.5619593369 110.223953011206 108.200640413418 332.986552761524
525000 114.798714257044 110.418638776036 108.38748795484 333.604840987921
526000 114.961532603637 110.61596439469 108.556240047639 334.133737045966
527000 115.221277628168 110.823732424955 108.782760757114 334.827770810237
528000 115.403565482644 111.007979804073 108.997916141967 335.409461428683
529000 115.572003245475 111.225283018491 109.216571207341 336.013857471307
530000 115.759086302936 111.461878274887 109.390085493958 336.611050071781
531000 115.972788738934 111.667017469454 109.684153230557 337.323959438945
532000 116.2472899113 111.918564250382 109.9014354581 338.067289619781
533000 116.412088579945 112.201955745543 110.099637503351 338.71368182884
534000 116.63409587729 112.329318191809 110.326896347913 339.290310417011
535000 116.822796069061 112.597685952749 110.566311890356 339.986793912166
536000 117.071240064631 112.835925097881 110.787273982611 340.694439145123
537000 117.323520068952 113.013714029286 110.93957049266 341.276804590899
538000 117.517362577056 113.209644204186 111.148101788443 341.875108569686
539000 117.760892621941 113.405081003576 111.284930378877 342.450904004395
540000 117.951408372163 113.600912013911 111.491943589125 343.0442639752
541000 118.128662186722 113.845314609925 111.677937741911 343.651914538558
542000 118.425372231558 114.015597342823 111.831809555334 344.272779129715
543000 118.595377260355 114.255670512634 112.057257325107 344.908305098095
544000 118.847450451574 114.411516586515 112.28076083719 345.539727875279
545000 119.036938023491 114.627979848184 112.459424530847 346.124342402522
546000 119.259278223261 114.806311835088 112.670784524131 346.73637458248
547000 119.449859013854 115.062339318187 112.874152486152 347.386350818193
548000 119.619785161365 115.19271272601 113.057181886927 347.869679774302
549000 119.841922286721 115.425029206188 113.317680851854 348.584632344764
550000 120.025768502443 115.650610173795 113.584790694545 349.261169370783
551000 120.25431406917 115.901480971915 113.792146658966 349.947941700051
552000 120.46660470586 116.145123895597 114.07438070844 350.686109309898
553000 120.746913585161 116.38554566897 114.277171879036 351.409631133166
554000 120.921431074671 116.587538062246 114.522561186684 352.031530323601
555000 121.115416985355 116.766801575925 114.695661937905 352.577880499186
556000 121.309339609414 116.960129582103 114.871350597797 353.140819789314
557000 121.498535457976 117.189901218779 115.014231294368 353.702667971123
558000 121.695145875976 117.366466324175 115.28017664258 354.341788842732
559000 121.852125429871 117.459060957029 115.445378233122 354.756564620021
560000 121.948628459288 117.697228239285 115.601105128782 355.246961827354
561000 122.171863658566 117.838051534108 115.791704381687 355.801619574362
562000 122.404222030477 118.12463016251 116.081820799451 356.610672992438
563000 122.584169704486 118.318311450044 116.303903330718 357.206384485248
564000 122.736854846352 118.52222642969 116.542452650816 357.801533926858
565000 122.94787127423 118.762426379203 116.716302523066 358.426600176499
566000 123.154930283415 118.948397362939 116.905431069897 359.008758716252
567000 123.352443151101 119.108986167816 117.054436311753 359.515865630671
568000 123.542135286073 119.322461424965 117.234185162938 360.098781873976
569000 123.739704945923 119.498003770289 117.434539474181 360.672248190394
570000 123.893836265871 119.726647733383 117.61848981576 361.238973815014
571000 124.084995819963 119.920677865223 117.897015332452 361.902689017638
572000 124.259796918688 120.101825029251 118.118198046059 362.479819993998
573000 124.409557101557 120.24537960485 118.29259923797 362.947535944377
574000 124.575396314587 120.417940204571 118.460142273984 363.453478793142
575000 124.843142924578 120.763730378194 118.642674143793 364.249547446565
576000 124.97014140511 120.898150557066 118.947895086806 364.816187048982
577000 125.15788815976 121.144283548296 119.056130001327 365.358301709383
578000 125.39908155299 121.358269113829 119.300240914459 366.057591581278
579000 125.587078666014 121.586602763994 119.504563205548 366.678244635555
580000 125.797664686545 121.719395654771 119.787644045921 367.304704387237
581000 126.087009439781 121.904056560337 119.944449406932 367.935515407049
582000 126.156236422074 122.099015977975 120.127568069452 368.382820469501
583000 126.456095368464 122.246409352525 120.313851778942 369.016356499932
584000 126.684866435656 122.452725202246 120.570543745825 369.708135383727
585000 126.867678252158 122.640121596001 120.733907950974 370.241707799133
586000 127.113487306183 122.849020884015 120.870913449679 370.833421639877
587000 127.423672188131 123.013708507882 121.060776593325 371.498157289339
588000 127.642765564202 123.21622385511 121.219836156692 372.078825576004
589000 127.825543900633 123.456949686161 121.452275292282 372.734768879075
590000 127.98086489804 123.627984810815 121.676715539147 373.285565248001
591000 128.193537261833 123.87536771954 121.772433924274 373.841338905647
592000 128.432593370338 124.18594543895 121.976297214424 374.594836023711
593000 128.595523344866 124.453218233547 122.213570704663 375.262312283077
594000 128.79933162176 124.664573529887 122.406529330308 375.870434481955
595000 129.028862101999 124.730089869619 122.648371053097 376.407323024715
596000 129.273053986609 124.984999376112 122.881363610289 377.13941697301
597000 129.564739008364 125.240765815748 123.111398204366 377.916903028478
598000 129.768480531762 125.447173453817 123.388694178107 378.604348163685
599000 129.9916468657 125.573771430366 123.615175450443 379.18059374651
600000 130.155963623222 125.738040583735 123.806042385176 379.700046592132
601000 130.424328602339 125.98828302773 123.908834565723 380.321446195792
602000 130.608191887076 126.160252683527 124.106807245309 380.875251815912
603000 130.849727230268 126.244356852978 124.173668269619 381.267752352866
604000 131.037712067154 126.453167467288 124.393386459584 381.884265994027
605000 131.230958360424 126.600849700361 124.628676614337 382.460484675122
606000 131.509499412894 126.806722580674 124.861771896631 383.177993890199
607000 131.680315377046 127.006141114188 125.004323898038 383.690780389273
608000 131.902353702494 127.210960777502 125.255616861272 384.368931341268
609000 132.085170094106 127.426139441951 125.419889519336 384.931199055393
610000 132.350825208196 127.66936971771 125.644384547307 385.664579473213
611000 132.599907582009 127.793683305211 125.815403954471 386.208994841691
612000 132.804935800455 127.945767310653 126.031826261166 386.782529372274
613000 132.9547607188 128.081611305644 126.159185775968 387.195557800411
614000 133.242848974639 128.314434281995 126.345055042229 387.902338298863
615000 133.353138155348 128.527741964552 126.532479277378 388.413359397278
616000 133.622892997895 128.778050847025 126.767939530801 389.16888337572
617000 133.770458505293 128.956449486357 126.960934744188 389.687842735838
618000 134.031541914855 129.227910706093 127.153631055121 390.413083676069
619000 134.264708576547 129.326564095391 127.336126716782 390.927399388719
620000 134.447338482186 129.602400993817 127.609766637002 391.659506113005
621000 134.711196701935 129.910728086388 127.787798380636 392.409723168959
622000 134.995284758388 130.079644090488 128.045497544106 393.120426392982
623000 135.21349121996 130.31199022395 128.140062953643 393.665544397553
624000 135.422673765334 130.440759012157 128.341540542893 394.204973320384
625000 135.660529206987 130.668955275291 128.457811271141 394.78729575342
626000 135.824763347263 130.868739072731 128.652703645303 395.346206065297
627000 135.977483322933 131.005904714243 128.875837713251 395.859225750427
628000 136.183641917382 131.239936429574 129.083624897529 396.507203244485
629000 136.300751985639 131.448186778491 129.38603555673 397.134974320861
630000 136.455578091449 131.649616251883 129.578849881709 397.684044225042
631000 136.66055456622 131.807345871809 129.770566859268 398.238467297297
632000 136.854240208336 132.020171264201 129.927234996856 398.801646469394
633000 137.00118358204 132.233947677272 130.091061601153 399.326192860466
634000 137.207212507011 132.407599239591 130.352331511069 399.967143257672
635000 137.377075352668 132.634599262534 130.576963929693 400.588638544895
636000 137.587085529679 132.847756195657 130.805979195776 401.240820921112
637000 137.832109473465 133.062962268823 131.018156015024 401.913227757312
638000 138.025244369047 133.328884402041 131.046844052142 402.40097282323
639000 138.154933287631 133.577418487775 131.26320950122 402.995561276626
640000 138.390710772187 133.868354936439 131.494799258661 403.753864967287
641000 138.691150274102 134.024749265933 131.692641302575 404.40854084261
642000 138.879223085691 134.219821301961 131.780968347539 404.880012735191
643000 139.045165640907 134.431167590874 132.036277318132 405.512610549913
644000 139.309867545172 134.606492179422 132.193076829954 406.109436554549
645000 139.463404073321 134.830731991992 132.375361661301 406.669497726614
646000 139.671881586797 134.973493952524 132.578770151576 407.224145690898
647000 139.910090763235 135.285867407731 132.775117869052 407.971076040018
648000 140.223810664131 135.406348130879 133.053240959578 408.683399754588
649000 140.479800342969 135.678690461653 133.235075015036 409.393565819657
650000 140.674340605384 135.87688104695 133.511227421679 410.062449074013
651000 140.914636222047 136.031897327822 133.725063762962 410.671597312831
652000 141.067762838886 136.229049967894 133.925039503254 411.221852310033
653000 141.277174040726 136.44129676981 134.224910266177 411.943381076712
654000 141.42725539509 136.650809738513 134.409145854656 412.487210988259
655000 141.592466749746 136.826637364717 134.71577370789 413.134877822352
656000 141.791939937329 137.080100501779 134.81601988997 413.688060329078
657000 142.000381518572 137.309835444034 134.874871983067 414.185088945673
658000 142.146705920163 137.518330010044 135.122118377493 414.7871543077
659000 142.423886959369 137.688816776124 135.365183139508 415.477886875001
660000 142.510219615299 137.891064319787 135.51348151885 415.914765453935
661000 142.711357497762 138.105510942807 135.731681213958 416.548549654527
662000 142.89765066211 138.324594299655 135.954937489334 417.177182451099
663000 143.123719972631 138.357515564907 136.153250196541 417.634485734079
664000 143.358565792157 138.644388640935 136.327720162038 418.33067459513
665000 143.458132254132 138.826510735221 136.551644653651 418.836287643004
666000 143.720063546846 139.063748502081 136.736289984233 419.52010203316
667000 143.911212560049 139.11264670694 136.936637416756 419.960496683745
668000 144.044846043797 139.345390610806 137.096276208128 420.486512862731
669000 144.162018639264 139.578197247586 137.233008560746 420.973224447596
670000 144.345437419309 139.727279455081 137.544730541082 421.617447415472
671000 144.597027492857 139.965303796794 137.681632908702 422.243964198353
672000 144.895154481874 140.198580113654 137.867332700522 422.96106729605
673000 145.086362621502 140.456412480003 137.996711074385 423.53948617589
674000 145.214511347397 140.581502703136 138.219349666632 424.015363717166
675000 145.436540350363 140.781300710724 138.375285521305 424.593126582392
676000 145.775921147412 141.00764790214 138.561589417973 425.345158467525
677000 145.862779625763 141.157767354939 138.807962237891 425.828509218593
678000 146.022882447228 141.454634003131 138.938200624903 426.415717075262
679000 146.234921564609 141.638099417599 139.073205651694 426.946226633902
680000 146.500671864566 141.888337364402 139.342863244188 427.731872473156
681000 146.725009209765 142.071600671687 139.529490755431 428.326100636883
682000 146.92277941743 142.202288484021 139.730963687462 428.856031588913
683000 147.10299556036 142.368665390617 139.85644243405 429.328103385027
684000 147.329386839564 142.555216096143 140.069199470635 429.953802406343
685000 147.505647574528 142.760985456978 140.186609432172 430.453242463678
686000 147.666239688554 142.980801925515 140.378844959375 431.025886573444
687000 147.872525532727 143.222261766923 140.617119085437 431.711906385087
688000 148.172942293335 143.436552779872 140.801229908372 432.410724981579
689000 148.390599578742 143.678336943568 140.982962844415 433.051899366724
690000 148.624388525303 143.851297750448 141.192443429146 433.668129704898
691000 148.813163313691 144.058076612397 141.412416200957 434.283656127044
692000 148.997223591817 144.311051022884 141.585406825631 434.893681440331
693000 149.160463821778 144.54122078196 141.774966581587 435.476651185324
694000 149.348767813046 144.776723139435 141.921221067348 436.046712019829
695000 149.482067055989 145.016676337136 142.136108986251 436.634852379376
696000 149.688457470617 145.158344442093 142.338772915264 437.185574827973
697000 149.949939519055 145.409405028794 142.488831941745 437.848176489594
698000 150.119617890304 145.650426676096 142.722204393864 438.492248960264
699000 150.257872009458 145.854567275016 142.888818011086 439.00125729556
700000 150.525297145749 146.114716566079 143.129733443664 439.769747155492
701000 150.679518592883 146.308818616124 143.319376193494 440.307713402502
702000 150.990963727764 146.459750463773 143.524338961403 440.97505315294
703000 151.235875335889 146.644935383651 143.625211883964 441.506022603504
704000 151.426030604689 146.898255530695 143.864166530299 442.188452665683
705000 151.582285090347 147.046225944583 144.088659410619 442.71717044555
706000 151.780860823409 147.349064618005 144.301125245019 443.431050686432
707000 151.911015581823 147.541143398002 144.548908618197 444.001067598023
708000 152.156938757459 147.681850419642 144.640096911555 444.478886088656
709000 152.309433390719 147.885668976399 144.873900995492 445.06900336261
710000 152.53444960191 148.181591543105 145.096004806142 445.812045951157
711000 152.706709889006 148.25887944077 145.193862451904 446.159451781681
712000 152.920090285636 148.416407356993 145.463323770439 446.799821413068
713000 153.143629275067 148.654619601959 145.664456626838 447.462705503864
714000 153.431344301082 148.86751641388 145.890130046438 448.1889907614
715000 153.52725901632 149.076760315034 146.049796235901 448.653815567254
716000 153.738596810474 149.174678039582 146.224691769533 449.137966619589
717000 153.904191974074 149.419447129662 146.46738694803 449.791026051766
718000 154.118457351589 149.678867496223 146.628645595269 450.425970443081
719000 154.284550612004 149.913223945577 146.787862053292 450.985636610872
720000 154.541853482532 150.09751052387 147.046753748478 451.686117754879
721000 154.770064228838 150.307989943735 147.218198826996 452.296252999569
722000 155.01795942879 150.550427215763 147.450768880603 453.019155525157
723000 155.240227302297 150.733926646002 147.617650560795 453.591804509094
724000 155.440714212612 150.929917454594 147.778024267132 454.148655934338
725000 155.629401652672 151.081749975336 148.012325354972 454.72347698298
726000 155.800411285954 151.281206759438 148.232151807744 455.313769853137
727000 156.033980432054 151.516607418184 148.408812866594 455.959400716831
728000 156.196369166567 151.641759032755 148.526029369889 456.364157569211
729000 156.400322561935 151.835716635171 148.645124131638 456.881163328744
730000 156.667835028414 151.973173247913 148.79571439111 457.436722667436
731000 156.916889578432 152.152781775808 149.005167903533 458.074839257773
732000 157.114011738682 152.369834638271 149.188263011341 458.672109388293
733000 157.308950998355 152.551218310449 149.341298214641 459.201467523445
734000 157.441132027463 152.813573727201 149.545113098512 459.799818853176
735000 157.609756563844 152.901445898738 149.661488702192 460.172691164774
736000 157.818606308564 153.115258824744 149.902033704287 460.835898837595
737000 157.983330468157 153.318187312464 150.089153038456 461.390670819076
738000 158.273926471423 153.554091750912 150.356156708013 462.184174930347
739000 158.53273440027 153.761775254442 150.605039630186 462.899549284898
740000 158.723997699437 154.010937141178 150.756239015029 463.491173855643
741000 158.931536260094 154.146181535438 150.875404151078 463.95312194661
742000 159.2315018179 154.285956591205 151.061740028656 464.579198437762
743000 159.386369536884 154.461685534223 151.360699222697 465.208754293805
744000 159.571246549531 154.638054933092 151.534760196842 465.744061679464
745000 159.765745566182 154.817734311754 151.706052475519 466.289532353455
746000 159.961507357636 154.999061127611 151.918672844169 466.879241329416
747000 160.275193595873 155.159474291373 152.205203025819 467.639870913064
748000 160.498771284508 155.307696663347 152.394075344033 468.200543291888
749000 160.669241634263 155.473900660287 152.532421146577 468.675563441127
750000 160.845782114845 155.631663055001 152.701142756347 469.178587926192
751000 161.076937361112 155.846282419296 152.917637401615 469.840857182023
752000 161.312547217425 156.066924059079 153.157698389634 470.537169666139
753000 161.498236449382 156.239582569207 153.412350325409 471.150169343998
754000 161.742235168511 156.383897997517 153.542890434016 471.669023600044
755000 161.974393996299 156.569692626657 153.767565753947 472.311652376903
756000 162.174014776373 156.846058005222 153.964431749872 472.984504531466
757000 162.456918885279 156.923140103301 154.21641950308 473.59647849166
758000 162.571652226242 157.157074277072 154.427899716554 474.156626219867
759000 162.755364407692 157.315051019508 154.67652275129 474.74693817849
760000 163.026994190684 157.504336622799 154.889018155821 475.420348969304
761000 163.18433773723 157.735506564776 155.093367662107 476.013211964113
762000 163.471811995059 157.902994881323 155.356886384199 476.73169326058
763000 163.710855774261 158.007687278916 155.573594666105 477.292137719282
764000 163.837907751887 158.169318404382 155.697063530638 477.704289686907
765000 164.216767180073 158.417939318787 155.92501127297 478.55971777183
766000 164.490404867209 158.672484261076 156.061869995156 479.22475912344
767000 164.659223498108 158.883798599525 156.189155869947 479.73217796758
768000 164.856324454401 159.055339959825 156.362684541949 480.274348956175
769000 164.925384403385 159.297902941178 156.476514589509 480.699801934072
770000 165.168932299829 159.459375708413 156.751153568214 481.379461576456
771000 165.397352913037 159.656797292409 156.978571010477 482.032721215923
772000 165.603275292833 159.907992539518 157.215103635291 482.726371467641
773000 165.767048601779 160.030011449807 157.327768861191 483.124828912777
774000 166.04897691657 160.328318787596 157.510952045801 483.888247749968
775000 166.336733418067 160.617276123918 157.68669902758 484.640708569565
776000 166.444713667156 160.768789751372 157.811485124791 485.024988543319
777000 166.695605919756 160.905197636854 158.013647336351 485.614450892961
778000 166.848380758807 161.095748406487 158.260243982476 486.20437314777
779000 167.022077224581 161.22026409935 158.447734507995 486.690075831925
780000 167.216942852233 161.443224444772 158.591730540779 487.251897837784
781000 167.369676397006 161.581122616195 158.81595603314 487.766755046341
782000 167.634678805841 161.852530498905 159.060837745571 488.548047050317
783000 167.703456375133 162.068539101187 159.244215810721 489.016211287041
784000 167.968334275746 162.355788736477 159.437109643299 489.761232655522
785000 168.157197654422 162.540393859955 159.52809091212 490.225682426497
786000 168.250453172336 162.743708778606 159.761549849057 490.755711799999
787000 168.472825931463 162.909451010303 159.923321522682 491.305598464448
788000 168.713191696667 163.16523725333 160.100006386198 491.978435336195
789000 168.846055887188 163.366357038716 160.317000009117 492.529412935022
790000 169.002660091428 163.662508987275 160.572850354405 493.238019433108
791000 169.200837977454 163.842311519474 160.724823713971 493.767973210899
792000 169.448642877087 164.025913536522 160.942138330474 494.416694744083
793000 169.671050011025 164.296533860602 161.109731630013 495.07731550164
794000 169.888652688774 164.516888153593 161.350992895327 495.756533737694
795000 169.96196541472 164.599677781563 161.552995459195 496.114638655478
796000 170.095697956742 164.871958692192 161.711524026169 496.679180675104
797000 170.297988959542 165.111556844303 161.867366926249 497.276912730094
798000 170.485076720808 165.386337069121 162.192314989119 498.063728779048
799000 170.715824042793 165.478694816145 162.386296727114 498.580815586052
800000 170.886907581067 165.585020404054 162.582553668554 499.054481653676
801000 171.122907806685 165.75152834378 162.747922960439 499.622359110903
802000 171.385000439297 165.955566213709 162.933137433083 500.27370408609
803000 171.654922703588 166.213173601127 163.148057353617 501.016153658331
804000 171.808037628113 166.453823426334 163.292900317107 501.554761371554
805000 171.902204602398 166.611620716306 163.448676856632 501.962502175335
806000 172.166833926727 166.817732792405 163.724544090683 502.709110809815
807000 172.29740197872 166.980011763218 163.925362985793 503.202776727731
808000 172.53480277961 167.14875181521 164.200664554347 503.884219149166
809000 172.717188946919 167.25685811673 164.305948080913 504.279995144562
810000 172.971238976674 167.52459631399 164.441801739508 504.937637030172
811000 173.130635727232 167.719995375359 164.662210370185 505.512841472777
812000 173.355268805108 167.814688544106 164.845199046813 506.015156396027
813000 173.586406861457 168.037268823998 164.977654668825 506.60133035428
814000 173.857048636257 168.156245464131 165.291878931154 507.305173031542
815000 174.058812925202 168.302876254747 165.435158497581 507.79684767753
816000 174.29590460176 168.583881643183 165.635562466182 508.515348711125
817000 174.394948631236 168.667893010198 165.690059870428 508.752901511861
818000 174.633750131196 168.896314706586 165.972345780537 509.502410618319
819000 174.814307160391 169.008233928712 166.132339253354 509.954880342457
820000 174.939892937345 169.318808231006 166.325152111017 510.583853279367
821000 175.103343171531 169.61300436623 166.452612945546 511.168960483308
822000 175.292035280779 169.772580965582 166.73200618289 511.796622429251
823000 175.431040164184 169.919536111624 166.869338183524 512.219914459332
824000 175.640038086947 170.168997668753 166.984638707818 512.793674463518
825000 175.867769188422 170.306904825601 167.130610172934 513.305284186957
826000 175.961989418066 170.483855947288 167.327162784538 513.773008149892
827000 176.296762993544 170.673741095085 167.458693280158 514.429197368787
828000 176.49011779719 170.91345988179 167.67390099193 515.07747867091
829000 176.767222883862 171.054948046512 167.949825151994 515.771996082368
830000 176.950017463781 171.362344144291 168.191341736477 516.503703344549
831000 177.250799863664 171.487903758817 168.401419650454 517.140123272935
832000 177.284468818911 171.657891064232 168.47269463744 517.415054520583
833000 177.452209845178 171.865777978452 168.578421355207 517.896409178837
834000 177.631489699672 172.100817605204 168.804405560703 518.536712865579
835000 177.82555731333 172.250200318619 168.90099382974 518.976751461689
836000 178.116943536839 172.4162939671 169.154598379145 519.687835883083
837000 178.306736046622 172.572610189531 169.332425654345 520.211771890498
838000 178.517870783811 172.819422119508 169.509485958285 520.846778861605
839000 178.70011855665 173.011172177175 169.700435644422 521.411726378246
840000 178.995056199923 173.173934608341 169.960793274449 522.129784082713
841000 179.218703907216 173.3251460928 170.110075595201 522.653925595216
842000 179.368623995933 173.467641820206 170.176675547073 523.012941363212
843000 179.653148233842 173.651275192749 170.432851137484 523.737274564075
844000 179.770788734595 173.948845770491 170.599056468595 524.318690973681
845000 180.074139586683 174.084685448808 170.706526813843 524.865351849334
846000 180.169828156142 174.303163430526 170.946388057453 525.419379644121
847000 180.397765082351 174.548532284657 171.167676143971 526.113973510979
848000 180.561801086646 174.805998644726 171.236251083493 526.604050814865
849000 180.883920672746 175.073896708961 171.431605767112 527.389423148819
850000 181.03314093821 175.279420787384 171.657780015467 527.970341741062
851000 181.270267514674 175.526492817517 171.883884493723 528.680644825914
852000 181.484511344351 175.754876672244 172.038987275161 529.278375291756
853000 181.714058906886 175.869070477946 172.289575709039 529.872705093871
854000 181.801115385019 176.080216963777 172.445321917377 530.326654266173
855000 181.940652650812 176.260299285297 172.58626451971 530.787216455819
856000 182.250438076174 176.490860690255 172.767577422763 531.508876189192
857000 182.37617993831 176.713781107734 173.05086945835 532.140830504394
858000 182.689520384838 177.066676550752 173.226835660499 532.983032596088
859000 182.82992874914 177.252091835642 173.443549032624 533.525569617407
860000 182.964041399162 177.442844363392 173.587789719866 533.99467548242
861000 183.152843192449 177.71688848037 173.794024758618 534.663756431437
862000 183.357777060178 177.858805002487 173.99029647107 535.206878533735
863000 183.610749689407 177.975017961009 174.188836765642 535.774604416058
864000 183.777695024271 178.20280961538 174.335302635821 536.315807275472
865000 183.932227888388 178.43266687808 174.4516773852 536.816572151668
866000 184.093874933973 178.564120137416 174.733884571404 537.391879642793
867000 184.279089586573 178.782400317859 174.974408707567 538.035898611999
868000 184.373599392555 179.000019584645 175.141945779969 538.51556475717
869000 184.67608893111 179.168918340002 175.374455478145 539.219462749257
870000 184.87994881139 179.325260153102 175.533745889158 539.73895485365
871000 185.10849828626 179.532587882314 175.719411585545 540.360497754118
872000 185.288759493532 179.712563449378 175.90649103435 540.90781397726
873000 185.550894151103 179.926316451275 176.1652858961 541.642496498478
874000 185.663422130111 180.116008926067 176.303537246128 542.082968302306
875000 185.831525803802 180.24906592466 176.549707874766 542.630299603228
876000 185.970908465562 180.453523378663 176.702231272403 543.126663116627
877000 186.088451020346 180.733182642151 176.835496928734 543.657130591231
878000 186.390311284999 180.887625472815 177.035647052919 544.313583810733
879000 186.482615222929 181.103396331241 177.334468631325 544.920480185495
880000 186.678293832856 181.278153628783 177.446760466764 545.403207928403
881000 186.874658475633 181.461677000091 177.625075281145 545.961410756868
882000 187.025878692999 181.605789565357 177.793765714514 546.42543397287
883000 187.33593323836 181.732894132973 177.919146199299 546.987973570632
884000 187.485707202236 181.898488692155 177.995353770419 547.37954966481
885000 187.774223227564 182.1554292868 178.341728320443 548.271380834807
886000 187.970539057366 182.349716617645 178.557625192363 548.877880867374
887000 188.176959612072 182.540766312833 178.815004834436 549.532730759341
888000 188.402176763716 182.739088465224 179.069431895036 550.210697123976
889000 188.545239587937 182.812618528972 179.286567305433 550.644425422342
890000 188.789524825789 182.993895838807 179.464749130665 551.248169795261
891000 189.074782887434 183.283179485208 179.582032281598 551.93999465424
892000 189.264528513574 183.492509467434 179.804029484389 552.561067465397
893000 189.461378706209 183.640066710469 180.022895024872 553.12434044155
894000 189.604469216553 183.883654777604 180.213548755845 553.701672750003
895000 189.724089057828 184.090235980954 180.36922070773 554.183545746511
896000 189.988208295637 184.269547506629 180.628498339551 554.886254141817
897000 190.142725703817 184.525268350766 180.800211451118 555.4682055057
898000 190.268720952712 184.687836481513 180.982304035385 555.93886146961
899000 190.54860253293 184.876932523164 181.289110875717 556.714645931811
900000 190.811000625723 185.140343386878 181.388149475647 557.339493488248
901000 190.957974654441 185.405832681956 181.546971045621 557.910778382018
902000 191.127315342842 185.581458483924 181.782088383477 558.490862210243
903000 191.211368939464 185.735403423367 182.025095209156 558.971867571986
904000 191.429587641978 186.026346854718 182.190226935482 559.646161432179
905000 191.557762138293 186.10255156709 182.335943199745 559.996256905128
906000 191.795362672197 186.359912689106 182.529160774739 560.684436136041
907000 191.977189567207 186.521772858585 182.711780551888 561.21074297768
908000 192.240584936695 186.751664185746 182.885005998615 561.877255121056
909000 192.488648255787 187.016424465611 183.004692046558 562.509764767955
910000 192.63644108965 187.12446213293 183.252398317218 563.013301539797
911000 192.851729429707 187.349309212999 183.485370849577 563.686409492283
912000 193.003352486875 187.516043590526 183.695936364516 564.215332441918
913000 193.185669621035 187.667580138391 183.90992979686 564.763179556287
914000 193.474790080405 187.791064977866 184.115913796201 565.381768854471
915000 193.624404097103 188.055737099162 184.340947682007 566.021088878273
916000 193.876210968265 188.238320842128 184.572545606974 566.687077417368
917000 194.102767633205 188.451114457678 184.773650346994 567.327532437877
918000 194.309646594658 188.687612319713 185.043546489774 568.040805404145
919000 194.566237035432 188.782003337365 185.168232740164 568.51647311296
920000 194.739804568772 188.956314183092 185.314109053799 569.010227805664
921000 194.963398965996 189.214541704743 185.576843064874 569.754783735612
922000 195.129559439035 189.377422732504 185.707624489122 570.214606660662
923000 195.221415985715 189.615954445231 185.920616152366 570.757986583312
924000 195.432406029242 189.790160695652 186.068749791065 571.291316515958
925000 195.631125048448 190.088095876555 186.303343997346 572.02256492235
926000 195.877571545606 190.213590202751 186.505650964097 572.596812712454
927000 196.15466697489 190.388697940928 186.694862620755 573.238227536573
928000 196.289866173835 190.669266461221 186.972097498157 573.931230133212
929000 196.520832379541 190.844039643424 187.214896807765 574.57976883073
930000 196.711694709956 191.066282779283 187.426165391662 575.204142880901
931000 196.845131516252 191.346850972856 187.579330434948 575.771312924055
932000 197.060843296006 191.407946983551 187.785686345998 576.254476625555
933000 197.250560544459 191.530274470428 187.99504736433 576.775882379216
934000 197.363393369333 191.830954808103 188.250570311429 577.444918488866
935000 197.525369246017 192.056708775101 188.361960315834 577.944038336952
936000 197.686119853036 192.217289099692 188.575010065975 578.478419018703
937000 197.88011430862 192.408626770582 188.720962083363 579.009703162565
938000 197.998180524297 192.741617364839 188.965776798832 579.705574687967
939000 198.323897805381 192.812877545976 189.113755474902 580.250530826258
940000 198.490006941224 193.01304276431 189.399521372111 580.902571077645
941000 198.872342217491 193.20667070204 189.485587834018 581.564600753549
942000 199.11983120474 193.402385956729 189.653548216507 582.175765377975
943000 199.273954627157 193.671336587364 189.925816250634 582.871107465156
944000 199.552175582501 193.816748758157 190.091638072338 583.460562412997
945000 199.794053081612 193.963385081067 190.237370098234 583.994808260913
946000 200.01092559976 194.149828346852 190.434700375552 584.595454322163
947000 200.247575224562 194.400717046549 190.554998709495 585.203290980606
948000 200.440339049245 194.588507744077 190.867984581189 585.89683137451
949000 200.6803490467 194.862618892689 191.086838087042 586.629806026432
950000 200.826689167676 194.957952431554 191.270983962595 587.055625561825
951000 201.063832267224 195.131675080473 191.401212434608 587.596719782305
952000 201.27517725195 195.296446099309 191.602610365813 588.174233717072
953000 201.390568958931 195.626019881678 191.859496278264 588.876085118873
954000 201.691573114202 195.740043301715 192.06967187696 589.501288292877
955000 201.953528150501 195.879151920844 192.376830334568 590.209510405912
956000 202.061274687183 196.140191857253 192.60196004785 590.803426592285
957000 202.373774347096 196.348484847421 192.747947315853 591.47020651037
958000 202.508969949422 196.601633095307 192.845729609983 591.956332654713
959000 202.67387836719 196.720351194096 193.062505930194 592.45673549148
960000 203.063413789466 196.977994893672 193.143273898781 593.184682581919
961000 203.051693100608 197.092701304844 193.414412263061 593.558806668514
962000 203.197584891325 197.254655271326 193.629933197196 594.082173359847
963000 203.543556627366 197.563745370143 193.772366413206 594.879668410715
964000 203.76856900225 197.800826118834 194.021688083969 595.591083205054
965000 203.985380659775 197.938397199175 194.15124874701 596.07502660596
966000 204.182934392807 198.145445034582 194.313794299681 596.642173727069
967000 204.435666999709 198.316141392629 194.460075529259 597.211883921598
968000 204.594811286586 198.587955555199 194.69625449829 597.879021340074
969000 204.757991837859 198.733159694052 194.910636201032 598.401787732943
970000 204.917065896943 198.928977448369 195.128480924408 598.97452426972
971000 205.2074464298 199.124361537814 195.317610841385 599.649418808998
972000 205.263143630217 199.180594225429 195.518001565758 599.961739421404
973000 205.512446053508 199.368369326531 195.672071814849 600.552887194888
974000 205.617898370061 199.591409486578 195.893838762202 601.103146618841
975000 205.870650439511 199.727485870278 196.031680288301 601.62981659809
976000 206.062198739891 199.924464746654 196.23375715947 602.220420646015
977000 206.343006780506 200.106105854369 196.433215672258 602.882328307133
978000 206.502922423656 200.251538083598 196.611093346656 603.36555385391
979000 206.682264967099 200.487890468676 196.808470637692 603.978626073468
980000 206.767052646455 200.773641415771 197.034745298439 604.575439360665
981000 206.954279166439 200.872325407292 197.209596523648 605.036201097379
982000 207.167794376194 201.140386311964 197.374999152204 605.683179840362
983000 207.324696506002 201.283812225734 197.621541031798 606.230049763534
984000 207.499056365312 201.495985759962 197.775007991647 606.770050116921
985000 207.761239733171 201.647447468343 198.041790410869 607.450477612383
986000 207.926022804576 201.882418100217 198.182126676557 607.990567581349
987000 208.144233354535 202.062299250693 198.328932577307 608.535465182535
988000 208.404231854843 202.219185160493 198.524094129803 609.147511145139
989000 208.453491596084 202.386879532632 198.765983254003 609.606354382719
990000 208.628315349442 202.510555179167 198.886112464982 610.024982993591
991000 208.767281964197 202.634100782295 199.129214805363 610.530597551856
992000 208.950334616288 202.849341597614 199.287495365167 611.087171579069
993000 209.051363954421 202.970720005686 199.488323263286 611.510407223393
994000 209.334064766621 203.182208083625 199.724128855318 612.240401705564
995000 209.45993413452 203.393791660668 199.855982161247 612.709707956434
996000 209.705839228827 203.536974988681 199.92205089441 613.164865111918
997000 210.009584220214 203.731202552923 200.146954277477 613.887741050613
998000 210.202745322062 203.912682528846 200.35023423663 614.465662087537
999000 210.35631348468 204.031505645184 200.517940624358 614.905759754221
1000000 210.602360165675 204.264155023942 200.730810484858 615.597325674476
1001000 210.843878760907 204.504552783945 201.000558621694 616.348990166546
1002000 211.170270454846 204.624884580571 201.326456410748 617.121611446165
1003000 211.318366282365 204.699746201018 201.561618436275 617.579730919658
1004000 211.529081291267 204.931786273206 201.686298404694 618.147165969167
1005000 211.745477396334 205.069081983648 201.815124254207 618.629683634188
1006000 211.889872631817 205.126838698146 202.075705073132 619.092416403095
1007000 212.105117291312 205.418696916111 202.168761750129 619.692575957553
1008000 212.318642747707 205.668625697954 202.44890519513 620.436173640791
1009000 212.483595577855 205.891660657208 202.712720658867 621.08797689393
1010000 212.774024996216 206.091697487797 202.832825434363 621.698547918377
1011000 212.962827913545 206.370848876259 203.042352995516 622.376029785321
1012000 213.12481156036 206.500486760596 203.275670735021 622.900969055977
1013000 213.239176832593 206.661214774827 203.398229040724 623.298620648143
1014000 213.547064392008 206.853198773097 203.607713548135 624.00797671324
1015000 213.662917148079 207.044367400094 203.809585037463 624.516869585635
1016000 213.975827931817 207.313563939409 204.036015105657 625.325406976883
1017000 214.230372793815 207.555043296239 204.238014761089 626.023430851143
1018000 214.505078231041 207.794266024137 204.438700273968 626.738044529146
1019000 214.573999734133 208.095004177663 204.620227671955 627.289231583752
1020000 214.842833734874 208.191526397866 204.694614488796 627.728974621536
1021000 214.893561279611 208.404284899277 204.966506904329 628.264353083216
1022000 215.092622334857 208.609077952386 205.093210390008 628.794910677252
1023000 215.287208720326 208.798804076012 205.388059203284 629.474071999622
1024000 215.479695541055 208.976622806145 205.477941938017 629.934260285217
1025000 215.736320191051 209.044054096913 205.77226375766 630.552638045624
1026000 215.939093066416 209.252298146449 205.993119725778 631.184510938643
1027000 216.159112613374 209.581036681353 206.175997174818 631.916146469545
1028000 216.320581261354 209.814040716769 206.353991133551 632.488613111673
1029000 216.563955966686 209.905050500457 206.530505792829 632.999512259971
1030000 216.77200998748 210.209025224218 206.725463191994 633.706498403693
1031000 216.94628084137 210.522399135562 206.844267258547 634.312947235479
1032000 217.126538699508 210.629321476371 207.08915257752 634.8450127534
1033000 217.293143465058 210.766829290563 207.220935236227 635.280907991847
1034000 217.519552123335 211.075687443234 207.415761803247 636.011001369817
1035000 217.630045139849 211.177833620865 207.546133584946 636.354012345659
1036000 217.902697173539 211.495055284036 207.68950921954 637.087261677115
1037000 218.019399893744 211.678732381987 207.841423355741 637.539555631473
1038000 218.172287546148 211.752505384019 207.974631304719 637.899424234885
1039000 218.477525449115 211.940906768085 208.295721538385 638.714153755584
1040000 218.673523469326 212.239800809505 208.390362727512 639.303687006343
1041000 218.993322577505 212.472998452576 208.674556507086 640.140877537167
1042000 219.039358332039 212.646000732664 208.797187643315 640.482546708019
1043000 219.23865183356 212.850547414522 208.997235988414 641.086435236497
1044000 219.347038384354 213.031545494813 209.241199085555 641.619782964722
1045000 219.556309906118 213.197118609224 209.366095324774 642.119523840116
1046000 219.858372322461 213.518483051682 209.487980872111 642.864836246254
1047000 220.074666478531 213.558482524262 209.701346620943 643.334495623736
1048000 220.149095627671 213.784171810027 209.855361745266 643.788629182965
1049000 220.429305503594 214.036444911133 209.978037328802 644.443787743529
1050000 220.727804396679 214.129382718583 210.102577802625 644.959764917888
1051000 220.861583226763 214.40333658129 210.236779259349 645.501699067403
1052000 221.094967519838 214.56394118325 210.531096524278 646.190005227366
1053000 221.266888817437 214.817586541101 210.760745933701 646.845221292239
1054000 221.516476199944 214.944138541748 211.02690853629 647.487523277981
1055000 221.652653702828 215.221733955253 211.048368263714 647.922755921794
1056000 221.798591558659 215.364685616659 211.361320418716 648.524597594034
1057000 222.011971834291 215.620474035674 211.538333579811 649.170779449775
1058000 222.187767279948 215.795912920277 211.68817993614 649.671860136365
1059000 222.401844401473 215.952813705374 211.950985143616 650.305643250462
1060000 222.608933900361 216.184297850587 212.150035277244 650.943267028193
1061000 222.919941012709 216.292668796076 212.254209217755 651.466819026541
1062000 223.096145642675 216.585466737579 212.507428854671 652.189041234925
1063000 223.387095683879 216.796882596475 212.604580474664 652.788558755017
1064000 223.576920523956 216.992227018905 212.746968194823 653.316115737684
1065000 223.853463615152 217.210212943443 212.897928302267 653.961604860862
1066000 224.029238605168 217.46360679244 213.086889145261 654.57973454287
1067000 224.24364919895 217.687086275784 213.197696770555 655.12843224529
1068000 224.493514228573 217.765588092777 213.469330316494 655.728432637843
1069000 224.534116870825 217.922439794521 213.687927199906 656.144483865252
1070000 224.877693656363 218.016806556958 213.772057467248 656.666557680568
1071000 225.043826134857 218.340768269841 213.962016257222 657.34661066192
1072000 225.187031167354 218.510539286396 214.110839748317 657.808410202067
1073000 225.347751759391 218.701034094748 214.338594402114 658.387380256253
1074000 225.610696518905 218.906562410252 214.612929820569 659.130188749726
1075000 225.857239894746 219.143666924121 214.829895698885 659.830802517752
1076000 225.970462230736 219.261065687484 214.995691212763 660.227219130983
1077000 226.200487627372 219.418047032096 215.266109224674 660.884643884143
1078000 226.38827887483 219.500613694886 215.382192383747 661.271084953463
1079000 226.659237952721 219.764132854179 215.551605651688 661.974976458589
1080000 226.839435952866 219.909567045057 215.760135264516 662.509138262439
1081000 227.017648238108 220.062789551895 215.8809251614 662.961362951403
1082000 227.275927881404 220.179676973046 216.141494918836 663.597099773286
1083000 227.476804479828 220.403271281086 216.433011783875 664.313087544789
1084000 227.66902018211 220.612494069864 216.558755425688 664.840269677661
1085000 227.767872450811 220.919399591442 216.711298657947 665.3985707002
1086000 227.916087090101 220.917705763267 216.933576993594 665.767369846962
1087000 228.12924009498 221.25524551426 217.009662195351 666.39414780459
1088000 228.279518752698 221.379185395355 217.136172375453 666.794876523506
1089000 228.524404921665 221.541646460676 217.418929341668 667.484980724009
1090000 228.725160333781 221.695913261971 217.645512683325 668.066586279076
1091000 228.926347995348 221.940769631432 217.85436721632 668.7214848431
1092000 229.150436367809 222.262891016027 218.030212514786 669.443539898622
1093000 229.396444508016 222.357856919052 218.145960372576 669.900261799644
1094000 229.660604258804 222.659428971504 218.421811955216 670.741845185524
1095000 229.818213706168 222.911376066679 218.623486075478 671.353075848325
1096000 229.994862603574 223.126584953917 218.86607172552 671.987519283011
1097000 230.171113590125 223.243486979697 219.099801490685 672.514402060508
1098000 230.322879621578 223.394040569919 219.334518687169 673.051438878666
1099000 230.567064289112 223.663919361503 219.494459784042 673.725443434657
1100000 230.83515189271 223.873383837773 219.678723909024 674.387259639506
1101000 230.915295629781 223.952105104175 219.910385170848 674.777785904805
1102000 231.25905357686 224.214907586391 220.046116508699 675.52007767195
1103000 231.394774499778 224.388588586024 220.205112414736 675.988475500537
1104000 231.612514848517 224.565996921256 220.517730155488 676.696241925262
1105000 231.825973523746 224.752690813442 220.688456611986 677.267120949173
1106000 231.972571028773 224.923599163323 220.817077325308 677.713247517403
1107000 232.159446003189 225.091128717917 220.857720919624 678.10829564073
1108000 232.407982016437 225.34209976116 221.080290707598 678.830372485196
1109000 232.582938535434 225.407971645841 221.283253840434 679.274164021709
1110000 232.761942766088 225.679085787475 221.461028016998 679.90205657056
1111000 232.977505510406 225.983253937422 221.51371970307 680.474479150898
1112000 233.162326271291 226.100561108416 221.779084051947 681.041971431654
1113000 233.386668212316 226.289946768357 222.020287751062 681.696902731735
1114000 233.615421833581 226.523778693868 222.103690721242 682.242891248691
1115000 233.832662420103 226.712040071973 222.31907214874 682.863774640816
1116000 234.127090374436 226.962855633429 222.619988902241 683.709934910106
1117000 234.29243099755 227.062704082872 222.775095202346 684.130230282768
1118000 234.483537441682 227.351986686313 222.900159913168 684.735684041163
1119000 234.765383052488 227.542137042141 223.069978963377 685.377499058007
1120000 234.995186628604 227.723457665285 223.31278304685 686.03142734074
1121000 235.16114209224 227.97852242801 223.533066752306 686.672731272555
1122000 235.415528186035 228.09566893432 223.7057835401 687.216980660455
1123000 235.556616333071 228.360644297965 223.768731374875 687.68599200591
1124000 235.81798889317 228.475645761587 224.146283737535 688.439918392291
1125000 236.033443498789 228.626215438598 224.286416607373 688.946075544761
1126000 236.068360533903 228.820291516322 224.479242973463 689.367895023688
1127000 236.319766844002 228.936339924817 224.664944770774 689.921051539594
1128000 236.543169476079 229.156609022075 224.825302171849 690.525080670003
1129000 236.854993211919 229.271470008038 225.151854567074 691.278317787031
1130000 236.909679330094 229.408756665366 225.335555991719 691.653991987179
1131000 237.082494011249 229.559415425258 225.500326043011 692.142235479517
1132000 237.143159540763 229.848479048038 225.755628280759 692.74726686956
1133000 237.335379873756 229.997759756291 225.947755343687 693.280894973734
1134000 237.596935520628 230.11838103336 226.142080522448 693.857397076436
1135000 237.787803823283 230.219607829057 226.367965177426 694.375376829766
1136000 237.997293736645 230.513107768885 226.543994536953 695.054396042482
1137000 238.264981424167 230.545360789212 226.74705890159 695.557401114969
1138000 238.492556817906 230.791379481319 226.825660449031 696.109596748257
1139000 238.703287020409 230.939705451327 227.037222741636 696.680215213372
1140000 238.776863263088 231.202330258945 227.22741878622 697.206612308253
1141000 238.919671844091 231.378780722821 227.529431908367 697.82788447528
1142000 239.353142649618 231.515113433987 227.662878427966 698.53113451157
1143000 239.507689703465 231.759480174094 227.961480205904 699.228650083463
1144000 239.729763823465 231.871693963966 228.111333051819 699.71279083925
1145000 239.891393304193 232.083200080162 228.320946276363 700.295539660717
1146000 240.223760690185 232.405100257406 228.476460153273 701.105321100864
1147000 240.385733411298 232.539011948395 228.564012693091 701.488758052784
1148000 240.620672863418 232.75700297239 228.840915795924 702.218591631732
1149000 240.852809565969 232.913529505529 229.201865345112 702.96820441661
1150000 241.067616496488 233.019333814644 229.464483915474 703.551434226606
1151000 241.280468239589 233.251819369269 229.621283712999 704.153571321857
1152000 241.425193914986 233.36460720136 229.783393516924 704.57319463327
1153000 241.655388586765 233.737909802665 229.915451039568 705.308749428999
1154000 241.815584731064 233.86298552695 230.152926047661 705.831496305675
1155000 241.933652894309 234.128225484167 230.438705947136 706.500584325613
1156000 242.169575779034 234.236636953859 230.571617924523 706.977830657416
1157000 242.300724268467 234.302546998508 230.757050077542 707.360321344518
1158000 242.603556094556 234.595951880688 230.879041304299 708.078549279542
1159000 242.810829761874 234.731070588799 231.113325701534 708.655226052207
1160000 242.989593178542 234.759029963367 231.370999176742 709.11962231865
1161000 243.130831856777 234.930216550969 231.594893564266 709.655941972011
1162000 243.338807640617 235.05536952224 231.739508014157 710.133685177014
1163000 243.609362364381 235.331298773256 231.933066427538 710.873727565175
1164000 243.772772925105 235.499573656533 232.066605280741 711.338951862379
1165000 243.974677811918 235.691382368286 232.318661282766 711.98472146297
1166000 244.120870118013 235.826600517463 232.535933598566 712.483404234042
1167000 244.293892704708 236.0933328677 232.820826065423 713.208051637831
1168000 244.453734945875 236.31069918078 232.975362234569 713.739796361224
1169000 244.620164884892 236.525447326878 233.203457390663 714.349069602433
1170000 244.888383654574 236.754583429889 233.245140652201 714.888107736664
1171000 245.17463691335 236.912014467535 233.399935432405 715.48658681329
1172000 245.399667283771 237.182941545544 233.550604640427 716.133213469741
1173000 245.622344170387 237.33639430329 233.904649997084 716.86338847076
1174000 245.875579516805 237.486055327341 233.970329133378 717.331963977525
1175000 246.075699728116 237.654136853256 234.23463973287 717.964476314241
1176000 246.21533873572 237.846577572356 234.388170818121 718.450087126198
1177000 246.471810932127 238.063828938023 234.60087641707 719.13651628722
1178000 246.599695648582 238.264345305242 234.815316911573 719.679357865397
1179000 246.667484844674 238.527627055085 235.020353442815 720.215465342574
1180000 246.917513482635 238.709287457165 235.189638372597 720.816439312396
1181000 247.15420774564 238.910731638503 235.466848878341 721.531788262484
1182000 247.355585892222 239.154803268239 235.707214841027 722.217604001488
1183000 247.5925130287 239.42256070368 235.936648032528 722.951721764908
1184000 247.890783581285 239.629265627768 236.232146578043 723.752195787096
1185000 248.128256402681 239.728664115471 236.351065937 724.207986455152
1186000 248.374829539252 239.864933257173 236.554173666906 724.793936463332
1187000 248.577677575078 240.076575556539 236.813957807368 725.468210938984
1188000 248.835427938675 240.258892964256 236.875941179842 725.970262082774
1189000 248.988782450925 240.393656740168 237.035701294095 726.418140485188
1190000 249.199063544223 240.663460708719 237.177798346554 727.040322599495
1191000 249.38395157363 240.816430642643 237.377151430348 727.577533646621
1192000 249.630907656916 241.077010040787 237.485039848976 728.192957546678
1193000 249.887237175227 241.328635995367 237.676782467607 728.892655638201
1194000 249.994627028712 241.432899652112 237.782581727139 729.210108407963
1195000 250.320884502611 241.576567341483 238.079427393672 729.976879237766
1196000 250.406375408978 241.806956146176 238.242049596112 730.455381151267
1197000 250.515532092658 241.996043928613 238.375580388147 730.887156409417
1198000 250.657835217654 242.069139337848 238.720502951951 731.447477507453
1199000 250.932974060264 242.324800116473 238.911145002767 732.168919179505
1200000 251.041124818926 242.529620880493 239.021437917719 732.592183617138
1201000 251.286632045806 242.763400393187 239.279280070837 733.329312509831
1202000 251.391371520568 242.982299011501 239.463007361111 733.83667789318
1203000 251.599145812904 243.154287972916 239.661064001002 734.414497786823
1204000 251.864463942991 243.326585682654 239.859285069164 735.05033469481
1205000 252.083049785031 243.434196287178 239.96186896687 735.479115039079
1206000 252.151692609935 243.599763502587 240.122610085051 735.874066197573
1207000 252.341125764307 243.734117634966 240.339862162842 736.415105562116
1208000 252.578313662436 243.834105102438 240.413514107554 736.825932872428
1209000 252.788629999047 244.114670820163 240.612247848585 737.515548667794
1210000 252.819582668765 244.300066389759 240.769199025181 737.888848083706
1211000 253.142597611205 244.688112402537 240.930224350678 738.76093436442
1212000 253.314700802046 244.827960386114 241.000755080965 739.143416269125
1213000 253.582415294049 244.973622236756 241.202265563726 739.758303094531
1214000 253.596730556785 245.119906561593 241.431452259734 740.148089378112
1215000 253.798312635877 245.508430693946 241.626035471861 740.932778801684
1216000 253.966273564882 245.627527699207 241.89268612242 741.486487386508
1217000 254.244717099126 245.765432463941 242.267176523968 742.277326087035
1218000 254.359258480394 245.936129067536 242.528101496444 742.823489044374
1219000 254.534697263287 246.091279781164 242.669413724233 743.295390768685
1220000 254.939471039952 246.414023330702 242.913114850126 744.266609220781
1221000 255.1909929463 246.564998242796 243.105073558962 744.861064748057
1222000 255.371939167263 246.791052735433 243.253678411963 745.416670314659
1223000 255.509286104479 247.011362528068 243.432484394342 745.953133026889
1224000 255.744776422902 247.247709567132 243.538302114025 746.530788104059
1225000 255.960595278191 247.30961563473 243.753112316272 747.023323229192
1226000 256.187492898464 247.631038723671 243.903862945778 747.722394567913
1227000 256.375090830644 247.965598788881 244.157424459459 748.498114078983
1228000 256.516472218886 248.184472981013 244.335529494861 749.036474694759
1229000 256.724669089073 248.352919604751 244.588845301982 749.666433995806
1230000 256.70762534167 248.481853270801 244.843823078592 750.033301691063
1231000 256.919089958592 248.677720817093 244.913456219905 750.51026699559
1232000 257.202956668518 248.79283137822 245.139535490542 751.13532353728
1233000 257.421060467257 248.967802990876 245.404628916227 751.793492374361
1234000 257.445736983358 249.195689698542 245.553306964847 752.194733646747
1235000 257.681716176479 249.39024975412 245.768922322613 752.840888253212
1236000 258.017296697279 249.582788693482 245.910844321937 753.510929712698
1237000 258.036539736347 249.739309065696 246.10601453762 753.881863339663
1238000 258.239694701882 250.045230100317 246.182497846741 754.46742264894
1239000 258.520550327417 250.113711676587 246.375179232723 755.009441236727
1240000 258.739291389239 250.411495622142 246.453306169386 755.604093180767
1241000 258.87161520795 250.585845591327 246.735543205204 756.193004004481
1242000 259.001485382849 250.882395699991 246.932551281555 756.816432364395
1243000 259.214028057144 251.118039617413 247.244242901156 757.576310575713
1244000 259.30168085232 251.297697222411 247.351514980023 757.950893054754
1245000 259.546804147269 251.455641953847 247.637244829342 758.639690930458
1246000 259.686640789909 251.59588948594 247.854544374943 759.137074650792
1247000 259.876586072046 251.758896395488 247.775859499744 759.411341967278
1248000 260.058899278963 251.931544378213 247.967240524314 759.957684181491
1249000 260.148196410757 252.100708293511 248.268371993478 760.517276697746
1250000 260.292315656024 252.321211630158 248.53163370004 761.145160986223
1251000 260.460649996228 252.467561424082 248.580286553252 761.508497973562
1252000 260.626128661839 252.624294725715 248.8169717058 762.067395093354
1253000 260.808068461506 252.719521745068 249.158763564333 762.686353770906
1254000 261.088070334375 252.927664915668 249.368635605796 763.384370855839
1255000 261.403789724269 253.021209785077 249.579383238007 764.004382747352
1256000 261.618954583744 253.32197960118 249.827417232078 764.768351417001
1257000 261.854888486406 253.560661498864 249.994573862181 765.410123847451
1258000 262.069026352856 253.732103305556 250.273621248885 766.074750907298
1259000 262.285754026665 253.951482901791 250.485911823211 766.723148751667
1260000 262.376567935833 254.110338192826 250.723504175517 767.210410304177
1261000 262.520803225005 254.358383562919 250.891896602865 767.771083390789
1262000 262.643267638042 254.506208571812 250.943592169003 768.093068378857
1263000 262.78338138176 254.625268901296 251.136300496399 768.544950779455
1264000 262.939429800923 254.850411710271 251.372123263006 769.1619647742
1265000 263.150179715342 255.070126653546 251.582494530891 769.802800899779
1266000 263.433911355247 255.274059678782 251.647175988785 770.355147022814
1267000 263.647966467715 255.420982278859 251.958481840965 771.027430587539
1268000 263.745803921817 255.562057383208 252.038604701581 771.346466006606
1269000 264.026833851865 255.730724239762 252.154413196411 771.911971288038
1270000 264.202440376124 256.011534091009 252.390728961929 772.604703429063
1271000 264.499516487218 256.261991539021 252.488328922998 773.249836949237
1272000 264.767850184032 256.423282009996 252.697973629356 773.889105823383
1273000 265.064302305278 256.608659738725 252.826479037644 774.499441081647
1274000 265.254560337461 256.740543142145 252.942269986582 774.937373466188
1275000 265.333497138997 256.987277023503 253.266584906715 775.587359069214
1276000 265.610326160491 257.173926959016 253.47434290029 776.258596019798
1277000 265.857250882551 257.361004036719 253.686371257416 776.904626176686
1278000 266.000919955405 257.433756679532 253.938577722076 777.373254357014
1279000 266.289391964773 257.593654333281 254.148366221162 778.031412519216
1280000 266.444973069341 257.877377039444 254.387756787 778.710106895785
1281000 266.728560891395 258.120237700138 254.373134192958 779.221932784492
1282000 266.945494164863 258.315090116653 254.67301198652 779.933596268036
1283000 267.244871565238 258.499440741691 254.742238745886 780.486551052815
1284000 267.474979934776 258.730368233773 254.998887099893 781.204235268442
1285000 267.757173048057 259.013784066687 255.203921378763 781.974878493507
1286000 267.936390854233 259.15631109566 255.306711368292 782.399413318186
1287000 268.196999420216 259.23560628943 255.599184980728 783.031790690373
1288000 268.313563090659 259.520457279127 255.841478018353 783.675498388139
1289000 268.53156748086 259.617522353521 256.031974735734 784.181064570115
1290000 268.76389899866 259.85244515119 256.247038576483 784.863382726333
1291000 269.019533836021 260.021321499198 256.366467908219 785.407323243438
1292000 269.133833811879 260.112987847181 256.589015959083 785.835837618144
1293000 269.27323704148 260.256135533542 256.939454900965 786.468827475987
1294000 269.387274893777 260.560166349015 257.074000374734 787.021441617525
1295000 269.561341394855 260.700668010593 257.279340882553 787.541350288001
1296000 269.758271443502 260.904424919452 257.405787021817 788.06848338477
1297000 269.998866595558 261.163842911467 257.69321492865 788.855924435676
1298000 270.267757363221 261.393635015111 257.840836891094 789.502229269427
1299000 270.481913080446 261.57713050863 258.007665941752 790.066709530828
1300000 270.611560473346 261.715375899656 258.146233499442 790.473169872444
1301000 270.844911096221 261.93198193894 258.387430500282 791.164323535443
1302000 270.933442641488 262.081156471936 258.49256550799 791.507164621414
1303000 271.219384192542 262.365584977035 258.634222039948 792.219191209525
1304000 271.521246504988 262.435726408017 258.849659475461 792.806632388466
1305000 271.602537810736 262.578682239269 259.011242088087 793.192462138092
1306000 271.746285263459 262.785112833624 259.167763261333 793.699161358415
1307000 271.944484141193 262.971743353028 259.399835249887 794.316062744108
1308000 272.159179673673 263.163209862448 259.621326727949 794.94371626407
1309000 272.282402327058 263.264519126163 259.81351960551 795.360441058731
1310000 272.568781688009 263.421251723802 259.932495396963 795.922528808774
1311000 272.719912656522 263.679931539457 260.218276855351 796.61812105133
1312000 272.937610655667 263.897399227607 260.363483671216 797.19849355449
1313000 273.191343834547 264.061897703891 260.513808715852 797.76705025429
1314000 273.439792821077 264.197145585126 260.613806198694 798.250744604897
1315000 273.755656558454 264.295453595774 260.888374157257 798.939484311484
1316000 273.906920864559 264.496567630399 260.862205799925 799.265694294882
1317000 274.064253077609 264.636088685216 261.101778071818 799.802119834643
1318000 274.218961516766 264.956535931719 261.097531478466 800.273028926951
1319000 274.441640565276 265.191458073499 261.225740170182 800.858838808956
1320000 274.808721997089 265.354670616734 261.369886811089 801.533279424912
1321000 274.885118868545 265.50565864917 261.45303463665 801.843812154365
1322000 275.019758566541 265.708193634043 261.752656094963 802.480608295547
1323000 275.250066211562 265.892793043334 261.867831706158 803.010690961054
1324000 275.416950115016 266.254694591293 262.102921727145 803.774566433454
1325000 275.723176427275 266.424293873332 262.341534562119 804.489004862726
1326000 275.807584654895 266.512791028627 262.521183142535 804.841558826057
1327000 275.970186031725 266.63570024789 262.743986829002 805.349873108617
1328000 276.199565841574 266.869967190069 262.932465891492 806.001998923135
1329000 276.300277896134 267.010050584781 263.158945482123 806.469273963038
1330000 276.555646797913 267.248754224915 263.273465898008 807.077866920836
1331000 276.783870152061 267.347904749981 263.458834583098 807.59060948514
1332000 277.071104650032 267.614954341624 263.638696332644 808.3247553243
1333000 277.303548371564 267.893533622803 263.791265978353 808.98834797272
1334000 277.629335397851 268.068336618813 263.977814532579 809.675486549243
1335000 277.741368181088 268.214337564037 264.094311485411 810.050017230537
1336000 277.925086860082 268.478719489375 264.334014396086 810.737820745544
1337000 278.132364905943 268.514582291819 264.444782360858 811.091729558619
1338000 278.242829832646 268.800197021602 264.615293694397 811.658320548645
1339000 278.487057730366 269.017243085398 264.813071685818 812.317372501582
1340000 278.672392578679 269.117271577492 264.995900778897 812.785564935069
1341000 278.845087026912 269.475525102037 265.131329276698 813.451941405646
1342000 278.94106594188 269.774536769816 265.283037739183 813.998640450879
1343000 279.102027454416 269.940941646882 265.383729648299 814.426698749596
1344000 279.303756556844 270.194196884067 265.622135585393 815.120089026304
1345000 279.440036664106 270.416178626081 265.8707784575 815.726993747687
1346000 279.648605627755 270.43100473958 266.074636296943 816.154246664277
1347000 279.845969723894 270.647687382925 266.228950965759 816.722608072578
1348000 280.07594295873 270.851610731257 266.446235616452 817.373789306439
1349000 280.292824120298 271.184255851245 266.687391441866 818.164471413408
1350000 280.480364364686 271.327835084725 266.839799014515 818.647998463925
1351000 280.652430354885 271.56408074376 267.050390488732 819.266901587377
1352000 280.773446197512 271.842960522647 267.136203129718 819.752609849877
1353000 281.051376312135 271.974405086438 267.432469572256 820.458250970828
1354000 281.308734568754 272.16758005702 267.654586178638 821.130900804412
1355000 281.533564243131 272.374160776259 267.866949418435 821.774674437825
1356000 281.762673078253 272.523889534679 268.093741534778 822.38030414771
1357000 281.84059929509 272.907751897252 268.205830417101 822.954181609443
1358000 282.060876947053 273.025077312693 268.392589918556 823.478544178301
1359000 282.243709593307 273.251830680414 268.565444601257 824.060984874978
1360000 282.427437462482 273.447432588533 268.778150601959 824.653020652974
1361000 282.622784930638 273.676287416913 268.931561718591 825.230634066142
1362000 282.687666691404 273.842235514274 269.035848123473 825.56575032915
1363000 282.887852382709 274.111334889353 269.251154037894 826.250341309956
1364000 283.163199147577 274.285988847505 269.444078847773 826.893266842854
1365000 283.353633895366 274.368690213432 269.632877519034 827.355201627832
1366000 283.674286034622 274.514895446648 269.663931555938 827.853113037208
1367000 283.81516890393 274.736367558515 269.863069374254 828.414605836699
1368000 283.987959470104 274.904501942665 270.039213821154 828.931675233922
1369000 284.09413244455 275.077872609436 270.242022223249 829.414027277236
1370000 284.272311576154 275.162421141411 270.544185902727 829.978918620292
1371000 284.570285451089 275.496004296207 270.641613532257 830.707903279553
1372000 284.738819511681 275.628660943487 270.823018060383 831.190498515551
1373000 284.923828352562 275.757281408147 271.06907926883 831.75018902954
1374000 285.199045985702 276.030963918347 271.219699148482 832.449709052531
1375000 285.273292864402 276.148563901707 271.511415815529 832.933272581638
1376000 285.60115005874 276.438955923364 271.655245073602 833.695351055707
1377000 285.689920755125 276.607556238305 271.923713892355 834.221190885785
1378000 285.976671387571 276.851227263522 272.062675032136 834.890573683229
1379000 286.153260262274 277.072139075106 272.282702089238 835.508101426618
1380000 286.449837126101 277.166869646776 272.487721881881 836.104428654758
1381000 286.608859925047 277.32089199463 272.72727917638 836.657031096057
1382000 286.772517900287 277.561070307546 272.862707723875 837.196295931708
1383000 287.015432009607 277.711224670137 273.100646199337 837.827302879081
1384000 287.088476363276 277.929161560711 273.269336613926 838.286974537912
1385000 287.259403237367 278.115679224054 273.464849983856 838.839932445278
1386000 287.437476707159 278.290268194552 273.625232503179 839.352977404891
1387000 287.573601700345 278.445239007603 273.828781038022 839.84762174597
1388000 287.710462035151 278.693326658667 274.133204527332 840.53699322115
1389000 287.912380377293 278.835076985869 274.275265413332 841.022722776495
1390000 288.183443730914 279.03589975333 274.418856100806 841.63819958505
1391000 288.361282651869 279.302472085049 274.513028411165 842.176783148084
1392000 288.518853861997 279.368424995717 274.589254358548 842.476533216261
1393000 288.67881116264 279.413633824149 274.75763733593 842.850082322718
1394000 288.993395344957 279.564282280576 274.897530004736 843.455207630269
1395000 289.082482711117 279.789713302846 274.937480978275 843.809676992237
1396000 289.357324421413 279.921056755 275.170584717587 844.448965894
1397000 289.544047915466 280.108927426399 275.33802909229 844.991004434155
1398000 289.703781186598 280.439652331926 275.528743938524 845.672177457048
1399000 289.844379478271 280.666392861218 275.819116788684 846.329889128173
1400000 290.116565815619 280.859892852057 276.029340948053 847.005799615729
1401000 290.382442970869 281.15594470069 276.100155747007 847.638543418567
1402000 290.398650119522 281.388775379558 276.382260767066 848.169686266146
1403000 290.682590683631 281.520946851863 276.484139527817 848.687677063312
1404000 290.858994403519 281.741550475911 276.718869970829 849.319414850259
1405000 291.009034351409 281.970474576242 276.784204671808 849.763713599459
1406000 291.398162048982 282.260007174052 277.033476165514 850.691645388548
1407000 291.616473294634 282.407725359378 277.377286329542 851.401484983554
1408000 291.746060834982 282.503084764283 277.436944592428 851.686090191694
1409000 292.021014256962 282.765016928882 277.527934742613 852.313965928457
1410000 292.091844316664 282.980868093339 277.690434635828 852.763147045831
1411000 292.265638997867 283.037221261014 277.88842435274 853.19128461162
1412000 292.416585274261 283.249931212891 278.085354136098 853.75187062325
1413000 292.663794711799 283.559669153248 278.253748504926 854.477212369972
1414000 292.935594664772 283.744478550627 278.431739933831 855.11181314923
1415000 293.149209104039 283.995840531778 278.711782776592 855.856832412409
1416000 293.313828399634 284.203407676747 278.860575867905 856.377811944286
1417000 293.395363626438 284.51679058342 279.0122996542 856.924453864058
1418000 293.677726052355 284.730718433707 279.067065810874 857.475510296936
1419000 293.843788675738 284.797678183076 279.384400045499 858.025866904313
1420000 294.041933899756 284.983865652422 279.560568227253 858.586367779431
1421000 294.249218675597 285.094961972085 279.813902544425 859.158083192106
1422000 294.508738712506 285.276688269983 279.967597147246 859.753024129735
1423000 294.773547726521 285.532742663137 280.30250404479 860.608794434448
1424000 294.858639768434 285.613602122889 280.362728227803 860.834970119127
1425000 295.031351054977 285.787986844818 280.531810295759 861.351148195554
1426000 295.183487123604 286.09049659964 280.754787798683 862.028771521927
1427000 295.262213141493 286.331954334561 280.863738494422 862.457905970476
1428000 295.530027847954 286.541563542534 281.105310289067 863.176901679555
1429000 295.722686442448 286.690642835952 281.362189302293 863.775518580694
1430000 295.931047698248 287.040808838731 281.454569778572 864.426426315551
1431000 296.093566255575 287.163906181654 281.485223236401 864.74269567363
1432000 296.300614684209 287.282112508622 281.74499583273 865.327723025561
1433000 296.463541296593 287.438164439391 281.67955279573 865.581258531714
1434000 296.559103463863 287.659131520412 281.885325964542 866.103560948818
1435000 296.827704232597 287.888718920012 282.09604867185 866.812471824459
1436000 297.00165179231 288.16731524607 282.254041214902 867.423008253282
1437000 297.134260381914 288.318457295187 282.495300096603 867.948017773704
1438000 297.452288648354 288.398708306596 282.744928908346 868.595925863297
1439000 297.613774554445 288.715647672333 283.009220776211 869.338643002989
1440000 297.691450477861 288.675793611829 283.234631425434 869.601875515124
1441000 297.897668720684 288.942945522989 283.390800056518 870.231414300191
1442000 298.047001010341 289.150296981258 283.426347482402 870.623645474001
1443000 298.283057148626 289.212528181659 283.535699509287 871.031284839572
1444000 298.503815224215 289.439797703857 283.832013921272 871.775626849345
1445000 298.723040286228 289.615463656499 283.999651319474 872.338155262202
1446000 298.850795233391 289.839135852377 284.155698619407 872.845629705175
1447000 299.164183212863 290.015680989101 284.304358848281 873.484223050245
1448000 299.39494829676 290.237137768818 284.455365559457 874.087451625035
1449000 299.493800397227 290.282514123862 284.711461815859 874.487776336949
1450000 299.712388774297 290.424120766172 284.9235275164 875.060037056869
1451000 299.903307531301 290.685443189616 285.016615081981 875.605365802898
1452000 299.995118436795 290.868437172839 285.076375085231 875.939930694865
1453000 300.145477424162 291.105463756733 285.230244598779 876.481185779674
1454000 300.325781806875 291.251707506634 285.579479741912 877.15696905542
1455000 300.608701301969 291.426734198656 285.799791837823 877.835227338447
1456000 300.926208071304 291.380889888173 285.89844855833 878.205546517808
1457000 301.183208323962 291.682237351231 286.070265229361 878.935710904554
1458000 301.321890998202 291.919869817088 286.33896267919 879.58072349448
1459000 301.507892317208 291.958043174474 286.546411681473 880.012347173154
1460000 301.60887283497 292.114267639938 286.744538930301 880.467679405208
1461000 301.828381400038 292.461477618482 287.04507397943 881.33493299795
1462000 302.021367635245 292.624767523116 287.260712106751 881.906847265111
1463000 302.262264774478 292.958377452847 287.357075421853 882.577717649179
1464000 302.531397058133 293.208092409138 287.47696395093 883.2164534182
1465000 302.836428821082 293.348271357993 287.644400009098 883.829100188173
1466000 302.974706116509 293.468471070512 287.851213512682 884.294390699702
1467000 303.141675549838 293.667076965348 288.075248376144 884.88400089133
1468000 303.284015533802 293.814380708525 288.211111082409 885.309507324736
1469000 303.434597465717 294.148058058068 288.466823798844 886.049479322628
1470000 303.658567218719 294.31027321182 288.774986429172 886.743826859711
1471000 303.811141259183 294.480140306149 288.981099813764 887.272381379095
1472000 303.989718804427 294.693307367713 289.056592355479 887.739618527619
1473000 304.27547252303 294.928164078247 289.329186943952 888.532823545229
1474000 304.371664323202 295.042334517127 289.551064707242 888.965063547572
1475000 304.617178786152 295.254501691046 289.671479621739 889.543160098936
1476000 304.78473645783 295.423598481191 289.885755868035 890.094090807056
1477000 304.929414604921 295.576590066413 289.974498301756 890.48050297309
1478000 305.174029200398 295.868677826332 290.106546750144 891.149253776874
1479000 305.315246329063 296.034191634315 290.162657467238 891.512095430616
1480000 305.522536677163 296.147292720189 290.405294704564 892.075124101916
1481000 305.677670460559 296.332235417227 290.652114597915 892.662020475701
1482000 305.86999146712 296.502377676138 290.69738391898 893.069753062238
1483000 306.008254355657 296.632142178771 290.901281365405 893.541677899834
1484000 306.157828646118 296.776765216698 291.164700182373 894.099294045189
1485000 306.460066493924 297.004915235675 291.359286167755 894.824267897353
1486000 306.526964962742 297.15915947971 291.463996950048 895.1501213925
1487000 306.733372094575 297.292738368803 291.605961954428 895.632072417806
1488000 306.922054982463 297.491245979552 291.742653257985 896.15595422
1489000 307.168773892943 297.56091228968 292.01314506741 896.742831250033
1490000 307.364380233459 297.915695839566 292.201480720248 897.481556793273
1491000 307.590089992735 298.019974745515 292.389821906615 897.999886644866
1492000 307.865924998207 298.313613064645 292.594131525522 898.773669588373
1493000 308.02714952191 298.509977086729 292.696699482985 899.233826091624
1494000 308.155296685562 298.740332876144 292.867767816619 899.763397378325
1495000 308.371179857744 298.857247057451 293.1092210907 900.337648005896
1496000 308.567696072948 299.088956952136 293.23780208598 900.894455111064
1497000 308.875897563697 299.319775599492 293.501762053973 901.697435217162
1498000 309.092121045594 299.52134985774 293.553263088512 902.166733991846
1499000 309.321604047143 299.771850019532 293.792984042076 902.886438108751
1500000 309.506409130679 300.016572262732 293.784762716779 903.30774411019
1501000 309.653522615442 300.250706344865 294.114880399457 904.019109359764
1502000 309.744468505718 300.360579266864 294.247225085022 904.352272857604
1503000 309.996537773079 300.517274901346 294.264448836436 904.778261510861
1504000 310.168686048959 300.681767025994 294.474667512557 905.325120587511
1505000 310.321710609735 300.838006765982 294.720183952428 905.879901328145
1506000 310.531756717137 300.956903304678 295.02467982261 906.513339844424
1507000 310.735527435675 301.110563816154 295.201443699029 907.047534950858
1508000 310.856534759193 301.19468093075 295.453127828601 907.504343518544
1509000 311.153536213732 301.331431487092 295.659880719639 908.144848420464
1510000 311.277994323293 301.604953823183 295.932370433536 908.815318580012
1511000 311.420172446814 301.749898429631 296.115932899128 909.286003775573
1512000 311.499953991221 302.030017617209 296.338700329672 909.868671938102
1513000 311.614263793297 302.13591613787 296.483345710559 910.233525641726
1514000 311.820126262704 302.408316463802 296.767858759589 910.996301486095
1515000 312.002795546181 302.564632025072 296.912761957802 911.480189529054
1516000 312.313390912669 302.740606646777 297.222219792037 912.276217351483
1517000 312.564148415498 302.925741542282 297.386735158446 912.876625116227
1518000 312.652735847657 303.198767706369 297.520218638064 913.37172219209
1519000 312.937735634423 303.279803715348 297.601512898548 913.819052248319
1520000 313.114935483193 303.591641955897 297.764662041143 914.471239480233
1521000 313.242022340383 303.764507131157 297.903138198401 914.909667669941
1522000 313.447566561225 303.947515786355 298.175460850445 915.570543198025
1523000 313.569923608262 304.095288741384 298.300614212637 915.965826562282
1524000 313.733487201413 304.24513647386 298.621746472334 916.600370147607
1525000 314.006073813121 304.419050782843 298.789255918319 917.214380514283
1526000 314.240017646003 304.539370425993 298.965348886355 917.744736958351
1527000 314.319534715976 304.725962777406 299.215963172608 918.26146066599
1528000 314.539061088226 304.826955880845 299.455450087083 918.821467056154
1529000 314.763427287642 305.115061311112 299.718609020499 919.597097619253
1530000 314.908285026357 305.346379691956 299.878797458953 920.133462177266
1531000 314.998256222997 305.503793395388 300.077791155809 920.579840774194
1532000 315.206908644215 305.73270239287 300.242826619454 921.182437656539
1533000 315.393103299925 306.061431403681 300.41936936907 921.873904072675
1534000 315.373023679697 306.208233273844 300.518770265092 922.100027218633
1535000 315.475554444487 306.475886703362 300.78427117692 922.735712324768
1536000 315.800041934188 306.588175539089 300.771678205883 923.15989567916
1537000 315.93205183367 306.791612617174 301.005462471037 923.729126921882
1538000 316.179108280365 306.973361774947 301.204605739745 924.357075795058
1539000 316.501336818784 307.151854840602 301.393030405221 925.046222064607
1540000 316.790471155414 307.338803538266 301.587102293764 925.716376987444
1541000 316.780971261084 307.511263315037 301.774100334394 926.066334910515
1542000 317.014127188528 307.714270799181 301.883229810597 926.611627798307
1543000 317.244934541921 307.832044807537 302.045083296363 927.122062645821
1544000 317.363576933511 308.092893189171 302.318361802698 927.77483192538
1545000 317.6099103802 308.329445482183 302.555096248687 928.49445211107
1546000 317.71364708838 308.450674558473 302.749406400308 928.913728047161
1547000 317.846654470792 308.603918659947 302.964380598708 929.414953729447
1548000 318.067998259998 308.756831951545 303.218042507104 930.042872718647
1549000 318.336431466302 309.024386071592 303.503337037868 930.864154575763
1550000 318.411690752257 309.223835471189 303.790438908758 931.425965132204
1551000 318.627678805201 309.487848004444 303.99494634239 932.110473152034
1552000 318.836658553229 309.641126965801 304.206225360884 932.684010879913
1553000 318.886571396784 309.92016748752 304.281599013539 933.088337897844
1554000 319.157496303521 310.10842970558 304.502024500835 933.767950509937
1555000 319.365718462336 310.15959914065 304.733854405059 934.259172008044
1556000 319.46583822332 310.387308960874 304.845945922721 934.699093106915
1557000 319.626639275931 310.564591235542 305.012147615834 935.203378127307
1558000 319.74962798943 310.752865929377 305.124943191043 935.62743710985
1559000 319.950641134047 310.78245444814 305.388696307586 936.121791889773
1560000 320.1798106223 310.983575292301 305.625092266516 936.788478181117
1561000 320.319651713902 311.176996954066 305.736238826138 937.232887494106
1562000 320.546427202069 311.394192790528 305.83936913683 937.779989129426
1563000 320.693401454639 311.568975255723 305.98841125939 938.250787969752
1564000 320.885716354283 311.725947330463 306.216819037213 938.82848272196
1565000 321.018559243856 311.893928943931 306.380590471033 939.293078658819
1566000 321.284940092276 312.118308880356 306.530247382775 939.933496355408
1567000 321.741471760311 312.225209405311 306.653506654611 940.620187820233
1568000 321.826110891219 312.51783037934 306.8656280068 941.209569277358
1569000 321.982193713745 312.697610597669 307.07766025844 941.757464569854
1570000 322.160098944249 312.826468633801 307.182111807539 942.168679385589
1571000 322.393447195515 312.935943239489 307.301784820313 942.631175255316
1572000 322.564711036009 313.146285130816 307.570389586013 943.281385752838
1573000 322.776386781113 313.340398190893 307.772903002471 943.889687974476
1574000 323.048955741252 313.545517586766 308.011568014365 944.606041342383
1575000 323.298784712522 313.825510407686 308.302950795162 945.42724591537
1576000 323.616997685244 314.062585678207 308.450671989897 946.130255353348
1577000 323.853945113511 314.223361660023 308.662690589948 946.739997363481
1578000 324.081475315795 314.450877086522 308.800743624695 947.333096027012
1579000 324.363788287155 314.647273062627 309.035895775959 948.04695712574
1580000 324.435799603478 314.725358924681 309.170781631314 948.331940159473
1581000 324.526268271435 314.89810668772 309.368116341332 948.792491300487
1582000 324.699155178574 315.10856178317 309.594212005449 949.401928967193
1583000 324.885546379616 315.155902946473 309.695273561681 949.73672288777
1584000 325.021027279712 315.409337980946 310.006408088972 950.436773349629
1585000 325.392043938897 315.543073281492 310.154217232062 951.08933445245
1586000 325.571295727334 315.855882692596 310.3389840884 951.76616250833
1587000 325.81345929961 316.035935071861 310.553107076455 952.402501447926
1588000 325.965311883381 316.361336845624 310.712584658801 953.039233387806
1589000 326.28383633211 316.447889890584 310.789900662753 953.521626885448
1590000 326.363713711856 316.597744315121 310.983425342874 953.94488336985
1591000 326.485217805152 316.84036424887 311.138128711086 954.463710765108
1592000 326.681214357885 316.941052999051 311.306275689244 954.92854304618
1593000 326.795139058635 317.091159002177 311.442403776949 955.32870183776
1594000 327.063448443044 317.338645795182 311.720393067901 956.122487306128
1595000 327.254533393514 317.674132291104 311.818986085694 956.747651770312
1596000 327.436313899663 317.850817829845 312.070447231 957.357578960508
1597000 327.621815615813 318.06247924401 312.264566047918 957.948860907741
1598000 327.777810819255 318.265612993611 312.356150167025 958.399573979891
1599000 327.979013527964 318.507094765881 312.435821688241 958.921929982086
1600000 328.18200562712 318.601792077582 312.585343307213 959.369141011915
1601000 328.392703000858 318.867424241552 312.809863569324 960.069990811734
1602000 328.44296023893 319.182262645526 313.05993613606 960.685159020516
1603000 328.603857793626 319.412413981572 313.213680041276 961.229951816474
1604000 328.791407061322 319.594718760067 313.480570872595 961.866696693984
1605000 328.930614628474 319.733621262908 313.53474001163 962.198975903012
1606000 329.269748341112 319.996997102651 313.746976024163 963.013721467927
1607000 329.423523127704 320.062173367865 313.952475891409 963.438172386978
1608000 329.66222739317 320.163966290427 314.110393315216 963.936586998813
1609000 329.822760501135 320.390402009078 314.313623638546 964.526786148759
1610000 330.009220234202 320.45234795667 314.479350626344 964.940918817216
1611000 330.24374603246 320.637106329281 314.513408118855 965.394260480595
1612000 330.486236961916 320.899049960669 314.667336813353 966.052623735938
1613000 330.604387835992 321.135015861002 314.941808528783 966.681212225777
1614000 330.816454454155 321.447183218 315.13441447216 967.398052144315
1615000 330.916207730421 321.597567678542 315.347015295005 967.860790703969
1616000 331.057068081164 321.819468048818 315.520204451498 968.39674058148
1617000 331.390477179771 321.959750016242 315.611363032108 968.961590228121
1618000 331.640247295149 322.286742460936 315.908778281667 969.835768037753
1619000 331.890189727195 322.412949774836 316.053128195334 970.356267697365
1620000 332.057770192444 322.474512055224 316.345491068558 970.877773316226
1621000 332.274921348266 322.751826962875 316.528087802959 971.5548361141
1622000 332.491679467832 322.894146344645 316.691603478418 972.077429290895
1623000 332.683250866039 323.104478313206 316.825625577983 972.613354757228
1624000 332.806933410416 323.247778651729 316.992229333538 973.046941395683
1625000 333.008613552245 323.453973563565 317.100255524209 973.56284264002
1626000 333.257306262156 323.540732436534 317.339129879537 974.137168578228
1627000 333.467152719164 323.732146118826 317.579375468747 974.778674306737
1628000 333.697297698977 323.978499535559 317.791495918109 975.467293152645
1629000 333.866200974627 324.195277059506 318.184550778591 976.246028812725
1630000 334.079565098097 324.494575194762 318.31456189332 976.888702186179
1631000 334.280078330125 324.582077726899 318.628610475128 977.490766532152
1632000 334.427438926744 324.797584528078 318.800451255652 978.025474710475
1633000 334.646624245806 324.963007955675 319.104201724204 978.713833925685
1634000 334.80046803165 325.20372496701 319.332093842976 979.336286841636
1635000 335.024177120575 325.370852399715 319.465266913101 979.86029643339
1636000 335.265441154376 325.638331808189 319.56506392604 980.468836888606
1637000 335.391701179538 325.803401724038 319.810088906672 981.005191810248
1638000 335.677722596601 325.851178621551 320.007319750326 981.536220968478
1639000 335.861588264034 326.020292591252 320.160362636704 982.042243491991
1640000 336.093591126668 326.195039869269 320.351797995233 982.64042899117
1641000 336.289759279641 326.443235957907 320.412605931012 983.14560116856
1642000 336.695076283042 326.607250042042 320.667866736619 983.970193061703
1643000 336.85276178815 326.724575473215 320.807669039716 984.385006301081
1644000 337.16387162542 326.818884484917 321.03829088885 985.021046999187
1645000 337.418196725631 327.038038093058 321.087149053078 985.543383871767
1646000 337.436655878449 327.194103503992 321.329823792461 985.960583174902
1647000 337.750787444864 327.321562502946 321.541090402833 986.613440350643
1648000 337.865707690623 327.512851768996 321.749771102981 987.1283305626
1649000 338.146397446326 327.671474838622 321.86874925149 987.686621536438
1650000 338.270996640655 327.885616182166 322.022883968434 988.179496791254
1651000 338.275756090891 327.909165784098 322.281596176064 988.466518051053
1652000 338.629252754153 328.263133258648 322.55006343534 989.442449448141
1653000 338.896893116999 328.526057649452 322.798507767034 990.221458533486
1654000 339.114025875368 328.615459222678 323.039375616842 990.768860714888
1655000 339.22808779133 328.769394190498 323.177151926455 991.174633908283
1656000 339.487721043186 328.988495536787 323.193835934478 991.670052514451
1657000 339.75242138064 329.245301379374 323.402644727736 992.40036748775
1658000 339.920606792061 329.472345686334 323.703908492514 993.096860970909
1659000 340.146666469582 329.686451813444 323.614481886729 993.447600169756
1660000 340.304079809386 329.851659868524 323.96817327555 994.12391295346
1661000 340.514708700812 330.034508754739 324.226506087367 994.775723542917
1662000 340.78309935208 330.143530833446 324.379901456011 995.306531641537
1663000 341.021499952034 330.333354354698 324.61743058399 995.972284890721
1664000 341.209867122022 330.663280084219 324.905155613797 996.778302820038
1665000 341.36310372794 330.886405184496 324.910658830825 997.160167743262
1666000 341.611750633165 330.922920879307 325.104737040076 997.639408552548
1667000 341.741174552868 331.189961787125 325.364465897255 998.295602237248
1668000 341.811797312646 331.345114113547 325.53309474722 998.690006173413
1669000 341.95581942081 331.441546830868 325.652308714574 999.049674966252
1670000 342.052229206229 331.570367322647 325.713678100986 999.336274629862
1671000 342.274656026598 331.664092448231 325.947953545633 999.886702020461
1672000 342.436052874965 331.83323369873 326.039846900284 1000.30913347398
1673000 342.625412143035 331.998081858659 326.15953753898 1000.78303154067
1674000 342.762824432643 332.154558699146 326.237347682396 1001.15473081418
1675000 342.910977069367 332.434635395816 326.447453245389 1001.79306571057
1676000 343.110321294 332.648461816264 326.646605258377 1002.40538836864
1677000 343.357012896214 332.790366664161 326.754500996313 1002.90188055669
1678000 343.405135306998 332.798936659476 326.88402461053 1003.088096577
1679000 343.65654373641 332.999560444419 327.096437747554 1003.75254192838
1680000 343.936813629773 333.314577137527 327.292569047806 1004.54395981511
1681000 344.080505337766 333.478775346383 327.449012515147 1005.0082931993
1682000 344.14551428335 333.700535669523 327.613488591161 1005.45953854403
1683000 344.288048987124 333.850300091369 327.875573355312 1006.01392243381
1684000 344.549994468508 334.00502416925 328.025954870921 1006.58097350868
1685000 344.600462741574 334.412448002454 328.22737909337 1007.2402898374
1686000 344.643537618378 334.459738444474 328.334409962998 1007.43768602585
1687000 344.994651285221 334.696184153721 328.494546422542 1008.18538186149
1688000 345.191404840331 334.910709410039 328.691064188113 1008.79317843848
1689000 345.429734154796 335.087148616388 328.951983294386 1009.46886606557
1690000 345.64443988503 335.34513548884 329.078317139245 1010.06789251311
1691000 345.902087877291 335.646037337297 329.234397645745 1010.78252286033
1692000 346.187161952263 335.775301212644 329.541013495491 1011.5034766604
1693000 346.528563536428 335.912461984741 329.872363702637 1012.31338922381
1694000 346.554595034065 336.086692077723 329.907332379666 1012.54861949145
1695000 346.719426946322 336.346536726787 330.106540374873 1013.17250404798
1696000 346.970821083599 336.600464956791 330.271565745361 1013.84285178575
1697000 347.26260056002 336.829617752961 330.52213498829 1014.61435330127
1698000 347.475907949117 336.954105509188 330.598795339717 1015.02880879802
1699000 347.498390353866 337.218514953339 330.749390046632 1015.46629535384
1700000 347.580282272027 337.360286990645 330.967801534142 1015.90837079681
1701000 347.752415607231 337.506569299506 330.998635220717 1016.25762012745
1702000 347.969341474284 337.586115358767 331.194217124171 1016.74967395722
1703000 348.204456945515 337.824843071213 331.380294856066 1017.4095948728
1704000 348.30242266081 338.067754655327 331.525277221534 1017.89545453767
1705000 348.499973723851 338.342750413219 331.753718684063 1018.59644282113
1706000 348.781964250045 338.483562101282 331.841697431482 1019.10722378281
1707000 348.941862141925 338.718326710203 332.065817704674 1019.7260065568
1708000 349.019530542685 338.828733110209 332.323409474231 1020.17167312713
1709000 349.310324389517 339.035348857886 332.488193085111 1020.83386633251
1710000 349.60095319521 339.231116073288 332.675152250153 1021.50722151865
1711000 349.800075268637 339.388058875092 332.886985617525 1022.07511976125
1712000 349.986005585362 339.519448842463 333.058955055908 1022.56440948373
1713000 350.272861885258 339.643216844151 333.244085046099 1023.16016377551
1714000 350.511998869356 339.786052987222 333.510919093351 1023.80897094993
1715000 350.695487772926 339.969503449948 333.768195706156 1024.43318692903
1716000 350.964888226054 340.025560726264 333.869564676822 1024.86001362914
1717000 351.297955312294 340.383246650254 334.099253532199 1025.78045549475
1718000 351.494757087546 340.672397540869 334.366746444416 1026.53390107283
1719000 351.678722739308 340.890079755294 334.602507172629 1027.17130966723
1720000 351.916042683859 341.051738737858 334.682849867722 1027.65063128944
1721000 352.032928148598 341.325724161995 334.958639136883 1028.31729144748
1722000 352.19459504547 341.520509890502 335.142840937842 1028.85794587381
1723000 352.441566672729 341.700520449966 335.363224057567 1029.50531118026
1724000 352.590069829115 341.982197416735 335.534511658055 1030.10677890391
1725000 352.838752167959 342.161607567536 335.803153441042 1030.80351317654
1726000 353.023183338034 342.453666886525 335.990432290223 1031.46728251478
1727000 353.148501123714 342.577669309158 336.24642903419 1031.97259946706
1728000 353.380541845701 342.799528073635 336.421023853381 1032.60109377272
1729000 353.539645284792 343.069873022069 336.581547195833 1033.19106550269
1730000 353.851518255383 343.192609981331 336.816769982227 1033.86089821894
1731000 354.064840699974 343.418006257004 336.901615301266 1034.38446225824
1732000 354.157908016787 343.611894282023 337.152270993772 1034.92207329258
1733000 354.452502748571 343.863159787759 337.381655292696 1035.69731782903
1734000 354.54443011715 343.895179752668 337.496278038075 1035.93588790789
1735000 354.836943305163 344.108869159034 337.585429969087 1036.53124243328
1736000 354.956572803203 344.47485721968 337.862636997732 1037.29406702062
1737000 355.229631274308 344.656013355236 338.004594658906 1037.89023928845
1738000 355.474149633449 344.737196562579 338.088883240975 1038.300229437
1739000 355.789165559235 344.930855442548 338.282638473962 1039.00265947575
1740000 356.028534580968 345.130865548498 338.540199224499 1039.69959935396
1741000 356.237057607109 345.268919011914 338.528550996077 1040.0345276151
1742000 356.49435326254 345.318967473657 338.772290505605 1040.5856112418
1743000 356.608539268681 345.61227796797 338.799506338302 1041.02032357495
1744000 356.850156142845 345.693972878996 339.115953692437 1041.66008271428
1745000 356.935992934253 345.848759693814 339.292175794007 1042.07692842207
1746000 357.188377132363 345.956750211538 339.486193425259 1042.63132076916
1747000 357.284001880898 346.083695284165 339.58383017367 1042.95152733873
1748000 357.496041334838 346.263149636243 339.736393061962 1043.49558403304
1749000 357.825928544707 346.443517301008 339.955075697387 1044.2245215431
1750000 357.758560488937 346.593210049825 340.324114827739 1044.6758853665
1751000 357.991469929439 346.719466274865 340.396849852547 1045.10778605685
1752000 358.250691726252 346.901502685245 340.724818748598 1045.87701316009
1753000 358.372955823561 347.070208924407 340.914635949454 1046.35780069742
1754000 358.500858239121 347.196388768277 341.173026231407 1046.8702732388
1755000 358.636325946456 347.445867443537 341.50218865778 1047.58438204777
1756000 358.847555287567 347.765222932247 341.62967645641 1048.24245467622
1757000 359.097306335629 347.931280542121 341.75289004041 1048.78147691816
1758000 359.279218622135 348.161192204361 341.977889618318 1049.41830044481
1759000 359.418713231993 348.404681424165 341.998409157994 1049.82180381415
1760000 359.517218647961 348.638805823228 342.271285801679 1050.42731027287
1761000 359.687641462343 348.848312304134 342.370709612848 1050.90666337932
1762000 359.978876682098 349.190030576387 342.687138202049 1051.85604546053
1763000 360.058278214021 349.164767489566 343.000543461419 1052.22358916501
1764000 360.315169956871 349.285121780859 343.210264749783 1052.81055648751
1765000 360.438762513779 349.412551350361 343.371948405305 1053.22326226944
1766000 360.741022776648 349.662754443473 343.59312090912 1053.99689812924
1767000 360.797234436242 349.842988864234 343.892969792671 1054.53319309315
1768000 360.94558797947 349.944969948881 343.952268368396 1054.84282629675
1769000 361.167020732428 350.041699224034 343.902621901478 1055.11134185794
1770000 361.251454624244 350.172134662714 344.115021259288 1055.53861054625
1771000 361.515957525321 350.311343803514 344.320346751438 1056.14764808027
1772000 361.71624595905 350.443365039764 344.540691281056 1056.70030227987
1773000 361.962482011705 350.704602757372 344.601357339684 1057.26844210876
1774000 362.186876863198 350.787637825215 344.792615877584 1057.767130566
1775000 362.1857718741 351.068889926335 344.947552148771 1058.20221394921
1776000 362.43249374361 351.131697312272 345.13034554626 1058.69453660214
1777000 362.586428535452 351.315262563744 345.371002653271 1059.27269375247
1778000 362.762137627584 351.568371388172 345.472280854268 1059.80278987002
1779000 363.002831914664 351.821459499295 345.610019396105 1060.43431081006
1780000 363.223371380065 352.042678480913 345.956664553583 1061.22271441456
1781000 363.372510895372 352.139819689476 346.040266357683 1061.55259694253
1782000 363.625617721619 352.437779655221 346.284701498527 1062.34809887537
1783000 363.579838888158 352.535581510514 346.451340153673 1062.56676055234
1784000 363.893945972239 352.822211416953 346.699715927376 1063.41587331657
1785000 364.122784163299 353.053425665512 346.824096942601 1064.00030677141
1786000 364.232119296166 353.154861751689 346.999985148255 1064.38696619611
1787000 364.316377169345 353.455660242642 347.285934163016 1065.057971575
1788000 364.612416554895 353.624679906613 347.490052380822 1065.72714884233
1789000 364.761710528277 353.65674394543 347.785246569279 1066.20370104299
1790000 364.969099507084 353.870673799676 347.940977536634 1066.7807508434
1791000 365.215570281516 353.953362073827 348.157907235143 1067.32683959049
1792000 365.315773265236 354.223700610734 348.197148439438 1067.73662231541
1793000 365.586609985516 354.390068964801 348.462152812302 1068.43883176262
1794000 365.80677664258 354.723740333746 348.565469010389 1069.09598598671
1795000 366.022916326542 354.962975826566 348.699945698942 1069.68583785205
1796000 366.168013569193 355.093545478046 348.78149798976 1070.043057037
1797000 366.390245729598 355.233669889097 348.941825434823 1070.56574105352
1798000 366.619885579303 355.454917708372 349.23054374422 1071.3053470319
1799000 366.685270829836 355.542897191478 349.375444419852 1071.60361244117
1800000 366.885608017837 355.83874446633 349.562380193368 1072.28673267753
1801000 367.122709190899 356.078102643558 349.817216688791 1073.01802852325
1802000 367.292943991687 356.240636144917 349.911299223928 1073.44487936053
1803000 367.603732181055 356.309651773329 350.234680554995 1074.14806450938
1804000 367.64131419484 356.530929446082 350.451012133032 1074.62325577395
1805000 368.037112423436 356.517606821429 350.591617048769 1075.14633629363
1806000 368.195602815754 356.621870306179 350.855592827319 1075.67306594925
1807000 368.365783779557 356.950309804176 350.968677861253 1076.28477144499
1808000 368.443657307942 357.021968059153 351.219202565391 1076.68482793249
1809000 368.717876300637 357.289940270249 351.528457259362 1077.53627383025
1810000 368.859016908503 357.592687966878 351.596436884294 1078.04814175967
1811000 369.068955839437 357.62094532027 351.754320144059 1078.44422130377
1812000 369.367741953173 357.795611867889 351.961478421767 1079.12483224283
1813000 369.383164275039 357.951942461165 352.024362928129 1079.35946966433
1814000 369.595107317792 358.208936146243 352.312552345266 1080.1165958093
1815000 369.69816157491 358.453984974884 352.551664220709 1080.7038107705
1816000 369.899357037662 358.562932945547 352.646848328336 1081.10913831154
1817000 370.181747945243 358.837766009359 352.819214745617 1081.83872870022
1818000 370.343783224574 359.067398973017 352.978078980821 1082.38926117841
1819000 370.50592452931 359.234990423451 353.242892640528 1082.98380759329
1820000 370.710463649637 359.249628980184 353.389166990321 1083.34925962014
1821000 370.758776171834 359.441006663143 353.572650893526 1083.7724337285
1822000 370.917219269551 359.564946148081 353.842593337775 1084.32475875541
1823000 371.173751551114 359.911521298339 354.105093567381 1085.19036641683
1824000 371.44789372484 360.187661201602 354.375249505496 1086.01080443194
1825000 371.54536547473 360.316988014637 354.638617892569 1086.50097138194
1826000 371.65109944148 360.579336285415 354.886168665287 1087.11660439218
1827000 371.859171119937 360.665400946085 355.231647590039 1087.75621965606
1828000 372.127201375864 360.780931798011 355.30348290091 1088.21161607478
1829000 372.387767650112 361.0621419873 355.585621997939 1089.03553163535
1830000 372.612137598889 361.294508015941 355.689732077611 1089.59637769244
1831000 372.901625663773 361.427011405693 355.808746151969 1090.13738322143
1832000 373.004029327969 361.768643215552 355.878691145831 1090.65136368935
1833000 373.032910299117 362.09060768082 355.995576219093 1091.11909419903
1834000 373.160131406265 362.178569723781 356.205154067356 1091.5438551974
1835000 373.272684578087 362.42636594984 356.483535312023 1092.18258583995
1836000 373.410058178121 362.525736668126 356.584021808228 1092.51981665447
1837000 373.600773145592 362.831771456084 356.811847737113 1093.24439233879
1838000 373.792795036863 362.999481092165 356.967290377153 1093.75956650618
1839000 373.989179386754 363.236029727063 357.314473984053 1094.53968309787
1840000 373.953967475318 363.410115974945 357.378131711097 1094.74221516136
1841000 374.255698704879 363.606101869259 357.495769942415 1095.35757051655
1842000 374.357836383269 363.843919705114 357.686664526485 1095.88842061487
1843000 374.563703043015 363.972594230384 357.878050352249 1096.41434762565
1844000 374.747211161065 364.251993209 357.991382020873 1096.99058639094
1845000 375.134992174771 364.436342222447 358.085539024925 1097.65687342214
1846000 375.321208567354 364.594691483384 358.308869033145 1098.22476908388
1847000 375.44362510747 364.878856297654 358.435276189158 1098.75775759428
1848000 375.752809218269 364.911954926117 358.623701117709 1099.28846526209
1849000 375.994607823022 365.247047029332 358.891302841123 1100.13295769348
1850000 376.205753962193 365.344198843591 359.044694179227 1100.59464698501
1851000 376.517330852198 365.523606898422 359.395458682463 1101.43639643308
1852000 376.829309743129 365.755309063007 359.601700790266 1102.1863195964
1853000 376.865306073124 366.015836262812 359.792934958726 1102.67407729466
1854000 376.973589279887 366.156300812155 360.046487138252 1103.17637723029
1855000 377.1396551786 366.349664638354 360.139086037224 1103.62840585418
1856000 377.524734571086 366.67279558655 360.262394134098 1104.45992429173
1857000 377.696390592007 366.889954832771 360.474975894959 1105.06132131974
1858000 378.017966342753 367.142762040903 360.668329415499 1105.82905779915
1859000 378.037787703552 367.386592689581 360.879786776995 1106.30416717013
1860000 378.293448721305 367.425282869326 361.142164270734 1106.86089586137
1861000 378.42465689927 367.511122537984 361.416284569227 1107.35206400648
1862000 378.528675744613 367.653355003132 361.594079516325 1107.77611026407
1863000 378.854768360084 367.864567675457 361.785312525649 1108.50464856119
1864000 379.002648922754 368.038300776232 361.952329474231 1108.99327917322
1865000 379.192060900984 368.305092192063 362.316930360916 1109.81408345396
1866000 379.416425821984 368.464496206791 362.533421058585 1110.41434308736
1867000 379.745343414384 368.562616725702 362.678574024293 1110.98653416438
1868000 379.89296187334 368.700315846535 362.881931790496 1111.47520951037
1869000 380.199845979022 368.874296806633 362.962696783115 1112.03683956877
1870000 380.527452464367 368.982705367359 363.106224553745 1112.61638238547
1871000 380.865813075077 369.112615502087 363.331478274966 1113.30990685213
1872000 381.051584579584 369.143630725928 363.594844934566 1113.79006024008
1873000 381.465349186573 369.428493877493 363.722428619081 1114.61627168315
1874000 381.580647957572 369.679112399542 363.873794852977 1115.13355521009
1875000 381.816388383152 369.807078852312 363.965686503797 1115.58915373926
1876000 382.099618242182 370.006308023999 364.26797997863 1116.37390624481
1877000 382.105382970355 370.223143764491 364.329389146727 1116.65791588157
1878000 382.324759443372 370.421603053533 364.588094367801 1117.33445686471
1879000 382.618155924157 370.651132972741 364.793360014174 1118.06264891107
1880000 382.790952486082 370.735148341491 364.916208887399 1118.44230971497
1881000 383.072661961119 370.926589938536 365.124562208745 1119.1238141084
1882000 383.239617464012 371.092152403517 365.430379300633 1119.76214916816
1883000 383.380817052011 371.267955405885 365.448021669515 1120.09679412741
1884000 383.480385220123 371.523574746271 365.728010453656 1120.73197042005
1885000 383.825610395513 371.751683416961 365.995117407761 1121.57241122023
1886000 384.138516224322 371.879370850262 366.248254734217 1122.2661418088
1887000 384.357366394892 372.141165470008 366.438846348473 1122.93737821337
1888000 384.582395851824 372.283073824554 366.554906290052 1123.42037596643
1889000 384.644499526428 372.440740127364 366.748314184131 1123.83355383792
1890000 384.942182444023 372.654991677067 366.887288217396 1124.48446233849
1891000 385.103589576452 372.862767282961 367.074203559464 1125.04056041888
1892000 385.32411494671 372.964844725462 367.084347571746 1125.37330724392
1893000 385.428306982962 373.148871105099 367.28973066483 1125.86690875289
1894000 385.548200512379 373.571929803397 367.46235630846 1126.58248662424
1895000 385.764942405925 373.804707368351 367.630701254427 1127.2003510287
1896000 385.902899249135 374.094211876429 367.871966027386 1127.86907715295
1897000 386.122042491128 374.328165032278 368.05552093443 1128.50572845784
1898000 386.377013360702 374.40683979748 368.109498878847 1128.89335203703
1899000 386.61299577669 374.394785178739 368.349190007608 1129.35697096304
1900000 386.790464311661 374.647000595915 368.570066607733 1130.00753151531
1901000 386.918607349438 374.743332355698 368.742035332017 1130.40397503715
1902000 387.294806589048 374.860397206937 368.898293944412 1131.0534977404
1903000 387.424916867259 375.097643645205 369.04882436464 1131.5713848771
1904000 387.601450074757 375.288014092783 369.246673937041 1132.13613810458
1905000 387.735867487524 375.437489513877 369.356154043939 1132.52951104534
1906000 387.89249683946 375.693476095189 369.423310759088 1133.00928369374
1907000 388.135056991988 375.87289019312 369.622691358895 1133.630638544
1908000 388.205944681864 376.054728682035 369.932472039795 1134.19314540369
1909000 388.415752609267 376.451206791106 370.221863506641 1135.08882290701
1910000 388.568047498835 376.657778135206 370.329301955805 1135.55512758985
1911000 388.850583652337 376.838602313213 370.475521220628 1136.16470718618
1912000 388.906733146526 377.275462681092 370.633178674727 1136.81537450234
1913000 389.127722284553 377.315082592662 370.969830694281 1137.4126355715
1914000 389.31405198125 377.552410367134 371.184374279723 1138.05083662811
1915000 389.519026254107 377.778834297659 371.409105137856 1138.70696568962
1916000 389.827423313487 378.008359125462 371.473280699239 1139.30906313819
1917000 390.141559266699 378.189427568116 371.741045813392 1140.07203264821
1918000 390.276775750374 378.380084513597 371.780397533093 1140.43725779706
1919000 390.431715886105 378.584274542516 371.898833804276 1140.9148242329
1920000 390.771653289576 378.748827109328 372.212361184841 1141.73284158375
1921000 390.813444853684 379.037506105704 372.352434883579 1142.20338584297
1922000 391.144985570869 379.142797025805 372.73982996398 1143.02761256065
1923000 391.317642969417 379.353022734006 372.790261226718 1143.46092693014
1924000 391.535330685328 379.523063496397 373.011425043882 1144.06981922561
1925000 391.809195625246 379.752898273419 373.242847235633 1144.8049411343
1926000 391.961608644446 380.230095514054 373.336301274393 1145.52800543289
1927000 392.190726322007 380.361541484645 373.490363100326 1146.04263090698
1928000 392.329099964049 380.616824634828 373.570706260768 1146.51663085965
1929000 392.610126966808 380.751985968626 373.715786820364 1147.0778997558
1930000 392.820922371656 380.943931174364 373.961292976271 1147.72614652229
1931000 392.950641158999 381.076499988537 374.262038526179 1148.28917967371
1932000 393.333014962499 381.108078299212 374.518117274151 1148.95921053586
1933000 393.615085224087 381.193193205156 374.772507774568 1149.58078620381
1934000 393.758874295084 381.448979367078 374.972680711357 1150.18053437352
1935000 393.798837986088 381.497220495375 375.068264256691 1150.36432273815
1936000 394.048405534366 381.671141428421 375.343297813766 1151.06284477655
1937000 394.297692398088 381.838589071926 375.632264259221 1151.76854572923
1938000 394.451769644818 382.022336611627 375.802188203262 1152.27629445971
1939000 394.708002494592 382.229838251273 375.95888517498 1152.89672592084
1940000 394.68625669585 382.576323656292 376.130973350494 1153.39355370263
1941000 395.0031684314 382.753557366025 376.233023617617 1153.98974941504
1942000 394.981948513407 382.830972507818 376.471648532618 1154.28456955384
1943000 395.141593321433 383.143800903611 376.611735337177 1154.89712956222
1944000 395.308843050707 383.409256749767 376.9255561166 1155.64365591707
1945000 395.586475311446 383.557577482201 377.124371335249 1156.2684241289
1946000 395.674808385686 383.785600125683 377.235969242541 1156.69637775391
1947000 395.928812850026 383.995490543896 377.273582448299 1157.19788584222
1948000 396.137636959372 384.040380821084 377.471916899303 1157.64993467976
1949000 396.413958793217 384.224118720169 377.663460868054 1158.30153838144
1950000 396.637816430838 384.405311702096 377.876490707542 1158.91961884048
1951000 396.71543046986 384.68488159171 378.067361624183 1159.46767368575
1952000 396.865737298913 384.844308684239 378.327394358201 1160.03744034135
1953000 396.982620570125 385.118081506103 378.509203099004 1160.60990517523
1954000 397.148080417939 385.266343687037 378.639756248366 1161.05418035334
1955000 397.374927479096 385.413162338624 378.827748537109 1161.61583835483
1956000 397.573990421537 385.560159310202 379.032448322267 1162.16659805401
1957000 397.730318379287 385.769041560699 379.304017065861 1162.80337700585
1958000 397.914495268481 385.882610027749 379.523296242327 1163.32040153856
1959000 398.247154971859 386.277872150345 379.620258631175 1164.14528575338
1960000 398.556255499712 386.495429339017 379.748939466884 1164.80062430561
1961000 398.76459533208 386.684569206926 379.825186634627 1165.27435117363
1962000 398.870612199666 386.864578293532 379.954627800578 1165.68981829378
1963000 399.043335276858 387.442335097316 380.12082487519 1166.60649524936
1964000 399.394546178039 387.551474164588 380.186869563564 1167.13288990619
1965000 399.431968886717 387.670839165302 380.444982640842 1167.54779069286
1966000 399.721068292747 387.777868177013 380.691063466663 1168.18999993642
1967000 399.981208367295 387.869166369027 380.888618819512 1168.73899355583
1968000 400.158878177403 388.116836185708 381.019071294374 1169.29478565749
1969000 400.326665977885 388.290429062687 381.043986409781 1169.66108145035
1970000 400.700171998715 388.650120719658 381.131878018741 1170.48217073711
1971000 401.005755998577 388.851826500421 381.266573420591 1171.12415591959
1972000 401.313851655161 388.906969459198 381.61967034769 1171.84049146205
1973000 401.463948540959 389.101724945713 381.845371497598 1172.41104498427
1974000 401.678296600671 389.407222684698 382.120209672185 1173.20572895755
1975000 401.934801742615 389.447012515591 382.260806223166 1173.64262048137
1976000 402.096771919744 389.789386961924 382.576730782782 1174.46288966445
1977000 402.303333790578 389.913454223073 382.783375375083 1175.00016338873
1978000 402.45563113859 390.036639304271 382.780629548761 1175.27289999162
1979000 402.688273587674 390.376488403374 383.077845730679 1176.14260772173
1980000 403.012432839584 390.583697974216 383.315883229018 1176.91201404282
1981000 403.341994845908 390.814880166793 383.497761518184 1177.65463653088
1982000 403.536625160056 390.794578335233 383.758731415867 1178.08993491116
1983000 403.748408370407 390.93874088899 383.804055215048 1178.49120447445
1984000 403.851383672895 391.091277389796 384.080766434845 1179.02342749754
1985000 403.944340574125 391.175652178029 384.12074432427 1179.24073707642
1986000 404.284306881698 391.222349055737 384.370821423687 1179.87747736112
1987000 404.432093884938 391.594760512084 384.559718780351 1180.58657317737
1988000 404.637315110886 391.677120381447 384.725622602033 1181.04005809437
1989000 404.648558735748 391.952916307085 384.961737699805 1181.56321274264
1990000 404.856934710601 392.102448260029 385.15070278422 1182.11008575485
1991000 405.023682429069 392.325323652707 385.405278999133 1182.75428508091
1992000 405.17649281366 392.419963139731 385.606544890885 1183.20300084428
1993000 405.297764230825 392.64117084685 385.856430542022 1183.7953656197
1994000 405.509483593867 392.986754528422 386.031752699653 1184.52799082194
1995000 405.680884156113 393.18986984509 386.298881334645 1185.16963533585
1996000 405.937316145807 393.494736323405 386.601019047653 1186.03307151687
1997000 406.167807789486 393.611400438115 386.711108858455 1186.49031708606
1998000 406.387284202444 393.839556870756 387.078893871125 1187.30573494432
1999000 406.589218181654 394.064337168946 387.29907979797 1187.95263514857
2000000 406.773503838559 394.316123771837 387.463732453437 1188.55336006383
2001000 406.937222718779 394.413566127026 387.685416050843 1189.03620489665
2002000 407.225215880947 394.621717499872 387.785880902969 1189.63281428379
2003000 407.403333382602 394.709579189588 387.951277262726 1190.06418983492
2004000 407.539436520687 394.975470239928 388.186979079404 1190.70188584002
2005000 407.868274590529 395.215707518076 388.117287451908 1191.20126956051
2006000 407.960301642024 395.314078431042 388.269988954468 1191.54436902753
2007000 408.117384417581 395.410679440034 388.665605733094 1192.19366959071
2008000 408.293824088525 395.664466184627 388.893494027015 1192.85178430017
2009000 408.322967233671 395.951675746247 389.162318747094 1193.43696172701
2010000 408.576431590261 396.191884060168 389.362407350136 1194.13072300057
2011000 408.634549454553 396.356965975945 389.579314571399 1194.5708300019
2012000 408.961470645801 396.527769106581 389.747989917856 1195.23722967024
2013000 409.128144118462 396.640725027416 389.910278134766 1195.67914728064
2014000 409.36822651049 396.975441117326 390.21050088871 1196.55416851653
2015000 409.387563457026 397.035856209805 390.272083614781 1196.69550328161
2016000 409.822016859031 397.301523043498 390.542568615697 1197.66610851823
2017000 409.958311419768 397.536254405085 390.71647539491 1198.21104121976
2018000 410.173738690911 397.650892824793 390.840705048147 1198.66533656385
2019000 410.498199092842 397.929782395067 391.067516522988 1199.4954980109
2020000 410.690470057495 398.155279996794 391.106848315794 1199.95259837008
2021000 410.916096885117 398.412042270225 391.301985371969 1200.63012452731
2022000 411.020061096564 398.646647457126 391.546253988643 1201.21296254233
2023000 411.201219065368 398.791093640937 391.754520637235 1201.74683334354
2024000 411.207134615569 398.981828679037 391.814328471685 1202.00329176629
2025000 411.51156733579 399.22117789195 392.04740553925 1202.78015076699
2026000 411.632127603947 399.446569589173 392.162227952255 1203.24092514537
2027000 411.965455225917 399.541082239826 392.364524888368 1203.87106235411
2028000 412.14397407789 399.740232928291 392.450081578765 1204.33428858495
2029000 412.316146207674 399.904300379965 392.494846544571 1204.71529313221
2030000 412.395836843078 400.218100367062 392.745687672626 1205.35962488277
2031000 412.582571781152 400.169971363888 393.0003611022 1205.75290424724
2032000 412.720541134991 400.454849751314 393.13291760346 1206.30830848977
2033000 412.932415933747 400.59225229881 393.438266023509 1206.96293425607
2034000 413.104307546842 400.835003268546 393.705159119314 1207.6444699347
2035000 413.253038880677 400.918879875713 393.753618737375 1207.92553749376
2036000 413.422675398493 401.213954046512 394.070694387092 1208.7073238321
2037000 413.678046057845 401.416875792046 394.274991735677 1209.36991358557
2038000 413.844662331569 401.434812773942 394.572970716607 1209.85244582212
2039000 414.107807453381 401.637544981322 394.662836409245 1210.40818884395
2040000 414.304652489492 401.762569192644 394.765698599248 1210.83292028138
2041000 414.563099740091 402.019010865964 395.00640101321 1211.58851161926
2042000 414.781118387891 402.020828575763 395.183204183712 1211.98515114737
2043000 414.876122924221 402.29836589958 395.508251756734 1212.68274058054
2044000 415.002317038431 402.436547010377 395.495626669353 1212.93449071816
2045000 415.260652115724 402.650905794552 395.723597755336 1213.63515566561
2046000 415.489498542404 402.741051813576 395.899667452231 1214.13021780821
2047000 415.560351035866 402.904403734589 396.137966206947 1214.6027209774
2048000 415.786035856805 402.953259137579 396.209354124119 1214.9486491185
2049000 416.170104280434 403.402197207485 396.279019152747 1215.85132064067
2050000 416.179852816175 403.538554078123 396.51854669759 1216.23695359189
2051000 416.433245619047 403.834779192338 396.827544447429 1217.09556925881
2052000 416.641866663497 403.968235939061 397.05188524447 1217.66198784703
2053000 416.732914091204 404.129927049191 397.179970459791 1218.04281160019
2054000 416.786098445121 404.383711659522 397.387240152426 1218.55705025707
2055000 417.032678020599 404.650239952289 397.725663008075 1219.40858098096
2056000 417.182735716678 404.771618214281 397.986928947612 1219.94128287857
2057000 417.326756306176 404.984180182957 398.163816867411 1220.47475335654
2058000 417.507352795188 405.215795472926 398.39981414906 1221.12296241717
2059000 417.76139958675 405.354019001504 398.659423931953 1221.77484252021
2060000 417.81521448884 405.551498415671 398.640823081401 1222.00753598591
2061000 417.948161006549 405.835024041038 399.041517456358 1222.82470250394
2062000 418.120034698589 405.966365568812 399.199543948831 1223.28594421623
2063000 418.250868412661 406.211305753753 399.211981201258 1223.67415536767
2064000 418.375968338405 406.301520289778 399.348416587066 1224.02590521525
2065000 418.611743326066 406.46139433655 399.463743034245 1224.53688069686
2066000 418.654540406606 406.585318505314 399.611120621437 1224.85097953336
2067000 419.077363973365 406.778824668334 399.700163358208 1225.55635199991
2068000 419.283867450767 406.903751137767 399.843119347436 1226.03073793597
2069000 419.500106046687 407.13726204033 400.016529662085 1226.6538977491
2070000 419.668507209742 407.2833809055 400.302577401952 1227.25446551719
2071000 419.860515711442 407.479942389191 400.45147392322 1227.79193202385
2072000 419.930988470055 407.854867350791 400.593910800367 1228.37976662121
2073000 420.246267818973 408.001734704566 400.946263044723 1229.19426556826
2074000 420.488961712999 408.011791760442 401.086220442179 1229.58697391562
2075000 420.699142840823 408.273954871049 401.264645336392 1230.23774304826
2076000 420.856961492975 408.494900688938 401.460715929854 1230.81257811177
2077000 421.035800607188 408.602034534633 401.669021946692 1231.30685708851
2078000 421.313626281887 408.865343862729 401.824236793872 1232.00320693849
2079000 421.439665004136 409.039066651336 402.003165487499 1232.48189714297
2080000 421.523258329566 409.227630959559 402.160353046964 1232.91124233609
2081000 421.744513231754 409.341020475153 402.423613113728 1233.50914682063
2082000 422.119871625456 409.508640718989 402.584375984556 1234.212888329
2083000 422.407203304346 409.645726101203 402.852729936252 1234.9056593418
2084000 422.693233120493 410.072235839948 402.958995007398 1235.72446396784
2085000 422.735424971073 410.21739331447 403.089875893624 1236.04269417917
2086000 423.029832582627 410.325269222067 403.238080093475 1236.59318189817
2087000 423.107984537213 410.533642966985 403.514311441027 1237.15593894523
2088000 423.260762494078 410.732613652408 403.785995391639 1237.77937153813
2089000 423.38625755931 410.812282552648 404.062373741077 1238.26091385303
2090000 423.584249894376 410.964264544094 404.225793682849 1238.77430812132
2091000 423.810542943783 411.107246429725 404.302874716722 1239.22066409023
2092000 424.056584636387 411.33292559264 404.428408662823 1239.81791889185
2093000 424.131449855187 411.462668991572 404.508224649301 1240.10234349606
2094000 424.276701299218 411.782520720559 404.659708578182 1240.71893059796
2095000 424.468731356309 411.84071726351 404.926043581689 1241.23549220151
2096000 424.528434912508 412.124384677427 405.227598121923 1241.88041771186
2097000 424.667721611053 412.305909159145 405.407641435573 1242.38127220577
2098000 424.824990471284 412.534614691892 405.662459241528 1243.0220644047
2099000 425.226606175302 412.654107579703 405.868520749554 1243.74923450456
2100000 425.430848339396 412.964138858256 406.113755222914 1244.50874242057
2101000 425.564393929991 413.004643345996 406.168254909184 1244.73729218517
2102000 425.574469947526 413.147652586993 406.419403016586 1245.14152555111
2103000 425.724949987686 413.285194542622 406.659866083181 1245.67001061349
2104000 426.053833393652 413.464091697069 406.782116781914 1246.30004187263
2105000 426.19822583612 413.713103998368 406.79180596458 1246.70313579907
2106000 426.407493490449 413.859142379064 406.894895786736 1247.16153165625
2107000 426.468447599303 413.956157212006 407.176328891572 1247.60093370288
2108000 426.730551661983 414.100046539758 407.373208814764 1248.2038070165
2109000 426.912429194738 414.365618678696 407.628123516036 1248.90617138947
2110000 427.168914370794 414.525459359283 407.823257024813 1249.51763075489
2111000 427.497587886536 414.747880697957 407.984637077533 1250.23010566203
2112000 427.708015448677 414.750852364349 408.200657059328 1250.65952487235
2113000 427.923464554328 414.991144849869 408.29761191962 1251.21222132382
2114000 428.01961150261 415.246630002224 408.596310840559 1251.86255234539
2115000 428.46081831465 415.375909597026 408.733938734145 1252.57066664582
2116000 428.536137632038 415.51279551677 408.856461960506 1252.90539510931
2117000 428.784983463915 415.740594292997 409.054871659466 1253.58044941638
2118000 428.788441437085 416.002996282607 409.17764207571 1253.9690797954
2119000 428.938502903051 416.17036594233 409.329732147046 1254.43860099243
2120000 429.075098528527 416.450730764817 409.503758033368 1255.02958732671
2121000 429.229812055274 416.709881108078 409.844321310818 1255.78401447417
2122000 429.234630186915 416.952522519431 410.143771706579 1256.33092441292
2123000 429.585061761096 417.105104633199 410.399501829106 1257.0896682234
2124000 429.823768461549 417.287344143254 410.594295568043 1257.70540817285
2125000 429.876013726307 417.426776799677 410.765836245582 1258.06862677157
2126000 430.131237654792 417.672688107515 411.032112823647 1258.83603858595
2127000 430.478746209352 417.841119318681 411.229465178786 1259.54933070682
2128000 430.594905385923 418.079985722016 411.368488527171 1260.04337963511
2129000 430.822485005605 418.352896042809 411.54201316043 1260.71739420884
2130000 430.934600244488 418.359586280421 411.716835945344 1261.01102247025
2131000 431.34229637774 418.551532179443 411.880037211593 1261.77386576878
2132000 431.384229834068 418.64789092556 412.028135259974 1262.0602560196
2133000 431.550370755545 418.834662124274 412.185329252729 1262.57036213255
2134000 431.833922528753 419.08410559918 412.499221445754 1263.41724957369
2135000 432.049180115106 419.218727721579 412.669004850174 1263.93691268686
2136000 432.111930400817 419.585720008462 412.908897303427 1264.60654771271
2137000 432.370076252301 419.815888499369 412.975120094252 1265.16108484592
2138000 432.569042823023 420.023535466168 413.05317436235 1265.64575265154
2139000 432.794071597477 420.350514472955 413.249115221675 1266.39370129211
2140000 433.013214587309 420.349645159881 413.487974669605 1266.85083441679
2141000 433.164999126435 420.644661578312 413.654413981276 1267.46407468602
2142000 433.376942403425 420.795332995718 413.801913486286 1267.97418888543
2143000 433.582805001085 420.807336008314 414.110037083868 1268.50017809327
2144000 433.657354947698 421.010782750755 414.280706743763 1268.94884444222
2145000 433.959558685625 421.196977583662 414.427006820638 1269.58354308992
2146000 434.233684072366 421.428796834885 414.464988811764 1270.12746971901
2147000 434.335706718938 421.512894578127 414.665628205596 1270.51422950266
2148000 434.525544480692 421.78911914655 414.978561397002 1271.29322502424
2149000 434.617127693322 421.999929501055 415.32330613693 1271.94036333131
2150000 434.959088294172 422.245055787137 415.461340819492 1272.6654849008
2151000 434.898865543421 422.475878883502 415.815764124071 1273.19050855099
2152000 435.080132958552 422.749421994939 415.797892670434 1273.62744762392
2153000 435.232004866697 422.937699585299 416.228190481051 1274.39789493305
2154000 435.385561493712 423.133177715184 416.33635895306 1274.85509816196
2155000 435.580514168977 423.3322998952 416.495326735819 1275.4081408
2156000 435.775694810379 423.494062788487 416.705459331626 1275.97521693049
2157000 435.935555491189 423.651507257875 416.850491595728 1276.43755434479
2158000 436.021801877758 423.838081403516 417.11530575848 1276.97518903975
2159000 436.228863022181 424.203233906407 417.334842286578 1277.76693921516
2160000 436.438565992296 424.442504725191 417.445339115439 1278.32640983293
2161000 436.699250970545 424.616353259896 417.631454163965 1278.94705839441
2162000 436.837148973114 424.87984585138 417.875602760519 1279.59259758501
2163000 436.940030183556 425.057210061606 418.071953166048 1280.06919341121
2164000 437.190990050716 425.299876728328 418.280176707947 1280.77104348699
2165000 437.488642011832 425.471743962626 418.299018590992 1281.25940456545
2166000 437.573134661135 425.618333278461 418.498146114637 1281.68961405423
2167000 437.75916035232 425.760381817909 418.659390627751 1282.17893279798
2168000 437.951253725731 425.927714751121 418.783450048286 1282.66241852514
2169000 438.336107527221 426.183332161528 418.941644724157 1283.46108441291
2170000 438.552605390967 426.383246342368 419.185818984183 1284.12167071752
2171000 438.685303629329 426.44310072402 419.243520707726 1284.37192506108
2172000 438.861450688336 426.619758509201 419.552276742015 1285.03348593955
2173000 439.014107282511 426.872529743657 419.671652816613 1285.55828984278
2174000 439.237388212078 427.083985594673 419.698028811788 1286.01940261854
2175000 439.446099482373 427.300722958113 419.959276694017 1286.7060991345
2176000 439.705617021083 427.529493875409 420.094463660595 1287.32957455709
2177000 439.946891087792 427.5810626866 420.328229695641 1287.85618347003
2178000 440.056301068936 427.773009366299 420.472811903347 1288.30212233858
2179000 440.060767574758 427.933551823896 420.690897082715 1288.68521648137
2180000 440.29670642143 428.162543481354 420.652678003088 1289.11192790587
2181000 440.642811686992 428.364864422562 420.922762156358 1289.93043826591
2182000 440.764404467641 428.575458523813 421.042374267716 1290.38223725917
2183000 441.031329319957 428.776888388003 421.185472838399 1290.99369054636
2184000 441.181553653302 428.88903845599 421.235474829664 1291.30606693896
2185000 441.30828295937 429.16940618101 421.424010237881 1291.90169937826
2186000 441.631150593021 429.437491918563 421.629226669715 1292.6978691813
2187000 441.662531141576 429.712417273581 421.793117047201 1293.16806546236
2188000 441.739795555725 429.850512764575 421.867578780935 1293.45788710123
2189000 441.982076181717 430.09825970429 422.066809980221 1294.14714586623
2190000 442.099174752977 430.299576844908 422.343131043619 1294.74188264151
2191000 442.404901714792 430.423118010611 422.390629164807 1295.21864889021
2192000 442.526898609266 430.599436999521 422.69258789612 1295.81892350491
2193000 442.71996632733 430.950080397643 422.7897806775 1296.45982740247
2194000 442.849021605282 431.212766610266 423.010642454408 1297.07243066996
2195000 443.007044840806 431.420245857221 423.275270744278 1297.70256144231
2196000 443.301339544938 431.677206332066 423.441748792856 1298.42029466986
2197000 443.440207995313 431.754928904512 423.779510478841 1298.97464737867
2198000 443.714512686926 432.056515268903 423.85185961971 1299.62288757554
2199000 443.750483501802 432.182350410828 424.154635281059 1300.08746919369
2200000 444.078602140037 432.389165471617 424.271311994508 1300.73907960616
2201000 444.227292853691 432.385062639561 424.38028706918 1300.99264256243
2202000 444.367849816459 432.686153258186 424.526050129696 1301.58005320434
2203000 444.550389698545 432.946132486587 424.674997226856 1302.17151941199
2204000 444.764080283556 433.016533745757 424.846894457289 1302.6275084866
2205000 444.99755687979 433.21144486818 425.126645154581 1303.33564690255
2206000 445.135626377585 433.435476504182 425.351833178647 1303.92293606041
2207000 445.459983582539 433.582470999097 425.496142327286 1304.53859690892
2208000 445.636298693698 433.608530573665 425.700379871542 1304.9452091389
2209000 445.862689281765 433.82153805012 425.827638166986 1305.51186549887
2210000 445.953704680971 433.972841708384 425.982067060719 1305.90861345007
2211000 446.081412465624 433.970885043373 426.094687424846 1306.14698493384
2212000 446.441818647653 434.239643356122 426.332232242596 1307.01369424637
2213000 446.789743800612 434.371168328792 426.377813500104 1307.53872562951
2214000 446.856718332535 434.650615728816 426.390085607414 1307.89741966876
2215000 447.01238465071 434.933207471227 426.705457707096 1308.65104982903
2216000 447.246201858904 435.00242876374 426.781672604409 1309.03030322705
2217000 447.486963427276 435.259568751836 426.972513668867 1309.71904584798
2218000 447.5940560207 435.502700682072 427.077309962677 1310.17406666545
2219000 447.897285625347 435.686330725289 427.178054459064 1310.7616708097
2220000 448.047807284714 435.912322641067 427.476179645401 1311.43630957118
2221000 448.306700671415 436.051631930604 427.677581543606 1312.03591414563
2222000 448.530744687401 436.139925957006 427.806890931696 1312.4775615761
2223000 448.670061667032 436.324675326465 428.027011354979 1313.02174834848
2224000 448.83282875393 436.476583837373 428.203825339385 1313.51323793069
2225000 449.072818632685 436.765237374132 428.307271835697 1314.14532784251
2226000 449.31651590032 436.910574360581 428.447341755177 1314.67443201608
2227000 449.365585046672 437.074900261887 428.637882463365 1315.07836777192
2228000 449.75141572998 437.257773534554 429.042206620259 1316.05139588479
2229000 449.95839432237 437.485253781995 429.083042328753 1316.52669043312
2230000 450.119107987793 437.701155782666 429.332158739877 1317.15242251034
2231000 450.121376318261 437.891091063365 429.484279187034 1317.49674656866
2232000 450.22021444282 438.098423393096 429.640214330459 1317.95885216638
2233000 450.400607600636 438.246656660983 429.851853776712 1318.49911803833
2234000 450.658457698607 438.439786029654 429.978254118615 1319.07649784688
2235000 450.844905626307 438.643762770947 430.332301516953 1319.82096991421
2236000 451.143029543028 438.758378320715 430.40886541281 1320.31027327655
2237000 451.279592112629 438.994154687801 430.469739621788 1320.74348642222
2238000 451.607833528214 439.099178028468 430.864901401926 1321.57191295861
2239000 451.718336666174 439.380605397991 431.02384961554 1322.1227916797
2240000 452.026592724799 439.535808209405 431.177749913595 1322.7401508478
2241000 452.28310225148 439.766187501621 431.350073439624 1323.39936319272
2242000 452.336696169796 439.968687253718 431.579092902428 1323.88447632594
2243000 452.596360640956 440.26688762334 431.818972645617 1324.68222090991
2244000 452.749810220013 440.555671434689 431.919176588183 1325.22465824288
2245000 452.873080657402 440.769757614558 432.05295677792 1325.69579504988
2246000 453.057250993886 440.965774094245 432.506041335228 1326.52906642336
2247000 453.16830021785 441.152318140724 432.845736626065 1327.16635498464
2248000 453.362929850025 441.253455630775 432.842426911772 1327.45881239257
2249000 453.448330867012 441.216001351883 432.941831446137 1327.60616366503
2250000 453.52847061896 441.349582427615 433.19601039177 1328.07406343835
2251000 453.777479982863 441.360214678552 433.385112241694 1328.52280690311
2252000 453.949286500064 441.568050775288 433.468846362519 1328.98618363787
2253000 454.084452001954 441.995244520912 433.706537254463 1329.78623377733
2254000 454.22949910676 442.329574623908 433.749944878412 1330.30901860908
2255000 454.578900880777 442.413846409051 434.013365732046 1331.00611302187
2256000 454.770509001129 442.531430268311 434.161608840808 1331.46354811025
2257000 454.936121951857 442.87696186343 434.48356318868 1332.29664700397
2258000 455.176811484533 443.095180314699 434.601895155946 1332.87388695518
2259000 455.286876653134 443.161434612625 434.883794043796 1333.33210530956
2260000 455.443189251517 443.549034153225 435.140022968893 1334.13224637363
2261000 455.673671019507 443.66926502185 435.442102572469 1334.78503861383
2262000 455.939009961865 443.887034510756 435.612512981428 1335.43855745405
2263000 456.025380495334 443.945996625684 435.819745370022 1335.79112249104
2264000 456.278696438069 444.228910173328 435.970720484468 1336.47832709586
2265000 456.290130652385 444.377878614133 436.128066214603 1336.79607548112
2266000 456.526302412221 444.56680459973 436.399064003683 1337.49217101563
2267000 456.702952450201 444.649371018449 436.500919853126 1337.85324332178
2268000 456.862581179885 444.798276450837 436.654333226109 1338.31519085683
2269000 456.945736775246 444.990512904197 436.905669833364 1338.84191951281
2270000 457.10068284649 445.146907204357 437.027617366659 1339.27520741751
2271000 457.367795278529 445.34665953494 437.138285264422 1339.85274007789
2272000 457.533173042798 445.429531129985 437.36559578674 1340.32829995952
2273000 457.951237768077 445.662868280905 437.40258009566 1341.01668614464
2274000 457.903617197135 445.853773217914 437.615604562171 1341.37299497722
2275000 458.190563965289 446.103033422634 437.845132534945 1342.13872992287
2276000 458.447477876767 446.356099022058 438.025687924124 1342.82926482295
2277000 458.576549833329 446.510126349133 438.092729815022 1343.17940599748
2278000 458.812157391832 446.846803920631 438.371333789902 1344.03029510237
2279000 458.899478557453 446.999252654411 438.573034598828 1344.47176581069
2280000 459.318438969193 447.182520539147 438.636678540936 1345.13763804928
2281000 459.499039143175 447.45932476042 438.847053390424 1345.80541729402
2282000 459.647017511091 447.405029772876 439.071059703944 1346.12310698791
2283000 459.637422085588 447.577859706203 439.196347716466 1346.41162950826
2284000 459.833702984317 447.763539469618 439.296749661578 1346.89399211551
2285000 459.915643498578 448.029319711334 439.447353504925 1347.39231671484
2286000 460.143403920013 448.235559666196 439.612795173086 1347.99175875929
2287000 460.4066038793 448.285880744801 439.736418307416 1348.42890293152
2288000 460.468427002869 448.448869431389 439.78665467007 1348.70395110433
2289000 460.754536038899 448.57929821017 440.083816564656 1349.41765081373
2290000 461.068815227552 448.935742093727 440.237303755184 1350.24186107646
2291000 461.394224161602 449.105599623773 440.447102217844 1350.94692600322
2292000 461.374277189243 449.171660884685 440.605023278069 1351.150961352
2293000 461.833069128124 449.29357835379 440.667165926043 1351.79381340796
2294000 461.808475333826 449.454808069934 440.898441184784 1352.16172458854
2295000 462.072971117039 449.736943844606 441.110398007816 1352.92031296946
2296000 462.131821774954 449.831891517132 441.096858936368 1353.06057222845
2297000 462.328179778461 450.044478760903 441.336711996091 1353.70937053546
2298000 462.619917332704 450.346520700824 441.528372844577 1354.4948108781
2299000 462.709803120402 450.52313028581 441.817847125545 1355.05078053176
2300000 463.030034007272 450.641757917475 442.03072185158 1355.70251377633
2301000 463.241319507385 450.812759950385 442.237668326044 1356.29174778381
2302000 463.300856971849 450.964185836773 442.433118127104 1356.69816093573
2303000 463.407618144854 451.002341242009 442.434019526328 1356.84397891319
2304000 463.74650726728 451.221839551074 442.721612735718 1357.68995955407
2305000 463.828760481248 451.477031744042 443.044257686031 1358.35004991132
2306000 464.000551968913 451.628494714928 443.161944265408 1358.79099094925
2307000 464.264498698453 451.939123552897 443.208253389597 1359.41187564095
2308000 464.461155472951 452.172053233099 443.262345735063 1359.89555444111
2309000 464.477615267429 452.35313907113 443.44232589562 1360.27308023418
2310000 464.680412134742 452.675039893935 443.493142891849 1360.84859492053
2311000 464.926698420181 452.721168131187 443.637447567722 1361.28531411909
2312000 465.033343834989 453.012373313126 443.953426763738 1361.99914391185
2313000 465.17754617658 453.051180144564 444.098473297568 1362.32719961871
2314000 465.27537444569 453.222525876232 444.268175621016 1362.76607594294
2315000 465.561701526562 453.336095786448 444.573817093215 1363.47161440623
2316000 465.816406879385 453.536275395042 444.851332483753 1364.20401475818
2317000 465.946528950125 453.673155078084 445.012020843127 1364.63170487134
2318000 466.160622544316 453.894395347478 445.269451660008 1365.3244695518
2319000 466.375143294815 454.2233341177 445.569587852354 1366.16806526487
2320000 466.613088448497 454.510151069089 445.62522089236 1366.74846040995
2321000 466.716235406862 454.628309974341 445.779586556665 1367.12413193787
2322000 467.079288388832 454.784825866857 445.970787935902 1367.83490219159
2323000 467.241135768746 455.066310612673 446.278736119185 1368.5861825006
2324000 467.510103766878 455.265423073698 446.435120844104 1369.21064768468
2325000 467.642202589225 455.450775891583 446.550702594094 1369.6436810749
2326000 467.931530881329 455.774469811142 446.801694084634 1370.50769477711
2327000 468.119803954153 455.998140629395 447.017502098858 1371.13544668241
2328000 468.244895373983 456.038561967093 447.290810530877 1371.57426787195
2329000 468.450210300633 456.246248768507 447.533020989701 1372.22948005884
2330000 468.475643935538 456.554008108903 447.742513206658 1372.7721652511
2331000 468.758094834561 456.600081864792 447.721892434208 1373.08006913356
2332000 468.949623536746 456.844720331976 447.905977830104 1373.70032169883
2333000 469.054119069208 456.992671964854 448.050714150121 1374.09750518418
2334000 469.36037305332 456.996084754736 448.22642058033 1374.58287838839
2335000 469.438154864687 457.335969016587 448.340853661242 1375.11497754252
2336000 469.71710339515 457.481738039372 448.636178114358 1375.83501954888
2337000 469.867222375582 457.586630475566 448.900294553258 1376.35414740441
2338000 470.091235720557 457.812790615582 449.131745920935 1377.03577225707
2339000 470.27407168535 457.956305205147 449.27717110061 1377.50754799111
2340000 470.379583694535 458.321463060847 449.433016502897 1378.13406325828
2341000 470.441308420105 458.412691814784 449.654129687585 1378.50812992247
2342000 470.648368096593 458.594456220133 449.781739970312 1379.02456428704
2343000 470.715755929833 458.977596023599 450.014155333266 1379.7075072867
2344000 470.877885333818 459.065258890434 450.187608198904 1380.13075242316
2345000 471.141325898734 459.430011189236 450.433955508373 1381.00529259634
2346000 471.240507193272 459.607644832573 450.660334635859 1381.5084866617
2347000 471.206133611975 459.831852854442 450.76705023066 1381.80503669708
2348000 471.607296637995 459.956910672357 450.979118999929 1382.54332631028
2349000 471.733795377072 460.12976458388 451.01536678921 1382.87892675016
2350000 471.95635223205 460.320330535405 451.275180115005 1383.55186288246
2351000 472.155944104532 460.555568947252 451.481546202196 1384.19305925398
2352000 472.298707766974 460.781530157152 451.632484114479 1384.71272203861
2353000 472.464515300054 460.852804911054 452.027308342451 1385.34462855356
2354000 472.700697511525 461.17562216504 452.087259944226 1385.96357962079
2355000 472.837650338714 461.309738278904 452.238030345708 1386.38541896333
2356000 473.026496184361 461.353905303757 452.303348490394 1386.68374997851
2357000 473.305934167623 461.411128996534 452.521932570648 1387.2389957348
2358000 473.624428773605 461.70891062728 452.69459377793 1388.02793317881
2359000 473.835891742577 461.863665733986 453.019292923982 1388.71885040055
2360000 474.04055653525 462.134109559484 452.952515699175 1389.12718179391
2361000 474.192246159167 462.343277059552 453.22575372306 1389.76127694178
2362000 474.436399408427 462.584127763806 453.530603896076 1390.55113106831
2363000 474.617254263979 462.597176494004 453.655265633116 1390.8696963911
2364000 474.78145900187 462.860533968082 453.738946601935 1391.38093957189
2365000 474.974117603878 463.203514108165 453.996596731105 1392.17422844315
2366000 475.11619351787 463.362031831833 454.321378221008 1392.79960357071
2367000 475.395325187102 463.49953956474 454.459182883469 1393.35404763531
2368000 475.546002306389 463.683560229896 454.620721988151 1393.85028452444
2369000 475.693201285578 463.954530034054 454.768859836563 1394.4165911562
2370000 475.950001575687 464.221395086707 454.949420170363 1395.12081683276
2371000 476.036630888236 464.348245926652 455.180000506718 1395.56487732161
2372000 476.245966696664 464.568365724849 455.227909120225 1396.04224154174
2373000 476.388600744839 464.675361645104 455.395079849637 1396.45904223958
2374000 476.662492393322 464.966903821962 455.409148087977 1397.03854430326
2375000 476.824041625859 465.125652605541 455.609637812734 1397.55933204413
2376000 477.069700177846 465.313421105054 455.64376336512 1398.02688464802
2377000 477.33198050507 465.635667920979 455.893373015784 1398.86102144183
2378000 477.508676908919 465.832276704645 456.032306135351 1399.37325974891
2379000 477.79837289408 466.105135095343 456.266888941827 1400.17039693125
2380000 478.10673805363 466.274383401206 456.475171159916 1400.85629261475
2381000 478.234596213667 466.467806514139 456.692897588968 1401.39530031677
2382000 478.518676807767 466.47788127743 456.956026169186 1401.95258425438
2383000 478.476443520009 466.655709303652 457.231208692279 1402.36336151594
2384000 478.713268336669 466.696642290662 457.413834884538 1402.82374551187
2385000 478.79568413611 466.987413373722 457.61293251509 1403.39603002492
2386000 478.992481731958 467.040719908719 457.831856773012 1403.86505841369
2387000 479.170966648822 467.164472353105 458.014332519258 1404.34977152118
2388000 479.334161015345 467.404483490057 458.28089242098 1405.01953692638
2389000 479.535392623498 467.527963230069 458.449264989724 1405.51262084329
2390000 479.5694103864 467.798301796896 458.596822119168 1405.96453430246
2391000 479.80468833669 467.948715972035 458.607864883915 1406.36126919264
2392000 480.078123794145 468.049658008166 458.848905408189 1406.9766872105
2393000 480.23827982371 468.278520385641 459.147047581909 1407.66384779126
2394000 480.479890347114 468.283965931981 459.404984775579 1408.16884105467
2395000 480.607486322999 468.447215215966 459.363765055816 1408.41846659478
2396000 480.830873482834 468.600405795415 459.647673343543 1409.07895262179
2397000 481.016000469802 468.80861556667 459.894552464631 1409.7191685011
2398000 481.27960037055 468.855953008067 460.225949138159 1410.36150251678
2399000 481.564321048043 469.063867390742 460.427623223467 1411.05581166225
2400000 481.685987694547 469.213358230745 460.593555377324 1411.49290130262
2401000 481.912675289246 469.56972187871 460.85148469531 1412.33388186327
2402000 482.192301086728 469.852281875506 461.004260023315 1413.04884298555
2403000 482.33086011157 469.925593589596 461.062943835635 1413.3193975368
2404000 482.438101052984 470.306182287931 461.300547636219 1414.04483097713
2405000 482.675088853437 470.483280862752 461.489857254351 1414.64822697054
2406000 482.640906295194 470.812291866671 461.758637557453 1415.21183571932
2407000 482.78742971796 471.028312908014 461.834495696845 1415.65023832282
2408000 483.045650760089 471.27836487823 461.908919634 1416.23293527232
2409000 483.298594990375 471.362741424743 462.019222011471 1416.68055842659
2410000 483.585647269627 471.737097517031 462.280904197554 1417.60364898421
2411000 483.70718187771 471.812490691605 462.355334180917 1417.87500675023
2412000 483.896254787093 471.993329302909 462.507158702083 1418.39674279209
2413000 484.080067883545 472.208878681893 462.823167756413 1419.11211432185
2414000 484.262712808024 472.368799296877 463.137860337339 1419.76937244224
2415000 484.388220891594 472.625908026783 463.091198846664 1420.10532776504
2416000 484.579598849499 472.871685465642 463.232902418915 1420.68418673406
2417000 484.859319576637 473.046073533176 463.439083884106 1421.34447699392
2418000 485.051100999642 473.161885663506 463.754963660293 1421.96795032344
2419000 485.05951731953 473.220599256194 463.720047631409 1422.00016420713
2420000 485.347608231356 473.454591344696 463.889340426652 1422.6915400027
2421000 485.476116285833 473.749437112004 463.973224816844 1423.19877821468
2422000 485.875396806453 474.042769381024 464.278764825955 1424.19693101343
2423000 485.868796986693 474.264617472102 464.443614915966 1424.57702937476
2424000 486.274316572078 474.692927624406 464.556122801639 1425.52336699812
2425000 486.177592031513 474.607400038687 464.735140764725 1425.52013283493
2426000 486.350237954923 474.789734451894 464.921764456076 1426.06173686289
2427000 486.520451972841 474.921504786277 465.139031715766 1426.58098847488
2428000 486.754553230921 475.078785707661 465.379857563211 1427.21319650179
2429000 486.858978341089 475.306441933666 465.511688762132 1427.67710903689
2430000 486.989148673979 475.632865467875 465.620805420967 1428.24281956282
2431000 487.259604325661 475.834029049969 465.711792044812 1428.80542542044
2432000 487.514460327458 476.026181362835 466.018446122423 1429.55908781272
2433000 487.7189308834 476.295175278882 465.94053723149 1429.95464339377
2434000 487.874681930997 476.445302420902 466.174277715035 1430.49426206693
2435000 488.167086990312 476.55555498169 466.299314448158 1431.02195642016
2436000 488.227637799412 476.591726740951 466.527039947551 1431.34640448791
2437000 488.427850308979 476.606778042375 466.712788273306 1431.74741662466
2438000 488.571659630958 476.7659382223 466.867676226516 1432.20527407977
2439000 488.815735362512 476.905793873816 467.037682945894 1432.75921218222
2440000 488.971243012658 477.053883811717 467.199828830307 1433.22495565468
2441000 489.212151717917 477.373517795574 467.285003289871 1433.87067280336
2442000 489.337954308192 477.46407638784 467.57184474464 1434.37387544067
2443000 489.548723530082 477.62290290907 467.63601208346 1434.80763852261
2444000 489.853564396461 477.901990623337 468.125927428719 1435.88148244852
2445000 489.835285721095 478.039198785596 468.136041767783 1436.01052627447
2446000 490.141764320884 478.201612175988 468.375590430003 1436.71896692687
2447000 490.269834878676 478.483080058437 468.525120253733 1437.27803519085
2448000 490.271917356613 478.654022864119 468.71646423477 1437.6424044555
2449000 490.493813044494 478.859856233884 468.941426233813 1438.29509551219
2450000 490.71679805377 478.811595854448 469.197857086721 1438.72625099494
2451000 490.863390550378 479.068004494429 469.348149896035 1439.27954494084
2452000 491.215945353859 479.181397852315 469.293475046653 1439.69081825283
2453000 491.490837185322 479.340648212587 469.433332842135 1440.26481824004
2454000 491.750033060584 479.518788142761 469.756111125646 1441.02493232899
2455000 491.855477529522 479.551804105707 469.889770083628 1441.29705171886
2456000 492.111640373357 479.700884900406 470.086208365439 1441.8987336392
2457000 492.362040837771 479.866260790135 470.187757606694 1442.4160592346
2458000 492.502076397092 480.122027772163 470.410298358704 1443.03440252796
2459000 492.671655198493 480.262723693446 470.624246690721 1443.55862558266
2460000 492.751736685647 480.612399598361 470.794330566595 1444.1584668506
2461000 493.005298066032 480.710751078048 471.048499780076 1444.76454892416
2462000 493.016081445516 480.834591364984 471.231972331811 1445.08264514231
2463000 493.409744935122 481.208539447195 471.279493836526 1445.89777821884
2464000 493.506457229477 481.341810650216 471.463840846612 1446.3121087263
2465000 493.703823311657 481.53094470382 471.666973401097 1446.90174141657
2466000 494.009120034228 481.606377655529 471.904524864227 1447.52002255398
2467000 494.176545257129 481.789934670852 471.816440453854 1447.78292038183
2468000 494.483705171803 482.028833511634 471.855774526877 1448.36831321031
2469000 494.676662459823 482.22247839811 472.180553892901 1449.07969475083
2470000 494.74348041107 482.571159059444 472.1942235891 1449.50886305961
2471000 495.11583113336 482.744122724791 472.164585665851 1450.024539524
2472000 495.258346646963 483.067253651641 472.510213877579 1450.83581417618
2473000 495.576947079689 483.3901493162 472.506192098902 1451.47328849479
2474000 495.689412376266 483.496389897798 472.756214138566 1451.94201641263
2475000 495.820985621076 483.628577927168 473.017593182289 1452.46715673053
2476000 496.193194489931 484.024100376722 473.129090786091 1453.34638565274
2477000 496.372787359265 484.302442283169 473.367358929084 1454.04258857152
2478000 496.615422933394 484.54037541284 473.506055725029 1454.66185407126
2479000 496.809839984254 484.640830562132 473.580294092528 1455.03096463891
2480000 496.843868657117 484.852524176814 473.996434795724 1455.69282762965
2481000 497.224019591838 485.015667529023 474.096765983578 1456.33645310444
2482000 497.30594450179 484.926017352155 474.322217923127 1456.55417977707
2483000 497.676342718905 485.083936503591 474.479169765076 1457.23944898757
2484000 497.870534054739 485.344704899885 474.720787252268 1457.93602620689
2485000 498.178768490204 485.621168390904 474.885168853866 1458.68510573497
2486000 498.358057420915 485.860833222525 475.153937789685 1459.37282843313
2487000 498.533282127504 485.96163189591 475.217455711655 1459.71236973507
2488000 498.812900213277 486.077059436887 475.485415419289 1460.37537506945
2489000 499.043080123645 486.299917021762 475.660572223557 1461.00356936896
2490000 499.113721532271 486.630593138072 475.816897015462 1461.56121168581
2491000 499.202137291451 486.759036028711 475.877185140681 1461.83835846084
2492000 499.560168632189 486.798733271493 476.060912495923 1462.4198143996
2493000 499.672730698169 486.917390071238 476.348821470763 1462.93894224017
2494000 499.736890543394 487.050488153169 476.439304123105 1463.22668281967
2495000 500.041716875482 487.089684161468 476.678865188882 1463.81026622583
2496000 500.044632656139 487.375543418071 476.765722263306 1464.18589833752
2497000 500.212799559122 487.636190751901 477.061306278414 1464.91029658944
2498000 500.20994800301 487.730429323913 477.189181525928 1465.12955885285
2499000 500.363704471833 487.916464462637 477.219335477739 1465.49950441221
2500000 500.691002901903 487.956299586551 477.344851095905 1465.99215358436
2501000 500.796106878537 488.139135929901 477.605936878987 1466.54117968743
2502000 500.964467270794 488.423170305696 477.880336900141 1467.26797447663
2503000 501.119707442492 488.560080339667 477.993549551448 1467.67333733361
2504000 501.423167162787 488.779017890996 478.13124858414 1468.33343363792
2505000 501.852904741737 488.896470878327 478.298238460938 1469.047614081
2506000 501.858953446758 489.124749366435 478.547799496179 1469.53150230937
2507000 502.074734341378 489.384495194132 478.691641899855 1470.15087143537
2508000 502.266477313357 489.610707727997 478.890719879167 1470.76790492052
2509000 502.301779624066 489.753553699823 479.173867218015 1471.2292005419
2510000 502.371914256684 489.97030428453 479.311483592053 1471.65370213327
